Achtelky,49.185345,16.542756
Akátky,49.208634,16.64873
Antonína Procházky,49.193926,16.560528
Adamcova,49.218338,16.519954
Antonínská,49.203426,16.606796
Anthropos,49.193345,16.566013
Arbesova,49.225977,16.630652
"Brno, ÚAN Zvonařka",49.185397,16.615708
Bartákova,49.203984,16.678964
Barvičova,49.201118,16.575764
"Obřany, Babická",49.228066,16.65234
Bartolomějská,49.203599,16.489424
Bednářova,49.161902,16.61357
Bellova,49.194042,16.531232
Bělohorská,49.189951,16.662938
Bauerova,49.185782,16.574652
Běloruská,49.17059,16.581156
Bieblova,49.215971,16.615406
Bidláky,49.178442,16.606259
Bílá hora,49.194275,16.667629
Bílovická,49.232561,16.648627
Blažkova,49.230082,16.631032
Bohunická,49.16261,16.598627
Borodinova,49.196244,16.545492
Borovník,49.198485,16.499738
Bořetická,49.20141,16.658674
Bosonohy,49.176446,16.525653
Botanická,49.210704,16.597622
Bráfova,49.204972,16.56917
Branka,49.219368,16.547816
Brechtova,49.23375,16.629322
Brněnky,49.178866,16.675154
Burianovo náměstí,49.212378,16.578603
Buzkova,49.19415,16.641128
"Bystrc, přístav",49.230334,16.516066
Bzenecká,49.20597,16.66112
Celní,49.179358,16.595285
Cacovická,49.214376,16.638163
Čápkova,49.203434,16.593136
Čejkovická,49.200336,16.66216
Čermákova,49.164342,16.565102
Černého,49.213984,16.52295
Černohorská,49.258708,16.571388
Černovická terasa I,49.171508,16.673293
Černovická terasa II,49.167728,16.675694
Černovická,49.176878,16.627324
Černovické nábřeží,49.180623,16.62986
Černovičky,49.18322,16.668363
Čertova rokle,49.226399,16.623268
Červený kopec,49.182091,16.587995
Červený písek,49.220474,16.657375
"Kr. Pole, Červinkova",49.225029,16.582866
Česká,49.197929,16.606006
Čtvery hony,49.22588,16.645263
Čtvrtě,49.178319,16.56233
Dělnický dům,49.195559,16.649869
Depo ČD,49.214862,16.652828
Díly,49.25425,16.574421
Dětská nemocnice,49.202932,16.61883
Divišova čtvrť,49.223599,16.613037
Dobrovského,49.21806,16.58765
Dohnalova,49.25039,16.618338
Dolní Heršpice,49.152198,16.621592
Drážní,49.167392,16.685454
Drdy,49.209414,16.492426
Dunajská,49.169155,16.55608
"Dvorska, smyčka",49.14339,16.707244
Erbenova,49.209515,16.615701
Dvůr v lese,49.125693,16.633448
"Bystrc, Ečerova",49.218242,16.509265
Elplova,49.210446,16.674988
Edisonova,49.22828,16.576461
Ericha Roučky,49.175227,16.669237
Faměrovo náměstí,49.176871,16.640466
Filipova,49.217714,16.52519
Filkukova,49.24388,16.581656
Firkušného,49.230636,16.604634
Fillova,49.229226,16.616896
Fügnerova,49.219976,16.619348
Gajdošova,49.198483,16.645774
Francouzská,49.202906,16.626037
Geislerova,49.192638,16.63479
Glinkova,49.193913,16.544278
Glocova,49.151188,16.659329
Grohova,49.202993,16.59749
Gruzínská,49.166484,16.585881
Hájecká,49.17466,16.641766
Halasovo náměstí,49.223382,16.622508
Hamerláky,49.23634,16.603766
Hanácká,49.147098,16.667018
"Lesná, Haškova",49.233657,16.624466
Havránkova,49.15766,16.621496
Heinrichova,49.200413,16.584511
Heleny Malířové,49.223344,16.62939
Helenčina,49.206864,16.486008
Heršpická,49.170364,16.59963
Hlaváčova,49.229189,16.648819
Hlavní,49.216778,16.560244
Hladíkova,49.187274,16.62586
Hlavní nádraží,49.191412,16.612607
Hluboká,49.175552,16.5962
Hněvkovského,49.168875,16.626798
Holandská,49.180817,16.605066
Högrova,49.228628,16.604414
Holásky,49.143345,16.650765
Holzova,49.1948,16.696964
Horácké náměstí,49.247766,16.582362
Holásecká,49.147592,16.661368
Horská,49.221613,16.57949
Horní Heršpice,49.166686,16.61655
Horníkova,49.211974,16.676556
Hoštická,49.173694,16.528538
Houbalova,49.205854,16.674029
"Hrad Veveří, přístaviště",49.258186,16.463154
Hrnčířská,49.210437,16.602748
Hudcova,49.235496,16.587256
Humenná,49.167776,16.573016
Husitská,49.223614,16.594592
Hutařova,49.226182,16.588378
Hviezdoslavova,49.181913,16.67664
Hybešova,49.189266,16.603113
Schodová,49.206602,16.612234
Chaloupky,49.222913,16.556764
Charvatská,49.219391,16.59238
"Chrlice, smyčka",49.126699,16.654897
"Chrlice, nádraží",49.131978,16.656924
Chvalovka,49.214852,16.499799
Chrlická,49.14413,16.665114
Chrlické náměstí,49.135613,16.65352
"Ivanovice, Globus",49.262808,16.57799
Ivanovické náměstí,49.153348,16.653773
Janáčkovo divadlo,49.198081,16.61017
Jandáskova,49.255828,16.5899
Jarní ČD,49.220582,16.652824
Jehnice,49.271378,16.595778
Jemelkova,49.173248,16.548706
Jílkova,49.196001,16.636897
Jezerní,49.140706,16.616994
Jindřichova,49.213196,16.583044
Jiránkova,49.188203,16.634752
"Líšeň, Jírova",49.209219,16.687734
Jírovcova,49.188047,16.534331
Jugoslávská,49.204541,16.62396
Juliánov,49.196208,16.654629
Jundrov,49.211751,16.55065
Jundrovský most,49.210068,16.557459
Jundrovská,49.211889,16.560144
"Jundrov, hřiště",49.204662,16.560121
Vozovna Komín,49.213719,16.559676
Jungmannova,49.22097,16.5965
Kamechy,49.215696,16.495309
Kamenice,49.177702,16.573062
Kamenný vrch,49.17983,16.54776
Kamenolom,49.221926,16.536894
Kampelíkova,49.197448,16.581192
Kavčí,49.216644,16.500684
Karlova,49.213006,16.64359
Karolíny Světlé,49.20316,16.693878
Kartouzská,49.216824,16.598987
"Soběšice, Klarisky",49.257047,16.622602
Kejbaly,49.174527,16.582149
Kleštínek,49.26943,16.595956
Klicperova,49.202451,16.688124
Kluchova,49.183244,16.563262
Klusáčkova,49.212134,16.59277
Kociánka,49.225774,16.601808
"Kohoutovice, hájenka",49.196467,16.531181
Kohoutovická,49.207006,16.497999
Kolejní,49.230641,16.57191
Komárov,49.175308,16.621643
Komenského náměstí,49.197069,16.602171
"Komín, sídliště",49.226918,16.553423
"Komín, smyčka",49.216183,16.556125
Konečného náměstí,49.204679,16.595509
Koniklecová,49.176526,16.558783
Konopná,49.179771,16.621537
Kopce,49.20547,16.509312
Körnerova,49.198216,16.619724
Kořískova,49.239392,16.58502
Kosmonautů,49.167065,16.567734
Košuličova,49.164637,16.61005
Kotlanova,49.209856,16.681364
Kovářská,49.184725,16.621782
Kounicovy koleje,49.207752,16.583217
Kouty,49.264601,16.56513
"Kozí horka, přístaviště",49.234641,16.508315
Králova,49.211297,16.583386
Královka,49.256043,16.586381
"Královo Pole, nádraží",49.230183,16.59582
Královopolská strojírna,49.224012,16.607284
Krásného,49.190552,16.649729
Krejčího,49.177588,16.691202
Krematorium,49.172493,16.587641
Kristenova,49.22102,16.554302
Kroměřížská,49.178648,16.688698
Kronova,49.25131,16.588596
Křehlíkova,49.174816,16.685206
Křídlovická,49.185434,16.602473
Křivánkovo náměstí,49.20703,16.487556
Křížkovského,49.187366,16.587192
Kšírova,49.171538,16.615758
Kubelíkova,49.21207,16.698811
Kubíčkova,49.221263,16.519844
Kuldova,49.201308,16.634428
Kulkova,49.211699,16.648437
Kupkova,49.236324,16.62768
Kurská,49.169458,16.553604
K terminálu,49.161508,16.612183
Květná,49.193384,16.576691
Kyjevská,49.16859,16.550404
Labská,49.171374,16.559226
Langrova,49.179933,16.680926
Laštůvkova,49.220337,16.525608
Lerchova,49.198722,16.583664
"Lesná, nádraží",49.220368,16.628544
Lesní,49.185528,16.5647
Lesní školka,49.263118,16.625941
Letiště - logistický areál,49.156576,16.698581
Letiště - služební vstup,49.155635,16.691132
Lesnická,49.212767,16.617747
Letiště Tuřany,49.15483,16.692439
Letovická,49.245894,16.587594
Letecká,49.197708,16.695849
Libušina třída,49.197798,16.54865
Libušino údolí,49.195704,16.555314
Lipová,49.191545,16.576234
Lísky,49.219896,16.549074
"Líšeň, hřbitov",49.217477,16.702717
Líšeňská,49.19758,16.665216
Loosova,49.231972,16.619445
Macháčkova,49.206113,16.70193
Mácova,49.265805,16.569125
Makovského náměstí,49.217902,16.576709
Malá Klajdovka,49.19913,16.662908
Malá,49.149332,16.621834
Malinová,49.25931,16.623807
Malečkova,49.185748,16.692664
Malinovského náměstí,49.195541,16.613774
Maloměřický most,49.21536,16.643229
Mariánské náměstí,49.176336,16.622844
Mariánské údolí,49.203325,16.716159
Marie Pujmanové,49.198196,16.573544
Maříkova,49.259325,16.579787
Masarova,49.206997,16.677557
Náměstí Míru,49.202138,16.581754
Masná,49.191177,16.625683
"Mečkov, přístaviště",49.261144,16.454898
Medlánky,49.240507,16.5737
"Medlánky, škola",49.238314,16.578217
Mendlovo náměstí,49.190306,16.593807
Merhautova,49.214918,16.627558
Mikulčická,49.178346,16.684273
Mikulovská,49.205906,16.665328
"Líšeň, Mifkova",49.207263,16.692381
Mírová,49.1765,16.632395
Modřická,49.137918,16.616374
Mojmírovo náměstí,49.226032,16.59734
Modřická cihelna,49.137391,16.603426
Mokrá Hora,49.258258,16.593655
Molákova,49.212738,16.686949
Moravanská,49.14275,16.602546
Moravanské lány,49.149447,16.6014
Moravské náměstí,49.199416,16.608437
Mostecká,49.206962,16.627356
Moskalykova,49.231517,16.608142
Mozolky,49.213616,16.574845
Mošnova,49.196198,16.640931
Mutěnická,49.20347,16.654842
Muzeum dopravy,49.201411,16.694502
Myslivecký stadion,49.241075,16.609296
Myslivna,49.187665,16.552102
Myslivní,49.190456,16.543482
Na kovárně,49.25382,16.620526
Nadační,49.245169,16.570704
NC Královo Pole,49.21757,16.6071
Nálepkova,49.208794,16.55232
Náměstí 28. dubna,49.225751,16.531631
Náměstí 28. října,49.201004,16.613792
Náměstí Karla IV.,49.206545,16.694702
Náměstí Republiky,49.211073,16.633854
Náměstí Svobody,49.195661,16.608003
Náměstí Svornosti,49.215382,16.582495
Nemocnice u sv. Anny,49.191497,16.59903
Nemocnice Bohunice,49.176234,16.567522
Nemocnice Milosrdných bratří,49.183691,16.595021
Nerudova,49.206274,16.595414
Neumannova,49.19659,16.577965
Vozovna Husovice,49.208658,16.630046
Novomoravanská,49.153104,16.600346
Nové sady,49.190169,16.609214
Nové sady - smyčka,49.189634,16.606862
Novolíšeňská,49.201852,16.670414
OC Futurum,49.155242,16.598908
Obecká,49.21441,16.701682
Obilní trh,49.198122,16.597846
Oblá,49.177499,16.552706
Obřanská - u školy,49.222716,16.644771
Obřanský most,49.22739,16.649366
"Obřany, sídliště",49.235584,16.644343
Olbrachtovo náměstí,49.224699,16.558583
Olomoucká - u školy,49.186303,16.652718
Olšanského,49.244294,16.577498
Ondrouškova,49.217593,16.517246
Optátova,49.20872,16.555587
Ořechovská,49.156838,16.599868
Ořešín,49.276419,16.606646
Ořešínská,49.273454,16.599796
Osová,49.168957,16.565724
Otakara Ševčíka,49.195016,16.646108
Palackého vrch,49.224173,16.573374
Palackého náměstí,49.250828,16.581838
Pálavské náměstí,49.205873,16.657823
Pavlíkova,49.194724,16.583
Panská lícha,49.245186,16.62482
Pavlovská,49.18976,16.531177
Pionýrská,49.207723,16.604443
Pluháčkova,49.275,16.60418
Pisárky,49.193724,16.570114
Pod dálnicí,49.163526,16.555281
Podbělová,49.213965,16.681522
Pod Jurankou,49.199163,16.566294
Podkomorská,49.225484,16.513572
Pod nemocnicí,49.172375,16.56952
Podlesí,49.21876,16.54232
Pod Mniší horou,49.227402,16.534252
Pod Tuřankou,49.173121,16.675222
Podlomní,49.192374,16.655178
Podolská,49.200873,16.715946
Podsednická,49.209072,16.645704
Podnikatelská,49.227371,16.576366
Pod Trnůvkou,49.257728,16.481484
Podstránská,49.187131,16.666511
Podveská,49.217615,16.558598
Podzimní,49.221612,16.653014
Poliklinika Lesná,49.222462,16.625658
Popelova,49.15666,16.64661
Poříčí,49.187296,16.594572
Pratecká,49.146272,16.68143
Pražákova,49.162778,16.602639
Pražská,49.173478,16.531543
Preslova,49.199369,16.570643
Prodloužená,49.151762,16.647696
Proškovo náměstí,49.220018,16.643342
Provazníkova,49.214494,16.623938
Prušánecká,49.208886,16.663417
Přemyslovo náměstí,49.176372,16.68731
Příjezdová,49.261837,16.569462
Přístaviště,49.228231,16.522304
Přívrat,49.218597,16.573847
"Přízřenice, smyčka",49.14428,16.621157
Přízřenice,49.145202,16.620114
Raisova,49.181997,16.562512
Ráječek,49.1611,16.637814
Reissigova,49.216255,16.604041
Rakovec,49.227805,16.508536
"Bystrc, Rakovecká",49.226049,16.518757
Revoluční,49.149762,16.662448
Renčova,49.246955,16.575106
Ríšova,49.206684,16.481219
Riviéra,49.187416,16.571518
Rolencova,49.145211,16.655319
Rosického náměstí,49.214727,16.568532
"Rokle, přístaviště",49.248437,16.493926
Rotreklova,49.206567,16.68501
Roviny,49.127846,16.681374
Rozárka,49.254287,16.622674
Rozhraní,49.155776,16.592203
Ruda,49.220526,16.502696
Rybkova,49.206076,16.593384
Řečkovice,49.247143,16.579164
Rozcestí,49.285676,16.631799
"Řečkovice, hřbitov",49.253379,16.582412
"Řečkovice, nádraží",49.250891,16.59019
Říčanská,49.21857,16.497466
Řezáčova,49.226292,16.555472
Řípská,49.173322,16.682044
Psychiatrická nemocnice,49.185546,16.636912
Sadová,49.234032,16.604326
Sazenice,49.172877,16.623824
Semilasso,49.228076,16.59313
Skácelova,49.221527,16.585279
Skalní,49.17424,16.536133
Skály,49.265416,16.456877
Skrejš,49.262076,16.59535
"Slatina, nádraží",49.169622,16.682352
"Slatina, rozcestí",49.182407,16.691907
"Slatina, sídliště",49.181876,16.690302
Slatinka,49.164924,16.68889
"Slatina, závod",49.168586,16.678345
Slavíčkova,49.225954,16.617936
Slovanské náměstí,49.222986,16.591408
Smetanova,49.20159,16.601968
Sokolnická,49.131433,16.683993
Sokolské koupaliště,49.244213,16.506676
Sokolova,49.166469,16.626354
Soukenická,49.188466,16.606896
Soukopova,49.199044,16.57889
Spáčilova,49.188646,16.641256
Spojovací,49.211936,16.586668
Sportovní,49.212118,16.607154
Srbská,49.228165,16.586996
Stamicova,49.19483,16.539663
Stará dálnice,49.199295,16.517112
Stará nemocnice,49.173574,16.577339
Stará osada,49.202304,16.641929
Staré Černovice,49.169957,16.647909
Staré letiště,49.184967,16.659274
Starý Lískovec,49.171189,16.554169
Stránská skála,49.191852,16.673998
Stránská skála,49.19272,16.677384
Stránského,49.211946,16.56854
Strážní,49.177983,16.603133
Strnadova,49.205788,16.668752
Sušilova,49.204372,16.598724
Svah,49.165062,16.567843
Svatopetrská,49.1823,16.621599
Svatoplukova,49.2051,16.641425
Svážná,49.173476,16.553444
Svratecká,49.218243,16.553765
Šelepova,49.213347,16.596037
Šárka,49.191438,16.545825
Šilingrovo náměstí,49.192077,16.604799
Šimáčkova,49.209487,16.696101
Škrobárenská,49.182874,16.626291
Šmahova,49.171448,16.685105
Škroupova,49.192004,16.647978
Špačkova,49.190872,16.659172
Štefánikova,49.215332,16.59914
Šromova,49.13387,16.650872
Štefánikova čtvrť,49.217376,16.628083
Štěpánkova,49.251442,16.623214
Štouračova,49.215221,16.521682
Šumavská,49.213805,16.600721
Švermova,49.169424,16.574277
Tábor,49.210458,16.586331
Talichova,49.191569,16.529872
Technologický park,49.231561,16.576901
Technická,49.22336,16.57835
Tererova,49.215782,16.589206
Textilní kombinát,49.181803,16.637916
Tkalcovská,49.200033,16.626022
Technické muzeum,49.228326,16.58219
Těžební,49.182303,16.656836
Točná,49.164752,16.561586
Tomanova,49.207932,16.620361
Tomkovo náměstí,49.213709,16.636449
Tomáškova,49.199245,16.631698
Tovární,49.133331,16.673614
Tranzitní plynovod,49.174108,16.522723
Traťová,49.163736,16.595604
Trávníčkova,49.20442,16.625658
Tržní,49.189743,16.630806
"Tuřany, smyčka",49.141816,16.666903
Tvrdého,49.196633,16.593629
Tylova,49.231775,16.589714
U buku,49.276364,16.630347
U kotvy,49.241663,16.501716
U hřiště,49.166649,16.558851
"Kníničky, U Luhu",49.239168,16.530091
U památníku,49.235978,16.527994
U rozvodny,49.240862,16.627351
U tunýlku,49.222795,16.61756
U viaduktu,49.138999,16.660428
U jezírka,49.270534,16.629047
Údolíček,49.20666,16.64432
Univerzitní kampus,49.17797,16.567382
Univerzitní kampus - sever,49.179331,16.569806
Ukrajinská,49.170504,16.585116
Ústřední hřbitov,49.171553,16.597658
Ústř. hřbitov - smyčka,49.164732,16.598275
Útěchov,49.288628,16.630576
Útěchovská,49.247237,16.616106
Úvoz,49.198674,16.59379
Uzavřená,49.19677,16.63339
Uzbecká,49.172258,16.583346
Úzká,49.189473,16.613707
V aleji,49.147844,16.648605
V rejích,49.139252,16.654914
V Újezdech,49.241921,16.573179
Václavská,49.188698,16.597048
Valašská,49.166732,16.56286
Vaňkovo náměstí,49.195119,16.585619
Velatická,49.204474,16.707573
Velká Klajdovka,49.217042,16.681069
Velodrom,49.184651,16.579918
Venhudova,49.212318,16.625038
Veslařská,49.202758,16.565
Vědeckotechnický park,49.2326,16.574806
"Veverská Bítýška, přístaviště",49.275836,16.456717
Vinohradská,49.172746,16.645529
Vítězná,49.147113,16.672104
Vlastimila Pecha,49.179565,16.662574
Vlárská,49.180836,16.673012
Vlčkova,49.141064,16.701285
Vlčnovská,49.21108,16.659982
Vlhká,49.191849,16.619066
Vlkova,49.20267,16.667936
Vltavská,49.172571,16.564402
Vojtova,49.183194,16.600908
Vondrákova,49.221374,16.528614
Voříškova,49.196478,16.535088
Vozovna Medlánky,49.235516,16.585908
Vozovna Slatina,49.183026,16.672487
Vrázova,49.216972,16.568484
Všetičkova,49.198698,16.589046
Vyhlídalova,49.16526,16.57693
Vychodilova,49.220318,16.571604
Výletní,49.191648,16.53919
Výstaviště - hlavní vstup,49.189498,16.585793
Výstaviště - vstup G2,49.190382,16.580067
Wollmanova,49.222192,16.522638
Za křížem,49.159435,16.670794
Vojenská nemocnice,49.201949,16.630439
Za hřbitovem,49.164318,16.591448
Zahradníkova,49.207958,16.599068
Záhřebská,49.219819,16.579715
Záhumenice,49.164024,16.618158
Zaoralova,49.200302,16.679144
Zámecká,49.132647,16.642677
Zdráhalova,49.20952,16.623795
Zelný trh,49.193027,16.609925
Zemědělská,49.210591,16.618513
Zetor - silnice,49.20077,16.670376
Zetor - smyčka,49.199449,16.670426
Zimní I,49.213186,16.658794
Zimní II,49.213409,16.655937
Zimní stadion,49.2093,16.609648
"Bystrc, ZOO",49.227773,16.531579
Zvonařka,49.187384,16.619903
"Žebětín, hřbitov",49.204634,16.487304
Žebětínský rybník,49.21532,16.493586
"Žebětín, škola",49.207416,16.492246
Žebětínská,49.195204,16.5363
Železniční stavitelství,49.216966,16.654196
"Židenice, nádraží",49.203548,16.636382
Židovský hřbitov,49.191436,16.641394
"Židenice, kasárna",49.208502,16.64233
Žilkova,49.25261,16.575758
Žitná,49.240088,16.588411
Životského,49.1906,16.634283
Žlutý kopec,49.195259,16.58778
Electroworld,49.154535,16.629288
Ikea,49.156262,16.627906
Avion Shopping Park,49.15827,16.627949
Dolní nádraží,49.183234,16.615723
Expres Znojmo,48.851908,16.056983
Expres Brno,49.185531,16.616317
Brno - Černovice,49.188984,16.631233
Brno - Horní Heršpice,49.167404,16.60686
Spešov,49.393878,16.630693
"Spešov, horní část",49.39406,16.62594
Lipůvka,49.338913,16.552761
"Lipůvka, ZŠ",49.338142,16.558029
Svinošice,49.333298,16.574451
"Svinošice, náves",49.334372,16.576197
"Šebrov-Kateřina, Sv. Kateřina",49.330247,16.614367
"Šebrov-Kateřina, Šebrov",49.328891,16.598355
"Vavřinec, Nové Dvory",49.381264,16.712819
"Vavřinec, Suchdol",49.391377,16.717568
"Vavřinec, Veselice",49.395137,16.713123
Milonice,49.36808,16.565709
Závist,49.374632,16.572812
"Kunštát, Touboř, rozcestí",49.497688,16.489758
"Kunštát, Újezd",49.50691,16.539206
Makov,49.518297,16.484328
"Makov, hájenka",49.517438,16.477055
Nýrov,49.527963,16.536341
Zbraslavec,49.484485,16.528109
"Zbraslavec, rozcestí k závodu",49.489828,16.523142
"Zbraslavec, závod Best",49.489404,16.522813
Hodonín u Kunštátu,49.501284,16.409916
Tasovice,49.496425,16.440405
"Tasovice, rozcestí",49.511078,16.435412
Okrouhlá,49.508335,16.732441
"Okrouhlá, horní konec",49.510832,16.738122
"Újezd u Černé Hory, SPD",49.378226,16.556024
Újezd u Černé Hory,49.3704,16.544608
"Boskovice, Šmelcovna",49.48833,16.691848
"Boskovice, Hrádkov",49.489347,16.70287
"Boskovice, Vratíkov",49.496974,16.710415
"Sebranice, Vaculka",49.494876,16.588099
"Sebranice, ALPS",49.491081,16.588721
"Blansko, Písečná, hotel Probe",49.354507,16.653087
"Kanice, archiv",49.250645,16.704253
"Brno, Na Spáleništi",49.243873,16.713933
"Ochoz u Brna, kamenolom",49.253999,16.753389
"Ochoz u Brna, myslivna pod Hádkem",49.2517,16.764203
"Ochoz u Brna, Na pastýřkách",49.251093,16.733769
"Ochoz u Brna, příhon",49.254627,16.746378
"Ochoz u Brna, restaurace U Votrubů",49.255852,16.732638
"Ochoz u Brna, rozcestí Kanice",49.262329,16.729613
"Ochoz u Brna, Říčky, rozc.",49.245586,16.724876
"Ochoz u Brna, ObÚ",49.254283,16.736972
"Bílovice nad Svitavou, UP závody",49.250448,16.67738
"Bílovice nad Svitavou, u kapličky",49.24842,16.674345
Kanice,49.264053,16.713886
"Kanice, koupaliště",49.260693,16.70841
"Kanice, škola",49.264457,16.711083
Řícmanice,49.257062,16.693207
"Řícmanice, u lomu",49.258378,16.701651
"Řícmanice, u skály",49.253507,16.680573
"Řícmanice, Na Štukách",49.254554,16.685904
"Bílovice nad Svitavou, Na Nivách",49.242468,16.65817
"Bílovice nad Svitavou, hřbitov",49.245226,16.66803
"Bílovice n/S, žel.st.",49.243059,16.673976
"Bílovice nad Svitavou, náměstí",49.246771,16.67254
"Babice nad Svitavou, dolní zastávka",49.279869,16.694012
"Babice n/S., horní.zast.",49.284359,16.69698
"Březina, jeskyně Výpustek",49.291428,16.726978
"Březina, Lhotky, rozcestí 1.7",49.286848,16.764426
"Březina, u pomníku",49.282012,16.754153
"Březina, Táborská",49.281478,16.749272
"Březina, u sokolovny",49.28416,16.759465
"Bukovinka, Pindula",49.295128,16.796592
Bukovina,49.297528,16.772977
"Bukovina, rozcestí 2.0",49.290291,16.763768
"Bukovina, škola",49.29808,16.775843
Bukovinka,49.293166,16.805062
Habrůvka,49.302742,16.723657
"Habrůvka, Josefov",49.308362,16.690512
"Adamov, Stará huť",49.306628,16.677588
"Křtiny, hájovna Na lukách",49.318617,16.744597
"Křtiny, Dělnická čtvrť",49.302159,16.743308
"Křtiny, kino",49.294592,16.747538
"Křtiny, pivovar",49.292333,16.75651
"Křtiny, obecní úřad",49.29701,16.743809
"Adamov, Karlov",49.306675,16.665753
"Adamov, závod",49.30339,16.650323
"Adamov, ž.s. točna",49.292238,16.670122
"Adamov, žel. st.",49.295632,16.663277
"Adamov, železniční zastávka",49.301497,16.649317
"Adamov III, točna",49.28975,16.662247
"Adamov, Adamov III",49.291236,16.663963
"Adamov, Kolonka",49.292452,16.666482
"Adamov, obchodní dům",49.301899,16.652118
"Adamov, Horka",49.300851,16.658047
"Horka, točna",49.302925,16.655013
Lažany,49.353978,16.550992
"Lažany, rozcestí Újezd",49.359462,16.554464
"Březina, škola",49.281931,16.750376
"Kotvrdovice, horní konec",49.35399,16.786858
"Kotvrdovice, ObÚ",49.355177,16.784182
"Kotvrdovice, žleb",49.356753,16.782577
"Krásensko, rozcestí 1.0",49.368567,16.818525
Krásensko,49.365116,16.829078
"Krásensko, ZD",49.360273,16.831087
"Kotvrdovice, rozcestí Krasová",49.356501,16.776081
Lipovec,49.382805,16.807698
"Lipovec, horní konec",49.37908,16.812818
"Lipovec, kravín",49.386168,16.810772
"Lipovec, točna",49.388997,16.80223
"Senetářov, Chemoplast",49.348627,16.811914
"Senetářov, Jednota",49.351367,16.806697
"Senetářov, MŠ",49.354867,16.804213
Skalní Mlýn,49.3636,16.708253
"Jedovnice, Chaloupky",49.339842,16.747774
"Jedovnice, gar.ČAD",49.34764,16.761251
"Jedovnice, náměstí",49.343278,16.754642
"Jedovnice, pila",49.331892,16.739983
"Jedovnice, Újezd",49.339426,16.748598
Krasová,49.361398,16.767632
"Krasová, dolní konec",49.358998,16.764543
"Olomučany, dolní konec",49.337113,16.666925
"Olomučany, horní konec",49.325477,16.677109
"Olomučany, restaurace",49.329918,16.672347
"Olomučany, škola",49.33313,16.66991
"Olomučany, točna",49.322893,16.67993
"Ostrov u Macochy, Balcarka",49.377199,16.757568
"Ostrov u Macochy, Jednota",49.382005,16.766531
Ostrov u Mac. léčebna,49.379492,16.761712
"Ostrov u M., u ryb.",49.378859,16.764366
Rudice,49.337428,16.725183
"Rudice, rozcestí 2.0",49.344647,16.735222
Vilémovice,49.361242,16.746443
"Vilémovice, Macocha rozc. 2.0",49.371431,16.746444
"Blansko, Kaufland",49.370152,16.642519
"Blansko, průmyslová zóna",49.377279,16.642138
"Blansko, Svitavská",49.359251,16.642955
"Blansko, rozvodna, točna",49.350642,16.644909
"Blansko, Synthon",49.353642,16.641533
"Blansko, aut. st.",49.353663,16.646745
"Blansko, Brněnská",49.357865,16.639015
"Blansko, Čelakovského",49.366449,16.648607
"Blansko, Češkovice, chatová oblast",49.379412,16.682008
"Blansko, Češkovice",49.377118,16.675243
"Blansko, DSB sl.",49.356875,16.684215
"Blansko, ČKD nová hala",49.353313,16.673467
"Blansko, Klepačov, U kapličky",49.343191,16.660455
"Blansko, ČKD ředitelství",49.349692,16.65633
"Blansko, ČKD strojírna",49.353165,16.66937
"Blansko, ČKD Orlík",49.35241,16.68256
"Blansko, Dolní L.",49.384352,16.632894
"Blansko, Dolní Lhota, škola",49.381918,16.63151
"Blansko, Dvorská",49.365367,16.644965
"Blansko, Erbenova",49.358538,16.656593
"Blansko, Horní L.",49.384052,16.647172
"Blansko, Hořice",49.356217,16.623013
"Blansko, hřbitov",49.366969,16.65182
"Blansko, Klepačov",49.341605,16.665548
"Blansko, Klepačov, spodní část",49.345348,16.657631
"Blansko, Lažánky, kamnárna",49.352402,16.702037
"Blansko, Lažánky, Márovky",49.350688,16.693005
"Blansko, Lažánky, škola",49.351732,16.711995
"Blansko, Lažánky",49.350878,16.707342
"Blansko, Mánesova",49.367788,16.644849
"Blansko, pošta",49.355879,16.64971
"Blansko, Metra 2",49.372116,16.641276
"Blansko, Masarykova",49.352598,16.651733
"Blansko, Bezručova",49.370592,16.645941
"Blansko, Na Žižlavici",49.363702,16.681912
"Blansko, Náměstí Míru",49.358057,16.651959
"Blansko, náměstí Republiky",49.361613,16.644347
"Blansko, náměstí Svobody",49.364868,16.644157
"Blansko, Obůrka",49.376198,16.690512
"Blansko, Okružní",49.374403,16.653057
"Blansko, Olešná",49.339436,16.637241
"Blansko, Písečná",49.354667,16.656703
"Blansko, Písečná",49.35508,16.654007
"Blansko, Podlesí",49.359574,16.661079
"Blansko, Poliklinika",49.360943,16.652416
"Blansko, Poříčí",49.362451,16.641309
"Blansko, přehrada",49.360375,16.692937
"Blansko, rozcestí Klepačov",49.346355,16.650873
"Blansko, Sadová",49.359287,16.658128
"Blansko, Seifertova",49.362427,16.645358
"Blansko, Sever",49.368885,16.655202
"Blansko, Supermarket Albert",49.353288,16.649513
"Blansko, Těchov",49.368004,16.695261
"Blansko, Těchov, MŠ",49.368022,16.690073
"Lipovec, škola",49.38406,16.808073
"Blansko, ul. 9. května",49.357038,16.656638
Zborovce,49.37277,16.65012
"Holštejn, rozc. 2.0",49.395312,16.770218
Holštejn,49.406067,16.777873
Kulířov,49.378768,16.84694
"Lipovec, Marianín",49.389672,16.838365
Nové Sady,49.408905,16.901903
"Rozstání, čekárna Na stráni",49.396277,16.848742
"Rozstání, křižovatka",49.397094,16.836995
"Rozstání, obchod",49.397512,16.84477
Studnice,49.375665,16.879715
"Studnice, Odrůvky",49.394387,16.882099
"Šošůvka, Na Bráně",49.413965,16.756121
"Šošůvka, rozcestí 1.0",49.401761,16.751483
"Šošůvka, obecní úřad",49.410268,16.752199
Bukovice,49.407422,16.488207
"Bukovice, rozc.",49.414123,16.492185
"Rašov, dolní konec",49.416108,16.448608
"Rašov, hostinec",49.41561,16.454468
Zhoř,49.415077,16.48026
Sloup,49.415453,16.739635
"Sloup, Nová čtvrť",49.413691,16.735348
Vavřinec,49.402771,16.72031
Kuničky,49.43406,16.683617
Petrovice,49.413973,16.700938
"Rájec-Jestřebí, Holešín",49.428315,16.654862
"Doubravice, zahradnictví",49.431636,16.632933
"Rájec-Jestřebí, Jestřebí",49.410975,16.617053
"Rájec-Jestřebí, Karolín",49.407715,16.670517
"Rájec-Jestřebí, Karolín, rozc.1.0",49.414345,16.682047
"Rájec-Jestřebí, Komenského",49.415884,16.63234
"Rájec-Jestřebí, lékárna",49.407568,16.632147
"Rájec-Jestřebí, MKZ",49.403442,16.632571
Rájec-Jestřebí nám.,49.410979,16.639284
"Rájec-Jestřebí, pošta",49.406178,16.637668
Rájec-Jestřebí ž.s.,49.408793,16.627341
"Rájec-Jestřebí, Lenčov, křiž.",49.421088,16.665752
Ráječko,49.395252,16.642927
Žďár,49.421052,16.698148
Bořitov,49.422598,16.590117
"Bořitov, sokolovna",49.419892,16.589843
"Bořitov, ZD",49.424088,16.582656
"Brťov-Jeneč, obecní úřad",49.413778,16.517202
"Brťov-Jeneč, Jeneč",49.41111,16.507692
"Brťov-Jeneč, Na Návsi",49.414708,16.513961
"Černá Hora, Na kopci",49.410358,16.580818
"Černá Hora, nám.",49.414722,16.582284
"Černá Hora, Na Škrku",49.41475,16.571891
Lubě,49.396479,16.528379
"Žernovník, obecní úřad",49.407095,16.545576
"Žernovník, pod Horkou",49.411055,16.557176
"Rašov, rozc. 1.0",49.439178,16.467531
Malá Lhota,49.391597,16.550408
Býkovice,49.429568,16.535336
Žerůtky,49.440563,16.536595
"Býkovice, nákupní středisko Hrnčíř",49.430158,16.538692
Dlouhá Lhota,49.428423,16.510978
"Žernovník, Hasičský dům",49.404762,16.544333
"Rozstání, křižovatka Baldovec",49.397253,16.837974
Vysočany,49.431882,16.810942
"Vysočany, Housko",49.430718,16.798257
Brumov,49.461759,16.426718
"Brumov, dolní konec",49.458362,16.431693
"Brumov, rozcestí 0.5",49.455091,16.43577
Osiky,49.45658,16.421352
"Osiky, rozcestí",49.446017,16.431717
"Osiky, točna",49.454918,16.422437
"Doubravice, nám.",49.434979,16.629459
"Doubravice, ZD 0.3",49.43955,16.62644
"Doubravice nad Svitavou, žel.st.",49.440452,16.622388
Jabloňany,49.466338,16.604952
Lhota Rapotina,49.465343,16.625225
"Lhota Rapotina, točna",49.466137,16.624646
Obora,49.452277,16.604263
"Obora, Hutě",49.449435,16.595437
Újezd u Boskovic,49.463678,16.655392
"Újezd u Boskovic, lom",49.453692,16.642022
Drnovice,49.468642,16.541195
"Drnovice, hor.zast.",49.46788,16.534243
"Drnovice, rozc.0.5",49.468238,16.533202
"Lysice, Perná",49.44743,16.574607
"Lysice, pohostinství",49.452366,16.537888
"Drnovice, rozcestí Kunice",49.472532,16.532808
"Lysice, Brněnská",49.44959,16.546482
"Lysice, škola",49.456988,16.538306
"Lysice, Štěchovská",49.450982,16.527408
"Lysice, výzkum",49.456417,16.556818
Štěchov,49.451959,16.506836
Bedřichov,49.461608,16.46575
"Brumov, rozc.3.0",49.465681,16.456082
Černovice,49.483054,16.424926
Kozárov,49.443447,16.458255
Kunčina Ves,49.447553,16.476239
"Niva, čekárna",49.444099,16.852823
"Otinoves, obecní úřad",49.421283,16.871167
Drahany,49.434565,16.89917
Bousín,49.455042,16.889737
Benešov,49.508993,16.767662
"Benešov, Pavlov",49.510633,16.7809
"Benešov, Pavlov, Dvůr",49.51534,16.791413
"Benešov, škola",49.510317,16.776693
"Benešov, ZD střed",49.503434,16.764196
Buková,49.508883,16.830467
"Buková, horní zastávka",49.511758,16.824548
Kořenec,49.530331,16.755271
"Kořenec, hor.zast.",49.529072,16.760588
"Kořenec, točna",49.531797,16.749272
"Okrouhlá, Melkov, rozc.2.0",49.53474,16.728412
Protivanov,49.482344,16.8369
"Protivanov, dol.zast.",49.48737,16.837736
"Protivanov, hor.zast.",49.480137,16.836125
"Protivanov, pila",49.476104,16.826375
"Protivanov, tábor Metra",49.471394,16.814908
Ludíkov,49.45582,16.732787
"Ludíkov, rozc.0.5",49.45822,16.737061
Němčice,49.446616,16.713523
"Němčice, Jednota",49.450262,16.717968
"Němčice, Dendera",49.451719,16.720388
Suchý,49.481303,16.76194
"Suchý, u rybníka",49.487335,16.76129
Valchov,49.471395,16.719147
"Valchov, rozc.",49.471588,16.719758
Velenov,49.486975,16.732297
Žďárná,49.468497,16.754933
"Boskovice, průmyslová zóna",49.496579,16.642359
"Žďárná, horní zastávka",49.468553,16.761956
"Žďárná, škola",49.468172,16.760707
"Boskovice, 17. list.",49.489585,16.661817
"Boskovice, Kaufland",49.49056,16.64198
"Boskovice, aut.st.",49.491592,16.653139
"Boskovice, Boženy Němcové",49.493585,16.666403
"Boskovice, Gagarinova",49.484847,16.67519
"Boskovice, hřbitov",49.493698,16.677302
"Boskovice, Hybešova 25",49.489517,16.66621
"Boskovice, Hybešova 55",49.487828,16.671618
"Boskovice, Komenského",49.48951,16.655473
"Bosk., Kosmonautů",49.485878,16.673002
"Boskovice, Kras",49.491675,16.657418
"Boskovice, Ludvíka Vojtěcha",49.484998,16.681002
"Boskovice, Lidická",49.487012,16.665368
"Boskovice, Mánesova",49.484955,16.644376
"Boskovice, Mladkov",49.490615,16.619263
"Boskovice, Mladkov, pekárna",49.490321,16.615458
"Boskovice, nemocnice",49.491648,16.644472
"Boskovice, Pod Oborou",49.486997,16.653119
"Boskovice, Podhradí",49.483863,16.666407
"Boskovice, Podlesí",49.482291,16.685418
"Boskovice, Sokolská",49.49097,16.660723
"Boskovice, STS",49.494318,16.647548
"Boskovice, Suš. ZŠ II",49.486201,16.663522
"Boskovice, Svat.Čecha",49.492133,16.66902
"Boskovice, školní statek",49.498839,16.665738
"Boskovice, U Kapličky",49.483205,16.673843
"Boskovice, v údolí",49.478417,16.650883
Chrudichromy,49.502565,16.63396
"Jabloňany, rozc.",49.474603,16.594418
Krhov,49.463333,16.58325
"Krhov, Pohodlí",49.462461,16.575173
"Krhov, rozc. 1.0",49.468313,16.584207
"Sebranice, horní zast.",49.498804,16.569252
"Sebranice, u pošty",49.496763,16.575394
"Skalice nad Svitavou, ACHP",49.482556,16.599617
"Skalice n/S, žel.st.",49.480316,16.608974
"Svitávka, bytovky",49.509934,16.615209
"Svitávka, MŠ",49.500869,16.600843
"Svitávka, náměstí",49.502962,16.595598
"Svitávka, Podhradí",49.508032,16.599474
"Svitávka, Sasina",49.51374,16.585419
"Svitávka, U labutě",49.50776,16.585721
"Voděrady, hor.zast.",49.479458,16.558265
"Voděrady, nám.",49.480946,16.560205
"Kunštát, U Bílého kříže",49.502952,16.523785
Hluboké u Kunštátu,49.495687,16.472747
"Kunštát, kult.dům",49.506329,16.524172
"Kunštát, nám.",49.507218,16.518176
"Kunštát, Rudka",49.520422,16.514495
"Kunštát, Rudka, hotel",49.516992,16.510802
"Kunštát, Rudka, Na samotě",49.526268,16.520565
"Kunštát, Rudka, prodejna",49.520395,16.512147
"Kunštát, Sychotín",49.503769,16.509598
"Kunštát, Sychotín, Grafitárna",49.508925,16.498938
"Kunštát, Touboř",49.492955,16.495338
"Horní Štěpánov, Nové Sady",49.558674,16.799326
"Horní Štěpánov, Pohora",49.56121,16.755417
"Horní Štěpánov, toč.",49.547154,16.789813
"Bačov, rozc.",49.52298,16.64315
"Knínice, Městečko",49.539509,16.6942
"Knínice, horní zastávka",49.539652,16.702808
"Letovice, Alb.Krejčího",49.545781,16.58555
"Letovice, náměstí",49.547019,16.572063
"Letovice, Borová",49.578215,16.558556
"Letovice, Havírna",49.561698,16.57903
"Letovice, Havírna rozcestí",49.561325,16.573375
"Knínice, U Nádraží",49.53488,16.689404
"Letovice, Jasinov",49.537627,16.530525
"Letovice, Kladoruby",49.55524,16.608133
"Letovice, Kochov",49.564555,16.611283
"Letovice, Kovošrot",49.557232,16.576095
"Letovice, Letostroj I",49.55486,16.575637
"Letovice, Letostroj II",49.5692,16.563411
"Letovice, Meziříčko",49.565837,16.556512
"Letovice, Meziříčko, dol.konec",49.561093,16.568512
"Novičí, rozc.",49.58411,16.591507
"Letovice, papírny",49.549632,16.566906
"Letovice, Podolí",49.530597,16.617394
"Letovice, přehrada",49.553448,16.556195
"Letovice, Slatinka",49.575185,16.570358
"Letovice, Třebětín",49.558122,16.589022
"Letovice, Třebětín, rozc.",49.558322,16.58323
"Letovice, Tylex",49.535323,16.57919
"Letovice, Tylex jíd.",49.536972,16.580704
"Letovice, Tyršova park.",49.543073,16.572313
"Letovice, u hřiště",49.543523,16.57139
"Letovice, u školy",49.544002,16.58357
"Letovice, Zábludov",49.540562,16.546412
"Letovice, Zboněk",49.523978,16.585142
"Letovice, žel.st.",49.557181,16.571328
Míchov,49.525262,16.613995
Pamětice,49.548285,16.646305
"Pamětice, samota",49.547017,16.641407
"Skrchov, točna",49.580142,16.552832
Sudice,49.529338,16.669178
"Sudice, samota",49.517825,16.664367
"Sudice, Semíč",49.51399,16.678513
"Sudice, zast.",49.525527,16.66957
Šebetov,49.549173,16.709912
"Skrchov, rozc.I",49.580147,16.551469
"Skrchov, rozc.II",49.579143,16.553808
"Šebetov, myslivna",49.544052,16.73393
"Šebetov, na Křižnicích",49.536554,16.724218
"Šebetov, u pily",49.554964,16.698653
"Šebetov, u zámku",49.544337,16.71737
Vážany,49.530412,16.686022
Vísky,49.535672,16.62412
"Vísky, u školy",49.54121,16.628907
Vranová,49.553098,16.524654
"Vranová, rozc.0.2",49.556572,16.528542
"Vranová, samota",49.55551,16.536349
Crhov,49.544699,16.436252
"Hodonín u Kunštátu, rozcestí",49.519298,16.441355
Křtěnov,49.546783,16.419988
Lhota u Olešnice,49.542987,16.390853
Louka,49.527897,16.430135
"Louka, Loucký Dvůr",49.532593,16.420752
"Louka, Karlov",49.515151,16.412635
"Olešnice, Lamberk",49.569197,16.409317
"Olešnice, nám.",49.557881,16.422294
"Olešnice, u lávky",49.554382,16.422187
"Olešnice, závod",49.551247,16.420538
Petrov,49.533803,16.489012
"Petrov, rozc. 1.0",49.536579,16.499728
Prosetín,49.526242,16.395115
"Prosetín, rozcestí",49.523515,16.413892
"Rozseč nad Kunštátem, Horničí",49.537493,16.4561
"Rozseč nad Kunštátem, rozcestí",49.528047,16.46396
Rozsíčka,49.552504,16.467263
"Rozsíčka, U lípy",49.556027,16.474998
Sulíkov,49.546555,16.491536
"Sulíkov, dolní zast.",49.543152,16.490049
"Sulíkov, Vřesice",49.547288,16.503893
Horní Štěpánov,49.54946,16.790815
"Horní Štěpánov, u rybníka",49.553242,16.792962
Rozseč nad Kunštátem,49.525618,16.462825
"Rozseč nad Kunštátem, hájenka",49.521122,16.451018
"Letovice, Babolky",49.58961,16.579372
"Horní Štěpánov, rozcestí Skřípov",49.573763,16.793177
"Letovice, Lhota u Letovic",49.536524,16.563714
Kunice,49.479561,16.491608
Lhota u Lysic,49.46854,16.495952
"Brněnec, Mor.Chrastová, žel.st.",49.621111,16.525278
"Lysice, škola točna",49.457263,16.536873
"Lysice, Záoboří",49.465888,16.518342
Borotín,49.583038,16.676638
"Brněnec, Chrastová Lhota",49.611199,16.532323
"Mor.Chrastová, pošta",49.621767,16.52634
Cetkovice,49.578028,16.721211
"Cetkovice, MŠ",49.579756,16.723792
"Cetkovice, žel.st.",49.588256,16.704873
Deštná,49.613558,16.564775
"Deštná, Rumberk",49.609132,16.563768
"Letovice, Dolní Smržov",49.59073,16.556445
"Letovice, Dolní Smržov, Jednota",49.59868,16.55645
"Letovice, Chlum",49.593702,16.59544
"Rozhraní, Vilémov",49.594594,16.538958
"Rozhraní, železniční zastávka",49.603242,16.53188
Stvolová,49.589613,16.543348
Světlá,49.565448,16.718135
Uhřice,49.596328,16.735359
"Uhřice, točna",49.594158,16.734925
Vanovice,49.567448,16.66557
"Vanovice, Drválovice",49.565667,16.649975
"Vanovice, zastávka",49.56451,16.671064
"Velké Opatovice, Bezděčí",49.606324,16.615755
"Velké Opatovice, Bezděčí, rozcestí",49.605642,16.608354
"Velké Opatovice, Svárov",49.591675,16.618658
"Bohuňov, náves",49.598122,16.464154
Horní Poříčí,49.586696,16.477384
Kněževes,49.585679,16.420402
"Kněževes, rozc.1.0",49.582283,16.418832
"Kněževes, Veselka",49.578012,16.449327
Křetín,49.563107,16.504359
"Křetín, Dolní Poříčí",49.566043,16.509985
"Křetín, škola",49.561985,16.500255
Lazinov,49.565158,16.521766
"Lazinov, točna",49.564708,16.527658
Prostřední Poříčí,49.571628,16.491496
"Prostřední Poříčí, host.u Dvořáků",49.576725,16.485474
Ústup,49.564672,16.465055
Nyklovice,49.604472,16.347493
Rovečné,49.577878,16.363352
"Rovečné, rozcestí",49.58781,16.371897
"Velké Tresné, rozc.",49.582988,16.384702
"Úsobrno, hostinec",49.59245,16.761761
"Úsobrno, závod",49.58495,16.765969
"Úsobrno, nové domy",49.579562,16.770024
"Úsobrno, pila",49.59681,16.761827
Horní Smržov,49.617102,16.57726
"Horní Smržov, Jednota",49.618461,16.581972
"Jaroměřice, rest.",49.625363,16.751822
"Jaroměřice, rozcestí",49.611643,16.735587
"Jaroměřice, u hřiště",49.627601,16.746418
"Jevíčko, nám.",49.632649,16.711559
"Jevíčko, uhelné sklady",49.630228,16.729527
Malá Roudka,49.602052,16.646302
"Malá Roudka, rozc.0.5",49.601828,16.6473
"Malá Roudka, Skočova Lhota",49.606455,16.650608
Roubanina,49.615422,16.593686
"Roubanina, Roubanská",49.614983,16.608969
"Slatina, Na Červené",49.624497,16.60445
"Slatina, náves",49.630246,16.607803
"Velké Opatovice,a.s.",49.610978,16.673748
"Velké Opatovice, Brťov",49.617423,16.640337
"Velké Opatovice, Korbelova Lhota",49.617058,16.622961
"Velké Opatovice, sídliště",49.614268,16.679106
"Velké Opatovice, Velká Roudka",49.596382,16.658592
"Velké Opatovice, Zádvoří",49.610633,16.664929
"V. Opatovice, závod",49.6117,16.685485
"Bystré, městský úřad",49.628215,16.34728
"Jevíčko, stř.ČSAD",49.628988,16.711722
"Slatina, rozc.I",49.623876,16.612817
"Slatina, rozc.II",49.623525,16.613954
"Březina, rozc.",49.65112,16.61972
"Jaroměřice, Nový Dvůr",49.605428,16.762193
"Jaroměřice, Nadevsí",49.623045,16.756738
"Březová nad Svitavou, stolárna",49.638606,16.52019
"Březová n/S, nám.",49.645113,16.517187
"Březová n/S., ž.s.",49.63418,16.519565
"Slatina, u hasičárny",49.62918,16.607972
"Velké Opatovice, rozcestí",49.614778,16.681521
"Česká, Hlavní",49.281169,16.565213
"Česká, křižovatka",49.28294,16.565352
"Česká, Nádavky",49.27456,16.567823
"Česká, UP závody",49.288799,16.561525
"Česká, žel.st.",49.284536,16.567763
"Jinačovice, Chaloupky",49.264602,16.527256
Jinačovice,49.267725,16.527344
"Kuřim, golfové hřiště",49.278706,16.526126
"Kuřim, škola Jungmannova",49.304197,16.528445
"Kuřim, fara",49.296795,16.526584
"Kuřim, rozcestí 2.0",49.317856,16.551692
"Kuřim, Díly pod Sv. Jánem",49.296906,16.547684
"Podlesí, Pramen",49.305115,16.557422
"Kuřim, kulturní dům",49.307694,16.531809
"Kuřim, Prefa",49.318358,16.546958
"Podlesí, rozc.",49.305558,16.554872
"Kuřim, TOS",49.31341,16.540412
"Kuřim, poliklinika",49.309782,16.534662
"Kuřim, TE",49.314359,16.547182
"Kuřim, zámek",49.29735,16.524288
"Kuřim, Prefa rozcestí",49.316222,16.54848
"Kuřim, sokolovna",49.298166,16.539216
Moravské Knínice,49.293165,16.503428
"Moravské Knínice, Podhájí",49.292659,16.477428
"Rozdrojovice, Na dědině",49.25517,16.510942
"Rozdrojovice, Obecnice",49.252937,16.512518
"Rozdrojovice, rekreační středisko",49.248168,16.519248
"Rozdrojovice, rozcestí přehrada",49.250282,16.515923
"Kuřim, žel.st.",49.300553,16.534106
"Rozdrojovice, Na Březině",49.254364,16.516596
"Lelekovice, náves",49.291232,16.578953
"Lelekovice, škola",49.290028,16.575464
"Lelekovice, u Hrazdírů",49.287462,16.572706
"Lelekovice, u kříže",49.290172,16.587318
"Vranov, hřbitov",49.30578,16.622561
"Vranov, křižovatka",49.31023,16.612362
"Vranov, myslivna",49.308411,16.621848
"Vranov, smyčka",49.311112,16.612
"Brno, Hrad Veveří",49.254541,16.461517
"Brno, Jelenice",49.25071,16.485159
"Brno, Kozí horka",49.236499,16.504572
"Brno, Lávka Pod Hradem",49.259788,16.464922
"Brno, Obora",49.255526,16.476006
"Brno, Rokle",49.245682,16.496135
"Čebín, náměstí",49.312885,16.47745
"Čebín, rozcestí",49.312802,16.48469
"Čebín, sídliště",49.316846,16.474095
"Čebín, vápenka",49.318149,16.491675
"Čebín, žel.st.",49.319596,16.465897
"Drásov, Siemens",49.32729,16.476888
"Drásov, most",49.337675,16.480024
"Drásov, náměstí",49.332017,16.478214
"Malhostovice, náměstí",49.333385,16.501989
"Malhostovice, Nuzířov",49.343685,16.521873
"Malhostovice, rozcestí",49.331455,16.498112
"Brno, Nové Dvory",49.251482,16.45032
"Brno, U Matky Boží",49.254192,16.453256
Chudčice,49.287531,16.456819
"Chudčice, Delník",49.292692,16.454401
"Chudčice, na hrázi",49.283035,16.455596
"Veverská Bítýška, přístav",49.275418,16.452167
"Veverská Bítýška, Vápenice",49.244957,16.44598
Hvozdec,49.247071,16.426336
"Veverská Bítýška, hájovna Na Hlince",49.25153,16.429154
"Veverská Bítýška, rozcestí Mečkov",49.26105,16.443674
"Vev. Bítýška, nám.",49.276043,16.436098
"Veverská Bítýška, sídliště",49.269902,16.433448
Březina,49.321472,16.422928
Heroltice,49.311648,16.412858
"Heroltice, rozcestí",49.319203,16.416328
Hluboké Dvory,49.382973,16.514133
"Hradčany, železniční stanice",49.333304,16.438159
Hradčany,49.328232,16.441969
"Lomnička, obecní úřad",49.367903,16.429825
"Lomnička, u Hamru",49.365984,16.425075
"Předklášteří, obecní úřad",49.352526,16.403233
"Předklášteří, papírna",49.351218,16.408248
"Předklášteří, Zetor šroubárna",49.363236,16.396185
Rohozec,49.390107,16.482793
Sentice,49.314147,16.45297
"Sentice, obecní úřad",49.311867,16.44775
"Sentice, rozcestí",49.323873,16.457293
"Skalička, hostinec",49.358295,16.514417
"Skalička, chaloupky",49.357481,16.521578
"Štěpánovice, rozcestí",49.359322,16.399662
"Tišnov, čerpací stanice",49.34211,16.420103
"Tišnov, Hájek, Stanovisko rozcestí",49.364978,16.453314
"Tišnov, Hájek, rozcestí",49.372833,16.465503
"Tišnov, Jamné",49.375989,16.46768
"Tišnov, Kukýrna",49.353011,16.426172
"Tišnov, Nádražní",49.344912,16.422168
"Tišnov, náměstí",49.349435,16.423238
"Tišnov, Pejškov",49.316552,16.378515
"Tišnov, Riegrova",49.349942,16.424945
"Tišnov, sídliště Klucanina",49.340373,16.432865
"Tišnov, Trnec",49.336299,16.441128
"Tišnov, žel.st.",49.34684,16.419153
Unín,49.382742,16.492227
Vohančice,49.321844,16.394478
"Vohančice, Závist",49.334312,16.400098
"Všechovice, rozcestí",49.35369,16.496828
"Železné, obec",49.360132,16.450265
"Železné, u Vitaru",49.356568,16.443518
Braníškov,49.294719,16.342831
"Lažánky, hotel",49.281054,16.391306
"Lažánky, Holasice, rozcestí",49.276392,16.405497
Lažánky,49.278741,16.388185
"Lažánky, šachty",49.280904,16.373445
Maršov,49.28342,16.360229
"Maršov, Vobůrka",49.28448,16.354984
"Tišnov, Lomnická",49.355382,16.428726
"Tišnov, Rybníček",49.343079,16.42962
Borač,49.400717,16.360932
"Borač, Vrby",49.396655,16.365591
"Lomnice, Brusná, rozcestí",49.39256,16.408758
"Lomnice, Řepka",49.386294,16.412417
"Dolní Loučky, hájenka",49.349228,16.347
"Dolní Loučky, Chytálky, rozcestí",49.345551,16.341482
"Dolní Loučky, Mezihoří",49.36063,16.361338
"Dolní Loučky, Střemchoví",49.36206,16.369694
"Dolní Loučky, šk.",49.361609,16.354143
"Dolní Loučky, železniční stanice",49.357389,16.347245
"Horní Loučky, obecní úřad",49.366992,16.341324
Kaly,49.377835,16.352718
"Kaly, Zahrada, rozcestí",49.37211,16.364934
Kuřimské Jestřabí,49.345121,16.312082
Kuřimská Nová Ves,49.344115,16.298895
"Lomnice, internát",49.411482,16.419356
"Lomnice, nám.",49.403439,16.414087
"Lomnice, škola",49.40094,16.408116
"Lomnice, Družstevní",49.41019,16.408294
Ochoz u Tišnova,49.427442,16.393607
"Pernštejnské Jestřabí, Jilmoví, rozcestí",49.393997,16.329382
"Pernštejnské Jestřabí, rozcestí",49.401448,16.323877
"Řikonín, žel.st.",49.365663,16.307352
Skryje,49.392942,16.311338
"Skryje, Arka a.s.",49.380247,16.317942
"Skryje, Boudy",49.384268,16.312363
"Skryje, rozcestí",49.373298,16.315118
Strhaře,49.435563,16.436468
"Strhaře, rozcestí",49.426007,16.426024
"Strhaře, Žleby, kamenolom",49.43956,16.42595
"Strhaře, Žleby, pila",49.429936,16.428152
Synalov,49.432263,16.41387
"Synalov, rozcestí",49.420153,16.398867
Šerkovice,49.385972,16.429794
"Štěpánovice, h.k.",49.378987,16.379521
"Štěpánovice, obecní úřad",49.372419,16.388198
Tišnovská Nová Ves,49.383768,16.293142
"Tišnovská Nová Ves, rozcestí",49.367938,16.318267
Újezd u Tišnova,49.365685,16.323372
"Újezd u Tišnova, závod",49.361347,16.331313
"Žďárec, Ostrov",49.374226,16.279618
"Deblín, myslivna",49.3117,16.32996
"Deblín, ObÚ",49.320404,16.345811
"Deblín, Pod cihelnou",49.322102,16.350949
"Deblín, zemědělské družstvo",49.318813,16.337792
Katov,49.332765,16.280015
Křižínkov,49.324868,16.26985
Lubné,49.353712,16.27528
"Nelepeč, Žernůvka",49.333125,16.387765
Níhov,49.342059,16.258953
"Níhov, žel.st.",49.335893,16.269655
"Kuřimská Nová Ves, Prosatín, rozcestí",49.33912,16.294157
"Svatoslav, hájenka",49.311658,16.315907
"Svatoslav, horní konec",49.304095,16.312546
"Svatoslav, obecní úřad",49.301606,16.308603
Úsuší,49.334512,16.3557
"Úsuší, Čížky",49.32803,16.366757
Štěpánovice,49.374444,16.388056
"Borač, žel. st.",49.400144,16.366389
Prudká zastávka,49.419194,16.367361
Běleč,49.433229,16.3843
"Běleč, dolní konec",49.428424,16.37596
"Běleč, Křeptov",49.440602,16.378132
"Doubravník, náměstí",49.424575,16.351759
"Doubravník, Prudká, rozcestí",49.421984,16.370048
"Doubravník, železniční stanice",49.427615,16.352198
Drahonín,49.413092,16.277102
Olší,49.421758,16.291287
"Olší, Klokočí, rozcestí",49.412668,16.306297
"Olší, Litava",49.410388,16.312237
"Rojetín, rozcestí",49.370438,16.254441
Rozseč,49.360127,16.221967
Vidonín,49.379702,16.221743
"Vidonín, rozcestí",49.3757,16.22014
Vratislávka,49.386806,16.248536
"Žďárec, náměstí",49.379579,16.267219
"Žďárec, u kostela",49.376253,16.264473
"Nedvědice, žel.st.",49.454427,16.337335
Rojetín,49.367423,16.257195
"Nedvědice, náměstí",49.457083,16.334446
"Nedvědice, škola",49.456054,16.33255
"Nedvědice, u zdrav.stř.",49.454088,16.330866
"Nedvědice, rozcestí Sejřek",49.453187,16.335985
"Sejřek, Bor, rozc.",49.432262,16.289314
"Sejřek, Bor",49.438214,16.289248
"Sejřek, zbrojnice",49.435866,16.308854
"Sejřek, Mansberk",49.438187,16.316116
"Sejřek, u dvora",49.442745,16.320028
Černvír,49.444866,16.346458
"Nedvědice, Pernštejn, u mostku",49.452656,16.325211
"Doubravník, Štěpnice",49.419008,16.351986
"Nedvědice, Pernštejn, hrad",49.453657,16.313606
Heřmanov,49.37985,16.181983
Milešín,49.368178,16.202088
Nová Ves,49.390687,16.196008
Radňoves,49.388153,16.214103
"Rožná, železniční stanice",49.472143,16.245416
"Střítež, hájenka",49.433158,16.275532
"Moravecké Pavlovice, rozcestí",49.434511,16.264074
Moravecké Pavlovice,49.427958,16.256271
Střítež,49.440949,16.258227
"Bukov, rozcestí",49.461266,16.227242
Bukov,49.461266,16.227242
"Milasín, šachta",49.463568,16.219284
"Strážek, Moravecké Janovice, rozcestí",49.405719,16.228902
"Strážek, Moravecké Janovice",49.41129,16.244931
"Strážek, Meziboří, rozcestí",49.415037,16.222159
"Strážek, Krčma",49.419251,16.217208
"Radkov, Radkovičky, rozcestí Strážek",49.427355,16.202533
"Strážek, u kostela",49.439073,16.195103
Strážek,49.441042,16.192107
"Blažkov, Dolní Rozsíčka",49.456042,16.194731
"Strážek, Jemnice",49.439678,16.172801
"Býšovec, Smrček",49.458554,16.306014
Býšovec,49.475588,16.288634
"Věchnov, rozcestí lom",49.495274,16.28567
"Věchnov, u rybníka",49.498436,16.279772
"Věchnov, rozcestí",49.51368,16.2609
"Bystřice n/P., žel.st.",49.513545,16.24749
"Dolní Rožínka, dílny",49.471842,16.209322
"Dolní Rožínka, aut.st.",49.475509,16.207128
"Dolní Rožínka, Horní Rozsíčka, rozcestí",49.463429,16.198529
"Radkov, Radkovičky, rozcestí",49.438641,16.153749
Moravec,49.439282,16.143173
"Bystřice n/P., Černý vršek",49.52848,16.243963
"Bystřice n/P., DPS",49.525302,16.250398
"Bystřice n/P., gymnázium",49.518186,16.259108
"Bystřice n/P., hřbitov",49.525823,16.255462
"Bystřice n/P., kotelna",49.519362,16.262274
"Bystřice n/P., kulturní dům",49.523275,16.25398
"Bystřice n/P., lihovar",49.521609,16.260784
"Bystřice n/P., Masarykovo náměstí",49.523433,16.260112
"Bystřice n/P., poliklinika",49.524697,16.262204
"Bystřice n/P., Rovinky",49.527434,16.245654
"Bystřice n/P., sídliště I",49.516207,16.260727
"Bystřice n/P., sídliště II",49.527033,16.250829
"Bystřice n/P., u mostu",49.521673,16.267837
"Bystřice n/P., u závodu",49.5129,16.252244
"Bystřice n/P., Voldán",49.523411,16.266288
"Bystřice n/P., zahradnictví",49.525743,16.259495
"Bystřice n/P., Bratrušín",49.514675,16.274628
"Bystřice n/P., Domanín",49.545506,16.228498
"Bystřice n/P., Domanín, Jednota",49.541648,16.234393
"Bystřice n/P., Domanín, rozcestí",49.5292,16.245992
"Bystřice n/P., Domanín, U Šejnohů",49.538662,16.238029
"Bystřice n/P., Domanínek",49.528545,16.240941
"Bystřice n/P., Domanínek, rozcestí",49.529657,16.24022
"Bystřice nad Pern., Výrobní",49.513852,16.244187
"Bystřice nad Pern., Novoměstská",49.528048,16.24975
"Bystřice n/P., a. n.",49.526292,16.26056
"Rozsochy, železniční stanice",49.537385,16.195122
"Branišovice, Kanada",48.961572,16.432311
"Branišovice, p.",48.961796,16.428626
"Branišovice, státní silnice",48.959135,16.429386
"Kubšice, křižovatka",49.001998,16.408543
"Loděnice, křižovatka Šumická",49.011128,16.458541
"Loděnice, obecní úřad",49.011484,16.463219
"Loděnice, škola",49.011772,16.468037
"Olbramovice, prodejna",48.989883,16.395776
"Olbramovice, rest.",48.9842,16.400764
"Šumice, škola",48.991759,16.437271
Trnové Pole,48.945566,16.409677
"Trnové Pole, rozcestí",48.95523,16.413587
"Vedrovice, obecní úřad",49.019952,16.37692
"Vedrovice, u lípy",49.021731,16.380867
Kralice nad Oslavou,49.19753,16.202732
"Rapotice, rozcestí",49.19438,16.236573
"Ostopovice, Branky",49.15994,16.548608
"Ostopovice, Lipová",49.163052,16.536032
"Ostopovice, náměstí",49.161085,16.545654
"Ostopovice, rozcestí",49.163089,16.542837
Ostopovice,49.164405,16.540807
"Troubsko, kaplička",49.168968,16.511527
"Troubsko, Kovopodnik",49.175824,16.511608
"Troubsko, Lísek",49.171815,16.480037
"Troubsko, obecní úřad",49.170909,16.506305
"Troubsko, U dráhy",49.163256,16.527022
"Omice, Kývalka",49.190014,16.451805
"Omice, Kývalka, spojovací",49.190404,16.456031
"Omice, samoobsluha",49.16998,16.451412
"Omice, sokolovna",49.171992,16.454951
"Popůvky, Náves",49.178184,16.487946
"Střelice, dolní železniční stanice",49.156474,16.506767
"Střelice, nákupní středisko",49.152768,16.49396
"Střelice, obecní úřad",49.152648,16.503052
"Střelice, rozcestí Radostice",49.150463,16.46443
Automotodrom,49.201089,16.445464
"Střelice, Vršovice",49.153443,16.480213
"Troubsko, Nová",49.166762,16.518608
"Brno, Masarykův okruh",49.204702,16.44722
"Brno, Tribuna B",49.20916,16.453081
"Ostrovačice, hájenka Na Šípu",49.206408,16.438228
"Popůvky, Vintrovna",49.181486,16.490772
"Střelice, ústav sociální péče",49.151699,16.470175
"Troubsko, Veselka",49.176868,16.503342
"Ořechov, Jeř.",49.108913,16.512492
"Ořechov, Kerendov",49.117391,16.525788
"Ořechov, kravín",49.108647,16.496457
"Ořechov, obecní úřad",49.111516,16.518332
"Ořechov, orlovna",49.111078,16.526128
"Ořechov, tábor",49.110182,16.539924
"Ořechov, zdravotní středisko",49.110484,16.527074
"Prštice, rozcestí Hlína",49.113503,16.468491
"Prštice, u zámku",49.118024,16.473362
Silůvky,49.105948,16.468237
"Radostice, koupaliště",49.138151,16.467962
"Radostice, Mlýnská silnice",49.135629,16.47497
"Radostice, sokol.",49.132591,16.479276
"Radostice, u Žemličků",49.143552,16.467291
"Ostrovačice, nám.",49.21068,16.409513
"Ostrovačice, Veveří",49.213362,16.407678
Říčany,49.214791,16.394854
"Říčany, ZD",49.210156,16.396064
Říčky,49.232504,16.356725
Veverské Knínice,49.236658,16.404459
"Vev. Knínice, h.k.",49.237818,16.396128
"Veverské Knínice, rozcestí Pohádka Máje",49.227455,16.418309
"Veverské Knínice, ZOD Veveří",49.231958,16.409008
Babice u Rosic,49.171092,16.359149
"Rosice, ADOSA",49.18404,16.370951
"Rosice, Brněnská",49.182938,16.39825
"Rosice, Husova",49.182042,16.398904
"Rosice, Kamínky",49.184752,16.382659
"Rosice, Říčanská",49.185322,16.384281
"Rosice, STK",49.184718,16.404969
"Rosice, Těstárny",49.179453,16.386536
"Rosice, Trávníky",49.183515,16.390837
"Tetčice, Neslovická",49.166335,16.401901
"Tetčice, žel. st.",49.17187,16.408896
"Zastávka, Dům zdraví",49.186899,16.361801
"Zastávka, hotel",49.188448,16.362042
"Zastávka, Kopečky",49.196112,16.359186
"Zastávka, žel.st.",49.187336,16.359556
"Ostrovačice, Říčanská",49.212743,16.406495
Domašov,49.245685,16.34353
"Domašov, cestmistrovství",49.257232,16.311991
"Domašov, Nový konec",49.240332,16.347682
"Domašov, u hřbitova",49.247189,16.343496
Javůrek,49.254545,16.360777
Lesní Hluboké,49.268358,16.310195
"Lesní Hluboké, motel 9 křížů",49.266652,16.296542
Litostrov,49.226977,16.334207
Rudka,49.241582,16.330561
"Rudka, u křížku",49.243468,16.335031
"Zálesná Zhoř, rozcestí",49.26191,16.301337
"Příbram na Moravě, Brodek",49.198295,16.303898
Příbram na Mor.,49.194501,16.302344
"Příbram na Moravě, rozc. 2.0",49.204635,16.310257
Zbraslav,49.221018,16.295808
"Zbraslav, Březina",49.221818,16.282842
"Zbraslav, Malinovského",49.217576,16.298769
Hlína,49.114511,16.427406
"Hlína, samota",49.123142,16.42101
Kratochvilka,49.157053,16.376949
"Lukovany, na dolině",49.162935,16.299698
"Lukovany, točna",49.163198,16.295753
"Lukovany, u kapličky",49.163293,16.302804
Neslovice,49.142578,16.387408
"Neslovice, škola",49.145908,16.387286
"Oslavany, Padochov, restaurace",49.135068,16.354682
"Oslavany, Padochov, rozcestí",49.13273,16.352482
"Oslavany, Padochov, závod",49.137143,16.348372
"Zakřany, Jednota",49.168718,16.331429
"Zakřany, obecní úřad",49.170329,16.325743
"Zakřany, ZD",49.169187,16.319818
"Zbýšov, Anenská",49.148768,16.350715
"Zbýšov, internát",49.161724,16.343861
"Zbýšov, Jednota",49.16145,16.342754
"Zbýšov, MěÚ",49.154662,16.349258
"Zbýšov, Poustka",49.158587,16.346868
"Zbýšov, Sička",49.166856,16.353205
"D. Kounice, M.nám.",49.070302,16.464113
"Dolní Kounice, Rybárna",49.07138,16.46911
"Dolní Kounice, Skalní",49.070306,16.456692
"Dolní Kounice, Trboušanská",49.06613,16.468147
"Jezeřany-Maršovice, Jezeřany",49.029247,16.436871
"Jezeřany-Maršovice, škola",49.033484,16.431745
"Jezeřany-Mar., točna",49.036405,16.427709
Kupařovice,49.0421,16.48738
"Moravské Bránice, JOPA-Osičkova",49.083147,16.433545
"Mor. Bránice, škola",49.081528,16.438244
"Mor. Bránice, žel.st.",49.084765,16.428795
Nové Bránice,49.070354,16.443385
"Nové Bránice, rozc.",49.078247,16.439327
"Nové Bránice, škola",49.07337,16.439374
Pravlov,49.054553,16.486771
"Pravlov, kulturní dům",49.054214,16.480114
"Pravlov, rozc.",49.053001,16.479153
Trboušany,49.049142,16.46398
"Trboušany, rozc.",49.044838,16.471218
"Zbraslav, u kostela",49.22247,16.29316
"Dolní Kounice, Nové Kounice",49.078193,16.442358
"Dolní Kounice, u Machových",49.074762,16.447513
Vysoké Popovice,49.182835,16.287004
"Křoví, pila",49.314018,16.248835
"Křoví, rozcestí",49.31688,16.260866
Přibyslavice,49.278604,16.260052
"Přibyslavice, motorest 9 křížů",49.27157,16.281158
"Přibyslavice, obecní úřad",49.279741,16.262974
"Přibyslavice, Radoškov",49.283997,16.302503
"Přibyslavice, Radoškov, Spálený mlýn",49.294797,16.288857
"Velká Bíteš, 1.BS",49.299826,16.213894
"Velká Bíteš, BDS",49.296898,16.219572
"Velká Bíteš, cihelna",49.284464,16.24191
"Velká Bíteš, nám.",49.28843,16.226807
"Velká Bíteš, Pánov, rozcestí",49.312502,16.283914
"Velká Bíteš, samota",49.303318,16.232853
"Velká Bíteš, sídliště",49.293684,16.22381
"Velká Bíteš, škola",49.290697,16.227114
"Křoví, I",49.31023,16.263142
"Křoví, II",49.305978,16.264135
"Velká Bíteš, Hybešova",49.283225,16.230586
"Velká Bíteš, Košíkov",49.26883,16.238987
"Velká Bíteš, Ludvíkov",49.254637,16.257732
Hluboké,49.225953,16.22696
"Újezd u Rosic, samota",49.222002,16.238089
Stanoviště,49.237583,16.255712
"Stanoviště, rozc. 1.0",49.246572,16.262389
Újezd u Rosic,49.222602,16.253878
"Újezd u Rosic, u kovárny",49.222334,16.24835
Zálesná Zhoř,49.251147,16.291372
"Zálesná Zhoř, hájenka",49.251898,16.278735
Čučice,49.140006,16.277489
Ketkovice,49.159057,16.264104
"Ketkovice, kovárna",49.161018,16.26144
"Rapotice, škola",49.19106,16.255348
"Rapotice, žel.st.",49.184078,16.256509
"Sudice, náves",49.182238,16.236392
"Sudice, rozcestí",49.180877,16.254778
Biskoupky,49.099688,16.280147
"Biskoupky, rozc.",49.110276,16.285869
"Ivančice, Budkovice",49.073074,16.347399
"Ivančice, Alexovice",49.090773,16.355852
"Ivančice, Alexovice, transformátor",49.089753,16.350857
"Ivančice, Horní Hlinky",49.102024,16.385485
"Ivančice, Hrubšice",49.09312,16.303917
"Ivančice, náměstí",49.102273,16.375233
"Ivančice, Němčice, sokolovna",49.094084,16.364314
"Ivančice, Oslavanská",49.103814,16.368589
"Ivančice, Řeznovice",49.086045,16.323792
"Ivančice, Řeznovice, Jednota",49.084824,16.319868
"Ivančice, silo",49.108054,16.35581
"Ivančice, Stříbský mlýn",49.089538,16.404542
"Ivančice, škola",49.104439,16.371964
"Ivančice, žel.st.",49.097938,16.372202
"Nová Ves, host. U Slavíků",49.106578,16.314521
"Nová Ves, škola",49.108679,16.309762
"Oslavany, aut. st.",49.120782,16.336443
"Oslavany, Havířská",49.131305,16.326685
"Oslavany, Na Dolině",49.116663,16.324708
"Oslavany, náměstí",49.126496,16.330828
"Oslavany, Nová čtvrť",49.128752,16.323029
"Oslavany, Podlesí",49.13792,16.346302
"Oslavany, Permonium",49.125765,16.345658
"Oslavany, Tř. 1. máje",49.133304,16.334578
"Oslavany, U mlýnka",49.136101,16.344033
"Oslavany, železniční stanice",49.119084,16.345184
"Moravský Krumlov, Břízová",49.041609,16.306857
"Moravský Krumlov, Durdice",49.038448,16.321217
"Mor. Krumlov, PBS",49.04891,16.339637
"Moravský Krumlov, Jatky",49.037513,16.310471
"Moravský Krumlov, Kavalírka",49.045754,16.310729
"Mor. Krumlov, nám.",49.048724,16.312711
"Mor. Krumlov, polik.",49.043701,16.305416
"Mor. Krumlov, ČAS",49.038475,16.31619
"Rakšice, rest.",49.035612,16.319658
"Moravský Krumlov, Retex",49.044994,16.339475
"Moravský Krumlov, stezka",49.044908,16.321858
"Moravský Krumlov, Václavská",49.044042,16.31558
"Mor. Krumlov, ž.s.",49.04624,16.338136
"Ivančice, Budkovice, rozcestí",49.081928,16.349279
"Moravský Krumlov, Dřevotvar",49.050155,16.296378
"Moravský Krumlov, hájenka",49.043838,16.359682
"Moravský Krumlov, SPS",49.033103,16.303278
"Moravský Krumlov, škola",49.047595,16.301727
"Moravský Krumlov, u parku",49.045114,16.304434
Polánka,49.068361,16.304116
"Moravský Krumlov, Polánka, rozcestí",49.066169,16.308249
"Moravský Krumlov, Rakšice, lesovna",49.013732,16.355894
"Moravský Krumlov, Rakšice, Silo",49.019335,16.341522
"Rakšice, žel.st.",49.014358,16.345505
"Moravský Krumlov, Rokytná",49.06478,16.323144
"Moravský Krumlov, Rokytná, rozcestí",49.074357,16.326156
"Moravský Krumlov, Stavení",49.05523,16.389172
Dobřínsko,49.053529,16.260958
Rybníky,49.025458,16.281038
"Ivančice, Němčice",49.093246,16.36835
"Sudice, škola",49.180597,16.240857
"Sudice, Výhon",49.180375,16.250437
"Mor. Krumlov, a.n.",49.04818,16.309271
Lhánice,49.111815,16.217583
Mohelno,49.114162,16.1901
"Mohelno, sokolovna",49.115623,16.195387
Senorady,49.123982,16.244818
"Senorady, u kovárny",49.122438,16.250935
"Náměšť n/O, a.n.",49.207155,16.147682
"Náměšť nad Oslavou, U obory",49.202709,16.159283
"Náměšť nad Oslavou, zámek",49.210901,16.164244
"Dolní Dubňany, u mostu",49.055517,16.224832
"Dukovany, obec",49.079628,16.190947
"Dukovany, rozcestí",49.086423,16.162144
Horní Dubňany,49.062948,16.201328
"Horní Dubňany, obecní úřad",49.065899,16.203088
"Jamolice, MŠ",49.07217,16.255966
"Jamolice, rest.",49.07312,16.250082
"Dobelice, Krumlovská",49.017208,16.27859
"Dobelice, obecní úřad",49.016771,16.279006
"Dobelice, Vémyslická",49.016693,16.276102
Džbánice,49.001555,16.208171
Kadov,48.98232,16.28711
"Kadov, rozcestí",48.991877,16.277283
"Lesonice, požární zbrojnice",49.003561,16.310147
Miroslavské Knínice,48.978017,16.322579
Petrovice,49.007495,16.29147
"Vémyslice, nový hřbitov",49.025676,16.24341
"Vémyslice, u kostela",49.022563,16.253826
"Vémyslice, váha",49.018635,16.263301
Bohutice,48.989738,16.360072
"Hostěradice, lom",48.946936,16.265202
"Hostěradice, nám.",48.950582,16.259558
"Hostěradice, Chlupice",48.951205,16.242968
"Hostěradice, Míšovice",48.962262,16.262175
"Miroslav, aut.st.",48.947007,16.313
"Miroslav, jesle",48.945167,16.307937
"Miroslav, kostel",48.950164,16.313692
"Miroslav, provozovna ČAS",48.941965,16.321182
"Miroslav, Réna",48.933508,16.337322
"Miroslav, rozc.",48.933557,16.362408
"Miroslav, statek",48.945987,16.317807
"Miroslav, žel.st.",48.93532,16.362297
"Miroslav, Kašenec, státní silnice",48.918482,16.333665
"Kašenec, točna",48.919183,16.327708
Našiměřice,48.968258,16.372205
"Našiměřice, železniční stanice",48.963144,16.350726
"Skalice, dolní zastávka",48.963511,16.224311
"Skalice, sokolovna",48.961453,16.223723
Suchohrdly u Mir.,48.943012,16.363188
"Dukovany, EDU",49.089765,16.145663
Čermákovice,49.032307,16.19339
"Rešice, dvůr",49.048586,16.164028
"Rešice, restaurace",49.053075,16.172038
"Rešice, Kordula, rozcestí",49.061292,16.145902
"Tulešice, Jarolímův mlýn",49.03117,16.23049
"Tulešice, křižovatka",49.040096,16.204039
"Tulešice, zámek",49.038922,16.205912
"Hrotovice, a.n.",49.107408,16.060075
"Hrotovice, správa silnic",49.103933,16.072176
Slavětice,49.103547,16.106792
"Slavětice, rozcestí",49.101407,16.084572
Rouchovany,49.069188,16.109075
"Rouchovany, učiliště",49.072072,16.101738
"Rouchovany, Šemíkovice",49.053162,16.112698
Horní Kounice,49.026293,16.151487
"Medlice, křižovatka",49.006268,16.125894
"Přeskače, obec",49.015103,16.106975
"Tavíkovice, host.",49.032218,16.10673
"Tavíkovice, škola",49.033761,16.103083
"Tavíkovice, Dobronice",49.020443,16.077052
"Újezd, zámeček",49.023133,16.053992
"Tavíkovice, Oseva",49.032868,16.103444
"Mikulov, BOSCH",48.806818,16.621321
Hajany,49.11067,16.555062
"Modřice, Agropodnik",49.115717,16.606647
"Modřice, Uhelné sklady",49.118348,16.60622
"Moravany, Hlavní",49.147162,16.578724
"Moravany, Nebovidská",49.147983,16.569237
"Nebovidy, dolní konec",49.14204,16.549112
"Nebovidy, rozcestí Střelice",49.145506,16.531315
"Nebovidy, u kostela",49.14171,16.553836
"Nebovidy, Závist",49.134425,16.528867
"Želešice, hostinec",49.116874,16.581902
"Želešice, na kopci",49.118218,16.591398
"Modřice, Brněnská",49.129762,16.604962
"Modřice, čistička",49.131992,16.633462
"Modřice, Drůbežářské závody",49.133704,16.630941
"Měnín, Albrechtov",49.068529,16.682665
"Modřice, Husova",49.1322,16.612158
"Modřice, Masarykova",49.131145,16.614594
"Měnín, u mlýna",49.084637,16.694445
"Modřice, náměstí",49.127714,16.615961
"Modřice, Olympia",49.139273,16.634131
Opatovice,49.076378,16.64184
"Modřice, Olympia jih",49.135069,16.633864
"Otmarov, chaloupka",49.100458,16.680497
"Modřice, smyčka",49.126974,16.604488
"Popovice, u tratě",49.103463,16.605647
"Rajhradice, Loučka",49.092567,16.621709
"Modřice, Tyršova",49.129832,16.603529
"Modřice, Za mlýnem",49.130699,16.62476
"Modřice, žel.st.",49.133484,16.606821
"Modřice, Žižkova",49.134054,16.61513
"Rajhradice, obecní úřad",49.091666,16.633934
"Rajhradice, váha",49.093622,16.635491
Rebešovice,49.104969,16.638034
"Rebešovice, Horky",49.108661,16.641332
"Rajhrad, Městečko",49.089174,16.60604
"Měnín, ZD",49.09157,16.689734
Holasice,49.078005,16.60397
"Želešice, u dálnice",49.115128,16.569013
"Měnín, obch.stř.",49.079732,16.693543
"Rajhrad, stará pošta",49.087776,16.591584
"Měnín, rozcestí",49.087222,16.716474
"Rajhrad, městský úřad",49.089813,16.603978
"Měnín, u pomníku",49.08569,16.698812
Otmarov,49.100402,16.672208
"Rajhradice, obalovna",49.096397,16.651628
"Rajhrad, klášter",49.090886,16.614919
"Želešice, u Sulzrů",49.116802,16.577849
"Rajhrad, žel.st.",49.084419,16.605154
"Rajhrad, GEIS",49.085488,16.582678
"Bobrava, motel",49.106888,16.601436
"Bobrava, střed",49.105065,16.601406
"Modřice, Decathlon",49.137598,16.637297
"Modřice, XXXLutz",49.138934,16.637262
Bratčice,49.065502,16.522818
"Bratčice, pískovna",49.059682,16.517592
"Ledce, obecní úřad",49.052175,16.555735
"Ledce, rozcestí",49.049795,16.565591
Medlov,49.034707,16.523155
Mělčany,49.075269,16.493576
Němčičky,49.05062,16.501284
Sobotovice,49.059106,16.558127
"Sobotovice, transformátor",49.061513,16.552708
Syrovice,49.080309,16.548539
"Syrovice, MŠ",49.078921,16.546658
"Syrovice, Sobotovická",49.077625,16.545298
"Blučina, Komenského",49.055334,16.63508
"Blučina, náměstí",49.0549,16.646477
"Blučina, obch.stř.",49.056137,16.645115
"Blučina, hřbitov",49.052408,16.656917
"Blučina, ZD",49.053467,16.626852
"Hrušovany u Brna, obecní úřad",49.039091,16.594531
"Hrušovany u Brna, sídliště",49.039226,16.584787
"Hrušovany u Brna, VÚZA",49.042062,16.577123
"Hrušovany u B., ž.s.",49.034256,16.591743
"Moutnice, střed",49.049062,16.737068
"Moutnice, u fary",49.05063,16.738792
Nesvačilka,49.064001,16.754377
Těšany,49.039401,16.771127
"Těšany, u váhy",49.041014,16.76507
"Židlochovice, ADOSA",49.028799,16.617033
"Židlochovice, a.s.",49.036052,16.614751
"Židlochovice, škola",49.037011,16.610483
"Židlochovice, nábřeží",49.032948,16.620197
"Moutnice, Rozařín",49.053148,16.737747
"Měnín, Jalovisko",49.055767,16.706872
"Medlov, Kafilerie",49.017782,16.534938
"Sobotovice, rozcestí",49.060587,16.565757
"Židlochovice, sídliště",49.0396,16.616325
"Židlochovice, žel.st.",49.033551,16.617002
"Syrovice, logistický areál",49.075933,16.55606
Vojkovice,49.052156,16.607262
"Vojkovice, sídliště",49.056908,16.603775
"Medlov, seniorcentrum",49.035711,16.528611
"Moutnice, k Jalovisku",49.048213,16.736238
Přísnotice,49.003395,16.613415
"Unkovice, rozc.",49.015588,16.604825
Žabčice,49.012531,16.601671
"Žabčice, sokolovna",49.012877,16.60025
"Žabčice, u Mahovských",49.004733,16.609839
"Žabčice, žel. st.",49.010961,16.595014
"Vranovice, ž.s.",48.963975,16.605012
Cvrčovice,48.996648,16.51287
"Cvrčovice, učiliště",48.990823,16.516354
Ivaň,48.92928,16.57525
"Ivaň, hájenka Plaček",48.946602,16.589208
"Malešovice, ObÚ",49.022869,16.500382
Odrovice,49.007622,16.511004
"Odrovice, bytovky",49.011565,16.507116
"Pohořelice, Brněnská",48.9849,16.530256
"Pohořelice, Mariánský dvůr",48.956485,16.530842
"Pohořelice, náměstí",48.980783,16.522415
"Pohořelice, Nová Ves",48.937072,16.528308
"Pohořelice, obchodní akademie",48.978607,16.505342
"Pohořelice, Smolín",49.007296,16.540232
"Pohořelice, Tyršova",48.983575,16.519512
"Pohořelice, Velký Dvůr",48.962313,16.533415
"Pohořelice, Velký Dvůr, rozcestí",48.962035,16.51942
"Pohořelice, Vilémov",48.948333,16.531333
"Pohořelice, Městský úřad",48.976912,16.515378
"Přibice, kostel",48.961798,16.573021
"Přibice, u kaple",48.963595,16.575845
"Nosislav, Kroužek",49.014256,16.652173
"Nosislav, Městečko",49.010659,16.65895
"Nosislav, Pod kopcem",49.00864,16.665974
"Uherčice, Na trávníku",48.970176,16.651922
"Uherčice, obecní úřad",48.968026,16.655063
"Uherčice, ZD",48.965845,16.663422
Velké Němčice,48.99493,16.675518
"Velké Němčice, Boudky",49.004601,16.671142
"V. Němčice, Brněnská",48.993811,16.675252
"Velké Němčice, Nová Ves",48.974189,16.69881
"Velké Němčice, obecní úřad",48.991,16.670562
"Velké Němčice, rozcestí",48.981235,16.6493
"Velké Němčice, škola",48.991905,16.67408
"Velké Němčice, ZD",48.988616,16.679204
Boleradice,48.967437,16.814206
"Boleradice, mlýn",48.96267,16.833974
"Boleradice, u kříže",48.969532,16.806925
"Boleradice, ZD",48.963007,16.825669
"Diváky, dílny",48.993794,16.784093
"Diváky, dolní konec",48.991043,16.798233
"Diváky, obecní úřad",48.989192,16.788929
"Diváky, samota",48.987544,16.803445
"Křepice, dolní",49.000898,16.723558
"Křepice, škola",48.998483,16.717538
"Kurdějov, most",48.956475,16.763122
"Kurdějov, na kopci",48.954042,16.759311
"Kurdějov, u penzionu",48.961906,16.760426
"Vranovice, vodárna",48.975217,16.633908
"Vranovice, Lipová",48.970754,16.606221
"Nikolčice, Jednota",48.992433,16.753827
"Nikolčice, obecní úřad",48.995315,16.753468
"Nikolčice, rozcestí",48.983856,16.76256
"Nikolčice, ZD",48.999772,16.742824
"Šitbořice, na kopci",49.011477,16.778066
"Šitbořice, Nikolčická",49.016373,16.77537
"Šitbořice, ObÚ",49.015388,16.776133
"Vranovice, škola",48.966768,16.606556
"Pohořelice, prům. zóna jih",48.971631,16.516888
"Pohořelice, Velký Dvůr, sádky",48.964723,16.539108
"Vranovice, sokolovna",48.971155,16.603841
"Nikolčice, škola",48.996048,16.753804
"Pohořelice, průmyslová zóna východ",48.99023,16.540052
"Vranovice, u hřbitova",48.967671,16.588811
Horní Bojanovice,48.949048,16.800138
"Horní Bojanovice, rozcestí",48.950262,16.810931
"Horní Bojanovice, ZD",48.940717,16.79728
"Hustopeče, a.n.",48.938066,16.735364
"Hustopeče, cihelna",48.947102,16.743933
"Hustopeče, farma",48.930205,16.765343
"Hustopeče, Mostárna",48.914237,16.710214
"Hustopeče, Nádražní",48.935361,16.731025
"Hustopeče, plnírna",48.917151,16.703184
"Hustopeče, strojírny",48.933399,16.743905
"Hustopeče, u stadionu",48.944199,16.733041
"Hustopeče, nemocnice",48.944552,16.73152
Popice,48.928419,16.664539
"Popice, rozcestí",48.91954,16.684411
"Pouzdřany, ObÚ",48.935503,16.625457
"Pouzdřany, škola",48.941515,16.632115
Starovice,48.955615,16.708684
"Starovice, zemědělské družstvo",48.957348,16.698568
"Starovice, rozcestí",48.960176,16.717714
Starovičky,48.907554,16.775805
"Starovičky, průmyslová zóna",48.915072,16.770392
Strachotín,48.905282,16.652332
"Šakvice, horní konec",48.899151,16.712902
"Šakvice, ObÚ",48.89684,16.717438
"Šakvice, žel.st.",48.912707,16.7068
"Pasohlávky, rozcestí Ivaň",48.918785,16.557255
"Pasohlávky, u kostela",48.90308,16.54164
"Troskotovice, h.",48.921942,16.441028
"Troskotovice, prodejna",48.918662,16.432618
"Troskotovice, škola",48.918863,16.436743
"Vlasatice, obecní úřad",48.933722,16.484161
"Vlasatice, Troskotovická",48.931098,16.483465
Aqualand M.,48.904526,16.576056
Dolní Věstonice,48.888252,16.643496
Horní Věstonice,48.875874,16.624679
Klentnice,48.846778,16.64498
"Klentnice, rozcestí",48.851233,16.642915
"Klentnice, u rybníka",48.840853,16.642589
Pavlov,48.874271,16.67368
"Pavlov, Rudolfa Gajdoše",48.872358,16.667379
"Pavlov, rozcestí",48.878754,16.676276
Perná,48.855156,16.620798
"Perná, samota",48.859635,16.611095
Bořetice,48.91189,16.854014
"Bořetice, u Floriánka",48.910704,16.858762
"Bořetice, železniční stanice",48.916373,16.851462
"Němčičky, rozcestí",48.936497,16.816053
"Němčičky, střed",48.934891,16.82186
"Němčičky, transformátor",48.933393,16.818822
"Němčičky, u mlýna",48.933338,16.834867
"Němčičky, ZD",48.935779,16.830554
"Přítluky, pod věží",48.855272,16.773561
"Přítluky, rozcestí",48.863261,16.7556
"Rakvice, kostel",48.8588,16.812417
"Rakvice, rozcestí",48.859987,16.821147
"Rakvice, škola",48.858278,16.80663
"Rakvice, Trkmanský dvůr",48.867951,16.842758
"Rakvice, Trkmanský dvůr, rozcestí",48.869811,16.831636
"Velké Pavlovice, a.n.",48.897824,16.816993
"Velké Pavlovice, gymnázium",48.904204,16.816476
"Velké Pavlovice, obchodní středisko",48.90219,16.818205
"Zaječí, za nádražím",48.894263,16.786972
"Zaječí, mateřská školka",48.876472,16.768873
"Zaječí, restaurace",48.873192,16.766611
"Zaječí, rozcestí",48.897023,16.792438
"Zaječí, škola",48.871666,16.773978
"Zaječí, žel.st.",48.889556,16.781706
Kobylí,48.93206,16.884068
"Kobylí, statek",48.942318,16.897075
"Kobylí, škola",48.928781,16.886542
"Vrbice, Jednota",48.916185,16.896002
"Vrbice, obecní úřad",48.912758,16.891944
"Dolní Dunajovice, Hlavní",48.857602,16.586878
"Dolní Dunajovice, Jednota",48.855128,16.592166
"Dolní Dunajovice, rozcestí",48.851255,16.609777
"Břežany, u hostince",48.867867,16.344198
"Břežany, u pošty",48.870178,16.339708
"Břežany, u statku",48.872427,16.338143
Damnice,48.920112,16.373595
Dolenice,48.909272,16.364848
Jiřice u Miroslavi,48.920697,16.39138
"Litobratřice, u konírny",48.88351,16.400845
"Litobratřice, obecní úřad",48.888136,16.403221
"Mackovice, Břežanská",48.881692,16.316718
"Mackovice, obecní úřad",48.88299,16.30957
"Mackovice, rozcestí",48.900845,16.293373
Drnholec,48.857435,16.487133
"Drnholec, škola",48.859678,16.486008
Jevišovka,48.828412,16.465892
Novosedly,48.838139,16.494123
"Novosedly, cihelna",48.835651,16.510978
"Novosedly, železniční stanice",48.827217,16.495593
Nový Přerov,48.810388,16.493865
"Brod nad Dyjí, obecní úřad",48.876293,16.536768
"Břežany, osada Ležák",48.887026,16.347494
"Rakvice, U Šutráku",48.852061,16.821324
"Bulhary, cihelna",48.816377,16.761377
"Bulhary, střed",48.833047,16.745817
"Bulhary, školka",48.828638,16.750328
"Bulhary, u sadu",48.836231,16.741364
"Milovice, hájenka",48.843073,16.726725
"Milovice, restaurace",48.852328,16.698311
"Ladná, Mlýnská",48.80821,16.884937
"Ladná, škola",48.805405,16.872227
"Ladná, železniční stanice",48.812206,16.880563
"Moravský Žižkov, Benátky",48.828256,16.92907
"Moravský Žižkov, Bílovská",48.835267,16.922611
"Mor. Žižkov, křiž.",48.833828,16.932327
"Moravský Žižkov, Prechov dvůr",48.820956,16.924828
"Podivín, Besední dům",48.829762,16.847782
"Podivín, Fruta",48.82368,16.846774
"Podivín, Bratislavská",48.829217,16.852864
"Podivín, žel.st.",48.837177,16.853781
"Velké Bílovice, a.n.",48.851538,16.889208
"Velké Bílovice, kovárna",48.847785,16.895286
"Velké Bílovice, na konci",48.843218,16.901326
"Velké Bílovice, Svárov",48.85371,16.882253
"Velké Bílovice, ZD",48.846285,16.884087
"Přítluky, Nové Mlýny, Jednota",48.857852,16.731967
"Přítluky, Nové Mlýny, obalovna",48.860686,16.741718
Hrabětice,48.796862,16.395168
"Hrabětice, rozcestí",48.811255,16.39406
"Hrušovany nad Jevišovkou, cukrovar",48.812298,16.402942
"Hrušovany n/J., DAPO",48.836855,16.415297
"Hrušovany n/J., lék.",48.828749,16.39952
"Hrušovany n/J., VÚPP",48.83149,16.401916
"Hrušovany nad Jevišovkou, Pastviny",48.854153,16.38325
"Hrušovany nad Jevišovkou, statek",48.817498,16.397738
"Hrušovany nad Jevišovkou, STS",48.842893,16.403782
"Hrušovany nad Jevišovkou, Znojemská",48.829848,16.394299
"Hrušovany n/J., ž.s.",48.810215,16.383248
Pravice,48.843889,16.361861
"Šanov, požární zbrojnice",48.802118,16.373985
"Šanov, u mostu",48.799233,16.386784
Březí,48.821367,16.563256
Dobré Pole,48.825967,16.535573
"Podivín, mechanizační středisko",48.81918,16.874679
Bavory,48.83573,16.622435
"Bavory, rozcestí",48.830759,16.61278
"Mikulov, Brněnská",48.812173,16.630506
"Mikulov, 22. dubna",48.805487,16.633496
"Mikulov, kasárna",48.816006,16.650171
"Mikulov, Na Mušlově, rozc.",48.791042,16.673838
"Mikulov, Pavlovská",48.810804,16.642496
"Mikulov, u parku",48.802437,16.634063
"Mikulov, u pošty",48.807667,16.639627
"Mikulov, v lese",48.832028,16.679774
"Mikulov, Valtická",48.801068,16.644782
"Mikulov, žel.st.",48.801916,16.626161
"Sedlec, pošta",48.779212,16.691376
"Sedlec, sídliště",48.773291,16.703678
"Hlohovec, obecní úřad",48.773973,16.763082
"Hlohovec, rybárna",48.775755,16.771297
"Hlohovec, Tři Grácie",48.776933,16.78322
"Lednice, Apollo",48.785548,16.826424
"Lednice, hospodářské družstvo",48.8,16.791312
"Lednice, náměstí",48.800002,16.804153
"Lednice, Nejdek",48.81246,16.775268
"Lednice, Nejdek, rozcestí",48.808814,16.771998
"Lednice, skleníky",48.804268,16.779102
"Lednice, škola",48.797341,16.806333
"Lednice, Valtická",48.794975,16.799449
"Břeclav, 1. máje",48.758461,16.878682
"Břeclav, a.n.",48.754779,16.893465
"Břeclav, BORS",48.75025,16.893111
"Břeclav, cukrovar",48.763461,16.885672
Břeclav Gumotex,48.751366,16.894592
"Břeclav, Charvátská Nová Ves, Lednická",48.766752,16.846556
"Břeclav, Stará Břeclav, Jana Moláka",48.777407,16.897259
Křižovatka Ladná,48.779586,16.902624
"Břeclav, náměstí TGM, kostel",48.759272,16.88078
"Břeclav, náměstí TGM, městský úřad",48.759762,16.881298
"Břeclav, nemocnice",48.753134,16.881758
"Břeclav, Pohansko, rozcestí",48.749459,16.899551
"Břeclav, poliklinika",48.752887,16.883923
"Břeclav, Poštorná, Hlavní na konci",48.7586,16.859367
"Břeclav, Poštorná, kostel",48.752832,16.867198
"Břeclav, Poštorná, Lesní",48.755743,16.873957
"Břeclav, Poštorná, PKZ",48.751964,16.85204
"Břeclav, Poštorná, Valtická",48.756558,16.856742
"Břeclav, Stará Břeclav, Skopalíkova",48.772893,16.891364
"Břeclav, Stará Břeclav, kulturní dům",48.774218,16.886674
"Břeclav, Alca PLAST",48.752856,16.900498
"Břeclav, Jana Palacha",48.756161,16.888901
"Břeclav, Poštorná, Hlavní",48.755267,16.863343
"Břeclav, Charvátská Nová Ves, Palackého",48.762625,16.850728
Charvátská N. Ves,48.769287,16.84762
"Břeclav, Městský h.",48.750487,16.906895
"Břeclav, Lanžhotská",48.750778,16.903667
"Břeclav, Dům kultury",48.7571,16.884827
"Břeclav, Poštorná, Nádražní",48.752102,16.858368
"Břeclav, Poštorná, Tovární čtvrť",48.754712,16.849599
"Břeclav, Poštorná, Valtická, točna",48.758005,16.849742
"Břeclav, Poštorná, Jana Skácela",48.74991,16.869345
"Břeclav, Poštorná, Hraniční",48.745568,16.871008
"Poštorná, FOSFA",48.74113,16.870569
"Břeclav, Průmyslová škola",48.75595,16.884447
"Břeclav, Stará Břeclav, Domov důchodců",48.768072,16.887118
"Břeclav, Stará Břeclav, u parku",48.775273,16.890122
"Břeclav, Stará Břeclav, Vinohradní",48.77552,16.89359
"Břeclav, Stará Břeclav, Lidická",48.76778,16.890053
"Břeclav, Slovácká",48.759953,16.88783
"Břeclav, Sovadinova",48.762633,16.889233
"Břeclav, Stará Břeclav, Mánesova",48.772417,16.887833
"Hevlín, cihelna",48.761458,16.383421
"Hevlín, škola",48.751398,16.380222
"Mikulov, Mušlov",48.788375,16.679939
"Mikulov, Poliklinika",48.804996,16.638546
"Mikulov, Průmyslová zóna, točna",48.813677,16.620333
"Mikulov, Bezručova",48.812464,16.651058
"Mikulov, Žižkova",48.815875,16.650639
"Mikulov, Dukelská",48.813408,16.646714
"Mikulov, Pod Kozím hrádkem",48.808983,16.636108
"Mikulov, Hliniště",48.813528,16.645689
"Mikulov, Gagarinova",48.813095,16.633689
"Mikulov, G-centrum",48.797645,16.627705
"Mikulov, Supermarket",48.805171,16.626893
"Valtice, bažantnice",48.75293,16.73886
"Valtice, aut. st.",48.742761,16.75556
"Valtice, Boří Dvůr",48.721178,16.8009
"Valtice, celnice",48.738743,16.733452
"Valtice, česká čtvrť",48.744615,16.770629
"Valtice, hájenka",48.746276,16.792044
"Valtice, hřbitov",48.752179,16.765439
"Valtice, kasárna",48.72931,16.774042
"Valtice, nemocnice",48.742883,16.760649
"Valtice, Úvaly",48.741519,16.705681
"Valtice, Úvaly",48.741529,16.705864
"Valtice, železniční stanice",48.74683,16.745117
"Kostice, Břeclavská",48.748801,16.976148
"Kostice, kaplička",48.747439,16.981179
"Kostice, Lanžhotská",48.742492,16.978942
"Kostice, obecní úřad",48.746393,16.981563
"Kostice, váha",48.746172,16.924543
"Lanžhot, a.n.",48.72528,16.967488
"Lanžhot, Jednota",48.722797,16.957856
"Lanžhot, obchodní středisko",48.728958,16.963511
"Lanžhot, u mostu",48.729074,16.973122
"Tvrdonice, náměstí",48.760899,16.992788
"Tvrdonice, Jižní Morava",48.779178,16.947654
"Tvrdonice, mateřská školka",48.764263,16.989576
"Tvrdonice, na konci",48.754648,16.98725
"Tvrdonice, Poza",48.770381,16.970712
"Týnec, váha",48.779382,17.009992
"Valtice, železniční zastávka",48.748547,16.762395
"Laa an der Thaya, Stadtplatz",48.720393,16.384622
"Drasenhofen, Schloss",48.749936,16.648586
"Laa an der Thaya, Bahnhof",48.723106,16.402444
"Laa/Thaya, Therme",48.723047,16.395582
"Hevlín, LAA BOMBA - SHOPPING CENTER",48.732097,16.38276
"Tvrdonice, Týnecká",48.764465,16.995481
"Falkenstein im Weinviertel, Marktplatz",48.720269,16.585181
"Poysbrunn, Hauptstraße 25",48.719908,16.627154
"Poysdorf, Dreifaltigkeitsplatz",48.668266,16.629496
"Stützenhofen, Ort",48.741832,16.612008
"Herrnbaumgarten, Ortsmitte",48.696488,16.681446
"Schrattenberg, Kirche",48.723703,16.722684
"Herrnbaumgarten, Sportplatz",48.698134,16.688738
"Blažovice, hostinec",49.166001,16.786446
"Blažovice, pod kostelem",49.162838,16.782888
Hostěrádky-Rešov,49.117312,16.785356
Jiříkovice,49.166322,16.757848
"Jiříkovice, motorest Rohlenka",49.183551,16.760812
"Mokrá-Horákov, cementárna",49.214097,16.765264
Kobylnice,49.140256,16.731918
"Kobylnice, Na Rybníku",49.142805,16.726494
"Mokrá-Horákov, Mokrá",49.223603,16.75138
"Mokrá-Horákov, sídliště",49.221086,16.751864
"Kobylnice, obecní úřad",49.137556,16.732774
Podolí,49.189827,16.726117
"Podolí, Líšeňská",49.191306,16.720177
Ponětovice,49.152329,16.741466
"Ponětovice, železniční stanice",49.15469,16.748163
"Sokolnice, zámek",49.117872,16.725042
"Šlapanice, Bedřichovice",49.179833,16.721516
"Bedřichovice, rozc.",49.183188,16.722892
"Šlapanice, Hraničky",49.171998,16.704838
"Šlapanice, Evropská",49.160548,16.700716
"Šlapanice, železniční zastávka",49.163271,16.718884
"Šlapanice, železniční stanice",49.157783,16.72924
Telnice,49.101749,16.718377
"Prace, náves",49.139466,16.765108
"Tvarožná, sokolovna",49.19306,16.776086
"Prace, škola",49.138825,16.762734
"Tvarožná, zemědělské družstvo",49.185894,16.764965
"Prace, točna",49.141058,16.764044
"Újezd u Brna, penzion",49.106569,16.765047
"Sokolnice, ObÚ",49.114044,16.721628
"Sokolnice, rozvodna",49.114916,16.704879
Velatice,49.197432,16.75305
"Sokolnice, žel.st.",49.108282,16.733696
"Žatčany, náves",49.088578,16.732552
"Žatčany, škola",49.089367,16.731432
"Žatčany, u mlýna",49.086604,16.725966
Tvarožná,49.190787,16.770356
"Tvarožná, kostel",49.190188,16.775817
"Šlapanice, Čechova",49.165914,16.722044
"Újezd u Brna, MěÚ",49.104634,16.757295
Újezd u B. Revoluční,49.106487,16.749336
"Šlapanice, Kalvodova",49.16643,16.726286
"Velatice, Maxlůvka",49.184151,16.752488
"Šlap., Riegrova",49.168445,16.726032
"Šlapanice, sídliště",49.167038,16.718401
"Mokrá-Horákov, Horákov",49.215717,16.749749
"Mokrá-Horákov, rozc.cementárna",49.210068,16.752697
"Mokrá-Horákov, lom",49.225969,16.756802
"Kobylnice, hřbitov",49.13233,16.732992
"Sokolnice, Brněnská",49.114309,16.714602
"Bošovice, obecní úřad",49.052853,16.837358
"Bošovice, Plaňava",49.047507,16.840558
"Bošovice, u parku",49.058323,16.834908
"Holubice, Curdík",49.17483,16.823643
"Holubice, kruh",49.184546,16.799512
"Holubice, nadjezd",49.178174,16.819134
"Holubice, obecní úřad",49.177278,16.813581
"Holubice, u mostu",49.179342,16.806418
Hrušky,49.129183,16.834174
"Kovalovice, Stará pošta",49.184956,16.825761
"Křenovice, dol. žel. st.",49.143621,16.832611
"Křenovice, hor.ž.s.",49.143492,16.824773
"Křenovice, u hřbitova",49.140416,16.827518
Lovčičky,49.06822,16.84938
Milešovice h.Laštůvka,49.082413,16.854648
"Milešovice, sídliště",49.089704,16.850036
"Milešovice, zast.",49.086615,16.850754
"Otnice, dělnický dům",49.082798,16.818934
"Otnice, host. U Marků",49.087121,16.812874
"Otnice, Milešovská",49.08866,16.82122
"Otnice, zdrav.stř.",49.085983,16.813928
Šaratice,49.116952,16.802559
Vážany nad Litavou,49.130573,16.855832
"Vážany nad Litavou, u mlýna",49.128938,16.851514
Zbýšov,49.129977,16.809391
"Křenovice, Sokolská",49.143182,16.830647
Dambořice,49.040033,16.917283
"Dambořice, u pomníku",49.036424,16.917627
"Klobouky u Brna, Bohumilice",49.018899,16.893451
"Klobouky u Brna, Bohumilice, rozc.",49.032172,16.884112
"Velké Hostěrádky, u bytovky",49.035716,16.868238
Heršpice,49.119348,16.91326
"Heršpice, zelnice",49.122422,16.910233
"Hodějice, rozc.",49.149573,16.915679
"Hodějice, točna",49.14025,16.919782
"Hodějice, u mostu",49.142563,16.911732
"Kobeřice, na kopci",49.09734,16.888722
"Kobeřice, pohos.",49.091723,16.88588
"Křižanovice, pož. zbrojnice",49.143667,16.938486
"Křižanovice, u Mlejnku",49.139108,16.937908
"Křižanovice, u přejezdu",49.145083,16.940023
"Křižanovice, žel. st.",49.144914,16.934918
"Němčany, obecní úřad",49.165137,16.920447
"Němčany, točna",49.168502,16.919492
"Němčany, u kovárny",49.161737,16.918137
Nížkovice,49.109536,16.901042
"Nížkovice, Na hraničkách",49.11181,16.906248
"Nížkovice, u hřiště",49.107478,16.898393
"Rašovice, škola",49.121055,16.948153
"Rašovice, u křížku",49.124243,16.942548
"Slavkov u Brna, Agrozávod",49.149518,16.853336
"Slavkov u Brna, a.s.",49.148915,16.876256
"Slavkov u Brna, Cutisín",49.153318,16.892032
"Slavkov u Brna, MEZ",49.153263,16.886033
"Slavkov u B., polik.",49.156224,16.879177
"Slavkov u Brna, rozc. k žel. st. 0.5",49.144492,16.878115
"Slavkov u B., ž.s.",49.144848,16.873652
"Velešovice, rozc.",49.167227,16.842336
"V. Hostěrádky, ObÚ",49.031262,16.871652
"Heršpice, Bílý Vlk",49.095818,16.909504
"Nížkovice, rozcestí",49.11192,16.895856
"Dambořice, Šerůčky",49.028478,16.93612
"Dambořice, Loučka",49.034669,16.924376
Borkovany,49.028593,16.809794
"Borkovany, Tomášov",49.029142,16.804831
"Borkovany, Štoček",49.024762,16.81287
"Klobouky u B., Nádr.",48.994491,16.878969
"Klobouky u Brna, Martinice, rozcestí",49.013554,16.828332
"Klobouky u B., nám.",48.995306,16.857448
"Klobouky u Brna, ropovod",48.983605,16.862812
"Klobouky u Brna, rozcestí",49.00058,16.862422
"Klobouky u Brna, samoobsluha",48.995116,16.867176
"Klobouky u Brna, samota",48.97557,16.862043
"Klobouky u Brna, škola",48.997136,16.865878
"Klobouky u Brna, Wurmova",48.993705,16.863788
Kašnice,48.99655,16.882844
Morkůvky,48.966,16.861158
"Morkůvky, obecní úřad",48.966445,16.862964
"Klobouky u Brna, hřbitov",48.998318,16.862927
"Bučovice, aut. st.",49.148057,17.001665
"Bučovice, garáže ČSAD",49.149067,16.995883
"Bučovice, jatky",49.153914,16.987459
"Bučovice, Marefy, náves",49.146454,16.970496
"Bučovice, Marefy, rozc. Letonice",49.151897,16.970958
"Bučovice, Marefy, žel. st.",49.149287,16.97315
"Letonice, obecní úřad",49.177406,16.959463
"Letonice, u kaple",49.172073,16.963862
Mouřínov,49.120978,16.979238
"Mouřínov, statek",49.125758,16.977952
"Kojátky, Kaštanov",49.169503,17.023095
"Kojátky, Šardičky",49.174402,17.030752
"Kojátky, dědina",49.171662,17.028202
"Kojátky, rozcestí",49.168142,17.006374
Bohaté Málkovice,49.189408,17.014262
Bohdalice,49.214011,17.030398
"Bohdalice-Pavlovice, Hradčany",49.209997,17.032604
"Bohdalice-Pavlovice, Manerov",49.231683,17.024695
"Bohdalice-Pavlovice, Pavlovice, rozcestí",49.219397,17.035426
"Bohdalice-Pavlovice, Pavlovice",49.211982,17.05992
"Hlubočany, Terešov, rozcestí",49.243572,17.019876
Hlubočany,49.230539,16.998032
Kozlany,49.203844,17.035187
"Kučerov, dolní konec",49.216831,17.00295
Kučerov,49.220182,17.006398
"Lysovice, kulturní dům",49.218924,16.973891
"Lysovice, ObÚ",49.21765,16.970492
"Bučovice, Černčín, rozcestí",49.157273,17.007965
"Bučovice, Černčín, ZD",49.15532,17.021122
"Bučovice, Černčín",49.156218,17.028398
"Bučovice, Kloboučky, škola",49.133729,17.006279
"Kloboučky, toč.",49.131123,17.01126
"Bučovice, Vícemilice",49.14097,17.018388
"Bučovice, dům mládeže",49.15279,17.009439
"Násedlovice, kostel",49.014265,16.961614
"Násedlovice, mlýn",49.007289,16.966862
"Násedlovice, u hřiště",49.009198,16.958218
Násedlovice,49.011567,16.958012
"Uhřice, Janův Dvůr",49.024537,16.961923
"Uhřice, dolní zastávka",49.047816,16.949199
"Uhřice, horní zastávka",49.051052,16.945724
"Uhřice, železniční stanice",49.022987,16.962236
"Žarošice, Silničná, rozcestí Uhřice",49.051823,16.953043
"Žarošice, Těšanka",49.079085,16.936527
"Žarošice, Zdravá Voda",49.065466,16.945145
"Žarošice, škola",49.039386,16.96151
Žarošice,49.040544,16.966948
"Žarošice, Zdravá Voda, osada",49.068145,16.951918
"Bučovice, zdravotní středisko",49.14811,17.005643
"Brumovice, obecní úřad",48.959188,16.896288
"Brumovice, škola",48.962954,16.896326
"Brumovice, železniční stanice",48.947187,16.905841
Karlín,48.975593,16.977302
"Karlín, farma",48.983167,16.974167
"Krumvíř, obecní úřad",48.988929,16.910556
"Krumvíř, samota Kumstát",48.996122,16.900578
"Krumvíř, sokolovna",48.990167,16.908806
"Krumvíř, statek",48.981398,16.923495
"Krumvíř, železniční stanice",48.984981,16.9172
Terezín,48.956758,16.940812
"Bučovice, železniční stanice",49.145868,17.000022
"Milonice, Roštoutky, statek",49.178291,17.056402
Milonice,49.158241,17.072138
"Nemotice, žel.st.",49.133592,17.115927
Nemotice,49.129697,17.124867
"Nesovice, Kotáry",49.149135,17.092392
"Nesovice, obecní úřad",49.148645,17.082892
"Nesovice, požární zbrojnice",49.150539,17.081624
"Nesovice, žel.st.",49.149115,17.079826
"Nevojice, točna",49.137013,17.047757
Snovídky,49.133077,17.106192
"Uhřice, na návsi",49.171422,17.079021
"Uhřice, rozcestí",49.163227,17.067172
"Hvězdlice, Nové Hvězdlice, rozcestí",49.188356,17.08978
Nové Hvězdlice,49.193359,17.083877
"Hvězdlice, Staré Hvězdlice",49.202882,17.073968
"Chvalkovice, u hřiště",49.189783,17.11772
Chvalkovice,49.187232,17.110442
Nemochovice,49.179163,17.137122
Archlebov,49.043153,17.004003
"Dražůvky, rozcestí",49.039883,17.022766
Dražůvky,49.031967,17.020073
"Nenkovice, obecní úřad",49.004088,17.011239
"Nenkovice, škola",49.004645,17.015652
"Nenkovice, u kašny",49.00178,17.008004
Věteřov,49.028514,17.056009
"Želetice, statek",49.015213,17.006876
Želetice,49.012587,17.009244
"Lovčice, dolní zastávka",49.063933,17.054197
"Lovčice, horní zastávka",49.06729,17.062489
"Lovčice, na kopci",49.068156,17.070648
"Ždánice, Červený Kříž",49.096775,17.019329
"Ždánice, hvězdárna",49.065595,17.037682
"Ždánice, Suchý řádek",49.071072,17.023704
"Ždánice, šroubárna",49.05742,17.025468
"Ždánice, zdrav.stř.",49.063885,17.026308
Ždánice,49.064517,17.029768
"Čejč, náměstí",48.946044,16.96668
"Čejč, žel.st.",48.941824,16.959174
"Čejkovice, Cigánov",48.897101,16.944014
"Čejkovice, kovárna",48.900758,16.939804
"Čejkovice, u kostela",48.905,16.944042
"Čejkovice, V Kratinách",48.909705,16.940533
"Hovorany, čerpací stanice",48.941768,16.986211
"Hovorany, důl",48.956704,17.010415
"Hovorany, kostel",48.954696,16.998178
"Hovorany, rozcestí",48.948592,16.979728
"Hovorany, škola",48.953571,16.984226
"Hovorany, zdravotní středisko",48.949852,16.981204
"Nesovice, čerpací stanice",49.149576,17.080193
"Ždánice, škola",49.067194,17.027832
Bukovany,49.041124,17.101586
"Kyjov, Bohuslavice, rozcestí",49.042666,17.119128
"Bohuslavice, ž.s.",49.05558,17.119153
"Kyjov, Bohuslavice",49.049703,17.123475
"Boršov, hor.z.",49.029744,17.121487
"Kyjov, Boršov",49.025162,17.122555
"Kyjov, aut. st.",49.006605,17.12425
"Kyjov, Brandlova sídliště",49.011923,17.136618
"Kyjov, ČSAD",49.019932,17.124135
"Kyjov, letiště",48.982633,17.129503
"Kyjov, nem.",49.006953,17.110797
"Kyjov, pod nemocnicí",49.007737,17.114275
"Kyjov, sklárna",49.003985,17.129201
"Nechvalín, dolní zastávka",49.054017,17.078154
"Nechvalín, horní zastávka",49.049112,17.083725
Ostrovánky,49.043119,17.080067
"Sobůlky, ZD",49.017737,17.080648
Sobůlky,49.021339,17.078569
Strážovice,49.0093,17.047132
"Mouchnice, Na Požárech",49.116337,17.135163
Mouchnice,49.112097,17.135128
"Brankovice, křižovatka",49.153322,17.136018
"Brankovice, obecní úřad",49.156272,17.134988
"Brankovice, žel. st.",49.150569,17.133699
"Brankovice, motorest",49.153688,17.136056
"Dobročkovice, rozcestí",49.149818,17.120426
Dobročkovice,49.16243,17.10881
"Kožušice, točna",49.156771,17.187265
Kožušice,49.157666,17.187137
Malínky,49.159153,17.16118
Stavěšice,49.001938,17.029823
"Kyjov, gymnázium",49.011762,17.12633
"Kyjov, nadjezd",49.00762,17.11903
"Kyjov, náměstí TGM",49.009988,17.122645
"Kyjov, nemocnice, křižovatka",49.007193,17.113402
"Kyjov, Nětčice, obecní dům",49.019152,17.128983
"Kyjov, Palackého",49.008143,17.130642
"Kyjov, poliklinika",49.014672,17.125657
"Kyjov, sídliště Karla Čapka",49.018148,17.134067
"Kyjov, smuteční síň",49.015572,17.134788
"Kyjov, traktorka",49.003422,17.11582
"Kyjov, Újezd, Dvořákova",49.01324,17.133735
"Kyjov, Újezd, škola",49.010588,17.13151
"Kyjov, Zahradní",49.016012,17.127543
"Kyjov, žel. st.",49.015072,17.122358
"Kyjov, Langobardská",49.004284,17.108918
"Kyjov, u fary",49.008997,17.128788
"Střílky, náměstí",49.142495,17.211307
"Koryčany, závod",49.111701,17.169482
"Koryčany, náměstí",49.106162,17.163439
"Milotice, drůbežárna",48.97231,17.133374
"Milotice, dvůr",48.965406,17.140633
"Milotice, náves",48.954458,17.142534
"Milotice, rozcestí",48.948157,17.093054
"Milotice, škola",48.954294,17.152061
Skoronice,48.981567,17.153852
"Svatobořice-Mistřín, kulturní dům",48.977845,17.090226
"Svatobořice-Mistřín, Mistřín",48.971738,17.080553
"Svatobořice-Mistřín, mlýn",48.962562,17.089017
"Svatobořice-Mistřín, restaurace",48.983344,17.094526
"Svatobořice-Mistřín, škola",48.97392,17.085426
"Svatobořice-Mistřín, textilka",48.991712,17.101143
"Svatobořice-Mistřín, železniční stanice",48.975296,17.096785
Šardice,48.963994,17.028502
"Šardice, u kapličky",48.961938,17.03335
"Šardice, Padělky",48.963872,17.050645
"Šardice, ZD",48.96209,17.043912
Vlkoš,48.9908,17.161902
"Vlkoš, křižovatka",48.990071,17.164044
"Vlkoš, škola",48.985418,17.159185
"Vlkoš, Tesko",48.987104,17.172588
"Vracov, Drahy",48.974785,17.207127
"Vracov, obecní úřad",48.979694,17.219396
"Vracov, Slokov",48.981767,17.207748
"Vracov, škola",48.980978,17.209315
Čeložnice,49.051555,17.154533
"Čeložnice, Domov důchodců",49.048863,17.154308
Hýsly,49.02388,17.183072
"Hýsly, Moštěnice, dvůr",49.030088,17.180178
"Ježov, škola",49.024393,17.213237
"Ježov, u Šupalového",49.024478,17.206302
"Ježov, zdravotní středisko",49.026442,17.209735
"Kelčany, obecní úřad",49.005392,17.173913
"Kelčany, u sklepů",49.012607,17.176457
"Kelčany, ZSP",49.012325,17.184113
"Kostelec, horní zastávka",49.032285,17.149582
"Kostelec, točna",49.026817,17.152758
"Kostelec, u mostu",49.026939,17.152267
Moravany,49.039391,17.168021
"Moravany, Kameňák",49.058545,17.175095
"Moravany, Moštěnská",49.037051,17.172474
Žádovice,49.015899,17.195658
"Žeravice, obchod",49.01681,17.23915
"Žeravice, ObÚ",49.023193,17.236705
Labuty,49.046588,17.212315
Osvětimany,49.05585,17.24943
"Osvětimany, ZD",49.056377,17.243733
Skalka,49.035232,17.208618
"Skalka, ZD",49.038236,17.207324
Vřesovice,49.058796,17.215078
"Vřesovice, Paseky",49.059482,17.219682
"Bzenec, Doubrava",48.96168,17.28707
"Bzenec, náměstí",48.972859,17.266371
"Bzenec, Novosady",48.976053,17.264322
"Bzenec, Nový Svět",48.972968,17.251471
"Bzenec, Olšovec",48.972697,17.289385
"Bzenec, Přívoz, železniční stanice",48.935821,17.288241
"Bzenec, UNIKOV",48.976552,17.305532
"Bzenec, ZŠ",48.970492,17.27964
"Bzenec, žel.st.",48.96918,17.263452
"Domanín, horní zastávka",48.99932,17.290608
"Domanín, obecní úřad",49.002052,17.284917
"Domanín, ZD",48.998968,17.29713
Syrovín,49.025557,17.263658
"Těmice, restaurace",49.000376,17.263782
"Těmice, u mlýna",49.008845,17.26609
"Těmice, ZD",49.001483,17.274727
Ořechov,49.030682,17.300456
"Bzenec, Přívoz",48.936406,17.293926
"Hostěnice, chaty",49.241828,16.764938
"Hostěnice, kasárna",49.233053,16.778794
"Hostěnice, ObÚ",49.239232,16.771882
"Hostěnice, rozc.Červený vrch",49.232777,16.795863
"Kovalovice, Dražka",49.206395,16.824338
"Kovalovice, na kopci",49.206241,16.807556
"Kovalovice, obecní úřad",49.204724,16.818802
"Pozořice, Jezera, vodojem",49.221987,16.797157
"Pozořice, Velké Lipky",49.209438,16.797722
"Pozořice, Jezera",49.215475,16.795525
"Pozořice, náměstí",49.209532,16.790621
Sivice,49.201333,16.783578
"Viničné Šumice, Hradská",49.214353,16.821804
"Viničné Šumice, obecní úřad",49.21246,16.825917
"Viničné Šumice, Psénky",49.21353,16.816405
"Viničné Šumice, točna",49.212718,16.8107
Dražovice,49.193337,16.943692
"Dražovice, na kopci",49.191844,16.947005
"Drnovice, Na žlebě",49.275992,16.939463
Drnovice,49.276548,16.952082
"Drnovice, Na vrchu",49.270526,16.949216
"Drnovice, škola",49.276192,16.950773
Habrovany,49.231398,16.877497
"Ježkovice, točna",49.298577,16.893955
"Ježkovice, u hřbitova",49.295625,16.901895
"Komořany, obecní úřad",49.216318,16.907057
"Komořany, EDP",49.219396,16.904797
"Luleč, kamenolom",49.261887,16.937008
"Luleč, obecní úřad",49.253993,16.929762
"Luleč, rozc. k žel. st.",49.250775,16.920894
Nemojany,49.246472,16.915278
Olšany,49.248937,16.863638
"Olšany, lom",49.240408,16.866624
Podbřežice,49.211937,16.928283
"Podbřežice, rozc.",49.208162,16.920518
"Račice-Pístovice, Pístovice, na kopci",49.27594,16.909033
"Račice-Pístovice, Pístovice",49.273792,16.895212
"Račice-Pístovice, Račice",49.276228,16.872419
"Račice, točna",49.277937,16.871397
"Račice-Pístovice, Račice, ZD",49.274641,16.881229
"Luleč, rozcestí",49.247442,16.943258
"Rousínov, betonárka",49.207334,16.871191
"Čechyně, náves",49.208238,16.897568
"Rousínov, Čechyně, rozcestí",49.207318,16.892172
"Rousínov, g.ČSAD",49.205697,16.882879
"Rousínov, Královopolské Vážany",49.214122,16.869162
"Rousínov, Kroužek",49.19414,16.895983
"Rousínov, aut.st.",49.203017,16.885004
"Rousínov, Rousínovec",49.197206,16.884508
"Rousínov, rozc. k žel. st.",49.199494,16.871687
Slavíkovice,49.192595,16.869697
"Rousínov, škola",49.207416,16.883228
Vítovice,49.218105,16.848654
"Rousínov, zdravotní středisko",49.203652,16.878177
"Rousínov, žel. st.",49.196667,16.867139
"Tučapy, obecní úřad",49.232287,16.917902
"Tučapy, rozcestí",49.227181,16.915589
Velešovice,49.180645,16.848503
"Velešovice, obecní úřad",49.179542,16.847312
"Velešovice, u hřiště",49.175584,16.846508
"Velešovice, u mostu",49.186499,16.841094
"Velešovice, Za Mlýnem",49.187849,16.838848
"Bukovinka, Říčky, hájenka",49.287862,16.835012
Podomí,49.34497,16.833106
Ruprechtov,49.329259,16.849153
"Ruprechtov, hájenka",49.321677,16.861782
"Ruprechtov, u hřbitova",49.325698,16.851394
"Rostěnice-Zvonovice, Zvonovice",49.234173,16.961098
"Rostěnice-Zvonovice, Rostěnice, náves",49.237807,16.965842
"Rostěnice-Zvonovice, Rostěnice",49.24034,16.961388
"Rousínov, EDP",49.197807,16.877378
"Vyškov, Agrodům",49.276382,17.003338
"Vyškov, Brňany",49.273757,17.005077
"Vyškov, Dukelská, nákup. středisko",49.281848,17.001642
"Vyškov, Dvořákova",49.279285,17.00066
"Vyškov, Hraničky",49.278726,16.987375
"Vyškov, Hybešova",49.281545,17.006617
"Vyškov, Křečkovice",49.275592,17.009653
"Vyškov, Lapač",49.27392,16.981318
"Vyškov, Moravská",49.27263,17.007428
"Vyškov, Na Vyhlídce",49.283378,17.004392
"Vyškov, Palánek",49.276107,17.000973
"Vyškov, Polik.",49.27636,16.981173
"Vyškov, Remagg",49.290433,17.010513
"Vyškov, sídl. Osvobození Dukla",49.284137,16.987182
"Vyškov, sídl. Osvobození, škola",49.280617,16.981683
"Vyškov, Sochorova",49.285911,17.00611
"Vyškov, Tovární",49.294087,17.013282
"Vyškov, Fritzmeier",49.293988,17.00977
"Vyškov, Tržiště",49.280024,17.007362
"Vyškov, Tyršova",49.278596,17.006772
"Vyškov, U podchodu",49.278518,16.997183
"Vyškov, U přejezdu",49.269441,16.978004
"Vyškov, a.n.",49.275699,16.991685
"Vyškov, Dědice, nám. Svobody",49.293898,16.979092
"Vyškov, Dědice, rozc. Opatovice",49.298092,16.973279
"Vyškov, Dědice, u hřbitova",49.289258,16.981678
"Vyškov, Dělnický dům",49.280426,16.995112
"Vyškov, Drnovská Bioveta",49.254021,16.956105
"Vyškov, garáže ČSAD",49.271157,16.988876
"Vyškov, Hamiltony",49.305323,16.969163
"Vyškov, hotel Dukla",49.285238,16.986957
"Vyškov, Lhota",49.311541,16.948617
"Vyškov, Lhota, u školy",49.309661,16.956262
"Vyškov, nemocnice",49.276304,16.982362
"Vyškov, Nouzka",49.266525,16.980388
"Vyškov, Opatovice, bytovky",49.300683,16.958572
"Opatovice, náves",49.302252,16.954362
"Vyškov, Opatovice, u mlýna",49.300165,16.957503
"Vyškov, Pařezovice, rozcestí",49.32047,16.935178
"Vyškov, Rostex",49.283475,16.990651
"Vyškov, Rychtářov",49.327197,16.919003
"Vyškov, Rychtářov, Rohlina",49.331723,16.910468
"Rychtářov, točna",49.330324,16.912508
"Vyškov, VTÚPV",49.31329,16.978358
"Dědice, kasárna",49.300995,16.981469
"Vyškov, železniční stanice",49.277668,16.991519
"Studnice, Doubrava",49.359083,16.887008
"Vyškov, Joklova",49.277148,17.01301
"Vyškov, Pustiměřská",49.297667,17.008614
"Křižanovice u Vyškova, rozcestí",49.283762,17.036751
Topolany,49.27779,17.040424
"Vyškov, Zouvalka",49.247813,17.021251
"Vyškov, Marchanice",49.282706,17.023561
"Vyškov, letiště",49.302408,17.02219
"Vyškov, sídliště Víta Nejedlého statek",49.303283,16.989897
"Vyškov, Dukelská, u čistírny",49.280611,17.000061
"Moravské Málkovice, u koupaliště",49.252492,17.092927
Moravské Málkovice,49.257758,17.090605
Orlovice,49.240533,17.094317
"Prusy-Boškůvky, Boškůvky",49.259318,17.073307
"Prusy-Boškůvky, Moravské Prusy, křiž.",49.254884,17.058397
"Prusy-Boškůvky, Moravské Prusy, pošta",49.251922,17.057426
"Prusy-Boškůvky, Moravské Prusy, ZD",49.258568,17.057638
"Vážany, Na Hraničkách",49.24781,17.051993
Vážany,49.244672,17.0509
Dětkovice,49.272378,17.144461
"Hoštice-Heroltice, Hoštice, kostel",49.287354,17.065618
"Rybníček, statek",49.277858,17.065532
Chvalkovice na H.,49.319143,17.114828
Ivanovice na H. a.s.,49.305011,17.088258
"Ivanovice na Hané, u Škrku",49.301182,17.093949
"Ivanovice na Hané, Žižkova",49.306818,17.095633
"Medlovice, rozcestí",49.277711,17.092523
Medlovice,49.273143,17.093413
Rybníček,49.275875,17.072653
Švábenice,49.278689,17.122826
Drysice,49.334829,17.057699
"Radslavice, Radslavičky",49.327155,16.99496
Radslavice,49.323835,17.001773
Zelená Hora,49.329099,17.013701
"Hoštice-Heroltice, Heroltice, rozcestí",49.285086,17.057322
"Hoštice-Heroltice, Heroltice, náves",49.28575,17.058213
"Pustiměř, u kříže",49.314192,17.02913
"Pustiměř, rozcestí",49.319006,17.02607
"Pustiměř, náves",49.322828,17.027548
"Pustiměř, ZŠ",49.32236,17.029728
"Pustiměř, kamenolom",49.320556,17.012417
"Ivanovice na Hané, Fischer",49.295038,17.095772
"Podivice, Terezička",49.359022,17.017645
Podivice,49.366493,17.011902
Pačlavice,49.259808,17.168328
"Pačlavice, Pornice",49.249768,17.182322
"Morkovice-Slížany, Morkovice, náměstí",49.246847,17.205695
"Želeč, křižovatka",49.347661,17.092356
Želeč,49.345893,17.096919
"Znojmo, Nová nem.",48.86946,16.049782
"Znojmo, Suchohrdelská, hřbitov",48.857379,16.066698
"Znojmo, Lužická",48.856165,16.058256
"Znojmo, Dobšická",48.85434,16.070623
"Znojmo, Průmyslová, u hřbitova",48.855378,16.064425
"Znojmo, Průmyslová, u lávky",48.852443,16.060748
"Znojmo, Průmyslová, KERAMIKA",48.850103,16.056776
"Znojmo, Vídeňská, Na Rejdišti",48.849914,16.054914
"Znojmo, a.n.",48.852333,16.057699
"Znojmo, nám.Komenského",48.856483,16.053275
"Znojmo, nám.Svobody, lázně",48.86064,16.049434
"Znojmo, Pražská, Policie ČR",48.863001,16.042188
"Hradiště, Jednota",48.859817,16.033024
"Znojmo, Přímětická, rozc.k Měst.lesíku",48.871452,16.040599
"Znojmo, Přímětická, Resslova",48.867764,16.041432
"Znojmo, Jubilejní park",48.863637,16.044865
"Znojmo, Jarošova",48.861254,16.051083
"Znojmo, nám.Armády",48.85896,16.058556
"Znojmo, Palackého",48.857842,16.062522
"Znojmo, ul.28.října",48.85628,16.062814
"Znojmo, Vídeňská, SILNICE",48.846957,16.057269
"Znojmo, Vídeňská, u školy",48.843488,16.060714
"Znojmo, Dukelská, sídliště",48.840628,16.063796
"Znojmo, Marešov, Melkusova",48.839202,16.061587
"Znojmo, Oblekovice",48.836152,16.069436
Popice,48.821112,16.016107
"Konice, Jednota",48.832703,16.021528
"Znojmo, Konice, pod kopcem",48.829402,16.02747
"Znojmo, Gagarinova",48.868693,16.039761
"Znojmo, Pražská",48.86835,16.034231
"Znojmo, Pražská, BILLA",48.865436,16.037918
"Znojmo, Dobšická",48.853496,16.073367
"Znojmo, Legionářská",48.867787,16.040195
"Oblekovice, Nesachleby",48.838929,16.087502
"Znojmo, Oblekovice, Bohumilice I",48.838355,16.083781
"Znojmo, Oblekovice, Bohumilice II",48.838034,16.080198
"Znojmo, Oblekovice, střed",48.836946,16.074808
"Znojmo, Oblekovice",48.8319,16.070448
"Znojmo, Oblekovice, rest.",48.834997,16.068716
"Znojmo, Dukelská, u mostu",48.83768,16.066564
"Znojmo, Alb.Brněnská",48.845965,16.066767
"Znojmo, Přímětická, rest.BRISTOL",48.86355,16.044114
"Znojmo, Přímětice, Krystal Park",48.874953,16.039723
"Znojmo, Přímětice, SKLOSTROJ",48.878854,16.037465
"Znojmo, Přímětice, sklep",48.883705,16.035332
"Přímětice, točna",48.887593,16.037652
"Znojmo, Přímětice, sídliště",48.878568,16.034456
"Přímětice, hřbitov",48.88342,16.033132
"Znojmo, Kasárna",48.89181,15.999739
"Znojmo, Brněnská, sídl.",48.843587,16.063
"Znojmo, Družstevní, autoservis",48.848026,16.065413
"Znojmo, Družstevní, DŘEVOTVAR",48.851108,16.068207
"Znojmo, Derflice",48.80969,16.140512
"Znojmo, Načeratice, host.",48.818489,16.110617
"Znojmo, nám.Republiky",48.853569,16.053822
"Znojmo, Mariánské n.",48.855961,16.054083
"Znojmo, Horní nám.",48.856643,16.04866
"Znojmo, nám.Svobody, FIALA",48.859392,16.047855
"Znojmo, Vančurova DPS",48.866673,16.045068
"Znojmo, Přímětická SOU",48.865444,16.043497
"Znojmo, Městský lesík",48.872915,16.052193
"Znojmo, Kasárna, rozcestí",48.8861,16.002033
"Znojmo, Konice, rozcestí",48.820387,16.040442
"Znojmo, Mramotice, rozcestí",48.897294,15.993394
"Mramotice, u ček.",48.902974,15.999204
"Znojmo, Mramotice, u školky",48.903628,16.002162
"Znojmo, Pražská, sídliště",48.86837,16.032862
"Hradiště, hájenka",48.859785,16.00615
"Znojmo, Přímětice, Plenkovická",48.887436,16.03153
"Znojmo, Dobšická, u hřbitova",48.855596,16.065935
"Znojmo, Popice, u hospody",48.82486,16.016215
"Znojmo, Melkusova - koupaliště",48.838798,16.058865
"Znojmo, Mramotice, u hřbitova",48.902134,16.005581
"Nový Šaldorf, škola",48.833178,16.066634
"Nový Šaldorf, autosalon",48.829415,16.062523
"Nový Šaldorf, bytovky",48.831895,16.059242
"Nový Šaldorf, Sedlešovice",48.835743,16.055682
"Dobšice, MŠ",48.848375,16.080418
"Dobšice, sídliště",48.851538,16.078315
"Dobšice, pož.z.",48.850502,16.087616
"Dobšice, rest.",48.848648,16.08555
"Suchohrdly, zahr.",48.85981,16.077636
"Suchohrdly, rozvodna",48.861701,16.081362
"Suchohrdly, prodejna",48.866411,16.089265
"Suchohrdly, škola",48.868672,16.094475
"Kuchařovice, Jednota",48.875607,16.079357
"Kuchařovice, u kostela",48.876162,16.076394
"Kuchařovice, Dřev.",48.878156,16.070183
"Suchohrdly, kurty",48.868342,16.09652
"Suchohrdly, Purkrábka",48.868852,16.106733
Bantice,48.883225,16.184494
"Dyje, cihelna",48.852634,16.113313
"Dyje, u železničního přejezdu",48.849592,16.120014
"Hodonice, střed",48.835904,16.164724
Krhovice,48.817379,16.174368
"Práče, obecní úřad",48.877022,16.20227
"Práče, rozcestí",48.87084,16.201992
"Práče, škola",48.876831,16.203741
"Strachotice, obecní úřad",48.796434,16.172633
"Strachotice, rozcestí",48.806431,16.201684
Micmanice,48.796005,16.183948
"Tasovice, škola",48.835211,16.150322
"Tasovice, u prodejen",48.836059,16.156137
"Těšetice, na hlavní",48.888025,16.157732
Plaveč,48.929175,16.079838
"Únanov, obecní úřad",48.90065,16.063477
"Únanov, závod",48.888422,16.064178
Bezkov,48.870567,15.953068
Citonice,48.881157,15.968258
"Hluboké Mašůvky, dolní zastávka",48.927801,16.026232
"Hluboké Mašůvky, hájenka",48.937038,16.00754
"H. Mašůvky, hos.",48.923132,16.025418
"Kravsko, u kovárny",48.920392,15.987062
"Kravsko, škola",48.917631,15.985649
"Kravsko, u hřbitova",48.917785,15.991638
"Kravsko, rozcestí k závodu",48.922678,15.987302
"Mašovice, hostinec",48.858426,15.974687
"Mašovice, lom",48.858162,15.981399
"Mašovice, u hřbitova",48.856368,15.972148
"Milíčovice, na st.",48.888642,15.933061
"Olbramkostel, restaurace",48.922627,15.950368
"Olbramkostel, státní silnice",48.922742,15.952216
"Olbramkostel, železniční stanice",48.903362,15.949113
"Plenkovice, Jednota",48.920146,16.00046
"Plenkovice, u ryb.",48.918495,16.002367
"Podmolí, náves",48.85154,15.93915
Žerůtky,48.905895,15.962727
"Žerůtky, rozcestí",48.909396,15.970141
Havraníky,48.809052,16.009077
Hnanice,48.796858,15.987885
"Šatov, křižovatka",48.795137,16.00584
"Šatov, ObÚ",48.792152,16.014302
"Šatov, žel.st.",48.78074,16.025751
"Dyjákovičky, křižovatka",48.784764,16.094942
"Dyjákovičky, škola",48.783703,16.095659
Chvalovice,48.786098,16.081894
"Hatě, FREEPORT",48.763111,16.060416
"Vrbovec, sklepy",48.80593,16.080433
"Vrbovec, stará zastávka",48.799121,16.100635
"Vrbovec, Hnízdo",48.773097,16.131853
"Mašovice, dvůr",48.857172,15.987367
"Podmolí, u bytovky",48.85095,15.942112
"Hluboké Mašůvky, rozcestí Plenkovice",48.919267,16.025448
"Podmolí, u bunkru",48.855708,15.923823
"Kuchařovice, H&M",48.875313,16.08157
"Nový Šaldorf, Modré sklepy",48.826472,16.053773
Borotice,48.857314,16.243855
"Borotice, Filipovice",48.852911,16.24952
"Božice, Jednota",48.836647,16.289013
"Božice, Oseva",48.844584,16.289621
"Božice, škola",48.83442,16.290619
"Božice, u pošty",48.835212,16.281316
"Božice, u sklepů",48.84786,16.259136
"Božice, železniční stanice",48.823408,16.287728
"Božice, České Křídlovice",48.838532,16.276092
Čejkovice,48.877778,16.286723
Kyjovice,48.915619,16.166621
"Lechovice, ObÚ",48.872547,16.221805
"Lechovice, zámek",48.875101,16.236465
"Oleksovice, host.",48.90176,16.250358
"Oleksovice, rozcestí",48.887528,16.260346
"Oleksovice, u potoka",48.904507,16.243616
"Prosiměřice, hostinec",48.902571,16.19242
"Prosiměřice, u bufetu",48.903646,16.190474
Stošíkovice na Louce,48.89529,16.214773
"Stošíkovice na Louce, rozcestí",48.889842,16.196684
Vítonice,48.916416,16.201048
"Mikulovice, náměstí",48.956531,16.092162
"Mikulovice, obecní úřad",48.956318,16.088968
"Mikulovice, škola",48.956275,16.089503
Němčičky,48.942055,16.088462
"Němčičky, rozcestí",48.939468,16.083075
"Rudlice, rozcestí",48.945313,16.077734
"Rudlice, samota",48.954214,16.056107
"Rudlice, u pomníku",48.94899,16.067334
"Tvořihráz, na kopečku",48.918555,16.132145
"Tvořihráz, obecní úřad",48.918973,16.139169
"Tvořihráz, Žerotická",48.920481,16.140749
"Výrovice, hostinec",48.928608,16.120277
"Výrovice, rozcestí",48.916818,16.103823
"Žerotice, Kyjovická",48.925525,16.165198
"Žerotice, požární zbrojnice",48.926906,16.167706
"Bojanovice, hospodářství ZD",48.964391,15.992004
"Bojanovice, obecní úřad",48.969058,15.989056
"Bojanovice, odbočka k pile",48.952163,15.993046
"Černín, lávka",48.980218,16.015953
"Černín, Závoda",48.981192,16.026243
"Jevišovice, náměstí",48.988044,15.992583
"Jevišovice, policie",48.983151,15.986568
Vevčice,48.962036,16.044386
"Horní Břečkov, Jed.",48.889902,15.898162
Čížov,48.87838,15.87273
"Lesná, hájenka",48.908375,15.853714
"Lesná, penzion",48.907529,15.867332
"Lesná, statek",48.914504,15.865365
"Lesná, u vodní nádrže",48.90868,15.868103
Lukov,48.863618,15.911365
"Šumná, kaplička",48.921777,15.867723
"Šumná, obecní úřad",48.920485,15.871943
"Šumná, žel.st.",48.92303,15.874153
Vracovice,48.899901,15.899864
"Vranovská Ves, Hostěrádky",48.941252,15.9262
"Vranovská Ves, u hřiště",48.952003,15.918136
"Vranovská Ves, u lesa",48.949022,15.920432
Jaroslavice,48.757258,16.233215
Křídlůvky,48.781775,16.239319
"Křídlůvky, rozcestí",48.784948,16.242421
Slup,48.78144,16.199418
"Slup, Oleksovičky, rozcestí",48.775334,16.207216
"Slup, Oleksovičky, u mostu",48.780555,16.21034
"Valtrovice, ObÚ",48.794353,16.222511
"Tvořihráz, Loucký mlýn",48.924846,16.154944
"H. Dunajovice, ObÚ",48.950248,16.159922
"Horní Dunajovice, Domčice",48.946109,16.167217
Morašice,48.957339,16.20929
Trstěnice,48.986971,16.194862
"Višňové, Mrazírny",48.978483,16.147858
"Višňové, náměstí",48.982668,16.15014
"Višňové, škola",48.984007,16.15439
"Želetice, Jednota",48.93553,16.182615
"Želetice, škola",48.938895,16.18201
"Běhařovice, obecní úřad",49.003327,16.079834
"Běhařovice, Ratišovice",48.995646,16.054492
"Běhařovice, Stupešice, prodejna",48.984883,16.075509
Křepice,48.987182,16.095533
"Rozkoš, u kapličky",49.028416,15.976725
"Rozkoš, Zátiší",49.028421,15.995144
"Slatina, horní zastávka",49.021178,16.024162
"Slatina, ObÚ",49.020038,16.017506
"Slatina, Kratochvilka",49.029101,16.031229
"Slatina, Kratochvilka, křižovatka",49.029882,16.027875
"Střelice, hájenka",49.004965,15.974225
"Střelice, požární zbrojnice",48.994166,15.983194
Blanné,48.992495,15.882532
"Blanné, obecní úřad",48.992656,15.882569
"Blanné, rozcestí",48.989711,15.8779
"Boskovštejn, hájenka",48.978287,15.947785
"Boskovštejn, požární zbrojnice",48.981859,15.932263
"Boskovštejn, středisko ZD",48.985371,15.926545
"Ctidružice, u parku",48.982255,15.861658
"Grešlové Mýto, motorest",48.981579,15.885133
"Grešlové Mýto, u mostu",48.98331,15.8827
"Grešlové Mýto, železniční stanice",48.98452,15.874648
Jiřice u Moravských Budějovic,48.993784,15.926209
"Pavlice, na kopci",48.97268,15.896
Prokopov,48.998948,15.894227
"Onšov, rozcestí",48.902469,15.837904
"Štítary, ObÚ",48.935068,15.844254
"Štítary, odbočka na pláž",48.941433,15.823362
"Štítary, škola",48.932707,15.852512
"Štítary, úpravna vody",48.944303,15.810812
"Vranov n/D., nám.",48.894524,15.813014
Vranov n/D pláž,48.914529,15.812135
"Vranov nad Dyjí, statek",48.893799,15.800728
"Vranov n/D., Zám.h.",48.896127,15.812002
"Vranov nad Dyjí, zámek",48.892928,15.808637
"Dyjákovice, nad hostincem",48.772662,16.299196
"Dyjákovice, škola",48.772805,16.303553
"Hrádek, kult.dům",48.775685,16.269721
"Hrádek, škola",48.772374,16.268124
"Hrádek, zahradnictví",48.782305,16.255478
Velký Karlov,48.803731,16.305717
"Hrádek, u mlýna",48.773287,16.275174
"Blížkovice, náměstí",48.999513,15.840092
"Blížkovice, zdravotní středisko",48.99659,15.839903
Častohostice,49.014105,15.819027
"Hostim, kompresorová stanice, rozcestí",49.003355,15.883786
"Hostim, křižovatka",49.009535,15.896009
"Hostim, náměstí",49.016895,15.898068
Zvěrkovice,49.02594,15.8643
Chvalatice,48.948788,15.749398
"Zálesí, požární zbrojnice",48.953756,15.78334
"Zálesí, rozcestí",48.965765,15.756607
"Lančov, hostinec",48.906838,15.76686
"Lančov, kaplička",48.906464,15.798889
"Podmyče, odd. Hájenka",48.884022,15.784155
"Podmyče, panelový dům",48.88737,15.783139
Starý Petřín,48.889967,15.734681
"Starý Petřín, Jazovice",48.897967,15.743681
"Starý Petřín, Nový Petřín",48.883555,15.757468
"Starý Petřín, Nový Petřín, rozcestí",48.882357,15.754371
Šafov,48.866904,15.734847
Biskupice,49.036053,16.011173
Pulkov,49.038955,15.987838
Láz,49.012467,15.786832
"Moravské Budějovice, autobusové nádraží",49.056355,15.808013
"Moravské Budějovice, Tyršova",49.04912,15.815073
"Moravské Budějovice, Urbánkova",49.048671,15.811571
"Moravské Budějovice, Lažínky",49.035189,15.833194
"Moravské Budějovice, Vesce",49.022804,15.833289
"Bítov, hrad Cornštejn",48.935688,15.711545
"Bítov, most",48.933778,15.722213
"Bítov, náměstí",48.937333,15.729102
"Bítov, rozcestí",48.944795,15.725847
"Oslnovice, váha",48.932803,15.684336
Podhradí nad Dyjí,48.90048,15.685516
"Podhradí nad Dyjí, rozcestí",48.890783,15.661967
Stálky,48.87066,15.684244
"Vysočany, most",48.937318,15.703987
"Vysočany, prodejna",48.940378,15.6891
Zblovice,48.957733,15.705153
Nové Syrovice,49.017942,15.77355
"Nové Syrovice, Krnčice",49.026532,15.788656
Korolupy,48.929959,15.645503
"Korolupy, rozcestí",48.92701,15.621778
"Lubnice, škola",48.941718,15.611095
"Lubnice, u kostela",48.938914,15.613959
"Uherčice, u parku",48.914381,15.631452
"Uherčice, statek Mitrov",48.902808,15.64658
"Uherčice, Mešovice",48.924265,15.593314
Vratěnín,48.903727,15.597175
"Drosendorf, Altstadt",48.868018,15.627482
"Drosendorf, Schule",48.864879,15.622532
Annenská,48.848079,17.126722
"Hodonín, a.n.",48.854512,17.121449
"Hodonín, Brněnská",48.862542,17.118805
"Hodonín, cihelna",48.872107,17.146554
"Hodonín, Černý most",48.866437,17.142114
"Hodonín, Kapřiska",48.852418,17.106091
"Kapřiska, ryb.",48.847976,17.092638
"Hodonín, lázně",48.862782,17.140622
"Hodonín, nem.láz.",48.862896,17.146339
"Hodonín, Pánov",48.882663,17.147456
"Hodonín, Písečný, farma",48.850152,17.067132
"Hodonín, restaurace Morava",48.855484,17.133591
"Hodonín, STS",48.871168,17.116543
"Hodonín, u podjezdu",48.851049,17.11379
"Hodonín, vodárna",48.867785,17.164752
"Hodonín, Zbrod",48.88774,17.064662
"Hodonín, Bažantnice I",48.856323,17.111235
"Hodonín, Bažantnice II",48.858567,17.109924
"Hodonín, Bažantnice III",48.860257,17.11412
"Hodonín, Bažantnice, penzion",48.853255,17.109568
"Hodonín, Bezručova",48.858547,17.1218
"Hodonín, Brandlova",48.862857,17.14024
"Hodonín, Bažantnice, cihelna",48.861242,17.117698
"Hodonín, EHO",48.845498,17.122375
"Hodonín, hřbitov",48.863108,17.153057
"Hodonín, Albert",48.852425,17.117172
"Hodonín, Janáčkova",48.858077,17.12961
"Hodonín, k zahradám",48.843735,17.1129
"Hodonín, Kapřiska",48.845175,17.092877
"Hodonín, kulturní dům",48.846128,17.125783
"Hodonín, Luční",48.856085,17.1374
"Hodonín, Masarykovo náměstí, OD IRO",48.849582,17.128513
"Hodonín, Masarykovo náměstí, pojišťovna",48.848782,17.128967
"Hodonín, Měšťanská",48.851863,17.13071
"Hodonín, Na Pískách",48.868492,17.120748
"Hodonín, Nesyt, farma",48.839363,17.104382
"Hodonín, obchodní centrum u cukrovaru",48.854022,17.11865
"Hodonín, Očovská, KD",48.850752,17.134757
"Hodonín, Rudolfa Filipa, sídliště",48.859417,17.137738
"Hodonín, Rodinova",48.853053,17.125915
"Hodonín, Rozmarýn",48.859875,17.135512
"Hodonín, Šumná",48.851783,17.137283
"Hodonín, Ústřední dílny",48.84567,17.118408
"Hodonín, žel.st.",48.855748,17.121715
"Dolní Bojanovice, dolní zastávka",48.856073,17.030057
"D. Bojanovice, h.z.",48.861975,17.026182
"Mutěnice, drůbežárna",48.915561,17.0485
"Mutěnice, křižovatka",48.904577,17.028731
"Mutěnice, škola",48.907585,17.019059
"Mutěnice, u mlýna",48.907723,17.033962
"Nový Poddvorov, obecní úřad",48.870108,16.964092
"Nový Poddvorov, rozcestí",48.875901,16.975028
"Starý Poddvorov, Čekačka",48.875976,16.99802
"Starý Poddvorov, hřiště",48.881437,16.988943
"Starý Poddvorov, obec",48.878469,16.981495
Hrušky,48.794166,16.970586
"Hrušky, motorest",48.78687,16.950378
"Josefov, u kostela",48.83918,17.009504
"Lužice, obchodní dům",48.841712,17.073183
"Lužice, rozcestí",48.844704,17.08271
"Lužice, u školy",48.837399,17.06954
"Lužice, zdravotní středisko",48.831782,17.067122
"Lužice, železniční stanice",48.828193,17.062245
"Mikulčice, cihelna",48.816452,17.047072
"Mikulčice, důl Mír",48.82133,17.044767
"Mikulčice, obecní úřad",48.817186,17.051169
"Mikulčice, Těšice",48.821502,17.059038
"Moravská Nová Ves, Jednota",48.807628,17.008481
"Moravská Nová Ves, křižovatka",48.802639,17.014648
"Moravská Nová Ves, ZD",48.799726,17.008258
"Mor. Nová Ves, ž.s.",48.799988,17.021595
"Prušánky, na konci",48.830442,16.986932
"Prušánky, obecní úřad",48.829005,16.981547
"Prušánky, u mlýna",48.831712,16.971945
"Rohatec, Kolonie, Maryša",48.888626,17.208227
"Rohatec, Kolonie, rozc. k žel. stanici",48.893762,17.202142
"Rohatec, na kopci",48.887503,17.189532
"Rohatec, náměstí",48.88026,17.181564
"Rohatec, Smíchov",48.875119,17.178045
"Rohatec, Soboňky",48.895421,17.218332
"Rohatec, u školy",48.872619,17.176008
"Dubňany, kemp Josef",48.930337,17.098069
"Dubňany, Horní Huť",48.926363,17.08807
"Dubňany, Jarohněvice",48.924738,17.075872
"Dubňany, kaplička",48.916177,17.089454
"Dubňany, kostel",48.922912,17.107818
"Dubňany, náměstí",48.920184,17.102718
"Dubňany, obchodní dům",48.918587,17.099904
"Dubňany, pivnice",48.916404,17.096321
"Dubňany, rozcestí k železniční stanici",48.920718,17.073278
"Dubňany, škola",48.911026,17.100696
"Dubňany, školka",48.917089,17.093408
"Dubňany, u mlýna",48.915063,17.098965
"Dubňany, učiliště",48.917788,17.084938
Ratíškovice,48.920918,17.161616
"Ratíškovice, drůbežárna",48.931656,17.168898
"Ratíškovice, rozcestí Tomáš",48.927789,17.158334
"Ratíškovice, Hradčany",48.917524,17.170129
"Ratíškovice, U Hájenky",48.91532,17.160521
"Ratíškovice, u Svatého Jána",48.923634,17.168248
Vacenovice,48.945309,17.174035
"Vacenovice, stadion",48.939542,17.170668
"Vacenovice, dolní konec",48.953116,17.175728
"Holíč, Sasinkova ulica",48.814305,17.157929
"Holíč, kníhkupectvo Bystrický",48.81964,17.163558
"Vrádište, rázcestie",48.828336,17.189512
"Skalica, rázcestie k železničnej stanici",48.846274,17.223137
"Skalica, železničná stanica",48.85025,17.219242
"Skalica, Daňový úrad",48.840196,17.216378
"Skalica, Mallého ulica",48.843244,17.222585
"Mikulčice, hradiště",48.804672,17.08539
Petrov,48.881746,17.277334
Radějov,48.857631,17.346749
"Radějov, chaty",48.853651,17.359611
"Radějov, škola",48.861993,17.340142
"Strážnice, ATC",48.909397,17.310663
"Strážnice, aut. st.",48.898003,17.316382
"Strážnice, náměstí 17. listopadu",48.902428,17.318189
"Strážnice, Radějovská",48.893522,17.312648
"Strážnice, Úprkova",48.903017,17.31951
"Strážnice, Skalická brána",48.896062,17.304558
"Strážnice, škola",48.898532,17.30637
"Strážnice, Vinohrady",48.883081,17.320048
"Sudoměřice, křižovatka",48.867644,17.257454
"Sudoměřice, obecní úřad",48.870862,17.249534
Tvarožná Lhota,48.877349,17.35945
"Tvarožná Lhota, Čertův mlýn",48.859993,17.37944
"Tvarožná Lhota, hájenka",48.854042,17.373078
"Tvar. Lhota, Lučina",48.86196,17.390067
Kozojídky,48.919005,17.39839
"Moravský Písek, Kolonie, rozcestí",48.979605,17.318146
"M. Písek, Kolonie, ž.s.",48.977317,17.314196
"Moravský Písek, mateřská školka",48.98544,17.331529
"Moravský Písek, obecní úřad",48.990135,17.331535
"Veselí nad Moravou, Bartolomějské nám.",48.953692,17.37859
"Veselí nad Moravou, Břestek",48.961608,17.392118
"Veselí nad Moravou, Chaloupky",48.955742,17.38522
"Veselí nad Moravou, Lány, sídliště",48.947606,17.374718
"Veselí n/M., Milokošť",48.966323,17.397452
"Veselí nad Moravou, Purkyňova",48.949856,17.386874
"Veselí n/M., u polik.",48.949597,17.390094
"Veselí n/M., Náklí",48.945255,17.371014
"Veselí nad Moravou, Zarazice, restaurace",48.941274,17.365618
"Veselí nad Moravou, Zarazice, Crhounkova",48.938283,17.361322
"Veselí n/M., ž.s.",48.949044,17.38219
"Veselí nad Moravou, železárny",48.946391,17.387641
"Vnorovy, Lidéřovice",48.923309,17.339484
"Vnorovy, lidový dům",48.933415,17.352495
"Vnorovy, přejezd",48.936437,17.356001
"Vnorovy, škola",48.927054,17.345296
Žeraviny,48.908663,17.394697
"Kozojídky, ZD",48.91369,17.397294
"Vnorovy, obecní úřad",48.931537,17.351093
"Blatnice pod Sv. Antonínkem, křižovatka",48.946098,17.462502
"Blatnice pod Sv. Antonínkem, Vrbové",48.946128,17.470711
Blatnička,48.934524,17.528391
"Hroznová Lhota, dolní konec",48.901384,17.419052
"Hroz. Lhota, kostel",48.910888,17.416282
"Hroznová Lhota, obecní úřad",48.907058,17.417175
"Hroznová Lhota, zdravotní středisko",48.91018,17.416182
Kněždub,48.885756,17.387649
"Kněždub, obecní úřad",48.886856,17.396004
Lipov,48.907512,17.456616
"Lipov, škola",48.905,17.461045
"Lipov, Újezdy",48.900817,17.444352
"Lipov, závod",48.908362,17.470036
"Lipov, ZD",48.905514,17.447156
"Louka, obecní úřad",48.915698,17.486482
"Louka, u mostu",48.912148,17.496441
"Louka, ZD",48.915639,17.480564
Tasov,48.907059,17.430081
"Uherský Ostroh, Dyas",48.982076,17.401028
"Uherský Ostroh, most",48.986788,17.393685
"Uherský Ostroh, náměstí",48.98507,17.3888
Boršice u Blatnice,48.934743,17.5715
"Boršice u Blatnice, pošta",48.932417,17.574873
Hrubá Vrbka,48.871418,17.477884
"Hrubá Vrbka, Bařiny",48.871574,17.485425
"Hrubá Vrbka, kostel",48.869848,17.479986
"Hrubá Vrbka, školka",48.866392,17.477453
"Hrubá Vrbka, ZD",48.868061,17.473469
Javorník,48.86417,17.53255
"Javorník, Petruchovy mlýny",48.869748,17.546245
Kuželov,48.861393,17.484533
"Kuželov, točna",48.859785,17.488888
Malá Vrbka,48.869208,17.459224
"Malá Vrbka, zastávka",48.867188,17.461744
"Nová Lhota, Čerešníkovy mlýny",48.878645,17.600692
"Nová Lhota, dolní zastávka",48.863308,17.591053
"Nová Lhota, Fojtíkovy mlýny",48.874877,17.6117
"Nová Lhota, h.z.",48.860783,17.594056
"Nová Lhota, Mlýny, u kříže",48.881335,17.592835
"Nová Lhota, Vápenky",48.874513,17.629813
"Nová Lhota, Vápenky, hájenka",48.872419,17.622012
Suchov,48.911776,17.56199
"Suchov, Podhajské mlýny",48.87491,17.568487
"Suchov, rozcestí",48.927648,17.554514
"Suchov, Suchovské mlýny",48.88413,17.578701
"Suchov, točna",48.904775,17.563885
"Suchov, Trnová",48.894258,17.575535
"Suchov, Zámečníkovy mlýny",48.881958,17.58564
Velká nad Veličkou,48.87941,17.518443
"Velká nad Veličkou, pila",48.868981,17.522525
"Velká nad Veličkou, rozcestí Myjava",48.874632,17.519088
"Velká nad Veličkou, škola",48.88048,17.515289
"Velká n/V., záv.",48.889841,17.512837
"Velká n/V., ž.s.",48.878849,17.511073
"Velká nad Veličkou, Žilkův mlýn",48.904389,17.505433
Malé Hradisko,49.493145,16.876292
"Malé Hradisko, Okluky",49.498493,16.907412
Stínava,49.495957,16.930854
Vícov,49.487985,16.961462
"Plumlov, Hamry",49.47075,16.968803
"Plumlov, Žárovice",49.46226,16.98482
"Plumlov, Soběsuky",49.462524,16.996119
Plumlov,49.465794,17.015287
"Plumlov, přehrada",49.470946,17.02677
"Mostkovice, kino",49.472392,17.039886
"Mostkovice, pomník",49.473076,17.054156
"Prostějov, Krasice, rozcestí",49.47226,17.087386
"Prostějov, nemocnice",49.47517,17.089465
"Prostějov, Floriánské náměstí",49.473215,17.106459
"Prostějov, Svatoplukova DONA",49.47264,17.121691
Brodek u Prostějova,49.370408,17.091042
"Hradčany-Kobeřice, Kobeřice",49.371833,17.113586
Dobrochov,49.38706,17.099102
"Dobrochov, pohostinství",49.385576,17.106075
"Vranovice-Kelčice, Kelčice, pod mostem",49.403115,17.104593
"Vranovice-Kelčice, Kelčice, motorest",49.404252,17.106657
"Prostějov, Brněnská",49.465154,17.111538
"Prostějov, Újezd",49.471603,17.117589
"Prostějov, Lidická",49.468033,17.117021
Litohoř,49.06609,15.769107
Jakubov u Moravských Budějovic,49.080677,15.761564
"Lesonice, rozcestí",49.100071,15.730916
"Želetava, Horky",49.126743,15.696134
"Želetava, Šašovice, rozcestí",49.133732,15.6857
Želetava,49.142214,15.672906
"Svojkovice, U anděla",49.169895,15.640387
"Markvartice, Kasárna",49.181433,15.631975
"Sedlatice, rozcestí",49.197168,15.621783
Hladov,49.216339,15.611097
Dlouhá Brtnice,49.23773,15.604424
Stonařov,49.281784,15.586721
"Suchá, Prostředkovice",49.293907,15.580391
Suchá,49.301019,15.578191
"Suchá, Beranovec",49.317936,15.575477
Vílanec,49.333865,15.576633
"Jihlava, Znojemská",49.389048,15.593487
"Jihlava, aut.nádr.",49.399603,15.581149
Markvartice,49.176888,15.617051
Stará Říše,49.177253,15.595395
"Sedlatice, rozcestí St. Říše",49.194836,15.605085
Čížov,49.352272,15.583985
Rančířov,49.361325,15.584339
"Jihlava, Ráj",49.374104,15.586048
Babice nad Svitavou,49.275556,16.670833
Dolní Lhota,49.386917,16.633978
Blansko město,49.361389,16.638889
Svitávka,49.500067,16.5975
Zboněk,49.520556,16.584194
Letovice zastávka,49.534833,16.5775
Velké Opatovice,49.611111,16.690833
Věžná,49.451547,16.270316
Rovné-Divišov,49.547632,16.172826
Střelice,49.153889,16.483056
Omice,49.16496,16.43926
Rosice u Brna,49.17883,16.38528
Radostice,49.133611,16.461944
Silůvky,49.108611,16.462778
Vysoké Popovice,49.178333,16.291111
Kralice nad Oslavou,49.193333,16.204722
"Ivančice, letovisko",49.094167,16.40225
"Ivančice, město",49.099167,16.383722
Bohutice,48.987956,16.356025
"Vojkovice nad Svratkou, žel. st.",49.056208,16.597445
Pouzdřany,48.942025,16.630527
Popice,48.924332,16.668084
Rakvice,48.85979,16.81992
Velké Pavlovice,48.88985,16.823672
Velké Pavlovice zastávka,48.901672,16.8224
Kobylí na Moravě,48.934022,16.881272
Jevišovka,48.820272,16.467125
Dolenice,48.9122,16.367822
Břežany,48.873106,16.367539
Březí,48.812925,16.554169
Dobré Pole,48.820008,16.533833
Pravice,48.848689,16.370211
Sedlec u Mikulova,48.774564,16.699006
Boří les,48.738078,16.866374
Lanžhot,48.732948,16.962504
Újezd u Brna,49.107297,16.745564
Hostěrádky-Rešov,49.119722,16.7825
Blažovice,49.163735,16.798179
Zbýšov,49.132222,16.806111
Nevojice,49.136847,17.04775
Jestřabice,49.088889,17.113333
Kyjov zastávka,49.003117,17.124022
Vlkoš,48.987806,17.163569
Vracov,48.976457,17.221155
Bzenec - Olšovec,48.970217,17.293339
Luleč,49.248056,16.921667
Hoštice-Heroltice,49.291389,17.057778
Chvalkovice na Hané,49.321667,17.111389
Nezamyslice,49.336,17.1625
Znojmo - Nový Šaldorf,48.820061,16.044266
Znojmo nemocnice,48.865504,16.048394
Hodonice,48.841514,16.164403
Dyje,48.850047,16.1205
Citonice,48.878906,15.977467
Blížkovice,49.004292,15.854364
Vesce,49.019071,15.831277
Moravské Budějovice,49.057522,15.809326
Hrušky zastávka,48.787124,16.98157
Rohatec zastávka,48.88309,17.178111
Rohatec,48.892515,17.197852
Rohatec kolonie,48.892642,17.212111
Mutěnice zastávka,48.911986,17.027008
Mutěnice,48.904678,17.039875
Petrov,48.878911,17.273703
Sudoměřice nad Moravou,48.871653,17.243039
Moravský Písek zastávka,48.991257,17.330117
Veselí nad Moravou - Zarazice,48.937236,17.361306
Vnorovy,48.931508,17.348464
Louka u Ostrohu,48.912234,17.484226
Lipov,48.909806,17.457953
Blatnice pod Sv. Antonínkem,48.941163,17.437706
Uherský Ostroh,48.982007,17.403489
Vrbovce,48.824439,17.516352
Javorník nad Veličkou zastávka,48.86,17.520833
Vrbovce zastávka,48.804784,17.52869
Brestovec,48.786012,17.557593
Myjava,48.763641,17.570897
"Prostějov, aut.st.",49.472821,17.128622
Ostrožská Nová Ves,49.009784,17.436582
Nedakonice,49.032515,17.374985
Kostelany nad Moravou,49.052678,17.396915
Kunovice zastávka,49.038246,17.461076
Kunovice,49.051956,17.470389
Uherské Hradiště,49.066853,17.457128
Staré Město u Uherského Hradiště,49.076127,17.422756
Unterretzbach,48.764701,16.007784
Retz,48.753724,15.957444
Ostrožská Nová Ves lázně,49.018181,17.446255
