"Hevlín, škola",48.751285,16.380187,ZN
"Hevlín, cihelna",48.76138699999999,16.38346,ZN
Hrabětice,48.79686199999999,16.395222,ZN
"Šanov, u mostu",48.799235,16.386832,ZN
"Šanov, požární zbrojnice",48.802143,16.373927,ZN
"Hrušovany nad Jevišovkou, žel. st.",48.810465,16.38336,ZN
"Hrabětice, rozcestí",48.811255,16.39406,ZN
"Hrušovany nad Jevišovkou, statek",48.817401999999994,16.397767,ZN
"Hrušovany nad Jevišovkou, lékárna",48.828765,16.399643,ZN
"Hrušovany nad Jevišovkou, Lidická, VÚPP",48.831472,16.401928,ZN
"Hrušovany nad Jevišovkou, STS",48.842858,16.403833,ZN
"Litobratřice, u konírny",48.88357700000001,16.400955,ZN
"Litobratřice, obecní úřad",48.887874999999994,16.403302,ZN
Jiřice u Miroslavi,48.920697,16.39138,ZN
"Troskotovice, prodejna",48.91862499999999,16.432717,BO
"Troskotovice, škola",48.918848,16.436795,BO
"Troskotovice, hřbitov",48.92200199999999,16.441158,BO
"Vlasatice, Troskotovická",48.931067,16.48339,BO
"Vlasatice, obecní úřad",48.933742999999986,16.484258,BO
"Pohořelice, Velký Dvůr, rozcestí",48.96221,16.519497,BO
"Pohořelice, průmyslová zóna jih",48.971925,16.516942,BO
"Pohořelice, Městský úřad",48.97707299999999,16.515407,BO
"Pohořelice, náměstí",48.980878,16.522413,BO
"Pohořelice, Brněnská",48.98495599999999,16.530513,BO
"Pohořelice, průmyslová zóna východ",48.990539,16.540751,BO
"Modřice, Brněnská",49.130131999999996,16.604936,BO
"Brno,Ústřední hřbitov",49.170740999999985,16.597834,BM
"Brno,Strážní",49.178207,16.603976,BM
"Brno,ÚAN Zvonařka",49.185363999999986,16.616151,BM
"Brno,Strážní",49.178477,16.603646,BM
"Brno,Ústřední hřbitov",49.17074399999999,16.597612,BM
"Modřice, Tyršova",49.130136,16.603469,BO
"Pohořelice, průmyslová zóna východ",48.98992100000001,16.539353,BO
"Pohořelice, Brněnská",48.984842999999984,16.529998,BO
"Pohořelice, náměstí",48.980709,16.521906,BO
"Pohořelice, Městský úřad",48.976752,16.515348,BO
"Pohořelice, průmyslová zóna jih",48.97133699999999,16.516835,BO
"Pohořelice, Velký Dvůr, rozcestí",48.96186,16.519344,BO
"Vlasatice, obecní úřad",48.93369999999999,16.484063,BO
"Vlasatice, Troskotovická",48.931128,16.48354,BO
"Troskotovice, hřbitov",48.92188199999999,16.440898,BO
"Troskotovice, škola",48.91887799999999,16.436692,BO
"Troskotovice, prodejna",48.918698,16.43252,BO
Jiřice u Miroslavi,48.920697,16.39138,ZN
"Litobratřice, obecní úřad",48.88839699999999,16.40314,ZN
"Litobratřice, u konírny",48.883443,16.400735,ZN
"Hrušovany nad Jevišovkou, STS",48.84292799999999,16.40373,ZN
"Hrušovany nad Jevišovkou, Lidická, VÚPP",48.83151699999999,16.401898,ZN
"Hrušovany nad Jevišovkou, lékárna",48.828742,16.399458,ZN
"Hrušovany nad Jevišovkou, statek",48.81759499999999,16.39771,ZN
"Hrabětice, rozcestí",48.811255,16.39406,ZN
"Hrušovany nad Jevišovkou, žel. st.",48.81046199999999,16.383468,ZN
"Šanov, požární zbrojnice",48.80209299999999,16.374043,ZN
"Šanov, u mostu",48.799232,16.386737,ZN
Hrabětice,48.796863,16.395113,ZN
"Hevlín, cihelna",48.76152999999999,16.383382,ZN
"Hevlín, škola",48.751509999999996,16.380257,ZN
"Hevlín, LAA BOMBA - SHOPPING CENTER",48.732096999999996,16.38276,ZN
"Laa an der Thaya, Stadtplatz",48.720393,16.384622,
"Laa an der Thaya, Bahnhof",48.72288099999999,16.402679,
"Laa an der Thaya, Therme",48.723046999999994,16.395582,
"Laa an der Thaya, Therme",48.723046999999994,16.395582,
"Laa an der Thaya, Bahnhof",48.723330999999995,16.402208,
"Laa an der Thaya, Stadtplatz",48.720393,16.384622,
"Hevlín, LAA BOMBA - SHOPPING CENTER",48.732096999999996,16.38276,ZN
"Brno,ÚAN Zvonařka",49.185363999999986,16.616151,BM
"Znojmo, autobusové nádraží",48.851907999999995,16.056983,ZN
"Znojmo, autobusové nádraží",48.851886,16.057356,ZN
"Brno,ÚAN Zvonařka",49.185363999999986,16.616151,BM
"Mikulov, železniční stanice",48.801587,16.626658,BV
"Mikulov, u parku",48.802552000000006,16.63395,BV
"Mikulov, Brněnská",48.81225799999999,16.630495,BV
"Bavory, rozcestí",48.83092499999999,16.612887,BV
"Dolní Dunajovice, rozcestí",48.851635,16.608425,BV
"Dolní Dunajovice, Jednota",48.855323000000006,16.591977,BV
"Dolní Dunajovice, Hlavní",48.857637,16.58679,BV
"Brod nad Dyjí, obecní úřad",48.876282,16.536815,BV
"Pasohlávky, u kostela",48.90308,16.54164,BO
"Pasohlávky, rozcestí Ivaň",48.919619000000004,16.556467,BO
"Pohořelice, Nová Ves",48.937337999999976,16.528195,BO
"Pohořelice, náměstí",48.980878,16.522413,BO
"Brno,ÚAN Zvonařka",49.185363999999986,16.616151,BM
"Pohořelice, náměstí",48.980709,16.521906,BO
"Pohořelice, Nová Ves",48.936807,16.528422,BO
"Pasohlávky, rozcestí Ivaň",48.918192999999995,16.556709,BO
"Pasohlávky, u kostela",48.90308,16.54164,BO
"Brod nad Dyjí, obecní úřad",48.876305,16.536722,BV
"Dolní Dunajovice, Hlavní",48.857566999999996,16.586967,BV
"Dolní Dunajovice, Jednota",48.85473699999999,16.592543,BV
"Dolní Dunajovice, rozcestí",48.85061499999999,16.60982,BV
"Bavory, rozcestí",48.83059299999999,16.612673,BV
"Mikulov, Brněnská",48.812087999999996,16.630516,BV
"Mikulov, 22. dubna",48.805487,16.633496,BV
"Mikulov, u parku",48.802116999999996,16.634445,BV
"Mikulov, železniční stanice",48.80216000000001,16.62617,BV
"Pohořelice, Vilémov",48.948333,16.531333,BO
"Pohořelice, Mariánský dvůr",48.956485,16.530842,BO
"Pohořelice, Velký Dvůr",48.962087,16.532687,BO
"Pasohlávky, rozcestí Ivaň",48.918490999999996,16.558356,BO
"Pasohlávky, Aqualand Moravia",48.904458999999996,16.575919,BO
"Rousínov, rozc. k žel. st.",49.198975,16.870335,VY
"Velešovice, u mostu",49.186552,16.841008,VY
"Holubice, kruh",49.184597000000004,16.799528,BO
"Jiříkovice, motorest Rohlenka",49.18366699999999,16.760583,BO
"Šlapanice, Bedřichovice, rozc.",49.182976999999994,16.72308,BO
"Brno,Slatina, sídliště",49.18229,16.690089,BM
"Brno,Černovičky",49.18355499999999,16.666764,BM
"Vyškov, Autobusové nádraží",49.27587799999999,16.99145,VY
"Vyškov, železniční stanice",49.278115,16.992202,VY
"Vyškov, Dělnický dům",49.280364999999996,16.995232,VY
"Vyškov, Rostex",49.28355799999999,16.990612,VY
"Vyškov, hotel Dukla",49.285239999999995,16.986955,VY
"Vyškov, Dědice, u hřbitova",49.28951999999999,16.981548,VY
"Vyškov, Dědice, nám. Svobody",49.29417,16.979015,VY
"Vyškov, Dědice, kasárna",49.300943,16.98151,VY
"Vyškov, Dědice, rozc. Opatovice",49.29811999999999,16.973313,VY
"Vyškov, Hamiltony",49.30533199999999,16.969203,VY
"Vyškov, Lhota, u školy",49.309774999999995,16.955875,VY
"Vyškov, Lhota",49.311584999999994,16.948827,VY
"Vyškov, Pařezovice, rozcestí",49.320457,16.935295,VY
"Vyškov, Rychtářov",49.32719699999999,16.919003,VY
"Vyškov, Rychtářov, točna",49.33032399999999,16.912508,VY
"Vyškov, Rychtářov, točna",49.33032399999999,16.912508,VY
"Vyškov, Rychtářov",49.32719699999999,16.919003,VY
"Vyškov, Pařezovice, rozcestí",49.320483,16.93506,VY
"Vyškov, Lhota",49.311496999999996,16.948407,VY
"Vyškov, Lhota, u školy",49.309546999999995,16.956648,VY
"Vyškov, Hamiltony",49.305315,16.969123,VY
"Vyškov, Dědice, rozc. Opatovice",49.29806299999999,16.973245,VY
"Vyškov, Dědice, nám. Svobody",49.293626999999994,16.97917,VY
"Vyškov, Dědice, u hřbitova",49.288997,16.981807,VY
"Vyškov, hotel Dukla",49.28523699999999,16.986958,VY
"Vyškov, Rostex",49.28339199999999,16.99069,VY
"Vyškov, Dělnický dům",49.280487,16.994993,VY
"Vyškov, železniční stanice",49.278112,16.992207,VY
"Vyškov, Rychtářov, Rohlina",49.33172299999999,16.910468,VY
"Studnice, Doubrava",49.359083,16.887012,VY
Studnice,49.37566499999999,16.879715,VY
"Studnice, Odrůvky",49.394393,16.882133,VY
Nové Sady,49.408905,16.901903,VY
Nové Sady,49.408905,16.901903,VY
"Studnice, Odrůvky",49.39437999999999,16.882065,VY
Studnice,49.37566499999999,16.879715,VY
"Studnice, Doubrava",49.359083,16.887005,VY
"Vyškov, Opatovice, u mlýna",49.30016499999999,16.957503,VY
"Vyškov, Opatovice, náves",49.302252,16.954362,VY
"Vyškov, Opatovice, bytovky",49.300683,16.958572,VY
"Vyškov, Autobusové nádraží",49.275723,16.991653,VY
"Rousínov, autobusová stanice",49.203115,16.885139,VY
"Velešovice, obecní úřad",49.179512,16.847277,VY
"Velešovice, u hřiště",49.175273,16.846278,VY
"Slavkov u Brna, poliklinika",49.156228000000006,16.87922,VY
"Slavkov u Brna, aut. st.",49.148898,16.876145,VY
"Slavkov u Brna, aut. st.",49.148898,16.876145,VY
"Velešovice, u hřiště",49.175895999999995,16.846738,VY
"Velešovice, obecní úřad",49.179572,16.847348,VY
"Rousínov, autobusová stanice",49.203043,16.885015,VY
"Kovalovice, Stará pošta",49.18501799999999,16.826655,BO
"Velešovice, Za Mlýnem",49.18774799999999,16.838822,VY
"Slavkov u Brna, žel. st.",49.144746999999995,16.87383,VY
"Nížkovice, u hřiště",49.107553,16.898418,VY
"Kobeřice, na kopci",49.09734,16.888722,VY
"Kobeřice, pohostinství",49.09172300000001,16.88588,VY
"Kobeřice, pohostinství",49.09172300000001,16.88588,VY
"Kobeřice, na kopci",49.09734,16.888722,VY
"Nížkovice, u hřiště",49.107402,16.898368,VY
Nížkovice,49.10952,16.900963,VY
"Nížkovice, Na hraničkách",49.11181,16.906248,VY
Heršpice,49.119358,16.913313,VY
"Heršpice, zelnice",49.12242199999999,16.910233,VY
"Slavkov u Brna, žel. st.",49.144746999999995,16.87383,VY
"Znojmo, autobusové nádraží",48.851706,16.057086,ZN
"Znojmo, Vídeňská, u školy",48.843182999999996,16.060932,ZN
"Znojmo, Dukelská, u mostu",48.837405,16.066682,ZN
"Znojmo, Načeratice, host.",48.81841099999998,16.110672,ZN
"Znojmo, Derflice",48.809599999999996,16.140661,ZN
"Strachotice, obecní úřad",48.79636,16.172543,ZN
"Strachotice, Micmanice",48.79596200000001,16.183967,ZN
Slup,48.78137199999999,16.199545,ZN
"Slup, Oleksovičky, rozcestí",48.77529,16.207227,ZN
Jaroslavice,48.75725799999999,16.233215,ZN
"Hrádek, kulturní dům",48.775425000000006,16.269938,ZN
"Hrádek, u mlýna",48.773191999999995,16.278031,ZN
"Dyjákovice, nad hostincem",48.772632,16.29921,ZN
"Dyjákovice, škola",48.772805,16.303553,ZN
"Hevlín, škola",48.751509999999996,16.380257,ZN
"Hevlín, škola",48.751285,16.380187,ZN
"Dyjákovice, škola",48.772805,16.303553,ZN
"Dyjákovice, nad hostincem",48.772692,16.299182,ZN
"Hrádek, u mlýna",48.773441999999996,16.277078,ZN
"Hrádek, kulturní dům",48.775943999999996,16.269504,ZN
Jaroslavice,48.75725799999999,16.233215,ZN
"Slup, Oleksovičky, rozcestí",48.775377999999996,16.207205,ZN
"Slup, Oleksovičky, u mostu",48.78055499999999,16.21034,ZN
Slup,48.781508,16.199292,ZN
"Strachotice, Micmanice",48.796048,16.18393,ZN
"Strachotice, obecní úřad",48.796507,16.172722,ZN
"Znojmo, Derflice",48.80978000000001,16.140364,ZN
"Znojmo, Načeratice, host.",48.818567,16.110561,ZN
"Znojmo, Dukelská, u mostu",48.837954999999994,16.066447,ZN
"Pasohlávky, Aqualand Moravia",48.904593,16.576193,BO
"Kubšice, křižovatka",49.00194299999998,16.408638,ZN
"Olbramovice, prodejna",48.98987699999999,16.395692,ZN
"Olbramovice, restaurace",48.98416699999999,16.400743,ZN
"Šumice, škola",48.99171999999999,16.437268,BO
"Loděnice, křižovatka Šumická",49.011128,16.458595,BO
"Loděnice, obecní úřad",49.01147499999999,16.46323,BO
"Loděnice, škola",49.01177199999999,16.468037,BO
"Malešovice, obecní úřad",49.02290999999999,16.500288,BO
"Odrovice, bytovky",49.011845,16.506925,BO
Odrovice,49.007024,16.51119,BO
Cvrčovice,48.996642,16.512835,BO
"Cvrčovice, učiliště",48.990818,16.516293,BO
"Pohořelice, Tyršova",48.983599999999996,16.51948,BO
"Pohořelice, náměstí",48.98075099999999,16.522478,BO
"Brno,Novomoravanská",49.153104,16.600346,BM
"Brno,Moravanské lány",49.149585,16.601004,BM
"Brno,Moravanská",49.14288699999999,16.602097,BM
"Rajhrad, městský úřad",49.089663,16.603985,BO
"Rajhrad, železniční stanice",49.083878999999996,16.605011,BO
"Rajhrad, stará pošta",49.08775899999999,16.591479,BO
"Rajhrad, GEIS",49.08537999999999,16.582,BO
Syrovice,49.080328,16.548173,BO
"Syrovice, logistický areál",49.075932999999985,16.55606,BO
"Syrovice, Sobotovická",49.07762499999999,16.545298,BO
"Sobotovice, transformátor",49.06140099999999,16.552707,BO
Sobotovice,49.059067,16.558138,BO
"Ledce, obecní úřad",49.052175000000005,16.555735,BO
"Ledce, rozcestí",49.04971,16.565488,BO
"Medlov, seniorcentrum",49.035713,16.528477,BO
Medlov,49.034707,16.523155,BO
"Medlov, Kafilerie",49.017716999999976,16.534908,BO
"Pohořelice, Smolín",49.007298000000006,16.540125,BO
"Pohořelice, náměstí",48.98068000000001,16.522099,BO
"Pohořelice, náměstí",48.98075099999999,16.522478,BO
"Pohořelice, Smolín",49.007295,16.54034,BO
"Medlov, Kafilerie",49.017847,16.534967,BO
Medlov,49.034707,16.523155,BO
"Medlov, seniorcentrum",49.035709,16.528745,BO
"Ledce, rozcestí",49.04988,16.565693,BO
"Ledce, obecní úřad",49.052175000000005,16.555735,BO
Sobotovice,49.059144999999994,16.558115,BO
"Sobotovice, transformátor",49.06162499999999,16.552708,BO
"Syrovice, Sobotovická",49.07762499999999,16.545298,BO
Syrovice,49.08028999999999,16.548905,BO
"Rajhrad, GEIS",49.085595,16.583357,BO
"Rajhrad, stará pošta",49.087793999999995,16.591688,BO
"Rajhrad, železniční stanice",49.08449499999999,16.605152,BO
"Rajhrad, městský úřad",49.089963,16.60397,BO
"Brno,Moravanská",49.142614,16.603006,BM
"Brno,Moravanské lány",49.149305,16.601813,BM
"Brno,Ořechovská",49.156124,16.600676,BM
"Brno,Ústřední hřbitov",49.171603999999995,16.597316,BM
"Práče, rozcestí",48.870848,16.202622,ZN
"Lechovice, obecní úřad",48.872568,16.221965,ZN
"Lechovice, zámek",48.87588499999999,16.236996,ZN
"Oleksovice, rozcestí",48.887523,16.260499,ZN
"Mackovice, rozcestí",48.901053,16.294054,ZN
"Miroslav, Kašenec, státní silnice",48.91852999999999,16.33381,ZN
"Miroslav, rozcestí",48.933616,16.362524,ZN
"Trnové Pole, rozcestí",48.955186,16.413722,BO
"Branišovice, státní silnice",48.95916299999999,16.430035,BO
"Pohořelice, obchodní akademie",48.978584999999995,16.505427,BO
"Pohořelice, náměstí",48.98075099999999,16.522478,BO
"Pohořelice, Tyršova",48.98355,16.519545,BO
"Cvrčovice, učiliště",48.990827,16.516415,BO
Cvrčovice,48.996652999999995,16.512905,BO
Odrovice,49.008219999999994,16.510819,BO
"Odrovice, bytovky",49.011285,16.507306,BO
"Malešovice, obecní úřad",49.02282799999999,16.500475,BO
"Loděnice, škola",49.01177199999999,16.468037,BO
"Loděnice, obecní úřad",49.011503,16.463197,BO
"Loděnice, křižovatka Šumická",49.011128,16.458487,BO
"Šumice, škola",48.991798,16.437273,BO
"Olbramovice, restaurace",48.984233,16.400785,ZN
"Olbramovice, prodejna",48.989889999999995,16.39586,ZN
"Kubšice, křižovatka",49.002052,16.408448,ZN
"Vedrovice, u lípy",49.021737999999985,16.380793,ZN
"Vedrovice, obecní úřad",49.01993,16.376853,ZN
"Pohořelice, Velký Dvůr",48.962087,16.532687,BO
"Pohořelice, Mariánský dvůr",48.956485,16.530842,BO
"Pohořelice, Vilémov",48.948333,16.531333,BO
"Kyjov, aut. st.",49.006784999999994,17.124327,HO
"Kyjov, nemocnice",49.007061,17.111463,HO
Strážovice,49.009299999999996,17.047132,HO
Stavěšice,49.002007,17.02977,HO
"Nenkovice, škola",49.004683,17.01574,HO
"Nenkovice, obecní úřad",49.003979999999984,17.011083,HO
"Nenkovice, u kašny",49.00183499999999,17.008144,HO
Želetice,49.012481,17.009044,HO
"Želetice, statek",49.015307,17.006765,HO
Dražůvky,49.031967,17.020073,HO
Archlebov,49.043193,17.003877,HO
Žarošice,49.040471999999994,16.966415,HO
"Žarošice, škola",49.03943499999999,16.9616,HO
"Žarošice, Silničná, rozcestí Uhřice",49.051834,16.95308,HO
"Žarošice, Zdravá Voda",49.065466,16.945145,HO
"Žarošice, Těšanka",49.079165,16.936537,HO
"Heršpice, Bílý Vlk",49.095821999999984,16.90958,VY
"Nížkovice, rozcestí",49.11171999999999,16.896114,VY
"Hovorany, čerpací stanice",48.94170199999999,16.986192,HO
"Mutěnice, škola",48.90752,17.019163,HO
"Mutěnice, křižovatka",48.904497,17.028817,HO
"Hodonín, Zbrod",48.88781899999999,17.066033,HO
"Hodonín, STS",48.870732999999994,17.116435,HO
"Hodonín, Brněnská",48.86247600000001,17.118758,HO
"Klobouky u Brna, škola",48.9971,16.866006,BV
"Brno,ÚAN Zvonařka",49.185363999999986,16.616151,BM
"Klobouky u Brna, samoobsluha",48.99507899999999,16.867518,BV
"Klobouky u Brna, Nádražní",48.99441099999999,16.879339,BV
"Klobouky u Brna, škola",48.99717199999999,16.86575,BV
"Hodonín, autobusové nádraží",48.854087,17.121641,HO
"Hodonín, restaurace Morava",48.85552499999999,17.133732,HO
"Hodonín, lázně",48.862895,17.140778,HO
"Hodonín, Černý most",48.866438,17.142225,HO
"Hodonín, cihelna",48.872317,17.146772,HO
"Hodonín, Pánov",48.882762,17.147507,HO
"Ratíškovice, U Hájenky",48.915648,17.160594,HO
Ratíškovice,48.92089,17.16175,HO
"Ratíškovice, u Svatého Jána",48.923624,17.168384,HO
"Ratíškovice, drůbežárna",48.931355,17.168897,HO
"Vacenovice, stadion",48.93928,17.17065,HO
Vacenovice,48.94542299999999,17.174122,HO
"Milotice, škola",48.954322000000005,17.152017,HO
"Milotice, náves",48.954794,17.142376,HO
"Milotice, dvůr",48.965408,17.140677,HO
Skoronice,48.981562999999994,17.153897,HO
"Vlkoš, škola",48.98547299999999,17.15926,HO
"Kyjov, aut. st.",49.006715,17.124547,HO
"Kyjov, Brandlova sídliště",49.01203799999999,17.136722,HO
"Kostelec, u mostu",49.026939,17.152267,HO
"Kostelec, horní zastávka",49.032285,17.149582,HO
"Čeložnice, Domov důchodců",49.048863,17.154308,HO
Čeložnice,49.051554999999986,17.154533,HO
Čeložnice,49.051554999999986,17.154533,HO
"Čeložnice, Domov důchodců",49.048863,17.154308,HO
"Kostelec, horní zastávka",49.032285,17.149582,HO
"Kostelec, točna",49.026817,17.152758,HO
"Kyjov, Brandlova sídliště",49.011807999999995,17.136515,HO
"Hodonín, autobusové nádraží",48.85415099999999,17.122164,HO
"Dubňany, škola",48.910813,17.100845,HO
"Dubňany, u mlýna",48.91507299999999,17.09902,HO
"Dubňany, pivnice",48.91657299999999,17.09714,HO
"Dubňany, kaplička",48.916199,17.089519,HO
"Dubňany, učiliště",48.91790300000001,17.084772,HO
"Dubňany, rozcestí k železniční stanici",48.920705,17.073568,HO
"Dubňany, Jarohněvice",48.924738000000005,17.075872,HO
"Dubňany, rozcestí k železniční stanici",48.92072999999999,17.072988,HO
"Dubňany, učiliště",48.91767199999999,17.085105,HO
"Dubňany, školka",48.91709999999999,17.093743,HO
"Dubňany, Horní Huť",48.926363,17.08807,HO
"Dubňany, náměstí",48.920078,17.102671,HO
"Dubňany, kostel",48.922723,17.108403,HO
"Dubňany, kostel",48.9231,17.107234,HO
"Dubňany, náměstí",48.92028899999999,17.102765,HO
"Dubňany, školka",48.917078000000004,17.093072,HO
"Dubňany, kaplička",48.916155,17.08939,HO
"Dubňany, pivnice",48.91623499999999,17.095502,HO
"Dubňany, u mlýna",48.915051999999996,17.09891,HO
"Dubňany, škola",48.91123799999999,17.100547,HO
"Klobouky u Brna, náměstí",48.995257,16.857507,BV
"Klobouky u Brna, ropovod",48.983635,16.862805,BV
"Klobouky u Brna, samota",48.97557,16.862025,BV
"Morkůvky, obecní úřad",48.966503,16.863128,BV
"Brumovice, škola",48.96289499999999,16.896293,BV
"Brumovice, obecní úřad",48.95909,16.896238,BV
"Brumovice, železniční stanice",48.947167,16.905878,BV
"Kobylí, statek",48.942318,16.897075,BV
Kobylí,48.931883,16.884127,BV
"Kobylí, škola",48.92875699999999,16.886635,BV
"Vrbice, Jednota",48.916225000000004,16.895935,BV
"Vrbice, obecní úřad",48.912783,16.891812,BV
"Bořetice, u Floriánka",48.91075699999999,16.858672,BV
Bořetice,48.91188999999999,16.854014,BV
"Bořetice, železniční stanice",48.91647499999999,16.852765,BV
"Němčičky, u mlýna",48.933338,16.834867,BV
"Němčičky, ZD",48.93583,16.830667,BV
"Němčičky, střed",48.93492700000001,16.821875,BV
"Němčičky, transformátor",48.93339999999999,16.818862,BV
"Němčičky, rozcestí",48.93657799999998,16.816049,BV
"Velké Pavlovice, obchodní středisko",48.902075,16.818153,BV
"Velké Pavlovice, autobusové nádraží",48.897843,16.81716,BV
"Velké Pavlovice, autobusové nádraží",48.897774999999996,16.816563,BV
"Velké Pavlovice, obchodní středisko",48.90230499999999,16.818257,BV
"Němčičky, rozcestí",48.936415999999994,16.816057,BV
"Němčičky, transformátor",48.933387,16.818782,BV
"Němčičky, střed",48.93485499999999,16.821845,BV
"Němčičky, ZD",48.935728,16.83044,BV
"Němčičky, u mlýna",48.933338,16.834867,BV
"Bořetice, železniční stanice",48.916388,16.852805,BV
Bořetice,48.91188999999999,16.854014,BV
"Bořetice, u Floriánka",48.91065199999999,16.858853,BV
"Vrbice, obecní úřad",48.912732000000005,16.892077,BV
"Vrbice, Jednota",48.91614500000001,16.896068,BV
"Kobylí, škola",48.92880499999999,16.88645,BV
Kobylí,48.932237,16.884008,BV
"Kobylí, statek",48.942318,16.897075,BV
"Brumovice, železniční stanice",48.947167,16.905878,BV
"Brumovice, obecní úřad",48.959286999999996,16.896337,BV
"Brumovice, škola",48.96301299999999,16.896358,BV
Sobůlky,49.021408,17.078633,HO
"Sobůlky, ZD",49.017792,17.080708,HO
"Kyjov, aut. st.",49.006598,17.124015,HO
"Vlkoš, Tesko",48.987033,17.172742,HO
"Vracov, Slokov",48.981753,17.20729,HO
"Vracov, obecní úřad",48.97961999999999,17.219452,HO
"Bzenec, Nový Svět",48.97298000000001,17.251258,HO
"Bzenec, náměstí",48.97277999999999,17.267467,HO
"Bzenec, ZŠ",48.970447,17.279397,HO
"Bzenec, Doubrava",48.961827,17.286975,HO
"Bzenec, Přívoz, železniční stanice",48.93644499999999,17.28984,HO
"Bzenec, Přívoz",48.935987,17.294041,HO
"Strážnice, ATC",48.909397,17.310663,HO
"Strážnice, náměstí 17. listopadu",48.902439999999984,17.318012,HO
"Strážnice, aut. st.",48.89832199999999,17.315938,HO
"Strážnice, aut. st.",48.898393,17.315802,HO
"Strážnice, náměstí 17. listopadu",48.902415000000005,17.318367,HO
"Strážnice, ATC",48.909397,17.310663,HO
"Bzenec, Přívoz",48.936825999999996,17.29381,HO
"Bzenec, Doubrava",48.96153299999999,17.287165,HO
"Bzenec, ZŠ",48.97053699999999,17.279883,HO
"Bzenec, náměstí",48.97324700000001,17.265269,HO
"Bzenec, Nový Svět",48.97295499999999,17.251683,HO
"Vracov, obecní úřad",48.97976799999999,17.21934,HO
"Vracov, Slokov",48.98177999999999,17.208207,HO
"Vlkoš, Tesko",48.98717499999999,17.172433,HO
Vlkoš,48.990744,17.162083,HO
"Brno,Faměrovo náměstí",49.176954,16.640512,BM
"Brno,Textilní kombinát",49.18110999999999,16.63826,BM
"Brno,Psychiatrická nemocnice",49.185038999999996,16.636538,BM
"Brno,Jiránkova",49.18757599999999,16.633483,BM
"Brno,Hladíkova",49.18786500000001,16.625741,BM
"Brno,Autobusové nádraží",49.186909,16.617974,BM
"Brno,Úzká",49.189243999999995,16.613733,BM
Násedlovice,49.01107499999999,16.95703,HO
"Násedlovice, u hřiště",49.009217,16.95822,HO
"Násedlovice, mlýn",49.007262000000004,16.966958,HO
"Brno,Úzká",49.189107,16.613266,BM
"Brno,Opuštěná",49.185245,16.613024,BM
"Brno,Autobusové nádraží",49.186887,16.618479,BM
"Brno,Hladíkova",49.187681999999995,16.625353,BM
"Brno,Jiránkova",49.187495,16.633494,BM
"Brno,Psychiatrická nemocnice",49.18508899999999,16.636321,BM
"Brno,Textilní kombinát",49.182496,16.637572,BM
"Brno,Faměrovo náměstí",49.176788,16.64042,BM
"Kyjov, aut. st.",49.006784999999994,17.124327,HO
"Násedlovice, mlýn",49.00731699999999,16.966767,HO
"Násedlovice, u hřiště",49.009180000000015,16.958217,HO
Násedlovice,49.012059,16.958993,HO
"Bzenec, náměstí",48.97254999999999,17.266377,HO
Dražůvky,49.031967,17.020073,HO
"Vyškov, Autobusové nádraží",49.27594199999999,16.991855,VY
"Vyškov, garáže ČSAD",49.270982000000004,16.988643,VY
"Vyškov, Nouzka",49.266523,16.980263,VY
"Vyškov, Drnovská Bioveta",49.25374,16.95539,VY
"Luleč, rozcestí",49.24677199999999,16.941783,VY
"Tučapy, rozcestí",49.22705299999999,16.915262,VY
"Komořany, EDP",49.21968699999999,16.904328,VY
"Rousínov, Čechyně, rozcestí",49.20757499999999,16.892772,VY
"Rousínov, autobusová stanice",49.203073999999994,16.884769,VY
"Brno,ÚAN Zvonařka",49.185363999999986,16.616151,BM
"Rousínov, autobusová stanice",49.202909999999996,16.88497,VY
"Rousínov, Čechyně, rozcestí",49.207062,16.891572,VY
"Komořany, EDP",49.22000799999999,16.905058,VY
"Tučapy, rozcestí",49.227308,16.915917,VY
"Luleč, rozcestí",49.24811299999998,16.944733,VY
"Vyškov, Drnovská Bioveta",49.254302,16.95682,VY
"Vyškov, Nouzka",49.266526999999996,16.980512,VY
"Vyškov, garáže ČSAD",49.271332,16.989108,VY
"Vyškov, Autobusové nádraží",49.27581899999999,16.992078,VY
"Rousínov, autobusová stanice",49.202819,16.885074,VY
"Tučapy, obecní úřad",49.232287,16.917902,VY
Nemojany,49.246498,16.915268,VY
"Luleč, rozc. k žel. st.",49.250822,16.921027,VY
"Luleč, obecní úřad",49.253993,16.929762,VY
"Luleč, kamenolom",49.261913,16.937098,VY
"Drnovice, Na vrchu",49.270721999999985,16.950341,VY
Drnovice,49.276472,16.952117,VY
"Vyškov, nemocnice",49.276241999999996,16.98279,VY
"Vyškov, Autobusové nádraží",49.275723,16.991653,VY
"Vyškov, nemocnice",49.27636699999999,16.981935,VY
Drnovice,49.276624999999996,16.952048,VY
"Drnovice, Na vrchu",49.270329999999994,16.948092,VY
"Luleč, kamenolom",49.26185999999999,16.936918,VY
"Luleč, obecní úřad",49.253993,16.929762,VY
"Luleč, rozc. k žel. st.",49.250727999999995,16.920762,VY
Nemojany,49.246447,16.915287,VY
"Tučapy, obecní úřad",49.232287,16.917902,VY
"Rousínov, autobusová stanice",49.203043,16.885015,VY
"Brno,ÚAN Zvonařka",49.185363999999986,16.616151,BM
"Brno,Černovičky",49.183143,16.669108,BM
"Brno,Slatina, sídliště",49.182195,16.690725,BM
"Šlapanice, Bedřichovice, rozc.",49.182882,16.723572,BO
"Jiříkovice, motorest Rohlenka",49.183436,16.761042,BO
"Holubice, kruh",49.184495,16.799497,BO
Velešovice,49.180645,16.848503,VY
"Velešovice, u mostu",49.186447,16.84118,VY
"Rousínov, rozc. k žel. st.",49.200011999999994,16.873039,VY
"Rousínov, autobusová stanice",49.202946999999995,16.88534,VY
"Rousínov, autobusová stanice",49.203201,16.885042,VY
"Znojmo, Vídeňská, u školy",48.843794,16.060496,ZN
"Pohořelice, náměstí",48.980709,16.521906,BO
"Pohořelice, obchodní akademie",48.97862799999999,16.505258,BO
"Branišovice, státní silnice",48.959107,16.428737,BO
"Trnové Pole, rozcestí",48.955275,16.413453,BO
"Miroslav, rozcestí",48.933498,16.362293,ZN
"Miroslav, Kašenec, státní silnice",48.918434999999995,16.33352,ZN
"Mackovice, rozcestí",48.900637,16.292692,ZN
"Oleksovice, rozcestí",48.887532,16.260192,ZN
"Lechovice, zámek",48.875338,16.236347,ZN
"Lechovice, obecní úřad",48.87255799999999,16.222179,ZN
"Práče, rozcestí",48.87083199999999,16.201362,ZN
"Znojmo, nám.Republiky",48.853569,16.053822,ZN
"Hostěradice, náměstí",48.950522,16.259511,ZN
Vítonice,48.916498,16.20106,ZN
"Prosiměřice, u bufetu",48.90389299999999,16.190322,ZN
"Těšetice, na hlavní",48.887956,16.157624,ZN
"Suchohrdly, Purkrábka",48.868878,16.106653,ZN
"Suchohrdly, kurty",48.868297,16.096222,ZN
"Suchohrdly, prodejna",48.86642500000001,16.089202,ZN
"Znojmo, Suchohrdelská, hřbitov",48.857448000000005,16.066435,ZN
"Brno,ÚAN Zvonařka",49.185363999999986,16.616151,BM
"Miroslav, rozcestí",48.933498,16.362293,ZN
"Miroslav, Réna",48.93358,16.337223,ZN
"Miroslav, provozovna ČAS",48.94194699999999,16.321227,ZN
"Miroslav, statek",48.945973,16.317908,ZN
"Miroslav, autobusové nádraží",48.946831999999986,16.313061,ZN
"Miroslav, autobusové nádraží",48.946991,16.312997,ZN
"Miroslav, statek",48.946,16.317705,ZN
"Miroslav, provozovna ČAS",48.941983,16.321138,ZN
"Miroslav, Réna",48.933435,16.337422,ZN
"Miroslav, Kašenec, točna",48.91918299999999,16.327708,ZN
"Miroslav, rozcestí",48.933616,16.362524,ZN
"Miroslav, jesle",48.94545299999999,16.308063,ZN
"Hostěradice, lom",48.94700199999998,16.264753,ZN
"Hostěradice, náměstí",48.950641999999995,16.259606,ZN
"Hostěradice, náměstí",48.950522,16.259511,ZN
"Hostěradice, lom",48.94687,16.265652,ZN
"Miroslav, jesle",48.94488,16.30781,ZN
"Znojmo, autobusové nádraží",48.85190300000001,16.057105,ZN
"Znojmo, Suchohrdelská, hřbitov",48.85731,16.06696,ZN
"Suchohrdly, prodejna",48.866397,16.089328,ZN
"Suchohrdly, kurty",48.868387,16.096818,ZN
"Suchohrdly, Purkrábka",48.868827,16.106813,ZN
"Těšetice, na hlavní",48.888094,16.157841,ZN
Bantice,48.88331999999999,16.18455,ZN
Stošíkovice na Louce,48.89529,16.214773,ZN
"Stošíkovice na Louce, rozcestí",48.89045799999999,16.196641,ZN
"Prosiměřice, hostinec",48.90271799999999,16.192215,ZN
Vítonice,48.916333,16.201035,ZN
"Oleksovice, u potoka",48.904542,16.243447,ZN
"Oleksovice, hostinec",48.901658,16.250667,ZN
"Hostěradice, náměstí",48.950522,16.259511,ZN
"Miroslav, rozcestí",48.933616,16.362524,ZN
Damnice,48.92008699999999,16.373648,ZN
Dolenice,48.909271999999994,16.364848,ZN
Dolenice,48.909271999999994,16.364848,ZN
Damnice,48.920137999999994,16.373542,ZN
Jiřice u Miroslavi,48.920697,16.39138,ZN
"Miroslav, rozcestí",48.933498,16.362293,ZN
Suchohrdly u Miroslavi,48.943011999999996,16.363188,ZN
"Hrušovany nad Jevišovkou, Lidická, VÚPP",48.83151699999999,16.401898,ZN
"Hrušovany nad Jevišovkou, Znojemská",48.82985699999999,16.394073,ZN
Pravice,48.843937999999994,16.361952,ZN
"Břežany, u hostince",48.867867,16.344198,ZN
"Břežany, u pošty",48.870177000000005,16.339543,ZN
"Břežany, u statku",48.87237499999999,16.33823,ZN
"Břežany, osada Ležák",48.887033,16.347558,ZN
Kašnice,48.99656699999999,16.8829,BV
"Klobouky u Brna, hřbitov",48.998318,16.862927,BV
"Borkovany, Štoček",49.024797,16.812873,BV
Borkovany,49.028703,16.80985,BV
"Borkovany, Tomášov",49.029167,16.8048,BV
"Brno,ÚAN Zvonařka",49.185363999999986,16.616151,BM
"Brno,Konopná",49.180122999999995,16.621331,BM
"Brno,Komárov",49.174440000000004,16.622448,BM
"Brno,Ráječek",49.16080199999999,16.638242,BM
"Brno,Ivanovické náměstí",49.153066,16.653791,BM
"Brno,Hanácká",49.146162999999994,16.665974,BM
"Brno,Tuřany, smyčka",49.14140700000001,16.667828,BM
"Sokolnice, rozvodna",49.115061999999995,16.704663,BO
Telnice,49.10160199999999,16.717823,BO
"Měnín, rozcestí",49.087124999999986,16.716473,BO
"Moutnice, Rozařín",49.05246999999999,16.737351,BO
"Moutnice, střed",49.048967,16.736746,BO
"Těšany, u váhy",49.041022,16.764925,BO
Těšany,49.03929899999999,16.771319,BO
"Borkovany, Tomášov",49.029118,16.804862,BV
Borkovany,49.028482999999994,16.809738,BV
"Borkovany, Štoček",49.02472699999998,16.812867,BV
"Klobouky u Brna, Martinice, rozcestí",49.013442,16.828372,BV
"Klobouky u Brna, rozcestí",49.000525,16.862658,BV
"Klobouky u Brna, náměstí",48.99537999999999,16.85736,BV
Kašnice,48.996533,16.882788,BV
"Krumvíř, obecní úřad",48.988888,16.910692,BV
"Krumvíř, železniční stanice",48.984947999999996,16.917183,BV
"Krumvíř, statek",48.981398,16.923422,BV
Terezín,48.956737,16.940727,HO
"Čejč, náměstí",48.94586799999999,16.966935,HO
"Hovorany, rozcestí",48.94834199999999,16.979912,HO
Rakvice,48.866892,16.821444,BV
Vracov,48.976457,17.221155,HO
"Morkůvky, obecní úřad",48.966387,16.862801,BV
"Podivín, železniční stanice",48.837775,16.853671,BV
"Klobouky u Brna, samota",48.97557,16.862062,BV
Vlkoš,48.98780599999999,17.163569,HO
"Ladná, železniční stanice",48.81309499999999,16.880976,BV
"Klobouky u Brna, ropovod",48.983574999999995,16.862818,BV
Kyjov zastávka,49.003117,17.124022,HO
"Břeclav, autobusové nádraží",48.75385099999999,16.893169,BV
"Klobouky u Brna, Wurmova",48.99370499999999,16.863788,BV
"Kyjov, železniční stanice",49.01388899999999,17.120833,HO
"Nedvědice, železniční stanice",49.45416699999999,16.338333,BO
"Klobouky u Brna, náměstí",48.995257,16.857507,BV
"Kyjov, Bohuslavice, železniční stanice",49.05583299999999,17.118917,HO
"Doubravník, železniční stanice",49.426944,16.352389,BO
Uherské Hradiště,49.066825,17.457085,UH
Jestřabice,49.088888999999995,17.113333,HO
Prudká zastávka,49.419194,16.367361,BO
Staré Město u Uherského Hradiště,49.076022,17.42271,UH
"Nemotice, železniční stanice",49.133056,17.115,VY
"Borač, žel. st.",49.400144,16.366389,BO
Kunovice,49.051914,17.470711,UH
"Brankovice, železniční stanice",49.15036099999999,17.13375,VY
Štěpánovice,49.374444,16.388056,BO
Uherské Hradiště,49.066881,17.457171,UH
"Nesovice, železniční stanice",49.149167,17.081111,VY
Rovné-Divišov,49.54763200000001,16.172826,ZR
Kunovice,49.051998,17.470067,UH
"Bučovice, železniční stanice",49.145619,16.999658,VY
"Rozsochy, železniční stanice",49.53738500000001,16.195122,ZR
Staré Město u Uherského Hradiště,49.07602899999999,17.422624,UH
"Slavkov u Brna, žel. st.",49.144949999999994,16.873475,VY
"Bystřice nad Pern., železniční stanice",49.513611,16.246667,ZR
"Mikulov, železniční stanice",48.801587,16.626658,BV
"Brno,Slatina, nádraží",49.169478,16.682148,BM
"Rožná, železniční stanice",49.472142999999996,16.245416,ZR
"Sedlec, pošta",48.779202999999995,16.691248,BV
"Brno,Brno-Černovice",49.18898399999999,16.631233,BM
Věžná,49.45154699999999,16.270316,ZR
"Sedlec, sídliště",48.773255,16.703612,BV
Kunovice zastávka,49.03845400000001,17.46113,UH
"Bystřice nad Pern., železniční stanice",49.513611,16.246667,ZR
"Valtice, aut. st.",48.742577999999995,16.755349,BV
Ostrožská Nová Ves,49.00997499999998,17.436797,UH
"Rozsochy, železniční stanice",49.53738500000001,16.195122,ZR
"Břeclav, autobusové nádraží",48.755025999999994,16.893544,BV
Uherský Ostroh,48.982198,17.403538,UH
Rovné-Divišov,49.54763200000001,16.172826,ZR
Štěpánovice,49.374444,16.388056,BO
"Borač, žel. st.",49.400144,16.366389,BO
Prudká zastávka,49.419194,16.367361,BO
"Doubravník, železniční stanice",49.426944,16.352389,BO
"Nedvědice, železniční stanice",49.45416699999999,16.338333,BO
Věžná,49.45154699999999,16.270316,ZR
"Rožná, železniční stanice",49.472142999999996,16.245416,ZR
"Břeclav, autobusové nádraží",48.75385099999999,16.893169,BV
"Ladná, železniční stanice",48.81309499999999,16.880976,BV
"Podivín, železniční stanice",48.837775,16.853671,BV
Rakvice,48.866892,16.821444,BV
"Zaječí, železniční stanice",48.889637,16.781831,BV
"Zaječí, železniční stanice",48.889637,16.781831,BV
Velké Pavlovice,48.88985,16.823672,BV
Velké Pavlovice zastávka,48.90167199999999,16.8224,BV
"Bořetice, železniční stanice",48.916314,16.850139,BV
Kobylí na Moravě,48.934022,16.881272,BV
"Brumovice, železniční stanice",48.947228,16.905767,BV
"Čejč, železniční stanice",48.94218899999999,16.958672,HO
Mutěnice zastávka,48.911986,17.027008,HO
Mutěnice,48.90467799999999,17.039875,HO
"Hodonín, autobusové nádraží",48.85575000000001,17.12069,HO
"Čejč, železniční stanice",48.94218899999999,16.958672,HO
"Brumovice, železniční stanice",48.947228,16.905767,BV
Kobylí na Moravě,48.934022,16.881272,BV
"Bořetice, železniční stanice",48.916314,16.850139,BV
Velké Pavlovice zastávka,48.90167199999999,16.8224,BV
Velké Pavlovice,48.88985,16.823672,BV
"Zaječí, železniční stanice",48.889637,16.781831,BV
"Hodonín, autobusové nádraží",48.85575000000001,17.12069,HO
Mutěnice,48.90467799999999,17.039875,HO
Mutěnice zastávka,48.911986,17.027008,HO
"Hodonín, autobusové nádraží",48.85575000000001,17.12069,HO
"Moravský Písek, Kolonie, žel. stanice",48.977119,17.314582,HO
Staré Město u Uherského Hradiště,49.07621199999999,17.422903,UH
"Moravská Nová Ves, železniční stanice",48.79949299999999,17.021674,BV
"Hodonín, autobusové nádraží",48.85575000000001,17.12069,HO
"Moravská Nová Ves, železniční stanice",48.79949299999999,17.021674,BV
Staré Město u Uherského Hradiště,49.076246999999995,17.422785,UH
"Moravský Písek, Kolonie, žel. stanice",48.977119,17.314582,HO
"Znojmo, autobusové nádraží",48.852761,16.059287,ZN
Znojmo-Nový Šaldorf,48.820061,16.044266,ZN
"Šatov, železniční stanice",48.78078599999999,16.026006,ZN
Unterretzbach,48.764701,16.007784,
Retz,48.753724,15.957444,
Retz,48.753724,15.957444,
Unterretzbach,48.764701,16.007784,
"Šatov, železniční stanice",48.78078599999999,16.026006,ZN
"Znojmo, autobusové nádraží",48.852761,16.059287,ZN
Znojmo-Nový Šaldorf,48.820061,16.044266,ZN
Znojmo nemocnice,48.865504,16.048394,ZN
"Šumná, železniční stanice",48.92309699999999,15.874306000000002,ZN
"Grešlové Mýto, železniční stanice",48.98455,15.874435999999998,ZN
Blížkovice,49.00429199999999,15.854364,ZN
Moravské Budějovice,49.05752199999999,15.809325999999999,TR
Citonice,48.87890599999999,15.977467,ZN
"Olbramkostel, železniční stanice",48.90322900000001,15.949176999999999,ZN
Vesce,49.019071,15.831277,TR
Moravské Budějovice,49.05752199999999,15.809325999999999,TR
Vesce,49.019071,15.831277,TR
Blížkovice,49.00429199999999,15.854364,ZN
"Grešlové Mýto, železniční stanice",48.98455,15.874435999999998,ZN
"Šumná, železniční stanice",48.92309699999999,15.874306000000002,ZN
"Olbramkostel, železniční stanice",48.90322900000001,15.949176999999999,ZN
Citonice,48.87890599999999,15.977467,ZN
Znojmo nemocnice,48.865504,16.048394,ZN
Kostelany nad Moravou,49.05267799999999,17.396915,UH
Nedakonice,49.03251499999999,17.374985,UH
Moravský Písek zastávka,48.99125699999999,17.330117,HO
"Bzenec, Přívoz, železniční stanice",48.93519599999999,17.286642,HO
Rohatec,48.892515,17.197852,HO
Rohatec zastávka,48.88309,17.178111,HO
"Lužice, železniční stanice",48.827619,17.061961,HO
Hrušky zastávka,48.787124,16.98157,BV
Hrušky zastávka,48.787124,16.98157,BV
"Lužice, železniční stanice",48.827619,17.061961,HO
Moravský Písek zastávka,48.99125699999999,17.330117,HO
Nedakonice,49.03251499999999,17.374985,UH
Kostelany nad Moravou,49.05267799999999,17.396915,UH
Rohatec zastávka,48.88309,17.178111,HO
Rohatec,48.892515,17.197852,HO
"Bzenec, Přívoz, železniční stanice",48.93519599999999,17.286642,HO
Kralice nad Oslavou,49.193333,16.204722,TR
"Břeclav, autobusové nádraží",48.755025999999994,16.893544,BV
Hoštice-Heroltice,49.291388999999995,17.057778,VY
"Břeclav, Poštorná, kostel",48.752872,16.867193,BV
"Valtice, aut. st.",48.742835,16.755635,BV
"Ivanovice na Hané, aut. st.",49.306111,17.086944,VY
"Sedlec, sídliště",48.773326999999995,16.703743,BV
Chvalkovice na Hané,49.32166699999999,17.111389,VY
"Sedlec, pošta",48.77922199999999,16.691503,BV
Nezamyslice,49.33599999999999,17.1625,PV
"Valtice, bažantnice",48.75287099999999,16.738934,BV
Nezamyslice,49.33599999999999,17.1625,PV
"Břeclav, Poštorná, kostel",48.75279199999999,16.867202,BV
Chvalkovice na Hané,49.32166699999999,17.111389,VY
"Brno,Hlavní nádraží",49.19035,16.612342,BM
"Brno,Chrlice, nádraží",49.13203099999999,16.657232,BM
"Sokolnice, železniční stanice",49.108029,16.733459,BO
"Sokolnice, železniční stanice",49.108029,16.733459,BO
"Brno,Chrlice, nádraží",49.13203099999999,16.657232,BM
"Brno,Hlavní nádraží",49.19035,16.612342,BM
Újezd u Brna,49.107296999999996,16.745564,BO
Hostěrádky-Rešov,49.119722,16.7825,VY
Zbýšov,49.13222199999999,16.806111,VY
"Křenovice, hor. žel. st.",49.14355299999999,16.824564,VY
"Křenovice, hor. žel. st.",49.14355299999999,16.824564,VY
Zbýšov,49.13222199999999,16.806111,VY
Hostěrádky-Rešov,49.119722,16.7825,VY
Újezd u Brna,49.107296999999996,16.745564,BO
"Letovice, železniční stanice",49.559167,16.569722,BK
Letovice zastávka,49.534833,16.5775,BK
Zboněk,49.52055599999999,16.584194,BK
Svitávka,49.500066999999994,16.5975,BK
"Skalice nad Svitavou, žel.st.",49.480122,16.609726,BK
"Doubravice, žel.st.",49.44083299999999,16.620833,BK
"Rájec-Jestřebí, železniční stanice",49.408206,16.627711,BK
Dolní Lhota,49.386917,16.633978,BK
Blansko město,49.361388999999996,16.638889,BK
"Blansko, aut. st.",49.354167,16.644444,BK
"Blansko, aut. st.",49.354167,16.644444,BK
Blansko město,49.361388999999996,16.638889,BK
Dolní Lhota,49.386917,16.633978,BK
"Rájec-Jestřebí, železniční stanice",49.408206,16.627711,BK
"Doubravice, žel.st.",49.44083299999999,16.620833,BK
"Skalice nad Svitavou, žel.st.",49.480122,16.609726,BK
Svitávka,49.500066999999994,16.5975,BK
Zboněk,49.52055599999999,16.584194,BK
Letovice zastávka,49.534833,16.5775,BK
"Letovice, železniční stanice",49.559167,16.569722,BK
"Březová nad Svitavou, železniční stanice",49.634667,16.519083,SY
"Brněnec, Mor.Chrastová, žel.st.",49.621111000000006,16.525278,SY
"Rozhraní, železniční zastávka",49.604721999999995,16.530833,SY
"Rozhraní, železniční zastávka",49.604721999999995,16.530833,SY
"Brněnec, Mor.Chrastová, žel.st.",49.621111000000006,16.525278,SY
"Březová nad Svitavou, železniční stanice",49.634667,16.519083,SY
"Rousínov, žel. st.",49.196667000000005,16.867139,VY
Luleč,49.24805599999999,16.921667,VY
"Vyškov, železniční stanice",49.277221999999995,16.990833,VY
"Boskovice, aut.st.",49.491667,16.651778,BK
"Boskovice, aut.st.",49.491667,16.651778,BK
Velké Opatovice,49.611110999999994,16.690833,BK
"Cetkovice, žel.st.",49.588069000000004,16.70469,BK
"Šebetov, u pily",49.554214,16.699168,BK
"Knínice, U Nádraží",49.534471999999994,16.689444,BK
"Knínice, U Nádraží",49.534471999999994,16.689444,BK
"Šebetov, u pily",49.554214,16.699168,BK
"Cetkovice, žel.st.",49.588069000000004,16.70469,BK
Velké Opatovice,49.611110999999994,16.690833,BK
"Brno,Královo Pole, nádraží",49.231049999999996,16.596651,BM
"Kuřim, železniční stanice",49.30100000000001,16.534523,BO
"Tišnov, železniční stanice",49.34749999999999,16.41725,BO
"Tišnov, železniční stanice",49.34749999999999,16.41725,BO
"Brno,Královo Pole, nádraží",49.231049999999996,16.596651,BM
"Kuřim, železniční stanice",49.30100000000001,16.534523,BO
"Náměšť nad Oslavou, autobusové nádraží",49.20700699999999,16.14766,TR
"Náměšť nad Oslavou, autobusové nádraží",49.20700699999999,16.14766,TR
"Slavkov u Brna, žel. st.",49.144949999999994,16.873475,VY
"Bučovice, železniční stanice",49.145619,16.999658,VY
"Nesovice, železniční stanice",49.149167,17.081111,VY
"Kyjov, železniční stanice",49.01388899999999,17.120833,HO
Vracov,48.976457,17.221155,HO
"Bzenec, železniční stanice",48.969173,17.263183,HO
"Veselí nad Moravou, železniční stanice",48.948693999999996,17.382439,HO
Uherský Ostroh,48.98181699999999,17.403441,UH
Ostrožská Nová Ves,49.00959399999999,17.436368,UH
Kunovice zastávka,49.038039,17.461022,UH
"Nemotice, železniční stanice",49.133056,17.115,VY
Kyjov zastávka,49.003117,17.124022,HO
"Brno,Slatina, nádraží",49.169478,16.682148,BM
Vlkoš,48.98780599999999,17.163569,HO
"Veselí nad Moravou, železniční stanice",48.948693999999996,17.382439,HO
"Bzenec, železniční stanice",48.969173,17.263183,HO
"Ivanovice na Hané, aut. st.",49.306111,17.086944,VY
Hoštice-Heroltice,49.291388999999995,17.057778,VY
"Vyškov, železniční stanice",49.277221999999995,16.990833,VY
"Hrušovany nad Jevišovkou, žel. st.",48.810029,16.383137,ZN
"Božice, železniční stanice",48.82328199999999,16.287832,ZN
Hodonice,48.841514,16.164403,ZN
Dyje,48.85004700000001,16.1205,ZN
"Znojmo, autobusové nádraží",48.852761,16.059287,ZN
"Břeclav, autobusové nádraží",48.75385099999999,16.893169,BV
"Valtice, železniční zastávka",48.748776,16.762369,BV
"Valtice, železniční stanice",48.74683,16.745117,BV
Sedlec u Mikulova,48.77456399999999,16.699005,BV
"Mikulov, železniční stanice",48.80220299999999,16.625492,BV
Březí,48.81292499999999,16.554169,BV
Dobré Pole,48.820007999999994,16.533833,BV
"Novosedly, železniční stanice",48.825719,16.49405,BV
Jevišovka,48.820272,16.467125,BV
Boří les,48.738078,16.866374,BV
"Hrušovany nad Jevišovkou, žel. st.",48.810029,16.383137,ZN
Jevišovka,48.820272,16.467125,BV
"Novosedly, železniční stanice",48.825719,16.49405,BV
Dobré Pole,48.820007999999994,16.533833,BV
Březí,48.81292499999999,16.554169,BV
"Mikulov, železniční stanice",48.80220299999999,16.625492,BV
Sedlec u Mikulova,48.77456399999999,16.699005,BV
"Valtice, železniční stanice",48.74683,16.745117,BV
"Valtice, železniční zastávka",48.748776,16.762369,BV
Boří les,48.738078,16.866374,BV
"Břeclav, autobusové nádraží",48.75385099999999,16.893169,BV
"Znojmo, autobusové nádraží",48.852761,16.059287,ZN
Dyje,48.85004700000001,16.1205,ZN
Hodonice,48.841514,16.164403,ZN
"Božice, železniční stanice",48.82328199999999,16.287832,ZN
"Modřice, železniční stanice",49.133255999999996,16.606209,BO
"Popovice, u tratě",49.103463,16.605647,BO
"Rajhrad, železniční stanice",49.084965999999994,16.60532,BO
"Vojkovice nad Svratkou, žel. st.",49.05620799999999,16.597445,BO
"Hrušovany u Brna, žel. st.",49.034228,16.591501,BO
"Židlochovice, železniční stanice",49.03317799999999,16.617165,BO
"Židlochovice, železniční stanice",49.03311300000001,16.617218,BO
"Hrušovany u Brna, žel. st.",49.034228,16.591501,BO
"Vojkovice nad Svratkou, žel. st.",49.05620799999999,16.597445,BO
"Rajhrad, železniční stanice",49.084965999999994,16.60532,BO
"Popovice, u tratě",49.103463,16.605647,BO
"Modřice, železniční stanice",49.133255999999996,16.606209,BO
"Brno,Židenice, nádraží",49.204282,16.636042,BM
"Brno,Lesná, nádraží",49.22043200000001,16.627504,BM
"Brno,Řečkovice, nádraží",49.25079399999999,16.590446,BM
"Česká, železniční stanice",49.284546,16.566731,BO
"Čebín, železniční stanice",49.319722,16.465278,BO
"Hradčany, železniční stanice",49.333603000000004,16.438056,BO
"Brno,Brno-Horní Heršpice",49.167404,16.606859,BM
"Žabčice, žel. st.",49.010278,16.594722,BO
"Vranovice, žel.st.",48.964528,16.604187,BO
Pouzdřany,48.942024999999994,16.630527,BV
Popice,48.924332,16.668084,BV
"Šakvice, železniční stanice",48.912882999999994,16.70557,BV
"Hustopeče, autobusové nádraží",48.93752,16.735901,BV
"Hustopeče, autobusové nádraží",48.93752,16.735901,BV
"Šakvice, železniční stanice",48.912882999999994,16.70557,BV
Popice,48.924332,16.668084,BV
Pouzdřany,48.942024999999994,16.630527,BV
"Vranovice, žel.st.",48.964528,16.604187,BO
"Žabčice, žel. st.",49.010278,16.594722,BO
"Dolní Loučky, železniční stanice",49.356389,16.346944,BO
"Řikonín, železniční stanice",49.36583300000001,16.305833,BO
"Níhov, železniční stanice",49.335275,16.269007,ZR
"Hradčany, železniční stanice",49.333603000000004,16.438056,BO
"Čebín, železniční stanice",49.319722,16.465278,BO
"Česká, železniční stanice",49.284546,16.566731,BO
"Brno,Řečkovice, nádraží",49.25079399999999,16.590446,BM
"Brno,Lesná, nádraží",49.22043200000001,16.627504,BM
"Brno,Židenice, nádraží",49.204282,16.636042,BM
"Níhov, železniční stanice",49.335275,16.269007,ZR
"Řikonín, železniční stanice",49.36583300000001,16.305833,BO
"Dolní Loučky, železniční stanice",49.356389,16.346944,BO
"Brno,Brno-Horní Heršpice",49.167404,16.606859,BM
"Zaječí, železniční stanice",48.889637,16.781831,BV
"Slavkov u Brna, rozc. k žel. st. 0.5",49.14502999999999,16.877933,VY
"Slavkov u Brna, aut. st.",49.149057000000006,16.876562,VY
"Velešovice, rozc.",49.167572,16.84187,VY
"Holubice, nadjezd",49.178267,16.819095,VY
"Brno,Tržní",49.189407,16.629972,BM
"Brno,ÚAN Zvonařka",49.185363999999986,16.616151,BM
"Brno,Tržní",49.189342,16.630314,BM
"Holubice, nadjezd",49.17808099999999,16.819173,VY
"Velešovice, rozc.",49.166881999999994,16.842802,VY
"Slavkov u Brna, aut. st.",49.149057000000006,16.876562,VY
"Slavkov u Brna, rozc. k žel. st. 0.5",49.143955,16.878297,VY
"Nížkovice, rozcestí",49.11211999999999,16.895599,VY
"Heršpice, Bílý Vlk",49.095813,16.909428,VY
"Žarošice, Těšanka",49.079005,16.936517,HO
"Žarošice, Zdravá Voda",49.065466,16.945145,HO
"Žarošice, Silničná, rozcestí Uhřice",49.051812,16.953006,HO
"Žarošice, škola",49.039337,16.96142,HO
Žarošice,49.04061699999999,16.967482,HO
Archlebov,49.04311299999999,17.00413,HO
Dražůvky,49.031967,17.020073,HO
"Želetice, statek",49.01512,17.006987,HO
Želetice,49.012691999999994,17.009444,HO
"Nenkovice, u kašny",49.001723999999996,17.007864,HO
"Nenkovice, obecní úřad",49.004197000000005,17.011395,HO
"Nenkovice, škola",49.004607,17.015563,HO
Stavěšice,49.001867999999995,17.029877,HO
Strážovice,49.009299999999996,17.047132,HO
"Kyjov, nemocnice",49.00684499999999,17.11013,HO
"Kyjov, aut. st.",49.00687299999999,17.123912,HO
"Kyjov, aut. st.",49.00660799999999,17.124285,HO
Vlkoš,48.990855,17.16172,HO
"Vlkoš, škola",48.985362,17.15911,HO
Skoronice,48.981569999999984,17.153808,HO
"Milotice, dvůr",48.965402999999995,17.14059,HO
"Milotice, náves",48.954121,17.142692,HO
"Milotice, škola",48.954267,17.152105,HO
Vacenovice,48.945251999999996,17.173992,HO
"Vacenovice, stadion",48.939803,17.170687,HO
"Ratíškovice, drůbežárna",48.931957,17.1689,HO
"Ratíškovice, u Svatého Jána",48.92364499999999,17.168112,HO
Ratíškovice,48.920947,17.161482,HO
"Ratíškovice, U Hájenky",48.91499199999999,17.160449,HO
"Hodonín, Pánov",48.882563999999995,17.147405,HO
"Hodonín, cihelna",48.87189699999998,17.146337,HO
"Hodonín, Černý most",48.86643499999999,17.142004,HO
"Hodonín, lázně",48.86267,17.140467,HO
"Hodonín, restaurace Morava",48.855442,17.133451,HO
"Hodonín, autobusové nádraží",48.853643,17.121537,HO
"Hodonín, autobusové nádraží",48.854397999999996,17.121874,HO
"Hodonín, Brněnská",48.862608,17.118852,HO
"Hodonín, STS",48.87160299999999,17.116652,HO
"Hodonín, Zbrod",48.887661,17.063292,HO
"Mutěnice, křižovatka",48.90465699999999,17.028645,HO
"Mutěnice, škola",48.90764999999999,17.018955,HO
"Hovorany, čerpací stanice",48.942828,16.985477,HO
"Hovorany, rozcestí",48.948843,16.979543,HO
"Čejč, náměstí",48.946227,16.966451,HO
Terezín,48.956778,16.940897,HO
"Krumvíř, statek",48.981398,16.923568,BV
"Krumvíř, železniční stanice",48.985013,16.917217,BV
"Krumvíř, obecní úřad",48.98897000000001,16.91042,BV
"Klobouky u Brna, Nádražní",48.994572,16.878598,BV
"Klobouky u Brna, samoobsluha",48.995153,16.866834,BV
"Klobouky u Brna, náměstí",48.99537999999999,16.85736,BV
"Klobouky u Brna, rozcestí",49.000636,16.862186,BV
"Klobouky u Brna, Martinice, rozcestí",49.01366699999999,16.828293,BV
Těšany,49.03950299999999,16.770935,BO
"Těšany, u váhy",49.04100699999999,16.765215,BO
"Moutnice, střed",49.049156999999994,16.73739,BO
"Moutnice, Rozařín",49.05312,16.737877,BO
"Měnín, rozcestí",49.08731800000001,16.716476,BO
Telnice,49.1024,16.717463,BO
"Sokolnice, rozvodna",49.114771000000005,16.705095,BO
"Brno,Tuřany, smyčka",49.14232599999999,16.666375,BM
"Brno,Hanácká",49.146706,16.667371,BM
"Brno,Ivanovické náměstí",49.153628999999995,16.653755,BM
"Brno,Ráječek",49.161396999999994,16.637387,BM
"Brno,Mariánské náměstí",49.177094,16.621935,BM
"Brno,Konopná",49.179418999999996,16.621743,BM
"Brno,ÚAN Zvonařka",49.185363999999986,16.616151,BM
"Kyjov, aut. st.",49.00641499999998,17.124242,HO
"Sobůlky, ZD",49.017681999999986,17.080587,HO
Sobůlky,49.021269999999994,17.078505,HO
Věteřov,49.02836800000001,17.056237,HO
"Dražůvky, rozcestí",49.03995199999999,17.022837,HO
"Uhřice, horní zastávka",49.051031,16.945709,HO
"Uhřice, dolní zastávka",49.047972,16.949093,HO
"Uhřice, Janův Dvůr",49.02459499999999,16.961877,HO
"Dambořice, Šerůčky",49.02847800000001,16.93612,HO
"Dambořice, Loučka",49.034688,16.924398,HO
"Dambořice, u pomníku",49.036474999999996,16.917607,HO
Dambořice,49.040033,16.917283,HO
"Dambořice, u pomníku",49.03637299999999,16.917647,HO
"Dambořice, Loučka",49.03464999999999,16.924353,HO
"Dambořice, Šerůčky",49.02847800000001,16.93612,HO
"Uhřice, Janův Dvůr",49.024478,16.96197,HO
"Uhřice, dolní zastávka",49.04765999999999,16.949305,HO
"Uhřice, horní zastávka",49.051071999999984,16.945738,HO
"Dražůvky, rozcestí",49.039815,17.022695,HO
Věteřov,49.02865999999999,17.055782,HO
"Podolí, Líšeňská",49.19180699999999,16.71978,BO
"Tišnov, Rybníček",49.34307,16.42949,BO
"Brno,Podolská",49.20311,16.713363,BM
"Brno,Velatická",49.20466600000001,16.707253,BM
"Brno,Macháčkova",49.206174,16.701931,BM
"Tišnov, sídliště Klucanina",49.340333,16.43276,BO
"Brno,Náměstí Karla IV.",49.206990999999995,16.695508,BM
"Hradčany, železniční stanice",49.333098,16.438139,BO
"Brno,Mifkova",49.20716,16.692152,BM
Hradčany,49.328035,16.442133,BO
"Brno,Jírova",49.20917899999999,16.688685,BM
"Sentice, rozcestí",49.323872999999985,16.457293,BO
"Brno,Mariánské údolí",49.203331,16.716449,BM
Sentice,49.31410699999999,16.4529,BO
"Brno,Mariánské údolí",49.20331999999999,16.71587,BM
"Chudčice, Delník",49.292658,16.454398,BO
"Žabčice, žel. st.",49.011644999999994,16.595305,BO
Chudčice,49.28700599999999,16.456019,BO
"Židlochovice, aut. st.",49.03610299999999,16.615072,BO
"Chudčice, na hrázi",49.28303699999999,16.455598,BO
"Židlochovice, železniční stanice",49.033613999999986,16.616961,BO
"Veverská Bítýška, přístav",49.27549,16.451972,BO
"Židlochovice, aut. st.",49.03605399999999,16.614606,BO
"Veverská Bítýška, náměstí",49.276085,16.43615,BO
"Hrušovany u Brna, obecní úřad",49.038382999999996,16.594035,BO
"Veverská Bítýška, sídliště",49.269697,16.433243,BO
"Hrušovany u Brna, žel. st.",49.034274,16.591904,BO
"Veverská Bítýška, hájovna Na Hlince",49.25137999999999,16.429081,BO
"Hrušovany u Brna, sídliště",49.039297,16.584727,BO
Hvozdec,49.247131,16.426248,BO
"Hrušovany u Brna, VÚZA",49.042061999999994,16.577123,BO
Mouřínov,49.120978,16.979238,VY
"Veverské Knínice, rozcestí Pohádka Máje",49.227638,16.418075,BO
"Syrovice, MŠ",49.078920999999994,16.546657,BO
Mouřínov,49.120978,16.979238,VY
"Veverské Knínice, ZOD Veveří",49.232023000000005,16.408948,BO
"Syrovice, Chocholáč",49.075772,16.541749,BO
"Mouřínov, statek",49.12575799999999,16.977952,VY
Veverské Knínice,49.23664399999999,16.40382,BO
Bratčice,49.065402999999996,16.522683,BO
"Bučovice, garáže ČSAD",49.149066999999995,16.995883,VY
"Veverské Knínice, horní konec",49.23781799999999,16.396128,BO
"Vémyslice, u kostela",49.022507999999995,16.253893,ZN
"Bratčice, pískovna",49.05964199999999,16.517487,BO
Němčičky,49.050522,16.500786,BO
Pravlov,49.054622,16.486675,BO
"Pravlov, kulturní dům",49.05416099999999,16.479892,BO
"Dolní Kounice, Masarykovo nám.",49.07030199999999,16.464113,BO
"Dolní Kounice, Skalní",49.070333999999995,16.456634,BO
Nové Bránice,49.070495999999984,16.443067,BO
"Nové Bránice, škola",49.07341799999999,16.439379,BO
"Nové Bránice, rozc.",49.07824699999999,16.439327,BO
"Moravské Bránice, škola",49.08161799999999,16.438242,BO
"Moravské Bránice, žel. st.",49.084918,16.429257,BO
"Moravské Bránice, JOPA-Osičkova",49.083147,16.433545,BO
"Ivančice, Stříbský mlýn",49.08954799999999,16.404598,BO
"Ivančice, Horní Hlinky",49.10060499999999,16.389207,BO
"Ivančice, náměstí",49.10211299999999,16.375269,BO
"Ivančice, náměstí",49.102368,16.375382,BO
"Ivančice, Horní Hlinky",49.10342899999999,16.381899,BO
"Ivančice, Stříbský mlýn",49.089527,16.404487,BO
"Moravské Bránice, JOPA-Osičkova",49.083147,16.433545,BO
"Moravské Bránice, žel. st.",49.084918,16.429257,BO
"Moravské Bránice, škola",49.08143699999999,16.438245,BO
"Nové Bránice, rozc.",49.07824699999999,16.439327,BO
"Nové Bránice, škola",49.073322999999995,16.439369,BO
Nové Bránice,49.070212999999995,16.443703,BO
"Dolní Kounice, Skalní",49.070278,16.456749,BO
"Dolní Kounice, Masarykovo nám.",49.07030199999999,16.464113,BO
"Pravlov, kulturní dům",49.054267,16.480336,BO
Pravlov,49.054483000000005,16.486867,BO
Němčičky,49.050563999999994,16.501069,BO
"Bratčice, pískovna",49.059722,16.517698,BO
Bratčice,49.0656,16.522952,BO
"Syrovice, Chocholáč",49.075586,16.541475,BO
"Syrovice, MŠ",49.078920999999994,16.546657,BO
"Hrušovany u Brna, VÚZA",49.042061999999994,16.577123,BO
"Hrušovany u Brna, sídliště",49.03915499999999,16.584847,BO
"Hrušovany u Brna, žel. st.",49.034274,16.591904,BO
"Hrušovany u Brna, obecní úřad",49.03979799999999,16.595027,BO
"Židlochovice, škola",49.037011,16.610483,BO
"Žatčany, škola",49.089366999999996,16.731432,BO
"Žatčany, škola",49.089366999999996,16.731432,BO
Telnice,49.10151499999999,16.719568,BO
"Sokolnice, železniční stanice",49.108258,16.734145,BO
"Újezd u Brna, škola",49.10379299999999,16.754275,BO
"Prace, točna",49.141099999999994,16.764035,BO
"Prace, náves",49.1395,16.765083,BO
"Prace, škola",49.138867,16.762701,BO
"Kobylnice, Na Rybníku",49.14286400000001,16.726626,BO
"Brno,Dvorska, smyčka",49.14346,16.707316,BM
"Brno,Vlčkova",49.14115799999999,16.70137,BM
"Brno,Pratecká",49.146304999999984,16.681206,BM
"Brno,Vítězná",49.147316,16.670949,BM
"Brno,Hanácká",49.147804,16.66765,BM
"Brno,Revoluční",49.150097,16.661811,BM
"Brno,Holásecká",49.147496,16.661062,BM
"Brno,Rolencova",49.145353,16.655599,BM
"Brno,Holásky",49.14352399999999,16.650636,BM
"Brno,V aleji",49.147999999999996,16.648573,BM
"Brno,Prodloužená",49.152176,16.647669,BM
"Brno,Popelova",49.156777999999996,16.646434,BM
"Brno,Hněvkovského",49.16975899999999,16.626234,BM
"Brno,Sazenice",49.17287700000001,16.623824,BM
"Brno,Úzká",49.188863,16.613326,BM
"Brno,Úzká",49.189068,16.613932,BM
"Brno,Autobusové nádraží",49.185767999999996,16.617953,BM
"Brno,Železniční",49.182522999999996,16.619763,BM
"Brno,Hněvkovského",49.169824,16.625975,BM
"Brno,Popelova",49.156542,16.646787,BM
"Brno,Prodloužená",49.151348999999996,16.647722,BM
"Brno,V aleji",49.14768699999999,16.648637,BM
"Brno,Holásky",49.14362400000001,16.650395,BM
"Brno,Rolencova",49.14506899999999,16.655039,BM
"Brno,Holásecká",49.14768899999999,16.661673,BM
"Brno,Hanácká",49.14786300000001,16.666583,BM
"Brno,Vítězná",49.146908999999994,16.673259,BM
"Brno,Pratecká",49.14623900000001,16.681655,BM
"Brno,Vlčkova",49.14096999999999,16.7012,BM
"Brno,Dvorska, smyčka",49.143441,16.707436,BM
"Kobylnice, Na Rybníku",49.142746,16.726363,BO
"Prace, škola",49.138783,16.762768,BO
"Prace, náves",49.139432,16.765133,BO
"Vyškov, Autobusové nádraží",49.275302999999994,16.991617,VY
Veverské Knínice,49.23661499999999,16.403696,BO
"Vyškov, U podchodu",49.278597999999995,16.997418,VY
"Veverské Knínice, ZOD Veveří",49.23189299999999,16.409067,BO
"Vémyslice, váha",49.01865,16.263217,ZN
"Vyškov, Tržiště",49.279911999999996,17.007603,VY
"Veverské Knínice, rozcestí Pohádka Máje",49.22717299999999,16.418305,BO
"Moravský Krumlov, Jatky",49.038391999999995,16.308949,ZN
"Vyškov, Marchanice",49.282779999999995,17.024281,VY
"Ostrovačice, Veveří",49.21336199999999,16.407678,BO
"Moravský Krumlov, Břízová",49.041367999999984,16.307078,ZN
"Křižanovice u Vyškova, rozcestí",49.28372,17.036743,VY
Říčany,49.214827,16.395005,BO
"Moravský Krumlov, poliklinika",49.043682999999994,16.305472,ZN
Topolany,49.27746799999999,17.040432,VY
"Říčany, ZD",49.210107,16.395995,BO
"Moravský Krumlov, náměstí",49.04861799999998,16.31303,ZN
"Prusy-Boškůvky, Moravské Prusy, ZD",49.258568,17.057638,VY
"Rosice, Říčanská",49.185289999999995,16.384208,BO
"Moravský Krumlov, autobusové nádraží",49.048232999999996,16.309639,ZN
"Prusy-Boškůvky, Moravské Prusy, křiž.",49.254850000000005,17.05841,VY
"Rosice, Trávníky",49.18346699999999,16.390594,BO
"Moravský Krumlov, železniční stanice",49.046189999999996,16.338163,ZN
"Prusy-Boškůvky, Boškůvky",49.259317999999986,17.073307,VY
"Rosice, Husova",49.182422,16.398846,BO
"Višňové, škola",48.984007,16.15439,ZN
"Miroslav, autobusové nádraží",48.947248,16.312927,ZN
"Znojmo, autobusové nádraží",48.851822,16.056986,ZN
"Znojmo, nám.Svobody, lázně",48.860814999999995,16.049749,ZN
"Znojmo, Přímětická, Resslova",48.867856999999994,16.041419,ZN
"Znojmo, Městský lesík",48.87307199999999,16.052399,ZN
"Únanov, závod",48.888422000000006,16.064178,ZN
"Únanov, obecní úřad",48.90069499999999,16.063443,ZN
"Výrovice, rozcestí",48.91670499999999,16.104037,ZN
"Tvořihráz, na kopečku",48.918555,16.132145,ZN
"Tvořihráz, obecní úřad",48.918997,16.139197,ZN
"Tvořihráz, Žerotická",48.92049999999999,16.140813,ZN
"Tvořihráz, Loucký mlýn",48.924825000000006,16.155051,ZN
"Žerotice, požární zbrojnice",48.926905,16.167782,ZN
"Višňové, Mrazírny",48.97835,16.148018,ZN
Trstěnice,48.98693,16.194828,ZN
Trstěnice,48.98701199999999,16.194897,ZN
"Horní Dunajovice, obecní úřad",48.950222999999994,16.16,ZN
"Horní Dunajovice, Domčice",48.94617,16.167208,ZN
"Želetice, Jednota",48.93552999999999,16.182615,ZN
"Žerotice, požární zbrojnice",48.926907,16.16763,ZN
"Tvořihráz, Loucký mlýn",48.924867,16.154836,ZN
"Tvořihráz, Žerotická",48.92046199999999,16.140685,ZN
"Tvořihráz, obecní úřad",48.91892699999998,16.139113,ZN
"Výrovice, rozcestí",48.916932,16.10361,ZN
"Výrovice, hostinec",48.92860799999999,16.120277,ZN
"Únanov, obecní úřad",48.90060499999999,16.06351,ZN
"Únanov, závod",48.888422000000006,16.064178,ZN
"Znojmo, Městský lesík",48.873079999999995,16.052093,ZN
"Znojmo, Přímětická, Resslova",48.867687999999994,16.041435,ZN
"Znojmo, nám.Svobody, lázně",48.860434999999995,16.049027,ZN
"Znojmo, Přímětice, sklep",48.88399499999999,16.03535,ZN
"Výrovice, hostinec",48.92860799999999,16.120277,ZN
Džbánice,49.00157,16.208232,ZN
"Dobelice, obecní úřad",49.016771000000006,16.279006,ZN
"Moravský Krumlov, autobusové nádraží",49.04818,16.309497,ZN
"Moravský Krumlov, autobusové nádraží",49.04803299999999,16.308775,ZN
Džbánice,49.00153999999999,16.20811,ZN
Jiřice u Miroslavi,48.920697,16.39138,ZN
Trnové Pole,48.94558,16.409803,ZN
"Branišovice, Kanada",48.961572000000004,16.432311,BO
"Branišovice, pošta",48.961817,16.428575,BO
Bohutice,48.989737999999996,16.360072,ZN
Našiměřice,48.96825799999999,16.372205,ZN
"Našiměřice, železniční stanice",48.963072,16.350622,ZN
"Miroslav, autobusové nádraží",48.94661,16.313115,ZN
Pravice,48.84383999999999,16.36177,ZN
"Hrušovany nad Jevišovkou, Znojemská",48.829838,16.394525,ZN
"Břežany, u statku",48.87245299999999,16.3381,ZN
"Břežany, škola",48.874491,16.33457,ZN
"Mackovice, Břežanská",48.881725,16.31649,ZN
"Mackovice, obecní úřad",48.882883,16.309487,ZN
"Dubňany, Jarohněvice",48.924738000000005,17.075872,HO
"Dubňany, obchodní dům",48.918293000000006,17.099783,HO
Ratíškovice,48.920947,17.161482,HO
Ratíškovice,48.92089,17.16175,HO
"Dubňany, obchodní dům",48.918881,17.100025,HO
"Mutěnice, drůbežárna",48.915561,17.0485,HO
"Mutěnice, u mlýna",48.907726999999994,17.033885,HO
"Mutěnice, u mlýna",48.90771999999999,17.03404,HO
"Mutěnice, drůbežárna",48.915561,17.0485,HO
"Ratíškovice, Hradčany",48.917508,17.170092,HO
"Rohatec, Kolonie, rozc. k žel. stanici",48.893761999999995,17.202142,HO
"Rohatec, Kolonie, Maryša",48.888568,17.208266,HO
"Rohatec, Soboňky",48.89542099999999,17.218332,HO
"Rohatec, Soboňky",48.89542099999999,17.218332,HO
"Rohatec, Kolonie, Maryša",48.88868299999999,17.208188,HO
"Rohatec, Kolonie, rozc. k žel. stanici",48.893761999999995,17.202142,HO
"Ratíškovice, Hradčany",48.91754,17.170167,HO
"Hodonín, autobusové nádraží",48.853994,17.121705,HO
"Hodonín, nemocnice - lázně",48.86294,17.146567,HO
"Hodonín, vodárna",48.86778499999999,17.164752,HO
"Rohatec, Smíchov",48.87521499999999,17.178225,HO
"Rohatec, náměstí",48.88030299999999,17.1817,HO
"Rohatec, na kopci",48.887452,17.189605,HO
"Rohatec, Kolonie, Maryša",48.888568,17.208266,HO
"Sudoměřice, obecní úřad",48.870746999999994,17.249615,HO
"Sudoměřice, křižovatka",48.867458,17.257362,HO
Petrov,48.88189400000001,17.277958,HO
"Strážnice, Skalická brána",48.896219999999985,17.305113,HO
"Strážnice, aut. st.",48.89806699999998,17.316063,HO
"Vnorovy, Lidéřovice",48.923241,17.339448,HO
"Vnorovy, škola",48.927063999999994,17.345392,HO
"Vnorovy, obecní úřad",48.931537,17.351093,HO
"Vnorovy, přejezd",48.936271999999995,17.355812,HO
"Veselí nad Moravou, Zarazice, Crhounkova",48.938307999999985,17.36147,HO
"Veselí nad Moravou, Zarazice, restaurace",48.941399999999994,17.366048,HO
"Veselí nad Moravou, Náklí",48.945249999999994,17.37113,HO
"Veselí nad Moravou, Lány, sídliště",48.94757,17.374738,HO
"Veselí nad Moravou, železniční stanice",48.94951799999999,17.382238,HO
"Veselí nad Moravou, železniční stanice",48.949235,17.382003,HO
"Veselí nad Moravou, Lány, sídliště",48.947642,17.374699,HO
"Prusy-Boškůvky, Moravské Prusy, křiž.",49.254850000000005,17.05841,VY
"Strážnice, aut. st.",48.89738499999999,17.317688,HO
"Rosice, Těstárny",49.179452999999995,16.386536,BO
"Prusy-Boškůvky, Moravské Prusy, pošta",49.251985,17.05768,VY
Vnorovy,48.931508,17.348464,HO
"Rosice, ADOSA",49.184093999999995,16.370947,BO
"Zastávka, Dům zdraví",49.18683,16.361669,BO
"Zastávka, železniční stanice",49.187553,16.359243,BO
Babice u Rosic,49.17109399999999,16.359022,BO
"Zbýšov, Sička",49.166782999999995,16.353281,BO
"Zbýšov, internát",49.16161699999999,16.343562,BO
"Zbýšov, Poustka",49.15874,16.346507,BO
"Zbýšov, městský úřad",49.154497,16.349248,BO
"Zbýšov, Anenská",49.14876799999999,16.350648,BO
"Oslavany, Padochov, závod",49.137207,16.348133,BO
"Oslavany, Padochov, restaurace",49.13506799999999,16.354682,BO
"Oslavany, Podlesí",49.137916999999995,16.3463,BO
"Oslavany, U mlýnka",49.13612,16.34402,BO
"Oslavany, Tř. 1. máje",49.1333,16.334575,BO
"Oslavany, Havířská",49.13132199999998,16.32664,BO
"Oslavany, náměstí",49.12643099999998,16.330812,BO
"Oslavany, aut. st.",49.120756,16.336297,BO
"Oslavany, železniční stanice",49.119346,16.344437,BO
"Ivančice, silo",49.108022,16.355788,BO
"Ivančice, Oslavanská",49.103775,16.368657,BO
"Ivančice, náměstí",49.10227700000001,16.375113,BO
"Ivančice, Oslavanská",49.10385200000001,16.368521,BO
"Ivančice, silo",49.108084999999996,16.355831,BO
"Oslavany, železniční stanice",49.11882099999999,16.345931,BO
"Oslavany, aut. st.",49.120824,16.336498,BO
"Oslavany, náměstí",49.12656,16.330845,BO
"Oslavany, Havířská",49.13128799999999,16.32673,BO
"Oslavany, Tř. 1. máje",49.133308,16.334582,BO
"Oslavany, U mlýnka",49.136081999999995,16.344047,BO
"Oslavany, Podlesí",49.137923,16.346305,BO
"Oslavany, Padochov, restaurace",49.13506799999999,16.354682,BO
"Oslavany, Padochov, závod",49.137078999999986,16.348611,BO
"Zbýšov, Anenská",49.14876699999999,16.350782,BO
"Zbýšov, městský úřad",49.15482799999999,16.349268,BO
"Zbýšov, Poustka",49.15843299999999,16.34723,BO
"Zbýšov, internát",49.161832,16.34416,BO
"Zbýšov, Sička",49.16693,16.353128,BO
Babice u Rosic,49.171088999999995,16.359275,BO
"Zastávka, železniční stanice",49.187450999999996,16.359464,BO
"Zastávka, Dům zdraví",49.18696700000001,16.361933,BO
"Rosice, ADOSA",49.18398599999999,16.370956,BO
"Rosice, Kamínky",49.184668,16.382321,BO
"Rosice, Trávníky",49.183539,16.390958,BO
"Rosice, Říčanská",49.185354,16.384354,BO
"Říčany, ZD",49.210205,16.396134,BO
Říčany,49.214683,16.395327,BO
"Rosice, Kamínky",49.184836,16.382997,BO
"Ostrovačice, Říčanská",49.212742999999996,16.406495,BO
"Veverské Knínice, rozcestí Pohádka Máje",49.227638,16.418075,BO
Hvozdec,49.24701100000001,16.426425,BO
"Veverská Bítýška, hájovna Na Hlince",49.251681,16.429227,BO
"Veverská Bítýška, sídliště",49.270107999999986,16.433653,BO
"Veverská Bítýška, náměstí",49.276085,16.43615,BO
"Veverská Bítýška, přístav",49.275345,16.452362,BO
"Chudčice, na hrázi",49.28303300000001,16.455593,BO
Chudčice,49.288056,16.457619,BO
"Chudčice, Delník",49.292726999999985,16.454403,BO
Sentice,49.314187,16.45304,BO
"Sentice, rozcestí",49.323872999999985,16.457293,BO
Hradčany,49.32842999999999,16.441805,BO
"Hradčany, železniční stanice",49.332913,16.438387,BO
"Tišnov, sídliště Klucanina",49.34041299999999,16.432969,BO
"Tišnov, Rybníček",49.343087999999995,16.429751,BO
"Tišnov, Nádražní",49.34483,16.422519,BO
"Veverské Knínice, rozcestí Pohádka Máje",49.227369,16.41878,BO
"Tišnov, železniční stanice",49.34675200000001,16.419588,BO
"Tišnov, náměstí",49.350026,16.424085,BO
"Železné, obec",49.36013200000001,16.450265,BO
"Železné, u Vitaru",49.35649999999998,16.443393,BO
"Tišnov, Kukýrna",49.35248499999999,16.425378,BO
"Tišnov, náměstí",49.349435,16.423238,BO
"Tetčice, žel. st.",49.17187,16.408896,BO
Veselí nad Moravou-Zarazice,48.937236,17.361306,HO
"Veselí nad Moravou, železniční stanice",48.948693999999996,17.382439,HO
"Vážany, Na Hraničkách",49.247477,17.051638,VY
Lipov,48.909805999999996,17.457953,HO
Vážany,49.244672,17.0509,VY
Louka u Ostrohu,48.912234,17.484226,HO
Vážany,49.244672,17.0509,VY
"Velká nad Veličkou, železniční stanice",48.878631,17.51092,HO
"Vážany, Na Hraničkách",49.24814299999999,17.052348,VY
Javorník nad Veličkou zastávka,48.85999999999999,17.520833,HO
"Prusy-Boškůvky, Moravské Prusy, pošta",49.25185999999999,17.057172,VY
Vrbovce,48.824439,17.516352,
"Prusy-Boškůvky, Moravské Prusy, křiž.",49.25495299999999,17.058372,VY
Blatnice pod Sv. Antonínkem,48.941162999999996,17.437706,HO
"Prusy-Boškůvky, Moravské Prusy, ZD",49.258568,17.057638,VY
Vrbovce zastávka,48.804784000000005,17.52869,
Topolany,49.278112,17.040416,VY
Brestovec,48.78601199999999,17.557593,
"Křižanovice u Vyškova, rozcestí",49.283803,17.036758,VY
Myjava,48.76364099999999,17.570897,
"Vyškov, Marchanice",49.28263299999999,17.022841,VY
"Kobylnice, obecní úřad",49.137579,16.732781,BO
"Vyškov, U podchodu",49.278437,16.996948,VY
Kobylnice,49.14018699999999,16.731883,BO
"Křtiny, obecní úřad",49.297072,16.74351,BK
"Šlapanice, železniční stanice",49.159177,16.728893,BO
"Šlapanice, Kalvodova",49.16680499999999,16.72634,BO
"Šlapanice, Riegrova",49.16844499999999,16.726032,BO
"Křtiny, kino",49.294592,16.747538,BK
"Šlapanice, Bedřichovice",49.179844999999986,16.721551,BO
"Křtiny, pivovar",49.29233299999999,16.75651,BK
"Šlapanice, Bedřichovice, rozc.",49.183532,16.722542,BO
"Bukovina, rozcestí 2.0",49.290141,16.763755,BK
Podolí,49.189822,16.726255,BO
Bukovina,49.297462,16.772958,BK
Podolí,49.18983199999999,16.725978,BO
"Bukovina, škola",49.29807999999999,16.775843,BK
"Šlapanice, Bedřichovice, rozc.",49.18335999999999,16.722373,BO
"Bukovinka, Černý les",49.295136,16.79395,BK
"Šlapanice, Bedřichovice",49.17981999999999,16.721481,BO
"Bukovinka, Pindula",49.29510500000001,16.797008,BK
"Šlapanice, Riegrova",49.16844499999999,16.726032,BO
Bukovinka,49.293457999999994,16.8046,BK
"Šlapanice, Riegrova",49.16844499999999,16.726032,BO
"Bukovinka, Říčky, hájenka",49.28786199999999,16.835012,BO
"Šlapanice, Kalvodova",49.16593599999999,16.726067,BO
"Račice-Pístovice, Račice",49.27615699999999,16.87248,VY
Jiříkovice,49.16631999999999,16.757892,BO
"Račice-Pístovice, Račice, ZD",49.27451999999999,16.881328,VY
"Blažovice, pod kostelem",49.16283299999999,16.78274,BO
"Račice-Pístovice, Pístovice",49.27379200000001,16.895212,VY
"Blažovice, hostinec",49.166000999999994,16.786446,BO
"Račice-Pístovice, Pístovice, na kopci",49.275922,16.909412,VY
"Drnovice, Na žlebě",49.276002999999996,16.93944,VY
"Vyškov, Autobusové nádraží",49.27564799999999,16.991752,VY
"Drnovice, Na žlebě",49.276325,16.938332,VY
"Račice-Pístovice, Pístovice, na kopci",49.275957999999996,16.908655,VY
"Račice-Pístovice, Pístovice",49.27379200000001,16.895212,VY
"Račice-Pístovice, Račice, ZD",49.27476199999999,16.88113,VY
"Račice-Pístovice, Račice",49.2763,16.872358,VY
"Račice-Pístovice, Račice, točna",49.277936999999994,16.871397,VY
"Račice-Pístovice, Račice, točna",49.277936999999994,16.871397,VY
"Bukovinka, Říčky, hájenka",49.28786199999999,16.835012,BO
Bukovinka,49.292873,16.805523,BK
"Bukovinka, Pindula",49.29515199999999,16.796175,BK
"Bukovina, škola",49.29807999999999,16.775843,BK
Bukovina,49.29759299999999,16.772995,BK
"Bukovina, rozcestí 2.0",49.29044199999999,16.763782,BK
"Křtiny, pivovar",49.29233299999999,16.75651,BK
"Křtiny, kino",49.294592,16.747538,BK
"Křtiny, obecní úřad",49.296912999999996,16.744228,BK
"Březina, jeskyně Výpustek",49.291587,16.729113,BO
"Habrůvka, Josefov",49.30836200000001,16.690512,BK
"Adamov, Stará huť",49.306628,16.677588,BK
"Adamov, Karlov",49.306675,16.665753,BK
"Adamov, závod",49.30339,16.650323,BK
"Adamov, železniční zastávka",49.30139299999999,16.649932,BK
"Adamov, železniční stanice",49.29568,16.663547,BK
"Adamov, železniční stanice",49.29566199999999,16.663783,BK
"Adamov, železniční zastávka",49.30101299999998,16.650518,BK
"Adamov, Karlov",49.306675,16.665753,BK
"Adamov, Stará huť",49.306628,16.677588,BK
"Habrůvka, Josefov",49.30836200000001,16.690512,BK
"Březina, jeskyně Výpustek",49.291267999999995,16.724842,BO
Habrůvka,49.302742,16.723657,BK
Habrůvka,49.302742,16.723657,BK
"Křtiny, obecní úřad",49.296912999999996,16.744228,BK
"Křtiny, obecní úřad",49.297072,16.74351,BK
"Březina, Lhotky, rozcestí 1.7",49.28682299999999,16.764373,BO
"Březina, u sokolovny",49.28402899999999,16.759146,BO
"Březina, u pomníku",49.282012,16.754153,BO
"Březina, škola",49.28193099999999,16.750376,BO
"Ochoz u Brna, rozcestí Kanice",49.262137,16.729535,BO
"Ochoz u Brna, restaurace U Votrubů",49.255512,16.732568,BO
"Ochoz u Brna, Na pastýřkách",49.251766,16.733456,BO
"Ochoz u Brna, Říčky, rozc.",49.245525,16.724775,BO
"Brno, Na Spáleništi",49.243888,16.713308,BO
"Brno,Velká Klajdovka",49.217049,16.681004,BM
"Brno,Strnadova",49.20582100000001,16.668465,BM
"Brno,Prušánecká",49.20950299999999,16.663369,BM
"Brno,Stará osada",49.20203699999999,16.641659,BM
"Brno,Židenice, nádraží",49.20333399999999,16.636579,BM
"Brno,Židenice, nádraží",49.20339899999999,16.636702,BM
"Brno,Stará osada",49.20243200000001,16.642134,BM
"Brno,Prušánecká",49.20827,16.663465,BM
"Brno,Strnadova",49.20575399999999,16.66904,BM
"Brno,Velká Klajdovka",49.217034,16.681134,BM
"Brno, Na Spáleništi",49.243858,16.714558,BM
"Ochoz u Brna, Říčky, rozc.",49.24564699999999,16.724977,BO
"Ochoz u Brna, Na pastýřkách",49.25090399999999,16.733767,BO
"Ochoz u Brna, obecní úřad",49.25433499999998,16.736467,BO
"Ochoz u Brna, restaurace U Votrubů",49.25642199999999,16.732395,BO
"Ochoz u Brna, rozcestí Kanice",49.262522,16.729692,BO
"Tetčice, Neslovická",49.166369,16.401817,BO
"Veselí nad Moravou, Náklí",48.94526,17.370898,HO
"Blažovice, hostinec",49.166000999999994,16.786446,BO
"Veselí nad Moravou, Zarazice, restaurace",48.94114799999999,17.365187,HO
Neslovice,49.14254999999999,16.387508,BO
"Blažovice, pod kostelem",49.162842,16.783037,BO
"Veselí nad Moravou, Zarazice, Crhounkova",48.93825799999999,17.361175,HO
"Ivančice, škola",49.104430999999984,16.371935,BO
Jiříkovice,49.166323,16.757805,BO
"Vnorovy, přejezd",48.936602,17.35619,HO
"Ivančice, náměstí",49.102403,16.375165,BO
"Ponětovice, železniční stanice",49.154697999999996,16.747757,BO
"Vnorovy, lidový dům",48.93341499999999,17.352495,HO
"Oslavany, aut. st.",49.120784,16.336444,BO
Ponětovice,49.152307,16.742117,BO
"Vnorovy, škola",48.927044,17.3452,HO
"Oslavany, Na Dolině",49.116613,16.32462,BO
Ponětovice,49.152352,16.740815,BO
"Vnorovy, Lidéřovice",48.923376999999995,17.339521,HO
"Nová Ves, host. U Slavíků",49.106609999999996,16.314433,BO
"Ponětovice, železniční stanice",49.154645,16.747738,BO
"Strážnice, aut. st.",48.89811799999999,17.316108,HO
"Nová Ves, škola",49.108723,16.309662,BO
"Brno,Jírova",49.20909899999999,16.688056,BM
"Strážnice, Skalická brána",48.895903999999994,17.304003,HO
Biskoupky,49.099688,16.280147,BO
"Brno,Náměstí Karla IV.",49.206713,16.694241,BM
Petrov,48.88159799999999,17.276709,HO
"Biskoupky, rozc.",49.110381999999994,16.285818,BO
"Brno,Macháčkova",49.20605199999999,16.70193,BM
"Sudoměřice, křižovatka",48.867830999999995,17.257547,HO
"Senorady, u kovárny",49.12247299999999,16.250873,BO
"Brno,Velatická",49.204129,16.708116,BM
"Sudoměřice, obecní úřad",48.870977999999994,17.249454,HO
Senorady,49.123946999999994,16.24498,BO
"Brno,Podolská",49.203028999999994,16.714223,BM
"Rohatec, Kolonie, Maryša",48.88868299999999,17.208188,HO
Lhánice,49.111845,16.217542,TR
"Podolí, Líšeňská",49.191843000000006,16.719825,BO
"Mohelno, sokolovna",49.11529199999999,16.194586,TR
"Rohatec, na kopci",48.88755499999999,17.189458,HO
Mohelno,49.11416199999999,16.1901,TR
"Šlapanice, železniční stanice",49.158649999999994,16.729037,BO
Mohelno,49.11416199999999,16.1901,TR
"Rohatec, náměstí",48.880216,17.181427,HO
Kobylnice,49.14032499999999,16.731953,BO
"Mohelno, sokolovna",49.115239,16.194647,TR
"Rohatec, Smíchov",48.875023,17.177865,HO
"Kobylnice, obecní úřad",49.13753299999999,16.732766,BO
Lhánice,49.11178499999999,16.217625,TR
"Hodonín, vodárna",48.86778499999999,17.164752,HO
"Kobylnice, hřbitov",49.132298,16.732949,BO
Senorady,49.124017,16.244656,BO
"Hodonín, nemocnice - lázně",48.862716999999996,17.145687,HO
"Sokolnice, u hřbitova",49.121132,16.730492,BO
"Senorady, u kovárny",49.122403000000006,16.250997,BO
"Dubňany, kemp Josef",48.930519999999994,17.09804,HO
"Sokolnice, zámek",49.117864999999995,16.725248,BO
"Biskoupky, rozc.",49.11016999999999,16.28592,BO
"Milotice, rozcestí",48.948135999999984,17.093111,HO
"Sokolnice, obecní úřad",49.11385499999999,16.722054,BO
"Nová Ves, škola",49.108635,16.309863,BO
"Svatobořice-Mistřín, mlýn",48.96263,17.089041,HO
"Sokolnice, železniční stanice",49.108258,16.734145,BO
"Nová Ves, host. U Slavíků",49.10654699999999,16.314608,BO
"Svatobořice-Mistřín, Mistřín",48.971639,17.081549,HO
"Újezd u Brna, Revoluční",49.10625799999999,16.749987,BO
"Oslavany, Na Dolině",49.11671299999999,16.324797,BO
"Svatobořice-Mistřín, škola",48.974187,17.086079,HO
"Újezd u Brna, městský úřad",49.10457799999999,16.757317,BO
"Ivančice, náměstí",49.102278,16.375185,BO
"Svatobořice-Mistřín, kulturní dům",48.977931999999996,17.090462,HO
"Žatčany, náves",49.08856299999999,16.732707,BO
"Ivančice, škola",49.104455,16.372021,BO
"Svatobořice-Mistřín, restaurace",48.983528,17.094782,HO
"Žatčany, u mlýna",49.086637,16.725932,BO
Neslovice,49.142605,16.387307,BO
"Svatobořice-Mistřín, textilka",48.99156899999999,17.101103,HO
"Měnín, u pomníku",49.085837,16.699068,BO
"Tetčice, Neslovická",49.16629999999999,16.401986,BO
"Kyjov, nemocnice, křižovatka",49.007137,17.113345,HO
"Měnín, u mlýna",49.08410200000001,16.694181,BO
"Tetčice, žel. st.",49.17187,16.408896,BO
"Kyjov, aut. st.",49.006463,17.124008,HO
"Měnín, obchodní středisko",49.079732,16.693543,BO
"Rosice, Husova",49.181660999999984,16.398961,BO
"Kyjov, aut. st.",49.006463,17.124008,HO
"Měnín, Albrechtov",49.068535,16.682603,BO
"Ivančice, náměstí",49.10227700000001,16.375113,BO
"Dolní Kounice, Rybárna",49.071349,16.469196,BO
Mělčany,49.07538799999998,16.493876,BO
"Modřice, smyčka",49.127138,16.604706,BO
"Modřice, Brněnská",49.129392,16.604987,BO
"Modřice, železniční stanice",49.134137,16.606734,BO
"Modřice, železniční stanice",49.1337,16.606717,BO
"Modřice, smyčka",49.126517,16.604633,BO
"Modřice, Tyršova",49.129401999999985,16.603203,BO
Mělčany,49.075149,16.493276,BO
"Dolní Kounice, Rybárna",49.071412,16.469024,BO
"Židlochovice, železniční stanice",49.033613999999986,16.616961,BO
"Blučina, obchodní středisko",49.056137,16.645115,BO
Opatovice,49.076022,16.641239,BO
"Prace, točna",49.141017,16.764052,BO
"Rajhradice, obecní úřad",49.09171499999999,16.633972,BO
"Rajhradice, váha",49.09362,16.635452,BO
"Rajhradice, Loučka",49.09259,16.6217,BO
"Rajhrad, klášter",49.090645,16.614513,BO
"Rajhrad, Městečko",49.08927,16.605748,BO
"Rajhrad, železniční stanice",49.084167,16.605135,BO
"Rajhrad, železniční stanice",49.084334999999996,16.60514,BO
"Rajhrad, Městečko",49.089079,16.606333,BO
"Rajhrad, klášter",49.09112699999999,16.615325,BO
"Rajhradice, Loučka",49.09254299999999,16.621718,BO
"Rajhradice, váha",49.093623,16.63553,BO
"Rajhradice, obecní úřad",49.09161700000001,16.633897,BO
Opatovice,49.075920999999994,16.640909,BO
"Blučina, obchodní středisko",49.056137,16.645115,BO
"Blučina, náměstí",49.054871999999996,16.646478,BO
Trboušany,49.049141999999996,16.46398,BO
"Dolní Kounice, Trboušanská",49.06613,16.468147,BO
"Dolní Kounice, Trboušanská",49.06613,16.468147,BO
Trboušany,49.049141999999996,16.46398,BO
"Dolní Kounice, Nové Kounice",49.07815000000001,16.442558,BO
"Dolní Kounice, u Machových",49.074836,16.447493,BO
"Dolní Kounice, Nové Kounice",49.07823599999999,16.442158,BO
"Bučovice, aut. st.",49.148056999999994,17.001665,VY
"Bučovice, železniční stanice",49.145985,17,VY
"Bučovice, dům mládeže",49.15277999999999,17.009682,VY
"Bučovice, Černčín, rozcestí",49.157272999999996,17.007965,VY
"Kojátky, rozcestí",49.168234000000005,17.006497,VY
Bohaté Málkovice,49.18936499999999,17.014315,VY
Kozlany,49.203987999999995,17.035198,VY
"Bohdalice-Pavlovice, Hradčany",49.209898,17.032628,VY
"Bohdalice-Pavlovice, Bohdalice",49.21404299999998,17.030467,VY
"Kučerov, dolní konec",49.216697999999994,17.002958,VY
Kučerov,49.22017999999999,17.00645,VY
Hlubočany,49.230607000000006,16.998037,VY
"Vyškov, Křečkovice",49.275592,17.009653,VY
"Vyškov, Palánek",49.27617999999999,17.000898,VY
"Vyškov, Autobusové nádraží",49.27554799999999,16.991871,VY
"Vyškov, Palánek",49.276033,17.001048,VY
"Vyškov, Křečkovice",49.275592,17.009653,VY
Hlubočany,49.23047199999999,16.998027,VY
Kučerov,49.220183,17.006345,VY
"Kučerov, dolní konec",49.21696299999999,17.002942,VY
"Bohdalice-Pavlovice, Bohdalice",49.213978,17.030328,VY
"Bohdalice-Pavlovice, Hradčany",49.210094999999995,17.03258,VY
Kozlany,49.20369999999999,17.035175,VY
Bohaté Málkovice,49.189449999999994,17.01421,VY
"Kojátky, rozcestí",49.16805,17.00625,VY
"Bučovice, Černčín, rozcestí",49.157272999999996,17.007965,VY
"Bučovice, dům mládeže",49.15279999999999,17.009197,VY
"Bučovice, aut. st.",49.148056999999994,17.001665,VY
"Bučovice, zdravotní středisko",49.148109999999996,17.005643,VY
"Bučovice, zdravotní středisko",49.148109999999996,17.005643,VY
"Bučovice, aut. st.",49.148056999999994,17.001665,VY
"Bučovice, železniční stanice",49.145833,17.000222,VY
"Bučovice, garáže ČSAD",49.149066999999995,16.995883,VY
"Mouřínov, statek",49.12575799999999,16.977952,VY
"Kyjov, nemocnice, křižovatka",49.00725,17.113458,HO
"Blansko, Hořice",49.356216999999994,16.623013,BK
"Blučina, hřbitov",49.05240599999999,16.657125,BO
"Blansko, Olešná",49.33969299999999,16.637515,BK
"Svatobořice-Mistřín, textilka",48.99185399999999,17.101184,HO
"Blučina, náměstí",49.054956999999995,16.646473,BO
"Blansko, rozvodna, točna",49.35064199999999,16.644909,BK
"Svatobořice-Mistřín, restaurace",48.98316,17.09427,HO
"Blučina, Komenského",49.05535299999999,16.635147,BO
"Blansko, Synthon",49.353202,16.642345,BK
"Svatobořice-Mistřín, kulturní dům",48.97775899999999,17.08999,HO
"Blučina, ZD",49.05320700000001,16.626305,BO
"Blansko, Brněnská",49.357865,16.639015,BK
"Svatobořice-Mistřín, škola",48.97388399999999,17.08519,HO
"Židlochovice, sídliště",49.03929099999998,16.616336,BO
"Blansko, Svitavská",49.358878,16.643105,BK
"Svatobořice-Mistřín, Mistřín",48.97119,17.081982,HO
"Židlochovice, aut. st.",49.035878999999994,16.614708,BO
"Blansko, aut. st.",49.35340099999999,16.64738,BK
"Svatobořice-Mistřín, mlýn",48.962494,17.088993,HO
"Židlochovice, železniční stanice",49.033692,16.616779,BO
"Blansko, aut. st.",49.353508000000005,16.647103,BK
"Milotice, rozcestí",48.94817799999998,17.092997,HO
"Židlochovice, aut. st.",49.03605399999999,16.614606,BO
"Blansko, Svitavská",49.35962299999999,16.642805,BK
"Dubňany, kemp Josef",48.930153999999995,17.098098,HO
"Židlochovice, železniční stanice",49.033764000000005,16.617041,BO
"Blansko, Brněnská",49.35641999999999,16.639269,BK
"Hodonín, autobusové nádraží",48.85414899999999,17.121809,HO
"Blansko, Synthon",49.354082,16.640722,BK
"Židlochovice, ADOSA",49.028803,16.61698,BO
"Blansko, rozvodna, točna",49.35064199999999,16.644909,BK
Vacenovice,48.945251999999996,17.173992,HO
"Blansko, Olešná",49.339048,16.63727,BK
"Unkovice, rozc.",49.015645,16.604942,BO
"Vacenovice, dolní konec",48.95318699999999,17.175798,HO
"Šebrov-Kateřina, Sv. Kateřina",49.33025200000001,16.614607,BK
"Žabčice, sokolovna",49.012877,16.60025,BO
"Vracov, Drahy",48.97512799999999,17.207408,HO
"Šebrov-Kateřina, Šebrov",49.328948999999994,16.598162,BK
"Žabčice, žel. st.",49.011644999999994,16.595305,BO
"Vracov, škola",48.980963,17.209359,HO
Svinošice,49.33341299999999,16.574056,BK
Žabčice,49.011559999999996,16.602326,BO
"Bzenec, železniční stanice",48.969301,17.263489,HO
"Lipůvka, ZŠ",49.338205,16.557915,BK
"Žabčice, u Mahovských",49.004713,16.609833,BO
"Bzenec, železniční stanice",48.969078999999994,17.264224,HO
Lipůvka,49.338366999999984,16.552513,BK
Přísnotice,49.00339499999999,16.613415,BO
"Vracov, škola",48.980993,17.209271,HO
"Kuřim, Prefa rozcestí",49.316221999999996,16.54848,BO
Přísnotice,49.00339499999999,16.613415,BO
"Vracov, Drahy",48.974442,17.206845,HO
"Kuřim, TE",49.31429099999999,16.547073,BO
"Žabčice, u Mahovských",49.004752999999994,16.609845,BO
"Vacenovice, dolní konec",48.953045,17.175658,HO
"Kuřim, TOS",49.313489999999994,16.54055,BO
Žabčice,49.013501999999995,16.601017,BO
"Čejkovice, u kostela",48.905071,16.944026,HO
"Kuřim, poliklinika",49.30939599999999,16.533817,BO
"Unkovice, rozc.",49.01552999999999,16.604708,BO
"Čejkovice, kovárna",48.90070300000001,16.939721,HO
"Kuřim, kulturní dům",49.30770499999999,16.531739,BO
"Židlochovice, ADOSA",49.028794999999995,16.617087,BO
"Velké Bílovice, kovárna",48.847883,16.89525,BV
"Kuřim, železniční stanice",49.300528,16.534165,BO
"Židlochovice, železniční stanice",49.03391299999999,16.617092,BO
"Velké Bílovice, autobusové nádraží",48.85151599999998,16.889186,BV
"Kuřim, železniční stanice",49.300295,16.533755,BO
"Židlochovice, železniční stanice",49.033613999999986,16.616961,BO
"Velké Bílovice, ZD",48.84598699999998,16.883718,BV
"Kuřim, kulturní dům",49.30768199999999,16.531878,BO
"Židlochovice, aut. st.",49.036170999999996,16.614705,BO
"Podivín, Bratislavská",48.829257000000005,16.85268,BV
"Kuřim, poliklinika",49.310168,16.535507,BO
"Židlochovice, sídliště",49.039909999999985,16.616314,BO
"Podivín, Besední dům",48.829849,16.847884,BV
"Kuřim, TOS",49.31333099999999,16.540273,BO
"Kuřim, Prefa rozcestí",49.316221999999996,16.54848,BO
Lipůvka,49.339155,16.552682,BK
"Lipůvka, ZŠ",49.338077999999996,16.558143,BK
Svinošice,49.333183000000005,16.574847,BK
"Šebrov-Kateřina, Šebrov",49.328832,16.598548,BK
"Šebrov-Kateřina, Sv. Kateřina",49.330242,16.614127,BK
"Blansko, rozcestí Klepačov",49.346354999999996,16.650873,BK
"Blansko, rozcestí Klepačov",49.346354999999996,16.650873,BK
"Blansko, Olešná",49.339567,16.636938,BK
"Svinošice, náves",49.333645,16.575506,BK
"Kuřim, TE",49.31442599999999,16.547293,BO
"Blansko, aut. st.",49.354033,16.646223,BK
"Blansko, Poříčí",49.36245099999999,16.641309,BK
"Blansko, Bezručova",49.37059899999999,16.645997,BK
"Blansko, Horní Lhota",49.38405199999998,16.647172,BK
Ráječko,49.39525299999999,16.642972,BK
"Rájec-Jestřebí, pošta",49.40629800000001,16.637625,BK
"Rájec-Jestřebí, náměstí",49.41107699999999,16.639236,BK
"Rájec-Jestřebí, Komenského",49.41592300000001,16.632258,BK
"Doubravice, zahradnictví",49.431632,16.633024,BK
"Doubravice, nám.",49.43565699999999,16.629448,BK
"Doubravice, ZD 0.3",49.43935299999999,16.626588,BK
Lhota Rapotina,49.465391999999994,16.625298,BK
"Boskovice, Mánesova",49.48508699999999,16.644593,BK
"Boskovice, aut.st.",49.49173499999999,16.653057,BK
"Boskovice, aut.st.",49.49173499999999,16.653057,BK
"Boskovice, Mánesova",49.484823,16.644158,BK
Lhota Rapotina,49.465292999999996,16.625152,BK
"Doubravice, ZD 0.3",49.43974699999999,16.626292,BK
"Doubravice, nám.",49.434302,16.62947,BK
"Doubravice, zahradnictví",49.43163899999999,16.632842,BK
"Rájec-Jestřebí, Komenského",49.41486899999999,16.632897,BK
"Rájec-Jestřebí, náměstí",49.411089999999994,16.63913,BK
"Rájec-Jestřebí, pošta",49.406058,16.637712,BK
Ráječko,49.395247999999995,16.642837,BK
"Blansko, Horní Lhota",49.38405199999998,16.647172,BK
"Blansko, Bezručova",49.37058499999999,16.645885,BK
"Blansko, náměstí Republiky",49.361612999999984,16.644347,BK
"Boskovice, nemocnice",49.491627,16.644028,BK
"Boskovice, 17. listopadu",49.488890999999995,16.661476,BK
"Boskovice, 17. listopadu",49.48951099999999,16.66189,BK
"Blansko, aut. st.",49.353623,16.646938,BK
"Blansko, ČKD ředitelství",49.34962199999999,16.656222,BK
"Blansko, ČKD strojírna",49.35304699999999,16.668993,BK
"Blansko, ČKD nová hala",49.35331299999998,16.673467,BK
"Blansko, ČKD Orlík",49.35237300000001,16.682372,BK
"Blansko, DSB slévárna",49.356875,16.684215,BK
"Blansko, přehrada",49.360567999999994,16.692738,BK
"Blansko, Skalní Mlýn",49.36359999999999,16.708253,BK
"Blansko, Skalní Mlýn",49.36359999999999,16.708253,BK
"Blansko, přehrada",49.360182,16.693135,BK
"Blansko, DSB slévárna",49.356875,16.684215,BK
"Blansko, ČKD Orlík",49.35244699999999,16.682748,BK
"Blansko, ČKD nová hala",49.35331299999998,16.673467,BK
"Blansko, ČKD strojírna",49.35328299999999,16.669747,BK
"Blansko, ČKD ředitelství",49.34976299999999,16.656438,BK
"Blansko, aut. st.",49.353623,16.646938,BK
"Rájec-Jestřebí, náměstí",49.410568,16.639772,BK
"Tišnov, železniční stanice",49.346363999999994,16.419836,BO
"Předklášteří, obecní úřad",49.35256799999999,16.402852,BO
"Štěpánovice, rozcestí",49.359287999999985,16.399707,BO
"Předklášteří, Zetor šroubárna",49.36332,16.396143,BO
"Štěpánovice, obecní úřad",49.37269499999999,16.387998,BO
"Štěpánovice, horní konec",49.378709,16.379665,BO
"Štěpánovice, horní konec",49.378709,16.379665,BO
"Štěpánovice, obecní úřad",49.372143,16.388397,BO
"Předklášteří, Zetor šroubárna",49.363152,16.396227,BO
"Štěpánovice, rozcestí",49.359357,16.399617,BO
"Předklášteří, obecní úřad",49.352482999999985,16.403615,BO
"Tišnov, železniční stanice",49.347123,16.419159,BO
"Tišnov, Nádražní",49.344912,16.422058,BO
"Blučina, ZD",49.05372699999999,16.627398,BO
"Podivín, železniční stanice",48.83704199999998,16.85348,BV
"Blučina, Komenského",49.05531499999999,16.635013,BO
"Podivín, železniční stanice",48.83682300000001,16.853954,BV
"Blučina, náměstí",49.054871999999996,16.646478,BO
"Podivín, Besední dům",48.829719,16.847731,BV
"Blučina, hřbitov",49.05240999999999,16.656709,BO
"Podivín, Bratislavská",48.829178,16.853047,BV
"Měnín, Albrechtov",49.068523000000006,16.682727,BO
"Velké Bílovice, ZD",48.846583,16.884455,BV
"Měnín, obchodní středisko",49.079732,16.693543,BO
"Velké Bílovice, autobusové nádraží",48.85151599999998,16.889186,BV
"Měnín, u pomníku",49.08554199999999,16.698556,BO
"Velké Bílovice, kovárna",48.84768699999999,16.895322,BV
"Žatčany, u mlýna",49.08657199999998,16.726,BO
"Čejkovice, kovárna",48.90081200000001,16.939888,HO
"Žatčany, náves",49.088592,16.732396,BO
"Čejkovice, u kostela",48.90493,16.944058,HO
"Újezd u Brna, městský úřad",49.104689999999984,16.757273,BO
"Podivín, železniční stanice",48.83682300000001,16.853954,BV
"Újezd u Brna, Revoluční",49.106714999999994,16.748685,BO
"Podivín, Besední dům",48.829719,16.847731,BV
"Sokolnice, železniční stanice",49.108436999999995,16.733573,BO
"Podivín, Fruta",48.823793,16.846772,BV
"Sokolnice, obecní úřad",49.114232999999984,16.721202,BO
"Lednice, náměstí",48.800020999999994,16.804114,BV
"Sokolnice, zámek",49.11788,16.724835,BO
"Lednice, náměstí",48.799982,16.804192,BV
"Lednice, hospodářské družstvo",48.80005199999999,16.791243,BV
"Lednice, skleníky",48.80426799999999,16.779102,BV
"Lednice, Nejdek, rozcestí",48.808867,16.771973,BV
"Bulhary, cihelna",48.816377,16.761377,BV
"Bulhary, školka",48.828767,16.750608,BV
"Bulhary, střed",48.833047,16.745817,BV
"Bulhary, u sadu",48.836209999999994,16.741522,BV
"Milovice, hájenka",48.843073,16.726725,BV
"Milovice, restaurace",48.852357000000005,16.698233,BV
"Milovice, restaurace",48.852357000000005,16.698233,BV
"Mikulov, v lese",48.831588,16.677393,BV
"Mikulov, Bezručova",48.812464,16.651058,BV
"Mikulov, Hliniště",48.81352799999999,16.645689,BV
"Mikulov, Gagarinova",48.81309499999999,16.633689,BV
"Mikulov, železniční stanice",48.80175499999999,16.626495,BV
"Mikulov, u parku",48.802695,16.634122,BV
"Mikulov, u pošty",48.807667,16.639627,BV
"Mikulov, Pavlovská",48.81087199999999,16.642655,BV
"Mikulov, Bezručova",48.812464,16.651058,BV
"Mikulov, v lese",48.83246799999999,16.682154,BV
"Milovice, restaurace",48.8523,16.698388,BV
"Milovice, restaurace",48.8523,16.698388,BV
"Milovice, hájenka",48.843073,16.726725,BV
"Bulhary, u sadu",48.836252,16.741207,BV
"Bulhary, střed",48.833047,16.745817,BV
"Bulhary, školka",48.828508,16.750048,BV
"Bulhary, cihelna",48.816377,16.761377,BV
"Lednice, Nejdek, rozcestí",48.808761999999994,16.772022,BV
"Lednice, skleníky",48.80426799999999,16.779102,BV
"Lednice, hospodářské družstvo",48.79994799999999,16.79138,BV
"Lednice, náměstí",48.799982,16.804192,BV
"Sokolnice, u hřbitova",49.121768,16.730846,BO
"Kobylnice, hřbitov",49.132361,16.733035,BO
"Březina, Táborská",49.28147799999999,16.749272,BO
"Březina, u pomníku",49.282012,16.754153,BO
"Březina, u sokolovny",49.28429,16.759784,BO
"Březina, Lhotky, rozcestí 1.7",49.286872,16.764478,BO
"Křtiny, obecní úřad",49.297082,16.74357,BK
"Drnovice, škola",49.276192,16.950773,VY
"Horní Dunajovice, obecní úřad",48.950264999999995,16.15987,ZN
"Horní Dunajovice, Domčice",48.946078,16.167222,ZN
"Želetice, Jednota",48.93552999999999,16.182615,ZN
"Želetice, škola",48.938995,16.182163,ZN
Morašice,48.957325000000004,16.20937,ZN
"Skalice, dolní zastávka",48.963511,16.224311,ZN
"Hostěradice, Chlupice",48.951105,16.24308,ZN
"Břežany, osada Ležák",48.887019,16.347431,ZN
"Břežany, u statku",48.87245299999999,16.3381,ZN
"Břežany, u pošty",48.87018,16.339872,ZN
"Břežany, u hostince",48.867867,16.344198,ZN
"Hostěradice, Chlupice",48.951304999999984,16.242857,ZN
"Skalice, sokolovna",48.961453,16.223723,ZN
Morašice,48.957353000000005,16.20921,ZN
"Želetice, škola",48.93887,16.181972,ZN
"Želetice, Jednota",48.93552999999999,16.182615,ZN
"Horní Dunajovice, Domčice",48.946078,16.167222,ZN
"Horní Dunajovice, obecní úřad",48.950264999999995,16.15987,ZN
"Hostěradice, náměstí",48.950641999999995,16.259606,ZN
"Oleksovice, hostinec",48.90186199999999,16.25005,ZN
"Oleksovice, u potoka",48.904472,16.243785,ZN
"Prosiměřice, hostinec",48.902423,16.192625,ZN
"Stošíkovice na Louce, rozcestí",48.889731,16.196426,ZN
Bantice,48.88312999999999,16.184438,ZN
"Znojmo, Mariánské nám.",48.85596100000001,16.054083,ZN
"Znojmo, autobusové nádraží",48.85190300000001,16.057105,ZN
"Prosiměřice, u bufetu",48.903397999999996,16.190627,ZN
"Hostěradice, náměstí",48.950641999999995,16.259606,ZN
"Hostěradice, Míšovice",48.962374999999994,16.262257,ZN
"Kadov, rozcestí",48.991876999999995,16.277283,ZN
Kadov,48.982414999999996,16.28708,ZN
Petrovice,49.00749499999999,16.29147,ZN
"Dobelice, Krumlovská",49.017307,16.278638,ZN
Rybníky,49.02543299999999,16.28111,ZN
"Moravský Krumlov, SPS",49.033102,16.303372,ZN
"Moravský Krumlov, Jatky",49.037361999999995,16.311183,ZN
"Moravský Krumlov, provozovna ČAS",49.038482,16.316285,ZN
"Moravský Krumlov, Kavalírka",49.04575,16.310588,ZN
"Moravský Krumlov, autobusové nádraží",49.048283,16.309278,ZN
"Moravský Krumlov, Kavalírka",49.04575799999999,16.31087,ZN
"Moravský Krumlov, Václavská",49.044005,16.315667,ZN
"Moravský Krumlov, stezka",49.04490799999999,16.32186,ZN
"Moravský Krumlov, Rokytná",49.064882999999995,16.323339,ZN
"Ivančice, Budkovice, rozcestí",49.081860999999996,16.34915,BO
"Ivančice, Němčice",49.093586,16.368389,BO
"Ivančice, železniční stanice",49.097747,16.372945,BO
"Ivančice, náměstí",49.102256999999994,16.375358,BO
"Ivančice, železniční stanice",49.097893,16.373083,BO
"Ivančice, Němčice",49.092907,16.368312,BO
"Ivančice, Budkovice",49.073074,16.347399,BO
"Moravský Krumlov, Rokytná",49.06467800000001,16.32295,ZN
"Moravský Krumlov, stezka",49.044907,16.321857,ZN
"Moravský Krumlov, Václavská",49.044079999999994,16.315493,ZN
"Moravský Krumlov, autobusové nádraží",49.04833899999999,16.309542,ZN
"Moravský Krumlov, železniční stanice",49.046189999999996,16.338163,ZN
"Moravský Krumlov, autobusové nádraží",49.04803299999999,16.308775,ZN
"Moravský Krumlov, náměstí",49.048831,16.312392,ZN
"Moravský Krumlov, u parku",49.04549299999999,16.304797,ZN
"Moravský Krumlov, poliklinika",49.043274999999994,16.305654,ZN
"Moravský Krumlov, Břízová",49.04184999999999,16.306635,ZN
"Moravský Krumlov, Jatky",49.037352000000006,16.309838,ZN
"Moravský Krumlov, SPS",49.03310499999999,16.303185,ZN
Rybníky,49.025483,16.280965,ZN
"Dobelice, Krumlovská",49.017108,16.278542,ZN
"Vémyslice, váha",49.01861999999999,16.263385,ZN
"Vémyslice, u kostela",49.02261799999999,16.253758,ZN
"Vémyslice, nový hřbitov",49.02574199999999,16.24337,ZN
"Tulešice, Jarolímův mlýn",49.031192,16.230558,ZN
"Tulešice, zámek",49.038957,16.205943,ZN
Čermákovice,49.032343,16.193263,ZN
Horní Kounice,49.026340000000005,16.151363,ZN
"Medlice, křižovatka",49.006317,16.125863,ZN
"Přeskače, obec",49.01511500000001,16.106898,ZN
"Tavíkovice, hostinec",49.032222999999995,16.10664,ZN
"Tavíkovice, hostinec",49.032212,16.10682,ZN
"Tavíkovice, škola",49.033761,16.103083,ZN
"Tavíkovice, Dobronice",49.02044300000001,16.077052,ZN
"Přeskače, obec",49.015091999999996,16.107052,ZN
"Medlice, křižovatka",49.00621999999999,16.125925,ZN
"Višňové, náměstí",48.98268399999999,16.1501,ZN
"Višňové, Mrazírny",48.978747999999996,16.147538,ZN
Suchohrdly u Miroslavi,48.943011999999996,16.363188,ZN
Jiřice u Miroslavi,48.920697,16.39138,ZN
Křepice,48.987202,16.095597,ZN
"Běhařovice, obecní úřad",49.00333499999999,16.079957,ZN
"Tavíkovice, Dobronice",49.02044300000001,16.077052,ZN
"Tavíkovice, Oseva",49.03286799999999,16.103444,ZN
"Tavíkovice, hostinec",49.032212,16.10682,ZN
"Tavíkovice, hostinec",49.032222999999995,16.10664,ZN
Horní Kounice,49.026247,16.15161,ZN
Čermákovice,49.03227,16.193517,ZN
"Tulešice, zámek",49.038888,16.20588,ZN
"Tulešice, Jarolímův mlýn",49.031147999999995,16.230422,ZN
"Vémyslice, nový hřbitov",49.02560999999999,16.24345,ZN
"Rapotice, železniční stanice",49.18402799999999,16.256111,TR
Vysoké Popovice,49.178333,16.291111,BO
"Zastávka, železniční stanice",49.187554,16.358768,BO
Rosice u Brna,49.17845499999999,16.38459,BO
"Tetčice, žel. st.",49.17232299999999,16.408188,BO
Omice,49.16055599999999,16.446944,BO
Střelice,49.153889,16.483055,BO
"Troubsko, U dráhy",49.164172,16.527167,BO
Ostopovice,49.16480299999999,16.544451,BO
"Zastávka, železniční stanice",49.187554,16.358768,BO
Vysoké Popovice,49.178333,16.291111,BO
"Rapotice, železniční stanice",49.18402799999999,16.256111,TR
Kralice nad Oslavou,49.193333,16.204722,TR
Ostopovice,49.16480299999999,16.544451,BO
Střelice,49.153889,16.483055,BO
Omice,49.16055599999999,16.446944,BO
"Tetčice, žel. st.",49.17232299999999,16.408188,BO
Rosice u Brna,49.17845499999999,16.38459,BO
"Troubsko, U dráhy",49.163728000000006,16.526078,BO
"Moravské Bránice, žel. st.",49.084610999999995,16.428333,BO
Ivančice letovisko,49.09416700000001,16.40225,BO
Ivančice město,49.09916700000001,16.383722,BO
"Ivančice, železniční stanice",49.098056,16.371389,BO
"Ivančice, železniční stanice",49.098056,16.371389,BO
Ivančice město,49.09916700000001,16.383722,BO
Ivančice letovisko,49.09416700000001,16.40225,BO
"Moravské Bránice, žel. st.",49.084610999999995,16.428333,BO
Silůvky,49.108611,16.462778,BO
"Moravský Krumlov, železniční stanice",49.046389,16.338056,ZN
"Moravský Krumlov, Rakšice, žel.st.",49.014428,16.34527,ZN
Bohutice,48.98795599999999,16.356025,ZN
"Brno,Brno-Starý Lískovec",49.162215999999994,16.570659,BM
"Střelice, dolní železniční stanice",49.156943999999996,16.508889,BO
Radostice,49.133611,16.461945,BO
Silůvky,49.108611,16.462778,BO
"Moravský Krumlov, železniční stanice",49.046389,16.338056,ZN
"Miroslav, železniční stanice",48.93531999999999,16.362297,ZN
Dolenice,48.9122,16.367822,ZN
Břežany,48.873105999999986,16.367539,ZN
Pravice,48.84868899999999,16.370211,ZN
"Hrušovany nad Jevišovkou, žel. st.",48.810029,16.383137,ZN
Bohutice,48.98795599999999,16.356025,ZN
"Moravský Krumlov, Rakšice, žel.st.",49.014428,16.34527,ZN
Radostice,49.133611,16.461945,BO
"Střelice, dolní železniční stanice",49.156943999999996,16.508889,BO
"Brno,Brno-Starý Lískovec",49.162215999999994,16.570659,BM
"Hrušovany nad Jevišovkou, žel. st.",48.810029,16.383137,ZN
Pravice,48.84868899999999,16.370211,ZN
Břežany,48.873105999999986,16.367539,ZN
Dolenice,48.9122,16.367822,ZN
"Miroslav, železniční stanice",48.93531999999999,16.362297,ZN
Luleč,49.24805599999999,16.921667,VY
"Rousínov, žel. st.",49.196667000000005,16.867139,VY
"Veselí nad Moravou, Milokošť",48.96633500000001,17.398435,HO
"Křenovice, dol. žel. st.",49.144327999999994,16.834021,VY
"Křižanovice, žel. st.",49.145011000000004,16.934747,VY
"Bučovice, Marefy, žel. st.",49.149167,16.973056,VY
Nevojice,49.13684699999999,17.04775,VY
"Brankovice, železniční stanice",49.15036099999999,17.13375,VY
Jestřabice,49.088888999999995,17.113333,HO
"Kyjov, Bohuslavice, železniční stanice",49.05583299999999,17.118917,HO
Ostrožská Nová Ves lázně,49.018180999999984,17.446255,UH
"Šlapanice, železniční zastávka",49.163270999999995,16.719131,BO
"Šlapanice, železniční stanice",49.156653999999996,16.729514,BO
Blažovice,49.163734999999996,16.798179,BO
"Ponětovice, železniční stanice",49.154709,16.748578,BO
"Brno,Brno-Černovice",49.18898399999999,16.631233,BM
Nevojice,49.13684699999999,17.04775,VY
"Bučovice, Marefy, žel. st.",49.149167,16.973056,VY
"Křižanovice, žel. st.",49.145011000000004,16.934747,VY
"Křenovice, dol. žel. st.",49.144327999999994,16.834021,VY
Blažovice,49.163734999999996,16.798179,BO
"Ponětovice, železniční stanice",49.154709,16.748578,BO
"Šlapanice, železniční stanice",49.156653999999996,16.729514,BO
"Šlapanice, železniční zastávka",49.163270999999995,16.718638,BO
"Veselí nad Moravou, Milokošť",48.96633500000001,17.398435,HO
"Bzenec, železniční stanice",48.969173,17.263183,HO
Bzenec-Olšovec,48.97021699999999,17.293339,HO
Ostrožská Nová Ves lázně,49.018180999999984,17.446255,UH
"Moravský Písek, Kolonie, žel. stanice",48.977119,17.314582,HO
Bzenec-Olšovec,48.97021699999999,17.293339,HO
"Veselí nad Moravou, železniční stanice",48.948693999999996,17.382439,HO
Veselí nad Moravou-Zarazice,48.937236,17.361306,HO
Vnorovy,48.931508,17.348464,HO
"Strážnice, aut. st.",48.89738499999999,17.317688,HO
Petrov,48.878911,17.273703,HO
Sudoměřice nad Moravou,48.871652999999995,17.243039,HO
Rohatec kolonie,48.892642,17.212111,HO
Javorník nad Veličkou zastávka,48.85999999999999,17.520833,HO
"Velká nad Veličkou, železniční stanice",48.878631,17.51092,HO
Louka u Ostrohu,48.912234,17.484226,HO
Lipov,48.909805999999996,17.457953,HO
Blatnice pod Sv. Antonínkem,48.941162999999996,17.437706,HO
Vrbovce,48.824439,17.516352,
Myjava,48.76364099999999,17.570897,
Brestovec,48.78601199999999,17.557593,
Vrbovce zastávka,48.804784000000005,17.52869,
Rohatec kolonie,48.892642,17.212111,HO
Sudoměřice nad Moravou,48.871652999999995,17.243039,HO
Petrov,48.878911,17.273703,HO
"Adamov, Kolonka",49.292398,16.666373,BK
"Adamov, železniční stanice, točna",49.29238,16.670087,BK
"Adamov, železniční stanice",49.29566199999999,16.663783,BK
"Adamov, železniční zastávka",49.30101299999998,16.650518,BK
"Adamov, obchodní dům",49.30190700000001,16.651922,BK
"Adamov, Horka",49.300953,16.657882,BK
"Adamov, Horka, točna",49.302925,16.655013,BK
"Adamov, Horka, točna",49.302925,16.655013,BK
"Adamov, Horka",49.300748000000006,16.658212,BK
"Svitávka, Podhradí",49.508082,16.599365,BK
"Adamov, obchodní dům",49.301892,16.652313,BK
"Lesní Hluboké, motel 9 křížů",49.267502,16.296427,BO
Kořenec,49.530368,16.755373,BK
"Adamov, železniční zastávka",49.30139299999999,16.649932,BK
"Adamov, železniční stanice",49.29568,16.663547,BK
"Adamov, železniční stanice, točna",49.292097,16.670157,BK
"Adamov, Kolonka",49.292505000000006,16.666592,BK
"Adamov, Adamov III",49.291248,16.663847,BK
"Adamov, Adamov III, točna",49.28974999999999,16.662247,BK
"Blansko, Zborovce",49.37277,16.65012,BK
"Blansko, Bezručova",49.37058499999999,16.645885,BK
"Blansko, Mánesova",49.367827,16.644785,BK
"Blansko, Čelakovského",49.366592999999995,16.648522,BK
"Blansko, hřbitov",49.366888999999986,16.651676,BK
"Blansko, Sever",49.368885,16.655202,BK
"Blansko, hřbitov",49.366994999999996,16.651868,BK
"Blansko, náměstí Svobody",49.364868,16.644157,BK
"Blansko, náměstí Republiky",49.361612999999984,16.644347,BK
"Blansko, Poliklinika",49.360992,16.652515,BK
"Blansko, Sadová",49.359452999999995,16.657995,BK
"Blansko, Podlesí",49.359553,16.661564,BK
"Blansko, ul. 9. května",49.35712199999999,16.656521,BK
"Blansko, Náměstí Míru",49.35798499999999,16.652113,BK
"Blansko, pošta",49.355587,16.649863,BK
"Blansko, aut. st.",49.353412999999996,16.647217,BK
"Blansko, Okružní",49.374403,16.653057,BK
"Blansko, Zborovce",49.37277,16.65012,BK
"Blansko, aut. st.",49.353412999999996,16.647217,BK
"Blansko, Písečná, hotel Probe",49.354507000000005,16.653087,BK
"Blansko, Písečná, penzion",49.35466699999999,16.656703,BK
"Blansko, Písečná, penzion",49.35466699999999,16.656703,BK
"Blansko, Písečná",49.35508,16.654007,BK
"Blansko, aut. st.",49.353412999999996,16.647217,BK
"Blansko, pošta",49.35617199999999,16.649557,BK
"Blansko, Náměstí Míru",49.35812899999999,16.651805,BK
"Blansko, Poliklinika",49.360895,16.652317,BK
"Blansko, Seifertova",49.362427,16.645358,BK
"Blansko, Bezručova",49.37059899999999,16.645997,BK
"Blansko, aut. st.",49.353412999999996,16.647217,BK
"Blansko, ul. 9. května",49.35695499999999,16.656755,BK
"Blansko, Podlesí",49.35959399999999,16.660595,BK
"Blansko, Sadová",49.35912,16.65826,BK
"Blansko, Dvorská",49.36536699999999,16.644965,BK
"Blansko, hřbitov",49.366994999999996,16.651868,BK
"Blansko, Čelakovského",49.36630499999998,16.648692,BK
"Blansko, Mánesova",49.367749999999994,16.644913,BK
"Blansko, Kaufland",49.37015199999999,16.642519,BK
"Blansko, Kaufland",49.37015199999999,16.642519,BK
"Blansko, Supermarket Albert",49.353288,16.649513,BK
"Blansko, Supermarket Albert",49.353288,16.649513,BK
"Blansko, aut. st.",49.353412999999996,16.647217,BK
"Blansko, Klepačov, spodní část",49.345377,16.65753,BK
"Blansko, Klepačov, U kapličky",49.343191,16.660455,BK
"Blansko, Klepačov, točna",49.341605,16.665548,BK
"Blansko, Klepačov, točna",49.341605,16.665548,BK
"Blansko, Klepačov, U kapličky",49.343191,16.660455,BK
"Blansko, Klepačov, spodní část",49.34531799999999,16.657732,BK
"Blansko, Masarykova",49.352598,16.651733,BK
"Blansko, aut. st.",49.353412999999996,16.647217,BK
"Blansko, Erbenova, škola",49.35849699999999,16.656568,BK
"Blansko, Sever",49.36864599999999,16.655947,BK
"Blansko, Češkovice",49.377118,16.675243,BK
"Blansko, Češkovice, chatová oblast",49.379380000000005,16.682212,BK
"Blansko, Obůrka",49.376198,16.690512,BK
"Blansko, Těchov, MŠ",49.368021999999996,16.690073,BK
"Blansko, Těchov",49.367971999999995,16.695233,BK
"Blansko, Těchov",49.36803599999999,16.695288,BK
"Blansko, Těchov, MŠ",49.368021999999996,16.690073,BK
"Blansko, Obůrka",49.376198,16.690512,BK
"Blansko, Češkovice, chatová oblast",49.37944499999998,16.681805,BK
"Blansko, Češkovice",49.377118,16.675243,BK
"Blansko, hřbitov",49.366994999999996,16.651868,BK
"Blansko, Erbenova, škola",49.358577999999994,16.656618,BK
"Blansko, Horní Lhota",49.38405199999998,16.647172,BK
"Blansko, Horní Lhota",49.38405199999998,16.647172,BK
"Blansko, průmyslová zóna",49.377022,16.64204,BK
"Blansko, Metra 2, čerpací stanice",49.372507,16.641292,BK
"Blansko, Svitavská",49.358878,16.643105,BK
"Blansko, aut. st.",49.353412999999996,16.647217,BK
"Blansko, aut. st.",49.353412999999996,16.647217,BK
"Blansko, Svitavská",49.35962299999999,16.642805,BK
"Blansko, Poříčí",49.36245099999999,16.641309,BK
"Blansko, Metra 2, čerpací stanice",49.371725000000005,16.64126,BK
"Blansko, průmyslová zóna",49.377537,16.642237,BK
"Blansko, aut. st.",49.353412999999996,16.647217,BK
"Blansko, aut. st.",49.354091999999994,16.646078,BK
"Blansko, Metra 2, čerpací stanice",49.371725000000005,16.64126,BK
"Blansko, Dolní Lhota",49.384508,16.632818,BK
Spešov,49.39393199999999,16.630745,BK
"Spešov, horní část",49.39406,16.62594,BK
"Spešov, horní část",49.39406,16.62594,BK
Spešov,49.393823,16.630642,BK
"Blansko, Dolní Lhota, škola",49.38191799999999,16.63151,BK
"Svitávka, náměstí",49.502888999999996,16.595636,BK
"Přibyslavice, motorest 9 křížů",49.271665,16.280943,BO
"Svitávka, MŠ",49.500806,16.600956,BK
"Kořenec, točna",49.53179699999999,16.749272,BK
Přibyslavice,49.27874,16.259757,BO
"Boskovice, aut.st.",49.491677,16.653468,BK
"Kořenec, točna",49.53179699999999,16.749272,BK
"Velká Bíteš, cihelna",49.28448,16.241968,ZR
"Černá Hora, Na kopci",49.410245,16.58076,BK
Závist,49.374509999999994,16.572602,BK
Milonice,49.36802999999999,16.565543,BK
"Lažany, rozcestí Újezd",49.359441999999994,16.554392,BK
Lažany,49.353032,16.55062,BK
Lažany,49.354925,16.551363,BK
"Lažany, rozcestí Újezd",49.359483,16.554537,BK
Milonice,49.368129999999994,16.565875,BK
Závist,49.37475299999999,16.573022,BK
"Černá Hora, Na kopci",49.410472,16.580877,BK
Níhov,49.341789999999996,16.258273,BO
"Níhov, železniční stanice",49.33639599999999,16.269356,BO
Katov,49.333392,16.280539,BO
"Kuřimská Nová Ves, Prosatín, rozcestí",49.33912,16.294157,BO
Kuřimská Nová Ves,49.344115,16.298895,BO
Kuřimské Jestřabí,49.345099999999995,16.312033,BO
Kuřimské Jestřabí,49.345141999999996,16.31213,BO
Kuřimská Nová Ves,49.344115,16.298895,BO
"Kuřimská Nová Ves, Prosatín, rozcestí",49.33912,16.294157,BO
Katov,49.33340599999999,16.280601,BO
"Níhov, železniční stanice",49.336008,16.270602,BO
Níhov,49.342254999999994,16.259379,BO
Lubné,49.353711999999994,16.27528,BO
Níhov,49.342131,16.259206,BO
"Níhov, železniční stanice",49.33639599999999,16.269356,BO
Katov,49.33214,16.279402,BO
Křižínkov,49.324839999999995,16.269785,BO
"Křoví, I",49.31020999999999,16.263102,ZR
"Křoví, II",49.305977999999996,16.264135,ZR
"Křoví, I",49.310249999999996,16.263182,ZR
"Křoví, rozcestí",49.316877999999996,16.26086,ZR
"Křoví, pila",49.314025,16.24876,ZR
"Velká Bíteš, samota",49.30331799999999,16.232853,ZR
"Velká Bíteš, škola",49.29076799999999,16.226808,ZR
"Velká Bíteš, náměstí",49.28836999999999,16.226492,ZR
"Velká Bíteš, sídliště",49.29350799999999,16.223945,ZR
"Velká Bíteš, BDS",49.29654599999999,16.220532,ZR
"Velká Bíteš, 1.BS",49.299826,16.213894,ZR
"Velká Bíteš, 1.BS",49.299826,16.213894,ZR
"Velká Bíteš, BDS",49.29639899999999,16.220781,ZR
"Velká Bíteš, sídliště",49.29385899999999,16.223675,ZR
"Velká Bíteš, náměstí",49.288514000000006,16.226311,ZR
"Velká Bíteš, škola",49.29062499999999,16.22742,ZR
"Velká Bíteš, samota",49.30331799999999,16.232853,ZR
"Křoví, pila",49.314012,16.24891,ZR
"Křoví, rozcestí",49.31688199999999,16.260872,ZR
"Křoví, I",49.31020999999999,16.263102,ZR
"Křoví, II",49.305977999999996,16.264135,ZR
"Křoví, I",49.310249999999996,16.263182,ZR
Křižínkov,49.324897,16.269915,BO
Katov,49.33212299999999,16.279518,BO
"Níhov, železniční stanice",49.336008,16.270602,BO
"Dolní Loučky, Chytálky, rozcestí",49.345605,16.341523,BO
"Dolní Loučky, hájenka",49.349257,16.347017,BO
"Dolní Loučky, škola",49.36133099999999,16.354474,BO
"Dolní Loučky, Mezihoří",49.360596999999984,16.361323,BO
"Dolní Loučky, Střemchoví",49.36205799999998,16.369807,BO
"Předklášteří, papírna",49.351035,16.408308,BO
"Tišnov, čerpací stanice",49.34218800000001,16.420452,BO
"Tišnov, železniční stanice",49.346427,16.419948,BO
"Tišnov, Nádražní",49.344994,16.421926,BO
"Tišnov, čerpací stanice",49.34208199999999,16.419907,BO
"Předklášteří, papírna",49.3514,16.408187,BO
"Dolní Loučky, Střemchoví",49.362061999999995,16.369582,BO
"Dolní Loučky, Mezihoří",49.360663,16.361352,BO
"Dolní Loučky, škola",49.361338,16.354276,BO
"Dolní Loučky, hájenka",49.34919800000001,16.346984,BO
"Dolní Loučky, Chytálky, rozcestí",49.345497,16.341442,BO
Níhov,49.341789999999996,16.258273,BO
"Velká Bíteš, náměstí",49.288278,16.227354,ZR
Níhov,49.342254999999994,16.259379,BO
Lubné,49.353711999999994,16.27528,BO
Níhov,49.342131,16.259206,BO
"Velká Bíteš, náměstí",49.288451999999985,16.227188,ZR
"Velká Bíteš, cihelna",49.28444799999999,16.241852,ZR
Přibyslavice,49.278468,16.260348,BO
"Přibyslavice, motorest 9 křížů",49.271474999999995,16.281373,BO
"Lesní Hluboké, motel 9 křížů",49.265801999999994,16.296657,BO
"Zálesná Zhoř, rozcestí",49.261788,16.301592,BO
"Domašov, cestmistrovství",49.25724499999999,16.311853,BO
Domašov,49.24536200000001,16.343588,BO
"Domašov, Nový konec",49.240153,16.347798,BO
Říčky,49.23182799999999,16.357412,BO
Říčany,49.214683,16.395327,BO
"Ostrovačice, náměstí Viléma Mrštíka",49.210782,16.409187,BO
"Brno,Pod nemocnicí",49.172337999999996,16.569417,BM
"Brno,Osová",49.168617,16.566306,BM
"Brno,Osová",49.16895099999999,16.566714,BM
"Brno,Pod nemocnicí",49.172412,16.569624,BM
"Ostrovačice, náměstí Viléma Mrštíka",49.21057799999999,16.40984,BO
Říčany,49.214879999999994,16.394307,BO
Říčky,49.23318,16.356038,BO
"Domašov, Nový konec",49.24051,16.347567,BO
Domašov,49.24537699999999,16.343687,BO
"Domašov, cestmistrovství",49.257220000000004,16.312128,BO
"Zálesná Zhoř, rozcestí",49.262033,16.301082,BO
"Kotvrdovice, horní konec",49.353989999999996,16.786858,BK
"Hustopeče, cihelna",48.947075999999996,16.743925,BV
"Blansko, Dolní Lhota",49.38419699999999,16.63297,BK
Kořenec,49.530293,16.755168,BK
"Kořenec, hor.zast.",49.529227000000006,16.759988,BK
"Jezeřany-Maršovice, točna",49.036278,16.427863,ZN
"Kurdějov, na kopci",48.954042,16.759311,BV
"Blansko, aut. st.",49.353671999999996,16.64689,BK
"Kotvrdovice, žleb",49.35675299999999,16.782577,BK
"Rájec-Jestřebí, MKZ",49.403466999999985,16.632622,BK
"Jezeřany-Maršovice, škola",49.033567999999995,16.431603,ZN
"Jezeřany-Maršovice, Jezeřany",49.029256999999994,16.436803,ZN
"Loděnice, obecní úřad",49.01147499999999,16.46323,BO
"Jezeřany-Maršovice, Jezeřany",49.029237,16.436938,ZN
"Jezeřany-Maršovice, škola",49.033399999999986,16.431887,ZN
"Jezeřany-Maršovice, točna",49.036532,16.427554,ZN
"Moravský Krumlov, Rakšice, lesovna",49.013741,16.355857,ZN
"Moravský Krumlov, Rakšice, žel.st.",49.014327,16.34583,ZN
"Moravský Krumlov, Rakšice, Silo",49.019392,16.341543,ZN
"Moravský Krumlov, Rakšice, restaurace",49.03564299999999,16.319732,ZN
"Moravský Krumlov, Durdice",49.038465,16.321257,ZN
"Moravský Krumlov, provozovna ČAS",49.038468,16.316095,ZN
"Moravský Krumlov, autobusové nádraží",49.048133,16.309186,ZN
"Moravský Krumlov, Durdice",49.038431999999986,16.321177,ZN
"Moravský Krumlov, Rakšice, restaurace",49.035582,16.319585,ZN
"Moravský Krumlov, Rakšice, Silo",49.01927799999999,16.3415,ZN
"Moravský Krumlov, Rakšice, žel.st.",49.014247999999995,16.345652,ZN
"Moravský Krumlov, Rakšice, lesovna",49.01372400000001,16.35593,ZN
"Vedrovice, obecní úřad",49.019973,16.376987,ZN
"Vedrovice, u lípy",49.021722999999994,16.38094,ZN
"Hrušovany nad Jevišovkou, Pastviny",48.854153,16.38325,ZN
"Moravský Krumlov, autobusové nádraží",49.048086,16.308967,ZN
"Moravský Krumlov, Retex",49.04503499999999,16.339452,ZN
"Moravský Krumlov, hájenka",49.043838,16.359682,ZN
"Moravský Krumlov, Stavení",49.055229999999995,16.389172,ZN
"Moravský Krumlov, Stavení",49.055229999999995,16.389172,ZN
"Moravský Krumlov, hájenka",49.043838,16.359682,ZN
"Moravský Krumlov, Retex",49.044953,16.339498,ZN
"Moravský Krumlov, autobusové nádraží",49.048086,16.308967,ZN
Petrovice,49.00749499999999,16.29147,ZN
"Lesonice, požární zbrojnice",49.003539999999994,16.310103,ZN
Miroslavské Knínice,48.978232999999996,16.322713,ZN
"Miroslav, kostel",48.950089999999996,16.313703,ZN
"Miroslav, autobusové nádraží",48.947111,16.31297,ZN
"Miroslav, kostel",48.95023799999999,16.313682,ZN
Miroslavské Knínice,48.97780199999999,16.322445,ZN
"Lesonice, požární zbrojnice",49.003581999999994,16.31019,ZN
"Velké Němčice, obecní úřad",48.991,16.670562,BV
"Uherčice, Na trávníku",48.970180000000006,16.651873,BV
"Uherčice, obecní úřad",48.96796799999999,16.655213,BV
"Uherčice, ZD",48.96589699999999,16.662865,BV
"Starovice, zemědělské družstvo",48.95725,16.698768,BV
Starovice,48.95551999999999,16.709067,BV
"Hustopeče, nemocnice",48.944474,16.731526,BV
"Hustopeče, autobusové nádraží",48.938277,16.73562,BV
"Hustopeče, autobusové nádraží",48.93777,16.734935,BV
"Hustopeče, nemocnice",48.94463,16.731515,BV
Starovice,48.95571,16.7083,BV
"Starovice, zemědělské družstvo",48.957446999999995,16.698367,BV
"Uherčice, ZD",48.965793,16.663978,BV
"Uherčice, obecní úřad",48.968083,16.654913,BV
"Uherčice, Na trávníku",48.97017199999999,16.65197,BV
"Velké Němčice, rozcestí",48.98123499999999,16.6493,BV
"Vranovice, vodárna",48.97520000000001,16.633817,BO
"Vranovice, Lipová",48.97081299999999,16.606203,BO
"Vranovice, škola",48.966996,16.606242,BO
"Vranovice, žel.st.",48.963753,16.605342,BO
"Vranovice, škola",48.96654,16.60687,BO
"Vranovice, sokolovna",48.971184,16.603909,BO
"Vranovice, u hřbitova",48.967669,16.588636,BO
"Přibice, u kaple",48.96349299999999,16.575459,BO
"Přibice, kostel",48.96182799999999,16.573035,BO
"Pohořelice, Velký Dvůr, sádky",48.96407299999999,16.53745,BO
"Pohořelice, Velký Dvůr, sádky",48.96392,16.537332,BO
"Přibice, kostel",48.96176799999999,16.573007,BO
"Přibice, u kaple",48.963696999999996,16.57623,BO
"Vranovice, u hřbitova",48.96767199999999,16.588986,BO
"Vranovice, sokolovna",48.971124999999994,16.603774,BO
"Vranovice, žel.st.",48.963753,16.605342,BO
"Vranovice, Lipová",48.97069499999999,16.606238,BO
"Vranovice, vodárna",48.975232999999996,16.634,BO
"Velké Němčice, rozcestí",48.98123499999999,16.6493,BV
"Hustopeče, autobusové nádraží",48.93777,16.734935,BV
"Starovice, rozcestí",48.960457999999996,16.717524,BV
"Velké Němčice, Nová Ves",48.974174999999995,16.698883,BV
"Velké Němčice, ZD",48.98862,16.679342,BV
"Velké Němčice, Brněnská",48.993763,16.675392,BV
"Velké Němčice, Boudky",49.00373199999999,16.671405,BV
"Nosislav, Pod kopcem",49.008718,16.66579,BO
"Nosislav, Městečko",49.010523,16.659713,BO
"Nosislav, Kroužek",49.014452999999996,16.652027,BO
"Židlochovice, nábřeží",49.033003,16.620235,BO
"Hrušovany u Brna, žel. st.",49.034274,16.591904,BO
"Židlochovice, aut. st.",49.03592999999999,16.614853,BO
"Židlochovice, nábřeží",49.03289199999999,16.620158,BO
"Nosislav, Kroužek",49.01405899999999,16.652319,BO
"Nosislav, Městečko",49.010794999999995,16.658187,BO
"Nosislav, Pod kopcem",49.00856199999999,16.666158,BO
"Velké Němčice, Boudky",49.005469999999995,16.67088,BO
"Velké Němčice, Brněnská",48.993858,16.675113,BV
"Velké Němčice, ZD",48.98861199999999,16.679067,BV
"Velké Němčice, Nová Ves",48.974202999999996,16.698737,BV
"Starovice, rozcestí",48.95989300000001,16.717903,BV
"Velké Němčice, škola",48.991905,16.67408,BV
"Hustopeče, autobusové nádraží",48.938307999999985,16.73553,BV
Jevišovka,48.828411999999986,16.465892,BV
Rudice,49.337428,16.725183,BK
Drnholec,48.857434999999995,16.487133,BV
"Kurdějov, most",48.9566,16.763261,BV
"Kotvrdovice, rozcestí Krasová",49.356522,16.775953,BK
"Jedovnice, garáže ČAD",49.34799000000001,16.760548,BK
"Rájec-Jestřebí, lékárna",49.40749999999999,16.632447,BK
"Jedovnice, garáže ČAD",49.34758000000001,16.761873,BK
Novosedly,48.837912,16.494155,BV
"Kurdějov, u penzionu",48.96182499999998,16.760566,BV
Vilémovice,49.36124199999998,16.746443,BK
"Rájec-Jestřebí, železniční stanice",49.409087,16.627157,BK
"Jedovnice, náměstí",49.342837,16.754002,BK
"Novosedly, cihelna",48.835602,16.511033,BV
"Nikolčice, rozcestí",48.983789,16.762596,BV
"Krasová, dolní konec",49.358998,16.764543,BK
"Rájec-Jestřebí, Jestřebí",49.410975,16.617053,BK
"Jedovnice, Chaloupky",49.33985299999999,16.74769,BK
Dobré Pole,48.825967,16.535573,BV
"Diváky, obecní úřad",48.989051,16.788753,BV
Krasová,49.361398,16.767632,BK
Bořitov,49.42261,16.58979,BK
"Rudice, rozcestí 2.0",49.344647,16.735222,BK
Březí,48.82133699999999,16.563325,BV
"Diváky, dílny",48.99352499999999,16.784467,BV
Krasová,49.361398,16.767632,BK
"Bořitov, sokolovna",49.419574999999995,16.58979,BK
"Blansko, Lažánky, škola",49.351718,16.711955,BK
"Mikulov, Průmyslová zóna, točna",48.813677,16.620333,BV
"Šitbořice, na kopci",49.011538,16.778145,BV
"Krasová, dolní konec",49.358998,16.764543,BK
"Černá Hora, Na Škrku",49.414825,16.57181,BK
"Blansko, Lažánky",49.35091299999999,16.707383,BK
"Mikulov, Průmyslová zóna, točna",48.813677,16.620333,BV
"Šitbořice, obecní úřad",49.015388,16.776133,BV
"Jedovnice, garáže ČAD",49.347517999999994,16.760877,BK
"Žernovník, pod Horkou",49.411077999999996,16.557155,BK
"Blansko, Lažánky, kamnárna",49.352433,16.702185,BK
Březí,48.82139699999999,16.563187,BV
"Šitbořice, Nikolčická",49.01631999999999,16.775213,BV
Kulířov,49.378768,16.84694,BK
"Žernovník, obecní úřad",49.407142,16.54555,BK
"Blansko, Lažánky, Márovky",49.350688,16.693005,BK
Dobré Pole,48.825967,16.535573,BV
"Nikolčice, škola",48.996083000000006,16.753651,BV
"Lipovec, Marianín",49.38967199999999,16.838365,BK
Lubě,49.396533,16.528387,BK
"Blansko, ČKD Orlík",49.35244699999999,16.682748,BK
"Novosedly, cihelna",48.835699999999996,16.510923,BV
"Nikolčice, ZD",48.999813,16.742775,BV
"Rozstání, křižovatka",49.396962999999985,16.837062,PV
"Žernovník, obecní úřad",49.407142,16.54555,BK
"Blansko, ČKD nová hala",49.35331299999998,16.673467,BK
"Blansko, ČKD strojírna",49.35328299999999,16.669747,BK
"Blansko, ČKD ředitelství",49.34976299999999,16.656438,BK
"Blansko, aut. st.",49.35380999999999,16.646735,BK
"Blansko, ČKD ředitelství",49.34962199999999,16.656222,BK
"Blansko, ČKD strojírna",49.35304699999999,16.668993,BK
"Blansko, ČKD nová hala",49.35331299999998,16.673467,BK
"Blansko, ČKD Orlík",49.35237300000001,16.682372,BK
"Blansko, Lažánky, Márovky",49.350688,16.693005,BK
"Blansko, Lažánky, kamnárna",49.35237,16.701888,BK
"Blansko, Lažánky",49.35061300000001,16.708305,BK
"Blansko, Lažánky, škola",49.351744999999994,16.712035,BK
"Rudice, rozcestí 2.0",49.344647,16.735222,BK
"Jedovnice, Chaloupky",49.33983,16.747858,BK
"Jedovnice, náměstí",49.34371999999999,16.755283,BK
"Jedovnice, garáže ČAD",49.34759300000001,16.762078,BK
"Kotvrdovice, rozcestí Krasová",49.35648,16.776208,BK
"Kotvrdovice, obecní úřad",49.355177,16.784182,BK
"Senetářov, MŠ",49.354852,16.804312,BK
"Krásensko, rozcestí 1.0",49.368567,16.818525,VY
Krásensko,49.365042999999986,16.829253,VY
"Krásensko, ZD",49.360273,16.831087,VY
Podomí,49.344952,16.833072,VY
Ruprechtov,49.329102999999996,16.84926,VY
"Ruprechtov, u hřbitova",49.325692999999994,16.851397,VY
"Ruprechtov, hájenka",49.321676999999994,16.861782,VY
"Ježkovice, točna",49.298353,16.894215,VY
"Ježkovice, u hřbitova",49.295572,16.901925,VY
"Blansko, aut. st.",49.353927999999996,16.646513,BK
"Olomučany, dolní konec",49.337113,16.666925,BK
"Olomučany, škola",49.33313,16.66991,BK
"Olomučany, restaurace",49.329860000000004,16.672372,BK
"Olomučany, horní konec",49.32544,16.677083,BK
"Olomučany, točna",49.32289299999999,16.67993,BK
"Olomučany, točna",49.32289299999999,16.67993,BK
"Olomučany, horní konec",49.325513,16.677135,BK
"Olomučany, restaurace",49.329975,16.672322,BK
"Olomučany, škola",49.33313,16.66991,BK
"Olomučany, dolní konec",49.337113,16.666925,BK
"Senetářov, Jednota",49.35127299999999,16.806762,BK
"Podomí, škola",49.345823,16.834662,VY
"Blansko, Podlesí",49.35959399999999,16.660595,BK
"Blansko, Sadová",49.35912,16.65826,BK
"Blansko, Poliklinika",49.360992,16.652515,BK
"Blansko, aut. st.",49.353635,16.647153,BK
"Brno,Královo Pole, nádraží",49.230335,16.595523,BM
"Brno,Královo Pole, nádraží",49.23045,16.595801,BM
"Blansko, aut. st.",49.353818,16.646682,BK
"Blansko, Poliklinika",49.360895,16.652317,BK
"Blansko, Sadová",49.359452999999995,16.657995,BK
"Blansko, Podlesí",49.359553,16.661564,BK
"Blansko, Na Žižlavici",49.363701999999996,16.681912,BK
"Blansko, Těchov",49.367971999999995,16.695233,BK
"Vavřinec, Nové Dvory",49.381308,16.713025,BK
"Vavřinec, Suchdol",49.391377,16.717568,BK
"Vavřinec, Veselice",49.39513699999999,16.713123,BK
Vavřinec,49.402744999999996,16.720327,BK
"Sloup, Nová čtvrť",49.413647999999995,16.735368,BK
Sloup,49.415403,16.739667,BK
Němčice,49.446683,16.713625,BK
"Němčice, Jednota",49.45026699999999,16.717983,BK
"Němčice, Dendera",49.45174199999999,16.720465,BK
Ludíkov,49.45582,16.732787,BK
"Ludíkov, rozcestí",49.458188,16.737,BK
Žďárná,49.468497,16.754933,BK
Suchý,49.48130299999999,16.76194,BK
"Suchý, u rybníka",49.48733500000001,16.76129,BK
"Benešov, ZD střed",49.503717,16.764317,BK
Benešov,49.508993,16.767662,BK
Benešov,49.508993,16.767662,BK
"Benešov, ZD střed",49.503151999999986,16.764075,BK
"Suchý, u rybníka",49.48733500000001,16.76129,BK
Suchý,49.48130299999999,16.76194,BK
Žďárná,49.468497,16.754933,BK
"Ludíkov, rozcestí",49.458234000000004,16.735956,BK
Ludíkov,49.45582,16.732787,BK
"Němčice, Dendera",49.45169700000001,16.72031,BK
"Němčice, Jednota",49.450258,16.717952,BK
Němčice,49.44654800000001,16.713422,BK
Sloup,49.415502999999994,16.739603,BK
"Sloup, Nová čtvrť",49.41373299999999,16.735327,BK
Vavřinec,49.402797,16.720293,BK
"Vavřinec, Veselice",49.39513699999999,16.713123,BK
"Vavřinec, Suchdol",49.391377,16.717568,BK
"Vavřinec, Nové Dvory",49.381221,16.712613,BK
"Blansko, Těchov",49.36803599999999,16.695288,BK
"Blansko, Na Žižlavici",49.363701999999996,16.681912,BK
"Hrušovany nad Jevišovkou, Lidická, VÚPP",48.831472,16.401928,ZN
"Křepice, dolní",49.000945,16.72343,BV
"Lipovec, kravín",49.38616799999999,16.810772,BK
Novosedly,48.838367,16.494092,BV
Drnholec,48.857434999999995,16.487133,BV
"Brťov-Jeneč, obecní úřad",49.413737,16.517037,BK
Lipovec,49.382746999999995,16.807723,BK
Drnholec,48.857434999999995,16.487133,BV
"Křepice, škola",48.998397999999995,16.71758,BV
"Brťov-Jeneč, Jeneč",49.41114999999999,16.507821,BK
"Lipovec, horní konec",49.37906699999999,16.812805,BK
"Pasohlávky, rozcestí Ivaň",48.918172999999996,16.556767,BO
Velké Němčice,48.995072,16.675707,BV
"Bukovice, rozcestí 1.0",49.414118,16.492296,BO
"Lipovec, horní konec",49.37909299999999,16.81283,BK
Drnholec,48.857434999999995,16.487133,BV
"Vranovice, žel.st.",48.963753,16.605342,BO
Zhoř,49.41507699999999,16.48026,BO
"Rašov, hostinec",49.41561,16.454468,BO
"Rašov, dolní konec",49.415839999999996,16.449067,BO
"Lomnice, internát",49.411447,16.419222,BO
"Lomnice, Družstevní",49.410052,16.408305,BO
"Lomnice, náměstí",49.403321999999996,16.414044,BO
"Lomnice, náměstí",49.40347099999999,16.414269,BO
"Lomnice, Družstevní",49.41032799999999,16.408284,BO
"Lomnice, internát",49.411517,16.41949,BO
"Rašov, dolní konec",49.416377000000004,16.448148,BO
"Rašov, hostinec",49.41561,16.454468,BO
Zhoř,49.41507699999999,16.48026,BO
"Bukovice, rozcestí 1.0",49.41412499999999,16.49213,BO
"Brťov-Jeneč, Jeneč",49.41107000000001,16.507563,BK
"Brťov-Jeneč, obecní úřad",49.413818,16.517367,BK
"Žernovník, obecní úřad",49.407047999999996,16.545602,BK
Lubě,49.396424999999994,16.528372,BK
"Žernovník, obecní úřad",49.407047999999996,16.545602,BK
"Žernovník, pod Horkou",49.411030999999994,16.557197,BK
"Černá Hora, Na Škrku",49.414674999999995,16.571972,BK
"Bořitov, sokolovna",49.42020999999998,16.589897,BK
Bořitov,49.42258499999999,16.590443,BK
"Rájec-Jestřebí, Jestřebí",49.410975,16.617053,BK
"Rájec-Jestřebí, železniční stanice",49.409087,16.627157,BK
"Rájec-Jestřebí, MKZ",49.40341699999999,16.63252,BK
"Blansko, Metra 2, čerpací stanice",49.372507,16.641292,BK
"Blansko, aut. st.",49.353522999999996,16.646842,BK
"Blansko, Těchov, MŠ",49.368021999999996,16.690073,BK
"Senetářov, Chemoplast",49.34857799999999,16.811332,BK
"Boskovice, aut.st.",49.49168999999999,16.65318,BK
"Boskovice, U Kapličky",49.48317,16.673838,BK
"Boskovice, Podlesí",49.482258,16.685457,BK
"Boskovice, Šmelcovna",49.48832999999999,16.691848,BK
"Boskovice, Hrádkov",49.489346999999995,16.70287,BK
"Boskovice, Vratíkov",49.49696699999999,16.710508,BK
Okrouhlá,49.50827700000001,16.732462,BK
"Okrouhlá, horní konec",49.510832,16.738122,BK
"Okrouhlá, horní konec",49.510832,16.738122,BK
Okrouhlá,49.508393,16.73242,BK
"Boskovice, Vratíkov",49.496981999999996,16.710322,BK
"Boskovice, Hrádkov",49.489346999999995,16.70287,BK
"Boskovice, Šmelcovna",49.48832999999999,16.691848,BK
"Boskovice, Podlesí",49.482323,16.685378,BK
"Boskovice, U Kapličky",49.48324000000001,16.673848,BK
"Boskovice, aut.st.",49.49168999999999,16.65318,BK
"Boskovice, 17. listopadu",49.488890999999995,16.661476,BK
"Boskovice, aut.st.",49.49168999999999,16.653337,BK
"Skalice nad Svitavou, žel.st.",49.480279,16.608801,BK
"Krhov, rozc. 1.0",49.46831299999999,16.584207,BK
"Voděrady, nám.",49.48101499999999,16.5602,BK
"Voděrady, hor.zast.",49.47946000000001,16.558258,BK
Drnovice,49.46865,16.5411,BK
"Drnovice, hor.zast.",49.467878,16.534102,BK
"Lysice, škola",49.456985999999986,16.538231,BK
"Lysice, pohostinství",49.452445999999995,16.537857,BK
"Lysice, pohostinství",49.45232699999998,16.537945,BK
"Lysice, výzkum",49.456416999999995,16.556818,BK
"Krhov, Pohodlí",49.46240699999999,16.575283,BK
"Krhov, rozc. 1.0",49.46831299999999,16.584207,BK
"Boskovice, aut.st.",49.49168999999999,16.653337,BK
"Kunštát, nám.",49.506781999999994,16.517732,BK
"Sebranice, ALPS",49.49101099999999,16.58875,BK
"Blansko, průmyslová zóna",49.377022,16.64204,BK
"Blansko, aut. st.",49.353894999999994,16.64657,BK
"Boskovice, 17. listopadu",49.48932899999999,16.661724,BK
"Boskovice, Kras",49.491675,16.657418,BK
"Boskovice, aut.st.",49.49151799999999,16.653113,BK
"Skalice nad Svitavou, žel.st.",49.480519,16.608517,BK
"Lysice, pohostinství",49.452248999999995,16.537757,BK
"Lysice, Brněnská",49.44973699999999,16.545254,BK
"Lomnice, škola",49.400777999999995,16.407933,BO
"Lomnice, škola",49.401102,16.408298,BO
"Lysice, Brněnská",49.449723,16.545254,BK
"Lysice, pohostinství",49.45245299999999,16.53802,BK
Újezd u Černé Hory,49.37018799999999,16.544788,BK
Újezd u Černé Hory,49.370611999999994,16.544427,BK
"Újezd u Černé Hory, SPD",49.378095,16.555766,BK
Malá Lhota,49.391597,16.550408,BK
"Žernovník, Hasičský dům",49.404762000000005,16.544333,BK
"Žernovník, Hasičský dům",49.404762000000005,16.544333,BK
Malá Lhota,49.391597,16.550408,BK
Lipovec,49.38286299999999,16.807672,BK
Jevišovka,48.828411999999986,16.465892,BV
"Ivaň, hájenka Plaček",48.946616999999996,16.589183,BO
"Drnholec, škola",48.859678,16.486008,BV
"Lipovec, kravín",49.38616799999999,16.810772,BK
Ivaň,48.92928,16.57525,BO
Novosedly,48.837912,16.494155,BV
"Rozstání, křižovatka",49.397225999999996,16.836928,PV
Ivaň,48.92928,16.57525,BO
"Novosedly, železniční stanice",48.82865199999999,16.497107,BV
"Lipovec, Marianín",49.38967199999999,16.838365,BK
"Ivaň, hájenka Plaček",48.946588,16.589232,BO
Nový Přerov,48.810388,16.493865,BV
Kulířov,49.378768,16.84694,BK
"Vranovice, žel.st.",48.963753,16.605342,BO
"Novosedly, železniční stanice",48.828778,16.497167,BV
Studnice,49.375618,16.879773,VY
"Brankovice, motorest",49.153687999999995,17.136056,VY
Novosedly,48.838367,16.494092,BV
"Lipovec, škola",49.38406,16.808073,BK
"Dobročkovice, rozcestí",49.149726999999984,17.119428,VY
"Hrušovany nad Jevišovkou, lékárna",48.828742,16.399458,ZN
"Drnholec, škola",48.859678,16.486008,BV
"Jedovnice, garáže ČAD",49.347517999999994,16.760877,BK
"Jedovnice, Újezd",49.339497,16.74856,BK
"Jedovnice, pila",49.33136,16.739373,BK
"Křtiny, hájovna Na lukách",49.318617,16.744597,BK
"Křtiny, Dělnická čtvrť",49.30215299999999,16.743278,BK
"Křtiny, Dělnická čtvrť",49.302165,16.743337,BK
"Křtiny, hájovna Na lukách",49.318617,16.744597,BK
"Jedovnice, pila",49.33242299999999,16.740593,BK
"Jedovnice, Újezd",49.339355,16.748635,BK
"Brno,Horníkova",49.21180899999999,16.67649,BM
"Brno,Horníkova",49.212138,16.676622,BM
"Ochoz u Brna, restaurace U Votrubů",49.255622,16.732952,BO
"Babice nad Svitavou, horní zastávka",49.284473,16.696913,BO
"Babice nad Svitavou, dolní zastávka",49.279702,16.69406,BO
"Kanice, škola",49.264387,16.711095,BO
Kanice,49.264072999999996,16.71337,BO
"Kanice, koupaliště",49.260692999999996,16.70841,BO
"Řícmanice, u lomu",49.258377999999986,16.701653,BO
Řícmanice,49.25704799999999,16.693185,BO
"Řícmanice, Na Štukách",49.25448000000001,16.685647,BO
"Řícmanice, u skály",49.25350699999999,16.680573,BO
"Bílovice nad Svitavou, UP závody",49.25039499999999,16.677335,BO
"Bílovice nad Svitavou, u kapličky",49.248419999999996,16.674345,BO
"Bílovice nad Svitavou, náměstí",49.246854,16.672536,BO
"Bílovice nad Svitavou, hřbitov",49.24523899999999,16.668072,BO
"Bílovice nad Svitavou, Na Nivách",49.24248699999998,16.658183,BO
"Brno,Obřany, sídliště",49.235566000000006,16.644857,BM
"Brno,Hlaváčova",49.22919499999999,16.648756,BM
"Brno,Proškovo náměstí",49.21982999999999,16.643286,BM
"Brno,Maloměřický most",49.2152,16.643926,BM
"Brno,Židenice, kasárna",49.20856,16.642247,BM
"Brno,Židenice, kasárna",49.208445000000005,16.642414,BM
"Brno,Maloměřický most",49.21519099999998,16.644011,BM
"Brno,Obřanská - u školy",49.222871999999995,16.644811,BM
"Brno,Hlaváčova",49.22918299999999,16.648882,BM
"Brno,Obřany, sídliště",49.235662,16.643985,BM
"Bílovice nad Svitavou, Na Nivách",49.242448,16.658201,BO
"Bílovice nad Svitavou, hřbitov",49.245211999999995,16.667988,BO
"Bílovice nad Svitavou, náměstí",49.246688000000006,16.672543,BO
"Bílovice nad Svitavou, u kapličky",49.248419999999996,16.674345,BO
"Bílovice nad Svitavou, UP závody",49.250502,16.677425,BO
"Řícmanice, u skály",49.25350699999999,16.680573,BO
"Řícmanice, Na Štukách",49.254627,16.686162,BO
Řícmanice,49.25707499999999,16.693228,BO
"Řícmanice, u lomu",49.258377999999986,16.701648,BO
"Kanice, koupaliště",49.260692999999996,16.70841,BO
Kanice,49.263864999999996,16.714318,BO
"Ochoz u Brna, obecní úřad",49.25425699999999,16.737225,BO
"Ochoz u Brna, příhon",49.25465199999999,16.746342,BO
"Ochoz u Brna, kamenolom",49.253982,16.753428,BO
"Ochoz u Brna, myslivna pod Hádkem",49.25170000000001,16.764203,BO
"Hostěnice, chaty",49.24187700000001,16.764803,BO
"Hostěnice, obecní úřad",49.239232,16.771882,BO
"Hostěnice, obecní úřad",49.239232,16.771882,BO
"Hostěnice, chaty",49.241682999999995,16.76534,BO
"Ochoz u Brna, myslivna pod Hádkem",49.25170000000001,16.764203,BO
"Ochoz u Brna, kamenolom",49.254017000000005,16.75335,BO
"Ochoz u Brna, příhon",49.254602,16.746413,BO
Kanice,49.26422,16.71397,BO
"Kanice, škola",49.264526999999994,16.711072,BO
"Babice nad Svitavou, dolní zastávka",49.280037,16.693963,BO
"Babice nad Svitavou, horní zastávka",49.284473,16.696913,BO
"Brno,Obřanský most",49.227463,16.649577,BM
"Brno,Bílovická",49.23248399999999,16.64875,BM
"Bílovice nad Svitavou, Vodárenská",49.244183,16.661189,BO
"Bílovice nad Svitavou, Soběšická",49.244264,16.657272,BO
"Bílovice nad Svitavou, Vodárenská",49.244156000000004,16.661252,BO
"Bílovice nad Svitavou, Polanka",49.249839,16.666595,BO
"Bílovice nad Svitavou, Nad Tratí",49.250683,16.669068,BO
"Bílovice nad Svitavou, žel. stanice",49.24334399999999,16.674304,BO
"Bílovice nad Svitavou, žel. stanice",49.243336,16.674376,BO
"Brno,Bílovická",49.23263800000001,16.648504,BM
"Brno,Obřanský most",49.227602,16.650226,BM
"Adamov, Adamov III, točna",49.28974999999999,16.662247,BK
"Adamov, Adamov III",49.291223,16.66408,BK
Dobročkovice,49.16243,17.10881,VY
"Nesovice, železniční stanice",49.149095,17.079312,VY
"Blansko, aut. st.",49.353768,16.64679,BK
"Dobročkovice, rozcestí",49.14991,17.121423,VY
"Lipovec, točna",49.38868999999999,16.802234,BK
"Brankovice, motorest",49.153687999999995,17.136056,VY
"Rozstání, křižovatka Baldovec",49.397211,16.838023,PV
"Brankovice, obecní úřad",49.15623299999999,17.135025,VY
"Rozstání, obchod",49.39747299999999,16.84492,PV
Nemochovice,49.17920699999999,17.137105,VY
"Rozstání, čekárna Na stráni",49.396277,16.848742,PV
"Chvalkovice, u hřiště",49.189783000000006,17.11772,VY
"Rozstání, čekárna Na stráni",49.396277,16.848742,PV
Chvalkovice,49.187254999999986,17.110392,VY
"Rozstání, obchod",49.39755199999999,16.84462,PV
"Hvězdlice, Nové Hvězdlice",49.193405000000006,17.083779,VY
"Rozstání, křižovatka Baldovec",49.397295,16.837926,PV
"Hvězdlice, Staré Hvězdlice",49.202882,17.073968,VY
"Blansko, aut. st.",49.353623,16.646938,BK
"Bohdalice-Pavlovice, Bohdalice",49.21404299999998,17.030467,VY
"Bohdalice-Pavlovice, Pavlovice, rozcestí",49.219449999999995,17.035503,VY
"Bohdalice-Pavlovice, Pavlovice",49.211981999999985,17.05992,VY
"Bohdalice-Pavlovice, Manerov",49.231684999999985,17.024727,VY
"Hlubočany, Terešov, rozcestí",49.243402999999994,17.01982,VY
"Vyškov, Zouvalka",49.247863,17.021308,VY
"Vyškov, VTÚPV",49.31329,16.978358,VY
"Vyškov, Dědice, kasárna",49.30104699999999,16.981428,VY
"Vyškov, Autobusové nádraží",49.275508,16.991925,VY
"Vyškov, Zouvalka",49.247763,17.021193,VY
"Hlubočany, Terešov, rozcestí",49.243742,17.019932,VY
"Bohdalice-Pavlovice, Manerov",49.23168199999999,17.024663,VY
"Bohdalice-Pavlovice, Pavlovice, rozcestí",49.219342999999995,17.035348,VY
"Bohdalice-Pavlovice, Pavlovice",49.211981999999985,17.05992,VY
"Hvězdlice, Staré Hvězdlice",49.202882,17.073968,VY
"Hvězdlice, Nové Hvězdlice",49.193313999999994,17.083975,VY
Chvalkovice,49.18721,17.110492,VY
"Chvalkovice, u hřiště",49.189783000000006,17.11772,VY
Nemochovice,49.17912,17.13714,VY
"Brankovice, obecní úřad",49.15631199999999,17.134952,VY
"Brankovice, železniční stanice",49.150708,17.133665,VY
"Vyškov, Autobusové nádraží",49.275966999999994,16.99143,VY
"Vyškov, Joklova",49.27714799999999,17.01301,VY
"Vyškov, Tyršova",49.27845,17.006603,VY
"Vyškov, sídl. Osvobození Dukla",49.28394699999999,16.98693,VY
"Vyškov, sídl. Osvobození, škola",49.280617,16.981683,VY
"Vyškov, Lapač",49.27391999999999,16.981318,VY
"Vyškov, Poliklinika",49.27636,16.981173,VY
"Vyškov, sídl. Osvobození, škola",49.280617,16.981683,VY
"Vyškov, sídl. Osvobození Dukla",49.284327,16.987433,VY
"Brankovice, škola",49.15603,17.129673,VY
"Vyškov, Autobusové nádraží",49.275735,16.992019,VY
"Rostěnice-Zvonovice, Rostěnice",49.240023,16.96194,VY
"Rostěnice-Zvonovice, Rostěnice, náves",49.237807,16.965842,VY
"Rostěnice-Zvonovice, Zvonovice",49.234246999999996,16.961065,VY
"Lysovice, kulturní dům",49.218927,16.973825,VY
"Lysovice, obecní úřad",49.21765,16.970492,VY
"Lysovice, obecní úřad",49.21765,16.970492,VY
"Lysovice, kulturní dům",49.21892199999999,16.973957,VY
"Rostěnice-Zvonovice, Zvonovice",49.23409999999999,16.96113,VY
"Rostěnice-Zvonovice, Rostěnice, náves",49.237807,16.965842,VY
"Rostěnice-Zvonovice, Rostěnice",49.24065699999999,16.960835,VY
"Bučovice, aut. st.",49.148056999999994,17.001665,VY
"Bučovice, železniční stanice",49.145968,17.000305,VY
"Bučovice, Vícemilice",49.14096999999999,17.018388,VY
"Nevojice, točna",49.137013,17.047757,VY
"Nesovice, čerpací stanice",49.149513,17.080224,VY
"Nesovice, železniční stanice",49.149095,17.079312,VY
"Nesovice, požární zbrojnice",49.15042300000001,17.081728,VY
Milonice,49.15834999999999,17.072118,VY
"Uhřice, rozcestí",49.163226999999985,17.067172,VY
"Uhřice, na návsi",49.17142199999999,17.07905,VY
"Hvězdlice, Nové Hvězdlice, rozcestí",49.19124599999999,17.094247,VY
"Vyškov, Autobusové nádraží",49.27564799999999,16.991752,VY
"Ježkovice, u hřbitova",49.295678,16.901865,VY
"Ježkovice, točna",49.29880000000001,16.893695,VY
"Ruprechtov, hájenka",49.321676999999994,16.861782,VY
"Ruprechtov, u hřbitova",49.325701999999986,16.851392,VY
Ruprechtov,49.329415,16.849047,VY
Podomí,49.344988,16.83314,VY
"Krásensko, ZD",49.360273,16.831087,VY
Krásensko,49.365188,16.828902,VY
"Krásensko, rozcestí 1.0",49.368567,16.818525,VY
"Senetářov, MŠ",49.35491799999999,16.804185,BK
"Senetářov, Chemoplast",49.34857799999999,16.811332,BK
"Senetářov, Jednota",49.351459999999996,16.806632,BK
"Senetářov, MŠ",49.35482999999999,16.804143,BK
Vilémovice,49.36124199999998,16.746443,BK
"Vilémovice, Macocha rozc. 2.0",49.371312999999994,16.746408,BK
"Ostrov u Macochy, Balcarka",49.377178,16.757587,BK
"Ostrov u Macochy, u rybníka",49.378948,16.765082,BK
"Ostrov u Macochy, Jednota",49.38195199999999,16.766558,BK
"Holštejn, rozc. 2.0",49.39531199999999,16.770218,BK
Holštejn,49.406066999999986,16.777873,BK
"Holštejn, rozc. 2.0",49.39531199999999,16.770218,BK
"Ostrov u Macochy, Jednota",49.382058,16.766503,BK
"Ostrov u Macochy, u rybníka",49.37877,16.76365,BK
"Ostrov u Macochy, Balcarka",49.377219999999994,16.75755,BK
"Vilémovice, Macocha rozc. 2.0",49.371548,16.74648,BK
Vilémovice,49.36124199999998,16.746443,BK
"Rozstání, ZŠ",49.398163999999994,16.837092,PV
"Rozstání, hřbitov",49.399650999999984,16.835137,PV
"Rozstání, Baldovec, lom",49.40773099999999,16.823391,PV
"Rozstání, Baldovec, točna",49.41172499999999,16.822305,PV
"Rozstání, hřbitov",49.399650999999984,16.835137,PV
"Rozstání, ZŠ",49.39805599999999,16.83711,PV
"Blansko, aut. st.",49.353798000000005,16.646423,BK
"Blansko, aut. st.",49.353671999999996,16.64689,BK
"Šošůvka, obecní úřad",49.41031699999999,16.752255,BK
"Lipovec, točna",49.388997,16.80223,BK
"Holštejn, rozc. 2.0",49.39531199999999,16.770218,BK
"Šošůvka, Na Bráně",49.41401499999999,16.756242,BK
"Vysočany, Housko",49.43069,16.798412,BK
Vysočany,49.43186,16.811032,BK
Vysočany,49.43190499999999,16.810853,BK
"Vysočany, Housko",49.43074699999999,16.798102,BK
"Šošůvka, Na Bráně",49.413914999999996,16.756,BK
"Šošůvka, obecní úřad",49.41021799999999,16.752143,BK
"Ostrov u Macochy, léčebna",49.37949199999999,16.761712,BK
"Ostrov u Macochy, léčebna",49.37949199999999,16.761712,BK
"Blansko, průmyslová zóna",49.377537,16.642237,BK
"Rájec-Jestřebí, železniční stanice",49.409087,16.627157,BK
"Rájec-Jestřebí, lékárna",49.407636999999994,16.631847,BK
"Rájec-Jestřebí, Lenčov, křiž.",49.42113699999999,16.66587,BK
"Rájec-Jestřebí, Karolín, rozc.1.0",49.414345,16.682047,BK
"Rájec-Jestřebí, Karolín",49.407714999999996,16.670517,BK
"Rájec-Jestřebí, Karolín, rozc.1.0",49.414345,16.682047,BK
Petrovice,49.413973,16.700938,BK
Žďár,49.421051999999996,16.698148,BK
Petrovice,49.413973,16.700938,BK
Žďár,49.421051999999996,16.698148,BK
"Rájec-Jestřebí, Lenčov, křiž.",49.42103999999999,16.665633,BK
Kuničky,49.43406,16.683617,BK
"Rájec-Jestřebí, Lenčov, křiž.",49.42113699999999,16.66587,BK
"Rájec-Jestřebí, Holešín",49.428315,16.654862,BK
"Šošůvka, rozcestí 1.0",49.40176099999999,16.751483,BK
"Šošůvka, rozcestí 1.0",49.40176099999999,16.751483,BK
Drahany,49.43456499999999,16.89917,PV
"Otinoves, obecní úřad",49.421282999999995,16.871167,PV
"Otinoves, horní konec",49.42641,16.870252,PV
"Niva, čekárna",49.444224999999996,16.85271,PV
"Niva, u mlýna",49.440811999999994,16.855585,PV
"Niva, u mlýna",49.440811999999994,16.855585,PV
"Niva, čekárna",49.443973,16.852937,PV
Drahany,49.43456499999999,16.89917,PV
Bousín,49.45504199999999,16.889737,PV
Bousín,49.45504199999999,16.889737,PV
"Otinoves, horní konec",49.42641,16.870252,PV
"Otinoves, obecní úřad",49.421282999999995,16.871167,PV
"Blansko, Těchov, MŠ",49.368021999999996,16.690073,BK
"Blansko, Obůrka",49.376198,16.690512,BK
"Žďárná, škola",49.468171999999996,16.760707,BK
"Benešov, škola",49.51031699999999,16.776693,BK
"Kořenec, hor.zast.",49.52891799999999,16.761187,BK
"Újezd u Černé Hory, SPD",49.37835799999999,16.556281,BK
"Blansko, aut. st.",49.353635,16.647153,BK
"Blansko, Dolní Lhota, škola",49.38191799999999,16.63151,BK
"Rájec-Jestřebí, Lenčov, křiž.",49.42103999999999,16.665633,BK
"Rájec-Jestřebí, náměstí",49.410973,16.639197,BK
"Rájec-Jestřebí, železniční stanice",49.409087,16.627157,BK
Žďár,49.421051999999996,16.698148,BK
"Rájec-Jestřebí, Karolín, rozc.1.0",49.414345,16.682047,BK
"Rájec-Jestřebí, Holešín",49.428315,16.654862,BK
"Rájec-Jestřebí, Lenčov, křiž.",49.42103999999999,16.665633,BK
Kuničky,49.43406,16.683617,BK
Kunice,49.479561,16.491608,BK
Lhota u Lysic,49.46853999999999,16.495952,BK
"Lysice, Záoboří",49.46588799999999,16.518342,BK
"Lysice, škola",49.45750199999999,16.538188,BK
"Lysice, pohostinství",49.452445999999995,16.537857,BK
"Lysice, pohostinství",49.45245299999999,16.53802,BK
"Lysice, Záoboří",49.46588799999999,16.518342,BK
Lhota u Lysic,49.46853999999999,16.495952,BK
"Lysice, škola točna",49.457263000000005,16.536873,BK
"Lysice, pohostinství",49.452248999999995,16.537757,BK
"Lysice, Štěchovská",49.450907000000015,16.527685,BK
Štěchov,49.451917,16.506837,BK
Bedřichov,49.46160999999999,16.465692,BK
Bedřichov,49.461605,16.465808,BK
Štěchov,49.452000999999996,16.506835,BK
"Lysice, Štěchovská",49.45105699999999,16.527132,BK
Kunčina Ves,49.447552,16.476215,BK
"Rašov, rozc. 1.0",49.43897299999999,16.467463,BK
Kozárov,49.443447,16.458255,BK
"Rašov, rozc. 1.0",49.439382,16.467598,BK
Kunčina Ves,49.447554999999994,16.476263,BK
"Boskovice, aut.st.",49.49151799999999,16.653113,BK
"Boskovice, Komenského",49.48951,16.655473,BK
"Boskovice, 17. listopadu",49.48932899999999,16.661724,BK
"Boskovice, Lidická",49.48695500000001,16.665463,BK
"Boskovice, Kosmonautů",49.48587800000001,16.673002,BK
"Boskovice, Ludvíka Vojtěcha",49.48499799999998,16.681002,BK
"Boskovice, Gagarinova",49.484847,16.67519,BK
"Boskovice, Kosmonautů",49.48587800000001,16.673002,BK
"Boskovice, Hybešova 55",49.48782799999999,16.671618,BK
"Boskovice, Hybešova 25",49.489517,16.66621,BK
"Skalice nad Svitavou, žel.st.",49.480519,16.608517,BK
Jabloňany,49.46637999999999,16.604912,BK
Obora,49.452277,16.604263,BK
"Obora, Hutě",49.449434999999994,16.595437,BK
"Obora, Hutě",49.449434999999994,16.595437,BK
Obora,49.452277,16.604263,BK
Jabloňany,49.46629699999999,16.604993,BK
"Boskovice, Pod Oborou",49.486996999999995,16.653119,BK
"Boskovice, Kaufland",49.49055999999999,16.64198,BK
"Boskovice, Kosmonautů",49.48587800000001,16.673002,BK
"Boskovice, Hybešova 25",49.489517,16.66621,BK
"Boskovice, Svat.Čecha",49.492133,16.66902,BK
"Boskovice, hřbitov",49.493697999999995,16.677302,BK
"Boskovice, Svat.Čecha",49.492133,16.66902,BK
"Boskovice, Kaufland",49.49055999999999,16.64198,BK
"Lhota Rapotina, točna",49.466137,16.624646,BK
"Boskovice, průmyslová zóna",49.496798999999996,16.642243,BK
"Boskovice, STS",49.495389,16.646933,BK
"Drnovice, hor.zast.",49.467881999999996,16.534385,BK
Drnovice,49.468633,16.54129,BK
"Voděrady, hor.zast.",49.479454999999994,16.558272,BK
"Voděrady, nám.",49.48087699999999,16.56021,BK
"Sebranice, ALPS",49.49101099999999,16.58875,BK
"Velké Opatovice, aut.st.",49.610977999999996,16.673748,BK
"Velké Opatovice, závod",49.611701999999994,16.685438,BK
"Cetkovice, žel.st.",49.58844299999999,16.705057,BK
Cetkovice,49.577920999999996,16.721165,BK
Světlá,49.56580700000001,16.717958,BK
Šebetov,49.549294999999994,16.70985,BK
"Knínice, horní zastávka",49.53968299999999,16.702813,BK
"Knínice, Městečko",49.539615,16.69428,BK
"Knínice, U Nádraží",49.535347,16.689375,BK
Vážany,49.53041499999999,16.685962,BK
Sudice,49.529338,16.669178,BK
"Sudice, zast.",49.525527000000004,16.66957,BK
"Sudice, samota",49.517824999999995,16.664367,BK
"Boskovice, školní statek",49.498843,16.665685,BK
"Boskovice, aut.st.",49.491547,16.652987,BK
"Boskovice, aut.st.",49.491547,16.652987,BK
"Boskovice, 17. listopadu",49.489965,16.662222,BK
"Boskovice, školní statek",49.498834999999985,16.665792,BK
"Sudice, samota",49.517824999999995,16.664367,BK
"Sudice, zast.",49.525527000000004,16.66957,BK
Sudice,49.529338,16.669178,BK
Vážany,49.530407999999994,16.686083,BK
"Knínice, U Nádraží",49.53523,16.689353,BK
"Knínice, Městečko",49.539403,16.69412,BK
"Knínice, horní zastávka",49.539622,16.702802,BK
Šebetov,49.549292,16.70999,BK
Světlá,49.565088,16.718312,BK
Cetkovice,49.578071,16.721229,BK
"Cetkovice, MŠ",49.579786999999996,16.723916,BK
"Uhřice, točna",49.594158,16.734925,BK
"Cetkovice, MŠ",49.579725,16.723669,BK
Cetkovice,49.578071,16.721229,BK
"Cetkovice, žel.st.",49.58844299999999,16.705057,BK
"Velké Opatovice, aut.st.",49.610977999999996,16.673748,BK
"Velké Opatovice, sídliště",49.614439,16.679973,BK
"Lednice, náměstí",48.800020999999994,16.804114,BV
"Podivín, Fruta",48.823566,16.846775,BV
Újezd u Boskovic,49.463678,16.655392,BK
"Újezd u Boskovic, lom",49.453692,16.642022,BK
"Doubravice, žel.st.",49.440072,16.623943,BK
"Újezd u Boskovic, lom",49.453692,16.642022,BK
Újezd u Boskovic,49.463678,16.655392,BK
"Boskovice, v údolí",49.478416999999986,16.650883,BK
"Boskovice, Podhradí",49.483863,16.666407,BK
"Boskovice, Lidická",49.487068,16.665273,BK
"Boskovice, Sokolská",49.49096999999999,16.660723,BK
"Boskovice, aut.st.",49.491503,16.653415,BK
"Boskovice, aut.st.",49.49187799999999,16.653408,BK
"Boskovice, nemocnice",49.491670000000006,16.644917,BK
"Boskovice, Mladkov",49.49070499999999,16.61905,BK
"Boskovice, Mladkov, pekárna",49.490322,16.61537,BK
"Skalice nad Svitavou, žel.st.",49.48041,16.608657,BK
"Skalice nad Svitavou, ACHP",49.482506,16.599886,BK
"Sebranice, Vaculka",49.492552999999994,16.588152,BK
"Sebranice, u pošty",49.496943,16.575087,BK
"Sebranice, horní zast.",49.498832,16.569408,BK
"Kunštát, Újezd",49.50697499999999,16.539082,BK
"Kunštát, kult.dům",49.506367,16.524233,BK
"Kunštát, nám.",49.507954,16.518764,BK
"Kunštát, Rudka, hotel",49.516992,16.510802,BK
"Kunštát, Rudka, prodejna",49.520395,16.512147,BK
"Petrov, rozc. 1.0",49.536625,16.499612,BK
Petrov,49.533802999999985,16.489012,BK
"Sulíkov, dolní zast.",49.543487,16.49006,BK
Sulíkov,49.54657499999998,16.491648,BK
Rozsíčka,49.55247,16.467335,BK
"Rozseč nad Kunštátem, Horničí",49.537493,16.4561,BK
Crhov,49.54477,16.436287,BK
"Olešnice, u lávky",49.55438199999999,16.422187,BK
"Olešnice, nám.",49.557876,16.42226,BK
"Olešnice, nám.",49.55788299999998,16.42226,BK
"Olešnice, u lávky",49.55438199999999,16.422187,BK
Crhov,49.544627999999996,16.436218,BK
"Rozseč nad Kunštátem, rozcestí",49.528047,16.46396,BK
Makov,49.518297,16.484328,BK
"Kunštát, Sychotín, Grafitárna",49.508925,16.498938,BK
"Kunštát, Sychotín",49.503652,16.509257,BK
"Kunštát, nám.",49.506495,16.517568,BK
"Kunštát, kult.dům",49.50629199999999,16.52411,BK
"Kunštát, Újezd",49.506845,16.53933,BK
"Sebranice, horní zast.",49.498777,16.569097,BK
"Sebranice, u pošty",49.49658300000001,16.575702,BK
"Sebranice, Vaculka",49.493163999999986,16.588096,BK
"Skalice nad Svitavou, ACHP",49.48228599999999,16.600381,BK
"Skalice nad Svitavou, žel.st.",49.480275999999996,16.609048,BK
"Boskovice, Mladkov, pekárna",49.49031999999999,16.615547,BK
"Boskovice, Mladkov",49.49052499999999,16.619477,BK
"Boskovice, aut.st.",49.49187799999999,16.653408,BK
"Boskovice, Sušilova ZŠ II",49.486377999999995,16.6632,BK
"Boskovice, aut.st.",49.491503,16.653415,BK
"Boskovice, Sušilova ZŠ II",49.48602499999999,16.663843,BK
"Boskovice, Podhradí",49.483863,16.666407,BK
"Boskovice, v údolí",49.478416999999986,16.650883,BK
"Boskovice, aut.st.",49.491512999999976,16.65327,BK
"Skalice nad Svitavou, žel.st.",49.480279,16.608801,BK
"Jabloňany, rozc.",49.47452,16.59455,BK
Krhov,49.463333,16.58325,BK
"Lysice, Perná",49.446505,16.574543,BK
"Bořitov, ZD",49.42314699999999,16.583069,BK
"Černá Hora, nám.",49.414677999999995,16.582145,BK
"Černá Hora, nám.",49.41476699999999,16.582423,BK
"Bořitov, ZD",49.425028,16.582242,BK
"Lysice, Perná",49.44742999999999,16.574607,BK
Krhov,49.463333,16.58325,BK
"Jabloňany, rozc.",49.474687,16.594285,BK
"Boskovice, aut.st.",49.491512999999976,16.65327,BK
"Boskovice, 17. listopadu",49.48982899999999,16.662114,BK
"Boskovice, aut.st.",49.491677,16.653468,BK
"Svitávka, MŠ",49.500932999999996,16.600731,BK
"Svitávka, náměstí",49.503035999999994,16.595561,BK
"Svitávka, Podhradí",49.507982,16.599583,BK
"Svitávka, bytovky",49.509904,16.615228,BK
Míchov,49.52529,16.614005,BK
"Letovice, Podolí",49.53055899999999,16.617725,BK
Vísky,49.535672,16.62412,BK
"Vísky, u školy",49.54120999999999,16.628907,BK
"Pamětice, samota",49.54701699999999,16.641407,BK
Pamětice,49.54828499999999,16.646305,BK
"Vanovice, Drválovice",49.565667000000005,16.649975,BK
Vanovice,49.567429999999995,16.66553,BK
Borotín,49.583038,16.676638,BK
"Velké Opatovice, závod",49.61169000000001,16.685717,BK
"Velké Opatovice, aut.st.",49.610977999999996,16.673748,BK
"Velké Opatovice, aut.st.",49.610977999999996,16.673748,BK
"Velké Opatovice, závod",49.611701999999994,16.685438,BK
Borotín,49.583038,16.676638,BK
Vanovice,49.56746499999999,16.66561,BK
"Vanovice, Drválovice",49.565667000000005,16.649975,BK
Pamětice,49.54828499999999,16.646305,BK
"Pamětice, samota",49.54701699999999,16.641407,BK
"Vísky, u školy",49.54120999999999,16.628907,BK
Vísky,49.535672,16.62412,BK
"Letovice, Podolí",49.53083199999998,16.617629,BK
Míchov,49.52523500000001,16.613985,BK
"Svitávka, bytovky",49.50996399999999,16.615191,BK
"Letovice, Borová",49.578193,16.558755,BK
"Letovice, Dolní Smržov",49.59075,16.556508,BK
"Letovice, Dolní Smržov, Jednota",49.59868,16.55645,BK
"Deštná, Rumberk",49.60919499999999,16.56388,BK
Deštná,49.613533,16.564735,BK
Horní Smržov,49.61701699999998,16.577217,BK
"Horní Smržov, Jednota",49.618435,16.581905,BK
Roubanina,49.61537999999999,16.593678,BK
"Slatina, Na Červené",49.624497,16.60445,SY
"Slatina, rozc.I",49.623933,16.612839,SY
"Slatina, u hasičárny",49.62918,16.607972,SY
"Slatina, rozc.II",49.623483,16.61365,BK
"Slatina, náves",49.630267999999994,16.607838,SY
"Březina, rozc.",49.651119999999985,16.61972,SY
"Slatina, náves",49.630222999999994,16.607768,SY
Malá Roudka,49.602075,16.646345,BK
"Velké Opatovice, Svárov",49.59172699999999,16.618577,BK
"Letovice, Chlum",49.593702,16.59544,BK
"Velké Opatovice, Bezděčí, rozcestí",49.605642,16.608214,BK
"Velké Opatovice, Bezděčí",49.60633,16.615853,BK
"Velké Opatovice, Bezděčí, rozcestí",49.605642,16.608494,BK
"Letovice, Chlum",49.593702,16.59544,BK
"Letovice, Novičí, rozc.0.5",49.58411,16.591507,BK
"Letovice, Havírna",49.561673,16.57904,BK
"Letovice, železniční stanice",49.557077,16.571604,BK
"Letovice, náměstí",49.546999,16.571816,BK
"Letovice, Kladoruby",49.55524,16.608133,BK
"Letovice, Kochov",49.56455499999999,16.611283,BK
"Letovice, Kladoruby",49.55524,16.608133,BK
"Letovice, náměstí",49.547116,16.572103,BK
"Letovice, železniční stanice",49.556389,16.571297,BK
"Letovice, Havírna",49.561723,16.57902,BK
"Letovice, Babolky",49.58961,16.579372,BK
"Letovice, Novičí, rozc.0.5",49.58411,16.591507,BK
"Letovice, Chlum",49.593702,16.59544,BK
"Velké Opatovice, Bezděčí, rozcestí",49.605642,16.608214,BK
"Velké Opatovice, Bezděčí",49.60631699999999,16.615657,BK
"Velké Opatovice, Bezděčí, rozcestí",49.605642,16.608494,BK
"Letovice, Chlum",49.593702,16.59544,BK
"Velké Opatovice, Svárov",49.59172699999999,16.618577,BK
Malá Roudka,49.602028,16.646258,BK
"Malá Roudka, rozc.0.5",49.60175799999998,16.647343,BK
"Velké Opatovice, Velká Roudka",49.596405999999995,16.658708,BK
"Letovice, Tyršova parkoviště",49.54307300000001,16.572313,BK
"Letovice, Babolky",49.58961,16.579372,BK
"Roubanina, Roubanská",49.614983,16.608969,BK
"Slatina, náves",49.630267999999994,16.607838,SY
"Březina, rozc.",49.651119999999985,16.61972,SY
"Slatina, náves",49.630222999999994,16.607768,SY
"Roubanina, Roubanská",49.614983,16.608969,BK
"Letovice, náměstí",49.546893,16.572205,BK
"Letovice, železniční stanice",49.556389,16.571297,BK
"Skrchov, rozc.II",49.579142999999995,16.553808,BK
Stvolová,49.58961299999999,16.543348,BK
"Rozhraní, Vilémov",49.594454999999996,16.539125,SY
"Rozhraní, železniční zastávka",49.601927,16.532888,SY
"Brněnec, Chrastová Lhota",49.611107999999994,16.532383,SY
"Brněnec, Mor.Chrastová, pošta",49.62188299999999,16.526373,SY
"Brněnec, Mor.Chrastová, žel.st.",49.624095,16.524378,SY
"Brněnec, mlýn",49.628117,16.520918,SY
"Brněnec, mlýn - most",49.629743,16.520828,SY
"Březová nad Svitavou, Doubkovy louky",49.635239,16.518497,SY
Nýrov,49.52785699999999,16.536442,BK
"Březová nad Svitavou, železniční stanice",49.633692999999994,16.520047,SY
"Březová nad Svitavou, stolárna",49.638601,16.520261,SY
"Březová nad Svitavou, náměstí",49.645113,16.517187,SY
"Březová nad Svitavou, náměstí",49.645113,16.517187,SY
"Březová nad Svitavou, stolárna",49.63861,16.520118,SY
"Březová nad Svitavou, železniční stanice",49.633692999999994,16.520047,SY
"Březová nad Svitavou, Doubkovy louky",49.635239,16.518497,SY
"Brněnec, mlýn - most",49.629743,16.520828,SY
"Brněnec, mlýn",49.628117,16.520918,SY
"Brněnec, Mor.Chrastová, žel.st.",49.624016999999995,16.524493,SY
"Brněnec, Mor.Chrastová, pošta",49.62165,16.526307,SY
"Brněnec, Chrastová Lhota",49.611290000000004,16.532263,SY
"Rozhraní, železniční zastávka",49.601597999999996,16.532965,SY
"Rozhraní, Vilémov",49.59473299999999,16.53879,SY
Stvolová,49.58961299999999,16.543348,BK
"Skrchov, rozc.I",49.58014699999999,16.551469,BK
"Letovice, Slatinka",49.575185,16.570358,BK
"Letovice, železniční stanice",49.55723699999999,16.571696,BK
"Letovice, náměstí",49.546893,16.572205,BK
"Letovice, Slatinka",49.575185,16.570358,BK
"Letovice, u hřiště",49.543523,16.57139,BK
"Letovice, Lhota u Letovic",49.53652400000001,16.563714,BK
"Letovice, Lhota u Letovic",49.53652400000001,16.563714,BK
"Letovice, u hřiště",49.543523,16.57139,BK
"Lazinov, točna",49.564707999999996,16.527658,BK
"Letovice, u školy",49.544002,16.58357,BK
"Letovice, železniční stanice",49.557108,16.571433,BK
"Letovice, náměstí",49.546947,16.572014,BK
"Vanovice, zastávka",49.56448,16.671093,BK
"Šebetov, u pily",49.555714999999985,16.698138,BK
Šebetov,49.548884,16.710274,BK
Šebetov,49.549198,16.709984,BK
"Šebetov, u pily",49.555714999999985,16.698138,BK
"Vanovice, zastávka",49.56454,16.671035,BK
"Letovice, náměstí",49.547116,16.572103,BK
"Kunštát, nám.",49.507954,16.518764,BK
"Kunštát, Rudka",49.520421999999996,16.514495,BK
"Kunštát, Rudka, Na samotě",49.526267999999995,16.520565,BK
Jinačovice,49.267598,16.527337,BO
"Letovice, náměstí",49.547116,16.572103,BK
Ústup,49.564672,16.465055,BK
"Letovice, železniční stanice",49.55720899999999,16.571878,BK
"Rozsíčka, U lípy",49.556027,16.474998,BK
Jinačovice,49.26776599999999,16.527544,BO
"Letovice, Letostroj I",49.554667,16.575562,BK
"Letovice, Jasinov",49.537627,16.530525,BK
"Sulíkov, Vřesice",49.547272,16.503965,BK
"Letovice, náměstí",49.547116,16.572103,BK
"Kuřim, golfové hřiště",49.278546999999996,16.52622,BO
"Letovice, Zábludov",49.54054599999999,16.546445,BK
Vranová,49.55300699999999,16.524887,BK
"Letovice, náměstí",49.546893,16.572205,BK
"Letovice, železniční stanice",49.55736899999999,16.571975,BK
"Letovice, náměstí",49.547116,16.572103,BK
Vranová,49.55319,16.524422,BK
"Sulíkov, Vřesice",49.547305,16.503822,BK
"Rozsíčka, U lípy",49.556027,16.474998,BK
Ústup,49.564672,16.465055,BK
"Kněževes, Veselka",49.578011999999994,16.449327,BK
Kněževes,49.585699999999996,16.420479,BK
"Kněževes, rozc.1.0",49.582283,16.418832,BK
"Brumov, rozc.3.0",49.46568099999999,16.456082,BK
"Brumov, rozcestí 0.5",49.455272,16.4358,BO
"Brumov, dolní konec",49.458362,16.431693,BO
Brumov,49.461723000000006,16.426785,BO
"Brumov, dolní konec",49.458362,16.431693,BO
"Brumov, rozcestí 0.5",49.455,16.435755,BO
Černovice,49.48310699999999,16.424948,BK
Tasovice,49.496425,16.440405,BK
"Louka, Karlov",49.515151,16.412635,BK
"Prosetín, rozcestí",49.523514999999996,16.413892,ZR
Křtěnov,49.54656099999999,16.420178,BK
"Tasovice, rozcestí",49.51107799999999,16.435412,BK
"Krhov, Pohodlí",49.462514999999996,16.575063,BK
"Lysice, výzkum",49.456416999999995,16.556818,BK
"Boskovice, aut.st.",49.491353,16.653067,BK
"Louka, Loucký Dvůr",49.53259299999999,16.420752,BK
Prosetín,49.526241999999996,16.395115,ZR
"Prosetín, rozcestí",49.523514999999996,16.413892,ZR
"Louka, Karlov",49.515151,16.412635,BK
"Brno,Mácova",49.26581899999999,16.569345,BM
"Brno,Kouty",49.264372,16.565032,BM
"Brno,Příjezdová",49.261553,16.569939,BM
"Brno,Černohorská",49.25865399999999,16.57133,BM
"Brno,Díly",49.25424999999999,16.574421,BM
"Brno,Žilkova",49.252181,16.576027,BM
"Brno,Řečkovice",49.246673999999985,16.579384,BM
"Brno,Olšanského",49.24421999999999,16.577351,BM
"Brno,Medlánky",49.240459,16.573676,BM
"Brno,Medlánky, škola",49.238195999999995,16.57841,BM
"Brno,Vozovna Medlánky",49.23556899999999,16.585596,BM
"Brno,Tylova",49.231926,16.589459,BM
"Brno,Semilasso",49.22805499999998,16.593438,BM
"Olešnice, nám.",49.55788299999998,16.42226,BK
"Doubravice, žel.st.",49.440072,16.623943,BK
"Ludíkov, rozcestí",49.45818499999999,16.736117,BK
"Boskovice, aut.st.",49.49185,16.653275,BK
"Boskovice, aut.st.",49.49185,16.653275,BK
Valchov,49.47094999999999,16.719413,BK
Protivanov,49.4824,16.836786,PV
"Protivanov, hor.zast.",49.480137000000006,16.836125,PV
"Protivanov, pila",49.476124999999996,16.826308,PV
"Protivanov, tábor Metra",49.47139399999999,16.814908,PV
"Žďárná, horní zastávka",49.468571999999995,16.761967,BK
"Valchov, rozc.",49.47158799999999,16.719758,BK
"Benešov, Pavlov",49.510623999999986,16.781076,BK
"Benešov, Pavlov, Dvůr",49.51534,16.791413,BK
"Buková, horní zastávka",49.511720999999994,16.824498,PV
Buková,49.508883000000004,16.830467,PV
"Protivanov, dol.zast.",49.487311,16.837627,PV
Protivanov,49.482232999999994,16.837128,PV
Protivanov,49.4824,16.836786,PV
"Protivanov, dol.zast.",49.487429,16.837845,PV
Buková,49.508883000000004,16.830467,PV
"Buková, horní zastávka",49.511796,16.824598,PV
"Benešov, Pavlov, Dvůr",49.51534,16.791413,BK
"Benešov, Pavlov",49.510642999999995,16.780724,BK
"Benešov, škola",49.51031699999999,16.776693,BK
"Boskovice, Boženy Němcové",49.493584999999996,16.666403,BK
"Žďárná, horní zastávka",49.468535,16.761945,BK
"Protivanov, tábor Metra",49.47139399999999,16.814908,PV
"Protivanov, pila",49.476083,16.826442,PV
"Protivanov, hor.zast.",49.480137000000006,16.836125,PV
Býkovice,49.429607999999995,16.535263,BK
Dlouhá Lhota,49.428422999999995,16.510978,BK
"Brťov-Jeneč, Na Návsi",49.41472699999999,16.513962,BK
"Slatina, rozc.II",49.623567,16.614258,BK
"Slatina, u hasičárny",49.62918,16.607972,SY
"Slatina, rozc.I",49.623819000000005,16.612794,SY
"Slatina, Na Červené",49.624497,16.60445,SY
Roubanina,49.615465,16.593693,BK
"Horní Smržov, Jednota",49.61848700000001,16.582038,BK
Horní Smržov,49.617186999999994,16.577303,BK
Deštná,49.61358299999999,16.564815,BK
"Deštná, Rumberk",49.609069999999996,16.563657,BK
"Letovice, Dolní Smržov, Jednota",49.59868,16.55645,BK
"Letovice, Dolní Smržov",49.59071,16.556382,BK
"Skrchov, točna",49.580141999999995,16.552832,BK
"Letovice, Borová",49.57823700000001,16.558357,BK
"Letovice, Letostroj II",49.569128000000006,16.563441,BK
"Letovice, Havírna rozcestí",49.56132499999999,16.573375,BK
"Letovice, železniční stanice",49.555829,16.571324,BK
"Letovice, náměstí",49.546999,16.571816,BK
"Letovice, náměstí",49.547116,16.572103,BK
"Letovice, železniční stanice",49.556389,16.571297,BK
"Letovice, Havírna rozcestí",49.56132499999999,16.573375,BK
"Letovice, Letostroj II",49.56927300000001,16.56338,BK
"Brno,Technologický park",49.231509,16.576781,BM
"Skryje, rozcestí",49.37329799999999,16.315118,BO
"Kuřim, TOS",49.31352199999999,16.540522,BO
"Brno,V Újezdech",49.241986,16.573155,BM
"Tišnovská Nová Ves, rozcestí",49.367938,16.318267,BO
"Letovice, papírny",49.54996,16.56673,BK
"Letovice, náměstí",49.547116,16.572103,BK
"Brno,Nadační",49.24474399999999,16.57031,BM
Újezd u Tišnova,49.36565699999999,16.323407,BO
"Kuřim, železniční stanice",49.30055000000001,16.534072,BO
"Letovice, železniční stanice",49.557411,16.571792,BK
"Brno,Renčova",49.246696,16.575244,BM
"Újezd u Tišnova, závod",49.361346999999995,16.331313,BO
Moravské Knínice,49.29320700000001,16.503362,BO
"Letovice, náměstí",49.546999,16.571816,BK
"Letovice, přehrada",49.55345200000001,16.556218,BK
"Dolní Loučky, železniční stanice",49.358375,16.347573,BO
"Moravské Knínice, Podhájí",49.29266,16.477502,BO
"Brno,Palackého náměstí",49.25084,16.581903,BM
"Vranová, samota",49.55555999999999,16.536623,BK
"Letovice, Zábludov",49.540579,16.54638,BK
"Čebín, rozcestí",49.31280799999998,16.484118,BO
"Veverská Bítýška, náměstí",49.276008,16.435906,BO
"Brno,Řečkovice, hřbitov",49.253401999999994,16.582496,BM
"Vranová, rozc.0.2",49.55681,16.527578,BK
Nýrov,49.52806999999999,16.53624,BK
"Strhaře, rozcestí",49.42615599999999,16.426186,BO
"Lažánky, Holasice, rozcestí",49.27639199999999,16.405497,BO
"Brno,Řečkovice, hřbitov",49.253356,16.582329,BM
Křetín,49.56310599999999,16.50476,BK
"Kunštát, Rudka, Na samotě",49.526267999999995,16.520565,BK
"Lomnice, náměstí",49.403413,16.414194,BO
"Lažánky, hotel",49.28105399999998,16.391306,BO
"Brno,Palackého náměstí",49.250816,16.581773,BM
"Křetín, Dolní Poříčí",49.566043,16.509985,BK
"Kunštát, Rudka",49.520421999999996,16.514495,BK
"Kunštát, nám.",49.506781999999994,16.517732,BK
"Kunštát, Touboř, rozcestí",49.49768799999999,16.489758,BK
"Kunštát, Hluboké u Kunštátu",49.495687000000004,16.472747,BK
"Kunštát, Touboř, rozcestí",49.49768799999999,16.489758,BK
"Kunštát, Touboř",49.492954999999995,16.495338,BK
Šebetov,49.549375,16.709469,BK
Šebetov,49.549286,16.709545,BK
"Sudice, Semíč",49.51398999999999,16.678513,BK
Šebetov,49.548884,16.710274,BK
"Šebetov, u zámku",49.544337,16.71737,BK
"Šebetov, na Křižnicích",49.53685699999999,16.724478,BK
"Šebetov, myslivna",49.544052,16.73393,BK
"Horní Štěpánov, Pohora",49.561318,16.756027,PV
"Horní Štěpánov, točna",49.547171,16.789784,PV
"Horní Štěpánov, Pohora",49.561101,16.754808,PV
"Šebetov, myslivna",49.544052,16.73393,BK
"Šebetov, na Křižnicích",49.53689599999999,16.724331,BK
"Šebetov, u zámku",49.544337,16.71737,BK
"Horní Štěpánov, Nové Sady",49.55867899999999,16.799205,PV
"Šebetov, na Křižnicích",49.536235,16.723827,BK
"Okrouhlá, Melkov, rozc.2.0",49.534740000000006,16.728412,BK
"Okrouhlá, Melkov, rozc.2.0",49.534740000000006,16.728412,BK
"Šebetov, na Křižnicích",49.536409,16.723923,BK
"Jevíčko, nám.",49.63264899999999,16.711559,SY
"Jaroměřice, rozcestí",49.611643,16.735587,SY
"Zbraslavec, závod Best",49.490995,16.519361,BK
"Olešnice, Lamberk",49.569196999999996,16.409317,BK
"Velké Tresné, rozc.",49.583033,16.38468,ZR
"Rovečné, rozcestí",49.58773899999999,16.371724,ZR
Rovečné,49.577877999999984,16.363352,ZR
"Rovečné, rozcestí",49.587844999999994,16.371983,ZR
Nyklovice,49.604523,16.347513,ZR
"Bystré, městský úřad",49.628215,16.34728,SY
"Bystré, městský úřad",49.628215,16.34728,SY
Nyklovice,49.60442,16.347473,ZR
"Rovečné, rozcestí",49.587844999999994,16.371983,ZR
"Velké Tresné, rozc.",49.582943,16.384725,ZR
"Olešnice, Lamberk",49.569196999999996,16.409317,BK
"Makov, hájenka",49.517438,16.477055,BK
"Zbraslavec, závod Best",49.490995,16.519361,BK
Velké Tresné,49.574135,16.381645,ZR
"Velké Tresné, závod",49.569069999999996,16.386339,ZR
Velké Tresné,49.57418199999999,16.381717,ZR
"Velké Tresné, rozc.",49.583033,16.38468,ZR
"Česká, Hlavní",49.280511999999995,16.565392,BO
"Česká, Nádavky",49.27416100000001,16.567946,BO
"Tišnov, železniční stanice",49.34668799999999,16.419487,BO
"Tišnov, Trnec",49.33626,16.441436,BO
"Drásov, náměstí",49.331663999999996,16.478565,BO
"Malhostovice, rozcestí",49.330809999999985,16.49731,BO
"Čebín, vápenka",49.318074999999986,16.491617,BO
"Čebín, rozcestí",49.31283499999999,16.485368,BO
"Kuřim, zámek",49.297090000000004,16.524776,BO
"Lelekovice, u kříže",49.29020899999999,16.587266,BO
"Lelekovice, náves",49.291105,16.579443,BO
"Lelekovice, škola",49.289922,16.575168,BO
"Lelekovice, u Hrazdírů",49.28731199999999,16.572463,BO
"Česká, železniční stanice",49.28396299999999,16.567584,BO
"Česká, křižovatka",49.28290599999999,16.565216,BO
"Česká, UP závody",49.288299,16.562115,BO
"Kuřim, Díly pod Sv. Jánem",49.29692599999999,16.547738,BO
"Kuřim, sokolovna",49.298135,16.538568,BO
"Kuřim, železniční stanice",49.30025,16.533852,BO
"Kuřim, Popkova",49.30472699999999,16.531086,BO
"Kuřim, TE",49.314358999999996,16.54718,BO
"Kuřim, Prefa",49.318358999999994,16.547102,BO
"Kuřim, Prefa",49.318357999999996,16.546813,BO
"Kuřim, zámek",49.297608999999994,16.523801,BO
"Kuřim, golfové hřiště",49.278865,16.526032,BO
Jinačovice,49.26781,16.52715,BO
"Jinačovice, Chaloupky",49.264437999999984,16.527233,BO
"Rozdrojovice, Na Březině",49.25441399999999,16.515825,BO
"Rozdrojovice, Na dědině",49.255126999999995,16.5107,BO
"Rozdrojovice, Obecnice",49.252936999999996,16.512518,BO
"Rozdrojovice, rozcestí přehrada",49.250282,16.515923,BO
"Rozdrojovice, rekreační středisko",49.248168,16.519248,BO
"Brno,U Luhu",49.239053,16.530136,BM
"Brno,U památníku",49.235963999999996,16.527962,BM
"Brno,Pod Mniší horou",49.22799499999999,16.533868,BM
"Brno,Zoologická zahrada",49.227734999999996,16.531369,BM
"Brno,Zoologická zahrada",49.227603,16.531473,BM
"Brno,Pod Mniší horou",49.226808,16.534636,BM
"Brno,U památníku",49.23599300000001,16.528027,BM
"Brno,U Luhu",49.239246999999985,16.530084,BM
"Rozdrojovice, rekreační středisko",49.248168,16.519248,BO
"Rozdrojovice, rozcestí přehrada",49.250282,16.515923,BO
"Rozdrojovice, Obecnice",49.252936999999996,16.512518,BO
"Rozdrojovice, Na dědině",49.255213,16.511185,BO
"Rozdrojovice, Na Březině",49.254312999999996,16.517367,BO
"Jinačovice, Chaloupky",49.264765999999995,16.527278,BO
"Synalov, rozcestí",49.42029300000001,16.398563,BO
"Brno,Renčova",49.247213999999985,16.574968,BM
Lažánky,49.27866999999999,16.388075,BO
Ochoz u Tišnova,49.427513,16.393658,BO
"Brno,Nadační",49.245594999999994,16.571098,BM
Běleč,49.433246999999994,16.384228,BO
"Lažánky, šachty",49.28096699999999,16.373305,BO
"Brno,V Újezdech",49.241856000000006,16.573203,BM
"Běleč, Křeptov",49.44060199999999,16.378132,BO
Maršov,49.283478,16.360165,BO
"Brno,Technologický park",49.23192,16.576848,BM
"Běleč, Křeptov",49.44060199999999,16.378132,BO
Běleč,49.433212,16.384372,BO
Ochoz u Tišnova,49.42737,16.393555,BO
"Synalov, rozcestí",49.420266999999996,16.399215,BO
Synalov,49.432263,16.41387,BO
"Synalov, rozcestí",49.41989999999999,16.398823,BO
"Běleč, dolní konec",49.428440999999985,16.375921,BO
"Doubravník, Prudká, rozcestí",49.421944,16.370035,BO
"Doubravník, náměstí",49.424698,16.35174,BO
"Pernštejnské Jestřabí, Maňová",49.415563999999996,16.332006,BO
"Pernštejnské Jestřabí, Maňová",49.415563999999996,16.332006,BO
"Doubravník, Prudká, rozcestí",49.422025,16.370061,BO
"Běleč, dolní konec",49.42840600000001,16.375999,BO
Synalov,49.432263,16.41387,BO
"Doubravník, železniční stanice",49.42828500000001,16.352008,BO
"Doubravník, náměstí",49.424698,16.35174,BO
"Doubravník, železniční stanice",49.42828500000001,16.352008,BO
"Bystřice nad Pern., aut. nádr.",49.526151999999996,16.260663,ZR
"Bystřice nad Pern., u mostu",49.52179499999999,16.267684,ZR
"Bystřice nad Pern., sídliště I",49.516324,16.260617,ZR
"Bystřice nad Pern., rozcestí Věchnov",49.51366,16.26082,ZR
"Věchnov, u rybníka",49.49844499999999,16.27963,ZR
"Věchnov, rozcestí lom",49.49522199999999,16.285718,ZR
Býšovec,49.47555999999999,16.288593,ZR
"Býšovec, Smrček",49.458529999999996,16.305953,ZR
"Nedvědice, Pernštejn, hrad",49.453567,16.313842,BO
"Nedvědice, Pernštejn, u mostku",49.452628,16.325262,BO
"Nedvědice, u zdravotního střediska",49.454045,16.330893,BO
"Nedvědice, rozcestí Sejřek",49.453138,16.336199,BO
Černvír,49.444855000000004,16.34638,BO
"Doubravník, náměstí",49.42432699999999,16.351797,BO
"Doubravník, Štěpnice",49.41889299999999,16.351874,BO
Borač,49.400639999999996,16.36106,BO
"Borač, Vrby",49.396651999999996,16.365595,BO
"Štěpánovice, horní konec",49.37954299999999,16.379232,BO
"Borač, Vrby",49.396658,16.365587,BO
Borač,49.40079399999998,16.360804,BO
"Doubravník, Štěpnice",49.419122,16.352098,BO
Černvír,49.444876,16.346536,BO
"Nedvědice, rozcestí Sejřek",49.45333,16.335914,BO
"Nedvědice, u zdravotního střediska",49.454131999999994,16.33084,BO
"Nedvědice, Pernštejn, u mostku",49.452683,16.32516,BO
"Nedvědice, Pernštejn, hrad",49.45374699999999,16.313369,BO
"Býšovec, Smrček",49.458578,16.306076,ZR
Býšovec,49.475616,16.288674,ZR
"Věchnov, rozcestí lom",49.495325999999984,16.285621,ZR
"Věchnov, u rybníka",49.49842699999999,16.279914,ZR
"Bystřice nad Pern., rozcestí Věchnov",49.51370099999999,16.260981,ZR
"Bystřice nad Pern., sídliště I",49.516148999999984,16.260782,ZR
"Bystřice nad Pern., u mostu",49.52161199999999,16.267914,ZR
"Bystřice nad Pern., aut. nádr.",49.526433,16.260458,ZR
"Bystřice nad Pern., Novoměstská",49.528048,16.24975,ZR
Drahonín,49.413092,16.277102,BO
Olší,49.42155499999999,16.291273,BO
"Olší, Klokočí, rozcestí",49.41266799999998,16.306297,BO
"Olší, Litava",49.41038799999999,16.312237,BO
"Pernštejnské Jestřabí, rozcestí",49.401447999999995,16.323877,BO
"Pernštejnské Jestřabí, Jilmoví, rozcestí",49.393997,16.329382,BO
Kaly,49.377778,16.352747,BO
"Kaly, Zahrada, rozcestí",49.37196699999999,16.36512,BO
"Tišnov, železniční stanice",49.34658,16.419777,BO
"Kaly, Zahrada, rozcestí",49.37225300000001,16.364748,BO
Kaly,49.377892,16.35269,BO
"Pernštejnské Jestřabí, Jilmoví, rozcestí",49.393997,16.329382,BO
"Pernštejnské Jestřabí, rozcestí",49.401447999999995,16.323877,BO
"Olší, Litava",49.41038799999999,16.312237,BO
"Olší, Klokočí, rozcestí",49.41266799999998,16.306297,BO
Olší,49.421603000000005,16.291308,BO
"Sejřek, Bor, rozcestí 1,5 km",49.43232899999999,16.289245,ZR
"Žďárec, Ostrov",49.374197999999986,16.279568,BO
"Řikonín, železniční stanice",49.36549300000001,16.30887,BO
Drahonín,49.413092,16.277102,BO
Olší,49.4219,16.291298,BO
"Sejřek, Bor",49.438214,16.289248,ZR
"Sejřek, Bor, rozcestí 1,5 km",49.432196,16.289382,BO
"Sejřek, zbrojnice",49.43585300000001,16.308909,ZR
"Sejřek, Mansberk",49.438244999999995,16.316219,ZR
"Sejřek, u dvora",49.442747,16.320069,ZR
"Nedvědice, rozcestí Sejřek",49.453196999999996,16.335943,BO
"Nedvědice, škola",49.456188,16.33266,BO
"Nedvědice, náměstí",49.45704000000001,16.334526,BO
"Nedvědice, železniční stanice",49.45468799999999,16.336337,BO
"Nedvědice, železniční stanice",49.45468799999999,16.336337,BO
"Nedvědice, náměstí",49.457126,16.334365,BO
"Nedvědice, škola",49.455919,16.33244,BO
"Nedvědice, rozcestí Sejřek",49.45308399999998,16.335884,BO
"Sejřek, u dvora",49.44274299999999,16.319986,ZR
"Sejřek, Mansberk",49.438128999999996,16.316014,ZR
Lazinov,49.56519699999999,16.521853,BK
"Maršov, Vobůrka",49.284508,16.354915,BO
"Brno,Kronova",49.251441,16.589012,BM
Braníškov,49.294763999999994,16.342895,BO
"Brno,Řečkovice, nádraží",49.25107799999999,16.589954,BM
"Deblín, myslivna",49.31157799999998,16.330852,BO
"Brno,Řečkovice, nádraží",49.2509,16.589916,BM
"Deblín, zemědělské družstvo",49.318831999999986,16.337865,BO
"Brno,Kronova",49.25118,16.588181,BM
"Deblín, obecní úřad",49.320392,16.34618,BO
"Lazinov, točna",49.564707999999996,16.527658,BK
"Veverská Bítýška, Vápenice",49.24489999999999,16.44601,BO
"Deblín, Pod cihelnou",49.32209799999999,16.35092,BO
Lazinov,49.56512,16.521678,BK
"Úsuší, Čížky",49.327891,16.366873,BO
"Brno, Nové Dvory",49.25143799999999,16.45032,BM
"Křetín, Dolní Poříčí",49.566041999999996,16.509692,BK
"Nelepeč, Žernůvka",49.333124999999995,16.387765,BO
"Brno, Hrad Veveří",49.25448000000001,16.461502,BM
Křetín,49.563337,16.504586,BK
"Vohančice, Závist",49.334312,16.400098,BO
"Brno, Lávka Pod Hradem",49.26015999999999,16.465338,BM
"Křetín, škola",49.562011999999996,16.50001,BK
"Kuřim, škola Jungmannova",49.304227,16.528298,BO
"Brno, Obora",49.255383,16.476201,BM
Prostřední Poříčí,49.571662,16.491545,BK
"Tišnov, železniční stanice",49.34686800000001,16.419297,BO
"Brno, Jelenice",49.250718,16.485109,BM
"Prostřední Poříčí, host.u Dvořáků",49.57699,16.485275,BK
"Vohančice, Závist",49.334312,16.400098,BO
"Brno, Rokle",49.24568099999999,16.496096,BM
Horní Poříčí,49.58729599999999,16.476317,BK
"Nelepeč, Žernůvka",49.333124999999995,16.387765,BO
"Brno, Kozí horka",49.23611399999999,16.504482,BM
"Bohuňov, náves",49.59764,16.464068,SY
"Úsuší, Čížky",49.328143999999995,16.366732,BO
"Brno,Rakovec",49.227996,16.508585,BM
"Brno,Podkomorská",49.22554399999999,16.512868,BM
"Brno,Zoologická zahrada",49.22846499999999,16.531116,BM
"Brno,Přístaviště",49.228139,16.522364,BM
"Brno,Rakovecká",49.225834,16.518322,BM
"Brno,Podkomorská",49.225423,16.514275,BM
"Brno,Rakovec",49.22761400000001,16.508487,BM
"Brno, Kozí horka",49.236883999999996,16.504661,BM
"Brno, Rokle",49.245683,16.496174,BM
"Brno, Jelenice",49.250702,16.485209,BM
"Brno, Obora",49.255668,16.475811,BM
"Brno, Lávka Pod Hradem",49.260154,16.465243,BM
"Brno, Hrad Veveří",49.254602,16.461532,BM
"Brno, Nové Dvory",49.25152599999999,16.450321,BM
"Veverská Bítýška, Vápenice",49.24501399999999,16.44595,BO
"Brno, U Matky Boží",49.254239999999996,16.453227,BM
"Veverská Bítýška, rozcestí Mečkov",49.261131,16.443633,BO
"Veverská Bítýška, rozcestí Mečkov",49.260968,16.443716,BO
"Brno, U Matky Boží",49.254145,16.453284,BM
"Brno,Nemocnice Bohunice",49.17575399999999,16.566989,BM
"Brno,Svážná",49.173544,16.553381,BM
"Brno,Jemelkova",49.17333299999999,16.548692,BM
"Brno,Skalní",49.174277999999994,16.534362,BM
"Brno,Hoštická",49.17369399999999,16.528538,BM
"Troubsko, Nová",49.166982,16.518167,BO
"Troubsko, kaplička",49.169012999999985,16.511465,BO
"Troubsko, obecní úřad",49.171013,16.506845,BO
"Popůvky, Náves",49.178255,16.487923,BO
"Popůvky, Vintrovna",49.18138400000001,16.491014,BO
"Troubsko, Veselka",49.17682299999999,16.503447,BO
"Brno,Borovník",49.198533,16.499685,BM
"Brno,Křivánkovo náměstí",49.20688,16.4876,BM
"Brno,Drdy",49.209191,16.492285,BM
"Brno,Žebětínský rybník",49.215544,16.493531,BM
"Brno,Wollmanova",49.222108,16.52284,BM
"Brno,Laštůvkova",49.220549,16.526237,BM
"Brno,Vondrákova",49.22144499999999,16.528853,BM
"Kuřim, škola Jungmannova",49.304167,16.528592,BO
"Deblín, myslivna",49.311835,16.32905,BO
"Svatoslav, hájenka",49.311657999999994,16.315907,BO
"Svatoslav, horní konec",49.30407499999999,16.312502,BO
"Svatoslav, obecní úřad",49.30161799999999,16.308689,BO
"Svatoslav, horní konec",49.30411499999999,16.312591,BO
"Svatoslav, hájenka",49.311657999999994,16.315907,BO
"Drásov, Siemens",49.32741699999999,16.476862,BO
"Čebín, sídliště",49.316863,16.474535,BO
"Čebín, rozcestí",49.31277299999999,16.48386,BO
"Tišnov, železniční stanice",49.34652299999999,16.419672,BO
Březina,49.321465,16.422838,BO
"Heroltice, rozcestí",49.31920299999999,16.416328,BO
Heroltice,49.311648,16.412858,BO
"Heroltice, rozcestí",49.31920299999999,16.416328,BO
"Sejřek, zbrojnice",49.43587999999999,16.308798,ZR
Vohančice,49.321701,16.394704,BO
"Tišnov, Pejškov",49.316551999999994,16.378515,BO
"Tišnov, Pejškov",49.316551999999994,16.378515,BO
Vohančice,49.321643,16.394919,BO
Heroltice,49.311648,16.412858,BO
"Heroltice, rozcestí",49.31920299999999,16.416328,BO
Březina,49.321478,16.423017,BO
"Svatoslav, obecní úřad",49.30159499999999,16.308517,BO
"Deblín, myslivna",49.311806999999995,16.329088,BO
"Deblín, Pod cihelnou",49.322061999999995,16.351063,BO
"Čebín, náměstí",49.312884999999994,16.47745,BO
"Tišnov, železniční stanice",49.346911999999996,16.419417,BO
"Tišnov, Kukýrna",49.352537,16.425543,BO
"Tišnov, Lomnická",49.35545,16.428823,BO
"Lomnička, obecní úřad",49.36798699999999,16.430017,BO
Šerkovice,49.385998,16.42972,BO
"Lomnice, Řepka",49.386245,16.41253,BO
"Lomnice, Brusná, rozcestí",49.392596999999995,16.408803,BO
"Lomnice, náměstí",49.403622,16.413817,BO
"Lomnice, Brusná, rozcestí",49.39252299999998,16.408712,BO
"Lomnice, Řepka",49.38634299999999,16.412303,BO
Šerkovice,49.385946999999994,16.429868,BO
"Lomnička, obecní úřad",49.36782,16.429633,BO
"Tišnov, Lomnická",49.35531399999999,16.428629,BO
"Lysice, pohostinství",49.452248999999995,16.537757,BK
Úsuší,49.334512,16.3557,BO
"Sejřek, Bor",49.438214,16.289248,ZR
"Bohuňov, náves",49.59764,16.464068,SY
"Úsuší, Čížky",49.327941999999986,16.36669,BO
Horní Poříčí,49.58667299999999,16.477463,BK
"Deblín, Pod cihelnou",49.322145,16.350863,BO
"Prostřední Poříčí, host.u Dvořáků",49.576515,16.485617,BK
"Deblín, obecní úřad",49.32041699999999,16.345442,BO
Prostřední Poříčí,49.571593,16.491447,BK
"Deblín, zemědělské družstvo",49.318794999999994,16.337718,BO
"Křetín, škola",49.561921999999996,16.500416,BK
"Deblín, myslivna",49.31157799999998,16.330852,BO
Křetín,49.56304,16.504088,BK
Braníškov,49.294672999999996,16.342767,BO
"Vranová, rozc.0.2",49.55633499999999,16.529505,BK
"Maršov, Vobůrka",49.284451999999995,16.355053,BO
"Vranová, samota",49.55545999999998,16.536075,BK
Maršov,49.28336199999999,16.360293,BO
"Letovice, přehrada",49.553442999999994,16.556172,BK
"Lažánky, šachty",49.280842,16.373585,BO
"Letovice, papírny",49.549305,16.567082,BK
Lažánky,49.27881199999999,16.388295,BO
"Letovice, náměstí",49.546893,16.572205,BK
"Lažánky, Holasice, rozcestí",49.27639199999999,16.405497,BO
"Letovice, Letostroj I",49.55505199999999,16.575712,BK
"Veverská Bítýška, náměstí",49.27591199999999,16.436084,BO
"Letovice, železniční stanice",49.556389,16.571297,BK
Olší,49.421974999999996,16.291269,BO
"Moravské Knínice, Podhájí",49.292658,16.477355,BO
"Letovice, Tylex jídelna",49.53695999999999,16.580768,BK
"Řikonín, železniční stanice",49.36549300000001,16.30887,BO
Moravské Knínice,49.29312300000001,16.503493,BO
"Žďárec, Ostrov",49.374252999999996,16.279668,BO
"Boskovice, aut.st.",49.491353,16.653067,BK
"Kuřim, Popkova",49.304596999999994,16.530972,BO
Borovník,49.355849,16.229482,BO
Žerůtky,49.44057599999999,16.536524,BK
"Valchov, rozc.",49.47158799999999,16.719758,BK
"Kuřim, železniční stanice",49.30025,16.533852,BO
Rozseč,49.36009,16.221983,ZR
"Býkovice, nákupní středisko Hrnčíř",49.430178,16.538707,BK
Velenov,49.486975,16.732297,BK
"Kuřim, sokolovna",49.29819599999999,16.539863,BO
"Vidonín, rozcestí",49.37564199999999,16.220187,ZR
"Brťov-Jeneč, Na Návsi",49.41468799999999,16.51396,BK
Velenov,49.486975,16.732297,BK
"Kuřim, Díly pod Sv. Jánem",49.29688599999999,16.547631,BO
Rojetín,49.367422999999995,16.257195,BO
Dlouhá Lhota,49.428422999999995,16.510978,BK
Valchov,49.47183999999999,16.71888,BK
"Česká, UP závody",49.289299,16.560935,BO
"Rojetín, rozcestí",49.370422,16.254615,BO
Býkovice,49.429527,16.535408,BK
"Letovice, Tylex jídelna",49.536982999999985,16.58064,BK
"Boskovice, STS",49.49641199999999,16.645801,BK
"Kunštát, Sychotín",49.503887,16.509938,BK
"Makov, hájenka",49.517438,16.477055,BK
"Rozseč nad Kunštátem, rozcestí",49.528047,16.46396,BK
"Rozseč nad Kunštátem, Horničí",49.537493,16.4561,BK
Rozsíčka,49.552538,16.467192,BK
Sulíkov,49.54653499999999,16.491423,BK
"Sulíkov, dolní zast.",49.542818,16.490038,BK
"Petrov, rozc. 1.0",49.536534,16.499844,BK
"Kunštát, Rudka, prodejna",49.520395,16.512147,BK
"Kunštát, Rudka, hotel",49.516992,16.510802,BK
"Kunštát, nám.",49.507994999999994,16.518652,BK
Rozseč nad Kunštátem,49.525618,16.462825,BK
"Rozseč nad Kunštátem, hájenka",49.52112199999999,16.451018,BK
"Hodonín u Kunštátu, rozcestí",49.51929799999999,16.441355,BK
Louka,49.527897,16.430135,BK
"Louka, Loucký Dvůr",49.53259299999999,16.420752,BK
Křtěnov,49.547073999999995,16.419808,BK
"Olešnice, závod",49.55124699999999,16.420538,BK
"Lysice, pohostinství",49.452248999999995,16.537757,BK
"Kuřim, rozcestí 2.0",49.317569000000006,16.551447,BO
"Kuřim, Podlesí, rozc.",49.30554899999999,16.554781,BO
"Brno,Královo Pole, nádraží",49.23045,16.595801,BM
"Kuřim, Podlesí, rozc.",49.305568,16.554963,BO
"Kuřim, rozcestí 2.0",49.318142,16.551936,BO
"Lysice, pohostinství",49.45245299999999,16.53802,BK
"Drnovice, rozc.0.5",49.46831499999999,16.533227,BK
"Drnovice, rozcestí Kunice",49.47258099999999,16.532885,BK
Zbraslavec,49.484668,16.528063,BK
"Zbraslavec, rozcestí k závodu",49.48995199999999,16.523368,BK
"Kunštát, U Bílého kříže",49.50301199999999,16.523785,BK
"Kunštát, nám.",49.506495,16.517568,BK
"Kunštát, U Bílého kříže",49.502893,16.523785,BK
"Zbraslavec, rozcestí k závodu",49.489705,16.522917,BK
Zbraslavec,49.48430199999999,16.528155,BK
"Drnovice, rozcestí Kunice",49.472484,16.53273,BK
"Drnovice, rozc.0.5",49.46816,16.533177,BK
"Olešnice, nám.",49.55788299999998,16.42226,BK
"Olešnice, závod",49.55124699999999,16.420538,BK
Křtěnov,49.546465,16.420213,BK
"Louka, Loucký Dvůr",49.53259299999999,16.420752,BK
Louka,49.527897,16.430135,BK
"Hodonín u Kunštátu, rozcestí",49.51929799999999,16.441355,BK
"Rozseč nad Kunštátem, hájenka",49.52112199999999,16.451018,BK
Rozseč nad Kunštátem,49.525618,16.462825,BK
"Olešnice, nám.",49.55788299999998,16.42226,BK
Křtěnov,49.54703199999999,16.419754,BK
Lhota u Olešnice,49.542987,16.390853,BK
"Tasovice, rozcestí",49.51107799999999,16.435412,BK
Hodonín u Kunštátu,49.50128399999999,16.409916,BK
"Tasovice, rozcestí",49.51107799999999,16.435412,BK
Tasovice,49.496425,16.440405,BK
Černovice,49.483002,16.424903,BK
"Brumov, rozc.3.0",49.46568099999999,16.456082,BK
"Kunštát, Sychotín, Grafitárna",49.508925,16.498938,BK
Makov,49.518297,16.484328,BK
"Olešnice, nám.",49.557876,16.422461,BK
"Kněževes, rozc.1.0",49.582283,16.418832,BK
Kněževes,49.585658,16.420325,SY
"Kněževes, Veselka",49.578011999999994,16.449327,BK
"Česká, křižovatka",49.282972999999984,16.565489,BO
"Česká, železniční stanice",49.28424,16.568504,BO
"Lelekovice, u Hrazdírů",49.28761299999999,16.572948,BO
"Lelekovice, škola",49.29013299999998,16.57576,BO
"Lelekovice, náves",49.291358,16.578463,BO
"Lelekovice, u kříže",49.29013499999999,16.58737,BO
"Kuřim, Podlesí, Pramen",49.305115,16.557422,BO
"Kuřim, Podlesí, Pramen",49.305115,16.557422,BO
"Čebín, rozcestí",49.31279,16.485415,BO
"Čebín, vápenka",49.318223,16.491733,BO
"Malhostovice, rozcestí",49.33096299999999,16.497495,BO
"Drásov, náměstí",49.331748999999995,16.478489,BO
"Tišnov, Trnec",49.336283,16.441153,BO
"Veverská Bítýška, náměstí",49.276085,16.43615,BO
"Veverská Bítýška, náměstí",49.276085,16.43615,BO
"Kuřim, TE",49.314358999999996,16.54718,BO
"Brno,U Luhu",49.239205,16.530054,BM
"Úsuší, Čížky",49.328143999999995,16.366732,BO
"Brno,Královo Pole, nádraží",49.229633,16.595447,BM
"Brno,Semilasso",49.228248,16.593466,BM
"Brno,Tylova",49.230689999999996,16.590539,BM
"Brno,Hudcova",49.235201999999994,16.587471,BM
"Brno,Vozovna Medlánky",49.235779,16.585218,BM
"Brno,Medlánky, škola",49.23843099999999,16.578024,BM
"Brno,Medlánky",49.240555,16.573723,BM
"Brno,Olšanského",49.244367,16.577644,BM
"Brno,Řečkovice",49.24650100000001,16.579153,BM
"Žďárec, u kostela",49.37625299999999,16.264473,BO
"Brno,Žilkova",49.253038999999994,16.575488,BM
"Brno,Černohorská",49.258761,16.571447,BM
"Brno,Příjezdová",49.26212099999999,16.568985,BM
"Žďárec, u kostela",49.37625299999999,16.264473,BO
"Brno,Kouty",49.264829999999996,16.565227,BM
"Rojetín, rozcestí",49.37045299999999,16.254267,BO
"Brno,Mácova",49.26579099999999,16.568905,BM
"Vidonín, rozcestí",49.37575799999999,16.220093,ZR
"Česká, Nádavky",49.27495899999999,16.567699,BO
Milešín,49.368178,16.202088,ZR
"Česká, Hlavní",49.28182499999999,16.565033,BO
Heřmanov,49.37984999999999,16.181983,ZR
"Vranov, křižovatka",49.31020999999999,16.612492,BO
Nová Ves,49.39068,16.19606,ZR
"Vranov, myslivna",49.30823900000001,16.621915,BO
"Vranov, myslivna",49.30858299999999,16.621781,BO
"Vranov, křižovatka",49.310249999999996,16.612232,BO
"Brno,Kamechy",49.215407,16.495966,BM
"Brno,Chvalovka",49.21492,16.500086,BM
"Brno,Kavčí",49.21687199999999,16.500241,BM
"Brno,Říčanská",49.21846099999999,16.497565,BM
"Brno,Ruda",49.22047299999999,16.502554,BM
"Brno,Ečerova",49.21804399999999,16.509781,BM
"Brno,Ondrouškova",49.217906,16.518033,BM
"Brno,Kubíčkova",49.22158999999999,16.519454,BM
"Brno,Rakovecká",49.226307999999996,16.518652,BM
"Brno,Přístaviště",49.228127,16.522637,BM
"Brno,Zoologická zahrada",49.22767499999999,16.531519,BM
"Brno,Svratecká",49.217589999999994,16.553789,BM
"Brno,Optátova",49.208328,16.555591,BM
"Brno,Pod Jurankou",49.19895499999999,16.566182,BM
"Brno,Pisárky",49.19353699999999,16.570797,BM
"Býkovice, nákupní středisko Hrnčíř",49.430136999999995,16.538677,BK
Radňoves,49.388153,16.214103,ZR
Vidonín,49.37972299999999,16.221707,ZR
"Vidonín, rozcestí",49.37575799999999,16.220093,ZR
Rozseč,49.36016299999999,16.22195,ZR
Rojetín,49.367422999999995,16.257195,BO
Borovník,49.355849,16.229482,BO
"Vidonín, rozcestí",49.37564199999999,16.220187,ZR
Vidonín,49.37967999999999,16.22178,ZR
Radňoves,49.388153,16.214103,ZR
Nová Ves,49.390693,16.195955,ZR
Heřmanov,49.37984999999999,16.181983,ZR
Milešín,49.368178,16.202088,ZR
"Bystřice nad Pern., zahradnictví",49.525743,16.259495,ZR
"Bystřice nad Pern., Bratrušín",49.514675,16.274628,ZR
"Bystřice nad Pern., Voldán",49.52341100000001,16.266288,ZR
"Bystřice nad Pern., poliklinika",49.524696999999996,16.262204,ZR
"Bystřice nad Pern., hřbitov",49.525922,16.255437,ZR
"Bystřice nad Pern., sídliště II",49.52711599999999,16.250631,ZR
"Bystřice nad Pern., Rovinky",49.527476,16.245665,ZR
"Bystřice nad Pern., Černý vršek",49.52848,16.243963,ZR
"Bystřice nad Pern., Domanínek",49.528599,16.240964,ZR
"Bystřice nad Pern., Domanínek",49.528599,16.240964,ZR
"Bystřice nad Pern., Rovinky",49.527390999999994,16.245642,ZR
"Bystřice nad Pern., DPS",49.525239,16.250362,ZR
"Bystřice nad Pern., hřbitov",49.52572399999999,16.255487,ZR
"Bystřice nad Pern., Masarykovo náměstí",49.523433,16.260112,ZR
"Bystřice nad Pern., lihovar",49.521609,16.260784,ZR
"Bystřice nad Pern., gymnázium",49.51822899999999,16.258915,ZR
"Bystřice nad Pern., u závodu",49.512968,16.252162,ZR
"Bystřice nad Pern., železniční stanice",49.51355999999999,16.24824,ZR
"Bystřice nad Pern., železniční stanice",49.513396,16.248388,ZR
"Bystřice nad Pern., u závodu",49.512832,16.252325,ZR
"Bystřice nad Pern., sídliště I",49.516148999999984,16.260782,ZR
"Bystřice nad Pern., u mostu",49.52161199999999,16.267914,ZR
"Bystřice nad Pern., Domanín, rozcestí",49.52928099999999,16.245932,ZR
"Bystřice nad Pern., Domanín, U Šejnohů",49.538774,16.238101,ZR
"Bystřice nad Pern., Domanín, Jednota",49.54175499999999,16.234444,ZR
"Bystřice nad Pern., Domanín",49.545576999999994,16.228555,ZR
"Bystřice nad Pern., Domanín",49.545433999999986,16.228441,ZR
"Bystřice nad Pern., Domanín, Jednota",49.54154,16.234342,ZR
"Bystřice nad Pern., Domanín, U Šejnohů",49.538551,16.237957,ZR
"Bystřice nad Pern., Domanín, rozcestí",49.52911799999999,16.246052,ZR
"Bystřice nad Pern., Domanínek, rozcestí",49.52965699999999,16.24022,ZR
"Bystřice nad Pern., Domanínek",49.528436,16.240894,ZR
"Bystřice nad Pern., sídliště II",49.52695,16.251027,ZR
"Bystřice nad Pern., Výrobní",49.513852,16.244187,ZR
"Bystřice nad Pern., gymnázium",49.51814399999999,16.2593,ZR
"Bystřice nad Pern., kotelna",49.519362,16.262274,ZR
"Bystřice nad Pern., kulturní dům",49.523275,16.25398,ZR
"Bystřice nad Pern., DPS",49.525364999999994,16.250434,ZR
"Bystřice nad Pern., Novoměstská",49.528048,16.24975,ZR
Lesní Hluboké,49.268357999999985,16.310195,BO
"Brno,Dunajská",49.169618,16.555308,BM
"Brno,Starý Lískovec, smyčka",49.172309,16.553313,BM
"Brno,Tranzitní plynovod",49.174212999999995,16.522313,BM
"Troubsko, Kovopodnik",49.17586599999999,16.511544,BO
"Troubsko, Veselka",49.176912,16.503237,BO
"Popůvky, Vintrovna",49.181101,16.490808,BO
"Popůvky, Náves",49.17811199999999,16.487969,BO
"Troubsko, Kovopodnik",49.175782,16.511673,BO
"Brno,Tranzitní plynovod",49.174004000000004,16.523133,BM
"Brno,Pražská",49.173478,16.531543,BM
"Brno,Skalní",49.17420099999999,16.537903,BM
"Brno,Jemelkova",49.173162999999995,16.54872,BM
"Brno,Starý Lískovec, smyčka",49.170615000000005,16.55427,BM
"Brno,Kurská",49.169492,16.553658,BM
"Brno,Kyjevská",49.168691,16.55053,BM
"Brno,Kyjevská",49.16848999999999,16.550277,BM
"Brno,Kurská",49.16942499999999,16.553551,BM
"Popůvky, Vintrovna",49.181813,16.490518,BO
"Omice, Kývalka",49.190139,16.451061,BO
Říčany,49.214879999999994,16.394307,BO
"Domašov, u hřbitova",49.247148999999986,16.343556,BO
Javůrek,49.25454499999999,16.360777,BO
"Domašov, u hřbitova",49.247228,16.343435,BO
Domašov,49.246262,16.343179,BO
"Rudka, u křížku",49.243433,16.334927,BO
Rudka,49.241572999999995,16.330505,BO
Litostrov,49.22697699999999,16.334207,BO
Litostrov,49.22697699999999,16.334207,BO
Rudka,49.241589999999995,16.330617,BO
"Rudka, u křížku",49.243503,16.335135,BO
"Omice, Kývalka",49.189889,16.452549,BO
Žerůtky,49.44055,16.536667,BK
"Lysice, pohostinství",49.45245299999999,16.53802,BK
Lipůvka,49.338366999999984,16.552513,BK
Všechovice,49.357502999999994,16.494357,BO
"Všechovice, rozcestí",49.35364699999998,16.496813,BO
"Drásov, most",49.337692,16.479953,BO
"Drásov, náměstí",49.33223999999999,16.477885,BO
"Čebín, sídliště",49.316929,16.473444,BO
"Čebín, železniční stanice",49.31947,16.466517,BO
"Čebín, železniční stanice",49.31947,16.466517,BO
"Čebín, sídliště",49.316992000000006,16.474595,BO
"Drásov, Siemens",49.327163999999996,16.476914,BO
"Malhostovice, rozcestí",49.33209,16.499072,BO
"Malhostovice, náměstí",49.33335499999999,16.501977,BO
"Malhostovice, Nuzířov",49.34361199999999,16.522028,BO
"Malhostovice, Nuzířov",49.34361199999999,16.522028,BO
"Malhostovice, náměstí",49.333414999999995,16.502001,BO
"Malhostovice, rozcestí",49.331956,16.498573,BO
Lipůvka,49.339217,16.553087,BK
"Malhostovice, Nuzířov",49.343832,16.521562,BO
"Sentice, obecní úřad",49.311867,16.44775,BO
"Sentice, obecní úřad",49.311867,16.44775,BO
"Čebín, sídliště",49.316601000000006,16.473806,BO
"Drásov, náměstí",49.332414,16.477918,BO
"Drásov, most",49.33765799999998,16.480095,BO
"Všechovice, rozcestí",49.353732999999984,16.496842,BO
"Skalička, hostinec",49.358295000000005,16.514417,BO
"Skalička, chaloupky",49.357521999999996,16.521667,BO
"Skalička, chaloupky",49.35744,16.52149,BO
"Skalička, hostinec",49.358295000000005,16.514417,BO
Všechovice,49.357502999999994,16.494357,BO
"Lomnice, náměstí",49.403366,16.414111,BO
"Strhaře, rozcestí",49.425699,16.425792,BO
Strhaře,49.435563,16.436468,BO
"Strhaře, Žleby, pila",49.42999199999999,16.42821,BO
"Strhaře, Žleby, kamenolom",49.439629999999994,16.425962,BO
"Osiky, rozcestí",49.446017,16.431717,BO
Osiky,49.45657999999999,16.421352,BO
"Osiky, točna",49.454918,16.422437,BO
"Osiky, točna",49.454918,16.422437,BO
Osiky,49.45657999999999,16.421352,BO
Brumov,49.461795,16.42665,BO
"Brumov, rozcestí 0.5",49.455,16.435755,BO
"Osiky, rozcestí",49.446017,16.431717,BO
"Strhaře, Žleby, kamenolom",49.43949,16.425938,BO
"Strhaře, Žleby, pila",49.42988,16.428095,BO
"Strhaře, rozcestí",49.426165999999995,16.426093,BO
Strhaře,49.435563,16.436468,BO
Vohančice,49.321897,16.394181,BO
"Lomnička, u Hamru",49.366001999999995,16.425025,BO
"Lomnička, u Hamru",49.36596699999999,16.425125,BO
Vohančice,49.322136,16.394109,BO
"Bukovice, rozcestí 1.0",49.41412499999999,16.49213,BO
Bukovice,49.407422,16.488207,BO
Rohozec,49.39009699999999,16.483338,BO
Unín,49.38271199999999,16.492318,BO
Hluboké Dvory,49.382973,16.514133,BO
Unín,49.382772,16.492135,BO
Rohozec,49.390135999999984,16.483207,BO
"Tišnov, Jamné",49.375895,16.467695,BO
"Tišnov, Hájek, rozcestí",49.37283299999999,16.465503,BO
"Tišnov, Hájek, Stanovisko rozcestí",49.364936,16.453244,BO
"Železné, u Vitaru",49.35663699999999,16.443642,BO
"Železné, obec",49.36013200000001,16.450265,BO
"Tišnov, Hájek, Stanovisko rozcestí",49.365019999999994,16.453383,BO
"Tišnov, Hájek, rozcestí",49.37283299999999,16.465503,BO
"Tišnov, Jamné",49.376082999999994,16.467665,BO
Hluboké Dvory,49.382973,16.514133,BO
Bukovice,49.407422,16.488207,BO
Rohozec,49.39009699999999,16.482313,BO
Rohozec,49.39009699999999,16.482313,BO
"Dolní Loučky, škola",49.36189799999998,16.353887,BO
"Horní Loučky, obecní úřad",49.367002,16.341372,BO
"Skryje, Arka a.s.",49.38024699999999,16.317942,BO
"Skryje, Boudy",49.384268,16.312363,BO
Skryje,49.392942,16.311338,BO
Skryje,49.392942,16.311338,BO
"Skryje, Boudy",49.384268,16.312363,BO
"Skryje, Arka a.s.",49.38024699999999,16.317942,BO
"Horní Loučky, obecní úřad",49.366983,16.341277,BO
"Dolní Loučky, škola",49.361869999999996,16.353935,BO
"Lomnice, Brusná",49.39324699999998,16.399719,BO
"Dolní Loučky, železniční stanice",49.358402999999996,16.347519,BO
"Újezd u Tišnova, závod",49.361346999999995,16.331313,BO
Újezd u Tišnova,49.36571299999999,16.323337,BO
"Tišnovská Nová Ves, rozcestí",49.367938,16.318267,BO
"Skryje, rozcestí",49.37329799999999,16.315118,BO
Tišnovská Nová Ves,49.383767999999996,16.293142,BO
"Žďárec, náměstí",49.37961700000001,16.267187,BO
Vratislávka,49.38686899999999,16.248586,BO
Vratislávka,49.38674199999999,16.248487,BO
"Žďárec, náměstí",49.379541999999994,16.267252,BO
Tišnovská Nová Ves,49.383767999999996,16.293142,BO
"Jevíčko, stř.ČSAD",49.628988,16.711722,SY
"Jevíčko, nám.",49.63264899999999,16.711559,SY
"Jevíčko, nám.",49.63264899999999,16.711559,SY
"Jevíčko, stř.ČSAD",49.628988,16.711722,SY
"Velké Opatovice, sídliště",49.614487999999994,16.67997,BK
"Boskovice, Bačov, rozc.0.5",49.52298,16.64315,BK
"Sudice, Semíč",49.51398999999999,16.678513,BK
Cetkovice,49.578071,16.721229,BK
"Jevíčko, nám.",49.63264899999999,16.711559,SY
"Jevíčko, uhelné sklady",49.630227999999995,16.729527,SY
"Jaroměřice, u hřiště",49.627572,16.746478,SY
"Jaroměřice, rest.",49.625363,16.751822,SY
"Jaroměřice, Nadevsí",49.623256,16.756777,SY
"Jaroměřice, Nový Dvůr",49.60547699999999,16.762252,SY
"Úsobrno, pila",49.59680999999999,16.761827,BK
"Úsobrno, hostinec",49.59245,16.761761,BK
"Úsobrno, závod",49.584949999999985,16.765969,BK
"Úsobrno, nové domy",49.579562,16.770024,BK
"Horní Štěpánov, rozcestí Skřípov",49.57376299999999,16.793177,PV
"Horní Štěpánov, Nové Sady",49.55867899999999,16.799205,PV
"Horní Štěpánov, u rybníka",49.553146999999996,16.792761,PV
Horní Štěpánov,49.54931599999999,16.790678,PV
"Horní Štěpánov, točna",49.547118999999995,16.78987,PV
"Horní Štěpánov, točna",49.547171,16.789784,PV
Horní Štěpánov,49.549604,16.790951,PV
"Horní Štěpánov, u rybníka",49.553338,16.793163,PV
"Horní Štěpánov, Nové Sady",49.55866499999999,16.799569,PV
"Horní Štěpánov, rozcestí Skřípov",49.57376299999999,16.793177,PV
"Úsobrno, nové domy",49.579562,16.770024,BK
"Úsobrno, závod",49.584949999999985,16.765969,BK
"Úsobrno, hostinec",49.59245,16.761761,BK
"Úsobrno, pila",49.59680999999999,16.761827,BK
"Jaroměřice, Nový Dvůr",49.60537999999999,16.762134,SY
"Jaroměřice, Nadevsí",49.622834,16.7567,SY
"Jaroměřice, rest.",49.625363,16.751822,SY
"Jaroměřice, u hřiště",49.62763,16.746358,SY
"Jevíčko, uhelné sklady",49.630227999999995,16.729527,SY
Cetkovice,49.577920999999996,16.721165,BK
"Cetkovice, MŠ",49.579786999999996,16.723916,BK
"Cetkovice, MŠ",49.579725,16.723669,BK
"Jevíčko, nám.",49.63264899999999,16.711559,SY
"Úsobrno, pila",49.59680999999999,16.761827,BK
Uhřice,49.596349999999994,16.735328,BK
"Cetkovice, MŠ",49.579725,16.723669,BK
Cetkovice,49.578071,16.721229,BK
Cetkovice,49.578071,16.721229,BK
"Cetkovice, MŠ",49.579786999999996,16.723916,BK
Uhřice,49.596307,16.73539,BK
"Velké Opatovice, závod",49.611701999999994,16.685438,BK
"Velké Opatovice, aut.st.",49.610977999999996,16.673748,BK
"Velké Opatovice, Velká Roudka",49.596358,16.658475,BK
"Malá Roudka, rozc.0.5",49.60189799999999,16.647257,BK
"Malá Roudka, Skočova Lhota",49.60648199999999,16.650597,BK
"Malá Roudka, Skočova Lhota",49.606427999999994,16.650618,BK
"Velké Opatovice, Zádvoří",49.61060799999999,16.664828,BK
"Velké Opatovice, aut.st.",49.610977999999996,16.673748,BK
"Velké Opatovice, závod",49.611701999999994,16.685438,BK
"Velké Opatovice, rozcestí",49.614777999999994,16.681521,BK
"Kunštát, nám.",49.507622,16.518695,BK
"Velké Opatovice, aut.st.",49.610977999999996,16.673748,BK
"Velké Opatovice, Zádvoří",49.61065799999999,16.66503,BK
"Velké Opatovice, Brťov",49.61745299999999,16.640338,BK
"Velké Opatovice, Korbelova Lhota",49.617094,16.622986,BK
"Velké Opatovice, Korbelova Lhota",49.617021999999984,16.622936,BK
"Velké Opatovice, Brťov",49.61739299999999,16.640335,BK
"Boskovice, aut.st.",49.491335,16.653383,BK
Chrudichromy,49.502565000000004,16.63396,BK
"Letovice, Podolí",49.530662,16.617167,BK
"Letovice, Alb.Krejčího",49.545812999999995,16.585597,BK
"Letovice, náměstí",49.547116,16.572103,BK
"Letovice, železniční stanice",49.557041999999996,16.571776,BK
"Letovice, železniční stanice",49.557448999999984,16.571615,BK
"Letovice, náměstí",49.546947,16.572014,BK
"Letovice, Tylex",49.53506200000001,16.579303,BK
"Letovice, Zboněk",49.5238,16.585192,BK
"Svitávka, Sasina",49.513671999999985,16.585344,BK
"Svitávka, U labutě",49.50697199999999,16.585785,BK
"Boskovice, aut.st.",49.491338,16.653213,BK
"Boskovice, 17. listopadu",49.489111,16.66161,BK
"Letovice, Meziříčko, dol.konec",49.56109299999999,16.568512,BK
"Letovice, Meziříčko",49.565837,16.556512,BK
"Letovice, Meziříčko, dol.konec",49.56109299999999,16.568512,BK
"Letovice, železniční stanice",49.55727799999999,16.571529,BK
"Letovice, náměstí",49.546947,16.572014,BK
"Letovice, Alb.Krejčího",49.545747999999996,16.585503,BK
"Letovice, Podolí",49.53056899999999,16.617288,BK
Chrudichromy,49.502565000000004,16.63396,BK
"Boskovice, průmyslová zóna",49.49635899999999,16.642474,BK
"Boskovice, aut.st.",49.491335,16.653383,BK
"Letovice, u školy",49.544002,16.58357,BK
"Letovice, Kovošrot",49.55721699999999,16.576127,BK
"Letovice, Třebětín, rozc.",49.558322,16.58323,BK
"Letovice, Třebětín",49.558122,16.589022,BK
"Letovice, Třebětín, rozc.",49.558322,16.58323,BK
"Letovice, Kovošrot",49.557247999999994,16.576063,BK
"Boskovice, aut.st.",49.491338,16.653213,BK
"Svitávka, U labutě",49.506865000000005,16.585852,BK
"Svitávka, Sasina",49.51380799999999,16.585494,BK
"Letovice, Zboněk",49.524156999999995,16.585092,BK
"Letovice, Tylex",49.535585,16.579077,BK
"Horní Bojanovice, ZD",48.940751999999996,16.797445,BV
Horní Bojanovice,48.94911999999999,16.800202,BV
"Ivančice, Hrubšice",49.09312,16.303917,BO
"Horní Bojanovice, rozcestí",48.950253,16.810821,BV
Boleradice,48.967456999999996,16.81428,BV
Boleradice,48.96739799999999,16.814058,BV
"Horní Bojanovice, rozcestí",48.950272,16.811042,BV
Horní Bojanovice,48.948977000000006,16.800073,BV
"Horní Bojanovice, ZD",48.940681999999995,16.797115,BV
"Hustopeče, farma",48.930208,16.765207,BV
"Hustopeče, strojírny",48.933458,16.743864,BV
"Velké Němčice, škola",48.991905,16.67408,BV
Velké Němčice,48.994786999999995,16.67533,BV
"Křepice, škola",48.99856799999999,16.717495,BV
"Křepice, dolní",49.000852,16.723687,BV
"Nikolčice, ZD",48.999731999999995,16.742873,BV
"Nikolčice, obecní úřad",48.99540999999999,16.753522,BV
"Nikolčice, Jednota",48.99249199999999,16.753741,BV
"Nikolčice, rozcestí",48.983923,16.762525,BV
"Kurdějov, u penzionu",48.961986,16.760285,BV
"Kurdějov, most",48.95634999999999,16.762983,BV
"Hustopeče, cihelna",48.94603799999999,16.741071,BV
"Židlochovice, železniční stanice",49.03350699999999,16.616907,BO
"Židlochovice, železniční stanice",49.03350699999999,16.616907,BO
"Židlochovice, železniční stanice",49.033613999999986,16.616961,BO
"Nikolčice, škola",48.996012,16.753956,BV
"Šitbořice, Nikolčická",49.016426,16.775527,BV
"Šitbořice, na kopci",49.011417,16.777987,BV
"Diváky, dílny",48.994063000000004,16.78372,BV
"Diváky, obecní úřad",48.98915499999999,16.788704,BV
"Boleradice, ZD",48.962962,16.82575,BV
"Boleradice, mlýn",48.962641999999995,16.833868,BV
Morkůvky,48.965955,16.861207,BV
"Krumvíř, sokolovna",48.990161,16.908878,BV
"Krumvíř, samota Kumstát",48.99618,16.900578,BV
"Klobouky u Brna, Bohumilice",49.01824399999999,16.893748,BV
"Klobouky u Brna, Bohumilice, rozc.",49.03221299999999,16.884065,BV
"Velké Hostěrádky, obecní úřad",49.031262,16.871652,BV
"Velké Hostěrádky, obecní úřad",49.031262,16.871652,BV
"Klobouky u Brna, Bohumilice, rozc.",49.03213199999999,16.884158,BV
"Klobouky u Brna, Bohumilice",49.018211,16.893697,BV
"Krumvíř, samota Kumstát",48.99606399999999,16.900578,BV
"Krumvíř, sokolovna",48.990172,16.908733,BV
"Klobouky u Brna, náměstí",48.995257,16.857507,BV
Morkůvky,48.966045,16.86111,BV
"Boleradice, mlýn",48.962697999999996,16.83408,BV
"Boleradice, ZD",48.963052,16.825588,BV
"Hustopeče, autobusové nádraží",48.93793399999999,16.735026,BV
"Hustopeče, Svatopluka Čecha",48.936060000000005,16.72967,BV
"Hustopeče, Javorová",48.938219999999994,16.72874,BV
"Hustopeče, Dlouhá",48.93965,16.72776,BV
"Moravany, Hlavní",49.147097,16.578552,BO
"Hustopeče, U Větrolamu",48.94157,16.72454,BV
"Hustopeče, Generála Peřiny",48.941939999999995,16.72221,BV
"Hustopeče, Starovická",48.94337999999999,16.72267,BV
"Hustopeče, Mírová",48.94576000000001,16.72572,BV
"Hustopeče, Žižkova",48.94381,16.73006,BV
"Hustopeče, ZŠ Komenského",48.93993,16.73318,BV
"Nikolčice, Jednota",48.992282,16.754012,BV
"Nikolčice, obecní úřad",48.995219999999996,16.753415,BV
"Hustopeče, u stadionu",48.944199,16.733041,BV
"Hustopeče, autobusové nádraží",48.93815699999999,16.735258,BV
"Hustopeče, Nádražní",48.93537800000001,16.730693,BV
"Hustopeče, Mostárna",48.914318,16.710175,BV
"Šakvice, horní konec",48.899139999999996,16.71285,BV
"Šakvice, obecní úřad",48.896812,16.717432,BV
"Šakvice, obecní úřad",48.896868,16.717445,BV
"Šakvice, horní konec",48.899162,16.712955,BV
"Šakvice, železniční stanice",48.91272899999999,16.707137,BV
"Hustopeče, Mostárna",48.914154999999994,16.710253,BV
"Hustopeče, Nádražní",48.935342999999996,16.731357,BV
"Velké Němčice, obecní úřad",48.991527999999995,16.670904,BV
"Šakvice, železniční stanice",48.912513999999994,16.707526,BV
"Pasohlávky, rozcestí Ivaň",48.91944899999999,16.557974,BO
"Pouzdřany, obecní úřad",48.935484999999986,16.62539,BV
"Pouzdřany, škola",48.941514999999995,16.632115,BV
Popice,48.928354,16.664226,BV
"Popice, rozcestí",48.919413,16.684552,BV
"Hustopeče, plnírna",48.91713299999999,16.703193,BV
"Hustopeče, autobusové nádraží",48.93823999999999,16.735587,BV
"Hustopeče, plnírna",48.91716799999999,16.703175,BV
"Popice, rozcestí",48.91966699999999,16.68427,BV
Popice,48.928484,16.664852,BV
"Pouzdřany, škola",48.941514999999995,16.632115,BV
"Pouzdřany, obecní úřad",48.935522,16.625523,BV
"Mikulov, železniční stanice",48.801587,16.626658,BV
Bavory,48.83573,16.622435,BV
"Dolní Dunajovice, Jednota",48.855323000000006,16.591977,BV
"Dolní Dunajovice, rozcestí",48.851515,16.611086,BV
Perná,48.855185,16.620863,BV
"Perná, samota",48.859628,16.611175,BV
Horní Věstonice,48.875805,16.624663,BV
Dolní Věstonice,48.88825699999999,16.643642,BV
Strachotín,48.905759999999994,16.653695,BV
"Hustopeče, autobusové nádraží",48.93815699999999,16.735258,BV
"Šakvice, železniční stanice",48.912631999999995,16.707338,BV
Strachotín,48.904803,16.65097,BV
Dolní Věstonice,48.888248,16.64335,BV
Horní Věstonice,48.87594299999999,16.624695,BV
"Perná, samota",48.859641999999994,16.611015,BV
Perná,48.855126999999996,16.620733,BV
Bavory,48.83573,16.622435,BV
"Hostěradice, Míšovice",48.962148,16.262093,ZN
"Přítluky, rozcestí",48.86321499999998,16.755603,BV
Rouchovany,49.069278,16.109022,TR
"Moravská Nová Ves, křižovatka",48.802538,17.014731,BV
"Ivančice, Řeznovice, škola",49.084788,16.319825,BO
"Žerotice, Kyjovická",48.925525,16.165198,ZN
"Přítluky, pod věží",48.855301999999995,16.773572,BV
"Rouchovany, učiliště",49.072078000000005,16.10179,TR
"Moravská Nová Ves, železniční stanice",48.800235,17.021555,BV
"Moravany, Bohunická cesta",49.151005999999995,16.583777,BO
"Ivančice, Řeznovice",49.086032,16.323882,BO
"Moravská Nová Ves, křižovatka",48.80274,17.014565,BV
Kyjovice,48.915724999999995,16.16638,ZN
"Slavětice, rozcestí",49.101406999999995,16.084572,TR
"Přítluky, rozcestí",48.863307,16.755598,BV
"Brno,Rozhraní",49.15569799999999,16.592118,BM
"Ivančice, Alexovice, transformátor",49.08973,16.350855,BO
"Mikulčice, cihelna",48.816452,17.047072,HO
Kyjovice,48.915567,16.166742,ZN
"Rešice, restaurace",49.05311799999999,16.172118,ZN
"Přítluky, Nové Mlýny, obalovna",48.86071599999999,16.741484,BV
"Brno,Ořechovská",49.156237999999995,16.599375,BM
"Ivančice, Alexovice",49.090747,16.355893,BO
"Mikulčice, obecní úřad",48.817294999999994,17.051309,HO
"Žerotice, Kyjovická",48.925525,16.165198,ZN
"Rešice, dvůr",49.04861499999999,16.164015,ZN
"Přítluky, Nové Mlýny, Jednota",48.857873,16.731988,BV
"Brno,Ořechovská",49.156237999999995,16.599375,BM
"Ivančice, Němčice, sokolovna",49.094115,16.364562,BO
"Mikulčice, Těšice",48.82157099999999,17.059021,HO
"Znojmo, Přímětice, sklep",48.883437,16.035377,ZN
"Rešice, Kordula, rozcestí",49.061316999999995,16.145907,ZN
"Přítluky, Nové Mlýny, Jednota",48.857832,16.731945,BV
"Brno,Rozhraní",49.15585399999999,16.592288,BM
"Moravské Bránice, u hřbitova",49.086214,16.438976,BO
"Lužice, železniční stanice",48.828748,17.062623,HO
Kadov,48.982414999999996,16.28708,ZN
Rouchovany,49.06914299999999,16.109102,TR
"Přítluky, Nové Mlýny, obalovna",48.860656,16.741951,BV
"Moravany, Bohunická cesta",49.15088999999999,16.583503,BO
"Moravské Bránice, u hřbitova",49.086053,16.438872,BO
"Lužice, zdravotní středisko",48.831648,17.067085,HO
Kadov,48.982225,16.287139,ZN
"Rešice, Kordula, rozcestí",49.061266999999994,16.145897,ZN
"Přítluky, rozcestí",48.86321499999998,16.755603,BV
"Moravany, Hlavní",49.147228,16.578896,BO
Javůrek,49.25454499999999,16.360777,BO
"Lužice, u školy",48.837406,17.06961,HO
"Moravský Krumlov, Rokytná, rozcestí",49.074653,16.326808,ZN
"Rešice, dvůr",49.048557,16.164042,ZN
"Přítluky, pod věží",48.855242,16.77355,BV
"Moravany, Nebovidská",49.147983,16.569237,BO
"Troubsko, Veselka",49.17615500000001,16.504217,BO
"Lužice, obchodní dům",48.841704,17.073242,HO
"Lužice, rozcestí",48.844645,17.082653,HO
"Hodonín, Kapřiska, rybníky",48.848283,17.091655,HO
"Hodonín, Kapřiska",48.852442999999994,17.105602,HO
"Hodonín, u podjezdu",48.85099199999999,17.113628,HO
"Hodonín, autobusové nádraží",48.85427200000001,17.121504,HO
"Hodonín, u podjezdu",48.851105999999994,17.113951,HO
"Hodonín, Kapřiska",48.85238,17.106683,HO
"Hodonín, Kapřiska, rybníky",48.848735,17.09213,HO
"Lužice, rozcestí",48.844761999999996,17.082766,HO
"Lužice, obchodní dům",48.841719999999995,17.073124,HO
"Lužice, u školy",48.83739200000001,17.06947,HO
"Lužice, zdravotní středisko",48.83191500000001,17.06716,HO
"Lužice, železniční stanice",48.82878699999999,17.062433,HO
"Mikulčice, Těšice",48.821433,17.059055,HO
"Mikulčice, obecní úřad",48.817077,17.051029,HO
"Mikulčice, cihelna",48.816452,17.047072,HO
"Moravská Nová Ves, křižovatka",48.802538,17.014731,BV
"Moravská Nová Ves, železniční stanice",48.800235,17.021555,BV
"Moravská Nová Ves, křižovatka",48.80274,17.014565,BV
"Kostice, kaplička",48.747438,16.981248,BV
"Kostice, Břeclavská",48.748845,16.976077,BV
"Prušánky, u mlýna",48.83168699999999,16.971502,HO
"Prušánky, obecní úřad",48.829012,16.981665,HO
"Prušánky, na konci",48.83034299999999,16.986692,HO
"Josefov, u kostela",48.839217999999995,17.009628,HO
"Hodonín, autobusové nádraží",48.854216,17.122016,HO
"Hodonín, Písečný, farma",48.850152,17.067132,HO
"Dolní Bojanovice, dolní zastávka",48.856673,17.03013,HO
"Dolní Bojanovice, horní zastávka",48.862083,17.026193,HO
"Starý Poddvorov, Čekačka",48.876045999999995,16.99798,HO
"Starý Poddvorov, hřiště",48.88143699999999,16.988943,HO
"Starý Poddvorov, obec",48.87851999999999,16.981477,HO
"Nový Poddvorov, rozcestí",48.875899999999994,16.975038,HO
"Čejkovice, Cigánov",48.89723,16.944022,HO
"Čejkovice, Cigánov",48.896972,16.944006,HO
"Nový Poddvorov, rozcestí",48.875902,16.975018,HO
"Nový Poddvorov, obecní úřad",48.870108,16.964092,HO
"Starý Poddvorov, obec",48.878418,16.981513,HO
"Starý Poddvorov, Čekačka",48.875906,16.99806,HO
"Dolní Bojanovice, horní zastávka",48.86186699999999,17.02617,HO
"Dolní Bojanovice, dolní zastávka",48.856503,17.030107,HO
"Hodonín, Písečný, farma",48.850152,17.067132,HO
"Nový Poddvorov, obecní úřad",48.870108,16.964092,HO
"Nový Poddvorov, rozcestí",48.875899999999994,16.975038,HO
"Hodonín, autobusové nádraží",48.854313,17.121944,HO
"Dolní Bojanovice, dolní zastávka",48.855742,17.030135,HO
"Josefov, u kostela",48.839141999999995,17.00938,HO
"Prušánky, na konci",48.83054,16.987172,HO
"Prušánky, obecní úřad",48.828992,16.981312,HO
"Prušánky, u mlýna",48.831737,16.972388,HO
"Dolní Bojanovice, dolní zastávka",48.855376,17.029847,HO
"Čejkovice, V Kratinách",48.90988699999999,16.940367,HO
"Čejč, železniční stanice",48.941642,16.959425,HO
"Čejč, náměstí",48.94640299999998,16.965978,HO
"Čejč, náměstí",48.94568,16.967358,HO
"Čejč, železniční stanice",48.941642,16.959425,HO
"Čejkovice, V Kratinách",48.909523,16.9407,HO
"Nový Poddvorov, rozcestí",48.875902,16.975018,HO
"Břeclav, Charvátská N. Ves, Obránců míru",48.76928699999999,16.84762,BV
"Břeclav, Charvátská Nová Ves, Lednická",48.766570999999985,16.846638,BV
"Břeclav, Charvátská Nová Ves, Palackého",48.762624999999986,16.850728,BV
"Břeclav, Poštorná, Hlavní na konci",48.758925,16.858911,BV
"Břeclav, Poštorná, Valtická",48.75648799999999,16.856492,BV
"Břeclav, Poštorná, Valtická, točna",48.75800499999999,16.849742,BV
"Břeclav, Poštorná, Tovární čtvrť",48.754645,16.849583,BV
"Břeclav, Poštorná, PKZ",48.75190299999999,16.8521,BV
"Břeclav, Poštorná, Nádražní",48.752076,16.85859,BV
"Břeclav, Poštorná, kostel",48.75279199999999,16.867202,BV
"Břeclav, Poštorná, Lesní",48.755925,16.874412,BV
"Břeclav, náměstí TGM, kostel",48.75930699999999,16.880753,BV
"Břeclav, Jana Palacha",48.756029999999996,16.889058,BV
"Břeclav, autobusové nádraží",48.755025999999994,16.893544,BV
"Břeclav, BORS",48.75025,16.893111,BV
"Břeclav, Pohansko, rozcestí",48.749444999999994,16.898955,BV
"Břeclav, Lanžhotská",48.750778,16.903667,BV
"Břeclav, Městský hřbitov",48.750487,16.906895,BV
"Břeclav, Poštorná, Valtická, točna",48.75800499999999,16.849742,BV
"Břeclav, Poštorná, Valtická",48.75662799999999,16.856993,BV
"Břeclav, Poštorná, Hlavní",48.755266999999996,16.863343,BV
"Břeclav, Gumotex",48.751368,16.894587,BV
"Břeclav, Gumotex",48.751368,16.894587,BV
"Břeclav, Pohansko, rozcestí",48.749444999999994,16.898955,BV
"Břeclav, Městský hřbitov",48.750487,16.906895,BV
"Břeclav, Pohansko, rozcestí",48.749456,16.902582,BV
"Břeclav, Gumotex",48.751368,16.894587,BV
"Břeclav, autobusové nádraží",48.755025999999994,16.893544,BV
"Břeclav, Jana Palacha",48.756292,16.888744,BV
"Břeclav, Dům kultury",48.757099999999994,16.884827,BV
"Břeclav, poliklinika",48.752887,16.883923,BV
"Břeclav, náměstí TGM, kostel",48.75930699999999,16.880753,BV
Silůvky,49.105917999999996,16.468362,BO
"Moravský Krumlov, Polánka, rozcestí",49.065987,16.30791,ZN
"Ořechov, kravín",49.10860999999999,16.496173,BO
"Přibyslavice, Radoškov, Spálený mlýn",49.294796999999996,16.288857,BO
"Rakvice, škola",48.85838499999999,16.807148,BV
"Nebovidy, u kostela",49.141636,16.553667,BO
"Rešice, restaurace",49.05303199999999,16.171957,ZN
"Ořechov, Jeřábkova",49.108926999999994,16.512613,BO
"Ořechov, obecní úřad",49.111496999999986,16.51816,BO
"Ořechov, zdravotní středisko",49.11048,16.527158,BO
"Ořechov, tábor",49.110150000000004,16.539909,BO
Hajany,49.110659,16.554994,BO
"Želešice, u dálnice",49.11509199999999,16.569087,BO
"Želešice, u Sulzrů",49.11523,16.574268,BO
"Želešice, hostinec",49.116828,16.581977,BO
"Želešice, na kopci",49.118345,16.592317,BO
"Modřice, železniční stanice",49.133518,16.606731,BO
"Modřice, Husova",49.132153,16.612307,BO
"Modřice, Masarykova",49.130994,16.614563,BO
"Modřice, náměstí",49.127673,16.615841,BO
"Modřice, Za mlýnem",49.130699,16.62476,BO
"Modřice, Drůbežářské závody",49.133319,16.63039,BO
"Modřice, Olympia",49.139506999999995,16.633749,BO
"Modřice, Olympia",49.13927799999998,16.634036,BO
"Modřice, Olympia jih",49.135069,16.633864,BO
"Modřice, Drůbežářské závody",49.13408999999999,16.631493,BO
"Modřice, náměstí",49.127756,16.616081,BO
"Modřice, Masarykova",49.13129599999999,16.614624,BO
"Modřice, Husova",49.132247000000014,16.61201,BO
"Modřice, železniční stanice",49.133918,16.606723,BO
"Želešice, na kopci",49.11809199999998,16.59048,BO
"Želešice, hostinec",49.11691999999999,16.581828,BO
"Želešice, u Sulzrů",49.11531099999999,16.574161,BO
"Želešice, u dálnice",49.115165,16.56894,BO
Hajany,49.11068099999999,16.55513,BO
"Ořechov, tábor",49.110213,16.539938,BO
"Ořechov, zdravotní středisko",49.110487,16.526989,BO
"Ořechov, obecní úřad",49.111534999999996,16.518505,BO
"Ořechov, Jeřábkova",49.10888700000001,16.512248,BO
"Ořechov, kravín",49.108683,16.49674,BO
Silůvky,49.105977,16.468112,BO
"Prštice, rozcestí Hlína",49.113497999999986,16.46853,BO
"Prštice, u zámku",49.117985,16.473368,BO
"Radostice, sokolovna",49.13152199999999,16.477831,BO
"Radostice, Mlýnská silnice",49.135667,16.474973,BO
"Radostice, koupaliště",49.138172,16.467963,BO
"Radostice, u Žemličků",49.14369499999999,16.467485,BO
"Střelice, rozcestí Radostice",49.150501999999996,16.46454,BO
"Střelice, ústav sociální péče",49.151717,16.470265,BO
"Střelice, Vršovice",49.15339699999999,16.480075,BO
"Střelice, nákupní středisko",49.15270199999999,16.494152,BO
"Střelice, obecní úřad",49.152612999999995,16.502885,BO
"Střelice, dolní železniční stanice",49.156018,16.50473,BO
"Ořechov, Jeřábkova",49.108926999999994,16.512613,BO
"Zastávka, železniční stanice",49.18762999999999,16.359105,BO
"Rosice, Brněnská",49.182913,16.39836,BO
"Rosice, STK",49.184703,16.405114,BO
"Brno,Nemocnice Bohunice",49.177064,16.567354,BM
"Brno,Riviéra",49.18711699999999,16.57198,BM
"Brno,Poříčí",49.18740899999999,16.594512,BM
"Brno,Mendlovo náměstí",49.190771,16.593961,BM
"Brno,Mendlovo náměstí",49.18950099999999,16.592556,BM
"Brno,Riviéra",49.18771399999999,16.571057,BM
"Rosice, STK",49.184733,16.404825,BO
"Rosice, Brněnská",49.182964,16.39814,BO
"Zastávka, železniční stanice",49.187163999999996,16.360086,BO
"Zastávka, železniční stanice",49.187553,16.359243,BO
"Zbýšov, Jednota",49.161581999999996,16.342693,BO
"Zakřany, Jednota",49.168713,16.331422,BO
"Zakřany, obecní úřad",49.17039299999998,16.325588,BO
"Zakřany, ZD",49.16918699999999,16.319818,BO
"Lukovany, u kapličky",49.163320999999996,16.3027,BO
"Lukovany, na dolině",49.162995,16.299642,BO
"Lukovany, točna",49.163198,16.295753,BO
"Lukovany, točna",49.163198,16.295753,BO
"Lukovany, na dolině",49.162876,16.299755,BO
"Lukovany, u kapličky",49.16326499999999,16.302909,BO
"Zakřany, ZD",49.16918699999999,16.319818,BO
"Zakřany, obecní úřad",49.17026499999999,16.325898,BO
"Zakřany, Jednota",49.168722,16.331437,BO
"Zbýšov, Jednota",49.161319,16.342814,BO
"Oslavany, Padochov, rozcestí",49.13279200000001,16.35243,BO
"Oslavany, Permonium",49.125765,16.345658,BO
"Ivančice, náměstí",49.102142,16.375093,BO
"Oslavany, aut. st.",49.12068299999999,16.336422,BO
"Oslavany, Permonium",49.125765,16.345658,BO
"Oslavany, Padochov, rozcestí",49.132668,16.352535,BO
"Modřice, Olympia",49.139050999999995,16.63445,BO
"Zastávka, železniční stanice",49.187450999999996,16.359464,BO
Kratochvilka,49.15696,16.37693,BO
"Neslovice, škola",49.14595700000001,16.387267,BO
"Hlína, samota",49.123094,16.421006,BO
Hlína,49.114511,16.427405,BO
Hlína,49.114511,16.427405,BO
"Hlína, samota",49.123189,16.421014,BO
"Neslovice, škola",49.145858,16.387305,BO
Kratochvilka,49.157147,16.376968,BO
"Brno,Hlavní nádraží",49.191893,16.613334,BM
"Brno,Poříčí",49.187182,16.594633,BM
"Ivančice, náměstí",49.102256999999994,16.375358,BO
"Ivančice, Němčice, sokolovna",49.09405300000001,16.364067,BO
"Ivančice, Alexovice",49.0908,16.35581,BO
"Ivančice, Alexovice, transformátor",49.089777,16.350858,BO
"Ivančice, Řeznovice",49.086058,16.323702,BO
"Ivančice, Řeznovice, škola",49.084861,16.319911,BO
"Přibyslavice, Radoškov",49.28399700000001,16.302503,BO
"Moravský Krumlov, Polánka",49.068086,16.304782,ZN
"Nebovidy, dolní konec",49.142128,16.549075,BO
Horní Dubňany,49.06299,16.20141,ZN
"Horní Dubňany, obecní úřad",49.06578,16.203305,ZN
"Rakvice, kostel",48.858799999999995,16.812417,BV
"Brno,Heršpická",49.170472999999994,16.599896,BM
"Rakvice, škola",48.858169999999994,16.806112,BV
"Přibyslavice, obecní úřad",49.279723,16.262893,BO
"Dolní Dubňany, u mostu",49.055432,16.224868,ZN
"Moravský Krumlov, Dřevotvar",49.050571999999995,16.296608,ZN
"Velká Bíteš, náměstí",49.288451999999985,16.227188,ZR
"Nebovidy, rozcestí Střelice",49.144946,16.530984,BO
Dobřínsko,49.053567,16.261008,ZN
"Přítluky, pod věží",48.855301999999995,16.773572,BV
"Moravský Krumlov, u parku",49.044734999999996,16.304072,ZN
"Přibyslavice, obecní úřad",49.27975899999999,16.263054,BO
"Nebovidy, Závist",49.13415,16.529119,BO
"Moravský Krumlov, Dřevotvar",49.04963,16.296103,ZN
"Přítluky, rozcestí",48.863307,16.755598,BV
"Moravský Krumlov, náměstí",49.04861799999998,16.31303,ZN
"Přibyslavice, Radoškov",49.28399700000001,16.302503,BO
"Ořechov, Kerendov",49.117361,16.525717,BO
"Moravský Krumlov, autobusové nádraží",49.048232999999996,16.309639,ZN
"Zaječí, restaurace",48.87331499999999,16.766715,BV
"Moravský Krumlov, Polánka",49.067943,16.304883,ZN
"Přibyslavice, Radoškov, Spálený mlýn",49.294796999999996,16.288857,BO
"Ořechov, orlovna",49.11107299999999,16.526063,BO
"Moravský Krumlov, železniční stanice",49.046189999999996,16.338163,ZN
"Zaječí, mateřská škola",48.87650699999999,16.768907,BV
"Znojmo, autobusové nádraží",48.85175,16.056878,ZN
"Velká Bíteš, Pánov, rozcestí",49.31243099999999,16.284074,ZR
"Ořechov, orlovna",49.111083,16.526193,BO
"Moravský Krumlov, autobusové nádraží",49.048138999999985,16.308817,ZN
"Zaječí, železniční stanice",48.88931199999998,16.78133,BV
"Znojmo, Přímětická, Resslova",48.86778699999999,16.041417,ZN
"Velká Bíteš, Pánov, rozcestí",49.31257299999999,16.283755,ZR
"Ořechov, Kerendov",49.117419999999996,16.52586,BO
"Moravský Krumlov, Dřevotvar",49.049763999999996,16.296087,ZN
"Zaječí, za nádražím",48.89426299999999,16.786972,BV
"Znojmo, Městský lesík",48.873079999999995,16.052093,ZN
Stanoviště,49.23753299999999,16.255663,BO
"Nebovidy, Závist",49.134699999999995,16.528614,BO
Dobřínsko,49.05349199999999,16.260908,ZN
"Velké Pavlovice, autobusové nádraží",48.89779999999999,16.816783,BV
Plaveč,48.929175,16.079838,ZN
Újezd u Rosic,49.222699999999996,16.253958,BO
"Nebovidy, rozcestí Střelice",49.145888,16.532102,BO
"Dolní Dubňany, u mostu",49.055602,16.224795,ZN
"Přítluky, pod věží",48.855242,16.77355,BV
Plaveč,48.929175,16.079838,ZN
"Újezd u Rosic, u kovárny",49.222252999999995,16.248238,BO
"Újezd u Rosic, samota",49.22202,16.238,BO
Hluboké,49.225953000000004,16.22696,TR
"Újezd u Rosic, samota",49.221985,16.238178,BO
"Újezd u Rosic, u kovárny",49.222252999999995,16.248238,BO
Újezd u Rosic,49.22258500000001,16.253528,BO
"Zbraslav, Březina",49.22178799999999,16.283222,BO
Zbraslav,49.220975,16.295838,BO
"Zbraslav, Malinovského",49.21755699999999,16.298735,BO
"Příbram na Moravě, rozc. 2.0",49.20467,16.310028,BO
"Příbram na Moravě, Brodek",49.19832799999999,16.303876,BO
"Příbram na Moravě, Jednota",49.194501,16.302344,BO
"Příbram na Moravě, Brodek",49.198262,16.30392,BO
"Příbram na Moravě, rozc. 2.0",49.20466600000001,16.31052,BO
"Zastávka, Kopečky",49.19611199999999,16.359187,BO
"Zastávka, hotel",49.18857200000001,16.361755,BO
"Zastávka, železniční stanice",49.187450999999996,16.359464,BO
"Zastávka, hotel",49.188325000000006,16.36233,BO
"Zastávka, Kopečky",49.19611199999999,16.359185,BO
"Příbram na Moravě, rozc. 2.0",49.204686999999986,16.310569,BO
"Zbraslav, Malinovského",49.21759499999999,16.298803,BO
Zbraslav,49.221059999999994,16.295778,BO
"Zbraslav, u kostela",49.22247,16.29316,BO
"Zbraslav, Březina",49.221847,16.282463,BO
Újezd u Rosic,49.22261499999999,16.254348,BO
Stanoviště,49.237633,16.255761,BO
"Stanoviště, rozc. 1.0",49.24656499999999,16.262405,BO
"Velká Bíteš, Ludvíkov",49.254636999999995,16.257732,ZR
"Velká Bíteš, Košíkov",49.26929499999999,16.238525,ZR
"Velká Bíteš, Hybešova",49.283285,16.230592,ZR
"Velká Bíteš, náměstí",49.288514000000006,16.226311,ZR
"Velká Bíteš, Hybešova",49.28316499999998,16.23058,ZR
"Velká Bíteš, Košíkov",49.268365,16.239449,ZR
"Velká Bíteš, Ludvíkov",49.254636999999995,16.257732,ZR
"Stanoviště, rozc. 1.0",49.246579999999994,16.262373,BO
"Příbram na Moravě, rozc. 2.0",49.20464799999999,16.310083,BO
Vysoké Popovice,49.18303099999999,16.286381,BO
Vysoké Popovice,49.182639,16.287626,BO
"Újezd u Rosic, u kovárny",49.22241499999999,16.248462,BO
"Újezd u Rosic, samota",49.22202,16.238,BO
Hluboké,49.225953000000004,16.22696,TR
"Újezd u Rosic, samota",49.221985,16.238178,BO
"Újezd u Rosic, u kovárny",49.22241499999999,16.248462,BO
Újezd u Rosic,49.22250799999999,16.253675,BO
Zálesná Zhoř,49.25114700000001,16.291372,BO
"Zálesná Zhoř, hájenka",49.25193499999998,16.278574,BO
"Zálesná Zhoř, hájenka",49.251829,16.278874,BO
"Stanoviště, rozc. 1.0",49.246441,16.263411,BO
"Oslavany, aut. st.",49.12086399999999,16.336553,BO
Čučice,49.140006,16.277489,BO
Ketkovice,49.159099999999995,16.264165,BO
"Ketkovice, kovárna",49.16101799999999,16.26144,BO
"Sudice, rozcestí 1.0",49.180938,16.254808,TR
"Sudice, Výhon",49.18039300000001,16.250333,TR
"Sudice, škola",49.180596,16.240873,TR
"Sudice, náves",49.18233600000001,16.236184,TR
"Rapotice, škola",49.19106,16.255348,TR
"Rapotice, železniční stanice",49.184214999999995,16.256493,TR
"Sudice, rozcestí 1.0",49.180814999999996,16.254748,TR
"Ketkovice, kovárna",49.16101799999999,16.26144,BO
Ketkovice,49.159012999999995,16.264043,BO
"Oslavany, Nová čtvrť",49.128752,16.323032,BO
"Ivančice, náměstí",49.10237999999999,16.375167,BO
"Oslavany, Nová čtvrť",49.128752,16.323027,BO
"Sudice, náves",49.182140999999994,16.2366,TR
"Sudice, škola",49.180598,16.240841,TR
"Sudice, Výhon",49.180356999999994,16.250541,TR
"Ivančice, náměstí",49.102256999999994,16.375358,BO
"Ivančice, škola",49.104430999999984,16.371935,BO
"Moravský Krumlov, náměstí",49.048831,16.312392,ZN
"Moravský Krumlov, škola",49.047594999999994,16.301727,ZN
"Moravský Krumlov, Dřevotvar",49.05065299999999,16.296715,ZN
"Moravský Krumlov, Polánka, rozcestí",49.06635099999999,16.308588,ZN
"Moravský Krumlov, Rokytná, rozcestí",49.074061,16.325503,ZN
"Ivančice, Budkovice",49.073074,16.347399,BO
"Ivančice, Budkovice, rozcestí",49.081994,16.349408,BO
"Moravský Krumlov, Jatky",49.03746699999999,16.311252,ZN
Kadov,48.982225,16.287139,ZN
"Kadov, rozcestí",48.991876999999995,16.277283,ZN
"Sobotovice, rozcestí",49.060587,16.565757,BO
"Horní Dubňany, obecní úřad",49.066018,16.202872,ZN
Horní Dubňany,49.06290700000001,16.201247,ZN
"Tulešice, křižovatka",49.04014,16.20397,ZN
"Znojmo, Přímětická, Resslova",48.86770700000001,16.041465,ZN
Němčičky,49.050735999999986,16.501614,BO
"Rakvice, škola",48.85838499999999,16.807148,BV
"Višňové, škola",48.984007,16.15439,ZN
"Moravský Krumlov, železniční stanice",49.046189999999996,16.338163,ZN
Medlov,49.034707,16.523155,BO
"Višňové, škola",48.984007,16.15439,ZN
"Rakvice, kostel",48.858799999999995,16.812417,BV
"Moravský Krumlov, autobusové nádraží",49.048224999999995,16.309067,ZN
"Trboušany, rozc.",49.044863,16.471283,BO
"Tulešice, křižovatka",49.040052,16.204108,ZN
"Rakvice, kostel",48.858799999999995,16.812417,BV
"Jamolice, mateřská škola",49.072136,16.256433,ZN
"Trboušany, rozc.",49.04486099999999,16.471379,BO
"Višňové, škola",48.984007,16.15439,ZN
"Rakvice, rozcestí",48.865774,16.821992,BV
"Jamolice, restaurace",49.073204999999994,16.249931,ZN
Medlov,49.034707,16.523155,BO
Němčičky,49.050658000000006,16.501667,BO
Rouchovany,49.06914299999999,16.109102,TR
"Rajhrad, železniční stanice",49.08405199999999,16.605,BO
"Rakvice, Trkmanský dvůr, rozcestí",48.86981099999999,16.831636,BV
"Jamolice, lesovna",49.08001,16.239168,ZN
"Rouchovany, Šemíkovice",49.053162,16.112698,TR
"Rakvice, škola",48.858169999999994,16.806112,BV
Holasice,49.077456999999995,16.603721,BO
"Dukovany, obec",49.079628,16.190947,TR
"Újezd, zámeček",49.023122999999984,16.053925,ZN
"Lednice, Nejdek",48.81246,16.775268,BV
"Vojkovice, sídliště",49.054956,16.603962,BO
"Dukovany, rozcestí",49.086452,16.16227,TR
"Běhařovice, obecní úřad",49.003312,16.079588,ZN
"Zaječí, škola",48.87164899999999,16.77396,BV
Vojkovice,49.051898,16.607502,BO
"Dukovany, EDU",49.090318,16.14494,TR
"Běhařovice, Ratišovice",48.99559200000001,16.054553,ZN
"Mikulov, G-centrum",48.797644999999996,16.627705,BV
"Židlochovice, železniční stanice",49.03347399999999,16.617066,BO
Slavětice,49.10369099999999,16.107286,TR
"Běhařovice, Stupešice, prodejna",48.984922999999995,16.075427,ZN
"Mikulov, Supermarket",48.805171,16.626893,BV
Vojkovice,49.052413,16.607022,BO
"Hrotovice, správa silnic",49.10413,16.071902,TR
"Mikulovice, náměstí",48.95651,16.09214,ZN
"Mikulov, Žižkova",48.81587499999999,16.650639,BV
"Vojkovice, sídliště",49.056112,16.604022,BO
"Hrotovice, autobusové nádraží",49.10740799999999,16.060075,TR
"Mikulovice, obecní úřad",48.956243,16.089012,ZN
"Mikulov, Dukelská",48.813407999999995,16.646714,BV
Holasice,49.07855299999999,16.604218,BO
"Hrotovice, autobusové nádraží",49.10740799999999,16.060075,TR
"Rudlice, rozcestí",48.94531,16.07769,ZN
"Mikulov, Pavlovská",48.810735,16.642338,BV
"Rajhrad, železniční stanice",49.08449499999999,16.605152,BO
"Hrotovice, správa silnic",49.103737,16.07245,TR
"Němčičky, rozcestí",48.939467999999984,16.083075,ZN
"Mikulov, Pod Kozím hrádkem",48.808983,16.636108,BV
"Brno,Hlavní nádraží",49.19212999999999,16.613467,BM
Slavětice,49.103403,16.106299,TR
"Němčičky, rozcestí",48.939467999999984,16.083075,ZN
"Mikulov, 22. dubna",48.805487,16.633496,BV
"Měnín, u mlýna",49.085171999999986,16.694708,BO
"Dukovany, EDU",49.090405000000004,16.144991,TR
"Rudlice, rozcestí",48.945316999999996,16.077778,ZN
"Mikulov, Valtická",48.80097899999999,16.644879,BV
"Měnín, ZD",49.091685,16.689643,BO
"Dukovany, rozcestí",49.08640799999999,16.162082,TR
"Mikulovice, obecní úřad",48.956391999999994,16.088923,ZN
"Mikulovice, náměstí",48.956552,16.092185,ZN
"Běhařovice, obecní úřad",49.00333499999999,16.079957,ZN
"Běhařovice, Stupešice, prodejna",48.984842999999984,16.075592,ZN
"Běhařovice, Ratišovice",48.9957,16.05443,ZN
"Újezd, zámeček",49.023143,16.05406,ZN
"Miroslav, Kašenec, točna",48.91918299999999,16.327708,ZN
"Rouchovany, Šemíkovice",49.053162,16.112698,TR
Křepice,48.987162999999995,16.09547,ZN
"Mikulovice, škola",48.95627499999999,16.089503,ZN
"Mikulovice, škola",48.95627499999999,16.089503,ZN
"Želetice, škola",48.93887,16.181972,ZN
"Hrušovany nad Jevišovkou, Lidická, VÚPP",48.831472,16.401928,ZN
"Hrušovany nad Jevišovkou, DAPO",48.83685499999999,16.415297,ZN
"Hrušovany nad Jevišovkou, DAPO",48.83685499999999,16.415297,ZN
"Znojmo, autobusové nádraží",48.851822,16.056986,ZN
"Nový Šaldorf, škola",48.833121999999996,16.06655,ZN
"Nový Šaldorf, autosalon",48.829578,16.062662,ZN
"Znojmo, Konice, pod kopcem",48.829401999999995,16.02747,ZN
"Znojmo, Konice, Jednota",48.832767999999994,16.021028,ZN
"Znojmo, Popice, u hospody",48.82514,16.016247,ZN
"Znojmo, Popice",48.821194999999996,16.015807,ZN
Havraníky,48.809102999999986,16.008998,ZN
Hnanice,48.79685799999999,15.987885,ZN
"Šatov, křižovatka",48.795137,16.00584,ZN
"Šatov, obecní úřad",48.79215199999999,16.014302,ZN
"Šatov, železniční stanice",48.78069500000001,16.025497,ZN
"Šatov, železniční stanice",48.78069500000001,16.025497,ZN
"Šatov, obecní úřad",48.79215199999999,16.014302,ZN
"Šatov, křižovatka",48.795137,16.00584,ZN
Hnanice,48.79685799999999,15.987885,ZN
Havraníky,48.80900200000001,16.009155,ZN
"Znojmo, Popice",48.821070000000006,16.016257,ZN
"Znojmo, Popice, u hospody",48.824299,16.01615,ZN
"Znojmo, Konice, Jednota",48.832669999999986,16.021778,ZN
"Znojmo, Konice, pod kopcem",48.829401999999995,16.02747,ZN
"Nový Šaldorf, autosalon",48.82925199999999,16.062385,ZN
"Nový Šaldorf, škola",48.833233,16.066718,ZN
"Miroslav, autobusové nádraží",48.947248,16.312927,ZN
"Našiměřice, železniční stanice",48.96321699999999,16.35083,ZN
Našiměřice,48.96825799999999,16.372205,ZN
Bohutice,48.989737999999996,16.360072,ZN
"Branišovice, pošta",48.961775,16.428677,BO
Trnové Pole,48.945552,16.409551,ZN
Jiřice u Miroslavi,48.920697,16.39138,ZN
"Žerotice, Kyjovická",48.925525,16.165198,ZN
Kyjovice,48.915567,16.166742,ZN
"Prosiměřice, u bufetu",48.903397999999996,16.190627,ZN
"Prosiměřice, hostinec",48.902423,16.192625,ZN
"Stošíkovice na Louce, rozcestí",48.88933599999999,16.196984,ZN
"Práče, obecní úřad",48.87698499999999,16.202322,ZN
"Lechovice, obecní úřad",48.872568,16.221965,ZN
"Lechovice, zámek",48.874590999999995,16.236258,ZN
"Lechovice, zámek",48.874590999999995,16.236258,ZN
"Lechovice, obecní úřad",48.87255799999999,16.222179,ZN
"Práče, obecní úřad",48.877058,16.202218,ZN
"Prosiměřice, hostinec",48.90271799999999,16.192215,ZN
"Prosiměřice, u bufetu",48.90389299999999,16.190322,ZN
"Nebovidy, dolní konec",49.141952999999994,16.54915,BO
"Nebovidy, u kostela",49.14178299999999,16.554005,BO
"Otmarov, chaloupka",49.101007,16.679762,BO
"Dukovany, obec",49.079628,16.190947,TR
Otmarov,49.100336,16.671844,BO
"Mikulov, Mušlov, rozcestí",48.791033999999996,16.67381,BV
"Jamolice, lesovna",49.079845,16.23923,ZN
"Rajhradice, obalovna",49.096394,16.651454,BO
"Valtice, aut. st.",48.742681999999995,16.755534,BV
"Jamolice, restaurace",49.073472,16.248928,ZN
Rebešovice,49.105028,16.638127,BO
"Valtice, aut. st.",48.742835,16.755635,BV
"Jamolice, mateřská škola",49.07204699999999,16.260135,ZN
"Rebešovice, Horky",49.108966,16.641733,BO
"Valtice, bažantnice",48.752990000000004,16.738786,BV
"Moravský Krumlov, Polánka",49.069054,16.302685,ZN
"Brno,Chrlice, smyčka",49.126855,16.655081,BM
"Mikulov, Valtická",48.801157,16.644686,BV
"Moravský Krumlov, autobusové nádraží",49.048232999999996,16.309639,ZN
"Brno,Chrlice, nádraží",49.132136,16.656638,BM
"Mikulov, Poliklinika",48.80499600000001,16.638546,BV
"Znojmo, autobusové nádraží",48.85175,16.056878,ZN
"Brno,Chrlické náměstí",49.135476000000004,16.653853,BM
"Mikulov, u pošty",48.807667,16.639627,BV
"Znojmo, Přímětická, rozc.k Měst.lesíku",48.87202099999999,16.040636,ZN
"Brno,Chrlické náměstí",49.135304,16.653875,BM
"Mikulov, Žižkova",48.81587499999999,16.650639,BV
"Znojmo, Přímětice, SKLOSTROJ",48.878516999999995,16.037769,ZN
"Brno,Chrlice, nádraží",49.131712,16.656596,BM
"Mikulov, Dukelská",48.813407999999995,16.646714,BV
"Znojmo, Přímětice, sklep",48.88399499999999,16.03535,ZN
"Brno,Chrlice, smyčka",49.126443,16.654784,BM
"Mikulov, Pod Kozím hrádkem",48.808983,16.636108,BV
"Hluboké Mašůvky, rozcestí Plenkovice",48.91926699999999,16.025448,ZN
"Rebešovice, Horky",49.10835599999999,16.64093,BO
"Valtice, aut. st.",48.742817,16.755603,BV
"Hluboké Mašůvky, hostinec",48.92324,16.02542,ZN
Rebešovice,49.10491,16.637941,BO
"Valtice, celnice",48.738876999999995,16.733128,BV
"Hluboké Mašůvky, dolní zastávka",48.927317,16.026523,ZN
"Rajhradice, obalovna",49.096399999999996,16.651802,BO
"Valtice, Úvaly",48.74153299999999,16.705237,BV
"Hluboké Mašůvky, hájenka",48.937037999999994,16.00754,ZN
"Bojanovice, odbočka k pile",48.952237000000004,15.992976,ZN
"Bojanovice, hospodářství ZD",48.96441999999999,15.992052000000001,ZN
"Bojanovice, obecní úřad",48.969103000000004,15.989075000000001,ZN
"Jevišovice, policie",48.983432999999984,15.986802,ZN
"Jevišovice, náměstí",48.987957999999985,15.992685,ZN
"Střelice, požární zbrojnice",48.99419999999999,15.983165,ZN
"Střelice, hájenka",49.004965,15.974225,ZN
"Rozkoš, u kapličky",49.02841,15.976755,ZN
"Rozkoš, Zátiší",49.02838599999999,15.995168,ZN
"Slatina, obecní úřad",49.01996499999999,16.017477,ZN
"Slatina, obecní úřad",49.02011,16.017535,ZN
"Rozkoš, Zátiší",49.028456,15.99512,ZN
"Rozkoš, u kapličky",49.02842199999999,15.976695,ZN
"Střelice, hájenka",49.004965,15.974225,ZN
"Střelice, požární zbrojnice",48.994132,15.983223,ZN
"Jevišovice, náměstí",48.987957999999985,15.992685,ZN
"Jevišovice, policie",48.982867999999996,15.986333000000002,ZN
"Bojanovice, obecní úřad",48.96901199999999,15.989037,ZN
"Bojanovice, hospodářství ZD",48.964362,15.991957000000001,ZN
"Bojanovice, odbočka k pile",48.95208900000001,15.993116,ZN
"Hluboké Mašůvky, hájenka",48.937037999999994,16.00754,ZN
"Hluboké Mašůvky, dolní zastávka",48.928285,16.025942,ZN
"Hluboké Mašůvky, hostinec",48.923025,16.025417,ZN
"Znojmo, Přímětice, sklep",48.883437,16.035377,ZN
"Znojmo, Přímětice, SKLOSTROJ",48.879192,16.037161,ZN
"Znojmo, Přímětická, rozc.k Měst.lesíku",48.87088399999999,16.040562,ZN
"Slatina, horní zastávka",49.02122199999999,16.024315,ZN
"Slatina, Kratochvilka",49.02910499999999,16.031331,ZN
"Slatina, Kratochvilka, křižovatka",49.02984699999999,16.027981,ZN
"Biskupice-Pulkov, Biskupice",49.035937,16.011432,TR
"Biskupice-Pulkov, Pulkov",49.038954999999994,15.987838000000002,TR
"Biskupice-Pulkov, Pulkov",49.038954999999994,15.987838000000002,TR
"Biskupice-Pulkov, Biskupice",49.03616999999999,16.010915,TR
"Slatina, Kratochvilka, křižovatka",49.029918,16.027769,ZN
"Slatina, Kratochvilka",49.029098,16.031127,ZN
"Slatina, horní zastávka",49.02113299999999,16.02401,ZN
"Moravský Krumlov, Rakšice, restaurace",49.03564299999999,16.319732,ZN
"Moravský Krumlov, Durdice",49.038465,16.321257,ZN
"Moravský Krumlov, autobusové nádraží",49.048232999999996,16.309639,ZN
"Moravský Krumlov, železniční stanice",49.046189999999996,16.338163,ZN
"Moravský Krumlov, Durdice",49.038431999999986,16.321177,ZN
"Moravský Krumlov, Retex",49.044953,16.339498,ZN
"Moravský Krumlov, PBS",49.04890999999999,16.339637,ZN
"Moravský Krumlov, Retex",49.04503499999999,16.339452,ZN
"Moravský Krumlov, železniční stanice",49.046189999999996,16.338163,ZN
"Moravský Krumlov, autobusové nádraží",49.048232999999996,16.309639,ZN
"Moravský Krumlov, Rakšice, restaurace",49.035582,16.319585,ZN
"Slavětice, rozcestí",49.101406999999995,16.084572,TR
"Rouchovany, učiliště",49.07206499999999,16.101685,TR
Otmarov,49.100468,16.672571,BO
"Otmarov, chaloupka",49.099909999999994,16.681232,BO
"Měnín, ZD",49.091454999999996,16.689825,BO
"Tvarožná, zemědělské družstvo",49.185906,16.765089,BO
Tvarožná,49.190736,16.770347,BO
"Tvarožná, sokolovna",49.193053,16.776292,BO
Sivice,49.20139399999999,16.783639,BO
"Pozořice, náměstí",49.208923999999996,16.790865,BO
"Pozořice, Velké Lipky",49.20933599999999,16.79656,BO
"Kovalovice, na kopci",49.20613199999999,16.807718,BO
"Valtice, Úvaly, na konci",48.74255099999999,16.699443,BV
"Kovalovice, obecní úřad",49.20473499999999,16.81897,BO
"Kovalovice, Dražka",49.20653299999999,16.824383,BO
"Valtice, Úvaly, na konci",48.742531,16.699388,BV
"Viničné Šumice, obecní úřad",49.212478,16.825983,BO
"Valtice, Úvaly",48.741504,16.706125,BV
"Viničné Šumice, Hradská",49.21438,16.821803,BO
"Valtice, celnice",48.73875499999999,16.733492,BV
"Viničné Šumice, Psénky",49.213833,16.817523,BO
"Valtice, aut. st.",48.742835,16.755635,BV
"Viničné Šumice, točna",49.212717999999995,16.8107,BO
"Valtice, železniční zastávka",48.748318000000005,16.762422,BV
"Modřice, Bobrava, motel",49.10688799999999,16.601436,BO
"Valtice, hřbitov",48.75223,16.765532,BV
"Modřice, Bobrava, střed",49.105064999999996,16.601406,BO
"Hlohovec, obecní úřad",48.773947,16.763177,BV
Kupařovice,49.0421,16.48738,BO
"Hlohovec, rybárna",48.775744999999986,16.77132,BV
"Pravlov, rozc.",49.052803,16.47918,BO
"Hlohovec, Tři Grácie",48.77693299999999,16.78322,BV
"Pravlov, rozc.",49.053198,16.479127,BO
"Lednice, Valtická",48.794951999999995,16.79953,BV
Kupařovice,49.0421,16.48738,BO
"Lednice, Valtická",48.79499799999999,16.799368,BV
"Trboušany, rozc.",49.044788999999994,16.470993,BO
"Hlohovec, Tři Grácie",48.77693299999999,16.78322,BV
"Popovice, železniční stanice",49.10327199999999,16.607659,BO
"Hlohovec, rybárna",48.775765,16.771273,BV
"Popovice, u tratě",49.104277,16.610083,BO
"Hlohovec, obecní úřad",48.773999999999994,16.762987,BV
Popovice,49.106739999999995,16.615093,BO
"Valtice, hřbitov",48.752128,16.765347,BV
"Popovice, u tratě",49.103807,16.608853,BO
"Valtice, železniční zastávka",48.748318000000005,16.762422,BV
"Popovice, železniční stanice",49.103165,16.607278,BO
"Valtice, aut. st.",48.742817,16.755603,BV
"Rajhrad, hospic",49.086061999999984,16.598458,BO
"Dolní Kounice, Nové Kounice",49.07815000000001,16.442558,BO
"Dolní Kounice, u Machových",49.074687999999995,16.447533,BO
"Dolní Kounice, Nové Kounice",49.07823599999999,16.442158,BO
"Modřice, Uhelné sklady",49.118318,16.606162,BO
"Modřice, Agropodnik",49.115717,16.606647,BO
"Modřice, Agropodnik",49.115717,16.606647,BO
"Modřice, Uhelné sklady",49.118377,16.606278,BO
"Rajhrad, železniční stanice",49.084167,16.605135,BO
"Rajhrad, stará pošta",49.087524,16.592133,BO
"Rajhrad, hospic",49.086061999999984,16.598458,BO
"Popovice, železniční stanice",49.10327199999999,16.607659,BO
"Popovice, u tratě",49.104277,16.610083,BO
Popovice,49.106739999999995,16.615093,BO
"Žabčice, sokolovna",49.012877,16.60025,BO
"Vranovice, žel.st.",48.963753,16.605342,BO
"Hustopeče, autobusové nádraží",48.938277,16.73562,BV
"Hustopeče, strojírny",48.933339999999994,16.743946,BV
"Hustopeče, farma",48.930202,16.76548,BV
"Valtice, kasárna",48.72929700000001,16.774025,BV
"Valtice, Boří Dvůr",48.721178,16.8009,BV
"Valtice, Boří Dvůr",48.721178,16.8009,BV
"Valtice, kasárna",48.729323,16.774058,BV
"Mikulov, Supermarket",48.805171,16.626893,BV
"Mikulov, G-centrum",48.797644999999996,16.627705,BV
"Valtice, aut. st.",48.742577999999995,16.755349,BV
"Valtice, nemocnice",48.74289199999999,16.760758,BV
"Valtice, česká čtvrť",48.744598,16.77077,BV
"Valtice, hájenka",48.746255,16.79204,BV
"Břeclav, Poštorná, Valtická",48.75648799999999,16.856492,BV
"Břeclav, autobusové nádraží",48.755025999999994,16.893544,BV
"Břeclav, Poštorná, Valtická",48.75662799999999,16.856993,BV
"Valtice, hájenka",48.746297,16.792048,BV
"Valtice, česká čtvrť",48.74463199999999,16.770488,BV
"Valtice, nemocnice",48.742875000000005,16.76054,BV
"Břeclav, autobusové nádraží",48.755025999999994,16.893544,BV
"Ladná, Mlýnská",48.808398999999994,16.8848,BV
"Ladná, železniční stanice",48.811271999999995,16.880086,BV
"Ladná, škola",48.805405,16.872227,BV
"Ladná, škola",48.805538,16.872084,BV
"Ladná, železniční stanice",48.811344,16.880241,BV
"Ladná, Mlýnská",48.80802099999999,16.885074,BV
"Lednice, Nejdek",48.81246,16.775268,BV
"Podivín, železniční stanice",48.83682300000001,16.853954,BV
"Podivín, mechanizační středisko",48.819530999999984,16.874192,BV
"Podivín, mechanizační středisko",48.81883,16.875166,BV
"Rakvice, U Šutráku",48.852146999999995,16.82116,BV
"Rakvice, U Šutráku",48.851975,16.821487,BV
"Břeclav, autobusové nádraží",48.755025999999994,16.893544,BV
"Lanžhot, u mostu",48.72913199999999,16.973225,BV
"Kostice, Lanžhotská",48.742527,16.97899,BV
"Kostice, obecní úřad",48.74615,16.981497,BV
"Mikulov, u parku",48.80238299999999,16.633735,BV
"Mikulov, Poliklinika",48.80499600000001,16.638546,BV
"Pavlov, rozcestí",48.87873700000001,16.676255,BV
Pavlov,48.87422999999999,16.673607,BV
"Mikulov, kasárna",48.81654300000001,16.650393,BV
"Klentnice, u rybníka",48.84060699999999,16.642663,BV
Klentnice,48.84709999999998,16.645108,BV
"Klentnice, rozcestí",48.851233,16.642915,BV
"Lednice, škola",48.79729299999999,16.806318,BV
"Lednice, Apollo",48.785633,16.82598,BV
"Břeclav, Charvátská Nová Ves, Lednická",48.766570999999985,16.846638,BV
"Břeclav, Poštorná, Hlavní na konci",48.758925,16.858911,BV
"Břeclav, Poštorná, Lesní",48.755925,16.874412,BV
"Břeclav, náměstí TGM, kostel",48.759166,16.88086,BV
"Břeclav, autobusové nádraží",48.755025999999994,16.893544,BV
"Břeclav, autobusové nádraží",48.755025999999994,16.893544,BV
"Břeclav, 1. máje",48.75846099999999,16.878682,BV
"Břeclav, Poštorná, Lesní",48.75556100000001,16.873503,BV
"Břeclav, Poštorná, Hlavní na konci",48.75827499999998,16.859822,BV
"Břeclav, Charvátská Nová Ves, Lednická",48.766933,16.846474,BV
"Lednice, Apollo",48.78546299999999,16.826868,BV
"Lednice, škola",48.79738799999999,16.806348,BV
Pavlov,48.874311999999996,16.673753,BV
"Pavlov, rozcestí",48.878772,16.676297,BV
"Klentnice, rozcestí",48.851233,16.642915,BV
Klentnice,48.846457,16.644852,BV
"Klentnice, u rybníka",48.8411,16.642515,BV
"Mikulov, kasárna",48.815468,16.649948,BV
"Hustopeče, autobusové nádraží",48.93797299999999,16.735107,BV
"Starovičky, průmyslová zóna",48.915141999999996,16.770287,BV
Starovičky,48.90689299999999,16.776048,BV
"Zaječí, rozcestí",48.896982,16.792378,BV
"Velké Pavlovice, autobusové nádraží",48.89781999999999,16.816967,BV
"Rakvice, Trkmanský dvůr",48.867939,16.842711,BV
"Velké Bílovice, Svárov",48.853665,16.882297,BV
"Velké Bílovice, autobusové nádraží",48.851561,16.889229,BV
"Velké Bílovice, na konci",48.843169999999986,16.901316,BV
"Moravský Žižkov, Bílovská",48.835119999999996,16.92289,BV
"Moravský Žižkov, Křižovatka",48.83382799999999,16.932327,BV
"Moravský Žižkov, Benátky",48.828237,16.928976,BV
"Moravský Žižkov, Prechov dvůr",48.82104299999999,16.924814,BV
"Břeclav, Stará Břeclav, křižovatka Ladná",48.779631,16.902514,BV
"Břeclav, Stará Břeclav, Skopalíkova",48.772907,16.891255,BV
"Břeclav, cukrovar",48.763437999999994,16.885312,BV
"Břeclav, náměstí TGM, městský úřad",48.759603,16.88134,BV
"Břeclav, poliklinika",48.752887,16.883923,BV
"Břeclav, autobusové nádraží",48.755025999999994,16.893544,BV
"Břeclav, poliklinika",48.752887,16.883923,BV
"Břeclav, náměstí TGM, městský úřad",48.759922,16.881257,BV
"Břeclav, cukrovar",48.763482999999994,16.886033,BV
"Břeclav, Stará Břeclav, Skopalíkova",48.77287999999999,16.891473,BV
"Břeclav, Stará Břeclav, křižovatka Ladná",48.77954199999999,16.902734,BV
"Moravský Žižkov, Prechov dvůr",48.82086999999999,16.924842,BV
"Moravský Žižkov, Benátky",48.828275,16.929163,BV
"Moravský Žižkov, Křižovatka",48.83382799999999,16.932327,BV
"Moravský Žižkov, Bílovská",48.83541299999999,16.922332,BV
"Velké Bílovice, na konci",48.843267000000004,16.901337,BV
"Velké Bílovice, autobusové nádraží",48.851561,16.889229,BV
"Velké Bílovice, Svárov",48.85375499999999,16.88221,BV
"Rakvice, Trkmanský dvůr",48.867963,16.842804,BV
"Velké Pavlovice, autobusové nádraží",48.897843,16.81716,BV
"Zaječí, rozcestí",48.897064999999984,16.792497,BV
Starovičky,48.908215,16.775562,BV
"Starovičky, průmyslová zóna",48.915001999999994,16.770497,BV
"Břeclav, autobusové nádraží",48.755025999999994,16.893544,BV
"Břeclav, BORS",48.75025,16.893111,BV
"Břeclav, Pohansko, rozcestí",48.749444999999994,16.898955,BV
"Kostice, váha",48.74609199999999,16.924628,BV
"Lanžhot, obchodní středisko",48.72902,16.963417,BV
"Lanžhot, autobusové nádraží",48.725331999999995,16.967657,BV
"Lanžhot, autobusové nádraží",48.725227999999994,16.967318,BV
"Lanžhot, obchodní středisko",48.72889699999999,16.963605,BV
"Kostice, váha",48.746252,16.924458,BV
"Břeclav, Pohansko, rozcestí",48.749456,16.902582,BV
"Velké Pavlovice, gymnázium",48.904000999999994,16.816233,BV
"Břeclav, Gumotex",48.751368,16.894587,BV
"Břeclav, Gumotex",48.751368,16.894587,BV
"Velké Pavlovice, Hodonínská",48.897609,16.823654,BV
"Břeclav, autobusové nádraží",48.755025999999994,16.893544,BV
"Velké Pavlovice, gymnázium",48.90440599999999,16.816718,BV
"Kostice, Břeclavská",48.748757,16.97622,BV
"Kostice, kaplička",48.74743999999999,16.98111,BV
"Tvrdonice, na konci",48.754636999999995,16.987277,BV
"Tvrdonice, náměstí",48.76092599999999,16.992828,BV
"Tvrdonice, Týnecká",48.763728,16.994684,BV
"Týnec, váha",48.77936699999999,17.010084,BV
"Týnec, váha",48.779396999999996,17.009901,BV
"Tvrdonice, Týnecká",48.765202,16.996278,BV
"Tvrdonice, náměstí",48.76084399999999,16.992709,BV
"Tvrdonice, na konci",48.75466,16.987223,BV
"Kostice, obecní úřad",48.746637,16.98163,BV
"Kostice, Lanžhotská",48.742457,16.978895,BV
"Lanžhot, u mostu",48.729017,16.97302,BV
"Velké Pavlovice, Hodonínská",48.898208999999994,16.826237,BV
"Hustopeče, autobusové nádraží",48.93797299999999,16.735107,BV
"Zaječí, za nádražím",48.89426299999999,16.786972,BV
"Zaječí, železniční stanice",48.88931199999998,16.78133,BV
"Zaječí, mateřská škola",48.876436999999996,16.76884,BV
"Zaječí, restaurace",48.87307,16.766507,BV
"Zaječí, škola",48.871683,16.773997,BV
"Popůvky, Vintrovna",49.181645,16.49075,BO
"Ostrovačice, hájenka Na Šípu",49.206445,16.438208,BO
"Ostrovačice, Automotodrom",49.20117499999999,16.44516,BO
"Omice, Kývalka, spojovací",49.190298999999996,16.456016,BO
"Veverské Knínice, horní konec",49.23781799999999,16.396128,BO
Lesní Hluboké,49.268357999999985,16.310195,BO
Domašov,49.246173,16.343352,BO
"Omice, Kývalka, spojovací",49.19051000000001,16.456047,BO
"Ostrovačice, Automotodrom",49.20100299999999,16.445768,BO
"Ostrovačice, hájenka Na Šípu",49.20637,16.438248,BO
Domašov,49.24546699999999,16.343688,BO
Domašov,49.24546699999999,16.343688,BO
"Troubsko, obecní úřad",49.17134899999999,16.506327,BO
"Troubsko, kaplička",49.16892299999999,16.511588,BO
"Troubsko, Nová",49.166464999999995,16.519273,BO
"Troubsko, U dráhy",49.163317,16.526862,BO
"Ostopovice, smyčka",49.164301,16.540971,BO
"Ostopovice, rozcestí",49.163132999999995,16.542749,BO
"Ostopovice, náměstí",49.161088,16.545566,BO
"Ostopovice, Branky",49.159942,16.548414,BO
"Brno,Pod dálnicí",49.163539,16.55541,BM
"Brno,Točná",49.164744999999996,16.561481,BM
"Brno,Čermákova",49.164348999999994,16.564689,BM
"Brno,Svah",49.16492399999999,16.567717,BM
"Brno,Kosmonautů",49.167006,16.568017,BM
"Brno,ZŠ Vedlejší",49.170719000000005,16.569134,BM
"Brno,Vltavská",49.172487,16.564821,BM
"Brno,Labská",49.17151,16.559604,BM
"Brno, Tribuna B",49.20910599999999,16.45304,BM
"Brno, Masarykův okruh",49.20470199999999,16.44722,BM
"Brno, Tribuna B",49.209214,16.453122,BM
"Troubsko, Veselka",49.176058,16.504132,BO
"Brno, Masarykův okruh",49.20470199999999,16.44722,BM
"Brno,Labská",49.17123900000001,16.558849,BM
"Brno,Vltavská",49.172654999999985,16.563983,BM
"Brno,Pod nemocnicí",49.17196500000001,16.56858,BM
"Brno,Kosmonautů",49.16712400000001,16.56745,BM
"Brno,Svah",49.165198999999994,16.567969,BM
"Brno,Čermákova",49.16433599999999,16.565516,BM
"Brno,Točná",49.164759999999994,16.561692,BM
"Brno,Pod dálnicí",49.163512,16.555152,BM
"Ostopovice, Branky",49.159937,16.548801,BO
"Ostopovice, náměstí",49.161082,16.545743,BO
"Ostopovice, rozcestí",49.163046,16.542924,BO
"Ostopovice, smyčka",49.164457,16.540725,BO
"Ostopovice, Lipová",49.16305199999999,16.536032,BO
"Troubsko, U dráhy",49.163195,16.527182,BO
"Troubsko, Lísek",49.171814999999995,16.480037,BO
"Omice, sokolovna",49.17202299999999,16.455087,BO
"Omice, samoobsluha",49.16998000000001,16.451412,BO
"Omice, samoobsluha",49.16998000000001,16.451412,BO
"Omice, sokolovna",49.17196,16.454815,BO
"Troubsko, Lísek",49.171814999999995,16.480037,BO
"Troubsko, obecní úřad",49.170364,16.505743,BO
"Brno,Úzká",49.18893099999999,16.612782,BM
"Brno,Tržní",49.189973,16.632193,BM
"Velatice, Maxlůvka",49.18421099999999,16.752533,BO
Velatice,49.19740399999999,16.753095,BO
"Mokrá-Horákov, rozc.cementárna",49.210133,16.752819,BO
"Mokrá-Horákov, cementárna",49.214096999999995,16.765264,BO
"Mokrá-Horákov, Horákov",49.215796999999995,16.749758,BO
"Mokrá-Horákov, sídliště",49.2211,16.751997,BO
"Mokrá-Horákov, Mokrá",49.22361399999999,16.751436,BO
"Mokrá-Horákov, lom",49.22603999999999,16.756503,BO
"Hostěnice, kasárna",49.233353,16.778908,BO
"Hostěnice, obecní úřad",49.239232,16.771882,BO
"Hostěnice, chaty",49.24187700000001,16.764803,BO
"Hostěnice, obecní úřad",49.239232,16.771882,BO
"Hostěnice, kasárna",49.232903,16.778737,BO
"Hostěnice, rozc.Červený vrch",49.232777,16.795863,BO
"Pozořice, Jezera, vodojem",49.221986999999984,16.797157,BO
"Pozořice, Jezera",49.215547,16.795443,BO
"Pozořice, náměstí",49.209870999999985,16.790286,BO
"Viničné Šumice, točna",49.212717999999995,16.8107,BO
"Viničné Šumice, Psénky",49.213226999999996,16.815287,BO
"Viničné Šumice, Hradská",49.214327000000004,16.821805,BO
"Viničné Šumice, obecní úřad",49.212441999999996,16.82585,BO
"Kovalovice, Dražka",49.206257,16.824293,BO
"Kovalovice, obecní úřad",49.204713000000005,16.818635,BO
"Kovalovice, na kopci",49.20635,16.807393,BO
"Pozořice, Velké Lipky",49.209561,16.798872,BO
"Pozořice, náměstí",49.209870999999985,16.790286,BO
Sivice,49.201271999999996,16.783517,BO
"Tvarožná, sokolovna",49.193067000000006,16.77588,BO
Tvarožná,49.19083899999999,16.770364,BO
"Tvarožná, zemědělské družstvo",49.18588299999999,16.764842,BO
"Brno,Zvonařka",49.18754,16.620139,BM
"Ostopovice, smyčka",49.164457,16.540725,BO
"Střelice, dolní železniční stanice",49.15598700000001,16.50456,BO
"Střelice, obecní úřad",49.15268199999999,16.50322,BO
"Střelice, nákupní středisko",49.15283499999999,16.493768,BO
"Střelice, Vršovice",49.153490000000005,16.480352,BO
"Střelice, ústav sociální péče",49.151681999999994,16.470085,BO
"Střelice, rozcestí Radostice",49.150425,16.46432,BO
"Radostice, u Žemličků",49.14340800000001,16.467097,BO
"Radostice, koupaliště",49.13813,16.46796,BO
"Radostice, Mlýnská silnice",49.135591999999995,16.474967,BO
"Radostice, sokolovna",49.13152199999999,16.477831,BO
"Prštice, u zámku",49.118062999999985,16.473357,BO
"Prštice, rozcestí Hlína",49.11350800000001,16.468452,BO
"Podmolí, náves",48.851562,15.939122,ZN
"Podmolí, u bunkru",48.855708,15.923823,ZN
Lukov,48.863608,15.911417000000002,ZN
"Horní Břečkov, Jednota",48.889914999999995,15.898102000000002,ZN
"Horní Břečkov, Čížov",48.87838,15.87273,ZN
"Horní Břečkov, Čížov",48.87838,15.87273,ZN
"Horní Břečkov, Jednota",48.88988799999999,15.898222000000002,ZN
Lukov,48.863628,15.911313,ZN
"Podmolí, u bunkru",48.855708,15.923823,ZN
"Podmolí, náves",48.851518,15.939178,ZN
Bezkov,48.870542,15.953119999999998,ZN
"Mašovice, u hřbitova",48.856351999999994,15.972185,ZN
"Mašovice, hostinec",48.85838999999999,15.974606999999999,ZN
"Mašovice, lom",48.85813799999999,15.981425,ZN
"Mašovice, dvůr",48.857172,15.987366999999999,ZN
"Znojmo, Hradiště, hájenka",48.85974999999999,16.006106,ZN
"Znojmo, Hradiště, Jednota",48.859833,16.033227,ZN
"Znojmo, Pražská, Policie ČR",48.862898,16.042294,ZN
"Znojmo, Nová nemocnice",48.869322999999994,16.04986,ZN
"Znojmo, Nová nemocnice",48.869596,16.049703,ZN
"Znojmo, Oblekovice, Casino",48.836232,16.06969,ZN
"Nový Šaldorf, škola",48.833121999999996,16.06655,ZN
"Nový Šaldorf, autosalon",48.829578,16.062662,ZN
"Nový Šaldorf, bytovky",48.83165699999999,16.059457,ZN
"Nový Šaldorf, Sedlešovice",48.835727,16.055733,ZN
"Znojmo, Marešov, Melkusova",48.839045,16.061,ZN
"Znojmo, Dukelská, sídliště",48.84055399999999,16.063982,ZN
"Znojmo, Vídeňská, u školy",48.843794,16.060496,ZN
"Znojmo, Vídeňská, SILNICE",48.846603,16.057662,ZN
"Znojmo, autobusové nádraží",48.85290599999999,16.058272,ZN
"Znojmo, ul.28.října",48.85605999999999,16.062547,ZN
"Znojmo, Palackého",48.857735,16.06273,ZN
"Znojmo, nám.Armády",48.85891999999999,16.05853,ZN
"Znojmo, Jarošova",48.86129199999999,16.050787,ZN
"Znojmo, Jubilejní park",48.86361500000001,16.044837,ZN
"Znojmo, Jubilejní park",48.863658,16.044893,ZN
"Znojmo, Jarošova",48.861216999999996,16.05138,ZN
"Znojmo, nám.Armády",48.85899899999999,16.058581,ZN
"Znojmo, Palackého",48.85795,16.062313,ZN
"Znojmo, ul.28.října",48.85649999999998,16.063082,ZN
"Znojmo, autobusové nádraží",48.85301100000001,16.058078,ZN
"Znojmo, Marešov, Melkusova",48.839360000000006,16.062173,ZN
"Znojmo, Melkusova - koupaliště",48.83879799999999,16.058865,ZN
"Nový Šaldorf, Sedlešovice",48.83576,16.055632,ZN
"Nový Šaldorf, bytovky",48.83213299999999,16.059027,ZN
"Nový Šaldorf, autosalon",48.82925199999999,16.062385,ZN
"Nový Šaldorf, škola",48.833233,16.066718,ZN
"Znojmo, Legionářská",48.86778699999999,16.040195,ZN
"Znojmo, Pražská, BILLA",48.86530499999999,16.03805,ZN
"Znojmo, autobusové nádraží",48.85308,16.058158,ZN
"Znojmo, Družstevní, autoservis",48.848031,16.065463,ZN
"Znojmo, Družstevní, DŘEVOTVAR",48.851347999999994,16.068577,ZN
"Znojmo, Dobšická, Autocentrum Psota",48.853636,16.072859,ZN
"Dobšice, sídliště",48.851453,16.078375,ZN
"Dobšice, rest.",48.84842,16.085268,ZN
"Dobšice, pož.zbroj.",48.85050199999999,16.087616,ZN
"Dobšice, pož.zbroj.",48.85050199999999,16.087616,ZN
"Dobšice, rest.",48.848877,16.085832,ZN
"Dobšice, sídliště",48.851622,16.078255,ZN
"Znojmo, Dobšická, Autocentrum Psota",48.85335499999999,16.073875,ZN
"Znojmo, Družstevní, DŘEVOTVAR",48.85086799999999,16.067837,ZN
"Znojmo, Družstevní, autoservis",48.84802,16.065363,ZN
"Znojmo, Brněnská, sídl.",48.843586999999985,16.063,ZN
"Znojmo, autobusové nádraží",48.85290599999999,16.058272,ZN
"Znojmo, Pražská, BILLA",48.86556699999999,16.037785,ZN
"Znojmo, Pražská, Motorest",48.86835,16.034231,ZN
"Znojmo, Gagarinova",48.868693,16.039761,ZN
"Znojmo, nám.Svobody, FIALA",48.85939199999999,16.047855,ZN
"Znojmo, Horní nám.",48.856643,16.04866,ZN
"Znojmo, Albert Brněnská",48.845965,16.066767,ZN
"Znojmo, Vančurova DPS",48.86667299999999,16.045068,ZN
"Znojmo, Oblekovice, Nesachleby",48.83895799999999,16.087715,ZN
"Znojmo, Oblekovice, Bohumilice I",48.83830799999999,16.083646,ZN
"Znojmo, Oblekovice, Bohumilice II",48.83776199999999,16.080437,ZN
"Znojmo, Oblekovice, střed",48.836963,16.074843,ZN
"Dobšice, MŠ",48.848362,16.080587,ZN
"Znojmo, Oblekovice, střed",48.836928,16.074773,ZN
"Znojmo, Oblekovice, Bohumilice II",48.837757999999994,16.079928,ZN
"Znojmo, Oblekovice, Bohumilice I",48.838452,16.083978,ZN
"Znojmo, Oblekovice, Nesachleby",48.83895799999999,16.087715,ZN
"Znojmo, Dukelská, u mostu",48.837954999999994,16.066447,ZN
"Znojmo, Přímětice, točna",48.887593,16.037652,ZN
"Znojmo, Přímětice, točna",48.887593,16.037652,ZN
"Znojmo, Oblekovice, rest.",48.834968,16.068665,ZN
"Znojmo, Oblekovice, točna",48.8319,16.070448,ZN
"Znojmo, Oblekovice, točna",48.8319,16.070448,ZN
"Znojmo, Oblekovice, rest.",48.835024999999995,16.068767,ZN
"Znojmo, Přímětice, SKLOSTROJ",48.878516999999995,16.037769,ZN
"Znojmo, Mramotice, u čekárny",48.90302599999999,15.99921,ZN
"Znojmo, Přímětice, sklep",48.883437,16.035377,ZN
"Znojmo, Přímětice, SKLOSTROJ",48.879192,16.037161,ZN
"Znojmo, Vančurova DPS",48.86667299999999,16.045068,ZN
"Znojmo, autobusové nádraží",48.85297800000001,16.058275,ZN
"Znojmo, Mramotice, u čekárny",48.903058,15.999126000000002,ZN
"Znojmo, Kasárna",48.89097799999999,16.000194,ZN
"Znojmo, Pražská, sídliště",48.86826099999998,16.032958,ZN
"Dobšice, MŠ",48.848388,16.08025,ZN
"Znojmo, Přímětice, K Suchopádu",48.885523,16.042683,ZN
"Znojmo, Kasárna",48.89264099999999,15.999284,ZN
"Plenkovice, u hřiště",48.918335,16.008898,ZN
Habrovany,49.230957999999994,16.87732,VY
"Rousínov, Královopolské Vážany",49.21407799999999,16.869153,VY
"Rousínov, betonárka",49.20730499999999,16.871175,VY
"Rousínov, zdravotní středisko",49.203619999999994,16.87814,VY
"Rousínov, autobusová stanice",49.202991999999995,16.884865,VY
"Rousínov, škola",49.207473,16.88325,VY
"Rousínov, autobusová stanice",49.202991999999995,16.884865,VY
"Rousínov, Rousínovec",49.197257,16.884543,VY
"Rousínov, Kroužek",49.19413999999999,16.895983,VY
"Rousínov, Rousínovec",49.19715500000001,16.884472,VY
"Rousínov, autobusová stanice",49.202991999999995,16.884865,VY
"Rousínov, škola",49.20735799999999,16.883207,VY
"Rousínov, garáže ČSAD",49.205697,16.882879,VY
"Rousínov, Čechyně, náves",49.20823800000001,16.897568,VY
"Rousínov, Slavíkovice",49.19259499999999,16.869697,VY
"Vyškov, U přejezdu",49.269231999999995,16.97795,VY
"Vyškov, Autobusové nádraží",49.275966999999994,16.99143,VY
"Vyškov, Moravská",49.27262999999999,17.007428,VY
"Vyškov, Brňany",49.273756999999996,17.005077,VY
"Vyškov, Tyršova",49.278742,17.006942,VY
"Vyškov, Tržiště",49.280137,17.007122,VY
"Vyškov, Dukelská, nákup. středisko",49.281874999999985,17.001872,VY
"Vyškov, Sochorova",49.286089999999994,17.006353,VY
"Vyškov, Remagg",49.29041,17.01065,VY
"Vyškov, Tovární",49.29408699999999,17.013282,VY
"Vyškov, Fritzmeier",49.293988000000006,17.00977,VY
"Vyškov, Pustiměřská",49.297667,17.008614,VY
"Vyškov, Fritzmeier",49.293988000000006,17.00977,VY
"Vyškov, Tovární",49.29408699999999,17.013282,VY
"Vyškov, Remagg",49.290457,17.010377,VY
"Vyškov, Sochorova",49.285732,17.005867,VY
"Vyškov, Na Vyhlídce",49.283353,17.004368,VY
"Vyškov, Hybešova",49.281545,17.006617,VY
"Vyškov, Agrodům",49.27638199999999,17.003338,VY
"Vyškov, Dvořákova",49.27928499999999,17.00066,VY
"Vyškov, U přejezdu",49.26965,16.978058,VY
"Vyškov, Na Vyhlídce",49.283401999999995,17.004415,VY
"Vyškov, Autobusové nádraží",49.27546,16.991211,VY
"Vyškov, letiště",49.302628,17.022469,VY
"Pustiměř, u kříže",49.31423999999999,17.02913,VY
"Pustiměř, rozcestí",49.319048,17.026062,VY
"Pustiměř, ZŠ",49.32231399999999,17.029593,VY
Drysice,49.33511,17.058455,VY
"Želeč, křižovatka",49.347660999999995,17.092356,PV
Želeč,49.345695,17.097255,PV
"Želeč, křižovatka",49.34800899999999,17.093121,PV
Želeč,49.34609199999999,17.096583,PV
Drysice,49.334548,17.056943,VY
"Pustiměř, ZŠ",49.322404999999996,17.029862,VY
"Pustiměř, rozcestí",49.318965,17.026078,VY
"Pustiměř, u kříže",49.314145,17.02913,VY
"Vyškov, letiště",49.302188,17.021911,VY
"Vyškov, Dukelská, nákup. středisko",49.281822,17.001412,VY
"Vyškov, Autobusové nádraží",49.275403,16.991367,VY
"Pustiměř, náves",49.322992,17.027558,VY
"Pustiměř, kamenolom",49.320556,17.012417,VY
Zelená Hora,49.328982,17.013778,VY
"Podivice, Terezička",49.359022,17.017645,VY
Podivice,49.366493,17.011902,VY
Podivice,49.366493,17.011902,VY
"Podivice, Terezička",49.359022,17.017645,VY
Zelená Hora,49.32921700000001,17.013623,VY
"Pustiměř, kamenolom",49.320556,17.012417,VY
"Radslavice, Radslavičky",49.32715499999999,16.99496,VY
Radslavice,49.323781999999994,17.001822,VY
"Pustiměř, náves",49.322992,17.027558,VY
"Vyškov, Autobusové nádraží",49.27566499999999,16.991721,VY
"Vyškov, Dukelská, u čistírny",49.28061099999999,17.000061,VY
"Hoštice-Heroltice, Heroltice, rozcestí",49.28502999999999,17.057322,VY
"Rybníček, statek",49.277857999999995,17.065532,VY
Rybníček,49.275875000000006,17.072653,VY
"Medlovice, rozcestí",49.27799799999999,17.093088,VY
Švábenice,49.278648,17.122928,VY
Dětkovice,49.272352,17.144485,VY
Pačlavice,49.259808,17.168328,KM
"Pačlavice, Pornice",49.249755,17.182217,KM
"Morkovice-Slížany, Morkovice, náměstí",49.246847,17.205695,KM
"Morkovice-Slížany, Morkovice, náměstí",49.246847,17.205695,KM
"Pačlavice, Pornice",49.249779999999994,17.182426,KM
Pačlavice,49.259808,17.168328,KM
Dětkovice,49.272403,17.144437,VY
Švábenice,49.27873,17.122723,VY
"Medlovice, rozcestí",49.278005,17.092345,VY
Rybníček,49.275875000000006,17.072653,VY
"Rybníček, statek",49.277857999999995,17.065532,VY
"Hoštice-Heroltice, Heroltice, rozcestí",49.285142,17.057323,VY
"Vyškov, sídliště Víta Nejedlého statek",49.303283,16.989897,VY
"Hoštice-Heroltice, Heroltice, náves",49.28574999999999,17.058213,VY
"Hoštice-Heroltice, Hoštice, kostel",49.287322,17.065606,VY
"Ivanovice na Hané, aut. st.",49.30459299999999,17.088863,VY
"Ivanovice na Hané, Žižkova",49.30681799999999,17.095633,VY
"Ivanovice na Hané, u Škrku",49.301192,17.09391,VY
"Ivanovice na Hané, Fischer",49.294996,17.095678,VY
"Ivanovice na Hané, Fischer",49.29507999999999,17.095866,VY
"Ivanovice na Hané, u Škrku",49.30117299999999,17.093988,VY
"Ivanovice na Hané, Žižkova",49.30681799999999,17.095633,VY
"Ivanovice na Hané, aut. st.",49.304557,17.08873,VY
"Hoštice-Heroltice, Hoštice, kostel",49.28738599999999,17.06563,VY
"Hoštice-Heroltice, Heroltice, náves",49.28574999999999,17.058213,VY
"Medlovice, rozcestí",49.27735599999998,17.092286,VY
Medlovice,49.27314299999999,17.093413,VY
Radslavice,49.32388799999999,17.001725,VY
"Medlovice, rozcestí",49.277485999999996,17.092374,VY
"Ivanovice na Hané, aut. st.",49.30459299999999,17.088863,VY
"Osvětimany, ZD",49.056377,17.243733,UH
Orlovice,49.240532999999985,17.094317,VY
"Moravské Málkovice, u koupaliště",49.25251699999999,17.092942,VY
Moravské Málkovice,49.257815,17.090555,VY
"Ivanovice na Hané, aut. st.",49.304557,17.08873,VY
Osvětimany,49.05585,17.24943,UH
Medlovice,49.27314299999999,17.093413,VY
"Osvětimany, ZD",49.056377,17.243733,UH
Moravské Málkovice,49.25769999999999,17.090655,VY
"Vřesovice, Paseky",49.05953,17.219705,HO
"Moravské Málkovice, u koupaliště",49.252466999999996,17.092912,VY
Vřesovice,49.058897,17.215132,HO
Orlovice,49.240532999999985,17.094317,VY
Labuty,49.04658299999999,17.212358,HO
"Ivanovice na Hané, Chvalkovice na Hané",49.319143000000004,17.114828,VY
"Skalka, ZD",49.03822,17.207225,HO
"Ivanovice na Hané, aut. st.",49.304557,17.08873,VY
Skalka,49.03522,17.208543,HO
"Vranovice-Kelčice, Kelčice, pod mostem",49.403114999999985,17.104593,PV
"Kyjov, Zahradní",49.01601199999999,17.127543,HO
"Želeč, křižovatka",49.348004,17.093212,PV
"Kyjov, náměstí TGM",49.00998799999999,17.122645,HO
"Vyškov, sídliště Víta Nejedlého statek",49.303283,16.989897,VY
"Kyjov, Bohuslavice, rozcestí",49.04267299999999,17.119217,HO
"Znojmo, autobusové nádraží",48.85308,16.058158,ZN
"Kyjov, Bohuslavice",49.049703,17.123475,HO
"Kyjov, Bohuslavice, železniční stanice",49.05532699999999,17.11939,HO
"Pozořice, škola",49.206951999999994,16.797233,BO
"Mokrá-Horákov, lom",49.22575,16.75752,BO
"Mokrá-Horákov, lom",49.226116999999995,16.756382,BO
"Mokrá-Horákov, Mokrá",49.223592,16.751325,BO
"Mokrá-Horákov, sídliště",49.22107199999999,16.75173,BO
"Mokrá-Horákov, Horákov",49.215635999999996,16.749739,BO
"Mokrá-Horákov, rozc.cementárna",49.210003,16.752575,BO
Velatice,49.197461,16.753006,BO
"Velatice, Maxlůvka",49.18409199999999,16.752442,BO
"Mokrá-Horákov, cementárna",49.214096999999995,16.765264,BO
"Hostěnice, chaty",49.24187700000001,16.764803,BO
"Pozořice, Jezera",49.215403,16.795607,BO
"Pozořice, náměstí",49.209464,16.791047,BO
"Pozořice, Jezera, vodojem",49.221986999999984,16.797157,BO
"Hostěnice, rozc.Červený vrch",49.232777,16.795863,BO
"Hostěnice, kasárna",49.232903,16.778737,BO
"Hostěnice, obecní úřad",49.239232,16.771882,BO
"Pozořice, škola",49.206951999999994,16.797233,BO
"Brno,Zetor - smyčka",49.199363,16.670546,BM
"Adamov, železniční stanice",49.29566199999999,16.663783,BK
"Adamov, železniční zastávka",49.30101299999998,16.650518,BK
"Blansko, aut. st.",49.353635,16.647153,BK
"Blansko, aut. st.",49.35208099999999,16.648323,BK
"Adamov, železniční zastávka",49.30139299999999,16.649932,BK
"Adamov, železniční stanice",49.29568,16.663547,BK
"Adamov, obchodní dům",49.301892,16.652313,BK
Babice nad Svitavou,49.27798899999999,16.672916,BO
"Brno,Tomkovo náměstí",49.213779999999986,16.637429,BM
"Brno,Štefánikova čtvrť",49.21695799999999,16.627543,BM
"Brno,Lesná, nádraží",49.22050599999999,16.629716,BM
"Brno,Lesná, nádraží",49.220103,16.629452,BM
"Brno,Štefánikova čtvrť",49.217287999999996,16.627693,BM
"Brno,Tomkovo náměstí",49.213606,16.637271,BM
Babice nad Svitavou,49.27787,16.672975,BO
"Adamov, obchodní dům",49.30190700000001,16.651922,BK
"Brno,Haškova",49.23358799999999,16.623836,BM
"Brno,Loosova",49.231570999999995,16.618938,BM
"Brno,Fillova",49.22934699999999,16.616979,BM
"Brno,Slavíčkova",49.225820999999996,16.617957,BM
"Brno,Halasovo náměstí",49.223139999999994,16.622438,BM
"Brno,Poliklinika Lesná",49.222410999999994,16.625672,BM
"Brno,Merhautova",49.21485,16.627477,BM
"Brno,Gajdošova",49.198679999999996,16.645552,BM
"Brno,Otakara Ševčíka",49.19457799999999,16.646459,BM
"Brno,Škroupova",49.19198500000001,16.647843,BM
"Brno,Opuštěná",49.18587699999999,16.61397,BM
"Brno,Křídlovická",49.185396,16.600706,BM
"Brno,Mendlovo náměstí",49.19068,16.593469,BM
"Brno,Křížkovského",49.187129999999996,16.58669,BM
"Brno,Velodrom",49.18439699999999,16.577003,BM
"Brno,Bauerova",49.186038999999994,16.574405,BM
"Brno,Pisárky",49.19345199999999,16.569802,BM
"Brno,Anthropos",49.19346099999999,16.565902,BM
"Brno,Pod Jurankou",49.19937099999999,16.566405,BM
"Brno,Veslařská",49.202697,16.565265,BM
"Brno,Jundrov, hřiště",49.204651,16.560232,BM
"Brno,Jundrovský most",49.209437,16.556755,BM
"Brno,Vozovna Komín",49.214283,16.559705,BM
"Brno,Hlavní",49.216719999999995,16.560289,BM
"Brno,Štursova",49.21585399999999,16.564522,BM
"Brno,Rosického náměstí",49.21488099999999,16.568313,BM
"Brno,Přívrat",49.21864699999999,16.574085,BM
"Brno,Záhřebská",49.219845,16.580415,BM
"Brno,Skácelova",49.22163,16.585935,BM
"Brno,Slovanské náměstí",49.222774,16.591332,BM
"Brno,Husitská",49.22385099999999,16.594116,BM
"Brno,Královo Pole, nádraží",49.229217999999996,16.596271,BM
"Brno,Kociánka",49.225574999999985,16.601869,BM
"Brno,Královopolská strojírna",49.22394799999999,16.60736,BM
"Brno,Divišova čtvrť",49.22351299999999,16.613676,BM
"Brno,U tunýlku",49.22268799999999,16.617771,BM
"Brno,Stará osada",49.202951999999996,16.642173,BM
"Brno,Židenice, nádraží",49.203337999999995,16.636772,BM
"Brno,Stará osada",49.202294,16.642001,BM
"Brno,Dělnický dům",49.195559,16.650177,BM
"Brno,Karolíny Světlé",49.203721,16.694074,BM
"Brno,Juliánov",49.19612399999999,16.654392,BM
"Brno,Malá Klajdovka",49.199045,16.662888,BM
"Brno,Čejkovická",49.200492999999994,16.661793,BM
"Brno,Bořetická",49.201495,16.658055,BM
"Brno,Mutěnická",49.20395100000001,16.654889,BM
"Brno,Pálavské náměstí",49.20537999999999,16.658103,BM
"Brno,Bzenecká",49.205822,16.661645,BM
"Brno,Mikulovská",49.205499999999994,16.665833,BM
"Brno,Elplova",49.210484,16.675106,BM
"Brno,Podbělová",49.213881,16.681661,BM
"Brno,Molákova",49.212872999999995,16.686835,BM
"Brno,Náměstí Karla IV.",49.20611299999999,16.69444,BM
"Ždánice, šroubárna",49.057331999999995,17.025485,HO
"Kožušice, točna",49.156771,17.187265,VY
"Znojmo, Vídeňská, Na Rejdišti",48.849859,16.054839,ZN
"Brno,Muzeum dopravy",49.20104499999999,16.69455,BM
Ždánice,49.06451699999999,17.029768,HO
"Znojmo, Průmyslová, KERAMIKA",48.850139999999996,16.056777,ZN
"Brno,Letecká",49.19760300000001,16.695882,BM
Kožušice,49.157687,17.18727,VY
"Ždánice, škola",49.06719399999999,17.027832,HO
"Znojmo, Průmyslová, u lávky",48.852728,16.061258,ZN
"Brno,Holzova",49.194703,16.696956,BM
Malínky,49.159158,17.161372,VY
"Ždánice, zdravotní středisko",49.06388499999999,17.026308,HO
"Znojmo, Dobšická, u hřbitova",48.85559599999999,16.065935,ZN
"Brno,Malečkova",49.18583,16.69265,BM
"Brankovice, křižovatka",49.153328,17.135862,VY
"Ždánice, zdravotní středisko",49.06388499999999,17.026308,HO
"Znojmo, Dobšická, u Baumaxu",48.854324,16.07057,ZN
"Suchohrdly, zahrádky",48.859809999999996,16.077679,ZN
"Suchohrdly, rozvodna",48.861647999999995,16.081228,ZN
"Suchohrdly, prodejna",48.866397,16.089328,ZN
"Suchohrdly, škola",48.86870699999999,16.094515,ZN
"Kuchařovice, Jednota",48.875607,16.079357,ZN
"Kuchařovice, u kostela",48.876276999999995,16.076195,ZN
"Kuchařovice, Dřevotvar",48.87821,16.070403,ZN
"Kuchařovice, Dřevotvar",48.878103,16.069962,ZN
"Kuchařovice, u kostela",48.87604699999999,16.076592,ZN
"Kuchařovice, H&M",48.875313000000006,16.08157,ZN
"Suchohrdly, škola",48.868638,16.094435,ZN
"Suchohrdly, prodejna",48.86642500000001,16.089202,ZN
"Suchohrdly, rozvodna",48.861754,16.081495,ZN
"Suchohrdly, zahrádky",48.85980899999999,16.077593,ZN
"Znojmo, Dobšická, u Baumaxu",48.85435699999999,16.070676,ZN
"Znojmo, Průmyslová, u hřbitova",48.855377999999995,16.064425,ZN
"Znojmo, Průmyslová, u lávky",48.852157999999996,16.060239,ZN
"Znojmo, Průmyslová, KERAMIKA",48.850066999999996,16.056775,ZN
"Znojmo, Vídeňská, Na Rejdišti",48.849968999999994,16.054989,ZN
"Znojmo, autobusové nádraží",48.85297800000001,16.058275,ZN
"Znojmo, nám.Komenského",48.856635999999995,16.052978,ZN
"Znojmo, nám.Svobody, lázně",48.860635,16.049485,ZN
"Znojmo, Pražská, Policie ČR",48.863104,16.042081,ZN
"Znojmo, Hradiště, Jednota",48.859801,16.03282,ZN
"Znojmo, Hradiště, Jednota",48.859833,16.033227,ZN
"Znojmo, Pražská, Policie ČR",48.862898,16.042294,ZN
"Znojmo, nám.Svobody, lázně",48.860434999999995,16.049027,ZN
"Znojmo, nám.Komenského",48.85640599999999,16.053424,ZN
"Znojmo, Lužická",48.856165000000004,16.058256,ZN
"Znojmo, autobusové nádraží",48.85297800000001,16.058275,ZN
"Znojmo, Přímětická, rest.BRISTOL",48.863636,16.044149,ZN
"Znojmo, Přímětická SOU",48.86544399999999,16.043497,ZN
"Znojmo, Přímětická, Resslova",48.867856999999994,16.041419,ZN
"Znojmo, Přímětická, rozc.k Měst.lesíku",48.87202099999999,16.040636,ZN
"Znojmo, Přímětice, Krystal Park",48.875836,16.039445,ZN
"Znojmo, Přímětice, sídliště",48.878614,16.034285,ZN
"Znojmo, Přímětice, hřbitov",48.88318999999999,16.033075,ZN
"Znojmo, Přímětice, sklep",48.88399499999999,16.03535,ZN
"Znojmo, Přímětice, Plenkovická",48.888119999999994,16.031658,ZN
"Znojmo, Mramotice, u hřbitova",48.90213399999999,16.005581,ZN
"Znojmo, Mramotice, u školky",48.90424,16.001594,ZN
"Kravsko, u hřbitova",48.917812,15.991620000000001,ZN
"Kravsko, u kovárny",48.92035699999999,15.987076999999998,ZN
"Kravsko, rozcestí k závodu",48.92266699999999,15.987343000000001,ZN
"Plenkovice, Jednota",48.920131999999995,16.000155,ZN
"Plenkovice, u rybníka",48.91849499999999,16.002367,ZN
"Plenkovice, u rybníka",48.91849499999999,16.002367,ZN
"Plenkovice, Jednota",48.920159999999996,16.000765,ZN
"Kravsko, rozcestí k závodu",48.922689999999996,15.98726,ZN
"Kravsko, u kovárny",48.920427,15.987047,ZN
"Kravsko, u hřbitova",48.917758,15.991655,ZN
"Znojmo, Mramotice, u školky",48.90358,16.002172,ZN
"Znojmo, Přímětice, Plenkovická",48.888139,16.031596,ZN
"Znojmo, Přímětice, sklep",48.88363999999999,16.035145,ZN
"Znojmo, Přímětice, hřbitov",48.883534999999995,16.033161,ZN
"Znojmo, Přímětice, sídliště",48.878523,16.034627,ZN
"Znojmo, Přímětice, Krystal Park",48.874855000000004,16.039725,ZN
"Znojmo, Přímětická, rozc.k Měst.lesíku",48.87088399999999,16.040562,ZN
"Znojmo, Přímětická, Resslova",48.867687999999994,16.041435,ZN
"Znojmo, Přímětická, rest.BRISTOL",48.863465,16.044078,ZN
"Znojmo, autobusové nádraží",48.85301100000001,16.058078,ZN
"Znojmo, Vídeňská, SILNICE",48.847311,16.056876,ZN
"Znojmo, Vídeňská, u školy",48.843182999999996,16.060932,ZN
"Znojmo, Dukelská, sídliště",48.840702,16.06361,ZN
"Znojmo, Dukelská, u mostu",48.837405,16.066682,ZN
"Znojmo, Oblekovice, Casino",48.836171,16.069478,ZN
"Znojmo, autobusové nádraží",48.851686,16.05677,ZN
"Znojmo, nám.Svobody, lázně",48.86065,16.049732,ZN
"Znojmo, Pražská, Policie ČR",48.863104,16.042081,ZN
"Znojmo, Hradiště, Jednota",48.859801,16.03282,ZN
"Znojmo, Hradiště, hájenka",48.859818999999995,16.006194,ZN
"Mašovice, dvůr",48.857172,15.987366999999999,ZN
"Mašovice, lom",48.858185,15.981373000000001,ZN
"Mašovice, hostinec",48.858462,15.974767,ZN
"Mašovice, u hřbitova",48.85638499999999,15.972112000000001,ZN
Bezkov,48.870591999999995,15.953017,ZN
"Podmolí, u bytovky",48.85095,15.942112,ZN
"Kojátky, Šardičky",49.174402,17.030752,VY
"Karlín, farma",48.983167,16.974167,HO
"Brno,Slatina, rozcestí",49.181651,16.691965,BM
Karlín,48.975567999999996,16.977232,HO
Karlín,48.97561799999999,16.977372,HO
"Brno,Krejčího",49.17749599999999,16.690785,BM
"Karlín, farma",48.983167,16.974167,HO
"Kojátky, dědina",49.171662,17.028202,VY
"Brno,Přemyslovo náměstí",49.176456,16.687324,BM
"Ždánice, Suchý řádek",49.071065,17.023728,HO
"Kojátky, Kaštanov",49.169502999999985,17.023095,VY
"Brno,Křehlíkova",49.174794,16.685267,BM
"Ždánice, Červený Kříž",49.096755,17.019377,HO
"Bučovice, Černčín",49.156217999999996,17.028398,VY
"Brno,Řípská",49.17282899999999,16.682244,BM
"Bučovice, Kloboučky, točna",49.13112299999999,17.01126,VY
"Bučovice, Černčín, ZD",49.15532,17.021122,VY
"Brno,U viaduktu",49.13875,16.659846,BM
"Brno,Chrlické náměstí",49.135906,16.65314,BM
"Brno,Šromova",49.13376000000001,16.650299,BM
"Brno,Zámecká",49.13277599999999,16.642479,BM
"Modřice, Decathlon",49.137598,16.637297,BO
"Modřice, XXXLutz",49.138934,16.637262,BO
"Modřice, Olympia",49.139255,16.63429,BO
"Modřice, Decathlon",49.137598,16.637297,BO
"Modřice, XXXLutz",49.138934,16.637262,BO
"Brno,Zámecká",49.132518,16.642875,BM
"Brno,Šromova",49.13398,16.651446,BM
"Brno,Chrlické náměstí",49.13576700000001,16.653213,BM
"Brno,U viaduktu",49.139248,16.66101,BM
"Brno,Řípská",49.172528,16.682138,BM
"Brno,Křehlíkova",49.174839,16.685145,BM
"Brno,Přemyslovo náměstí",49.17628899999999,16.687296,BM
"Brno,Krejčího",49.177440999999995,16.690968,BM
"Brno,Slatina, rozcestí",49.182737999999986,16.691982,BM
"Brno,Malečkova",49.185666999999995,16.692678,BM
"Brno,Holzova",49.19489699999998,16.696973,BM
"Brno,Letecká",49.19781199999999,16.695816,BM
"Brno,Muzeum dopravy",49.20177699999999,16.694455,BM
"Brno,Náměstí Karla IV.",49.20636300000001,16.694621,BM
"Brno,Jírova",49.20989099999999,16.688265,BM
"Brno,Molákova",49.21260199999999,16.687063,BM
"Brno,Podbělová",49.214048999999996,16.681384,BM
"Brno,Elplova",49.210409,16.674871,BM
"Brno,Mikulovská",49.20631099999999,16.664823,BM
"Brno,Bzenecká",49.20611699999999,16.660595,BM
"Brno,Pálavské náměstí",49.20611999999999,16.657682,BM
"Brno,Mutěnická",49.20298999999999,16.654796,BM
"Brno,Bořetická",49.201326,16.659292,BM
"Brno,Čejkovická",49.200177999999994,16.662528,BM
"Brno,Malá Klajdovka",49.199214,16.662929,BM
"Brno,Juliánov",49.19641300000001,16.655783,BM
"Brno,Dělnický dům",49.195559,16.64956,BM
"Brno,Gajdošova",49.198286,16.645995,BM
"Brno,Stará osada",49.20173100000001,16.642184,BM
"Brno,Židenice, nádraží",49.20226899999999,16.635893,BM
"Brno,Ericha Roučky",49.175788999999995,16.668403,BM
"Brno,Vlastimila Pecha",49.17975,16.662407,BM
"Brno,Těžební",49.182639,16.656437,BM
"Brno,Ořešín",49.276395999999984,16.606576,BM
"Brno,Pluháčkova",49.27499999999999,16.60418,BM
"Brno,Ořešínská",49.273549,16.599992,BM
"Brno,Jehnice",49.27150399999999,16.595734,BM
"Brno,Kleštínek",49.269264,16.595883,BM
"Brno,Skrejš",49.26160999999999,16.594921,BM
"Brno,Mokrá Hora",49.258095,16.593594,BM
"Brno,Jandáskova",49.255891999999996,16.589946,BM
"Brno,Horácké náměstí",49.247353,16.582415,BM
"Brno,Letovická",49.24499599999999,16.588131,BM
"Brno,Žitná",49.239847999999995,16.588552,BM
"Brno,Kořískova",49.238699,16.586215,BM
"Brno,Žitná",49.24032699999999,16.58827,BM
"Brno,Letovická",49.246793,16.587057,BM
"Brno,Horácké náměstí",49.248178,16.58231,BM
"Brno,Královka",49.25596199999999,16.586547,BM
"Brno,Maříkova",49.259136999999996,16.580434,BM
"Brno,Ivanovice, Globus",49.26282599999998,16.5783,BM
"Brno,Ivanovice, Globus",49.262789999999995,16.57768,BM
"Brno,Maříkova",49.259514,16.579139,BM
"Brno,Královka",49.256124,16.586215,BM
"Brno,Jandáskova",49.25576399999999,16.589854,BM
"Brno,Mokrá Hora",49.258421,16.593716,BM
"Brno,Skrejš",49.26254099999999,16.595778,BM
"Brno,Kleštínek",49.269597000000005,16.596029,BM
"Brno,Jehnice",49.271252000000004,16.595823,BM
"Brno,Ořešínská",49.27335899999999,16.599601,BM
"Brno,Ořešín",49.27653099999999,16.606752,BM
"Blansko, aut. st.",49.35208099999999,16.648323,BK
"Brno,Náměstí 28. října",49.202201,16.613634,BM
"Brno,Hlavní nádraží",49.193857,16.61451,BM
"Brno,Hlavní nádraží",49.19368099999999,16.614196,BM
"Brno,Náměstí 28. října",49.201496999999996,16.614016,BM
"Brno,Hlavní nádraží",49.191815,16.613991,BM
"Blansko, aut. st.",49.353680999999995,16.646564,BK
"Rousínov, autobusová stanice",49.202991999999995,16.884865,VY
"Rousínov, EDP",49.19784199999999,16.877389,VY
"Rousínov, EDP",49.19777199999999,16.877368,VY
"Rousínov, autobusová stanice",49.202991999999995,16.884865,VY
"Rousínov, zdravotní středisko",49.20368500000001,16.878213,VY
"Rousínov, betonárka",49.207362999999994,16.871207,VY
"Rousínov, Královopolské Vážany",49.214166999999996,16.869172,VY
"Rousínov, Vítovice",49.218105,16.848654,VY
Habrovany,49.231837999999996,16.877673,VY
"Olšany, lom",49.240303,16.866715,VY
Olšany,49.248937,16.863638,VY
"Vyškov, Hraničky",49.278838,16.987545,VY
"Olšany, lom",49.240513,16.866533,VY
"Bučovice, Kloboučky, škola",49.13377499999999,17.006257,VY
"Bučovice, aut. st.",49.148056999999994,17.001665,VY
"Bučovice, Kloboučky, škola",49.13368299999999,17.006302,VY
"Bučovice, Kloboučky, točna",49.13112299999999,17.01126,VY
"Ždánice, Červený Kříž",49.096795,17.019282,HO
"Ždánice, Suchý řádek",49.07107799999999,17.02368,HO
"Kyjov, Langobardská",49.00428399999999,17.108918,HO
"Kyjov, nemocnice, křižovatka",49.007137,17.113345,HO
"Kyjov, nadjezd",49.007619999999996,17.11903,HO
"Kyjov, aut. st.",49.006463,17.124008,HO
"Kyjov, náměstí TGM",49.00998799999999,17.122645,HO
"Kyjov, Újezd, škola",49.01058799999999,17.13151,HO
"Kyjov, Újezd, Dvořákova",49.013239999999996,17.133735,HO
"Kyjov, smuteční síň",49.01557199999999,17.134788,HO
"Kyjov, sídliště Karla Čapka",49.01814799999999,17.134067,HO
"Bučovice, železniční stanice",49.146185,17.000292,VY
"Kyjov, Nětčice, obecní dům",49.01915199999999,17.128983,HO
"Kyjov, Zahradní",49.01601199999999,17.127543,HO
"Bučovice, aut. st.",49.148056999999994,17.001665,VY
"Kyjov, poliklinika",49.01467199999999,17.125657,HO
"Kojátky, Kaštanov",49.169502999999985,17.023095,VY
"Kyjov, gymnázium",49.01176199999999,17.12633,HO
"Kojátky, dědina",49.171662,17.028202,VY
"Kyjov, u fary",49.00904700000001,17.128765,HO
"Bučovice, Černčín, ZD",49.15532,17.021122,VY
"Kyjov, Palackého",49.00814299999999,17.130642,HO
"Koryčany, závod",49.111706999999996,17.169467,KM
"Kyjov, aut. st.",49.006675,17.124582,HO
"Koryčany, závod",49.11169499999999,17.169497,KM
"Kyjov, nadjezd",49.007619999999996,17.11903,HO
"Střílky, náměstí",49.14249499999999,17.211307,KM
"Kyjov, nemocnice, křižovatka",49.00725,17.113458,HO
"Brankovice, železniční stanice",49.150708,17.133665,VY
"Kyjov, Langobardská",49.00428499999999,17.108917,HO
"Střílky, náměstí",49.14249499999999,17.211307,KM
"Kyjov, ČSAD",49.01993199999999,17.124135,HO
"Brankovice, železniční stanice",49.150708,17.133665,VY
"Kyjov, Boršov",49.025162,17.122555,HO
"Žarošice, Zdravá Voda, osada",49.068144999999994,16.951918,HO
"Kyjov, Boršov, horní zastávka",49.029765,17.121605,HO
"Žarošice, za školou",49.03791999999999,16.961528,HO
"Kyjov, aut. st.",49.006715,17.124547,HO
"Kyjov, Boršov, horní zastávka",49.02972199999999,17.121369,HO
"Kostelec, točna",49.026817,17.152758,HO
"Kyjov, Boršov",49.025162,17.122555,HO
Moravany,49.03938999999998,17.16802,HO
"Kyjov, ČSAD",49.01993199999999,17.124135,HO
"Moravany, Moštěnská",49.037068,17.17237,HO
"Kyjov, aut. st.",49.006522999999994,17.124417,HO
"Hýsly, Moštěnice, dvůr",49.02998,17.180055,HO
"Svatobořice-Mistřín, Mistřín",48.97174,17.080342,HO
Hýsly,49.023666999999996,17.183032,HO
"Šardice, Padělky",48.963713,17.049882,HO
"Kelčany, ZSP",49.012325,17.184113,HO
"Šardice, ZD",48.96215699999999,17.04396,HO
"Kelčany, u sklepů",49.01265999999999,17.176467,HO
"Šardice, u kapličky",48.961946999999995,17.03349,HO
"Kyjov, nemocnice",49.00684499999999,17.11013,HO
Šardice,48.963971,17.028606,HO
"Kyjov, nemocnice",49.007061,17.111463,HO
"Hovorany, důl",48.956725,17.010222,HO
"Hovorany, zdravotní středisko",48.94974899999999,16.981078,HO
"Hovorany, kostel",48.954818,16.998017,HO
"Hovorany, škola",48.953908,16.984808,HO
"Hovorany, škola",48.953233,16.983643,HO
"Hovorany, kostel",48.954572999999996,16.99834,HO
"Hovorany, zdravotní středisko",48.949955999999986,16.981331,HO
"Svatobořice-Mistřín, železniční stanice",48.975225,17.096794,HO
"Kyjov, aut. st.",49.006463,17.124008,HO
"Kelčany, u sklepů",49.01255299999998,17.176447,HO
"Kelčany, ZSP",49.012325,17.184113,HO
Hýsly,49.02409299999999,17.183113,HO
"Hýsly, Moštěnice, dvůr",49.030195,17.180302,HO
"Moravany, Moštěnská",49.037032999999994,17.172578,HO
Moravany,49.039392,17.168022,HO
Žádovice,49.01597499999999,17.195902,HO
"Ježov, u Šupalového",49.02443999999999,17.20635,HO
"Ježov, zdravotní středisko",49.026497,17.21014,HO
"Ježov, škola",49.024393,17.213237,HO
"Žeravice, obecní úřad",49.02319299999999,17.236705,HO
"Ježov, zdravotní středisko",49.026387,17.20933,HO
"Ježov, u Šupalového",49.024516999999996,17.206255,HO
Žádovice,49.015823,17.195413,HO
"Kelčany, obecní úřad",49.00539200000001,17.173913,HO
"Vlkoš, křižovatka",48.990221,17.164082,HO
"Svatobořice-Mistřín, železniční stanice",48.975367,17.096775,HO
"Kyjov, Palackého",49.00814299999999,17.130642,HO
"Kyjov, u fary",49.008947,17.128812,HO
"Kyjov, gymnázium",49.01176199999999,17.12633,HO
"Kyjov, poliklinika",49.01467199999999,17.125657,HO
"Kyjov, železniční stanice",49.01598299999999,17.12357,HO
"Rohatec, u školy",48.876334,17.181989,HO
"Kyjov, sklárna",49.00343999999999,17.129063,HO
"Kyjov, letiště",48.98263299999999,17.129503,HO
"Milotice, drůbežárna",48.97231,17.133374,HO
"Ratíškovice, rozcestí Tomáš",48.927729,17.158287,HO
"Kyjov, železniční stanice",49.01554600000001,17.122803,HO
"Hodonín, Rudolfa Filipa, sídliště",48.85941699999999,17.137738,HO
"Strážnice, Úprkova",48.90301699999999,17.31951,HO
"Dubňany, Horní Huť",48.926363,17.08807,HO
"Bzenec, Přívoz, železniční stanice",48.93644499999999,17.28984,HO
"Kyjov, aut. st.",49.006748,17.124315,HO
"Vlkoš, křižovatka",48.990268,17.164206,HO
"Kelčany, obecní úřad",49.00539200000001,17.173913,HO
"Ježov, škola",49.024393,17.213237,HO
"Kyjov, Bohuslavice, železniční stanice",49.05532699999999,17.11939,HO
"Kyjov, Bohuslavice",49.049703,17.123475,HO
"Kyjov, Bohuslavice, rozcestí",49.042658,17.11904,HO
"Kyjov, Nětčice, obecní dům",49.01915199999999,17.128983,HO
"Kyjov, sídliště Karla Čapka",49.01814799999999,17.134067,HO
"Kyjov, smuteční síň",49.01557199999999,17.134788,HO
"Kyjov, Újezd, Dvořákova",49.013239999999996,17.133735,HO
"Kyjov, Újezd, škola",49.01058799999999,17.13151,HO
"Kyjov, traktorka",49.00318299999999,17.115903,HO
"Kyjov, traktorka",49.003660999999994,17.115737,HO
"Kyjov, železniční stanice",49.015372,17.122685,HO
"Strážnice, aut. st.",48.898154999999996,17.316033,HO
"Strážnice, Radějovská",48.893444,17.312679,HO
"Strážnice, Vinohrady",48.883081,17.320048,HO
"Radějov, škola",48.861775,17.340116,HO
Radějov,48.857550999999994,17.346814,HO
Radějov,48.857711999999985,17.346683,HO
"Radějov, škola",48.86221099999999,17.340169,HO
"Strážnice, Vinohrady",48.883081,17.320048,HO
"Strážnice, Radějovská",48.8936,17.312618,HO
"Strážnice, aut. st.",48.898113,17.316106,HO
"Strážnice, ZŠ Marie Kudeříkové",48.90082099999999,17.312421,HO
Skalka,49.035245,17.208693,HO
"Skalka, ZD",49.038252,17.207423,HO
Labuty,49.04659199999999,17.212272,HO
Vřesovice,49.05869499999999,17.215023,HO
"Vřesovice, Paseky",49.05943299999999,17.21966,HO
"Hovorany, důl",48.95668299999999,17.010608,HO
Šardice,48.96401699999999,17.028398,HO
"Šardice, u kapličky",48.96188700000001,17.033457,HO
"Šardice, ZD",48.962023,17.043865,HO
"Šardice, Padělky",48.964031999999996,17.051408,HO
"Svatobořice-Mistřín, Mistřín",48.97173500000001,17.080763,HO
"Ratíškovice, rozcestí Tomáš",48.927849,17.158381,HO
"Milotice, drůbežárna",48.97231,17.133374,HO
"Kyjov, letiště",48.98263299999999,17.129503,HO
"Kyjov, sklárna",49.00452999999999,17.129338,HO
"Kyjov, železniční stanice",49.015685,17.122964,HO
"Kyjov, železniční stanice",49.015139999999995,17.122814,HO
"Kyjov, železniční stanice",49.01598299999999,17.12357,HO
"Hvězdlice, Nové Hvězdlice, rozcestí",49.19128099999999,17.094312,VY
"Uhřice, na návsi",49.17142299999999,17.078962,VY
"Uhřice, rozcestí",49.163226999999985,17.067172,VY
Milonice,49.158131999999995,17.072158,VY
"Nesovice, požární zbrojnice",49.15065499999999,17.08152,VY
"Nesovice, železniční stanice",49.149095,17.079312,VY
"Nesovice, čerpací stanice",49.149638,17.080161,VY
"Nevojice, točna",49.137013,17.047757,VY
"Bučovice, Vícemilice",49.14096999999999,17.018388,VY
"Nesovice, železniční stanice",49.149095,17.079312,VY
"Nesovice, obecní úřad",49.148807999999995,17.082913,VY
"Nesovice, Kotáry",49.14911699999999,17.092515,VY
Snovídky,49.13304,17.10617,VY
"Nemotice, železniční stanice",49.13415,17.116908,VY
Nemotice,49.12968,17.124725,VY
"Mouchnice, Na Požárech",49.116308,17.135068,HO
Mouchnice,49.112052,17.135112,HO
"Koryčany, náměstí",49.106224999999995,17.163642,KM
"Koryčany, náměstí",49.106097999999996,17.163237,KM
Mouchnice,49.112142,17.135145,HO
"Mouchnice, Na Požárech",49.11636499999999,17.135258,HO
Nemotice,49.129713,17.125008,VY
"Nemotice, železniční stanice",49.134107,17.116798,VY
Snovídky,49.133112999999994,17.106213,VY
"Nesovice, Kotáry",49.14915299999999,17.092268,VY
"Nesovice, obecní úřad",49.14848200000001,17.082872,VY
"Nesovice, železniční stanice",49.149095,17.079312,VY
"Milonice, Roštoutky, statek",49.178395,17.05641,VY
"Milonice, Roštoutky, statek",49.178187,17.056393,VY
"Uhřice, na návsi",49.17142199999999,17.07905,VY
"Bohdalice-Pavlovice, Bohdalice",49.213978,17.030328,VY
"Brankovice, křižovatka",49.153315,17.136175,VY
Malínky,49.159147999999995,17.160988,VY
Kožušice,49.157644999999995,17.187003,VY
"Kozojídky, ZD",48.913841999999995,17.397474,HO
Kozojídky,48.919036999999996,17.398442,HO
"Veselí nad Moravou, železárny",48.946538,17.38756,HO
"Veselí nad Moravou, Purkyňova",48.94998999999999,17.387078,HO
"Strážnice, Úprkova",48.90301699999999,17.31951,HO
"Břeclav, Poštorná, PKZ",48.752024999999996,16.85198,BV
"Mikulov, Hliniště",48.81352799999999,16.645689,BV
"Mikulov, Gagarinova",48.81309499999999,16.633689,BV
"Mikulov, BOSCH",48.80681799999999,16.621321,BV
"Mikulov, BOSCH",48.80681799999999,16.621321,BV
"Slavkov u Brna, aut. st.",49.149057000000006,16.876562,VY
"Holubice, Curdík",49.17436800000001,16.822201,VY
"Holubice, obecní úřad",49.177279999999996,16.813577,VY
"Holubice, u mostu",49.179309999999994,16.806387,VY
"Brno,ÚAN Zvonařka",49.185363999999986,16.616151,BM
"Holubice, u mostu",49.17937499999999,16.806448,VY
"Holubice, obecní úřad",49.177275,16.813585,VY
"Holubice, Curdík",49.17480200000001,16.823674,VY
"Slavkov u Brna, aut. st.",49.148507,16.876218,VY
Vážany nad Litavou,49.130573,16.855832,VY
"Vážany nad Litavou, u mlýna",49.128988,16.851545,VY
Hrušky,49.12919699999999,16.834168,VY
"Křenovice, u hřbitova",49.140392000000006,16.827567,VY
"Křenovice, Sokolská",49.143181999999996,16.830647,VY
"Křenovice, hor. žel. st.",49.14336999999999,16.825192,VY
Hrušky,49.129169999999995,16.83418,VY
"Vážany nad Litavou, u mlýna",49.128887999999996,16.851483,VY
Vážany nad Litavou,49.130573,16.855832,VY
"Slavkov u Brna, aut. st.",49.148773,16.876167,VY
"Slavkov u Brna, Agrozávod",49.14953199999999,16.853298,VY
"Křenovice, dol. žel. st.",49.14293,16.831158,VY
"Křenovice, u hřbitova",49.14043999999999,16.827468,VY
Zbýšov,49.129972,16.809325,VY
Šaratice,49.11699300000001,16.8025,VY
Hostěrádky-Rešov,49.11735699999999,16.785195,VY
Hostěrádky-Rešov,49.117267999999996,16.785517,VY
Šaratice,49.11690999999998,16.802618,VY
Zbýšov,49.12998199999999,16.809457,VY
"Křenovice, dol. žel. st.",49.142898,16.831243,VY
"Slavkov u Brna, Agrozávod",49.149505,16.853373,VY
"Slavkov u Brna, aut. st.",49.149061999999994,16.876128,VY
"Slavkov u Brna, aut. st.",49.149061999999994,16.876128,VY
"Otnice, Na Konci",49.089499999999994,16.806318,VY
"Otnice, host. U Marků",49.08703,16.812928,VY
"Otnice, dělnický dům",49.08279700000001,16.818933,VY
Lovčičky,49.06821999999998,16.84938,VY
Lovčičky,49.06821999999998,16.84938,VY
"Otnice, dělnický dům",49.08279799999999,16.818935,VY
"Otnice, host. U Marků",49.08721099999999,16.812819,VY
"Otnice, Na Konci",49.08965799999999,16.805781,VY
"Slavkov u Brna, aut. st.",49.149061999999994,16.876128,VY
"Slavkov u Brna, poliklinika",49.15621999999999,16.879133,VY
"Slavkov u Brna, MEZ",49.15321,16.886185,VY
"Slavkov u Brna, Cutisín",49.153278,16.892047,VY
"Němčany, točna",49.168502,16.919492,VY
"Němčany, obecní úřad",49.165137,16.920447,VY
"Němčany, u kovárny",49.161736999999995,16.918137,VY
"Hodějice, u mostu",49.142563,16.911732,VY
"Hodějice, točna",49.14025,16.919782,VY
"Hodějice, točna",49.14025,16.919782,VY
"Hodějice, u mostu",49.142563,16.911732,VY
"Slavkov u Brna, Cutisín",49.15335699999999,16.892018,VY
"Slavkov u Brna, MEZ",49.153317,16.885882,VY
"Slavkov u Brna, aut. st.",49.148773,16.876167,VY
"Slavkov u Brna, aut. st.",49.148775,16.876165,VY
"Hodějice, rozc.",49.149575,16.915073,VY
"Křižanovice, u přejezdu",49.145083,16.940023,VY
"Bučovice, Marefy, rozc. Letonice",49.15194699999999,16.971307,VY
"Bučovice, jatky",49.15388,16.987918,VY
"Bučovice, aut. st.",49.148056999999994,17.001665,VY
"Bučovice, jatky",49.15394799999999,16.987,VY
"Bučovice, Marefy, žel. st.",49.149528,16.973338,VY
"Letonice, u kaple",49.17208699999999,16.9639,VY
"Letonice, obecní úřad",49.17740499999999,16.959468,VY
"Dražovice, na kopci",49.191844999999994,16.947008,VY
Dražovice,49.19335699999999,16.943533,VY
"Podbřežice, rozc.",49.208225,16.920522,VY
Podbřežice,49.21193699999999,16.928283,VY
"Komořany, obecní úřad",49.216303,16.907113,VY
"Komořany, EDP",49.218855,16.905082,VY
"Velešovice, Za Mlýnem",49.18795,16.838875,BO
"Kovalovice, Stará pošta",49.184841,16.825092,BO
"Komořany, EDP",49.219033,16.90472,VY
"Komořany, obecní úřad",49.216333,16.907,VY
"Podbřežice, rozc.",49.208098,16.920515,VY
Dražovice,49.19331700000001,16.94385,VY
"Dražovice, na kopci",49.191843000000006,16.947002,VY
"Letonice, obecní úřad",49.177406999999995,16.959458,VY
"Letonice, u kaple",49.17206000000001,16.963823,VY
"Bučovice, aut. st.",49.148056999999994,17.001665,VY
"Bučovice, Marefy, náves",49.14641499999998,16.970065,VY
"Křižanovice, žel. st.",49.14485,16.935032,VY
"Křižanovice, pož. zbrojnice",49.14368799999999,16.938483,VY
"Křižanovice, u Mlejnku",49.139065,16.937902,VY
"Rašovice, u křížku",49.12424299999999,16.942548,VY
"Rašovice, škola",49.121055,16.948153,VY
"Rašovice, škola",49.121055,16.948153,VY
"Rašovice, u křížku",49.12424299999999,16.942548,VY
"Křižanovice, u Mlejnku",49.139149999999994,16.937913,VY
"Křižanovice, pož. zbrojnice",49.14364499999999,16.938488,VY
"Břeclav, Poštorná, Lesní",48.75556100000001,16.873503,BV
"Břeclav, Poštorná, kostel",48.752872,16.867193,BV
"Břeclav, Poštorná, Nádražní",48.75212899999999,16.858145,BV
"Břeclav, Poštorná, PKZ",48.752024999999996,16.85198,BV
"Břeclav, Poštorná, Tovární čtvrť",48.75478,16.849615,BV
"Břeclav, Poštorná, Valtická, točna",48.75800499999999,16.849742,BV
"Břeclav, Poštorná, Hlavní na konci",48.75827499999998,16.859822,BV
"Břeclav, Charvátská Nová Ves, Palackého",48.762624999999986,16.850728,BV
"Břeclav, Charvátská Nová Ves, Lednická",48.766933,16.846474,BV
"Břeclav, Charvátská N. Ves, Obránců míru",48.76928699999999,16.84762,BV
"Břeclav, poliklinika",48.752887,16.883923,BV
"Břeclav, autobusové nádraží",48.755025999999994,16.893544,BV
"Břeclav, Poštorná, Jana Skácela",48.74991000000001,16.869345,BV
"Břeclav, Poštorná, Hraniční",48.745568,16.871008,BV
"Břeclav, Poštorná, FOSFA",48.74112999999999,16.870569,BV
"Břeclav, Poštorná, FOSFA",48.74112999999999,16.870569,BV
"Břeclav, Poštorná, Hraniční",48.745568,16.871008,BV
"Břeclav, Poštorná, Jana Skácela",48.74991000000001,16.869345,BV
"Břeclav, Poštorná, Hlavní",48.755266999999996,16.863343,BV
"Břeclav, autobusové nádraží",48.755025999999994,16.893544,BV
"Břeclav, autobusové nádraží",48.755025999999994,16.893544,BV
"Břeclav, Průmyslová škola",48.75595,16.884447,BV
"Břeclav, náměstí TGM, městský úřad",48.759603,16.88134,BV
"Břeclav, cukrovar",48.763482999999994,16.886033,BV
"Břeclav, Stará Břeclav, Domov seniorů",48.76807199999999,16.887118,BV
"Břeclav, Stará Břeclav, kulturní dům",48.774249999999995,16.886928,BV
"Břeclav, Stará Břeclav, u parku",48.77527299999999,16.890122,BV
"Břeclav, Stará Břeclav, křižovatka Ladná",48.779631,16.902514,BV
"Břeclav, Stará Břeclav, J. Moláka",48.77740699999999,16.897259,BV
"Břeclav, Stará Břeclav, Vinohradní",48.775502,16.89345,BV
"Břeclav, Stará Břeclav, Skopalíkova",48.772907,16.891255,BV
"Břeclav, Stará Břeclav, Lidická",48.767779999999995,16.890053,BV
"Břeclav, cukrovar",48.763437999999994,16.885312,BV
"Břeclav, náměstí TGM, městský úřad",48.759603,16.88134,BV
"Břeclav, Dům kultury",48.757099999999994,16.884827,BV
"Břeclav, Průmyslová škola",48.75595,16.884447,BV
"Břeclav, Slovácká",48.75996,16.887669,BV
"Břeclav, Sovadinova",48.76346399999999,16.889203,BV
"Břeclav, Stará Břeclav, Lidická",48.767779999999995,16.890053,BV
"Břeclav, Stará Břeclav, Skopalíkova",48.77287999999999,16.891473,BV
"Břeclav, Stará Břeclav, Vinohradní",48.77553699999999,16.89373,BV
"Břeclav, Stará Břeclav, u parku",48.77527299999999,16.890122,BV
"Břeclav, Stará Břeclav, kulturní dům",48.77418599999999,16.886419,BV
"Břeclav, Stará Břeclav, Mánesova",48.772417,16.887833,BV
"Břeclav, Sovadinova",48.76266900000001,16.889318,BV
"Břeclav, Slovácká",48.759329,16.88725,BV
"Břeclav, nemocnice",48.75308299999999,16.882015,BV
"Břeclav, Stará Břeclav, křižovatka Ladná",48.77954199999999,16.902734,BV
"Břeclav, nemocnice",48.753184999999995,16.881502,BV
"Pavlov, Rudolfa Gajdoše",48.87243,16.667415,BV
"Pavlov, Rudolfa Gajdoše",48.872285,16.667343,BV
"Břeclav, autobusové nádraží",48.755025999999994,16.893544,BV
"Hrušky, motorest",48.78685600000001,16.950432,BV
Hrušky,48.794229,16.970612,BV
"Moravská Nová Ves, ZD",48.799645,17.008269,BV
"Moravská Nová Ves, železniční stanice",48.800235,17.021555,BV
"Moravská Nová Ves, Jednota",48.80769,17.008479,BV
"Prušánky, obecní úřad",48.829012,16.981665,HO
"Moravská Nová Ves, Jednota",48.80756699999999,17.008483,BV
"Moravská Nová Ves, železniční stanice",48.800235,17.021555,BV
"Moravská Nová Ves, ZD",48.799806999999994,17.008247,BV
Hrušky,48.794102,16.970559,BV
"Hrušky, motorest",48.786884,16.950325,BV
"Břeclav, Poštorná, PKZ",48.75190299999999,16.8521,BV
"Lanžhot, Jednota",48.72279700000001,16.957856,BV
"Lanžhot, Jednota",48.72279700000001,16.957856,BV
"Břeclav, autobusové nádraží",48.755025999999994,16.893544,BV
"Břeclav, náměstí TGM, kostel",48.75930699999999,16.880753,BV
"Břeclav, nemocnice",48.75308299999999,16.882015,BV
"Břeclav, nemocnice",48.753184999999995,16.881502,BV
"Mikulčice, důl Mír",48.821329999999996,17.044767,HO
"Břeclav, Gumotex",48.75135199999999,16.894617,BV
"Tvrdonice, náměstí",48.76092599999999,16.992828,BV
"Tvrdonice, mateřská škola",48.764184,16.989742,BV
"Tvrdonice, Poza",48.770409999999984,16.97068,BV
"Tvrdonice, Jižní Morava",48.779178,16.947654,BV
"Tvrdonice, Poza",48.770351999999995,16.970745,BV
"Tvrdonice, mateřská škola",48.76434199999999,16.989409,BV
"Mikulčice, důl Mír",48.821329999999996,17.044767,HO
"Strážnice, škola",48.898531999999996,17.30637,HO
"Veselí nad Moravou, železniční stanice",48.94908199999999,17.381855,HO
"Veselí nad Moravou, Purkyňova",48.949722,17.38667,HO
"Veselí nad Moravou, železárny",48.946243,17.387722,HO
Kozojídky,48.91897300000001,17.398337,HO
"Kozojídky, ZD",48.913537,17.397115,HO
Žeraviny,48.908663,17.394697,HO
"Hroznová Lhota, zdravotní středisko",48.910069,17.416107,HO
"Hroznová Lhota, obecní úřad",48.907002,17.417143,HO
"Hroznová Lhota, dolní konec",48.90131199999999,17.418984,HO
"Kněždub, obecní úřad",48.886921,17.395979,HO
Kněždub,48.885775,17.387582,HO
Tvarožná Lhota,48.87742,17.359453,HO
"Strážnice, aut. st.",48.89789,17.316085,HO
Tvarožná Lhota,48.877278,17.359447,HO
Kněždub,48.88573699999999,17.387717,HO
"Kněždub, obecní úřad",48.88678999999999,17.396029,HO
"Hroznová Lhota, dolní konec",48.901455,17.419119,HO
"Hroznová Lhota, obecní úřad",48.907114,17.417207,HO
"Hroznová Lhota, zdravotní středisko",48.91029,17.416257,HO
Žeraviny,48.908663,17.394697,HO
"Křižanovice, žel. st.",49.14485,16.935032,VY
"Bučovice, Marefy, náves",49.14649299999999,16.970927,VY
"Bučovice, u školy",49.155432000000005,17.000171,VY
"Bučovice, Marefy, rozc. Letonice",49.151847,16.97061,VY
"Hodějice, rozc.",49.149572,16.916285,VY
"Velké Hostěrádky, u bytovky",49.035883,16.868113,BV
"Bošovice, Plaňava",49.047506999999996,16.840558,VY
"Bošovice, obecní úřad",49.05285299999999,16.837358,VY
"Bošovice, u parku",49.058323,16.834908,VY
"Újezd u Brna, Rychmanov",49.103517999999994,16.765363,BO
"Sokolnice, železniční stanice",49.10832799999999,16.73367,BO
"Sokolnice, železniční stanice",49.10832799999999,16.73367,BO
"Újezd u Brna, penzion",49.106931999999986,16.766288,BO
"Milešovice, sídliště",49.08962,16.84996,VY
"Milešovice, zast.",49.08649399999999,16.850765,VY
"Milešovice, host. Laštůvka",49.082412999999995,16.854648,VY
"Milešovice, zast.",49.08673599999999,16.850744,VY
"Otnice, Milešovská",49.088657999999995,16.821212,VY
"Otnice, zdrav.stř.",49.085983,16.813928,VY
"Bošovice, u parku",49.058323,16.834908,VY
"Bošovice, obecní úřad",49.05285299999999,16.837358,VY
"Bošovice, Plaňava",49.047506999999996,16.840558,VY
"Otnice, Milešovská",49.088662,16.821228,VY
"Milešovice, sídliště",49.089789,16.850111,VY
"Újezd u Brna, penzion",49.10620699999999,16.763805,BO
"Újezd u Brna, Rychmanov",49.103517999999994,16.765363,BO
"Velké Hostěrádky, u bytovky",49.035548,16.868362,BV
"Klobouky u Brna, Bohumilice",49.019226,16.893302,BV
"Klobouky u Brna, Bohumilice",49.019226,16.893302,BV
"Sokolnice, železniční stanice",49.108436999999995,16.733573,BO
"Sokolnice, Brněnská",49.114426,16.71486,BO
"Brno,Sokolnická",49.13143399999999,16.684472,BM
"Brno,Chrlická",49.14398299999999,16.665097,BM
"Brno,Za křížem",49.15904999999999,16.670815,BM
"Brno,Černovická terasa II",49.168348,16.675307,BM
"Brno,Černovická terasa I",49.171843,16.673091,BM
"Brno,Pod Tuřankou",49.172976999999996,16.675462,BM
"Brno,Areál Slatina",49.168676999999995,16.678416,BM
"Brno,Areál Slatina",49.168614,16.67804,BM
"Brno,Pod Tuřankou",49.173265,16.674982,BM
"Brno,Černovická terasa I",49.17117199999999,16.673495,BM
"Brno,Černovická terasa II",49.167108,16.67608,BM
"Brno,Za křížem",49.159819999999996,16.670772,BM
"Brno,Hanácká",49.146953999999994,16.667509,BM
"Brno,Chrlická",49.144276,16.66513,BM
"Brno,Sokolnická",49.131372,16.684457,BM
"Sokolnice, Brněnská",49.114191,16.714345,BO
"Sokolnice, železniční stanice",49.108436999999995,16.733573,BO
"Boleradice, u kříže",48.969579999999986,16.806933,BV
"Diváky, samota",48.987322999999996,16.803447,BV
"Diváky, dolní konec",48.991067,16.798233,BV
Nesvačilka,49.06402,16.754398,BO
Nesvačilka,49.063981999999996,16.754355,BO
"Diváky, obecní úřad",48.989214999999994,16.789256,BV
"Diváky, dolní konec",48.99101999999999,16.798233,BV
"Diváky, samota",48.987765,16.803443,BV
"Boleradice, u kříže",48.969485000000006,16.806917,BV
Boleradice,48.967456999999996,16.81428,BV
Telnice,49.10148,16.718652,BO
"Újezd u Brna, škola",49.10379299999999,16.754275,BO
"Moutnice, u fary",49.050734999999996,16.738813,BO
"Moutnice, u fary",49.05052499999999,16.73877,BO
"Měnín, Jalovisko",49.055856,16.707137,BO
"Moutnice, k Jalovisku",49.04853099999999,16.734042,BO
"Moutnice, k Jalovisku",49.04789499999999,16.738433,BO
"Měnín, Jalovisko",49.055856,16.707137,BO
"Heršpice, zelnice",49.12242199999999,16.910233,VY
Heršpice,49.119337,16.913207,VY
"Nížkovice, Na hraničkách",49.11181,16.906248,VY
Nížkovice,49.109551999999994,16.901122,VY
"Rousínov, autobusová stanice",49.203023999999985,16.885238,VY
"Vyškov, Autobusové nádraží",49.27594199999999,16.991855,VY
"Rousínov, autobusová stanice",49.203115,16.885139,VY
"Vyškov, Hraničky",49.278612999999986,16.987205,VY
"Křižanovice, žel. st.",49.14485,16.935032,VY
Ždánice,49.06451699999999,17.029768,HO
"Ždánice, hvězdárna",49.065682,17.03744,HO
"Lovčice, dolní zastávka",49.06393299999999,17.054483,HO
"Lovčice, horní zastávka",49.067327999999996,17.062387,HO
"Lovčice, na kopci",49.06840799999999,17.070628,HO
"Nechvalín, dolní zastávka",49.05404499999999,17.077948,HO
"Nechvalín, horní zastávka",49.049093,17.083683,HO
Ostrovánky,49.042584,17.080349,HO
Bukovany,49.04115,17.1016,HO
"Kyjov, pod nemocnicí",49.007606,17.114125,HO
"Kyjov, aut. st.",49.006387999999994,17.124457,HO
"Kyjov, pod nemocnicí",49.007868,17.114425,HO
Bukovany,49.041098,17.101572,HO
Ostrovánky,49.043018,17.080097,HO
"Nechvalín, horní zastávka",49.04913199999999,17.083767,HO
"Nechvalín, dolní zastávka",49.05398799999999,17.07836,HO
"Lovčice, na kopci",49.067905,17.070668,HO
"Lovčice, horní zastávka",49.06725200000001,17.062592,HO
"Lovčice, dolní zastávka",49.06393299999999,17.05391,HO
"Ždánice, hvězdárna",49.065507999999994,17.037925,HO
Ždánice,49.06451699999999,17.029768,HO
"Ždánice, šroubárna",49.057508,17.025452,HO
"Uhřice, Janův Dvůr",49.022986999999986,16.962236,HO
"Násedlovice, kostel",49.014264999999995,16.961614,HO
"Uhřice, Janův Dvůr",49.022986999999986,16.962236,HO
"Brno,Dobrovského",49.21776899999999,16.587876,BM
"Brno,Skácelova",49.221885999999984,16.585096,BM
"Suchov, Zámečníkovy mlýny",48.88200199999999,17.585663,HO
"Brno,Tomanova",49.207976,16.620321,BM
"Brno,Červinkova",49.22545,16.582624,BM
"Brno,Technické muzeum",49.228046000000006,16.582285,BM
"Brno,Technologický park",49.231361,16.577036,BM
"Hodonín, k zahradám",48.843734999999995,17.1129,HO
"Suchov, Suchovské mlýny",48.884112,17.57888,HO
"Brno,Zemědělská",49.210333,16.618656,BM
"Brno,Technologický park",49.231452999999995,16.576939,BM
"Hodonín, Ústřední dílny",48.845620999999994,17.118468,HO
"Suchov, Podhajské mlýny",48.87491,17.568487,HO
"Brno,Lesnická",49.212474,16.617391,BM
"Brno,Technické muzeum",49.228604999999995,16.582096,BM
"Hodonín, EHO",48.845498000000006,17.122375,HO
"Javorník, Petruchovy mlýny",48.869747999999994,17.546245,HO
"Brno,Bieblova",49.215994999999985,16.615517,BM
"Brno,Červinkova",49.224608,16.583108,BM
"Hodonín, kulturní dům",48.84612799999999,17.125783,HO
Javorník,48.86416999999999,17.53255,HO
"Brno,Fügnerova",49.21978699999999,16.619277,BM
"Brno,Skácelova",49.221650999999994,16.585163,BM
"Hodonín, Annenská",48.84783,17.127004,HO
"Velká nad Veličkou, pila",48.86900599999999,17.5226,HO
"Brno,Halasovo náměstí",49.223566999999996,16.622521,BM
"Brno,Dobrovského",49.218350999999984,16.587423,BM
"Hodonín, Kapřiska",48.85238,17.106683,HO
"Velká nad Veličkou, rozcestí Myjava",48.87491399999999,17.518952,HO
Velká nad Veličkou,48.879409999999986,17.518443,HO
"Velká nad Veličkou, škola",48.880519,17.5151,HO
"Velká nad Veličkou, železniční stanice",48.879067000000006,17.511227,HO
Velká nad Veličkou,48.879409999999986,17.518443,HO
"Velká nad Veličkou, závod",48.88984099999999,17.512837,HO
"Velká nad Veličkou, Žilkův mlýn",48.904581,17.505386,HO
"Louka, u mostu",48.912074999999994,17.496617,HO
"Louka, obecní úřad",48.915623,17.486768,HO
"Louka, ZD",48.915582999999984,17.480453,HO
"Lipov, závod",48.908415999999995,17.470064,HO
Lipov,48.90768599999999,17.456677,HO
"Lipov, ZD",48.90551399999999,17.447156,HO
Tasov,48.90709999999999,17.430093,HO
"Hroznová Lhota, kostel",48.910871,17.416034,HO
"Strážnice, škola",48.89854999999999,17.306261,HO
"Lipov, Újezdy",48.900816999999996,17.444352,HO
Hrubá Vrbka,48.87130199999999,17.478068,HO
"Hrubá Vrbka, školka",48.866702999999994,17.477021,HO
Kuželov,48.86131999999999,17.484668,HO
"Kuželov, točna",48.859785,17.488888,HO
"Kuželov, točna",48.859785,17.488888,HO
Kuželov,48.861467,17.484398,HO
"Hrubá Vrbka, školka",48.86607999999999,17.477885,HO
Malá Vrbka,48.869208,17.459224,HO
"Malá Vrbka, zastávka",48.867176,17.461948,HO
"Hrubá Vrbka, ZD",48.868017,17.473447,HO
Hrubá Vrbka,48.871532999999985,17.4777,HO
"Lipov, Újezdy",48.900816999999996,17.444352,HO
"Hrubá Vrbka, kostel",48.869830999999984,17.480077,HO
"Hrubá Vrbka, Bařiny",48.871582999999994,17.485551,HO
"Velká nad Veličkou, škola",48.88043999999999,17.515478,HO
"Lipov, škola",48.90505999999999,17.461095,HO
Lipov,48.907402000000005,17.456578,HO
"Bzenec, Novosady",48.976029999999994,17.264475,HO
"Domanín, obecní úřad",49.002052,17.284917,HO
"Bzenec, Novosady",48.976075,17.264169,HO
"Bzenec, Olšovec",48.972648,17.289435,HO
"Bzenec, UNIKOV",48.97643699999999,17.305245,HO
"Moravský Písek, Kolonie, žel. stanice",48.97746500000001,17.313906,HO
"Moravský Písek, Kolonie, žel. stanice",48.97746500000001,17.313906,HO
"Bzenec, UNIKOV",48.976666999999985,17.305818,HO
"Bzenec, Olšovec",48.972744999999996,17.289335,HO
"Radějov, chaty",48.853623,17.359556,HO
"Tvarožná Lhota, hájenka",48.854042,17.373078,HO
"Tvarožná Lhota, Čertův mlýn",48.86016,17.379977,HO
"Tvarožná Lhota, Lučina",48.861959999999996,17.390067,HO
"Tvarožná Lhota, Lučina",48.861959999999996,17.390067,HO
"Tvarožná Lhota, Čertův mlýn",48.85982599999999,17.378902,HO
"Tvarožná Lhota, hájenka",48.854042,17.373078,HO
"Radějov, chaty",48.85367899999999,17.359666,HO
"Nová Lhota, Mlýny, u kříže",48.881335,17.592835,HO
"Nová Lhota, Čerešníkovy mlýny",48.87864499999999,17.600692,HO
"Nová Lhota, Fojtíkovy mlýny",48.874877,17.6117,HO
"Nová Lhota, Vápenky, hájenka",48.872419,17.622012,HO
"Nová Lhota, Vápenky",48.874491,17.629908,HO
"Nová Lhota, Vápenky",48.874534999999995,17.629718,HO
"Nová Lhota, Vápenky, hájenka",48.872419,17.622012,HO
"Nová Lhota, Fojtíkovy mlýny",48.874877,17.6117,HO
"Nová Lhota, Čerešníkovy mlýny",48.87864499999999,17.600692,HO
"Nová Lhota, Mlýny, u kříže",48.881335,17.592835,HO
"Veselí nad Moravou, Chaloupky",48.955573,17.38511,HO
"Veselí nad Moravou, Břestek",48.961187,17.391685,HO
"Veselí nad Moravou, Milokošť",48.96663199999999,17.396782,HO
"Uherský Ostroh, Dyas",48.981641999999994,17.401098,UH
"Uherský Ostroh, Dyas",48.98251,17.400957,UH
"Veselí nad Moravou, Milokošť",48.96598999999999,17.396155,HO
"Veselí nad Moravou, Břestek",48.96202999999999,17.392552,HO
"Veselí nad Moravou, Chaloupky",48.95591199999999,17.38533,HO
"Veselí nad Moravou, Hutník, u školy",48.95232599999999,17.393376,HO
"Velká nad Veličkou, škola",48.880519,17.5151,HO
"Hrubá Vrbka, Bařiny",48.871565999999994,17.485299,HO
"Hrubá Vrbka, kostel",48.869864,17.479894,HO
"Hrubá Vrbka, ZD",48.86810599999999,17.473492,HO
"Malá Vrbka, zastávka",48.8672,17.46154,HO
Malá Vrbka,48.869208,17.459224,HO
"Velká nad Veličkou, závod",48.88984099999999,17.512837,HO
"Suchov, Trnová",48.894257999999994,17.575535,HO
"Suchov, Trnová",48.894257999999994,17.575535,HO
"Rohatec, u školy",48.876334,17.181989,HO
"Hodonín, Rudolfa Filipa, sídliště",48.85941699999999,17.137738,HO
Ořechov,49.030681999999985,17.300456,UH
"Uherský Ostroh, most",48.986788,17.393685,UH
"Uherský Ostroh, náměstí",48.98506999999999,17.3888,UH
"Těmice, u mlýna",49.008845,17.26609,HO
"Uherský Ostroh, náměstí",48.98506999999999,17.3888,UH
"Uherský Ostroh, most",48.986788,17.393685,UH
Lipov,48.907348999999996,17.456505,HO
"Lipov, škola",48.90494,17.460995,HO
"Blansko, Dolní Lhota",49.384508,16.632818,BK
"Blansko, Dolní Lhota",49.38419699999999,16.63297,BK
"Brno,Mojmírovo náměstí",49.225931,16.59728,BM
"Brno,Högrova",49.228296,16.604528,BM
"Brno,Moskalykova",49.231297999999995,16.607917,BM
"Blížkovice, zdravotní středisko",48.997813,15.83949,ZN
"Zálesí, požární zbrojnice",48.953771999999994,15.783435000000003,ZN
"Brno,Sadová",49.234159,16.603972,BM
"Brno,Tererova",49.215675,16.589238,BM
"Zálesí, rozcestí",48.96576499999999,15.756607000000002,ZN
"Brno,Hamerláky",49.235425000000006,16.603529,BM
"Ctidružice, u parku",48.982217000000006,15.861702,ZN
"Hodonín, Kapřiska, rybníky",48.848214999999996,17.092793,HO
"Brno,Čertova rokle",49.226392,16.623627,BM
Chvalatice,48.94874199999999,15.749367,ZN
"Brno,Čertova rokle",49.226406,16.622909,BM
"Brno,Myslivecký stadion",49.24107499999999,16.609233,BM
"Grešlové Mýto, železniční stanice",48.98455199999999,15.874937000000001,ZN
"Brno,Klusáčkova",49.21190299999999,16.592875,BM
"Hodonín, Kapřiska, U Kyjovky",48.84517499999999,17.092877,HO
"Brno,Halasovo náměstí",49.223413,16.622837,BM
"Brno,Nerudova",49.205983,16.595174,BM
"Brno,Útěchovská",49.2475,16.616402,BM
"Grešlové Mýto, u mostu",48.98331,15.8827,ZN
Zblovice,48.95773299999999,15.705153,ZN
"Hodonín, Kapřiska, U Kyjovky",48.84517499999999,17.092877,HO
"Brno,Fügnerova",49.219868,16.619336,BM
"Brno,Česká",49.197742,16.605147,BM
"Brno,Dohnalova",49.25112399999999,16.618901,BM
"Olbramkostel, státní silnice",48.922682,15.952198,ZN
"Bítov, rozcestí",48.944795,15.725847000000002,ZN
"Hodonín, Kapřiska, rybníky",48.846672,17.093973,HO
"Brno,Bieblova",49.21607099999999,16.615488,BM
"Brno,Šilingrovo náměstí",49.19171,16.605355,BM
"Brno,Na kovárně",49.253212999999995,16.620275,BM
"Žerůtky, rozcestí",48.909268000000004,15.970282000000001,ZN
"Bítov, náměstí",48.937333,15.729102,ZN
"Hodonín, Kapřiska",48.852442999999994,17.105602,HO
"Brno,Lesnická",49.212985,16.617065,BM
"Brno,Hlavní nádraží",49.19124999999998,16.612674,BM
"Brno,Rozárka",49.254486,16.622791,BM
"Brno,Klarisky",49.25694200000001,16.622725,BM
"Brno,Klarisky",49.257062999999995,16.622604,BM
"Brno,Na kovárně",49.254425999999995,16.620777,BM
"Brno,Dohnalova",49.24965699999999,16.617775,BM
"Brno,Útěchovská",49.246973999999994,16.61581,BM
"Brno,Myslivecký stadion",49.24107499999999,16.609359,BM
"Brno,Hamerláky",49.237256,16.604002,BM
"Brno,Sadová",49.233904,16.604679,BM
"Brno,Moskalykova",49.231646000000005,16.608191,BM
"Brno,Högrova",49.229128,16.604259,BM
"Brno,Mojmírovo náměstí",49.226134,16.597399,BM
"Brno,Svážná",49.173409,16.553508,BM
"Moravany, Kameňák",49.058544999999995,17.175095,HO
"Kravsko, u kovárny",48.92035699999999,15.987076999999998,ZN
"Kravsko, rozcestí k závodu",48.92266699999999,15.987343000000001,ZN
"Plenkovice, Jednota",48.920131999999995,16.000155,ZN
"Plenkovice, u rybníka",48.91849499999999,16.002367,ZN
"Plenkovice, Jednota",48.920159999999996,16.000765,ZN
"Kravsko, rozcestí k závodu",48.922689999999996,15.98726,ZN
"Kuřim, fara",49.29679499999999,16.526584,BO
"Tvarožná, kostel",49.19018799999999,16.775817,BO
"Znojmo, Přímětice, hřbitov",48.883534999999995,16.033161,ZN
Uherské Hradiště,49.066917999999994,17.457901,UH
Staré Město u Uherského Hradiště,49.076013,17.423191,UH
Kunovice,49.05187599999999,17.469402,UH
Uherský Ostroh,48.981866,17.403025,UH
Ostrožská Nová Ves,49.00957699999999,17.436875,UH
"Kunovice, škola",49.038577000000004,17.46266,UH
"Kunovice, škola",49.03898099999999,17.462853,UH
"Veselí nad Moravou, železniční stanice",48.94915499999999,17.381792,HO
"Veselí nad Moravou, železniční stanice",48.949235,17.382003,HO
"Novosedly, železniční stanice",48.825954,16.493781,BV
"Novosedly, železniční stanice",48.825954,16.493781,BV
"Vyškov, železniční stanice",49.278112,16.992207,VY
"Vyškov, železniční stanice",49.278115,16.992202,VY
"Brno,Královo Pole, nádraží",49.23075999999999,16.595754,BM
"Brno,Královo Pole, nádraží",49.23075999999999,16.595754,BM
"Hrušovany nad Jevišovkou, žel. st.",48.810465,16.38336,ZN
"Rájec-Jestřebí, železniční stanice",49.409087,16.627157,BK
"Rájec-Jestřebí, železniční stanice",49.409087,16.627157,BK
Javorník nad Veličkou zastávka,48.85999999999999,17.520833,HO
Velká nad Veličkou,48.879409999999986,17.518443,HO
Vrbovce,48.82413499999999,17.515827,
Velká nad Veličkou,48.879409999999986,17.518443,HO
Javorník nad Veličkou zastávka,48.85999999999999,17.520833,HO
Vrbovce,48.82413499999999,17.515827,
"Vyškov, U podchodu",49.278437,16.996948,VY
"Sokolnice, železniční stanice",49.108436999999995,16.733573,BO
"Brno,Chrlice, nádraží",49.132136,16.656638,BM
"Brno,Chrlice, nádraží",49.131712,16.656596,BM
"Sokolnice, železniční stanice",49.10832799999999,16.73367,BO
"Šakvice, železniční stanice",48.912513999999994,16.707526,BV
"Hustopeče, autobusové nádraží",48.93752,16.735901,BV
"Šakvice, železniční stanice",48.912513999999994,16.707526,BV
"Bukovany, Bukovanský mlýn",49.040895,17.09218,HO
"Bukovany, Bukovanský mlýn",49.040893999999994,17.091741,HO
"Brno,Lipová",49.19138699999999,16.576425,BM
"Brno,Výstaviště - vstup G2",49.190207,16.580555,BM
"Brno,Výstaviště - hlavní vstup",49.189325,16.585699,BM
"Brno,Mendlovo náměstí",49.190034,16.593837,BM
"Brno,Václavská",49.188715,16.596878,BM
"Brno,Hybešova",49.189209,16.603364,BM
"Brno,Nové sady",49.190222,16.609403,BM
"Brno,Hlavní nádraží",49.191393999999995,16.612548,BM
"Brno,Malinovského náměstí",49.196072,16.612962,BM
"Brno,Moravské náměstí",49.19996,16.607931,BM
"Brno,Antonínská",49.20368500000001,16.606678,BM
"Brno,Pionýrská",49.207491,16.604472,BM
"Brno,Hrnčířská",49.21025399999998,16.602868,BM
"Brno,Šumavská",49.213991,16.600669,BM
"Brno,Kartouzská",49.216998,16.598896,BM
"Brno,Jungmannova",49.220856000000005,16.596583,BM
"Brno,Husitská",49.223124999999996,16.59524,BM
"Brno,Semilasso",49.227417,16.592683,BM
"Brno,Tylova",49.232429999999994,16.589321,BM
"Brno,Kořískova",49.240579,16.58388,BM
"Brno,Filkukova",49.24424400000001,16.58143,BM
"Brno,Řečkovice",49.24729499999999,16.578803,BM
"Brno,Řečkovice",49.246977999999984,16.5794,BM
"Brno,Filkukova",49.243517,16.581881,BM
"Brno,Kořískova",49.23889799999999,16.584964,BM
"Brno,Hudcova",49.23579099999999,16.587041,BM
"Brno,Tylova",49.232054999999995,16.589539,BM
"Brno,Semilasso",49.228227,16.592081,BM
"Brno,Husitská",49.223415,16.595016,BM
"Brno,Jungmannova",49.221083,16.596416,BM
"Brno,Kartouzská",49.216649999999994,16.599078,BM
"Brno,Šumavská",49.21402199999999,16.60062,BM
"Brno,Hrnčířská",49.210619999999984,16.602628,BM
"Brno,Pionýrská",49.207904,16.604201,BM
"Brno,Antonínská",49.203165999999996,16.606915,BM
"Brno,Moravské náměstí",49.199237000000004,16.608067,BM
"Brno,Malinovského náměstí",49.19554500000001,16.61341,BM
"Brno,Hlavní nádraží",49.191185,16.611879,BM
"Grešlové Mýto, u mostu",48.98331,15.8827,ZN
"Veselí nad Moravou, u polikliniky",48.949648999999994,17.390118,HO
"Brno,Nové sady",49.190116,16.609025,BM
"Brno,Zemědělská",49.210627,16.618463,BM
"Grešlové Mýto, železniční stanice",48.98443,15.874785000000001,ZN
"Bítov, most",48.93377799999999,15.722212999999998,ZN
"Brno,Úzká",49.18980699999999,16.614666,BM
"Brno,Tomanova",49.207888,16.620401,BM
"Ctidružice, u parku",48.982293000000006,15.861613,ZN
"Brno,Hybešova",49.18932199999999,16.602862,BM
"Hodonín, autobusové nádraží",48.853994,17.121705,HO
"Bítov, hrad Cornštejn",48.93568799999999,15.711544999999997,ZN
"Brno,Konopná",49.180211,16.621158,BM
"Brno,Komárov",49.175763,16.62112,BM
"Brno,Šilingrovo náměstí",49.1923,16.60424,BM
"Brno,Nemocnice u sv. Anny",49.19152299999999,16.598757,BM
"Brno,Hlavní nádraží",49.192214,16.613823,BM
"Brno,Kubíčkova",49.220544999999994,16.520292,BM
"Brno,Ondrouškova",49.217408999999996,16.516952,BM
"Brno,Ečerova",49.21828599999999,16.508994,BM
"Brno,Mendlovo náměstí",49.190293,16.594781,BM
"Brno,Nemocnice u sv. Anny",49.19147100000001,16.599302,BM
"Brno,Šilingrovo náměstí",49.19227099999999,16.604367,BM
"Brno,Ečerova",49.217891,16.509436,BM
"Brno,Ondrouškova",49.217335,16.516792,BM
"Brno,Kubíčkova",49.22092099999998,16.520293,BM
"Brno,Babická",49.228129,16.652126,BM
"Brno,Čtvery hony",49.225533999999996,16.644942,BM
"Brno,Obřanská - u školy",49.222559999999994,16.644731,BM
"Brno,Maloměřický most",49.21558,16.642601,BM
"Brno,Cacovická",49.214376,16.638163,BM
"Brno,Tomkovo náměstí",49.212626,16.634946,BM
"Brno,Náměstí Republiky",49.211428,16.634106,BM
"Brno,Vozovna Husovice",49.20853399999999,16.629847,BM
"Brno,Mostecká",49.206873,16.626866,BM
"Brno,Trávníčkova",49.20440099999999,16.625637,BM
"Brno,Zelný trh",49.19333,16.609624,BM
"Brno,Náměstí Svobody",49.19568199999999,16.608015,BM
"Brno,Česká",49.19761800000001,16.605584,BM
"Brno,Komenského náměstí",49.197047,16.601844,BM
"Brno,Obilní trh",49.198221000000004,16.597478,BM
"Brno,Úvoz",49.19829,16.59265,BM
"Brno,Všetičkova",49.19874899999999,16.588757,BM
"Brno,Náměstí Míru",49.202197,16.582014,BM
"Brno,Náměstí Míru",49.201971,16.581885,BM
"Brno,Heinrichova",49.200413,16.584511,BM
"Brno,Všetičkova",49.198648,16.589335,BM
"Brno,Úvoz",49.198275,16.593189,BM
"Brno,Obilní trh",49.198022,16.598215,BM
"Brno,Komenského náměstí",49.197135,16.602612,BM
"Brno,Náměstí Svobody",49.19564,16.607991,BM
"Brno,Zelný trh",49.192724999999996,16.610226,BM
"Brno,Trávníčkova",49.204439,16.625679,BM
"Brno,Mostecká",49.20703,16.627792,BM
"Brno,Vozovna Husovice",49.208330999999994,16.629789,BM
"Brno,Náměstí Republiky",49.21071800000001,16.633601,BM
"Brno,Tomkovo náměstí",49.214221,16.63717,BM
"Brno,Maloměřický most",49.215517999999996,16.642987,BM
"Brno,Proškovo náměstí",49.220207,16.643397,BM
"Brno,Čtvery hony",49.226227,16.645584,BM
"Brno,Babická",49.22800399999999,16.652555,BM
"Brno,Jugoslávská",49.20508399999999,16.624442,BM
"Brno,Zdráhalova",49.209297,16.623791,BM
"Brno,Venhudova",49.21209399999999,16.624955,BM
"Brno,Štefánikova čtvrť",49.21676899999999,16.627834,BM
"Brno,Štefánikova čtvrť",49.217169000000005,16.627801,BM
"Brno,Venhudova",49.21254099999999,16.62512,BM
"Brno,Zdráhalova",49.209742,16.623799,BM
"Brno,Jugoslávská",49.20472500000001,16.624081,BM
"Brno,Mendlovo náměstí",49.190629,16.594606,BM
"Brno,Mendlovo náměstí",49.190448999999994,16.594562,BM
"Brno,Krematorium",49.172308,16.586427,BM
"Brno,Běloruská",49.17075499999999,16.580895,BM
"Brno,Švermova",49.169262,16.573246,BM
"Brno,Osová",49.169022999999996,16.56653,BM
"Brno,Dunajská",49.169066,16.55664,BM
"Brno,Starý Lískovec, smyčka",49.171366000000006,16.554527,BM
"Brno,Starý Lískovec, smyčka",49.170465,16.554565,BM
"Brno,Dunajská",49.16911199999999,16.556485,BM
"Brno,Osová",49.169005,16.567514,BM
"Brno,Švermova",49.16919099999999,16.573122,BM
"Brno,Běloruská",49.170662,16.580727,BM
"Brno,Krematorium",49.172256999999995,16.586414,BM
"Brno,Královo Pole, nádraží",49.230031,16.595374,BM
"Brno,Královo Pole, nádraží",49.229690999999995,16.595601,BM
"Brno,Semilasso",49.22843199999999,16.593971,BM
"Brno,Vsetínská",49.179747,16.598055,BM
"Brno,Vojtova",49.182667,16.600802,BM
"Brno,Křídlovická",49.185304,16.60328,BM
"Brno,Soukenická",49.188943,16.60751,BM
"Brno,Nové sady",49.190137,16.609472,BM
"Brno,Hlavní nádraží",49.191543,16.610815,BM
"Brno,Česká",49.197895,16.60717,BM
"Brno,Švermova",49.169807999999996,16.575674,BM
"Brno,Jugoslávská",49.205423,16.622876,BM
"Blížkovice, zdravotní středisko",48.998,15.839576,ZN
"Hodonín, Annenská",48.848576,17.126157,HO
"Brno,Václavská",49.188681,16.597217,BM
"Vysočany, most",48.93731799999999,15.703986999999998,ZN
"Brno,Jugoslávská",49.204778999999995,16.623466,BM
"Blížkovice, náměstí",48.999513,15.840092000000002,ZN
"Holíč, Sasinkova ulica",48.813967,17.159217,
"Vysočany, prodejna",48.940293,15.688982999999999,ZN
"Brno,Mendlovo náměstí",49.189659000000006,16.592283,BM
"Brno,Nové sady",49.190027,16.6091,BM
Častohostice,49.01376900000001,15.818724000000001,TR
"Holíč, kníhkupectvo Bystrický",48.819334999999995,17.163523,
"Oslnovice, váha",48.93279999999999,15.684269,ZN
"Brno,Výstaviště - hlavní vstup",49.18958299999999,16.584499,BM
"Brno,Soukenická",49.188555,16.60696,BM
"Moravské Budějovice, Vesce",49.02285999999999,15.833330999999998,TR
"Vrádište, rázcestie",48.82813299999999,17.188978,
Korolupy,48.92996200000001,15.645425000000001,ZN
"Brno,Výstaviště - vstup G2",49.19033799999999,16.579837,BM
"Brno,Křídlovická",49.184768999999996,16.602715,BM
"Moravské Budějovice, Lažínky",49.035189,15.833194,TR
"Skalica, Daňový úrad",48.840292,17.216723,
"Korolupy, rozcestí",48.92701,15.621777999999999,ZN
"Brno,Lipová",49.19152299999999,16.576065,BM
"Brno,Vojtova",49.18229399999999,16.600361,BM
"Moravské Budějovice, Urbánkova",49.048587,15.812111,TR
"Skalica, Mallého ulica",48.84324399999999,17.222585,
Korolupy,48.929956999999995,15.645582,ZN
"Brno,Pisárky",49.192994,16.570702,BM
"Brno,Vsetínská",49.17920899999999,16.597508,BM
"Brno,Švermova",49.169433999999995,16.575066,BM
"Brno,Zemědělská",49.210333,16.618656,BM
"Brno,Zemědělská",49.210099,16.618577,BM
"Brno,Jírova",49.209141,16.686376,BM
"Brno,Kotlanova",49.20976199999999,16.681047,BM
"Brno,Masarova",49.206997,16.677557,BM
"Brno,Novolíšeňská",49.20191099999999,16.669965,BM
"Brno,Líšeňská",49.19728500000001,16.665584,BM
"Brno,Bílá hora",49.194271,16.667395,BM
"Brno,Bělohorská",49.190098,16.663444,BM
"Brno,Krásného",49.19066999999999,16.649391,BM
"Brno,Židovský hřbitov",49.191517000000005,16.641078,BM
"Brno,Geislerova",49.192754,16.634757,BM
"Brno,Životského",49.19068699999999,16.633889,BM
"Brno,Masná",49.191283,16.6245,BM
"Brno,Vlhká",49.191852,16.619157,BM
"Brno,Vlhká",49.191846999999996,16.618976,BM
"Brno,Masná",49.19124399999999,16.625642,BM
"Brno,Životského",49.191036,16.633968,BM
"Brno,Geislerova",49.19277999999999,16.635345,BM
"Brno,Židovský hřbitov",49.19135399999999,16.641711,BM
"Brno,Krásného",49.190434,16.650066,BM
"Brno,Bělohorská",49.190201,16.6637,BM
"Brno,Bílá hora",49.194847,16.667411,BM
"Brno,Líšeňská",49.197875999999994,16.664849,BM
"Brno,Novolíšeňská",49.20201399999999,16.670642,BM
"Brno,Masarova",49.206997,16.677557,BM
"Brno,Kotlanova",49.209948999999995,16.681681,BM
"Brno,Jírova",49.208552,16.686687,BM
"Brno,Mifkova",49.207315,16.692496,BM
"Brno,Mifkova",49.207315,16.692496,BM
"Brno,Hlavní nádraží",49.192074,16.613923,BM
"Brno,Podstránská",49.187879,16.666536,BM
"Brno,Stránská skála",49.19200099999999,16.674374,BM
"Brno,Stránská skála - smyčka",49.192656,16.677469,BM
"Brno,Stránská skála - smyčka",49.19278299999999,16.6773,BM
"Brno,Stránská skála",49.191703999999994,16.673622,BM
"Brno,Podstránská",49.18765,16.665957,BM
"Brno,Česká",49.19739599999998,16.607318,BM
"Brno,Hlavní nádraží",49.191218000000006,16.611139,BM
"Brno,Buzkova",49.194159,16.641228,BM
"Brno,Otakara Ševčíka",49.195229999999995,16.645949,BM
"Brno,Juliánov",49.19612399999999,16.654392,BM
"Brno,Juliánov",49.196172999999995,16.65395,BM
"Brno,Otakara Ševčíka",49.195268,16.645381,BM
"Brno,Buzkova",49.19413999999999,16.641027,BM
"Brno,Geislerova",49.19250899999999,16.634529,BM
"Brno,Geislerova",49.19250899999999,16.634529,BM
"Brno,Komín, smyčka",49.216183,16.556125,BM
"Brno,Stránského",49.211954,16.568673,BM
"Brno,Bráfova",49.206954999999994,16.570536,BM
"Brno,Osová",49.169376,16.566772,BM
"Brno,Univerzitní kampus",49.17806199999999,16.566488,BM
"Brno,Čtvrtě",49.178813999999996,16.56227,BM
"Brno,Raisova",49.18193799999999,16.56253,BM
"Brno,Lesní",49.18563099999999,16.564655,BM
"Brno,Anthropos",49.193356,16.56677,BM
"Brno,Lipová",49.191574,16.576353,BM
"Brno,Výstaviště - hlavní vstup",49.189502,16.586503,BM
"Brno,Mendlovo náměstí",49.190104,16.59302,BM
"Brno,Tvrdého",49.19634899999999,16.594363,BM
"Brno,Úvoz",49.199401,16.593374,BM
"Brno,Čápkova",49.203815999999996,16.59342,BM
"Brno,Konečného náměstí",49.204874,16.595825,BM
"Brno,Pionýrská",49.207899000000005,16.605508,BM
"Brno,Zimní stadion",49.209511000000006,16.609503,BM
"Brno,Lesnická",49.21308899999999,16.619037,BM
"Brno,Provazníkova",49.21447299999999,16.624002,BM
"Brno,Svatoplukova",49.205099999999995,16.641425,BM
"Brno,Stará osada",49.202224999999984,16.641851,BM
"Brno,Údolíček",49.206834999999984,16.644807,BM
"Brno,Akátky",49.208518,16.648742,BM
"Brno,Vlčnovská",49.210995,16.660327,BM
"Brno,Novolíšeňská",49.201692,16.670699,BM
"Brno,Bartákova",49.203714,16.678742,BM
"Brno,Rotreklova",49.2066,16.685331,BM
"Brno,Jírova",49.20888599999999,16.687979,BM
"Brno,Rotreklova",49.206534,16.684689,BM
"Brno,Bartákova",49.204255,16.679185,BM
"Brno,Novolíšeňská",49.201792,16.670352,BM
"Moravské Budějovice, autobusové nádraží",49.056355,15.808013,TR
"Skalica, železničná stanica",48.85040299999999,17.219566,
"Oslnovice, váha",48.932806,15.684403,ZN
"Brno,Pisárky",49.192996,16.570702,BM
"Kravsko, u kovárny",48.92035699999999,15.987076999999998,ZN
"Brno,Vozovna Medlánky",49.23531399999999,16.586529,BM
"Veselí nad Moravou, železniční stanice",48.94915499999999,17.381792,HO
"Kravsko, rozcestí k závodu",48.92266699999999,15.987343000000001,ZN
"Modřice, smyčka",49.127256,16.604494,BO
"Vysočany, prodejna",48.940462999999994,15.689217,ZN
"Veselí nad Moravou, u polikliniky",48.94954499999999,17.39007,HO
"Plenkovice, Jednota",48.920131999999995,16.000155,ZN
"Modřice, Tyršova",49.130156,16.603743,BO
"Vysočany, most",48.93731799999999,15.703986999999998,ZN
"Blatnice pod Sv. Antonínkem, křižovatka",48.946292,17.463492,HO
"Plenkovice, u rybníka",48.91849499999999,16.002367,ZN
Modřická cihelna,49.13721699999999,16.603474,BM
"Bítov, hrad Cornštejn",48.93568799999999,15.711544999999997,ZN
"Blatnice pod Sv. Antonínkem, Vrbové",48.946048,17.470942,HO
"Plenkovice, Jednota",48.920159999999996,16.000765,ZN
"Brno,Moravanská",49.142578,16.602595,BM
"Bítov, most",48.93377799999999,15.722212999999998,ZN
Blatnička,48.934495999999996,17.528313,HO
"Kravsko, rozcestí k závodu",48.922689999999996,15.98726,ZN
"Brno,Moravanské lány",49.149278,16.601446,BM
Zblovice,48.95773299999999,15.705153,ZN
"Suchov, rozcestí",48.927571,17.554431,UH
"Moravské Budějovice, autobusové nádraží",49.056355,15.808013,TR
"Brno,Ořechovská",49.15794799999999,16.599961,BM
"Vracovice, u kostela",48.903349999999996,15.899839,ZN
Boršice u Blatnice,48.934743,17.5715,UH
"Nové Syrovice, Krnčice",49.026531999999996,15.788656000000001,TR
Nové Syrovice,49.017942,15.77355,TR
Láz,49.012466999999994,15.786831999999999,TR
"Blanné, rozcestí",48.99016,15.877553,ZN
"Blanné, obecní úřad",48.99269799999999,15.882725,ZN
Prokopov,48.998723999999996,15.89385,ZN
"Hostim, kompresorová stanice, rozcestí",49.003355,15.883786,ZN
Zvěrkovice,49.025948,15.864229999999997,TR
"Moravské Budějovice, Urbánkova",49.048756,15.811031000000002,TR
Vratěnín,48.90372699999999,15.597175,ZN
"Uherčice, Mešovice",48.924319,15.593366999999999,ZN
"Uherčice, u parku",48.913275999999996,15.630276,ZN
"Uherčice, statek Mitrov",48.90252499999998,15.646478000000002,ZN
"Podhradí nad Dyjí, rozcestí",48.890699999999995,15.661904999999999,ZN
Stálky,48.87066699999999,15.684186999999998,ZN
Šafov,48.86689299999999,15.734883,ZN
Starý Petřín,48.890254999999996,15.734785,ZN
"Starý Petřín, Jazovice",48.897912999999996,15.743677000000002,ZN
"Lančov, hostinec",48.90685199999999,15.766988,ZN
"Lančov, kaplička",48.90643699999999,15.798858000000001,ZN
"Vranov nad Dyjí, Zámecký hotel",48.89612700000001,15.812001999999998,ZN
"Vranov nad Dyjí, náměstí",48.894475,15.813002,ZN
"Onšov, rozcestí",48.90260500000001,15.838153,ZN
"Lesná, hájenka",48.90832,15.853760000000001,ZN
"Lesná, penzion",48.90747000000001,15.86739,ZN
Vracovice,48.89986999999999,15.89986,ZN
"Milíčovice, na státní",48.888591999999996,15.933069999999999,ZN
Citonice,48.881122999999995,15.968332,ZN
"Znojmo, Kasárna, rozcestí",48.88608299999999,16.002078,ZN
"Znojmo, autobusové nádraží",48.851966999999995,16.057217,ZN
"Znojmo, Kasárna, rozcestí",48.886117,16.001988,ZN
Citonice,48.88118999999999,15.968185,ZN
"Milíčovice, na státní",48.888692999999996,15.933051999999998,ZN
Vracovice,48.89993200000001,15.899868,ZN
"Lesná, penzion",48.90758799999999,15.867275,ZN
"Lesná, hájenka",48.908429999999996,15.853667999999999,ZN
"Onšov, rozcestí",48.902332999999985,15.837655,ZN
"Vranov nad Dyjí, náměstí",48.89457300000001,15.813027,ZN
"Vranov nad Dyjí, Zámecký hotel",48.89612700000001,15.812001999999998,ZN
"Lančov, kaplička",48.906492,15.79892,ZN
"Lančov, hostinec",48.906822999999996,15.766732,ZN
"Starý Petřín, Jazovice",48.89802,15.743685000000001,ZN
Starý Petřín,48.890268,15.734752,ZN
Šafov,48.86691499999999,15.73481,ZN
Stálky,48.870653,15.684302,ZN
"Podhradí nad Dyjí, rozcestí",48.890947999999995,15.662091999999998,ZN
"Uherčice, statek Mitrov",48.90259199999999,15.646607,ZN
"Uherčice, u parku",48.91338999999999,15.630355999999999,ZN
"Uherčice, Mešovice",48.92421099999999,15.593261,ZN
Vratěnín,48.90372699999999,15.597175,ZN
"Korolupy, rozcestí",48.92701,15.621777999999999,ZN
"Lubnice, u kostela",48.938925,15.613983000000001,ZN
"Lubnice, škola",48.94171799999999,15.611094999999999,ZN
"Lubnice, škola",48.94171799999999,15.611094999999999,ZN
"Lubnice, u kostela",48.938902999999996,15.613934999999998,ZN
"Korolupy, rozcestí",48.92701,15.621777999999999,ZN
Dešná,48.95837099999999,15.546522,JH
Dešná,48.95837099999999,15.546522,JH
"Znojmo, nám.Komenského",48.85640599999999,16.053424,ZN
"Mašovice, škola",48.85649699999999,15.973942000000001,ZN
"Drosendorf, Altstadt",48.868018,15.627482,
"Drosendorf, Schulen",48.864752,15.622557999999998,
"Drosendorf, Schulen",48.865006,15.622507,
"Drosendorf, Altstadt",48.868018,15.627482,
Čejkovice,48.87777799999999,16.286723,ZN
"Božice, Oseva",48.844547999999996,16.289585,ZN
"Božice, Jednota",48.83651999999999,16.289035,ZN
"Božice, škola",48.834419999999994,16.290619,ZN
"Božice, u pošty",48.835167,16.281193,ZN
"Božice, České Křídlovice",48.838482,16.27619,ZN
"Božice, u sklepů",48.84787200000001,16.2592,ZN
"Borotice, Filipovice",48.852752,16.24961,ZN
Borotice,48.85731,16.243467,ZN
"Lechovice, obecní úřad",48.872539999999994,16.221418,ZN
"Práče, škola",48.87671499999999,16.203331,ZN
"Znojmo, Konice, rozcestí",48.820285999999996,16.040253,ZN
"Nový Šaldorf, Modré sklepy",48.826471999999995,16.053773,ZN
"Boršice u Blatnice, pošta",48.932416999999994,17.574873,UH
"Milíčovice, obecní úřad",48.891884999999995,15.9308,ZN
"Suchov, rozcestí",48.92772599999999,17.554598,UH
"Milíčovice, obecní úřad",48.891915,15.930685,ZN
Suchov,48.91169499999999,17.561974,HO
"Vracovice, u kostela",48.90340299999999,15.899692,ZN
"Brno,Bohunická",49.162263,16.599229,BM
"Suchov, točna",48.904774999999994,17.563885,HO
"Brno,Ústřední hřbitov",49.17120899999998,16.59734,BM
"Brno,Hluboká",49.175346,16.596153,BM
"Suchov, točna",48.904774999999994,17.563885,HO
"Brno,Celní",49.17960699999999,16.595242,BM
"Vranov nad Dyjí, zámek",48.892961000000014,15.808447000000001,ZN
Suchov,48.911858,17.562007,HO
"Brno,Nemocnice Milosrdných bratří",49.183867000000006,16.595061,BM
"Vranov nad Dyjí, statek",48.893806999999995,15.800680000000002,ZN
Boršice u Blatnice,48.934743,17.5715,UH
"Brno,Malinovského náměstí",49.195046,16.614794,BM
"Podmyče, odd. Hájenka",48.88424199999999,15.783817,ZN
"Boršice u Blatnice, pošta",48.932416999999994,17.574873,UH
"Brno,Körnerova",49.19828,16.619945,BM
"Podmyče, panelový dům",48.887408,15.783067,ZN
Blatnička,48.93455099999999,17.528469,HO
"Brno,Tkalcovská",49.20026099999999,16.626109,BM
"Starý Petřín, Nový Petřín",48.88357,15.75746,ZN
"Blatnice pod Sv. Antonínkem, Vrbové",48.94620799999999,17.47048,HO
"Brno,Vojenská nemocnice",49.20224399999999,16.629717,BM
"Brno,Kuldova",49.201297,16.634306,BM
"Brno,Stará osada",49.20252099999999,16.641948,BM
"Brno,Stará osada",49.20214,16.641417,BM
"Brno,Kuldova",49.201319,16.634551,BM
"Brno,Vojenská nemocnice",49.202305999999986,16.62966,BM
"Brno,Tkalcovská",49.19980499999999,16.625934,BM
"Brno,Körnerova",49.19815199999999,16.619504,BM
"Brno,Malinovského náměstí",49.195499999999996,16.613931,BM
"Brno,Nemocnice Milosrdných bratří",49.183515,16.594981,BM
"Brno,Celní",49.17910899999999,16.595328,BM
"Brno,Hluboká",49.175523999999996,16.596095,BM
"Brno,Ústřední hřbitov",49.17132,16.597273,BM
"Brno,Bohunická",49.16201099999999,16.599222,BM
"Brno,Ořechovská",49.157643,16.599953,BM
"Brno,Moravanské lány",49.14962100000001,16.601338,BM
"Brno,Moravanská",49.142920999999994,16.602487,BM
"Brno,Modřická cihelna",49.137564999999995,16.603379,BM
"Modřice, Tyršova",49.129635,16.603701,BO
"Modřice, smyčka",49.126986999999986,16.604121,BO
"Brno,Ústřední hřbitov - smyčka",49.164672999999986,16.597951,BM
"Brno,Ústřední hřbitov - smyčka",49.16479,16.598598,BM
"Brno,Mendlovo náměstí",49.190204,16.594235,BM
"Brno,Vozovna Medlánky",49.235402,16.586291,BM
"Brno,Rakovecká",49.22617699999999,16.519315,BM
"Brno,Přístaviště",49.228519,16.522556,BM
"Brno,Zoologická zahrada",49.22774,16.531898,BM
"Brno,Kamenolom",49.22188799999999,16.536713,BM
"Brno,Podlesí",49.21871,16.542217,BM
"Brno,Branka",49.219398,16.548078,BM
"Brno,Svratecká",49.21799,16.553492,BM
"Brno,Vozovna Komín",49.21322399999999,16.559619,BM
"Brno,Rosického náměstí",49.214707999999995,16.568749,BM
"Brno,Mozolky",49.21352,16.575061,BM
"Brno,Burianovo náměstí",49.21227399999999,16.578835,BM
"Brno,Tábor",49.21055299999999,16.585882,BM
"Brno,Rybkova",49.206244,16.593167,BM
"Brno,Konečného náměstí",49.204508999999995,16.595462,BM
"Brno,Grohova",49.201327,16.59934,BM
"Brno,Česká",49.19770199999999,16.606463,BM
"Brno,Moravské náměstí",49.19930899999999,16.609047,BM
"Brno,Náměstí 28. října",49.200961,16.613794,BM
"Brno,Dětská nemocnice",49.20283599999999,16.618608,BM
"Brno,Jugoslávská",49.203843,16.624408,BM
"Brno,Jugoslávská",49.204197,16.624075,BM
"Brno,Dětská nemocnice",49.203028999999994,16.619052,BM
"Brno,Náměstí 28. října",49.200787,16.613174,BM
"Brno,Moravské náměstí",49.199158999999995,16.608704,BM
"Brno,Česká",49.19813400000001,16.605041,BM
"Brno,Grohova",49.20115299999999,16.599729,BM
"Brno,Konečného náměstí",49.204483999999994,16.595426,BM
"Brno,Rybkova",49.205907999999994,16.593602,BM
"Brno,Tábor",49.21027099999999,16.587228,BM
"Brno,Králova",49.211297,16.583386,BM
"Brno,Burianovo náměstí",49.212482,16.578371,BM
"Brno,Mozolky",49.213711999999994,16.574628,BM
"Brno,Rosického náměstí",49.214437999999994,16.567996,BM
"Brno,Vozovna Komín",49.2132,16.559792,BM
"Brno,Svratecká",49.21789799999999,16.553656,BM
"Brno,Branka",49.219396,16.54742,BM
"Brno,Podlesí",49.218711000000006,16.542392,BM
"Brno,Kamenolom",49.221657,16.536794,BM
"Brno,Zoologická zahrada",49.227674,16.532002,BM
"Brno,Přístaviště",49.22814,16.521658,BM
"Brno,Rakovecká",49.22587699999999,16.518739,BM
"Brno,Komárov",49.176069,16.621638,BM
"Brno,Konopná",49.180196,16.621238,BM
"Brno,Železniční",49.18302299999999,16.619564,BM
"Brno,Autobusové nádraží",49.186538999999996,16.61762,BM
"Brno,Úzká",49.190178999999986,16.614625,BM
"Brno,Hlavní nádraží",49.191063,16.611972,BM
"Brno,Šilingrovo náměstí",49.192026999999996,16.605234,BM
"Brno,Nerudova",49.206566,16.595654,BM
"Brno,Klusáčkova",49.212365,16.592666,BM
"Brno,Tererova",49.21589,16.589173,BM
"Blatnice pod Sv. Antonínkem, křižovatka",48.945904000000006,17.461513,HO
"Veselí nad Moravou, železniční stanice",48.949322,17.38199,HO
"Veselí nad Moravou, Bartolomějské nám.",48.95371800000001,17.378515,HO
"Moravský Písek, Kolonie, rozcestí",48.979724999999995,17.317963,HO
"Moravský Písek, Kolonie, žel. stanice",48.97746500000001,17.313906,HO
"Moravský Písek, mateřská škola",48.985841,17.332046,HO
"Moravský Písek, obecní úřad",48.990101999999986,17.331717,HO
"Domanín, ZD",48.99896799999999,17.29713,HO
"Domanín, horní zastávka",48.99932,17.290608,HO
"Domanín, obecní úřad",49.002052,17.284917,HO
"Těmice, ZD",49.001483,17.274727,HO
"Těmice, restaurace",49.000413,17.263888,HO
"Těmice, u mlýna",49.008845,17.26609,HO
Syrovín,49.025557,17.263658,HO
"Těmice, u mlýna",49.008845,17.26609,HO
"Žeravice, obchod",49.01687199999999,17.239002,HO
"Žeravice, obecní úřad",49.02319299999999,17.236705,HO
"Žeravice, obchod",49.016748,17.239298,HO
"Těmice, u mlýna",49.008845,17.26609,HO
"Těmice, restaurace",49.000338000000006,17.263677,HO
"Starý Petřín, Nový Petřín, rozcestí",48.88236199999999,15.754393,ZN
"Těmice, ZD",49.001483,17.274727,HO
"Domanín, obecní úřad",49.002052,17.284917,HO
Starý Petřín,48.88976000000001,15.734479000000002,ZN
"Domanín, horní zastávka",48.99932,17.290608,HO
Podhradí nad Dyjí,48.900392999999994,15.685443,ZN
"Domanín, ZD",48.99896799999999,17.29713,HO
"Podhradí nad Dyjí, rozcestí",48.890699999999995,15.661904999999999,ZN
"Moravský Písek, obecní úřad",48.990168,17.331353,HO
Podhradí nad Dyjí,48.900566999999995,15.685588000000001,ZN
"Moravský Písek, mateřská škola",48.985039,17.331011,HO
Starý Petřín,48.88958499999999,15.73471,ZN
"Moravský Písek, Kolonie, žel. stanice",48.97746500000001,17.313906,HO
"Moravský Písek, Kolonie, rozcestí",48.979486,17.318329,HO
"Veselí nad Moravou, Bartolomějské nám.",48.953667,17.378665,HO
"Strážnice, aut. st.",48.898309999999995,17.316033,HO
"Skalica, železničná stanica",48.850096,17.218917,
"Skalica, rázcestie k železničnej stanici",48.84627400000001,17.223137,
"Skalica, Daňový úrad",48.840099999999985,17.216033,
"Vrádište, rázcestie",48.828538,17.190047,
"Holíč, kníhkupectvo Bystrický",48.81994499999999,17.163593,
"Holíč, Sasinkova ulica",48.81464299999999,17.156642,
"Hodonín, Annenská",48.84783,17.127004,HO
"Veselí nad Moravou, železniční stanice",48.949347,17.382267,HO
"Hroznová Lhota, kostel",48.910905,17.41653,HO
Tasov,48.907018,17.430068,HO
"Lipov, ZD",48.90551399999999,17.447156,HO
Lipov,48.907612,17.456704,HO
"Lipov, závod",48.908309,17.470008,HO
"Louka, ZD",48.91569499999999,17.480675,HO
"Louka, obecní úřad",48.915772999999994,17.486195,HO
"Louka, u mostu",48.912222,17.496265,HO
"Velká nad Veličkou, Žilkův mlýn",48.904196999999996,17.50548,HO
"Velká nad Veličkou, závod",48.88984099999999,17.512837,HO
Velká nad Veličkou,48.879409999999986,17.518443,HO
"Velká nad Veličkou, železniční stanice",48.879067000000006,17.511227,HO
"Velká nad Veličkou, škola",48.88043999999999,17.515478,HO
Velká nad Veličkou,48.879409999999986,17.518443,HO
"Velká nad Veličkou, rozcestí Myjava",48.87435099999999,17.519225,HO
"Velká nad Veličkou, pila",48.868956,17.52245,HO
Javorník,48.86416999999999,17.53255,HO
"Javorník, Petruchovy mlýny",48.869747999999994,17.546245,HO
"Suchov, Podhajské mlýny",48.87491,17.568487,HO
"Suchov, Suchovské mlýny",48.884148,17.578522,HO
"Suchov, Zámečníkovy mlýny",48.88191299999999,17.585616,HO
"Nová Lhota, dolní zastávka",48.863169,17.591085,HO
"Nová Lhota, horní zastávka",48.86078299999999,17.594056,HO
"Nová Lhota, horní zastávka",48.86078299999999,17.594056,HO
"Nová Lhota, dolní zastávka",48.863445999999996,17.591021,HO
"Starý Petřín, Nový Petřín, rozcestí",48.882352,15.754348,ZN
"Starý Petřín, Nový Petřín",48.88354,15.757477,ZN
"Podmyče, panelový dům",48.887331999999994,15.783212,ZN
"Podmyče, odd. Hájenka",48.883801999999996,15.784493,ZN
"Vranov nad Dyjí, statek",48.89379199999998,15.800777,ZN
"Vranov nad Dyjí, zámek",48.892894,15.808827999999998,ZN
"Bítov, rozcestí",48.944795,15.725847000000002,ZN
Podhradí nad Dyjí,48.900392999999994,15.685443,ZN
Zvěrkovice,49.02593099999999,15.864369999999997,TR
"Blanné, obecní úřad",48.992613999999996,15.882413,ZN
"Hodonín, Bažantnice, penzion",48.853255,17.109568,HO
"Hodonín, Bažantnice I",48.856552,17.111071,HO
"Hodonín, Bažantnice II",48.858881999999994,17.1101,HO
"Hodonín, Bažantnice III",48.860257,17.11412,HO
"Hodonín, Bažantnice, cihelna",48.86124199999999,17.117698,HO
"Hodonín, Bezručova",48.858547,17.1218,HO
"Hodonín, železniční stanice",48.855748,17.121715,HO
"Hodonín, Rodinova",48.853053,17.125915,HO
"Hodonín, Masarykovo náměstí, pojišťovna",48.84878199999999,17.128967,HO
"Hodonín, Měšťanská",48.851862999999994,17.13071,HO
"Hodonín, restaurace Morava",48.85552499999999,17.133732,HO
"Hodonín, Rudolfa Filipa, sídliště",48.85941699999999,17.137738,HO
"Hodonín, nemocnice - lázně",48.86296299999999,17.146552,HO
"Hodonín, nemocnice - lázně",48.86296299999999,17.146552,HO
"Hodonín, Rudolfa Filipa, sídliště",48.85941699999999,17.137738,HO
"Hodonín, restaurace Morava",48.855442,17.133451,HO
"Hodonín, Měšťanská",48.851862999999994,17.13071,HO
"Hodonín, Masarykovo náměstí, OD IRO",48.84958199999999,17.128513,HO
"Hodonín, Rodinova",48.853053,17.125915,HO
"Hodonín, železniční stanice",48.855748,17.121715,HO
"Hodonín, Bezručova",48.858547,17.1218,HO
"Hodonín, Bažantnice, cihelna",48.86124199999999,17.117698,HO
"Hodonín, Bažantnice III",48.860257,17.11412,HO
"Hodonín, Bažantnice II",48.85809200000001,17.109669,HO
"Hodonín, Bažantnice I",48.855973999999996,17.111314,HO
"Hodonín, Bažantnice, penzion",48.853255,17.109568,HO
"Hodonín, Brněnská",48.862608,17.118852,HO
"Hodonín, Na Pískách",48.868491999999996,17.120748,HO
"Hodonín, Brněnská",48.86247600000001,17.118758,HO
"Hodonín, hřbitov",48.86310799999999,17.153057,HO
"Hodonín, hřbitov",48.86310799999999,17.153057,HO
"Hodonín, u podjezdu",48.85099199999999,17.113628,HO
"Hodonín, Albert",48.852425,17.117172,HO
"Hodonín, obchodní centrum u cukrovaru",48.854022,17.11865,HO
"Hodonín, autobusové nádraží",48.85417699999999,17.121581,HO
"Hodonín, autobusové nádraží",48.85417699999999,17.121581,HO
"Hodonín, obchodní centrum u cukrovaru",48.854022,17.11865,HO
"Hodonín, Albert",48.852425,17.117172,HO
"Hodonín, u podjezdu",48.851105999999994,17.113951,HO
"Hodonín, Na Pískách",48.868491999999996,17.120748,HO
"Hodonín, železniční stanice",48.855748,17.121715,HO
"Hodonín, železniční stanice",48.855748,17.121715,HO
"Hodonín, Očovská, KD",48.850752,17.134757,HO
"Hodonín, Šumná",48.851783,17.137283,HO
"Hodonín, Luční",48.85608499999999,17.1374,HO
"Hodonín, Brandlova",48.862857,17.14024,HO
"Hodonín, Rozmarýn",48.859875,17.135512,HO
"Hodonín, Janáčkova",48.858076999999994,17.12961,HO
"Hodonín, železniční stanice",48.855748,17.121715,HO
"Hodonín, kulturní dům",48.84612799999999,17.125783,HO
"Hodonín, EHO",48.845498000000006,17.122375,HO
"Hodonín, Ústřední dílny",48.84571999999999,17.118348,HO
"Hodonín, k zahradám",48.843734999999995,17.1129,HO
"Hodonín, Nesyt, farma",48.839362999999985,17.104382,HO
"Hodonín, Nesyt, farma",48.839362999999985,17.104382,HO
"Znojmo, Načeratice, křiž.",48.817139,16.116404,ZN
"Vrbovec, Jednota",48.799974999999996,16.10145,ZN
Chvalovice,48.78593299999999,16.081935,ZN
"Dyjákovičky, křižovatka",48.784742,16.09495,ZN
"Dyjákovičky, škola",48.78370199999999,16.095605,ZN
"Vrbovec, Hnízdo",48.773097,16.131853,ZN
"Vrbovec, stará zastávka",48.7992,16.100662,ZN
"Vrbovec, sklepy",48.80593,16.080433,ZN
"Znojmo, autobusové nádraží",48.851614,16.056661,ZN
"Vrbovec, sklepy",48.80593,16.080433,ZN
"Vrbovec, stará zastávka",48.799042,16.100608,ZN
"Dyjákovičky, křižovatka",48.784786999999994,16.094935,ZN
Chvalovice,48.78626299999999,16.081853,ZN
"Chvalovice, Hatě, FREEPORT",48.763111,16.060416,ZN
"Chvalovice, Hatě, FREEPORT",48.763111,16.060416,ZN
"Vrbovec, Hnízdo",48.773097,16.131853,ZN
"Dyjákovičky, škola",48.78370500000001,16.095713,ZN
"Hrádek, škola",48.77237399999999,16.268124,ZN
"Znojmo, Konice, rozcestí",48.820488999999995,16.04063,ZN
"Slup, Oleksovičky, u mostu",48.78055499999999,16.21034,ZN
"Hrádek, škola",48.77237399999999,16.268124,ZN
"Vrbovec, Jednota",48.799974999999996,16.10145,ZN
"Znojmo, Načeratice, křiž.",48.81720399999999,16.116285,ZN
"Znojmo, autobusové nádraží",48.85156400000001,16.056569,ZN
"Dobšice, rest.",48.84842,16.085268,ZN
"Dyje, cihelna",48.852592,16.113313,ZN
"Dyje, u železničního přejezdu",48.84941299999999,16.12016,ZN
"Tasovice, u hřbitova",48.83605099999999,16.15051,ZN
"Tasovice, u prodejen",48.83598999999999,16.156077,ZN
"Hodonice, střed",48.83583299999999,16.164223,ZN
Krhovice,48.817342,16.174398,ZN
"Strachotice, rozcestí",48.80618700000001,16.202127,ZN
"Valtrovice, obecní úřad",48.794366999999994,16.222445,ZN
"Valtrovice, Formosa",48.817082,16.233376,ZN
"Valtrovice, Formosa",48.817082,16.233376,ZN
"Valtrovice, obecní úřad",48.79432499999999,16.222642,ZN
"Strachotice, rozcestí",48.80667499999999,16.201242,ZN
Krhovice,48.817417,16.174338,ZN
"Hodonice, střed",48.83597499999999,16.165225,ZN
"Tasovice, u prodejen",48.836068,16.156327,ZN
"Tasovice, škola",48.838649999999994,16.157345,ZN
"Tasovice, u hřbitova",48.836057999999994,16.151089,ZN
"Dyje, u železničního přejezdu",48.849769999999985,16.119869,ZN
"Dyje, cihelna",48.852677,16.113313,ZN
"Dobšice, rest.",48.848877,16.085832,ZN
"Znojmo, Brněnská, sídl.",48.843586999999985,16.063,ZN
"Tasovice, škola",48.838649999999994,16.157345,ZN
"Valtrovice, obecní úřad",48.794366999999994,16.222445,ZN
Křídlůvky,48.781774999999996,16.239319,ZN
"Křídlůvky, rozcestí",48.78493699999999,16.242362,ZN
"Hrádek, zahradnictví",48.782305,16.255478,ZN
Velký Karlov,48.803731000000006,16.305717,ZN
Velký Karlov,48.803731000000006,16.305717,ZN
"Hrádek, zahradnictví",48.782305,16.255478,ZN
"Křídlůvky, rozcestí",48.78495999999999,16.24248,ZN
Křídlůvky,48.781774999999996,16.239319,ZN
"Božice, škola",48.834419999999994,16.290619,ZN
"Božice, Jednota",48.836772999999994,16.288992,ZN
"Božice, Oseva",48.84462,16.289657,ZN
Čejkovice,48.87777799999999,16.286723,ZN
"Mackovice, obecní úřad",48.883097,16.309653,ZN
"Mackovice, Břežanská",48.88166,16.316945,ZN
"Břežany, škola",48.874205,16.334924,ZN
"Hrušovany nad Jevišovkou, žel. st.",48.810465,16.38336,ZN
"Znojmo, autobusové nádraží",48.851706,16.057086,ZN
"Práče, škola",48.876947,16.204152,ZN
"Lechovice, obecní úřad",48.872491,16.221123,ZN
Borotice,48.857318,16.244243,ZN
"Borotice, Filipovice",48.85307000000001,16.24943,ZN
"Božice, u sklepů",48.847847999999985,16.259072,ZN
"Božice, České Křídlovice",48.838583,16.275993,ZN
"Božice, u pošty",48.835257,16.281438,ZN
"Božice, železniční stanice",48.82353499999999,16.287623,ZN
"Božice, škola",48.834419999999994,16.290619,ZN
"Božice, škola",48.834419999999994,16.290619,ZN
"Božice, železniční stanice",48.82353499999999,16.287623,ZN
"Hrušovany nad Jevišovkou, cukrovar",48.812298,16.402942,ZN
"Hrušovany nad Jevišovkou, cukrovar",48.812298,16.402942,ZN
"Hrušovany nad Jevišovkou, Pastviny",48.854153,16.38325,ZN
"Bítov, náměstí",48.937333,15.729102,ZN
"Bítov, rozcestí",48.944795,15.725847000000002,ZN
Chvalatice,48.948834999999995,15.74943,ZN
"Zálesí, rozcestí",48.96576499999999,15.756607000000002,ZN
"Zálesí, požární zbrojnice",48.953739999999996,15.783245,ZN
"Štítary, úpravna vody",48.944303,15.810812,ZN
"Štítary, odbočka na pláž",48.941433,15.823362,ZN
"Štítary, obecní úřad",48.93500499999999,15.844383,ZN
"Štítary, škola",48.93263699999999,15.852557,ZN
"Šumná, kaplička",48.921682,15.867822,ZN
"Šumná, obecní úřad",48.920485,15.871943,ZN
"Lesná, statek",48.91423,15.865417,ZN
"Lesná, u vodní nádrže",48.908721,15.86803,ZN
"Lesná, u vodní nádrže",48.90864,15.868175000000003,ZN
"Lesná, statek",48.914777999999984,15.865314,ZN
"Šumná, obecní úřad",48.920485,15.871943,ZN
"Šumná, kaplička",48.92187199999999,15.867625,ZN
"Štítary, škola",48.932777,15.852466999999999,ZN
"Štítary, obecní úřad",48.93513199999999,15.844125,ZN
"Štítary, odbočka na pláž",48.941433,15.823362,ZN
"Štítary, úpravna vody",48.944303,15.810812,ZN
"Hluboké Mašůvky, hostinec",48.92324,16.02542,ZN
"Hluboké Mašůvky, hostinec",48.923025,16.025417,ZN
"Plenkovice, u hřiště",48.918335,16.008898,ZN
"Znojmo, autobusové nádraží",48.85301100000001,16.058078,ZN
"Znojmo, Konice, pod kopcem",48.829401999999995,16.02747,ZN
"Znojmo, Konice, Jednota",48.832669999999986,16.021778,ZN
"Znojmo, Popice, u hospody",48.82514,16.016247,ZN
"Znojmo, Popice",48.821070000000006,16.016257,ZN
"Horní Dunajovice, obecní úřad",48.950222999999994,16.16,ZN
"Dobelice, Vémyslická",49.016693,16.276102,ZN
"Dukovany, rozcestí",49.08640799999999,16.162082,TR
Němčičky,48.942054999999996,16.088462,ZN
"Znojmo, Mariánské nám.",48.85596100000001,16.054083,ZN
"Rudlice, u pomníku",48.94912999999999,16.067282,ZN
"Rudlice, u pomníku",48.94885,16.067387,ZN
"Rudlice, u pomníku",48.94912999999999,16.067282,ZN
"Rudlice, samota",48.954267,16.056114,ZN
Vevčice,48.962087,16.044367,ZN
"Černín, Závoda",48.98119199999999,16.026243,ZN
"Černín, lávka",48.980218,16.015953,ZN
"Jevišovice, náměstí",48.98812999999999,15.992481999999999,ZN
"Jevišovice, náměstí",48.98812999999999,15.992481999999999,ZN
"Černín, lávka",48.980218,16.015953,ZN
"Černín, Závoda",48.98119199999999,16.026243,ZN
Vevčice,48.96198499999999,16.044405,ZN
"Rudlice, samota",48.954161,16.0561,ZN
"Rudlice, u pomníku",48.94885,16.067387,ZN
"Němčičky, rozcestí",48.939467999999984,16.083075,ZN
Plaveč,48.929175,16.079838,ZN
"Únanov, obecní úřad",48.90060499999999,16.06351,ZN
"Únanov, závod",48.888422000000006,16.064178,ZN
"Tvořihráz, obecní úřad",48.918997,16.139197,ZN
"Horní Dunajovice, obecní úřad",48.950264999999995,16.15987,ZN
"Želetice, škola",48.93887,16.181972,ZN
"Želetice, škola",48.93887,16.181972,ZN
Stošíkovice na Louce,48.89529,16.214773,ZN
"Znojmo, autobusové nádraží",48.85175,16.056878,ZN
"Únanov, závod",48.888422000000006,16.064178,ZN
"Únanov, obecní úřad",48.90069499999999,16.063443,ZN
Plaveč,48.929175,16.079838,ZN
"Němčičky, rozcestí",48.939467999999984,16.083075,ZN
"Boskovštejn, hájenka",48.978286999999995,15.947785000000001,ZN
"Boskovštejn, požární zbrojnice",48.981848,15.932357999999999,ZN
"Boskovštejn, středisko ZD",48.98533,15.926547,ZN
Jiřice u Moravských Budějovic,48.99381700000001,15.926279999999998,ZN
Prokopov,48.99911000000001,15.894462,ZN
"Hostim, křižovatka",49.009558,15.896067000000002,ZN
"Hostim, náměstí",49.01698499999999,15.898037000000002,ZN
"Hostim, náměstí",49.01680499999999,15.8981,ZN
"Hostim, křižovatka",49.009512,15.895952,ZN
Prokopov,48.999011,15.894368000000002,ZN
Jiřice u Moravských Budějovic,48.99375199999999,15.926138,ZN
"Boskovštejn, středisko ZD",48.985412,15.926542999999999,ZN
"Boskovštejn, požární zbrojnice",48.98187000000001,15.932168000000003,ZN
"Boskovštejn, hájenka",48.978286999999995,15.947785000000001,ZN
Stošíkovice na Louce,48.89529,16.214773,ZN
Blanné,48.992495000000005,15.882532,ZN
"Blanné, rozcestí",48.98926199999999,15.878247,ZN
"Grešlové Mýto, motorest",48.981502,15.885121999999999,ZN
"Pavlice, na kopci",48.972677,15.895917,ZN
"Vranovská Ves, u hřiště",48.952003,15.918136,ZN
"Vranovská Ves, u lesa",48.94895499999999,15.920377,ZN
"Vranovská Ves, Hostěrádky",48.94125199999999,15.926200000000001,ZN
"Olbramkostel, restaurace",48.92262699999999,15.950367999999997,ZN
"Olbramkostel, železniční stanice",48.903451999999994,15.948985,ZN
Žerůtky,48.90593299999998,15.963395000000002,ZN
"Znojmo, Mramotice, rozcestí",48.89717199999999,15.993508,ZN
"Znojmo, Kasárna",48.89097799999999,16.000194,ZN
"Znojmo, Pražská, sídliště",48.86826099999998,16.032958,ZN
"Znojmo, autobusové nádraží",48.851686,16.05677,ZN
"Znojmo, nám.Svobody, lázně",48.860867,16.049582,ZN
"Znojmo, Pražská, sídliště",48.86858899999999,16.032669,ZN
"Znojmo, Kasárna",48.89264099999999,15.999284,ZN
"Znojmo, Mramotice, rozcestí",48.89741699999999,15.993279999999999,ZN
Žerůtky,48.905857000000005,15.962058,ZN
"Olbramkostel, železniční stanice",48.903537,15.949112,ZN
"Olbramkostel, restaurace",48.92262699999999,15.950367999999997,ZN
"Vranovská Ves, Hostěrádky",48.94125199999999,15.926200000000001,ZN
"Vranovská Ves, u lesa",48.94908999999999,15.920488,ZN
"Pavlice, na kopci",48.972682999999996,15.896083,ZN
"Grešlové Mýto, motorest",48.981657000000006,15.885144999999998,ZN
Blanné,48.992495000000005,15.882532,ZN
"Žerůtky, rozcestí",48.909523,15.970000000000002,ZN
"Olbramkostel, státní silnice",48.922803,15.952233,ZN
"Kravsko, škola",48.917711999999995,15.985839999999998,ZN
"Kravsko, u kovárny",48.920427,15.987047,ZN
"Kravsko, u hřbitova",48.917758,15.991655,ZN
"Znojmo, Mramotice, u školky",48.90358,16.002172,ZN
"Znojmo, Mramotice, u čekárny",48.903058,15.999126000000002,ZN
"Znojmo, Mramotice, u čekárny",48.90302599999999,15.99921,ZN
"Znojmo, Mramotice, u školky",48.90424,16.001594,ZN
"Kravsko, u hřbitova",48.917812,15.991620000000001,ZN
"Kravsko, u kovárny",48.920427,15.987047,ZN
"Kravsko, škola",48.91755,15.985458,ZN
"Moravské Budějovice, autobusové nádraží",49.056355,15.808013,TR
"Moravské Budějovice, Tyršova",49.04912,15.815073000000002,TR
"Moravské Budějovice, Lažínky",49.035189,15.833194,TR
"Moravské Budějovice, Vesce",49.022749,15.833248000000001,TR
Častohostice,49.01444099999999,15.819330000000003,TR
"Blížkovice, náměstí",48.999513,15.840092000000002,ZN
"Brno,Vojenská nemocnice",49.201539999999994,16.631207,BM
"Brno,OC Futurum",49.155242,16.598908,BM
"Lechovice, zámek",48.875100999999994,16.236465,ZN
"Brno,Náměstí Míru",49.202111,16.581823,BM
"Brno,Dunajská",49.16882399999999,16.55589,BM
"Brno,Soukenická",49.188556999999996,16.607222,BM
"Bzenec, Přívoz",48.936407,17.293926,HO
"Brno,Dvůr v lese",49.12569299999999,16.633448,BM
"Brno,Palackého vrch",49.22417299999999,16.573374,BM
"Oleksovice, rozcestí",48.88752800000001,16.260346,ZN
"Brno,Achtelky",49.18541599999999,16.542097,BM
"Strážnice, ATC",48.909397,17.310663,HO
"Modřice, čistička",49.13210099999999,16.633363,BO
"Mackovice, rozcestí",48.900845,16.293373,ZN
"Vranov, smyčka",49.310984,16.612105,BO
"Brno,Vojtova",49.182993,16.600499,BM
"Strážnice, náměstí 17. listopadu",48.90242799999999,17.318189,HO
"Brno,Obřanský most",49.228052,16.649064,BM
"Miroslav, Kašenec, státní silnice",48.918482,16.333665,ZN
"Vranov, smyčka",49.31124,16.611894,BO
"Brno,Achtelky",49.185274,16.543416,BM
"Strážnice, aut. st.",48.898014,17.316355,HO
"Brno,Vozovna Slatina",49.183123,16.672433,BM
"Miroslav, rozcestí",48.933557,16.362408,ZN
"Vranov, hřbitov",49.305733,16.622556,BO
"Brno,Kohoutovice, hájenka",49.19646,16.531378,BM
"Brno,Faměrovo náměstí",49.17687099999999,16.640466,BM
"Brno,Vozovna Slatina",49.183014,16.671669,BM
"Trnové Pole, rozcestí",48.95523,16.413587,BO
"Brno,Útěchov",49.28821,16.630705,BM
"Brno,Branka",49.219193,16.548512,BM
"Brno,Textilní kombinát",49.181802999999995,16.637916,BM
"Brno,Červený písek",49.220474,16.657375,BM
"Branišovice, státní silnice",48.959135,16.429386,BO
"Brno,Fügnerova",49.220474,16.619678,BM
"Brno,Slatina, sídliště",49.181461,16.690304,BM
"Brno,Psychiatrická nemocnice",49.185064,16.636429,BM
"Brno,Podzimní",49.221649999999975,16.652917,BM
"Pohořelice, obchodní akademie",48.978607,16.505342,BO
"Brno,Bieblova",49.215815000000006,16.615231,BM
"Brno,Krejčího",49.17786099999999,16.691431,BM
"Brno,Jiránkova",49.187535,16.633488,BM
"Brno,Hladíkova",49.187273999999995,16.62586,BM
"Brno,Autobusové nádraží",49.186526,16.618006,BM
"Brno,Úzká",49.18946,16.613739,BM
Násedlovice,49.011567,16.958012,HO
"Násedlovice, u hřiště",49.009198000000005,16.958218,HO
"Násedlovice, mlýn",49.007289,16.966862,HO
"Brno,Opuštěná",49.185561,16.613497,BM
"Vyškov, Autobusové nádraží",49.275698999999996,16.991685,VY
"Vyškov, garáže ČSAD",49.271157,16.988876,VY
"Vyškov, Nouzka",49.266525,16.980388,VY
"Vyškov, Drnovská Bioveta",49.254020999999995,16.956105,VY
"Luleč, rozcestí",49.247443,16.943258,VY
"Tučapy, rozcestí",49.227180999999995,16.915589,VY
"Komořany, EDP",49.219396,16.904797,VY
"Rousínov, Čechyně, rozcestí",49.207318,16.892172,VY
"Rousínov, autobusová stanice",49.203017,16.885004,VY
"Tučapy, obecní úřad",49.232287,16.917902,VY
Nemojany,49.246472,16.915278,VY
"Luleč, rozc. k žel. st.",49.250775,16.920894,VY
"Luleč, obecní úřad",49.253993,16.929762,VY
"Luleč, kamenolom",49.261887,16.937008,VY
"Drnovice, Na vrchu",49.27052599999999,16.949216,VY
Drnovice,49.27654799999999,16.952082,VY
"Vyškov, nemocnice",49.276304,16.982362,VY
"Brno,Černovičky",49.18321199999999,16.668265,BM
"Brno,Slatina, sídliště",49.181875999999995,16.690302,BM
"Šlapanice, Bedřichovice, rozc.",49.183187999999994,16.722892,BO
"Jiříkovice, motorest Rohlenka",49.183551,16.760812,BO
"Holubice, kruh",49.184546,16.799512,BO
Velešovice,49.180645,16.848503,VY
"Velešovice, u mostu",49.18649899999999,16.841094,VY
"Rousínov, rozc. k žel. st.",49.19949400000001,16.871687,VY
"Vyškov, železniční stanice",49.27781599999999,16.991747,VY
"Vyškov, Dělnický dům",49.28042599999999,16.995112,VY
"Vyškov, Rostex",49.283474999999996,16.990651,VY
"Vyškov, hotel Dukla",49.285237999999985,16.986957,VY
"Vyškov, Dědice, u hřbitova",49.28925799999999,16.981678,VY
"Vyškov, Dědice, nám. Svobody",49.29389799999999,16.979092,VY
"Vyškov, Dědice, kasárna",49.300995,16.981469,VY
"Vyškov, Dědice, rozc. Opatovice",49.29809199999999,16.973279,VY
"Vyškov, Hamiltony",49.305323,16.969163,VY
"Vyškov, Lhota, u školy",49.30966099999999,16.956262,VY
"Vyškov, Lhota",49.311541,16.948617,VY
"Vyškov, Pařezovice, rozcestí",49.32046999999999,16.935178,VY
"Vyškov, Rychtářov",49.32719699999999,16.919003,VY
"Vyškov, Rychtářov, točna",49.33032399999999,16.912508,VY
"Vyškov, Rychtářov, Rohlina",49.33172299999999,16.910468,VY
"Studnice, Doubrava",49.359083,16.887008,VY
Studnice,49.375648999999996,16.879734,VY
"Studnice, Odrůvky",49.394386999999995,16.882099,VY
Nové Sady,49.408905,16.901903,VY
"Vyškov, Opatovice, u mlýna",49.30016499999999,16.957503,VY
"Vyškov, Opatovice, náves",49.302252,16.954362,VY
"Vyškov, Opatovice, bytovky",49.300683,16.958572,VY
"Šlapanice, Čechova",49.16575199999999,16.722536,BO
"Velešovice, obecní úřad",49.179542,16.847312,VY
"Velešovice, u hřiště",49.175584,16.846508,VY
"Slavkov u Brna, poliklinika",49.156224,16.879177,VY
"Kovalovice, Stará pošta",49.184929999999994,16.825873,BO
"Velešovice, Za Mlýnem",49.18784900000001,16.838848,BO
"Slavkov u Brna, žel. st.",49.144848,16.873652,VY
"Nížkovice, u hřiště",49.107478,16.898393,VY
"Kobeřice, na kopci",49.09734,16.888722,VY
"Brno,Jundrovská",49.21191099999999,16.560194,BM
"Kobeřice, pohostinství",49.09172300000001,16.88588,VY
Nížkovice,49.109536,16.901043,VY
"Nížkovice, Na hraničkách",49.11181,16.906248,VY
Heršpice,49.119347999999995,16.91326,VY
"Heršpice, zelnice",49.12242199999999,16.910233,VY
"Znojmo, Vídeňská, u školy",48.843488999999984,16.060714,ZN
"Znojmo, Dukelská, u mostu",48.83768,16.066564,ZN
"Znojmo, Načeratice, host.",48.818488999999985,16.110617,ZN
"Znojmo, Derflice",48.809689999999996,16.140512,ZN
"Strachotice, obecní úřad",48.79643399999999,16.172633,ZN
"Strachotice, Micmanice",48.796005,16.183948,ZN
Slup,48.78144,16.199418,ZN
"Slup, Oleksovičky, rozcestí",48.775333999999994,16.207216,ZN
Jaroslavice,48.75725799999999,16.233215,ZN
"Hrádek, kulturní dům",48.77568499999999,16.269721,ZN
"Hrádek, u mlýna",48.77331699999999,16.277554,ZN
"Dyjákovice, nad hostincem",48.77266199999999,16.299196,ZN
"Dyjákovice, škola",48.772805,16.303553,ZN
"Slup, Oleksovičky, u mostu",48.78055499999999,16.21034,ZN
"Znojmo, nám.Republiky",48.853569,16.053822,ZN
"Hostěradice, náměstí",48.950582,16.259558,ZN
Vítonice,48.91641599999999,16.201048,ZN
"Prosiměřice, u bufetu",48.903646,16.190474,ZN
"Těšetice, na hlavní",48.888025,16.157733,ZN
"Suchohrdly, Purkrábka",48.868852,16.106733,ZN
"Suchohrdly, kurty",48.868342,16.09652,ZN
"Suchohrdly, prodejna",48.86641099999999,16.089265,ZN
"Znojmo, Suchohrdelská, hřbitov",48.857378999999995,16.066698,ZN
"Miroslav, Réna",48.933508,16.337322,ZN
"Miroslav, provozovna ČAS",48.941965,16.321182,ZN
"Brno,Jarní ČD",49.220259999999996,16.652902,BM
"Brno,Bílá hora",49.194008999999994,16.668034,BM
"Vedrovice, u lípy",49.021731,16.380867,ZN
"Šlapanice, Kalvodova",49.166441999999996,16.726521,BO
"Brno,ZŠ Herčíkova",49.23053099999999,16.584437,BM
"Šlapanice, Kalvodova",49.166539,16.726218,BO
"Šlapanice, Čechova",49.16607599999999,16.721551,BO
"Brno,Lesnická",49.212405999999994,16.617395,BM
"Šlapanice, sídliště",49.167046,16.718465,BO
"Vedrovice, obecní úřad",49.019951999999996,16.37692,ZN
"Brno,Řípská",49.17411499999999,16.681787,BM
"Brno,Hlavní nádraží",49.19185000000001,16.613617,BM
"Brno,Vlkova",49.202702,16.668217,BM
"Brno,Železniční stavitelství",49.216798,16.654101,BM
"Brno,ZŠ Herčíkova",49.23053099999999,16.584437,BM
"Kyjov, aut. st.",49.006604999999986,17.12425,HO
"Brno,Brněnky",49.178958,16.675103,BM
"Brno,Zetor - smyčka",49.19962099999999,16.670185,BM
"Brno,Houbalova",49.205724999999994,16.674059,BM
"Brno,Zimní I",49.213186,16.658794,BM
"Brno,Zimní II",49.213409,16.655937,BM
"Brno,Depo ČD",49.214319,16.652131,BM
"Brno,Kulkova",49.21168099999999,16.648344,BM
"Brno,Podsednická",49.20911099999999,16.645671,BM
"Brno,Tomáškova",49.198844,16.631798,BM
"Brno,Uzavřená",49.196566,16.633434,BM
"Brno,Jílkova",49.195907,16.637881,BM
"Brno,Hladíkova",49.18672899999999,16.626124,BM
"Brno,Škrobárenská",49.182466,16.626261,BM
"Brno,V rejích",49.13953,16.654758,BM
"Brno,Chrlice, smyčka",49.126642,16.654642,BM
"Brno,Wollmanova",49.222274999999996,16.522436,BM
"Brno,Stará dálnice",49.19873299999998,16.517301,BM
"Brno,Vyhlídalova",49.165385,16.577302,BM
"Brno,Gruzínská",49.166073999999995,16.585383,BM
"Brno,Za hřbitovem",49.164317999999994,16.591448,BM
"Brno,Traťová",49.163623,16.595954,BM
"Brno,Košuličova",49.164588,16.609917,BM
"Brno,Mariánské údolí",49.20331999999999,16.71587,BM
"Brno,Houbalova",49.205983999999994,16.673999,BM
"Brno,Vlkova",49.20263700000001,16.667654,BM
"Brno,Bílá hora",49.193974999999995,16.667677,BM
"Brno,Chrlice, smyčka",49.126855,16.655081,BM
"Brno,Pavlíkova",49.194545,16.583048,BM
"Brno,Univerzitní kampus",49.177902,16.568335,BM
"Brno,Kamenice",49.177622,16.573805,BM
"Brno,Kejbaly",49.175032999999985,16.582359,BM
"Brno,Bidláky",49.178442,16.606259,BM
"Brno,Holandská",49.18169999999999,16.605765,BM
"Brno,Holandská",49.17993400000001,16.604368,BM
"Brno,Kejbaly",49.17518599999999,16.582128,BM
"Brno,Kamenice",49.17778199999999,16.57232,BM
"Brno,Žebětínský rybník",49.215096,16.49364,BM
"Brno,Drdy",49.209635999999996,16.492567,BM
"Brno,Borovník",49.198437,16.49979,BM
"Troubsko, Nová",49.166839,16.518385,BO
"Brno,Kubíčkova",49.221996,16.519339,BM
"Brno,Ríšova",49.206684,16.481219,BM
"Brno,Helenčina",49.206863999999996,16.486008,BM
"Brno,Říčanská",49.218679,16.497368,BM
"Brno,Kavčí",49.216417,16.501128,BM
"Brno,Chvalovka",49.21478299999999,16.499512,BM
"Brno,Kamechy",49.215984999999996,16.494652,BM
"Brno,Žebětín, škola",49.20734699999999,16.49285,BM
"Brno,Kohoutovická",49.206969,16.498211,BM
"Brno,Kopce",49.20544999999999,16.509409,BM
"Brno,Žebětínská",49.19524899999999,16.536145,BM
"Brno,Výletní",49.19169699999999,16.539005,BM
"Brno,Myslivní",49.19041500000001,16.543578,BM
"Brno,Šárka",49.19131000000001,16.545929,BM
"Brno,Skácelova",49.22111499999999,16.58549,BM
"Brno,Bieblova",49.21600399999999,16.615386,BM
"Brno,Fügnerova",49.219776,16.6191,BM
"Brno,Dvorska, smyčka",49.143271,16.70702,BM
"Brno,Dvorska, smyčka",49.14338999999999,16.707205,BM
"Brno,Kounicovy koleje",49.20787399999999,16.583463,BM
"Brno,Branka",49.219483999999994,16.547253,BM
"Brno,Klicperova",49.20242,16.687862,BM
"Brno,Zaoralova",49.200382,16.678706,BM
"Brno,Zetor - silnice",49.20080699999999,16.670053,BM
"Brno,Stará osada",49.202352999999995,16.641959,BM
"Brno,Záhřebská",49.22001000000001,16.579572,BM
"Brno,Horská",49.221621,16.579517,BM
"Brno,Technická",49.22370099999999,16.578091,BM
"Brno,Podnikatelská",49.22737099999999,16.576366,BM
"Brno,Kolejní",49.23064099999999,16.57191,BM
"Brno,Vědeckotechnický park",49.23259999999999,16.574806,BM
"Brno,Edisonova",49.22828,16.576461,BM
"Brno,Podnikatelská",49.22737099999999,16.576366,BM
"Brno,Technická",49.223019999999984,16.578608,BM
"Brno,Horská",49.22160399999999,16.579463,BM
"Brno,Štefánikova čtvrť",49.218127,16.62876,BM
"Brno,Štefánikova čtvrť",49.217943,16.628869,BM
"Brno,Líšeň, hřbitov",49.21748000000001,16.702635,BM
"Brno,Obecká",49.214169999999996,16.701205,BM
"Brno,Kubelíkova",49.211949999999995,16.698702,BM
"Brno,Šimáčkova",49.209571,16.6961,BM
"Brno,Zetor - silnice",49.200733,16.6707,BM
"Brno,Zaoralova",49.20022300000001,16.679582,BM
"Brno,Klicperova",49.202482,16.688386,BM
"Brno,Karolíny Světlé",49.20259999999999,16.693683,BM
"Brno,Šimáčkova",49.209403,16.696102,BM
"Brno,Kubelíkova",49.21219099999999,16.69892,BM
"Brno,Obecká",49.21465,16.702159,BM
"Brno,Líšeň, hřbitov",49.217473999999996,16.702799,BM
"Brno,Zetor - smyčka",49.199363,16.670546,BM
"Brno,Hlavní nádraží",49.19185000000001,16.613617,BM
"Brno,Tomkovo náměstí",49.214259,16.63678,BM
"Brno,Útěchov",49.28963699999999,16.630401,BM
"Vranov, hřbitov",49.30582700000001,16.622567,BO
"Miroslav, statek",48.945987,16.317807,ZN
"Miroslav, autobusové nádraží",48.947007,16.313,ZN
"Hevlín, škola",48.751398,16.380222,ZN
"Brno,Vlárská",49.180702,16.672017,BM
"Kyjov, nemocnice",49.006952999999996,17.110797,HO
"Brno,Jírova",49.209783,16.688088,BM
"Brno,Staré letiště",49.185064,16.659019,BM
"Brno,Airport Park",49.158218,16.684538,BM
"Hevlín, cihelna",48.761458,16.383421,ZN
"Miroslav, Kašenec, točna",48.91918299999999,16.327708,ZN
Strážovice,49.009299999999996,17.047132,HO
"Brno,Olomoucká - u školy",49.18643699999999,16.652477,BM
"Brno,Kšírova",49.17135,16.615769,BM
Letiště - logistický areál,49.15626999999999,16.698196,BO
Hrabětice,48.79686199999999,16.395168,ZN
"Miroslav, jesle",48.94516699999999,16.307937,ZN
Stavěšice,49.00193799999999,17.029823,HO
"Brno,Spáčilova",49.188617,16.641569,BM
"Brno,Košuličova",49.164685,16.610183,BM
Letiště - logistický areál,49.156880999999984,16.698966,BO
"Šanov, u mostu",48.799233,16.386784,ZN
"Hostěradice, lom",48.946935999999994,16.265202,ZN
"Nenkovice, škola",49.004645,17.015652,HO
"Brno,Životského",49.190076999999995,16.634992,BM
"Brno,Pražákova",49.162887999999995,16.602621,BM
"Brno,Airport Park",49.158031,16.683199,BM
"Šanov, požární zbrojnice",48.802118,16.373985,ZN
Bantice,48.883225,16.184494,ZN
Stošíkovice na Louce,48.89529,16.214773,ZN
"Stošíkovice na Louce, rozcestí",48.889842,16.196684,ZN
"Prosiměřice, hostinec",48.902570999999995,16.19242,ZN
"Oleksovice, u potoka",48.904507,16.243616,ZN
"Oleksovice, hostinec",48.901759999999996,16.250358,ZN
Damnice,48.920112,16.373595,ZN
Dolenice,48.909271999999994,16.364848,ZN
Suchohrdly u Miroslavi,48.943011999999996,16.363188,ZN
"Hrušovany nad Jevišovkou, Znojemská",48.829847999999984,16.394299,ZN
Pravice,48.843889,16.361861,ZN
"Břežany, u hostince",48.867867,16.344198,ZN
"Břežany, u pošty",48.870178,16.339708,ZN
"Břežany, u statku",48.872426999999995,16.338143,ZN
"Břežany, osada Ležák",48.88702599999999,16.347494,ZN
Kašnice,48.99654999999999,16.882844,BV
"Klobouky u Brna, hřbitov",48.998318,16.862927,BV
"Borkovany, Štoček",49.024761999999996,16.81287,BV
Borkovany,49.028593,16.809794,BV
"Borkovany, Tomášov",49.029142,16.804831,BV
"Brno,Komárov",49.17519399999999,16.621479,BM
"Klobouky u Brna, škola",48.99713599999999,16.865878,BV
"Kyjov, Brandlova sídliště",49.01192300000001,17.136618,HO
"Kostelec, u mostu",49.026939,17.152267,HO
"Kostelec, horní zastávka",49.032285,17.149582,HO
"Čeložnice, Domov důchodců",49.048863,17.154308,HO
Čeložnice,49.051554999999986,17.154533,HO
"Kostelec, točna",49.026817,17.152758,HO
"Dubňany, škola",48.91102599999999,17.100696,HO
"Dubňany, u mlýna",48.915063,17.098965,HO
"Dubňany, pivnice",48.916404,17.096321,HO
"Dubňany, kaplička",48.916177,17.089455,HO
"Dubňany, učiliště",48.91778800000001,17.084938,HO
"Dubňany, rozcestí k železniční stanici",48.920716999999996,17.073278,HO
"Dubňany, Jarohněvice",48.924738000000005,17.075872,HO
"Dubňany, školka",48.917089,17.093407,HO
"Dubňany, Horní Huť",48.926363,17.08807,HO
"Dubňany, náměstí",48.920182999999994,17.102718,HO
"Dubňany, kostel",48.922912,17.107818,HO
"Klobouky u Brna, ropovod",48.98360499999999,16.862812,BV
"Klobouky u Brna, samota",48.97557,16.862043,BV
"Morkůvky, obecní úřad",48.966444999999986,16.862964,BV
"Brumovice, škola",48.962953999999996,16.896326,BV
"Brumovice, obecní úřad",48.95918799999999,16.896288,BV
"Brumovice, železniční stanice",48.947197,16.905822,BV
"Kobylí, statek",48.942318,16.897075,BV
Kobylí,48.93206,16.884068,BV
"Kobylí, škola",48.928780999999994,16.886542,BV
"Vrbice, Jednota",48.916185,16.896002,BV
"Vrbice, obecní úřad",48.912758,16.891944,BV
"Bořetice, u Floriánka",48.91070399999999,16.858762,BV
Bořetice,48.91188999999999,16.854014,BV
"Bořetice, železniční stanice",48.91637299999999,16.851462,BV
"Němčičky, u mlýna",48.933338,16.834867,BV
"Němčičky, ZD",48.935779000000004,16.830554,BV
"Němčičky, střed",48.934891,16.82186,BV
"Němčičky, transformátor",48.933393,16.818822,BV
"Němčičky, rozcestí",48.936496999999996,16.816053,BV
"Velké Pavlovice, obchodní středisko",48.90218999999999,16.818205,BV
"Velké Pavlovice, autobusové nádraží",48.897816,16.816927,BV
"Klobouky u Brna, Wurmova",48.99370499999999,16.863788,BV
Uherské Hradiště,49.066874999999996,17.457386,UH
Staré Město u Uherského Hradiště,49.076104,17.422843,UH
Kunovice,49.051929,17.47006,UH
"Sedlec, pošta",48.779211999999994,16.691376,BV
"Sedlec, sídliště",48.773291,16.703677,BV
"Valtice, aut. st.",48.742746999999994,16.755543,BV
"Břeclav, autobusové nádraží",48.75480199999999,16.893472,BV
"Břeclav, Poštorná, kostel",48.752832,16.867198,BV
"Valtice, bažantnice",48.75293,16.73886,BV
"Brno,Hlavní nádraží",49.191902,16.613146,BM
"Brno,Chrlice, nádraží",49.13196,16.656822,BM
"Sokolnice, železniční stanice",49.10830099999999,16.733683,BO
Újezd u Brna,49.107296999999996,16.745564,BO
Hostěrádky-Rešov,49.119722,16.7825,VY
Zbýšov,49.13222199999999,16.806111,VY
"Křenovice, hor. žel. st.",49.143492,16.824773,VY
"Letovice, železniční stanice",49.557181,16.571328,BK
Letovice zastávka,49.534833,16.5775,BK
Zboněk,49.52055599999999,16.584194,BK
Svitávka,49.500066999999994,16.5975,BK
"Skalice nad Svitavou, žel.st.",49.480315999999995,16.608974,BK
"Doubravice, žel.st.",49.440453,16.622388,BK
"Rájec-Jestřebí, železniční stanice",49.408865999999996,16.627295,BK
Dolní Lhota,49.386917,16.633978,BK
Blansko město,49.361388999999996,16.638889,BK
"Blansko, aut. st.",49.353562999999994,16.646862,BK
"Březová nad Svitavou, železniční stanice",49.634179999999986,16.519565,SY
"Brněnec, Mor.Chrastová, žel.st.",49.622584,16.524857,SY
"Rozhraní, železniční zastávka",49.603242,16.53188,SY
"Rousínov, žel. st.",49.196667000000005,16.867139,VY
Luleč,49.24805599999999,16.921667,VY
"Boskovice, aut.st.",49.49159199999999,16.653139,BK
Velké Opatovice,49.611110999999994,16.690833,BK
"Cetkovice, žel.st.",49.588256,16.704873,BK
"Nenkovice, obecní úřad",49.004088,17.011239,HO
"Brno,Adamcova",49.21842699999999,16.519896,BM
"Brno,Podsednická",49.209032,16.645736,BM
"Brno,Masná",49.191202999999994,16.62655,BM
"Brno,Spáčilova",49.18867399999999,16.640942,BM
"Hrušovany nad Jevišovkou, žel. st.",48.81024699999999,16.383262,ZN
"Brno,Kulkova",49.21171699999999,16.64853,BM
"Nenkovice, u kašny",49.00177999999999,17.008004,HO
"Brno,Olomoucká - u školy",49.18616899999999,16.652958,BM
"Brno,Slavíčkova",49.22608799999999,16.617914,BM
"Hrabětice, rozcestí",48.811255,16.39406,ZN
"Brno,Depo ČD",49.215405999999994,16.653524,BM
Želetice,49.012587,17.009244,HO
"Brno,Staré letiště",49.18486999999999,16.65953,BM
"Brno,Fillova",49.22910499999999,16.616814,BM
"Hrušovany nad Jevišovkou, statek",48.81749799999999,16.397738,ZN
"Brno,Železniční stavitelství",49.21713299999998,16.654292,BM
"Želetice, statek",49.015212999999996,17.006876,HO
"Brno,Vozovna Slatina",49.182840999999996,16.673529,BM
"Brno,Loosova",49.232374,16.619952,BM
"Hrušovany nad Jevišovkou, lékárna",48.828749,16.39952,ZN
"Hrušovany nad Jevišovkou, Lidická, VÚPP",48.83149,16.401916,ZN
"Hrušovany nad Jevišovkou, STS",48.84289299999999,16.403782,ZN
"Litobratřice, u konírny",48.88351,16.400845,ZN
"Litobratřice, obecní úřad",48.888135999999996,16.403221,ZN
Jiřice u Miroslavi,48.920697,16.39138,ZN
"Troskotovice, prodejna",48.91866199999999,16.432618,BO
"Troskotovice, škola",48.918863,16.436743,BO
"Troskotovice, hřbitov",48.921942,16.441028,BO
"Vlasatice, Troskotovická",48.931098,16.483465,BO
"Vlasatice, obecní úřad",48.933722,16.484161,BO
"Pohořelice, Velký Dvůr, rozcestí",48.962035,16.519421,BO
"Pohořelice, průmyslová zóna jih",48.971631,16.516888,BO
"Pohořelice, Městský úřad",48.97691199999999,16.515378,BO
"Pohořelice, náměstí",48.980757,16.522231,BO
"Pohořelice, Brněnská",48.984899999999996,16.530256,BO
"Pohořelice, průmyslová zóna východ",48.99023,16.540052,BO
"Modřice, Brněnská",49.12976199999999,16.604962,BO
"Brno,Ústřední hřbitov",49.171552999999996,16.597658,BM
"Brno,Strážní",49.178342,16.603811,BM
"Brno,ÚAN Zvonařka",49.18534300000001,16.616369,BM
"Modřice, Tyršova",49.12983199999999,16.603529,BO
"Hevlín, LAA BOMBA - SHOPPING CENTER",48.732096999999996,16.38276,ZN
"Laa an der Thaya, Stadtplatz",48.720393,16.384622,
"Laa an der Thaya, Bahnhof",48.723106,16.402444,
"Laa an der Thaya, Therme",48.723046999999994,16.395582,
"Znojmo, autobusové nádraží",48.852314,16.057679,ZN
"Mikulov, železniční stanice",48.801868999999996,16.626232,BV
"Mikulov, u parku",48.80243699999999,16.634063,BV
"Mikulov, Brněnská",48.812172999999994,16.630505,BV
"Bavory, rozcestí",48.83075900000001,16.61278,BV
"Dolní Dunajovice, rozcestí",48.851255,16.609777,BV
"Dolní Dunajovice, Jednota",48.85512799999999,16.592166,BV
"Dolní Dunajovice, Hlavní",48.857601999999986,16.586878,BV
"Brod nad Dyjí, obecní úřad",48.876293,16.536768,BV
"Pasohlávky, u kostela",48.90308,16.54164,BO
"Pasohlávky, rozcestí Ivaň",48.918785,16.557255,BO
"Pohořelice, Nová Ves",48.93707199999999,16.528308,BO
"Mikulov, 22. dubna",48.805487,16.633496,BV
"Pohořelice, Vilémov",48.948333,16.531333,BO
"Pohořelice, Mariánský dvůr",48.956485,16.530842,BO
"Pohořelice, Velký Dvůr",48.962087,16.532687,BO
"Pasohlávky, Aqualand Moravia",48.90452599999999,16.576056,BO
"Kubšice, křižovatka",49.00199799999999,16.408543,ZN
"Olbramovice, prodejna",48.989883,16.395776,ZN
"Olbramovice, restaurace",48.9842,16.400764,ZN
"Šumice, škola",48.991758999999995,16.437271,BO
"Loděnice, křižovatka Šumická",49.011128,16.458541,BO
"Loděnice, obecní úřad",49.01148399999999,16.463219,BO
"Loděnice, škola",49.01177199999999,16.468037,BO
"Malešovice, obecní úřad",49.02286899999999,16.500382,BO
"Odrovice, bytovky",49.011565000000004,16.507115,BO
Odrovice,49.007622,16.511004,BO
Cvrčovice,48.99664799999999,16.51287,BO
"Cvrčovice, učiliště",48.99082299999999,16.516354,BO
"Pohořelice, Tyršova",48.983574999999995,16.519513,BO
"Brno,Novomoravanská",49.153104,16.600346,BM
"Brno,Moravanské lány",49.149446999999995,16.6014,BM
"Brno,Moravanská",49.14275,16.602546,BM
"Rajhrad, městský úřad",49.08981299999999,16.603978,BO
"Rajhrad, železniční stanice",49.08439099999999,16.605152,BO
"Rajhrad, stará pošta",49.087692,16.591767,BO
"Rajhrad, GEIS",49.085488,16.582678,BO
Syrovice,49.080309,16.548539,BO
"Syrovice, logistický areál",49.075932999999985,16.55606,BO
"Syrovice, Sobotovická",49.07762499999999,16.545298,BO
"Sobotovice, transformátor",49.061513,16.552708,BO
Sobotovice,49.059106,16.558127,BO
"Ledce, obecní úřad",49.052175000000005,16.555735,BO
"Ledce, rozcestí",49.049795,16.565591,BO
"Medlov, seniorcentrum",49.035711,16.528611,BO
Medlov,49.034707,16.523155,BO
"Medlov, Kafilerie",49.017782,16.534937,BO
"Pohořelice, Smolín",49.00729599999999,16.540233,BO
"Brno,Ořechovská",49.156838,16.599868,BM
"Práče, rozcestí",48.870839999999994,16.201992,ZN
"Lechovice, obecní úřad",48.87254699999999,16.221805,ZN
"Brno,Jarní ČD",49.220905,16.652747,BM
Dražůvky,49.031967,17.020073,HO
"Brno,Hviezdoslavova",49.181635,16.677255,BM
"Brno,Haškova",49.233582,16.624766,BM
Archlebov,49.043153,17.004003,HO
"Brno,Podzimní",49.221574,16.653112,BM
"Brno,Brechtova",49.233462,16.629437,BM
"Brno,Langrova",49.179828,16.681071,BM
Žarošice,49.04054399999999,16.966948,HO
"Brno,Červený písek",49.220474,16.657375,BM
"Brno,Blažkova",49.229597,16.631063,BM
"Brno,Mikulčická",49.17822700000001,16.684944,BM
"Žarošice, škola",49.039386,16.96151,HO
"Brno,V rejích",49.138974999999995,16.65507,BM
"Brno,Arbesova",49.22566799999999,16.630461,BM
"Brno,Kroměřížská",49.17898799999999,16.689151,BM
"Žarošice, Silničná, rozcestí Uhřice",49.05182299999999,16.953043,HO
"Brno,Holásky",49.14288699999999,16.651265,BM
"Brno,Heleny Malířové",49.223119,16.629209,BM
"Brno,Slatina, sídliště",49.181827,16.690272,BM
"Žarošice, Zdravá Voda",49.065466,16.945145,HO
"Brno,Škrobárenská",49.183282999999996,16.626321,BM
"Brno,Jundrovská",49.21186699999999,16.560093,BM
"Brno,Slatina, sídliště",49.18160499999999,16.690121,BM
"Žarošice, Těšanka",49.07908499999999,16.936527,HO
"Brno,Hladíkova",49.18681999999999,16.626223,BM
"Brno,Svratecká",49.21827799999999,16.552802,BM
"Brno,Kroměřížská",49.17830699999998,16.688244,BM
"Heršpice, Bílý Vlk",49.09581699999999,16.909504,VY
"Brno,Mošnova",49.19619800000001,16.640931,BM
"Brno,Erbenova",49.20959200000001,16.615921,BM
"Brno,Mikulčická",49.178464,16.683602,BM
"Nížkovice, rozcestí",49.11192,16.895856,VY
"Brno,Jílkova",49.196095,16.635913,BM
"Brno,Erbenova",49.209438,16.615481,BM
"Brno,Langrova",49.180038,16.68078,BM
"Slavkov u Brna, rozc. k žel. st. 0.5",49.14449199999999,16.878115,VY
"Slavkov u Brna, aut. st.",49.148915,16.876256,VY
"Velešovice, rozc.",49.16722699999999,16.842336,VY
"Holubice, nadjezd",49.178174,16.819134,VY
"Brno,Tržní",49.18957399999999,16.630826,BM
Vlkoš,48.99079999999999,17.161902,HO
"Vlkoš, škola",48.985418,17.159185,HO
Skoronice,48.981567,17.153852,HO
"Milotice, dvůr",48.965405999999994,17.140633,HO
"Milotice, náves",48.954458,17.142534,HO
"Milotice, škola",48.954294,17.152061,HO
Vacenovice,48.945308999999995,17.174035,HO
"Vacenovice, stadion",48.939542,17.170668,HO
"Ratíškovice, drůbežárna",48.931656,17.168898,HO
"Ratíškovice, u Svatého Jána",48.92363399999999,17.168248,HO
Ratíškovice,48.920918,17.161616,HO
"Ratíškovice, U Hájenky",48.91532,17.160521,HO
"Hodonín, Pánov",48.882663,17.147456,HO
"Hodonín, cihelna",48.872107,17.146554,HO
"Hodonín, Černý most",48.866437,17.142114,HO
"Hodonín, lázně",48.862781999999996,17.140622,HO
"Hodonín, restaurace Morava",48.855483,17.133591,HO
"Hodonín, autobusové nádraží",48.854535999999996,17.121489,HO
"Hodonín, Brněnská",48.862542,17.118805,HO
"Hodonín, STS",48.87116799999999,17.116543,HO
"Hodonín, Zbrod",48.887739999999994,17.064662,HO
"Mutěnice, křižovatka",48.904577,17.028731,HO
"Mutěnice, škola",48.90758499999999,17.019059,HO
"Hovorany, čerpací stanice",48.942265,16.985834,HO
"Hovorany, rozcestí",48.94859199999999,16.979728,HO
"Čejč, náměstí",48.94604399999999,16.96668,HO
Terezín,48.95675700000001,16.940812,HO
"Krumvíř, statek",48.981398,16.923495,BV
"Krumvíř, železniční stanice",48.984981000000005,16.9172,BV
"Krumvíř, obecní úřad",48.988929,16.910556,BV
"Klobouky u Brna, Nádražní",48.994491,16.878969,BV
"Klobouky u Brna, samoobsluha",48.995116,16.867176,BV
"Klobouky u Brna, náměstí",48.99530599999999,16.857448,BV
"Klobouky u Brna, rozcestí",49.00057999999999,16.862422,BV
"Klobouky u Brna, Martinice, rozcestí",49.013554,16.828333,BV
Těšany,49.039400999999984,16.771127,BO
"Těšany, u váhy",49.041014,16.76507,BO
"Moutnice, střed",49.04906199999999,16.737068,BO
"Moutnice, Rozařín",49.052794999999996,16.737614,BO
"Měnín, rozcestí",49.087222,16.716474,BO
Telnice,49.10174899999999,16.718377,BO
"Sokolnice, rozvodna",49.11491599999999,16.704879,BO
"Brno,Tuřany, smyčka",49.141816,16.666903,BM
"Brno,Hanácká",49.14709799999999,16.667018,BM
"Brno,Ivanovické náměstí",49.153347999999994,16.653773,BM
"Brno,Ráječek",49.16109999999999,16.637815,BM
"Brno,Mariánské náměstí",49.176588,16.622541,BM
"Brno,Konopná",49.17998699999999,16.621367,BM
"Sobůlky, ZD",49.017737,17.080647,HO
Sobůlky,49.021339,17.078569,HO
Věteřov,49.028513999999994,17.056009,HO
"Dražůvky, rozcestí",49.039883,17.022766,HO
"Uhřice, horní zastávka",49.05105199999999,16.945723,HO
"Uhřice, dolní zastávka",49.047816000000005,16.949199,HO
"Uhřice, Janův Dvůr",49.02376199999999,16.96208,HO
"Dambořice, Šerůčky",49.02847800000001,16.93612,HO
"Dambořice, Loučka",49.034669,16.924376,HO
"Dambořice, u pomníku",49.036424000000004,16.917627,HO
Dambořice,49.040033,16.917283,HO
"Vlkoš, Tesko",48.98710400000001,17.172588,HO
"Vracov, Slokov",48.981767,17.207748,HO
"Vracov, obecní úřad",48.979693999999995,17.219396,HO
"Bzenec, Nový Svět",48.972967,17.251471,HO
"Bzenec, náměstí",48.972859000000014,17.266371,HO
"Bzenec, ZŠ",48.97049199999999,17.27964,HO
"Bzenec, Doubrava",48.961679999999994,17.28707,HO
"Bzenec, Přívoz, železniční stanice",48.93582099999999,17.288241,HO
"Brno,Uzavřená",49.196975,16.633346,BM
"Brno,Zemědělská",49.21081199999998,16.618421,BM
"Brno,Hviezdoslavova",49.18219,16.676025,BM
"Brno,Tomáškova",49.19964699999999,16.631598,BM
"Brno,Vozovna Slatina",49.183032,16.672807,BM
"Brno,Zimní I",49.213186,16.658794,BM
"Brno,Vlárská",49.181293,16.673822,BM
"Brno,Zimní II",49.213409,16.655937,BM
"Brno,Kristenova",49.220962,16.554325,BM
"Brno,Avion Shopping Park",49.15819799999999,16.627919,BM
"Brno,Chaloupky",49.222719999999995,16.55648,BM
"Brno,Electroworld",49.154354,16.629223,BM
"Brno,Olbrachtovo náměstí",49.225106,16.558598,BM
"Brno,Janáčkovo divadlo",49.198164999999996,16.610034,BM
"Brno,Řezáčova",49.226605,16.555381,BM
"Brno,Heleny Malířové",49.22357,16.629572,BM
"Brno,Schodová",49.206731,16.612212,BM
"Brno,Komín, sídliště",49.22699,16.553346,BM
"Brno,Arbesova",49.22628600000001,16.630842,BM
"Brno,Zimní stadion",49.208785999999996,16.609799,BM
"Brno,Komín, sídliště",49.226846999999985,16.5535,BM
"Brno,Blažkova",49.230568,16.631,BM
"Brno,Sportovní",49.212233999999995,16.607184,BM
"Brno,Řezáčova",49.225978999999995,16.555563,BM
"Brno,Brechtova",49.234039,16.629206,BM
"Brno,NC Královo Pole",49.217588,16.606968,BM
"Brno,Olbrachtovo náměstí",49.224292,16.558568,BM
"Brno,Haškova",49.23380100000001,16.624796,BM
"Brno,Reissigova",49.216469999999994,16.603814,BM
"Brno,Chaloupky",49.223106,16.557048,BM
"Brno,Kupkova",49.236519,16.627603,BM
"Brno,Štefánikova",49.21538400000001,16.599228,BM
"Brno,Kristenova",49.221078,16.554278,BM
"Brno,U rozvodny",49.240973000000004,16.62736,BM
"Brno,Optátova",49.208965,16.555555,BM
"Brno,Přívrat",49.21810899999999,16.574404,BM
"Brno,Panská lícha",49.24527,16.624807,BM
"Brno,Nálepkova",49.20879399999999,16.55232,BM
"Brno,Makovského náměstí",49.21788099999999,16.576657,BM
"Brno,Štěpánkova",49.25164899999999,16.62312,BM
"Brno,Jundrov",49.21183599999999,16.550693,BM
"Brno,Náměstí Svornosti",49.21517899999999,16.58299,BM
"Brno,Klarisky",49.256961,16.622588,BM
"Brno,Jundrov",49.211666,16.550607,BM
"Brno,Optátova",49.208867,16.555614,BM
"Brno,Štefánikova",49.21528,16.599053,BM
"Brno,Reissigova",49.21636999999999,16.60365,BM
"Brno,NC Královo Pole",49.21755300000001,16.607232,BM
"Brno,Reissigova",49.21592499999999,16.604659,BM
"Brno,Sportovní",49.212001,16.607125,BM
"Brno,Zimní stadion",49.208863999999984,16.609536,BM
"Brno,Schodová",49.20647400000001,16.612255,BM
"Brno,Janáčkovo divadlo",49.197996999999994,16.610307,BM
"Brno,Electroworld",49.15471599999999,16.629354,BM
"Brno,Ikea",49.156434999999995,16.628041,BM
"Brno,Avion Shopping Park",49.15834299999999,16.627978,BM
"Modřice, železniční stanice",49.133039,16.607436,BO
"Brno,Stamicova",49.19469399999999,16.539692,BM
"Brno,ZŠ Jana Babáka",49.21379999999999,16.590632,BM
"Brno,Černovické nábřeží",49.180623000000004,16.62986,BM
"Brno,Kounicovy koleje",49.20763,16.582971,BM
"Brno,Tichého",49.204993,16.581692,BM
"Brno,Náměstí Míru",49.20241399999998,16.581386,BM
"Brno,Náměstí Míru",49.201995999999994,16.581664,BM
"Brno,Tábor",49.210682999999996,16.587238,BM
"Brno,Šumavská",49.213401000000005,16.600874,BM
"Brno,Klusáčkova",49.21352199999999,16.593291,BM
"Brno,Lerchova",49.198847,16.583514,BM
"Brno,Myslivna",49.18747,16.552137,BM
"Brno,Myslivna",49.18785999999999,16.552068,BM
"Brno,Vaňkovo náměstí",49.19541099999999,16.585772,BM
"Brno,Lerchova",49.19859799999999,16.583814,BM
"Brno,Ukrajinská",49.17054099999999,16.584623,BM
"Brno,Ukrajinská",49.170646,16.585289,BM
"Brno,Výstaviště - vstup G2",49.190580999999995,16.5796,BM
"Modřice, železniční stanice",49.133049,16.607809,BO
"Brno,Hlavní nádraží",49.193228,16.614499,BM
"Brno,Šmahova",49.17144799999999,16.685105,BM
"Brno,Letiště - služební vstup",49.155635,16.691132,BM
"Brno,Letiště Tuřany - terminál",49.15481499999999,16.692296,BM
"Brno,Letiště Tuřany - terminál",49.154844999999995,16.692583,BM
CTPark Brno South,49.160548,16.700716,BO
"Brno,Hlavní nádraží",49.193377999999996,16.614579,BM
"Brno,Drážní",49.167302,16.685492,BM
"Brno,Slatinka",49.164877,16.688945,BM
"Brno,Slatinka",49.164971,16.688835,BM
"Brno,Drážní",49.167480999999995,16.685416,BM
"Brno,Česká",49.198212,16.606637,BM
"Brno,Vojenská nemocnice",49.201705,16.631172,BM
"Brno,Francouzská",49.202906,16.626037,BM
"Brno,Červený kopec",49.182091,16.587995,BM
"Brno,Gruzínská",49.167041000000005,16.586433,BM
"Brno,Ukrajinská",49.170325,16.585437,BM
"Brno,U hřiště",49.167927,16.559323,BM
"Brno,Valašská",49.16671899999999,16.562855,BM
"Brno,Valašská",49.166746,16.562866,BM
"Brno,Labská",49.171396,16.559496,BM
"Brno,Gruzínská",49.166633,16.586336,BM
"Brno,OC Futurum",49.154571,16.598398,BM
"Brno,Červený kopec",49.182091,16.587995,BM
"Brno,Jugoslávská",49.20373399999998,16.624373,BM
"Brno,Malinová",49.259433,16.624027,BM
"Brno,Lesní školka",49.263184999999986,16.625985,BM
U jezírka,49.26979999999999,16.629184,BO
U buku,49.276348,16.630361,BO
"Brno,Rozcestí",49.285805,16.63179,BM
"Brno,Útěchov",49.288456,16.630493,BM
"Brno,Útěchov",49.28821,16.630705,BM
"Brno,Rozcestí",49.28554799999999,16.631807,BM
U buku,49.27637899999999,16.630333,BO
U jezírka,49.269951999999996,16.629033,BO
"Brno,Lesní školka",49.26304999999999,16.625897,BM
"Brno,Malinová",49.25918599999999,16.623587,BM
"Brno,Klarisky",49.257223,16.622493,BM
"Brno,Rozárka",49.25408799999999,16.622556,BM
"Brno,Štěpánkova",49.251234,16.623308,BM
"Brno,Panská lícha",49.245101999999996,16.624834,BM
"Brno,U rozvodny",49.240749999999984,16.627342,BM
"Brno,Kupkova",49.236128,16.627756,BM
"Brno,Vlárská",49.181135999999995,16.673563,BM
"Brno,Slatina, nádraží",49.169777,16.682481,BM
"Brno,Slatina, nádraží",49.16975599999999,16.682633,BM
"Brno,Ericha Roučky",49.175108999999985,16.669439,BM
"Brno,Černovičky",49.183907,16.668247,BM
"Brno,Podstránská",49.186855,16.66649,BM
"Brno,Bělohorská",49.18990399999999,16.662135,BM
"Brno,Špačkova",49.190815,16.659552,BM
"Brno,Podlomní",49.192497,16.654989,BM
"Brno,Karlova",49.213487,16.643814,BM
"Brno,Obřany, sídliště",49.235525,16.644187,BM
"Brno,Masná",49.19097699999999,16.62604,BM
"Brno,Hájecká",49.174587,16.64245,BM
"Brno,Vinohradská",49.172509,16.645753,BM
"Brno,Staré Černovice",49.169841,16.64782,BM
"Brno,Staré Černovice",49.17007299999999,16.647998,BM
"Brno,Vinohradská",49.17298399999999,16.645305,BM
"Brno,Hájecká",49.17486799999999,16.641618,BM
"Brno,Mírová",49.176642,16.632052,BM
"Brno,Černovická",49.17696000000001,16.62623,BM
"Brno,Záhumenice",49.16383999999999,16.618237,BM
"Brno,Havránkova",49.157416,16.621598,BM
"Brno,Dolní Heršpice",49.152293,16.621527,BM
"Brno,Malá",49.149325999999995,16.621809,BM
"Brno,Přízřenice",49.145289,16.62011,BM
"Brno,Jezerní",49.140706,16.616994,BM
"Brno,Modřická",49.137766,16.616316,BM
"Modřice, Žižkova",49.134158,16.615127,BO
"Modřice, Žižkova",49.13395,16.615133,BO
"Brno,Modřická",49.138071,16.616433,BM
"Brno,Přízřenice",49.14511399999999,16.620118,BM
"Brno,Malá",49.149336999999996,16.62186,BM
"Brno,Dolní Heršpice",49.15210299999999,16.621657,BM
"Brno,Havránkova",49.15790499999999,16.621394,BM
"Brno,Záhumenice",49.16420900000001,16.618079,BM
"Brno,Kšírova",49.171725999999985,16.615746,BM
"Brno,Černovická",49.176797,16.628417,BM
"Brno,Mírová",49.17635799999999,16.632738,BM
"Brno,Hájecká",49.174524999999996,16.64123,BM
"Brno,Přízřenice, smyčka",49.144321,16.620834,BM
"Brno,Přízřenice, smyčka",49.144238,16.621481,BM
"Brno,Obřanský most",49.227837,16.648997,BM
"Brno,Karlova",49.212524,16.643366,BM
"Brno,Úzká",49.19094799999999,16.614356,BM
"Brno,Bednářova",49.16190199999999,16.61357,BM
"Brno,K terminálu",49.161508,16.612183,BM
"Brno,Bednářova",49.16190199999999,16.61357,BM
"Brno,K terminálu",49.161508,16.612183,BM
"Brno,Modřice, čistička",49.131883,16.63356,BO
"Brno,Dvůr v lese",49.12569299999999,16.633448,BM
"Brno,Jindřichova",49.21313199999999,16.583163,BM
"Brno,Spojovací",49.211772,16.58703,BM
"Brno,Česká",49.198358999999996,16.605534,BM
"Brno,Spojovací",49.212098999999995,16.586305,BM
"Brno,Jindřichova",49.21325999999999,16.582924,BM
"Brno,Náměstí Svornosti",49.215585,16.582,BM
"Brno,Makovského náměstí",49.217922,16.576761,BM
"Brno,Přívrat",49.21824699999999,16.574102,BM
"Brno,Vychodilova",49.220431,16.571764,BM
"Brno,Vychodilova",49.220203999999995,16.571445,BM
"Brno,Přívrat",49.218899,16.573139,BM
"Brno,Přívrat",49.218889999999995,16.573206,BM
"Brno,Antonína Procházky",49.194292,16.55926,BM
"Brno,Libušino údolí",49.195913,16.555199,BM
"Brno,Libušina třída",49.19798,16.548135,BM
"Brno,Borodinova",49.19653999999999,16.545458,BM
"Brno,Glinkova",49.193963000000004,16.544268,BM
"Brno,Stamicova",49.194965999999994,16.539634,BM
"Brno,Voříškova",49.196442,16.534213,BM
"Brno,Bellova",49.19389799999999,16.53095,BM
"Brno,Talichova",49.191695,16.529784,BM
"Brno,Pavlovská",49.189569,16.531348,BM
"Brno,Jírovcova",49.18830799999999,16.534105,BM
"Brno,Jírovcova",49.187315999999996,16.535309,BM
"Brno,Jírovcova",49.18830799999999,16.534105,BM
"Brno,Preslova",49.199468,16.570483,BM
"Brno,Marie Pujmanové",49.198128,16.573743,BM
"Brno,Neumannova",49.196459,16.578249,BM
"Brno,Pavlíkova",49.19473399999998,16.582794,BM
"Brno,Vaňkovo náměstí",49.19496199999999,16.586678,BM
"Brno,Žlutý kopec",49.195368,16.588271,BM
"Brno,Tvrdého",49.196917,16.592895,BM
"Brno,Úvoz",49.198299,16.595263,BM
"Brno,Komenského náměstí",49.197026,16.602057,BM
"Brno,Úvoz",49.19842199999999,16.594951,BM
"Brno,Žlutý kopec",49.19514999999999,16.587289,BM
"Brno,Vaňkovo náměstí",49.195052,16.585013,BM
"Brno,Kampelíkova",49.197511999999996,16.581178,BM
"Brno,Soukopova",49.198955999999995,16.579053,BM
"Brno,Barvičova",49.20118899999999,16.575746,BM
"Brno,Barvičova",49.201047,16.575783,BM
"Brno,Soukopova",49.19913199999999,16.578726,BM
"Brno,Kampelíkova",49.19738399999999,16.581205,BM
"Brno,Vaňkovo náměstí",49.195052,16.585013,BM
"Brno,Pavlíkova",49.19501199999999,16.581894,BM
"Brno,Neumannova",49.196721000000004,16.577681,BM
"Brno,Marie Pujmanové",49.198265,16.573344,BM
"Brno,Preslova",49.19912800000001,16.571114,BM
"Brno,Květná",49.193383999999995,16.576691,BM
"Brno,Pavlíkova",49.194603,16.584264,BM
"Brno,Hlavní nádraží",49.19172499999999,16.613648,BM
"Újezd u Brna, městský úřad",49.103863,16.757612,BO
"Brno,Glocova",49.151301,16.65914,BM
"Brno,Úzká",49.188995999999996,16.612968,BM
"Brno,Soukenická",49.188373999999996,16.60657,BM
"Brno,Křídlovická",49.18581199999999,16.603614,BM
"Brno,Ústřední hřbitov",49.172700999999996,16.597725,BM
"Brno,Krematorium",49.17291399999999,16.590082,BM
"Brno,Vlčnovská",49.211166,16.659638,BM
"Brno,Akátky",49.20875099999999,16.648718,BM
"Brno,Údolíček",49.206485,16.643832,BM
"Brno,Stará osada",49.202352999999995,16.64196,BM
"Brno,Merhautova",49.214987,16.627639,BM
"Brno,Provazníkova",49.214516,16.623874,BM
"Brno,Lesnická",49.212882,16.617847,BM
"Brno,Zimní stadion",49.21003799999999,16.609753,BM
"Brno,Pionýrská",49.207597,16.603592,BM
"Brno,Konečného náměstí",49.204849,16.595324,BM
"Brno,Čápkova",49.20305199999999,16.592851,BM
"Brno,Úvoz",49.199359999999984,16.59331,BM
"Brno,Mendlovo náměstí",49.190267999999996,16.593274,BM
"Brno,Výstaviště - hlavní vstup",49.18958,16.586471,BM
"Brno,Lipová",49.19169599999999,16.576091,BM
"Brno,Pisárky",49.19351699999999,16.571155,BM
"Brno,Anthropos",49.193146,16.565715,BM
"Brno,Lesní",49.18542399999999,16.564745,BM
"Brno,Raisova",49.182056,16.562493,BM
"Brno,Čtvrtě",49.17821,16.563175,BM
"Brno,Univerzitní kampus",49.17745499999999,16.567173,BM
"Brno,Nemocnice Bohunice",49.176698999999985,16.567102,BM
"Brno,Osová",49.16947,16.566556,BM
"Brno,Čtvrtě",49.17793199999999,16.561546,BM
"Brno,Koniklecová",49.176634,16.558219,BM
"Brno,Oblá",49.177573,16.552766,BM
"Brno,Kamenný vrch",49.179914000000004,16.547756,BM
"Brno,Kamenný vrch",49.179747,16.547764,BM
"Brno,Oblá",49.177425,16.552647,BM
"Brno,Koniklecová",49.176416999999994,16.559347,BM
"Brno,Pálavské náměstí",49.20611999999999,16.657682,BM
"Brno,Nemocnice Bohunice",49.176698999999985,16.567102,BM
"Brno,Jundrovský most",49.210699000000005,16.558163,BM
"Brno,Jundrov, hřiště",49.204674,16.56001,BM
"Brno,Veslařská",49.20282,16.564736,BM
"Brno,Jírovcova",49.188255000000005,16.533803,BM
"Brno,Pavlovská",49.189952000000005,16.531006,BM
"Brno,Talichova",49.191443,16.52996,BM
"Brno,Bellova",49.19418599999999,16.531513,BM
"Brno,Voříškova",49.196515000000005,16.535962,BM
"Brno,Stamicova",49.19469399999999,16.539692,BM
"Brno,Glinkova",49.193863,16.544288,BM
"Brno,Borodinova",49.19594699999999,16.545527,BM
"Brno,Libušina třída",49.19761499999999,16.549164,BM
"Brno,Libušino údolí",49.195494999999994,16.55543,BM
"Brno,Antonína Procházky",49.193559,16.561795,BM
"Brno,Černého",49.213885,16.523087,BM
"Brno,Filipova",49.217834,16.525213,BM
"Brno,Laštůvkova",49.220276999999996,16.525375,BM
"Brno,Náměstí 28. dubna",49.226314,16.53213,BM
"Brno,Kamenolom",49.221655,16.536983,BM
"Brno,Podlesí",49.21875899999999,16.542623,BM
"Brno,Lísky",49.219967,16.549281,BM
"Brno,Svratecká",49.218695999999994,16.554399,BM
"Brno,Podveská",49.217606999999994,16.558178,BM
"Brno,Vrázova",49.216977,16.568646,BM
"Brno,Královo Pole, nádraží",49.22988099999999,16.595274,BM
"Brno,Husitská",49.22406299999999,16.593994,BM
"Brno,Slovanské náměstí",49.22352500000001,16.591009,BM
"Brno,Skácelova",49.22135299999999,16.584711,BM
"Brno,Záhřebská",49.21960200000001,16.579157,BM
"Brno,Přívrat",49.218787999999996,16.574147,BM
"Brno,Vrázova",49.216967999999994,16.568321,BM
"Brno,Štursova",49.216365,16.563715,BM
"Brno,Podveská",49.217623,16.559017,BM
"Brno,Svratecká",49.219007999999995,16.554451,BM
"Brno,Lísky",49.21982499999999,16.548868,BM
"Brno,Podlesí",49.21886099999999,16.542049,BM
"Brno,Kamenolom",49.222505999999996,16.537085,BM
"Brno,Zoologická zahrada",49.227822999999994,16.531364,BM
"Brno,Náměstí 28. dubna",49.225187999999996,16.531132,BM
"Brno,Vondrákova",49.22130299999999,16.528376,BM
"Brno,Laštůvkova",49.22018500000001,16.525212,BM
"Brno,Filipova",49.21759299999999,16.525168,BM
"Brno,Černého",49.214083,16.522812,BM
"Brno,Hlavní",49.216835999999994,16.560198,BM
"Brno,Hutařova",49.226073,16.588562,BM
"Brno,Srbská",49.228127,16.587054,BM
"Brno,Srbská",49.228201999999996,16.586939,BM
"Brno,Hutařova",49.22629100000001,16.588195,BM
"Brno,Charvatská",49.219543,16.592241,BM
"Brno,Šelepova",49.212877,16.596271,BM
"Brno,Botanická",49.210784,16.597532,BM
"Brno,Zahradníkova",49.208144999999995,16.599126,BM
"Brno,Sušilova",49.20439699999999,16.598621,BM
"Brno,Smetanova",49.20127099999999,16.602293,BM
"Brno,Česká",49.198304,16.605555,BM
"Brno,Česká",49.198305,16.605163,BM
"Brno,Smetanova",49.201909,16.601644,BM
"Brno,Sušilova",49.204346,16.598828,BM
"Brno,Zahradníkova",49.207772,16.59901,BM
"Brno,Botanická",49.210624,16.597711,BM
"Brno,Šelepova",49.21381800000001,16.595803,BM
"Brno,Charvatská",49.21923900000001,16.59252,BM
"Brno,Slovanské náměstí",49.22265900000001,16.591882,BM
"Brno,Černovičky",49.18224399999999,16.66894,BM
"Brno,Vlárská",49.18021499999998,16.672646,BM
"Brno,Brněnky",49.17877299999999,16.675206,BM
"Brno,Řípská",49.17381399999999,16.682005,BM
"Šlapanice, sídliště",49.16703,16.718338,BO
"Brno,Kejbaly",49.17336199999999,16.581961,BM
"Brno,Stará nemocnice",49.17364299999999,16.577115,BM
"Brno,Univerzitní kampus",49.17846,16.567533,BM
"Brno,Studentská",49.179371,16.569367,BM
"Brno,Studentská",49.179291,16.570244,BM
"Brno,Stará nemocnice",49.173436,16.577787,BM
"Brno,Krematorium",49.172826,16.590375,BM
"Brno,Ústřední hřbitov",49.17255500000001,16.598505,BM
"Brno,Křídlovická",49.185748,16.603967,BM
"Brno,Soukenická",49.188987000000004,16.608514,BM
"Brno,Glocova",49.151074,16.659518,BM
"Brno,Revoluční",49.14942599999999,16.663085,BM
"Brno,Sokolnická",49.13140899999999,16.683455,BM
"Brno,Roviny",49.12793799999999,16.681267,BM
"Brno,Tovární",49.13343299999999,16.673552,BM
"Brno,Tovární",49.133229,16.673675,BM
"Brno,Roviny",49.127753999999996,16.681482,BM
"Brno,Sokolnická",49.13151599999998,16.683589,BM
"Brno,Tuřany, smyčka",49.14177399999999,16.666531,BM
"Brno,Adamcova",49.21824999999999,16.520013,BM
"Brno,Štouračova",49.21556199999999,16.521438,BM
"Brno,Kohoutovice, hájenka",49.19638,16.531386,BM
"Brno,Humenná",49.16795299999998,16.573664,BM
"Brno,Běloruská",49.17048100000001,16.58166,BM
"Brno,Bohunická",49.162697,16.600443,BM
"Brno,Horní Heršpice",49.167029,16.616537,BM
"Brno,Komárov",49.174812,16.620877,BM
"Brno,Mariánské náměstí",49.176237999999984,16.622949,BM
"Brno,Těžební",49.181965999999996,16.657236,BM
"Brno,Vlastimila Pecha",49.17937899999999,16.662741,BM
"Brno,Ericha Roučky",49.174783999999995,16.66987,BM
"Brno,Areál Slatina",49.168532,16.678786,BM
"Brno,Tuřany, smyčka",49.141757,16.666878,BM
"Brno,Královo Pole, nádraží",49.23022899999999,16.595629,BM
"Brno,Uzbecká",49.17217299999999,16.583374,BM
"Brno,Hluboká",49.176083999999996,16.596285,BM
"Brno,Řečkovice",49.247786999999995,16.579123,BM
"Brno,Řečkovice",49.247624,16.57912,BM
"Brno,Hluboká",49.175255,16.596267,BM
"Brno,Uzbecká",49.172343,16.583318,BM
"Brno,Běloruská",49.170462,16.581344,BM
"Brno,Humenná",49.1676,16.572367,BM
"Brno,Pod nemocnicí",49.172007,16.56833,BM
"Brno,Pisárky",49.193578,16.569575,BM
"Brno,Krejčího",49.177555,16.691625,BM
"Brno,Heršpická",49.170255,16.599363,BM
"Brno,Bohunická",49.162870999999996,16.599483,BM
"Brno,Traťová",49.16384899999999,16.595255,BM
"Brno,Gruzínská",49.166188,16.585372,BM
"Brno,Vyhlídalova",49.165134,16.576558,BM
"Brno,U hřiště",49.16621399999999,16.558668,BM
"Brno,Hoštická",49.17386400000001,16.528044,BM
"Brno,Bosonohy",49.17651999999999,16.525792,BM
"Brno,Bosonohy",49.17637199999999,16.525514,BM
"Brno,Hoštická",49.173916999999996,16.527822,BM
"Brno,U hřiště",49.165806,16.558562,BM
"Brno,Škroupova",49.192022,16.648112,BM
"Brno,Otakara Ševčíka",49.194988,16.646643,BM
"Brno,Podlomní",49.192252,16.655367,BM
"Brno,Špačkova",49.190929,16.658793,BM
"Brno,Bělohorská",49.189603000000005,16.662473,BM
"Brno,Podstránská",49.186139000000004,16.667061,BM
"Brno,Vojtova",49.183193999999986,16.600392,BM
"Brno,Poliklinika Lesná",49.22251299999999,16.625643,BM
"Brno,Halasovo náměstí",49.223406,16.622237,BM
"Brno,U tunýlku",49.222902,16.617348,BM
"Brno,Divišova čtvrť",49.223685,16.612398,BM
"Brno,Královopolská strojírna",49.224075,16.607207,BM
"Brno,Kociánka",49.225972000000006,16.601746,BM
"Brno,Rosického náměstí",49.214881999999996,16.56907,BM
"Brno,Vozovna Komín",49.214167999999994,16.559588,BM
"Brno,Anthropos",49.19341699999999,16.565665,BM
"Brno,Bauerova",49.185525999999996,16.574899,BM
"Brno,Velodrom",49.184905,16.582832,BM
"Brno,Křížkovského",49.18762699999999,16.587682,BM
"Brno,Křídlovická",49.18477899999999,16.601604,BM
"Brno,ÚAN Zvonařka",49.18518399999999,16.617539,BM
"Brno,ÚAN Zvonařka",49.185257,16.617821,BM
"Brno,Mariánské náměstí",49.176432999999996,16.622739,BM
"Brno,Komárov",49.17488699999999,16.621311,BM
"Brno,Horní Heršpice",49.16634199999999,16.616562,BM
"Brno,Kohoutovice, hájenka",49.19656,16.530778,BM
"Brno,Štouračova",49.214879999999994,16.521926,BM
"Brno,Ondrouškova",49.217721,16.517208,BM
"Brno,Ečerova",49.218746,16.50885,BM
"Brno,Ruda",49.220578,16.502837,BM
"Brno,Výstaviště - vstup G2",49.19040300000002,16.580275,BM
"Brno,Šárka",49.191566999999985,16.545721,BM
"Brno,Myslivní",49.19049699999999,16.543386,BM
"Brno,Výletní",49.191599999999994,16.539376,BM
"Brno,Žebětínská",49.195158,16.536454,BM
"Brno,Stará dálnice",49.199858,16.516922,BM
"Brno,Kopce",49.205490999999995,16.509214,BM
"Brno,Kohoutovická",49.20704199999999,16.497787,BM
"Brno,Žebětín, škola",49.207485999999996,16.491642,BM
"Brno,Křivánkovo náměstí",49.207179999999994,16.487513,BM
"Brno,Žebětín, hřbitov",49.20463399999999,16.487304,BM
"Brno,Bartolomějská",49.203619999999994,16.489502,BM
"Brno,Bartolomějská",49.203579,16.489346,BM
"Brno,Zoologická zahrada",49.227471,16.531889,BM
"Rohatec, Kolonie, rozc. k žel. stanici",48.893761999999995,17.202142,HO
"Rohatec, Kolonie, Maryša",48.888625999999995,17.208227,HO
"Rohatec, Soboňky",48.89542099999999,17.218332,HO
"Hodonín, nemocnice - lázně",48.862896,17.146339,HO
"Hodonín, vodárna",48.86778499999999,17.164752,HO
"Rohatec, Smíchov",48.87511899999999,17.178045,HO
"Rohatec, náměstí",48.880258999999995,17.181564,HO
"Rohatec, na kopci",48.887503,17.189532,HO
Nový Přerov,48.810388,16.493865,BV
Kralice nad Oslavou,49.193333,16.204722,TR
"Nikolčice, ZD",48.99977199999999,16.742824,BV
"Sudoměřice, obecní úřad",48.870862,17.249534,HO
"Sudoměřice, křižovatka",48.86764399999999,17.257454,HO
Petrov,48.881746,17.277334,HO
"Strážnice, Skalická brána",48.89606199999999,17.304558,HO
"Vnorovy, Lidéřovice",48.92330899999999,17.339484,HO
"Vnorovy, škola",48.927054,17.345296,HO
"Vnorovy, obecní úřad",48.931537,17.351093,HO
"Vnorovy, přejezd",48.936437000000005,17.356001,HO
"Veselí nad Moravou, Zarazice, Crhounkova",48.938283,17.361322,HO
"Veselí nad Moravou, Zarazice, restaurace",48.941274,17.365618,HO
"Veselí nad Moravou, Náklí",48.945254999999996,17.371014,HO
"Veselí nad Moravou, Lány, sídliště",48.947605999999986,17.374718,HO
"Vnorovy, lidový dům",48.93341499999999,17.352495,HO
"Dubňany, kemp Josef",48.930337,17.098069,HO
"Milotice, rozcestí",48.94815699999999,17.093054,HO
"Svatobořice-Mistřín, mlýn",48.962562000000005,17.089017,HO
"Svatobořice-Mistřín, Mistřín",48.97157599999999,17.081159,HO
"Svatobořice-Mistřín, škola",48.97403499999999,17.085634,HO
"Svatobořice-Mistřín, kulturní dům",48.977844999999995,17.090226,HO
"Svatobořice-Mistřín, restaurace",48.983343999999995,17.094526,HO
"Svatobořice-Mistřín, textilka",48.99171199999999,17.101143,HO
"Kyjov, nemocnice, křižovatka",49.007192999999994,17.113402,HO
"Vacenovice, dolní konec",48.953116,17.175728,HO
"Vracov, Drahy",48.97478499999999,17.207127,HO
"Vracov, škola",48.98097799999999,17.209315,HO
"Čejkovice, u kostela",48.905,16.944042,HO
"Čejkovice, kovárna",48.900757999999996,16.939804,HO
"Velké Bílovice, kovárna",48.847784999999995,16.895286,BV
"Velké Bílovice, autobusové nádraží",48.851538,16.889207,BV
"Velké Bílovice, ZD",48.846284999999995,16.884087,BV
"Podivín, Bratislavská",48.82921699999999,16.852863,BV
"Podivín, Besední dům",48.829762,16.847782,BV
"Podivín, Fruta",48.82368,16.846774,BV
"Lednice, náměstí",48.80000199999999,16.804153,BV
"Lednice, hospodářské družstvo",48.79999999999999,16.791312,BV
"Lednice, skleníky",48.80426799999999,16.779102,BV
"Lednice, Nejdek, rozcestí",48.808814,16.771997,BV
"Bulhary, cihelna",48.816377,16.761377,BV
"Bulhary, školka",48.82863799999999,16.750328,BV
"Bulhary, střed",48.833047,16.745817,BV
"Bulhary, u sadu",48.83623099999999,16.741364,BV
"Milovice, hájenka",48.843073,16.726725,BV
"Milovice, restaurace",48.85232799999999,16.698311,BV
"Mikulov, v lese",48.83202799999999,16.679774,BV
"Mikulov, Bezručova",48.812464,16.651058,BV
"Mikulov, Hliniště",48.81352799999999,16.645689,BV
"Mikulov, Gagarinova",48.81309499999999,16.633689,BV
"Mikulov, u pošty",48.807667,16.639627,BV
"Mikulov, Pavlovská",48.810804000000005,16.642496,BV
Újezd u Boskovic,49.463678,16.655392,BK
"Újezd u Boskovic, lom",49.453692,16.642022,BK
"Boskovice, v údolí",49.478416999999986,16.650883,BK
"Boskovice, Podhradí",49.483863,16.666407,BK
"Rosice, Trávníky",49.183502999999995,16.390776,BO
"Boskovice, Lidická",49.487012,16.665368,BK
"Boskovice, Sokolská",49.49096999999999,16.660723,BK
"Boskovice, Mladkov",49.490615,16.619263,BK
"Boskovice, Mladkov, pekárna",49.490321,16.615458,BK
"Skalice nad Svitavou, ACHP",49.482395999999994,16.600133,BK
"Sebranice, Vaculka",49.492859,16.588124,BK
"Sebranice, u pošty",49.496762999999994,16.575394,BK
"Sebranice, horní zast.",49.49880399999999,16.569252,BK
"Kunštát, Újezd",49.50691,16.539206,BK
"Kunštát, kult.dům",49.506329,16.524172,BK
"Kunštát, nám.",49.507259999999995,16.518184,BK
"Kunštát, Rudka, hotel",49.516992,16.510802,BK
"Kunštát, Rudka, prodejna",49.520395,16.512147,BK
"Petrov, rozc. 1.0",49.536579,16.499728,BK
Petrov,49.533802999999985,16.489012,BK
"Sulíkov, dolní zast.",49.543153,16.490049,BK
Sulíkov,49.54655499999999,16.491536,BK
Rozsíčka,49.552504,16.467263,BK
"Rozseč nad Kunštátem, Horničí",49.537493,16.4561,BK
Crhov,49.54469899999999,16.436253,BK
"Olešnice, u lávky",49.55438199999999,16.422187,BK
"Olešnice, nám.",49.55788100000001,16.422293,BK
"Rozseč nad Kunštátem, rozcestí",49.528047,16.46396,BK
Makov,49.518297,16.484328,BK
"Kunštát, Sychotín, Grafitárna",49.508925,16.498938,BK
"Kunštát, Sychotín",49.50376899999999,16.509597,BK
"Boskovice, Sušilova ZŠ II",49.486201,16.663522,BK
"Jabloňany, rozc.",49.474602999999995,16.594417,BK
Krhov,49.463333,16.58325,BK
"Lysice, Perná",49.446967999999984,16.574575,BK
"Bořitov, ZD",49.424088,16.582656,BK
"Černá Hora, nám.",49.414722,16.582284,BK
"Svitávka, MŠ",49.500868999999994,16.600843,BK
"Svitávka, náměstí",49.50296199999999,16.595599,BK
"Svitávka, Podhradí",49.50803199999999,16.599474,BK
"Svitávka, bytovky",49.509933999999994,16.615209,BK
Míchov,49.525262000000005,16.613995,BK
"Letovice, Podolí",49.530654999999996,16.617452,BK
Vísky,49.535672,16.62412,BK
"Habrůvka, Josefov",49.30836200000001,16.690512,BK
"Vísky, u školy",49.54120999999999,16.628907,BK
"Jedovnice, Újezd",49.33942600000001,16.748598,BK
"Pamětice, samota",49.54701699999999,16.641407,BK
"Rosice, Husova",49.182041999999996,16.398904,BO
Pamětice,49.54828499999999,16.646305,BK
"Jedovnice, pila",49.331891999999996,16.739983,BK
"Adamov, Stará huť",49.306628,16.677588,BK
"Křepice, dolní",49.00089799999999,16.723558,BV
"Rosice, Těstárny",49.179452999999995,16.386536,BO
"Křtiny, hájovna Na lukách",49.318617,16.744597,BK
"Vanovice, Drválovice",49.565667000000005,16.649975,BK
"Křtiny, Dělnická čtvrť",49.302158999999996,16.743308,BK
"Adamov, Karlov",49.306675,16.665753,BK
"Rapotice, železniční stanice",49.18409,16.256239,TR
"Brno,Horníkova",49.211973999999984,16.676556,BM
"Křepice, škola",48.998483,16.717537,BV
"Rosice, ADOSA",49.18404,16.370951,BO
"Adamov, závod",49.30339,16.650323,BK
Vanovice,49.567448,16.66557,BK
Vysoké Popovice,49.178333,16.291111,BO
"Babice nad Svitavou, horní zastávka",49.284473,16.696913,BO
Velké Němčice,48.99492999999999,16.675518,BV
"Ivaň, hájenka Plaček",48.94660199999999,16.589208,BO
Ivaň,48.92928,16.57525,BO
"Brankovice, motorest",49.153687999999995,17.136056,VY
"Dobročkovice, rozcestí",49.149817999999996,17.120426,VY
Dobročkovice,49.16243,17.10881,VY
"Brankovice, obecní úřad",49.156271999999994,17.134988,VY
Nemochovice,49.179162999999996,17.137122,VY
"Chvalkovice, u hřiště",49.189783000000006,17.11772,VY
Chvalkovice,49.187231999999995,17.110442,VY
"Hvězdlice, Nové Hvězdlice",49.193358999999994,17.083877,VY
"Hvězdlice, Staré Hvězdlice",49.202882,17.073968,VY
"Bohdalice-Pavlovice, Pavlovice, rozcestí",49.219396999999994,17.035426,VY
"Bohdalice-Pavlovice, Pavlovice",49.211981999999985,17.05992,VY
"Bohdalice-Pavlovice, Manerov",49.23168299999998,17.024695,VY
"Hlubočany, Terešov, rozcestí",49.24357199999999,17.019876,VY
"Vyškov, Zouvalka",49.247812999999994,17.021251,VY
"Vyškov, VTÚPV",49.31329,16.978358,VY
"Vyškov, Joklova",49.27714799999999,17.01301,VY
"Vyškov, Tyršova",49.27859599999999,17.006772,VY
"Vyškov, sídl. Osvobození Dukla",49.284136999999994,16.987182,VY
"Vyškov, sídl. Osvobození, škola",49.280617,16.981683,VY
"Vyškov, Lapač",49.27391999999999,16.981318,VY
"Vyškov, Poliklinika",49.27636,16.981173,VY
"Brankovice, škola",49.15603,17.129673,VY
"Rostěnice-Zvonovice, Rostěnice",49.240339999999996,16.961388,VY
"Rostěnice-Zvonovice, Rostěnice, náves",49.237807,16.965842,VY
"Rostěnice-Zvonovice, Zvonovice",49.234173,16.961098,VY
"Lysovice, kulturní dům",49.218924,16.973891,VY
"Lysovice, obecní úřad",49.21765,16.970492,VY
"Bučovice, Vícemilice",49.14096999999999,17.018388,VY
"Nevojice, točna",49.137013,17.047757,VY
"Nesovice, čerpací stanice",49.149575999999996,17.080193,VY
"Nesovice, požární zbrojnice",49.15053899999999,17.081624,VY
Milonice,49.158241,17.072138,VY
"Uhřice, rozcestí",49.163226999999985,17.067172,VY
"Uhřice, na návsi",49.17142199999999,17.079021,VY
"Hvězdlice, Nové Hvězdlice, rozcestí",49.191263,17.09428,VY
"Ježkovice, u hřbitova",49.295624999999994,16.901895,VY
"Ježkovice, točna",49.298576999999995,16.893955,VY
"Ruprechtov, hájenka",49.321676999999994,16.861782,VY
"Ruprechtov, u hřbitova",49.325697999999996,16.851394,VY
Ruprechtov,49.329259,16.849153,VY
Podomí,49.34497,16.833106,VY
"Krásensko, ZD",49.360273,16.831087,VY
Krásensko,49.365115999999986,16.829078,VY
"Krásensko, rozcestí 1.0",49.368567,16.818525,VY
"Senetářov, MŠ",49.354867,16.804213,BK
"Senetářov, Chemoplast",49.34857799999999,16.811332,BK
"Senetářov, Jednota",49.351366999999996,16.806697,BK
"Kotvrdovice, horní konec",49.353989999999996,16.786858,BK
"Kotvrdovice, žleb",49.35675299999999,16.782577,BK
"Kotvrdovice, rozcestí Krasová",49.35650099999999,16.776081,BK
"Jedovnice, garáže ČAD",49.34764,16.761251,BK
"Jedovnice, náměstí",49.34327799999999,16.754643,BK
"Jedovnice, Chaloupky",49.339842,16.747774,BK
"Rudice, rozcestí 2.0",49.344647,16.735222,BK
"Blansko, Lažánky, škola",49.35173199999999,16.711995,BK
"Blansko, Lažánky",49.35076299999999,16.707844,BK
"Blansko, Lažánky, kamnárna",49.352402,16.702037,BK
"Blansko, Lažánky, Márovky",49.350688,16.693005,BK
"Kotvrdovice, obecní úřad",49.355177,16.784182,BK
"Olomučany, dolní konec",49.337113,16.666925,BK
"Olomučany, škola",49.33313,16.66991,BK
"Olomučany, restaurace",49.329916999999995,16.672347,BK
"Olomučany, horní konec",49.32547699999999,16.677109,BK
"Olomučany, točna",49.32289299999999,16.67993,BK
"Podomí, škola",49.345823,16.834662,VY
"Blansko, Podlesí",49.359573,16.661079,BK
"Blansko, Sadová",49.359287,16.658128,BK
"Blansko, Poliklinika",49.360943,16.652416,BK
"Blansko, Na Žižlavici",49.363701999999996,16.681912,BK
"Blansko, Těchov",49.368004,16.695261,BK
"Vavřinec, Nové Dvory",49.381264,16.712819,BK
"Vavřinec, Suchdol",49.391377,16.717568,BK
"Vavřinec, Veselice",49.39513699999999,16.713123,BK
Vavřinec,49.402770999999994,16.72031,BK
"Sloup, Nová čtvrť",49.41369099999999,16.735348,BK
Sloup,49.41545299999999,16.739635,BK
Němčice,49.44661599999999,16.713523,BK
"Němčice, Jednota",49.450261999999995,16.717968,BK
"Němčice, Dendera",49.45171899999999,16.720388,BK
Ludíkov,49.45582,16.732787,BK
"Ludíkov, rozcestí",49.45820299999999,16.736358,BK
Žďárná,49.468497,16.754933,BK
Suchý,49.48130299999999,16.76194,BK
"Suchý, u rybníka",49.48733500000001,16.76129,BK
"Benešov, ZD střed",49.503434,16.764196,BK
Benešov,49.508993,16.767662,BK
Jevišovka,48.828411999999986,16.465892,BV
Drnholec,48.857434999999995,16.487133,BV
Novosedly,48.83813899999999,16.494123,BV
"Novosedly, cihelna",48.835651000000006,16.510978,BV
Dobré Pole,48.825967,16.535573,BV
Březí,48.821366999999995,16.563256,BV
"Mikulov, Průmyslová zóna, točna",48.813677,16.620333,BV
"Drnholec, škola",48.859678,16.486008,BV
"Zastávka, Dům zdraví",49.18689899999999,16.361801,BO
"Babice nad Svitavou, dolní zastávka",49.27986899999999,16.694012,BO
Borotín,49.583038,16.676638,BK
Babice u Rosic,49.171091999999994,16.359149,BO
"Kanice, škola",49.26445699999999,16.711083,BO
"Velké Opatovice, závod",49.611698999999994,16.685494,BK
"Zastávka, železniční stanice",49.187485,16.35929,BO
Kanice,49.26405299999999,16.713886,BO
"Adamov, železniční zastávka",49.301202999999994,16.650225,BK
"Zbýšov, Sička",49.166855999999996,16.353205,BO
"Velké Opatovice, aut.st.",49.610977999999996,16.673748,BK
"Kanice, koupaliště",49.260692999999996,16.70841,BO
Rosice u Brna,49.17845499999999,16.38459,BO
"Adamov, železniční stanice",49.295671,16.663665,BK
"Zbýšov, internát",49.16172399999999,16.343861,BO
"Černá Hora, Na kopci",49.410358,16.580818,BK
"Řícmanice, u lomu",49.258377999999986,16.701651,BO
Řícmanice,49.257062,16.693207,BO
"Řícmanice, Na Štukách",49.254554,16.685904,BO
"Řícmanice, u skály",49.25350699999999,16.680573,BO
"Bílovice nad Svitavou, UP závody",49.250448,16.67738,BO
"Bílovice nad Svitavou, u kapličky",49.248419999999996,16.674345,BO
"Bílovice nad Svitavou, náměstí",49.246771,16.67254,BO
"Bílovice nad Svitavou, hřbitov",49.245226,16.66803,BO
"Bílovice nad Svitavou, Na Nivách",49.242468,16.658192,BO
"Brno,Obřany, sídliště",49.235583999999996,16.644343,BM
"Brno,Hlaváčova",49.229189,16.648819,BM
"Brno,Proškovo náměstí",49.220017999999996,16.643341,BM
"Brno,Maloměřický most",49.215372,16.643381,BM
"Brno,Židenice, kasárna",49.208501999999996,16.64233,BM
"Brno,Obřanská - u školy",49.222716,16.644771,BM
"Ochoz u Brna, příhon",49.254627,16.746378,BO
"Ochoz u Brna, kamenolom",49.253999,16.753389,BO
"Ochoz u Brna, myslivna pod Hádkem",49.25170000000001,16.764203,BO
"Hostěnice, chaty",49.241828,16.764937,BO
"Hostěnice, obecní úřad",49.239232,16.771882,BO
"Brno,Obřanský most",49.22773899999999,16.649466,BM
"Brno,Bílovická",49.23256099999999,16.648627,BM
"Bílovice nad Svitavou, Vodárenská",49.244169,16.661221,BO
"Bílovice nad Svitavou, Soběšická",49.244264,16.657272,BO
"Bílovice nad Svitavou, Polanka",49.249839,16.666595,BO
"Bílovice nad Svitavou, Nad Tratí",49.250683,16.669068,BO
"Bílovice nad Svitavou, žel. stanice",49.243339999999996,16.67434,BO
"Adamov, Adamov III, točna",49.28974999999999,16.662247,BK
"Adamov, Adamov III",49.29123599999999,16.663963,BK
"Adamov, Kolonka",49.292452,16.666482,BK
"Adamov, železniční stanice, točna",49.29223799999999,16.670122,BK
"Adamov, obchodní dům",49.301899,16.652118,BK
"Adamov, Horka",49.300851,16.658047,BK
"Adamov, Horka, točna",49.302925,16.655013,BK
"Blansko, Zborovce",49.37277,16.65012,BK
"Blansko, Mánesova",49.36778799999999,16.644849,BK
"Blansko, Čelakovského",49.366448999999996,16.648607,BK
"Blansko, hřbitov",49.366969,16.65182,BK
"Blansko, Sever",49.36876499999999,16.655574,BK
"Blansko, náměstí Svobody",49.364868,16.644157,BK
"Blansko, ul. 9. května",49.35703799999999,16.656638,BK
"Blansko, Náměstí Míru",49.358056999999995,16.651959,BK
"Blansko, pošta",49.355879,16.64971,BK
"Blansko, Okružní",49.374403,16.653057,BK
"Blansko, Písečná, hotel Probe",49.354507000000005,16.653087,BK
"Blansko, Písečná, penzion",49.35466699999999,16.656703,BK
"Blansko, Písečná",49.35508,16.654007,BK
"Blansko, Seifertova",49.362427,16.645358,BK
"Blansko, Dvorská",49.36536699999999,16.644965,BK
"Blansko, Kaufland",49.37015199999999,16.642519,BK
"Blansko, Supermarket Albert",49.353288,16.649513,BK
"Blansko, Klepačov, spodní část",49.345348,16.657631,BK
"Blansko, Klepačov, U kapličky",49.343191,16.660455,BK
"Blansko, Klepačov, točna",49.341605,16.665548,BK
"Blansko, Masarykova",49.352598,16.651733,BK
"Blansko, Erbenova, škola",49.358537999999996,16.656593,BK
"Blansko, Češkovice",49.377118,16.675243,BK
"Blansko, Češkovice, chatová oblast",49.379411999999995,16.682008,BK
"Blansko, Obůrka",49.376198,16.690512,BK
"Blansko, Těchov, MŠ",49.368021999999996,16.690073,BK
"Blansko, průmyslová zóna",49.377279,16.642138,BK
"Blansko, Metra 2, čerpací stanice",49.372116,16.641276,BK
"Blansko, Dolní Lhota",49.38435299999999,16.632894,BK
Spešov,49.393877999999994,16.630693,BK
"Spešov, horní část",49.39406,16.62594,BK
"Blansko, Dolní Lhota, škola",49.38191799999999,16.63151,BK
Rudice,49.337428,16.725183,BK
Vilémovice,49.36124199999998,16.746443,BK
"Krasová, dolní konec",49.358998,16.764543,BK
Krasová,49.361398,16.767632,BK
Kulířov,49.378768,16.84694,BK
"Lipovec, Marianín",49.38967199999999,16.838365,BK
"Rozstání, křižovatka",49.397093999999996,16.836995,PV
"Lipovec, kravín",49.38616799999999,16.810772,BK
Lipovec,49.38280499999998,16.807698,BK
"Lipovec, horní konec",49.379079999999995,16.812818,BK
"Lipovec, škola",49.38406,16.808073,BK
"Lipovec, točna",49.388842999999994,16.802232,BK
"Rozstání, křižovatka Baldovec",49.397253,16.837974,PV
"Rozstání, obchod",49.397512,16.84477,PV
"Rozstání, čekárna Na stráni",49.396277,16.848742,PV
"Vilémovice, Macocha rozc. 2.0",49.371430999999994,16.746444,BK
"Ostrov u Macochy, Balcarka",49.377199,16.757568,BK
"Ostrov u Macochy, u rybníka",49.378859,16.764366,BK
"Ostrov u Macochy, Jednota",49.382005,16.766531,BK
"Holštejn, rozc. 2.0",49.39531199999999,16.770218,BK
Holštejn,49.406066999999986,16.777873,BK
"Rozstání, ZŠ",49.398109999999996,16.837101,PV
"Rozstání, hřbitov",49.399650999999984,16.835137,PV
"Tetčice, žel. st.",49.172095999999996,16.408542,BO
Habrůvka,49.302742,16.723657,BK
"Zbýšov, Poustka",49.158587,16.346868,BO
Závist,49.374632000000005,16.572812,BK
"Zbýšov, městský úřad",49.15466200000001,16.349258,BO
Omice,49.16055599999999,16.446944,BO
Milonice,49.368079999999985,16.565709,BK
"Březina, Lhotky, rozcestí 1.7",49.28684799999999,16.764426,BO
"Zbýšov, Anenská",49.14876799999999,16.350715,BO
Střelice,49.153889,16.483055,BO
"Lažany, rozcestí Újezd",49.35946199999999,16.554464,BK
"Březina, u sokolovny",49.28415999999999,16.759465,BO
"Oslavany, Padochov, závod",49.137143,16.348372,BO
"Troubsko, U dráhy",49.163602999999995,16.526822,BO
Lažany,49.35397799999999,16.550992,BK
"Březina, u pomníku",49.282012,16.754153,BO
"Oslavany, Padochov, restaurace",49.13506799999999,16.354682,BO
Ostopovice,49.16480299999999,16.544451,BO
Níhov,49.342059,16.258953,BO
"Březina, škola",49.28193099999999,16.750376,BO
"Oslavany, Podlesí",49.137919999999994,16.346302,BO
"Moravské Bránice, žel. st.",49.084765,16.428795,BO
Katov,49.332764999999995,16.280015,BO
"Ochoz u Brna, rozcestí Kanice",49.262329,16.729613,BO
"Ochoz u Brna, restaurace U Votrubů",49.25585199999998,16.732638,BO
"Ochoz u Brna, Na pastýřkách",49.251335,16.733611,BO
"Ochoz u Brna, Říčky, rozc.",49.245586,16.724876,BO
"Brno, Na Spáleništi",49.243872999999994,16.713933,BM
"Brno,Velká Klajdovka",49.21704199999999,16.681069,BM
"Brno,Strnadova",49.205788000000005,16.668752,BM
"Brno,Prušánecká",49.20888599999999,16.663417,BM
"Brno,Stará osada",49.20230399999999,16.641929,BM
"Ochoz u Brna, obecní úřad",49.25429599999999,16.736846,BO
"Březina, Táborská",49.28147799999999,16.749272,BO
"Drnovice, škola",49.276192,16.950773,VY
"Horní Dunajovice, obecní úřad",48.950248,16.159922,ZN
"Horní Dunajovice, Domčice",48.946108999999986,16.167217,ZN
"Želetice, Jednota",48.93552999999999,16.182615,ZN
"Želetice, škola",48.938895,16.18201,ZN
Morašice,48.957339,16.20929,ZN
"Skalice, dolní zastávka",48.963511,16.224311,ZN
"Hostěradice, Chlupice",48.951204999999995,16.242968,ZN
"Skalice, sokolovna",48.961453,16.223723,ZN
"Znojmo, Mariánské nám.",48.85596100000001,16.054083,ZN
"Hostěradice, Míšovice",48.962261999999996,16.262175,ZN
"Kadov, rozcestí",48.991876999999995,16.277283,ZN
Kadov,48.982319999999994,16.28711,ZN
Petrovice,49.00749499999999,16.29147,ZN
"Dobelice, Krumlovská",49.01720799999999,16.27859,ZN
Rybníky,49.025458,16.281038,ZN
"Moravský Krumlov, SPS",49.03310299999999,16.303278,ZN
"Moravský Krumlov, Jatky",49.03764300000001,16.310305,ZN
"Moravský Krumlov, provozovna ČAS",49.03847499999999,16.31619,ZN
"Moravský Krumlov, Kavalírka",49.045754,16.310729,ZN
"Moravský Krumlov, autobusové nádraží",49.04818,16.309271,ZN
"Moravský Krumlov, Václavská",49.04404199999998,16.31558,ZN
"Moravský Krumlov, stezka",49.044907,16.321858,ZN
"Moravský Krumlov, Rokytná",49.06478,16.323144,ZN
"Ivančice, Budkovice, rozcestí",49.08192799999999,16.349279,BO
"Ivančice, Němčice",49.09324599999999,16.368351,BO
"Ivančice, Budkovice",49.073074,16.347399,BO
"Moravský Krumlov, náměstí",49.048724,16.312711,ZN
"Moravský Krumlov, u parku",49.045114,16.304434,ZN
"Moravský Krumlov, poliklinika",49.04347899999999,16.305563,ZN
"Moravský Krumlov, Břízová",49.04160899999999,16.306857,ZN
"Vémyslice, váha",49.01863499999999,16.263301,ZN
"Vémyslice, u kostela",49.02256299999999,16.253826,ZN
"Vémyslice, nový hřbitov",49.02567599999999,16.24341,ZN
"Tulešice, Jarolímův mlýn",49.031169999999996,16.23049,ZN
"Tulešice, zámek",49.038922,16.205912,ZN
Čermákovice,49.032307,16.19339,ZN
Horní Kounice,49.026293,16.151487,ZN
"Medlice, křižovatka",49.00626799999999,16.125894,ZN
"Přeskače, obec",49.015102999999996,16.106975,ZN
"Tavíkovice, hostinec",49.032217999999986,16.10673,ZN
"Tavíkovice, škola",49.033761,16.103083,ZN
"Tavíkovice, Dobronice",49.02044300000001,16.077052,ZN
"Višňové, náměstí",48.98268399999999,16.1501,ZN
"Višňové, Mrazírny",48.978549,16.147778,ZN
Křepice,48.987182000000004,16.095533,ZN
"Běhařovice, obecní úřad",49.003327,16.079834,ZN
"Tavíkovice, Oseva",49.03286799999999,16.103444,ZN
"Višňové, škola",48.984007,16.15439,ZN
"Znojmo, nám.Svobody, lázně",48.86064,16.049434,ZN
"Znojmo, Přímětická, Resslova",48.867763999999994,16.041432,ZN
"Znojmo, Městský lesík",48.873076999999995,16.052195,ZN
"Únanov, závod",48.888422000000006,16.064178,ZN
"Únanov, obecní úřad",48.90064999999999,16.063477,ZN
"Výrovice, rozcestí",48.91681799999999,16.103823,ZN
"Tvořihráz, na kopečku",48.918555,16.132145,ZN
"Tvořihráz, obecní úřad",48.91897300000001,16.139169,ZN
"Tvořihráz, Žerotická",48.920481,16.140749,ZN
"Tvořihráz, Loucký mlýn",48.924845999999995,16.154944,ZN
"Žerotice, požární zbrojnice",48.926906,16.167706,ZN
Trstěnice,48.98697099999999,16.194862,ZN
"Výrovice, hostinec",48.92860799999999,16.120277,ZN
"Znojmo, Přímětice, sklep",48.88370499999999,16.035332,ZN
Džbánice,49.001555,16.208171,ZN
"Dobelice, obecní úřad",49.016771000000006,16.279006,ZN
Trnové Pole,48.94556599999999,16.409677,ZN
"Branišovice, Kanada",48.961572000000004,16.432311,BO
"Branišovice, pošta",48.961796,16.428626,BO
Bohutice,48.989737999999996,16.360072,ZN
Našiměřice,48.96825799999999,16.372205,ZN
"Našiměřice, železniční stanice",48.963144,16.350726,ZN
"Břežany, škola",48.874348,16.334747,ZN
"Mackovice, Břežanská",48.881692,16.316718,ZN
"Mackovice, obecní úřad",48.88298999999999,16.30957,ZN
"Dubňany, obchodní dům",48.918587,17.099904,HO
"Mutěnice, drůbežárna",48.915561,17.0485,HO
"Mutěnice, u mlýna",48.90772299999999,17.033962,HO
"Ratíškovice, Hradčany",48.91752399999999,17.170129,HO
"Oslavany, U mlýnka",49.13610099999999,16.344033,BO
Ivančice letovisko,49.09416700000001,16.40225,BO
"Kuřimská Nová Ves, Prosatín, rozcestí",49.33912,16.294157,BO
"Oslavany, Tř. 1. máje",49.133303999999995,16.334578,BO
Ivančice město,49.09916700000001,16.383722,BO
"Oslavany, Havířská",49.13130499999999,16.326685,BO
Kuřimská Nová Ves,49.344115,16.298895,BO
"Ivančice, železniční stanice",49.097938,16.372201,BO
"Oslavany, náměstí",49.126496,16.330829,BO
Kuřimské Jestřabí,49.345120999999985,16.312081,BO
Silůvky,49.108611,16.462778,BO
"Oslavany, aut. st.",49.120782,16.336443,BO
Lubné,49.353711999999994,16.27528,BO
"Moravský Krumlov, železniční stanice",49.04624,16.338136,ZN
"Oslavany, železniční stanice",49.119084,16.345184,BO
Křižínkov,49.32486799999999,16.26985,BO
"Moravský Krumlov, Rakšice, žel.st.",49.014358,16.345505,ZN
"Ivančice, silo",49.108054,16.35581,BO
"Křoví, I",49.31023,16.263142,ZR
Bohutice,48.98795599999999,16.356025,ZN
"Ivančice, Oslavanská",49.103814,16.368589,BO
"Křoví, II",49.305977999999996,16.264135,ZR
"Brno,Brno-Starý Lískovec",49.162215999999994,16.570659,BM
"Střelice, dolní železniční stanice",49.156473999999996,16.506767,BO
Radostice,49.133611,16.461945,BO
"Miroslav, železniční stanice",48.93531999999999,16.362297,ZN
Dolenice,48.9122,16.367822,ZN
Břežany,48.873105999999986,16.367539,ZN
Pravice,48.84868899999999,16.370211,ZN
"Veselí nad Moravou, Milokošť",48.966323,17.397452,HO
"Křenovice, dol. žel. st.",49.143621,16.832611,VY
"Křižanovice, žel. st.",49.144914,16.934918,VY
"Bučovice, Marefy, žel. st.",49.149287,16.97315,VY
Nevojice,49.13684699999999,17.04775,VY
Ostrožská Nová Ves lázně,49.018180999999984,17.446255,UH
"Šlapanice, železniční zastávka",49.163270999999995,16.718885,BO
"Šlapanice, železniční stanice",49.15778299999999,16.72924,BO
Blažovice,49.163734999999996,16.798179,BO
"Ponětovice, železniční stanice",49.15469,16.748163,BO
Bzenec-Olšovec,48.97021699999999,17.293339,HO
Veselí nad Moravou-Zarazice,48.937236,17.361306,HO
Vnorovy,48.931508,17.348464,HO
Petrov,48.878911,17.273703,HO
Sudoměřice nad Moravou,48.871652999999995,17.243039,HO
Rohatec kolonie,48.892642,17.212111,HO
Javorník nad Veličkou zastávka,48.85999999999999,17.520833,HO
"Velká nad Veličkou, železniční stanice",48.87884900000001,17.511073,HO
Louka u Ostrohu,48.912234,17.484226,HO
Lipov,48.909805999999996,17.457953,HO
Blatnice pod Sv. Antonínkem,48.941162999999996,17.437706,HO
Vrbovce,48.82428699999999,17.51609,
Myjava,48.76364099999999,17.570897,
Brestovec,48.78601199999999,17.557593,
Vrbovce zastávka,48.804784000000005,17.52869,
"Kobylnice, obecní úřad",49.13755599999998,16.732774,BO
Kobylnice,49.140256,16.731918,BO
"Šlapanice, Kalvodova",49.16642999999999,16.726286,BO
"Šlapanice, Riegrova",49.16844499999999,16.726032,BO
"Šlapanice, Bedřichovice",49.179832999999995,16.721516,BO
Podolí,49.189826999999994,16.726117,BO
Jiříkovice,49.16632199999999,16.757848,BO
"Blažovice, pod kostelem",49.16283799999999,16.782888,BO
"Blažovice, hostinec",49.166000999999994,16.786446,BO
Ponětovice,49.152329,16.741466,BO
"Brno,Jírova",49.209219,16.687734,BM
"Brno,Náměstí Karla IV.",49.206545,16.694703,BM
"Brno,Macháčkova",49.20611299999999,16.70193,BM
"Brno,Velatická",49.20439699999999,16.707685,BM
"Brno,Podolská",49.20307,16.713793,BM
"Podolí, Líšeňská",49.191824999999994,16.719802,BO
"Kobylnice, hřbitov",49.13233000000001,16.732992,BO
"Sokolnice, u hřbitova",49.12145,16.730669,BO
"Sokolnice, zámek",49.117873,16.725042,BO
"Sokolnice, obecní úřad",49.11404399999999,16.721628,BO
"Újezd u Brna, Revoluční",49.106486999999994,16.749336,BO
"Újezd u Brna, městský úřad",49.104377,16.757401,BO
"Žatčany, náves",49.088577999999984,16.732552,BO
"Žatčany, u mlýna",49.086603999999994,16.725966,BO
"Měnín, u pomníku",49.08568999999999,16.698812,BO
"Měnín, u mlýna",49.084637,16.694445,BO
"Měnín, obchodní středisko",49.079732,16.693543,BO
"Měnín, Albrechtov",49.068529000000005,16.682665,BO
"Blučina, hřbitov",49.05240799999999,16.656917,BO
"Blučina, náměstí",49.054899999999996,16.646477,BO
"Blučina, Komenského",49.05533400000001,16.63508,BO
"Blučina, ZD",49.05346699999999,16.626852,BO
"Židlochovice, sídliště",49.03959999999999,16.616325,BO
"Židlochovice, aut. st.",49.03603199999999,16.614758,BO
"Židlochovice, ADOSA",49.02879900000001,16.617033,BO
"Unkovice, rozc.",49.01558699999999,16.604825,BO
"Žabčice, sokolovna",49.012877,16.60025,BO
Žabčice,49.012530999999996,16.601671,BO
"Žabčice, u Mahovských",49.004733,16.609839,BO
Přísnotice,49.00339499999999,16.613415,BO
"Brno,Mifkova",49.20726299999999,16.692381,BM
"Brno,Mariánské údolí",49.203323999999995,16.716063,BM
"Hrušovany u Brna, obecní úřad",49.039091,16.594531,BO
"Hrušovany u Brna, sídliště",49.039226,16.584787,BO
"Hrušovany u Brna, VÚZA",49.042061999999994,16.577123,BO
"Syrovice, MŠ",49.078920999999994,16.546657,BO
"Syrovice, Chocholáč",49.075679,16.541612,BO
Bratčice,49.065501999999995,16.522818,BO
"Bratčice, pískovna",49.059682,16.517592,BO
Němčičky,49.05062,16.501284,BO
"Rosice, Kamínky",49.184752,16.382659,BO
"Křoví, rozcestí",49.31688,16.260866,ZR
"Ostrovačice, Říčanská",49.212742999999996,16.406495,BO
"Křoví, pila",49.314018,16.248835,ZR
"Tišnov, náměstí",49.349729999999994,16.423662,BO
"Velká Bíteš, samota",49.30331799999999,16.232853,ZR
"Železné, obec",49.36013200000001,16.450265,BO
"Velká Bíteš, škola",49.290697,16.227114,ZR
"Železné, u Vitaru",49.356568,16.443517,BO
"Velká Bíteš, náměstí",49.28843,16.226807,ZR
"Tišnov, Kukýrna",49.352510999999986,16.425461,BO
"Velká Bíteš, sídliště",49.293683999999985,16.22381,ZR
"Tetčice, Neslovická",49.166335,16.401901,BO
"Velká Bíteš, BDS",49.296472,16.220656,ZR
Neslovice,49.142578,16.387408,BO
"Velká Bíteš, 1.BS",49.299826,16.213894,ZR
"Ivančice, škola",49.104439,16.371964,BO
"Dolní Loučky, Chytálky, rozcestí",49.34555099999999,16.341482,BO
"Oslavany, Na Dolině",49.116663,16.324708,BO
"Dolní Loučky, hájenka",49.349228,16.347,BO
"Nová Ves, host. U Slavíků",49.10657799999999,16.314521,BO
"Dolní Loučky, škola",49.36160899999999,16.354143,BO
"Nová Ves, škola",49.108678999999995,16.309762,BO
"Dolní Loučky, Mezihoří",49.36062999999999,16.361337,BO
Biskoupky,49.099688,16.280147,BO
"Dolní Loučky, Střemchoví",49.36205999999999,16.369694,BO
"Biskoupky, rozc.",49.11027599999999,16.285869,BO
"Předklášteří, papírna",49.351218,16.408248,BO
"Senorady, u kovárny",49.122437999999995,16.250935,BO
"Tišnov, čerpací stanice",49.342135,16.420179,BO
Senorady,49.12398199999999,16.244818,BO
"Velká Bíteš, cihelna",49.28446400000001,16.24191,ZR
Přibyslavice,49.278603999999994,16.260052,BO
"Přibyslavice, motorest 9 křížů",49.27157,16.281158,BO
"Lesní Hluboké, motel 9 křížů",49.26665199999999,16.296542,BO
"Zálesná Zhoř, rozcestí",49.26191,16.301337,BO
"Domašov, cestmistrovství",49.257231999999995,16.311991,BO
Domašov,49.245684999999995,16.34353,BO
"Domašov, Nový konec",49.240331999999995,16.347683,BO
Říčky,49.232503999999985,16.356725,BO
"Ostrovačice, náměstí Viléma Mrštíka",49.210679999999996,16.409513,BO
"Brno,Pod nemocnicí",49.17218,16.568988,BM
"Brno,Osová",49.169074,16.566732,BM
"Jezeřany-Maršovice, točna",49.036405,16.427709,ZN
"Jezeřany-Maršovice, škola",49.033484,16.431745,ZN
"Jezeřany-Maršovice, Jezeřany",49.02924699999998,16.436871,ZN
"Moravský Krumlov, Rakšice, lesovna",49.01373199999999,16.355894,ZN
"Moravský Krumlov, Rakšice, Silo",49.019335,16.341522,ZN
"Moravský Krumlov, Rakšice, restaurace",49.03561199999999,16.319658,ZN
"Moravský Krumlov, Durdice",49.03844800000001,16.321217,ZN
"Hrušovany nad Jevišovkou, Pastviny",48.854153,16.38325,ZN
"Moravský Krumlov, Retex",49.044994,16.339475,ZN
"Moravský Krumlov, hájenka",49.043838,16.359682,ZN
"Moravský Krumlov, Stavení",49.055229999999995,16.389172,ZN
"Lesonice, požární zbrojnice",49.003561000000005,16.310147,ZN
Miroslavské Knínice,48.978017,16.322579,ZN
"Miroslav, kostel",48.950164,16.313693,ZN
"Velké Němčice, obecní úřad",48.991264,16.670733,BV
"Uherčice, Na trávníku",48.97017599999999,16.651922,BV
"Uherčice, obecní úřad",48.968026,16.655063,BV
"Uherčice, ZD",48.965844999999995,16.663422,BV
"Starovice, zemědělské družstvo",48.957348,16.698568,BV
Starovice,48.955614999999995,16.708684,BV
"Hustopeče, nemocnice",48.944552,16.731521,BV
"Velké Němčice, rozcestí",48.98123499999999,16.6493,BV
"Vranovice, vodárna",48.975217,16.633908,BO
"Vranovice, Lipová",48.97075399999999,16.606221,BO
"Vranovice, škola",48.966768,16.606556,BO
"Vranovice, sokolovna",48.971155,16.603841,BO
"Vranovice, u hřbitova",48.967671,16.588811,BO
"Přibice, u kaple",48.96359499999999,16.575845,BO
"Přibice, kostel",48.961798,16.573021,BO
"Pohořelice, Velký Dvůr, sádky",48.963997,16.537391,BO
"Starovice, rozcestí",48.96017599999999,16.717714,BV
"Velké Němčice, Nová Ves",48.974188999999996,16.69881,BV
"Velké Němčice, ZD",48.988616,16.679204,BV
"Velké Němčice, Brněnská",48.993811,16.675252,BV
"Velké Němčice, Boudky",49.004600999999994,16.671143,BV
"Nosislav, Pod kopcem",49.00863999999999,16.665974,BO
"Nosislav, Městečko",49.01065899999999,16.65895,BO
"Nosislav, Kroužek",49.014256,16.652173,BO
"Židlochovice, nábřeží",49.03294799999999,16.620197,BO
"Velké Němčice, škola",48.991905,16.67408,BV
"Hustopeče, cihelna",48.946556999999984,16.742498,BV
"Kurdějov, na kopci",48.954042,16.759311,BV
"Kurdějov, most",48.95647499999999,16.763122,BV
"Kurdějov, u penzionu",48.96190599999999,16.760426,BV
"Nikolčice, rozcestí",48.983856,16.76256,BV
"Diváky, obecní úřad",48.98913999999999,16.788904,BV
"Diváky, dílny",48.993794,16.784093,BV
"Šitbořice, na kopci",49.011477,16.778066,BV
"Šitbořice, obecní úřad",49.015388,16.776133,BV
"Šitbořice, Nikolčická",49.016372999999994,16.77537,BV
"Nikolčice, škola",48.99604799999999,16.753804,BV
"Rozstání, Baldovec, lom",49.40773099999999,16.823391,PV
Lhánice,49.11181500000001,16.217583,TR
"Mohelno, sokolovna",49.115265,16.194616,TR
Mohelno,49.11416199999999,16.1901,TR
"Dolní Kounice, Rybárna",49.071381,16.46911,BO
Mělčany,49.075269,16.493576,BO
"Modřice, smyčka",49.126974,16.604488,BO
"Blučina, obchodní středisko",49.056137,16.645115,BO
Opatovice,49.075972,16.641074,BO
"Rajhradice, obecní úřad",49.09166599999998,16.633934,BO
"Rajhradice, váha",49.093622,16.635491,BO
"Rajhradice, Loučka",49.09256699999999,16.621709,BO
"Rajhrad, klášter",49.09088599999999,16.614919,BO
"Rajhrad, Městečko",49.089174,16.60604,BO
Trboušany,49.049141999999996,16.46398,BO
"Dolní Kounice, Trboušanská",49.06613,16.468147,BO
"Dolní Kounice, Nové Kounice",49.07819299999999,16.442358,BO
"Dolní Kounice, u Machových",49.074762,16.447513,BO
"Bučovice, aut. st.",49.148056999999994,17.001665,VY
"Bučovice, dům mládeže",49.15279,17.009439,VY
"Bučovice, Černčín, rozcestí",49.157272999999996,17.007965,VY
"Kojátky, rozcestí",49.16814199999999,17.006374,VY
Bohaté Málkovice,49.189408,17.014262,VY
Kozlany,49.20384399999999,17.035187,VY
"Bohdalice-Pavlovice, Hradčany",49.209996999999994,17.032604,VY
"Bohdalice-Pavlovice, Bohdalice",49.21401099999999,17.030398,VY
"Kučerov, dolní konec",49.21683099999999,17.00295,VY
Kučerov,49.220182,17.006398,VY
Hlubočany,49.230539,16.998032,VY
"Vyškov, Křečkovice",49.275592,17.009653,VY
"Vyškov, Palánek",49.276107,17.000973,VY
"Bučovice, zdravotní středisko",49.148109999999996,17.005643,VY
"Bučovice, garáže ČSAD",49.149066999999995,16.995883,VY
"Mouřínov, statek",49.12575799999999,16.977952,VY
Mouřínov,49.120978,16.979238,VY
"Vyškov, U podchodu",49.27849100000001,16.997105,VY
"Vyškov, Tržiště",49.28002399999999,17.007362,VY
"Vyškov, Marchanice",49.28270599999999,17.023561,VY
"Křižanovice u Vyškova, rozcestí",49.283761999999996,17.036751,VY
Topolany,49.277789999999996,17.040424,VY
"Prusy-Boškůvky, Moravské Prusy, ZD",49.258568,17.057638,VY
"Prusy-Boškůvky, Moravské Prusy, křiž.",49.25488399999999,17.058397,VY
"Prusy-Boškůvky, Boškůvky",49.259317999999986,17.073307,VY
"Prusy-Boškůvky, Moravské Prusy, pošta",49.25192199999999,17.057426,VY
"Vážany, Na Hraničkách",49.247809999999994,17.051993,VY
Vážany,49.244672,17.0509,VY
"Křtiny, obecní úřad",49.297009999999986,16.743809,BK
"Křtiny, kino",49.294592,16.747538,BK
"Křtiny, pivovar",49.29233299999999,16.75651,BK
"Bukovina, rozcestí 2.0",49.290291,16.763768,BK
Bukovina,49.297528,16.772977,BK
"Bukovina, škola",49.29807999999999,16.775843,BK
"Bukovinka, Černý les",49.295136,16.79395,BK
"Bukovinka, Pindula",49.295128,16.796592,BK
Bukovinka,49.29316599999999,16.805062,BK
"Bukovinka, Říčky, hájenka",49.28786199999999,16.835012,BO
"Račice-Pístovice, Račice",49.276228,16.872419,VY
"Račice-Pístovice, Račice, ZD",49.274641,16.881229,VY
"Račice-Pístovice, Pístovice",49.27379200000001,16.895212,VY
"Račice-Pístovice, Pístovice, na kopci",49.27593999999999,16.909033,VY
"Drnovice, Na žlebě",49.276163999999994,16.938886,VY
"Račice-Pístovice, Račice, točna",49.277936999999994,16.871397,VY
"Březina, jeskyně Výpustek",49.291427999999996,16.726977,BO
"Rozstání, Baldovec, točna",49.41172499999999,16.822305,PV
"Šošůvka, obecní úřad",49.410267999999995,16.752199,BK
"Šošůvka, Na Bráně",49.413965,16.756121,BK
"Vysočany, Housko",49.430718,16.798257,BK
Vysočany,49.43188200000001,16.810942,BK
"Ostrov u Macochy, léčebna",49.37949199999999,16.761712,BK
"Rájec-Jestřebí, lékárna",49.40756799999999,16.632147,BK
"Rájec-Jestřebí, Lenčov, křiž.",49.421079,16.665728,BK
"Rájec-Jestřebí, Karolín, rozc.1.0",49.414345,16.682047,BK
"Rájec-Jestřebí, Karolín",49.407714999999996,16.670517,BK
Petrovice,49.413973,16.700938,BK
Žďár,49.421051999999996,16.698148,BK
Kuničky,49.43406,16.683617,BK
"Rájec-Jestřebí, Holešín",49.428315,16.654862,BK
"Šošůvka, rozcestí 1.0",49.40176099999999,16.751483,BK
Drahany,49.43456499999999,16.89917,PV
"Otinoves, obecní úřad",49.421282999999995,16.871167,PV
"Otinoves, horní konec",49.42641,16.870252,PV
"Niva, čekárna",49.444099,16.852823,PV
"Niva, u mlýna",49.440811999999994,16.855585,PV
Bousín,49.45504199999999,16.889737,PV
"Žďárná, škola",49.468171999999996,16.760707,BK
"Benešov, škola",49.51031699999999,16.776693,BK
"Kořenec, hor.zast.",49.52907199999999,16.760588,BK
Kořenec,49.53033099999999,16.755271,BK
"Kořenec, točna",49.53179699999999,16.749272,BK
"Rájec-Jestřebí, MKZ",49.40344199999999,16.632571,BK
"Rájec-Jestřebí, Jestřebí",49.410975,16.617053,BK
Bořitov,49.422596999999996,16.590117,BK
"Bořitov, sokolovna",49.41989199999998,16.589843,BK
"Černá Hora, Na Škrku",49.41475,16.571891,BK
"Žernovník, pod Horkou",49.411055000000005,16.557176,BK
"Žernovník, obecní úřad",49.407095,16.545576,BK
Lubě,49.396479,16.528379,BK
"Brťov-Jeneč, obecní úřad",49.413778,16.517202,BK
"Brťov-Jeneč, Jeneč",49.411109999999994,16.507692,BK
"Bukovice, rozcestí 1.0",49.414123,16.492185,BO
Zhoř,49.41507699999999,16.48026,BO
"Rašov, hostinec",49.41561,16.454468,BO
"Rašov, dolní konec",49.41610799999999,16.448608,BO
"Lomnice, internát",49.41148199999999,16.419356,BO
"Lomnice, Družstevní",49.41019,16.408294,BO
"Lomnice, náměstí",49.403439,16.414087,BO
"Boskovice, U Kapličky",49.483204999999984,16.673843,BK
"Boskovice, Podlesí",49.48229099999999,16.685418,BK
"Boskovice, Šmelcovna",49.48832999999999,16.691848,BK
"Boskovice, Hrádkov",49.489346999999995,16.70287,BK
"Boskovice, Vratíkov",49.496973999999994,16.710415,BK
Okrouhlá,49.508335,16.732441,BK
"Okrouhlá, horní konec",49.510832,16.738122,BK
"Krhov, rozc. 1.0",49.46831299999999,16.584207,BK
"Voděrady, nám.",49.480946,16.560205,BK
"Voděrady, hor.zast.",49.47945800000001,16.558265,BK
Drnovice,49.468642,16.541195,BK
"Drnovice, hor.zast.",49.46788,16.534243,BK
"Lysice, škola",49.457243999999996,16.538209,BK
"Lysice, pohostinství",49.45236599999999,16.537888,BK
"Lysice, výzkum",49.456416999999995,16.556818,BK
"Krhov, Pohodlí",49.462461,16.575173,BK
"Sebranice, ALPS",49.49101099999999,16.58875,BK
"Boskovice, Kras",49.491675,16.657418,BK
"Lysice, Brněnská",49.44973,16.545254,BK
"Lomnice, škola",49.40094,16.408116,BO
Újezd u Černé Hory,49.3704,16.544607,BK
"Újezd u Černé Hory, SPD",49.378226,16.556023,BK
Malá Lhota,49.391597,16.550408,BK
"Žernovník, Hasičský dům",49.404762000000005,16.544333,BK
Kunice,49.479561,16.491608,BK
Lhota u Lysic,49.46853999999999,16.495952,BK
"Lysice, Záoboří",49.46588799999999,16.518342,BK
"Lysice, škola točna",49.457263000000005,16.536873,BK
"Lysice, Štěchovská",49.450981999999996,16.527408,BK
Štěchov,49.451958999999995,16.506836,BK
Bedřichov,49.46160799999999,16.46575,BK
Kunčina Ves,49.447553,16.476239,BK
"Rašov, rozc. 1.0",49.439178,16.467531,BK
Kozárov,49.443447,16.458255,BK
"Boskovice, Komenského",49.48951,16.655473,BK
"Boskovice, Kosmonautů",49.48587800000001,16.673002,BK
"Boskovice, Ludvíka Vojtěcha",49.48499799999998,16.681002,BK
"Boskovice, Gagarinova",49.484847,16.67519,BK
"Boskovice, Hybešova 55",49.48782799999999,16.671618,BK
"Boskovice, Hybešova 25",49.489517,16.66621,BK
Jabloňany,49.46633799999999,16.604952,BK
Obora,49.452277,16.604263,BK
"Obora, Hutě",49.449434999999994,16.595437,BK
"Boskovice, Pod Oborou",49.486996999999995,16.653119,BK
"Boskovice, Kaufland",49.49055999999999,16.64198,BK
"Boskovice, Svat.Čecha",49.492133,16.66902,BK
"Boskovice, hřbitov",49.493697999999995,16.677302,BK
"Lhota Rapotina, točna",49.466137,16.624646,BK
"Boskovice, průmyslová zóna",49.496579,16.642359,BK
"Boskovice, STS",49.495900999999996,16.646367,BK
Cetkovice,49.578028,16.721211,BK
Světlá,49.565447999999996,16.718135,BK
Šebetov,49.549173,16.709912,BK
"Knínice, horní zastávka",49.53965199999999,16.702807,BK
"Knínice, Městečko",49.539509,16.6942,BK
Vážany,49.53041199999999,16.686022,BK
Pravlov,49.054553,16.486771,BO
"Pravlov, kulturní dům",49.054213999999995,16.480114,BO
"Dolní Kounice, Masarykovo nám.",49.07030199999999,16.464113,BO
"Dolní Kounice, Skalní",49.070306,16.456691,BO
Nové Bránice,49.070353999999995,16.443385,BO
"Nové Bránice, škola",49.07336999999998,16.439374,BO
"Nové Bránice, rozc.",49.07824699999999,16.439327,BO
"Moravské Bránice, škola",49.08152799999999,16.438243,BO
"Moravské Bránice, JOPA-Osičkova",49.083147,16.433545,BO
"Ivančice, Stříbský mlýn",49.08953799999999,16.404542,BO
"Ivančice, Horní Hlinky",49.10201699999999,16.385553,BO
"Ivančice, náměstí",49.10227299999999,16.375233,BO
"Židlochovice, škola",49.037011,16.610483,BO
"Žatčany, škola",49.089366999999996,16.731432,BO
"Újezd u Brna, škola",49.10379299999999,16.754275,BO
"Prace, točna",49.141057999999994,16.764044,BO
"Prace, náves",49.13946599999999,16.765108,BO
"Prace, škola",49.138825,16.762734,BO
"Kobylnice, Na Rybníku",49.142805,16.726494,BO
"Brno,Dvorska, smyčka",49.14338999999999,16.707244,BM
"Brno,Vlčkova",49.14106399999999,16.701285,BM
"Brno,Pratecká",49.146272,16.68143,BM
"Brno,Vítězná",49.14711299999999,16.672104,BM
"Brno,Revoluční",49.149761999999996,16.662448,BM
"Brno,Holásecká",49.14759199999999,16.661368,BM
"Brno,Rolencova",49.145211,16.655319,BM
"Brno,Holásky",49.143345,16.650765,BM
"Brno,V aleji",49.147844,16.648605,BM
"Brno,Prodloužená",49.151762999999995,16.647696,BM
"Brno,Popelova",49.156659999999995,16.646611,BM
"Brno,Hněvkovského",49.169791,16.626105,BM
"Brno,Sazenice",49.17287700000001,16.623824,BM
"Brno,Železniční",49.182773,16.619664,BM
"Blansko, Hořice",49.356216999999994,16.623013,BK
"Blansko, Olešná",49.339436000000006,16.637241,BK
"Blansko, rozvodna, točna",49.35064199999999,16.644909,BK
"Blansko, Synthon",49.35364199999999,16.641533,BK
"Blansko, Brněnská",49.357142,16.639142,BK
"Blansko, Svitavská",49.359250999999986,16.642955,BK
"Šebrov-Kateřina, Sv. Kateřina",49.33024699999999,16.614367,BK
"Šebrov-Kateřina, Šebrov",49.328891,16.598355,BK
Svinošice,49.33329799999999,16.574451,BK
"Lipůvka, ZŠ",49.338142,16.558029,BK
Lipůvka,49.338775999999996,16.552699,BK
"Kuřim, Prefa rozcestí",49.316221999999996,16.54848,BO
"Kuřim, TE",49.314358999999996,16.547182,BO
"Kuřim, TOS",49.313447999999994,16.540448,BO
"Kuřim, poliklinika",49.30978199999999,16.534662,BO
"Kuřim, kulturní dům",49.30769399999999,16.531809,BO
"Blansko, rozcestí Klepačov",49.346354999999996,16.650873,BK
"Svinošice, náves",49.333645,16.575506,BK
"Blansko, Poříčí",49.36245099999999,16.641309,BK
"Blansko, Bezručova",49.370591999999995,16.645941,BK
"Blansko, Horní Lhota",49.38405199999998,16.647172,BK
Ráječko,49.395251,16.642904,BK
"Rájec-Jestřebí, pošta",49.406178,16.637668,BK
"Rájec-Jestřebí, náměstí",49.410926999999994,16.639334,BK
"Rájec-Jestřebí, Komenského",49.415396,16.632578,BK
"Doubravice, zahradnictví",49.431636,16.632933,BK
"Doubravice, nám.",49.434979000000006,16.629459,BK
"Doubravice, ZD 0.3",49.43954999999999,16.62644,BK
Lhota Rapotina,49.46534299999999,16.625225,BK
"Boskovice, Mánesova",49.484955,16.644376,BK
"Blansko, náměstí Republiky",49.361612999999984,16.644347,BK
"Boskovice, nemocnice",49.491648,16.644472,BK
"Boskovice, 17. listopadu",49.48935699999999,16.661779,BK
"Blansko, ČKD ředitelství",49.349692,16.65633,BK
"Blansko, ČKD strojírna",49.353165,16.66937,BK
"Blansko, ČKD nová hala",49.35331299999998,16.673467,BK
"Blansko, ČKD Orlík",49.35241,16.68256,BK
"Blansko, DSB slévárna",49.356875,16.684215,BK
"Blansko, přehrada",49.36037499999999,16.692937,BK
"Blansko, Skalní Mlýn",49.36359999999999,16.708253,BK
"Předklášteří, obecní úřad",49.352526,16.403233,BO
"Štěpánovice, rozcestí",49.359322999999996,16.399662,BO
"Předklášteří, Zetor šroubárna",49.36323599999999,16.396185,BO
"Štěpánovice, obecní úřad",49.372418999999994,16.388198,BO
"Štěpánovice, horní konec",49.378987,16.379521,BO
"Tišnov, Nádražní",49.344912,16.422168,BO
"Tišnov, Rybníček",49.343079,16.42962,BO
"Tišnov, sídliště Klucanina",49.34037299999999,16.432865,BO
Hradčany,49.328232,16.441969,BO
"Sentice, rozcestí",49.323872999999985,16.457293,BO
Sentice,49.31414699999999,16.45297,BO
"Chudčice, Delník",49.29269200000001,16.454401,BO
Chudčice,49.28753100000001,16.456819,BO
"Chudčice, na hrázi",49.28303499999999,16.455596,BO
"Veverská Bítýška, přístav",49.275418,16.452167,BO
"Veverská Bítýška, náměstí",49.276043,16.436098,BO
"Veverská Bítýška, sídliště",49.269901999999995,16.433448,BO
"Veverská Bítýška, hájovna Na Hlince",49.25153,16.429154,BO
Hvozdec,49.247071,16.426336,BO
"Veverské Knínice, rozcestí Pohádka Máje",49.22745499999999,16.418309,BO
"Veverské Knínice, ZOD Veveří",49.231958,16.409008,BO
Veverské Knínice,49.23662899999999,16.403758,BO
"Veverské Knínice, horní konec",49.23781799999999,16.396128,BO
"Ostrovačice, Veveří",49.21336199999999,16.407678,BO
Říčany,49.214791,16.394854,BO
"Říčany, ZD",49.210156,16.396065,BO
"Rosice, Říčanská",49.185322,16.384281,BO
"Šebetov, u pily",49.55496399999999,16.698653,BK
"Knínice, U Nádraží",49.53488099999999,16.689404,BK
"Brno,Královo Pole, nádraží",49.230272,16.59581,BM
"Kuřim, železniční stanice",49.300552999999994,16.534106,BO
"Tišnov, železniční stanice",49.34684,16.419153,BO
"Náměšť nad Oslavou, autobusové nádraží",49.20700699999999,16.14766,TR
"Bučovice, železniční stanice",49.14586800000001,17.000022,VY
"Nesovice, železniční stanice",49.149115,17.079826,VY
"Kyjov, železniční stanice",49.015185999999986,17.122509,HO
Vracov,48.976457,17.221155,HO
"Bzenec, železniční stanice",48.96917999999999,17.263452,HO
"Veselí nad Moravou, železniční stanice",48.949068999999994,17.382141,HO
Uherský Ostroh,48.98195999999999,17.403335,UH
Ostrožská Nová Ves,49.009715,17.43668,UH
Kunovice zastávka,49.03824599999999,17.461076,UH
"Nemotice, železniční stanice",49.133592,17.115927,VY
Kyjov zastávka,49.003117,17.124022,HO
"Brno,Slatina, nádraží",49.169622,16.682352,BM
Vlkoš,48.98780599999999,17.163569,HO
"Kyjov, Bohuslavice, železniční stanice",49.055580000000006,17.119153,HO
Jestřabice,49.088888999999995,17.113333,HO
"Brankovice, železniční stanice",49.15056899999999,17.133699,VY
"Brno,Brno-Černovice",49.18898399999999,16.631233,BM
Hoštice-Heroltice,49.291388999999995,17.057778,VY
"Ivanovice na Hané, aut. st.",49.30501099999999,17.088258,VY
Chvalkovice na Hané,49.32166699999999,17.111389,VY
Nezamyslice,49.33599999999999,17.1625,PV
"Božice, železniční stanice",48.823408,16.287728,ZN
Hodonice,48.841514,16.164403,ZN
Dyje,48.85004700000001,16.1205,ZN
"Valtice, železniční zastávka",48.748547,16.762395,BV
"Valtice, železniční stanice",48.74683,16.745117,BV
Sedlec u Mikulova,48.77456399999999,16.699005,BV
Březí,48.81292499999999,16.554169,BV
Dobré Pole,48.820007999999994,16.533833,BV
"Novosedly, železniční stanice",48.826796,16.494989,BV
Jevišovka,48.820272,16.467125,BV
Boří les,48.738078,16.866374,BV
"Modřice, železniční stanice",49.133483999999996,16.606821,BO
"Popovice, u tratě",49.103856999999984,16.608063,BO
"Vojkovice nad Svratkou, žel. st.",49.05620799999999,16.597445,BO
"Hrušovany u Brna, žel. st.",49.034256,16.591743,BO
"Židlochovice, železniční stanice",49.033550999999996,16.617002,BO
"Brno,Židenice, nádraží",49.203484,16.636338,BM
"Brno,Lesná, nádraží",49.22036800000001,16.628544,BM
"Brno,Řečkovice, nádraží",49.250890999999996,16.59019,BM
"Česká, železniční stanice",49.284324,16.567388,BO
"Čebín, železniční stanice",49.319596,16.465897,BO
"Hradčany, železniční stanice",49.333304,16.438159,BO
"Brno,Brno-Horní Heršpice",49.167404,16.606859,BM
"Žabčice, žel. st.",49.010960999999995,16.595014,BO
"Vranovice, žel.st.",48.96397499999999,16.605012,BO
Pouzdřany,48.942024999999994,16.630527,BV
Popice,48.924332,16.668084,BV
"Šakvice, železniční stanice",48.912667,16.706885,BV
"Hustopeče, autobusové nádraží",48.937957,16.735406,BV
"Dolní Loučky, železniční stanice",49.35738899999999,16.347245,BO
"Řikonín, železniční stanice",49.365663,16.307352,BO
"Níhov, železniční stanice",49.335892999999984,16.269655,BO
"Zaječí, železniční stanice",48.889528999999996,16.781664,BV
Rakvice,48.866892,16.821444,BV
"Podivín, železniční stanice",48.837177,16.853781,BV
"Ladná, železniční stanice",48.812202,16.88057,BV
"Nedvědice, železniční stanice",49.454427,16.337335,BO
"Doubravník, železniční stanice",49.427614999999996,16.352198,BO
Prudká zastávka,49.419194,16.367361,BO
"Borač, žel. st.",49.400144,16.366389,BO
Štěpánovice,49.374444,16.388056,BO
Rovné-Divišov,49.54763200000001,16.172826,ZR
"Rozsochy, železniční stanice",49.53738500000001,16.195122,ZR
"Bystřice nad Pern., železniční stanice",49.513545,16.24749,ZR
"Rožná, železniční stanice",49.472142999999996,16.245416,ZR
Věžná,49.45154699999999,16.270316,ZR
Velké Pavlovice,48.88985,16.823672,BV
Velké Pavlovice zastávka,48.90167199999999,16.8224,BV
Kobylí na Moravě,48.934022,16.881272,BV
"Čejč, železniční stanice",48.941914999999995,16.959049,HO
Mutěnice zastávka,48.911986,17.027008,HO
Mutěnice,48.90467799999999,17.039875,HO
"Moravský Písek, Kolonie, žel. stanice",48.97731699999999,17.314196,HO
"Moravská Nová Ves, železniční stanice",48.79998799999999,17.021595,BV
Znojmo-Nový Šaldorf,48.820061,16.044266,ZN
"Šatov, železniční stanice",48.780739999999994,16.025751,ZN
Unterretzbach,48.764701,16.007784,
Retz,48.753724,15.957444,
Znojmo nemocnice,48.865504,16.048394,ZN
"Šumná, železniční stanice",48.92309699999999,15.874306000000002,ZN
"Grešlové Mýto, železniční stanice",48.984519999999996,15.874647999999999,ZN
Blížkovice,49.00429199999999,15.854364,ZN
Moravské Budějovice,49.05752199999999,15.809325999999999,TR
Citonice,48.87890599999999,15.977467,ZN
"Olbramkostel, železniční stanice",48.903362,15.949113,ZN
Vesce,49.019071,15.831277,TR
Kostelany nad Moravou,49.05267799999999,17.396915,UH
Nedakonice,49.03251499999999,17.374985,UH
Moravský Písek zastávka,48.99125699999999,17.330117,HO
Rohatec,48.892515,17.197852,HO
Rohatec zastávka,48.88309,17.178111,HO
"Lužice, železniční stanice",48.82819299999999,17.062245,HO
Hrušky zastávka,48.787124,16.98157,BV
Vidonín,49.37970200000001,16.221743,ZR
"Bystřice nad Pern., zahradnictví",49.525743,16.259495,ZR
"Bystřice nad Pern., Bratrušín",49.514675,16.274628,ZR
"Bystřice nad Pern., Voldán",49.52341100000001,16.266288,ZR
"Bystřice nad Pern., poliklinika",49.524696999999996,16.262204,ZR
"Bystřice nad Pern., hřbitov",49.525823,16.255462,ZR
"Bystřice nad Pern., sídliště II",49.527032999999996,16.250829,ZR
"Bystřice nad Pern., Rovinky",49.527434,16.245654,ZR
"Bystřice nad Pern., Černý vršek",49.52848,16.243963,ZR
"Bystřice nad Pern., Domanínek",49.528545,16.240941,ZR
"Bystřice nad Pern., DPS",49.525301999999996,16.250398,ZR
"Bystřice nad Pern., Masarykovo náměstí",49.523433,16.260112,ZR
"Bystřice nad Pern., lihovar",49.521609,16.260784,ZR
"Bystřice nad Pern., gymnázium",49.518186,16.259107,ZR
"Brno,Příjezdová",49.261837,16.569462,BM
"Bystřice nad Pern., u závodu",49.512899999999995,16.252243,ZR
"Bystřice nad Pern., Domanín, rozcestí",49.5292,16.245992,ZR
"Bystřice nad Pern., Domanín, U Šejnohů",49.538661999999995,16.238029,ZR
"Bystřice nad Pern., Domanín, Jednota",49.541648,16.234393,ZR
"Bystřice nad Pern., Domanín",49.545506,16.228498,ZR
"Bystřice nad Pern., Domanínek, rozcestí",49.52965699999999,16.24022,ZR
"Bystřice nad Pern., Výrobní",49.513852,16.244187,ZR
"Bystřice nad Pern., kotelna",49.519362,16.262274,ZR
"Bystřice nad Pern., kulturní dům",49.523275,16.25398,ZR
Lesní Hluboké,49.268357999999985,16.310195,BO
"Brno,Dunajská",49.169154999999996,16.55608,BM
"Brno,Starý Lískovec, smyčka",49.171189,16.554169,BM
"Brno,Tranzitní plynovod",49.17410799999999,16.522723,BM
"Troubsko, Kovopodnik",49.175824,16.511609,BO
"Brno,Pražská",49.173478,16.531543,BM
"Brno,Kurská",49.169458,16.553604,BM
"Brno,Kyjevská",49.16859,16.550404,BM
"Omice, Kývalka",49.190014,16.451805,BO
"Domašov, u hřbitova",49.247189,16.343496,BO
Javůrek,49.25454499999999,16.360777,BO
"Rudka, u křížku",49.243468,16.335031,BO
Rudka,49.241581999999994,16.330561,BO
Litostrov,49.22697699999999,16.334207,BO
"Ostrovačice, hájenka Na Šípu",49.206407999999996,16.438228,BO
"Ostrovačice, Automotodrom",49.201088999999996,16.445464,BO
"Omice, Kývalka, spojovací",49.19040399999999,16.456031,BO
"Ostopovice, smyčka",49.16440500000001,16.540807,BO
"Ostopovice, rozcestí",49.16308899999999,16.542837,BO
"Ostopovice, náměstí",49.161085,16.545654,BO
"Ostopovice, Branky",49.15993999999999,16.548608,BO
"Brno,Pod dálnicí",49.16352599999998,16.555281,BM
"Brno,Točná",49.16475299999999,16.561586,BM
"Brno,Čermákova",49.164342,16.565103,BM
"Brno,Svah",49.165062,16.567843,BM
"Brno,Kosmonautů",49.16706499999999,16.567734,BM
"Brno,ZŠ Vedlejší",49.170719000000005,16.569134,BM
"Brno,Vltavská",49.172571,16.564402,BM
"Brno,Labská",49.171381999999994,16.559316,BM
"Brno, Tribuna B",49.20916,16.453081,BM
"Brno, Masarykův okruh",49.20470199999999,16.44722,BM
"Ostopovice, Lipová",49.16305199999999,16.536032,BO
"Troubsko, Lísek",49.171814999999995,16.480037,BO
"Omice, sokolovna",49.171992,16.454951,BO
"Omice, samoobsluha",49.16998000000001,16.451412,BO
"Velatice, Maxlůvka",49.18415099999999,16.752488,BO
Velatice,49.197431999999985,16.75305,BO
"Mokrá-Horákov, rozc.cementárna",49.210068,16.752697,BO
"Mokrá-Horákov, cementárna",49.214096999999995,16.765264,BO
"Mokrá-Horákov, Horákov",49.215717,16.749749,BO
"Mokrá-Horákov, sídliště",49.221086,16.751864,BO
"Mokrá-Horákov, Mokrá",49.223603000000004,16.751381,BO
"Mokrá-Horákov, lom",49.22596899999999,16.756802,BO
"Hostěnice, kasárna",49.233053,16.778794,BO
"Hostěnice, rozc.Červený vrch",49.232777,16.795863,BO
"Pozořice, Jezera, vodojem",49.221986999999984,16.797157,BO
"Pozořice, Jezera",49.21547499999999,16.795525,BO
"Pozořice, náměstí",49.209531999999996,16.790621,BO
"Viničné Šumice, točna",49.212717999999995,16.8107,BO
"Viničné Šumice, Psénky",49.21353,16.816405,BO
"Viničné Šumice, Hradská",49.214352999999996,16.821804,BO
"Viničné Šumice, obecní úřad",49.21246,16.825917,BO
"Kovalovice, Dražka",49.20639499999999,16.824338,BO
"Kovalovice, obecní úřad",49.204724,16.818802,BO
"Kovalovice, na kopci",49.206241,16.807556,BO
"Pozořice, Velké Lipky",49.209448,16.797716,BO
Sivice,49.201333,16.783578,BO
"Tvarožná, sokolovna",49.19306,16.776086,BO
Tvarožná,49.19078699999999,16.770356,BO
"Tvarožná, zemědělské družstvo",49.18589399999999,16.764965,BO
"Brno,Zvonařka",49.18754,16.620139,BM
"Střelice, obecní úřad",49.15264799999999,16.503052,BO
"Střelice, nákupní středisko",49.152767999999995,16.49396,BO
"Střelice, Vršovice",49.153442999999996,16.480213,BO
"Střelice, ústav sociální péče",49.151699,16.470175,BO
"Střelice, rozcestí Radostice",49.150462999999995,16.46443,BO
"Radostice, u Žemličků",49.143552,16.467291,BO
"Radostice, koupaliště",49.13815099999999,16.467962,BO
"Radostice, Mlýnská silnice",49.135629,16.47497,BO
"Radostice, sokolovna",49.13152199999999,16.477831,BO
"Prštice, u zámku",49.118023999999984,16.473362,BO
"Prštice, rozcestí Hlína",49.113503,16.468491,BO
Silůvky,49.105948,16.468237,BO
"Ořechov, kravín",49.108647000000005,16.496457,BO
"Ořechov, Jeřábkova",49.108913,16.512492,BO
"Ořechov, obecní úřad",49.111516,16.518332,BO
"Ořechov, zdravotní středisko",49.11048399999999,16.527074,BO
"Střelice, požární zbrojnice",48.99416600000001,15.983194000000001,ZN
Březina,49.32147199999999,16.422928,BO
"Rakvice, U Šutráku",48.852061,16.821324,BV
"Ořechov, tábor",49.110182,16.539924,BO
"Lelekovice, u kříže",49.29017199999999,16.587318,BO
"Hustopeče, ZŠ Komenského",48.93993,16.73318,BV
"Heroltice, rozcestí",49.31920299999999,16.416328,BO
"Brno,Černohorská",49.258708,16.571388,BM
"Střelice, hájenka",49.004965,15.974225,ZN
Hajany,49.11066999999999,16.555062,BO
"Moravská Nová Ves, křižovatka",48.802639000000006,17.014648,BV
"Lelekovice, náves",49.291232,16.578953,BO
Heroltice,49.311648,16.412858,BO
"Brno,Díly",49.25424999999999,16.574421,BM
"Hustopeče, u stadionu",48.944199,16.733041,BV
"Rozkoš, u kapličky",49.02841599999999,15.976725,ZN
"Želešice, u dálnice",49.11512799999999,16.569013,BO
"Mikulčice, cihelna",48.816452,17.047072,HO
"Lelekovice, škola",49.290026999999995,16.575464,BO
Vohančice,49.32184399999999,16.394478,BO
"Brno,Žilkova",49.25261,16.575758,BM
"Hustopeče, Nádražní",48.935360999999986,16.731025,BV
"Rozkoš, Zátiší",49.028420999999994,15.995144,ZN
"Želešice, u Sulzrů",49.11527,16.574214,BO
"Mikulčice, obecní úřad",48.81718599999999,17.051169,HO
"Lelekovice, u Hrazdírů",49.287462,16.572706,BO
"Tišnov, Pejškov",49.316551999999994,16.378515,BO
"Brno,Řečkovice",49.247143,16.579164,BM
"Hustopeče, Mostárna",48.91423699999999,16.710214,BV
"Slatina, obecní úřad",49.02003799999999,16.017506,ZN
"Želešice, hostinec",49.116873999999996,16.581902,BO
"Želešice, na kopci",49.11821799999999,16.591398,BO
"Modřice, Husova",49.13219999999999,16.612158,BO
"Modřice, Masarykova",49.131145,16.614593,BO
"Modřice, náměstí",49.127714,16.615961,BO
"Modřice, Za mlýnem",49.130699,16.62476,BO
"Modřice, Drůbežářské závody",49.133704,16.630941,BO
"Modřice, Olympia",49.139272999999996,16.634131,BO
"Modřice, Olympia jih",49.135069,16.633864,BO
"Rosice, Brněnská",49.18293799999999,16.39825,BO
"Rosice, STK",49.18471799999999,16.404969,BO
"Brno,Riviéra",49.187415999999985,16.571518,BM
"Brno,Poříčí",49.187296,16.594573,BM
"Brno,Mendlovo náměstí",49.19023599999999,16.593689,BM
"Zbýšov, Jednota",49.161449999999995,16.342754,BO
"Zakřany, Jednota",49.16871799999999,16.331429,BO
"Zakřany, obecní úřad",49.170328999999995,16.325743,BO
"Zakřany, ZD",49.16918699999999,16.319818,BO
"Lukovany, u kapličky",49.163293,16.302804,BO
"Lukovany, na dolině",49.162935,16.299698,BO
"Lukovany, točna",49.163198,16.295753,BO
"Oslavany, Padochov, rozcestí",49.13273,16.352482,BO
"Oslavany, Permonium",49.125765,16.345658,BO
Kratochvilka,49.15705299999999,16.376949,BO
"Neslovice, škola",49.145908,16.387286,BO
"Hlína, samota",49.123142,16.42101,BO
Hlína,49.114511,16.427405,BO
"Ivančice, Němčice, sokolovna",49.094084,16.364314,BO
"Ivančice, Alexovice",49.090773,16.355852,BO
"Ivančice, Alexovice, transformátor",49.089752999999995,16.350857,BO
"Ivančice, Řeznovice",49.086045,16.323792,BO
"Ivančice, Řeznovice, škola",49.084824,16.319868,BO
"Ivančice, Hrubšice",49.09312,16.303917,BO
"Moravské Bránice, u hřbitova",49.086133999999994,16.438924,BO
"Přibyslavice, Radoškov, Spálený mlýn",49.294796999999996,16.288857,BO
"Přibyslavice, Radoškov",49.28399700000001,16.302503,BO
"Přibyslavice, obecní úřad",49.279740999999994,16.262974,BO
"Velká Bíteš, Pánov, rozcestí",49.312502,16.283915,ZR
Stanoviště,49.23758300000001,16.255712,BO
Újezd u Rosic,49.222602,16.253877,BO
"Újezd u Rosic, u kovárny",49.22233399999999,16.24835,BO
"Újezd u Rosic, samota",49.222001999999996,16.238089,BO
Hluboké,49.225953000000004,16.22696,TR
"Zbraslav, Březina",49.22181799999999,16.282843,BO
Zbraslav,49.221017999999994,16.295808,BO
"Zbraslav, Malinovského",49.217576,16.298769,BO
"Příbram na Moravě, rozc. 2.0",49.20466799999999,16.3103,BO
"Příbram na Moravě, Brodek",49.19829500000001,16.303898,BO
"Příbram na Moravě, Jednota",49.194501,16.302344,BO
"Zastávka, Kopečky",49.19611199999999,16.359186,BO
"Zastávka, hotel",49.188448,16.362043,BO
"Zbraslav, u kostela",49.22247,16.29316,BO
"Stanoviště, rozc. 1.0",49.246528999999995,16.26273,BO
"Velká Bíteš, Ludvíkov",49.254636999999995,16.257732,ZR
"Velká Bíteš, Košíkov",49.26883000000001,16.238987,ZR
"Velká Bíteš, Hybešova",49.283225,16.230586,ZR
Vysoké Popovice,49.182835,16.287003,BO
Zálesná Zhoř,49.25114700000001,16.291372,BO
"Zálesná Zhoř, hájenka",49.251882,16.278724,BO
Čučice,49.140006,16.277489,BO
Ketkovice,49.159057,16.264104,BO
"Ketkovice, kovárna",49.16101799999999,16.26144,BO
"Sudice, rozcestí 1.0",49.180877,16.254778,TR
"Sudice, Výhon",49.18037499999999,16.250437,TR
"Sudice, škola",49.180597000000006,16.240857,TR
"Sudice, náves",49.182238,16.236392,TR
"Rapotice, škola",49.19106,16.255348,TR
"Oslavany, Nová čtvrť",49.128752,16.323029,BO
"Moravský Krumlov, škola",49.047594999999994,16.301727,ZN
"Moravský Krumlov, Dřevotvar",49.05015499999998,16.296378,ZN
"Moravský Krumlov, Polánka, rozcestí",49.066169,16.308249,ZN
"Moravský Krumlov, Rokytná, rozcestí",49.074357,16.326155,ZN
"Žerotice, Kyjovická",48.925525,16.165198,ZN
Kyjovice,48.915619,16.166621,ZN
"Moravský Krumlov, Polánka",49.068361,16.304117,ZN
Plaveč,48.929175,16.079838,ZN
"Jamolice, mateřská škola",49.072092,16.258284,ZN
"Jamolice, restaurace",49.073338,16.249429,ZN
"Jamolice, lesovna",49.079927999999995,16.239199,ZN
"Dukovany, obec",49.079628,16.190947,TR
"Dukovany, rozcestí",49.086423,16.162144,TR
"Dukovany, EDU",49.090362000000006,16.144966,TR
Slavětice,49.10354699999999,16.106792,TR
"Hrotovice, správa silnic",49.10393299999999,16.072176,TR
"Hrotovice, autobusové nádraží",49.10740799999999,16.060075,TR
"Znojmo, Přímětická, rozc.k Měst.lesíku",48.871452000000005,16.040599,ZN
"Znojmo, Přímětice, SKLOSTROJ",48.878854,16.037465,ZN
"Hluboké Mašůvky, rozcestí Plenkovice",48.91926699999999,16.025448,ZN
"Hluboké Mašůvky, hostinec",48.923132,16.025418,ZN
"Hluboké Mašůvky, dolní zastávka",48.927800999999995,16.026232,ZN
"Hluboké Mašůvky, hájenka",48.937037999999994,16.00754,ZN
"Bojanovice, odbočka k pile",48.95216299999999,15.993046,ZN
"Bojanovice, hospodářství ZD",48.96439099999999,15.992003999999998,ZN
"Bojanovice, obecní úřad",48.96905799999998,15.989056,ZN
"Jevišovice, policie",48.983151,15.986567999999998,ZN
"Jevišovice, náměstí",48.98804399999999,15.992583000000002,ZN
"Mikulčice, Těšice",48.82150199999999,17.059038,HO
"Čebín, náměstí",49.312884999999994,16.47745,BO
"Brno,Olšanského",49.244294,16.577498,BM
"Šakvice, horní konec",48.899150999999996,16.712902,BV
"Šakvice, obecní úřad",48.89683999999999,16.717438,BV
"Česká, křižovatka",49.28294,16.565352,BO
"Brno,Medlánky",49.240507,16.5737,BM
"Slatina, horní zastávka",49.021178,16.024163,ZN
"Pouzdřany, obecní úřad",48.935503,16.625457,BV
"Tišnov, Lomnická",49.355382,16.428726,BO
"Lužice, zdravotní středisko",48.831782,17.067122,HO
"Česká, UP závody",49.28879899999999,16.561525,BO
"Slatina, Kratochvilka",49.02910099999999,16.031229,ZN
"Pouzdřany, škola",48.941514999999995,16.632115,BV
"Brno,Medlánky, škola",49.23831399999999,16.578217,BM
"Lomnička, obecní úřad",49.367903,16.429825,BO
"Lužice, u školy",48.837399,17.06954,HO
"Kuřim, Díly pod Sv. Jánem",49.296906,16.547684,BO
"Kuřim, sokolovna",49.29816499999999,16.539216,BO
"Kuřim, Popkova",49.304662,16.531029,BO
"Kuřim, Prefa",49.318357999999996,16.546957,BO
"Kuřim, golfové hřiště",49.27870599999999,16.526126,BO
Jinačovice,49.26772499999999,16.527344,BO
"Jinačovice, Chaloupky",49.264602,16.527256,BO
"Rozdrojovice, Na Březině",49.254363999999995,16.516596,BO
"Rozdrojovice, Na dědině",49.25517,16.510942,BO
"Rozdrojovice, Obecnice",49.252936999999996,16.512518,BO
"Rozdrojovice, rozcestí přehrada",49.250282,16.515923,BO
"Rozdrojovice, rekreační středisko",49.248168,16.519248,BO
"Brno,U Luhu",49.23916799999999,16.530091,BM
"Brno,U památníku",49.235977999999996,16.527994,BM
"Brno,Pod Mniší horou",49.227402,16.534252,BM
"Brno,Zoologická zahrada",49.22777299999999,16.531579,BM
Moravské Knínice,49.293164999999995,16.503428,BO
"Moravské Knínice, Podhájí",49.292658999999986,16.477428,BO
"Lažánky, Holasice, rozcestí",49.27639199999999,16.405497,BO
"Lažánky, hotel",49.28105399999998,16.391306,BO
Lažánky,49.278741,16.388185,BO
"Lažánky, šachty",49.28090399999999,16.373445,BO
Maršov,49.28341999999999,16.360229,BO
"Maršov, Vobůrka",49.28448,16.354984,BO
Braníškov,49.294719,16.342831,BO
"Deblín, myslivna",49.3117,16.32996,BO
"Deblín, zemědělské družstvo",49.31881299999999,16.337792,BO
"Deblín, obecní úřad",49.320404,16.345811,BO
"Deblín, Pod cihelnou",49.322101999999994,16.350949,BO
"Úsuší, Čížky",49.32803,16.366757,BO
"Nelepeč, Žernůvka",49.333124999999995,16.387765,BO
"Vohančice, Závist",49.334312,16.400098,BO
"Kuřim, škola Jungmannova",49.30419699999999,16.528445,BO
Úsuší,49.334512,16.3557,BO
"Kuřim, Podlesí, Pramen",49.305115,16.557422,BO
"Brno,Hudcova",49.23549599999999,16.587256,BM
"Vranov, křižovatka",49.31023,16.612362,BO
"Vranov, myslivna",49.308411,16.621848,BO
"Brno,Kamechy",49.215695999999994,16.495309,BM
"Brno,Chvalovka",49.214852,16.499799,BM
"Brno,Kavčí",49.216644,16.500684,BM
"Brno,Říčanská",49.21857,16.497466,BM
"Brno,Ruda",49.220526,16.502696,BM
"Brno,Ečerova",49.21824199999999,16.509265,BM
"Brno,Ondrouškova",49.21759299999999,16.517246,BM
"Brno,Kubíčkova",49.221263,16.519845,BM
"Brno,Rakovecká",49.22604899999999,16.518757,BM
"Brno,Přístaviště",49.22823100000001,16.522304,BM
"Brno,Svratecká",49.218242999999994,16.553765,BM
"Brno,Optátova",49.20871999999999,16.555587,BM
"Brno,Pod Jurankou",49.19916299999999,16.566294,BM
"Brno,Pisárky",49.19334599999999,16.570455,BM
"Brno,Technologický park",49.231561000000006,16.576901,BM
"Brno,V Újezdech",49.24192099999999,16.573179,BM
"Brno,Nadační",49.24516899999998,16.570704,BM
"Brno,Renčova",49.246954999999986,16.575106,BM
"Brno,Palackého náměstí",49.250828,16.581838,BM
"Brno,Řečkovice, hřbitov",49.253378999999995,16.582412,BM
"Brno,Kronova",49.251310000000004,16.588596,BM
"Veverská Bítýška, Vápenice",49.24495699999999,16.44598,BO
"Brno, Nové Dvory",49.251481999999996,16.45032,BM
"Brno, Hrad Veveří",49.254541,16.461517,BM
"Brno, Lávka Pod Hradem",49.260157,16.465291,BM
"Brno, Obora",49.255525999999996,16.476006,BM
"Brno, Jelenice",49.25070999999999,16.485159,BM
"Brno, Rokle",49.24568200000001,16.496135,BM
"Brno, Kozí horka",49.236499,16.504571,BM
"Brno,Rakovec",49.227805,16.508536,BM
"Brno,Podkomorská",49.225484,16.513572,BM
"Brno, U Matky Boží",49.254192,16.453255,BM
"Veverská Bítýška, rozcestí Mečkov",49.26105,16.443674,BO
"Brno,Nemocnice Bohunice",49.176554,16.567137,BM
"Brno,Svážná",49.173476,16.553445,BM
"Brno,Jemelkova",49.173248,16.548706,BM
"Brno,Skalní",49.17424,16.536133,BM
"Brno,Hoštická",49.173824999999994,16.528135,BM
"Troubsko, Nová",49.16676199999999,16.518608,BO
"Troubsko, kaplička",49.168968,16.511527,BO
"Troubsko, obecní úřad",49.170909,16.506305,BO
"Popůvky, Náves",49.178184,16.487946,BO
"Popůvky, Vintrovna",49.181486,16.490772,BO
"Troubsko, Veselka",49.176487,16.503758,BO
"Brno,Borovník",49.19848499999999,16.499738,BM
"Brno,Křivánkovo náměstí",49.20703,16.487556,BM
"Brno,Drdy",49.209413999999995,16.492426,BM
"Brno,Žebětínský rybník",49.21532,16.493586,BM
"Brno,Wollmanova",49.222192,16.522638,BM
"Brno,Laštůvkova",49.220336999999994,16.525608,BM
"Brno,Vondrákova",49.22137400000001,16.528615,BM
"Svatoslav, hájenka",49.311657999999994,16.315907,BO
"Svatoslav, horní konec",49.304095,16.312546,BO
"Svatoslav, obecní úřad",49.30160599999999,16.308603,BO
"Drásov, Siemens",49.32729,16.476888,BO
"Čebín, sídliště",49.316846000000005,16.474095,BO
"Slatina, Kratochvilka, křižovatka",49.02988200000001,16.027875,ZN
Popice,48.92841899999999,16.664539,BV
"Brno,Vozovna Medlánky",49.23551599999999,16.585908,BM
Šerkovice,49.385971999999995,16.429794,BO
"Biskupice-Pulkov, Biskupice",49.036052999999995,16.011173,TR
"Lužice, obchodní dům",48.841711999999994,17.073183,HO
"Brno,Tylova",49.231775,16.589714,BM
"Lomnice, Řepka",49.38629399999999,16.412417,BO
"Popice, rozcestí",48.91953999999999,16.684411,BV
"Biskupice-Pulkov, Pulkov",49.038954999999994,15.987838000000002,TR
"Lužice, rozcestí",48.844704,17.08271,HO
"Brno,Semilasso",49.228076,16.593128,BM
"Lomnice, Brusná, rozcestí",49.392559999999996,16.408758,BO
"Hustopeče, plnírna",48.91715099999999,16.703184,BV
"Moravský Krumlov, PBS",49.04890999999999,16.339637,ZN
"Hodonín, Kapřiska, rybníky",48.847975999999996,17.092638,HO
Protivanov,49.48234399999999,16.8369,PV
Žerůtky,49.440563,16.536595,BK
Bavory,48.83573,16.622435,BV
"Slavětice, rozcestí",49.101406999999995,16.084572,TR
"Hodonín, Kapřiska",48.85241200000001,17.106143,HO
"Protivanov, hor.zast.",49.480137000000006,16.836125,PV
"Býkovice, nákupní středisko Hrnčíř",49.430157999999984,16.538692,BK
Perná,48.855156,16.620798,BV
"Rouchovany, učiliště",49.072072,16.101737,TR
"Hodonín, u podjezdu",48.851049,17.11379,HO
"Prušánky, u mlýna",48.831711999999996,16.971945,HO
"Prušánky, obecní úřad",48.82900499999999,16.981547,HO
"Prušánky, na konci",48.830442,16.986932,HO
"Josefov, u kostela",48.83917999999999,17.009504,HO
"Hodonín, Písečný, farma",48.850152,17.067132,HO
"Dolní Bojanovice, dolní zastávka",48.856074,17.030055,HO
"Dolní Bojanovice, horní zastávka",48.861974999999994,17.026182,HO
"Starý Poddvorov, Čekačka",48.875976,16.99802,HO
"Starý Poddvorov, hřiště",48.88143699999999,16.988943,HO
"Starý Poddvorov, obec",48.878468999999996,16.981495,HO
"Nový Poddvorov, rozcestí",48.875901,16.975028,HO
"Čejkovice, Cigánov",48.897101,16.944014,HO
"Nový Poddvorov, obecní úřad",48.870108,16.964092,HO
"Čejkovice, V Kratinách",48.909705,16.940533,HO
"Břeclav, Charvátská N. Ves, Obránců míru",48.76928699999999,16.84762,BV
"Břeclav, Charvátská Nová Ves, Palackého",48.762624999999986,16.850728,BV
"Břeclav, Poštorná, Valtická, točna",48.75800499999999,16.849742,BV
"Břeclav, Poštorná, Tovární čtvrť",48.75471199999999,16.849599,BV
"Břeclav, Poštorná, PKZ",48.751963999999994,16.85204,BV
"Břeclav, Poštorná, Nádražní",48.75210200000001,16.858368,BV
"Břeclav, Jana Palacha",48.75616099999999,16.888901,BV
"Břeclav, Lanžhotská",48.750778,16.903667,BV
"Břeclav, Městský hřbitov",48.750487,16.906895,BV
"Břeclav, Poštorná, Hlavní",48.755266999999996,16.863343,BV
"Břeclav, Dům kultury",48.757099999999994,16.884827,BV
"Břeclav, Poštorná, Jana Skácela",48.74991000000001,16.869345,BV
"Břeclav, Poštorná, Hraniční",48.745568,16.871008,BV
"Břeclav, Poštorná, FOSFA",48.74112999999999,16.870569,BV
"Břeclav, Průmyslová škola",48.75595,16.884447,BV
"Břeclav, Stará Břeclav, Domov seniorů",48.76807199999999,16.887118,BV
"Břeclav, Stará Břeclav, kulturní dům",48.774218000000005,16.886674,BV
"Břeclav, Stará Břeclav, u parku",48.77527299999999,16.890122,BV
"Břeclav, Stará Břeclav, J. Moláka",48.77740699999999,16.897259,BV
"Břeclav, Stará Břeclav, Vinohradní",48.77552,16.89359,BV
"Břeclav, Stará Břeclav, Lidická",48.767779999999995,16.890053,BV
"Břeclav, Slovácká",48.759645,16.887459,BV
"Břeclav, Sovadinova",48.76306699999999,16.88926,BV
"Břeclav, Stará Břeclav, Mánesova",48.772417,16.887833,BV
"Břeclav, nemocnice",48.753133999999996,16.881758,BV
"Pavlov, Rudolfa Gajdoše",48.872358,16.667379,BV
"Hrušky, motorest",48.78687000000001,16.950378,BV
Hrušky,48.794166,16.970586,BV
"Moravská Nová Ves, ZD",48.799726,17.008258,BV
"Moravská Nová Ves, Jednota",48.807628,17.008481,BV
"Lanžhot, Jednota",48.72279700000001,16.957856,BV
"Mikulčice, důl Mír",48.821329999999996,17.044767,HO
"Tvrdonice, mateřská škola",48.764263,16.989576,BV
"Tvrdonice, Poza",48.770380999999986,16.970712,BV
"Tvrdonice, Jižní Morava",48.779178,16.947654,BV
"Strážnice, škola",48.898541,17.306316,HO
"Veselí nad Moravou, Purkyňova",48.94985599999999,17.386874,HO
"Veselí nad Moravou, železárny",48.946391000000006,17.387641,HO
Kozojídky,48.919005,17.39839,HO
"Kozojídky, ZD",48.91369000000001,17.397294,HO
Žeraviny,48.908663,17.394697,HO
"Hroznová Lhota, zdravotní středisko",48.91018,17.416182,HO
"Hroznová Lhota, obecní úřad",48.907058,17.417175,HO
"Hroznová Lhota, dolní konec",48.901382999999996,17.419052,HO
"Kněždub, obecní úřad",48.886855,17.396004,HO
Kněždub,48.885756,17.387649,HO
Tvarožná Lhota,48.877348999999995,17.35945,HO
"Strážnice, Úprkova",48.90301699999999,17.31951,HO
"Mikulov, BOSCH",48.80681799999999,16.621321,BV
"Holubice, Curdík",49.17458499999999,16.822937,VY
"Holubice, obecní úřad",49.177278,16.813581,VY
"Holubice, u mostu",49.179343,16.806418,VY
Vážany nad Litavou,49.130573,16.855832,VY
"Vážany nad Litavou, u mlýna",49.12893799999999,16.851514,VY
Hrušky,49.12918299999998,16.834174,VY
"Křenovice, u hřbitova",49.140416,16.827518,VY
"Křenovice, Sokolská",49.143181999999996,16.830647,VY
"Slavkov u Brna, Agrozávod",49.149518,16.853336,VY
Zbýšov,49.129977,16.809391,VY
Šaratice,49.116952,16.802559,VY
Hostěrádky-Rešov,49.117312,16.785356,VY
"Otnice, Na Konci",49.089579,16.80605,VY
"Otnice, host. U Marků",49.08712099999998,16.812874,VY
"Otnice, dělnický dům",49.08279799999999,16.818934,VY
Lovčičky,49.06821999999998,16.84938,VY
"Slavkov u Brna, MEZ",49.15326300000001,16.886033,VY
"Slavkov u Brna, Cutisín",49.15331799999999,16.892032,VY
"Němčany, točna",49.168502,16.919492,VY
"Němčany, obecní úřad",49.165137,16.920447,VY
"Němčany, u kovárny",49.161736999999995,16.918137,VY
"Hodějice, u mostu",49.142563,16.911732,VY
"Hodějice, točna",49.14025,16.919782,VY
"Hodějice, rozc.",49.14957299999999,16.915679,VY
"Křižanovice, u přejezdu",49.145083,16.940023,VY
"Protivanov, pila",49.476104,16.826375,PV
Všechovice,49.357502999999994,16.494357,BO
"Perná, samota",48.859635,16.611095,BV
"Protivanov, tábor Metra",49.47139399999999,16.814908,PV
Horní Věstonice,48.87587400000001,16.624679,BV
"Žďárná, horní zastávka",49.468553,16.761956,BK
Dolní Věstonice,48.88825200000001,16.643496,BV
"Benešov, Pavlov",49.51063299999999,16.7809,BK
Strachotín,48.905281999999985,16.652332,BV
"Benešov, Pavlov, Dvůr",49.51534,16.791413,BK
"Mikulov, Poliklinika",48.80499600000001,16.638546,BV
"Všechovice, rozcestí",49.35369,16.496828,BO
"Buková, horní zastávka",49.511758,16.824548,PV
"Pavlov, rozcestí",48.878753999999994,16.676276,BV
Pavlov,48.874271,16.67368,BV
Buková,49.508883000000004,16.830467,PV
"Mikulov, kasárna",48.81600599999999,16.650171,BV
Rouchovany,49.069188,16.109075,TR
"Drásov, most",49.33767499999998,16.480024,BO
"Protivanov, dol.zast.",49.48737,16.837736,PV
"Klentnice, u rybníka",48.840853,16.642589,BV
"Rešice, restaurace",49.053075,16.172038,ZN
"Rešice, dvůr",49.048585999999986,16.164028,ZN
"Rešice, Kordula, rozcestí",49.061292,16.145902,ZN
Horní Dubňany,49.062948,16.201328,ZN
"Horní Dubňany, obecní úřad",49.065899,16.203088,ZN
"Dolní Dubňany, u mostu",49.055516999999995,16.224832,ZN
Dobřínsko,49.053529,16.260958,ZN
"Tulešice, křižovatka",49.040095999999984,16.204039,ZN
"Rouchovany, Šemíkovice",49.053162,16.112698,TR
"Újezd, zámeček",49.023132999999994,16.053992,ZN
"Běhařovice, Ratišovice",48.995645999999994,16.054492,ZN
"Běhařovice, Stupešice, prodejna",48.984882999999996,16.075509,ZN
"Mikulovice, náměstí",48.956531,16.092162,ZN
"Mikulovice, obecní úřad",48.95631800000001,16.088968,ZN
"Rudlice, rozcestí",48.945313,16.077734,ZN
"Němčičky, rozcestí",48.939467999999984,16.083075,ZN
"Mikulovice, škola",48.95627499999999,16.089503,ZN
"Hrušovany nad Jevišovkou, DAPO",48.83685499999999,16.415297,ZN
"Nový Šaldorf, škola",48.83317799999999,16.066634,ZN
"Nový Šaldorf, autosalon",48.82941499999999,16.062523,ZN
"Znojmo, Konice, pod kopcem",48.829401999999995,16.02747,ZN
"Znojmo, Konice, Jednota",48.832703,16.021528,ZN
"Znojmo, Popice, u hospody",48.82486,16.016215,ZN
"Znojmo, Popice",48.821112,16.016107,ZN
Havraníky,48.809051999999994,16.009077,ZN
Hnanice,48.79685799999999,15.987885,ZN
"Šatov, křižovatka",48.795137,16.00584,ZN
"Šatov, obecní úřad",48.79215199999999,16.014302,ZN
"Práče, obecní úřad",48.877022,16.20227,ZN
"Nebovidy, dolní konec",49.142039999999994,16.549112,BO
"Nebovidy, u kostela",49.141709999999996,16.553836,BO
"Moravany, Hlavní",49.147161999999994,16.578724,BO
"Moravany, Bohunická cesta",49.150948,16.58364,BO
"Brno,Rozhraní",49.15577599999999,16.592203,BM
"Moravany, Nebovidská",49.147983,16.569237,BO
"Brno,Heršpická",49.170364,16.599629,BM
"Nebovidy, rozcestí Střelice",49.145416999999995,16.531543,BO
"Nebovidy, Závist",49.134425,16.528867,BO
"Ořechov, Kerendov",49.11739099999999,16.525788,BO
"Ořechov, orlovna",49.11107799999999,16.526128,BO
"Sobotovice, rozcestí",49.060587,16.565757,BO
"Trboušany, rozc.",49.044837999999984,16.471218,BO
Holasice,49.07800499999999,16.60397,BO
"Vojkovice, sídliště",49.055533999999994,16.603992,BO
Vojkovice,49.05215599999999,16.607262,BO
"Měnín, ZD",49.09157,16.689734,BO
"Otmarov, chaloupka",49.100458,16.680497,BO
Otmarov,49.100401999999995,16.672207,BO
"Rajhradice, obalovna",49.096397,16.651628,BO
Rebešovice,49.104969,16.638034,BO
"Rebešovice, Horky",49.108661,16.641332,BO
"Brno,Chrlice, smyčka",49.126699,16.654897,BM
"Brno,Chrlické náměstí",49.135612999999985,16.65352,BM
"Modřice, Bobrava, motel",49.10688799999999,16.601436,BO
"Modřice, Bobrava, střed",49.105064999999996,16.601406,BO
Kupařovice,49.0421,16.48738,BO
"Pravlov, rozc.",49.053001,16.479153,BO
"Popovice, železniční stanice",49.103236,16.607532,BO
Popovice,49.106739999999995,16.615093,BO
"Rajhrad, hospic",49.086061999999984,16.598458,BO
"Modřice, Uhelné sklady",49.118348000000005,16.60622,BO
"Modřice, Agropodnik",49.115717,16.606647,BO
"Hustopeče, strojírny",48.93339899999999,16.743905,BV
"Hustopeče, farma",48.930204999999994,16.765343,BV
"Horní Bojanovice, ZD",48.94071699999999,16.79728,BV
Horní Bojanovice,48.94904799999999,16.800138,BV
"Horní Bojanovice, rozcestí",48.950262,16.810931,BV
Boleradice,48.967437,16.814206,BV
"Nikolčice, obecní úřad",48.995314999999984,16.753468,BV
"Nikolčice, Jednota",48.992387,16.753876,BV
"Boleradice, ZD",48.96300699999999,16.825669,BV
"Boleradice, mlýn",48.962669999999996,16.833974,BV
Morkůvky,48.966,16.861158,BV
"Krumvíř, sokolovna",48.990167,16.908806,BV
"Krumvíř, samota Kumstát",48.996122,16.900578,BV
"Klobouky u Brna, Bohumilice",49.01872699999999,16.893512,BV
"Klobouky u Brna, Bohumilice, rozc.",49.032171999999996,16.884112,BV
"Velké Hostěrádky, obecní úřad",49.031262,16.871652,BV
"Hustopeče, Svatopluka Čecha",48.936060000000005,16.72967,BV
"Hustopeče, Javorová",48.938219999999994,16.72874,BV
"Hustopeče, Dlouhá",48.93965,16.72776,BV
"Hustopeče, U Větrolamu",48.94157,16.72454,BV
"Hustopeče, Generála Peřiny",48.941939999999995,16.72221,BV
"Hustopeče, Starovická",48.94337999999999,16.72267,BV
"Hustopeče, Mírová",48.94576000000001,16.72572,BV
"Hustopeče, Žižkova",48.94381,16.73006,BV
"Malhostovice, náměstí",49.33338499999999,16.501989,BO
"Malhostovice, Nuzířov",49.343684999999994,16.521873,BO
"Boskovice, Boženy Němcové",49.493584999999996,16.666403,BK
"Sentice, obecní úřad",49.311867,16.44775,BO
Býkovice,49.42956800000001,16.535336,BK
"Skalička, hostinec",49.358295000000005,16.514417,BO
Klentnice,48.846778,16.64498,BV
Dlouhá Lhota,49.428422999999995,16.510978,BK
"Klentnice, rozcestí",48.851233,16.642915,BV
"Brťov-Jeneč, Na Návsi",49.41470799999999,16.513961,BK
"Lednice, škola",48.797340999999996,16.806333,BV
"Skalička, chaloupky",49.35748100000001,16.521578,BO
"Slatina, rozc.II",49.623525,16.613954,SY
"Lednice, Apollo",48.785547999999984,16.826424,BV
"Strhaře, rozcestí",49.426007,16.426024,BO
"Slatina, u hasičárny",49.62918,16.607972,SY
"Břeclav, Charvátská Nová Ves, Lednická",48.766752,16.846556,BV
Strhaře,49.435563,16.436468,BO
"Slatina, rozc.I",49.623875999999996,16.612817,SY
"Břeclav, Poštorná, Hlavní na konci",48.7586,16.859367,BV
"Strhaře, Žleby, pila",49.429936,16.428152,BO
"Slatina, Na Červené",49.624497,16.60445,SY
"Břeclav, Poštorná, Lesní",48.75574300000001,16.873957,BV
"Strhaře, Žleby, kamenolom",49.43956,16.42595,BO
Roubanina,49.615422,16.593686,BK
"Břeclav, náměstí TGM, kostel",48.759271999999996,16.88078,BV
"Břeclav, 1. máje",48.75846099999999,16.878682,BV
"Starovičky, průmyslová zóna",48.915071999999995,16.770392,BV
Starovičky,48.90755399999999,16.775805,BV
"Zaječí, rozcestí",48.897023000000004,16.792438,BV
"Rakvice, Trkmanský dvůr",48.86795099999999,16.842758,BV
"Velké Bílovice, Svárov",48.85370999999999,16.882253,BV
"Velké Bílovice, na konci",48.843218,16.901326,BV
"Moravský Žižkov, Bílovská",48.835266999999995,16.922611,BV
"Moravský Žižkov, Křižovatka",48.83382799999999,16.932327,BV
"Moravský Žižkov, Benátky",48.828256,16.92907,BV
"Moravský Žižkov, Prechov dvůr",48.82095600000001,16.924828,BV
"Břeclav, Stará Břeclav, křižovatka Ladná",48.779586,16.902624,BV
"Břeclav, Stará Břeclav, Skopalíkova",48.772892999999996,16.891364,BV
"Břeclav, cukrovar",48.763461,16.885672,BV
"Břeclav, náměstí TGM, městský úřad",48.759682999999995,16.881319,BV
"Břeclav, poliklinika",48.752887,16.883923,BV
"Břeclav, BORS",48.75025,16.893111,BV
"Břeclav, Pohansko, rozcestí",48.74944899999999,16.900406,BV
"Kostice, váha",48.746172,16.924543,BV
"Lanžhot, obchodní středisko",48.728958000000006,16.963511,BV
"Lanžhot, autobusové nádraží",48.72527999999999,16.967487,BV
"Velké Pavlovice, gymnázium",48.90420399999999,16.816476,BV
"Břeclav, Gumotex",48.751366000000004,16.894592,BV
"Velké Pavlovice, Hodonínská",48.89790899999999,16.824946,BV
"Kostice, Břeclavská",48.748800999999986,16.976148,BV
"Kostice, kaplička",48.747439,16.981179,BV
"Tvrdonice, na konci",48.754647999999996,16.98725,BV
"Tvrdonice, náměstí",48.760899,16.992788,BV
"Tvrdonice, Týnecká",48.76446500000001,16.995481,BV
"Týnec, váha",48.779382,17.009992,BV
"Kostice, obecní úřad",48.746393,16.981563,BV
"Kostice, Lanžhotská",48.74249199999999,16.978943,BV
"Lanžhot, u mostu",48.729074,16.973123,BV
"Zaječí, za nádražím",48.89426299999999,16.786972,BV
"Zaječí, mateřská škola",48.87647199999999,16.768873,BV
"Zaječí, restaurace",48.873192,16.766611,BV
"Zaječí, škola",48.871666,16.773978,BV
"Přítluky, rozcestí",48.863260999999994,16.7556,BV
"Přítluky, pod věží",48.855272,16.773561,BV
"Přítluky, Nové Mlýny, obalovna",48.860686,16.741718,BV
"Přítluky, Nové Mlýny, Jednota",48.857852,16.731967,BV
"Rakvice, škola",48.858278000000006,16.80663,BV
"Rakvice, kostel",48.858799999999995,16.812417,BV
"Rakvice, rozcestí",48.865774,16.821992,BV
"Rakvice, Trkmanský dvůr, rozcestí",48.86981099999999,16.831636,BV
"Lednice, Nejdek",48.81246,16.775268,BV
"Mikulov, G-centrum",48.797644999999996,16.627705,BV
"Mikulov, Supermarket",48.805171,16.626893,BV
"Mikulov, Žižkova",48.81587499999999,16.650639,BV
"Mikulov, Dukelská",48.813407999999995,16.646714,BV
"Mikulov, Pod Kozím hrádkem",48.808983,16.636108,BV
"Mikulov, Valtická",48.801068,16.644782,BV
"Mikulov, Mušlov, rozcestí",48.791033999999996,16.67381,BV
"Valtice, celnice",48.73881600000001,16.73331,BV
"Valtice, Úvaly",48.741519,16.705681,BV
"Valtice, Úvaly, na konci",48.742541,16.699415,BV
"Valtice, hřbitov",48.75217899999999,16.765439,BV
"Hlohovec, obecní úřad",48.77397299999999,16.763082,BV
"Hlohovec, rybárna",48.77575499999999,16.771297,BV
"Hlohovec, Tři Grácie",48.77693299999999,16.78322,BV
"Lednice, Valtická",48.794975,16.799449,BV
"Valtice, kasárna",48.72931,16.774042,BV
"Valtice, Boří Dvůr",48.721178,16.8009,BV
"Valtice, nemocnice",48.742883,16.760649,BV
"Valtice, česká čtvrť",48.744614999999996,16.770629,BV
"Valtice, hájenka",48.746275999999995,16.792044,BV
"Břeclav, Poštorná, Valtická",48.756558,16.856742,BV
"Ladná, Mlýnská",48.80821,16.884937,BV
"Ladná, škola",48.805472,16.872155,BV
"Podivín, mechanizační středisko",48.819179999999996,16.874679,BV
"Horní Smržov, Jednota",49.618461,16.581972,BK
Horní Smržov,49.61710199999999,16.57726,BK
Deštná,49.61355799999998,16.564775,BK
"Deštná, Rumberk",49.609132,16.563768,BK
"Letovice, Dolní Smržov, Jednota",49.59868,16.55645,BK
"Letovice, Dolní Smržov",49.59073000000001,16.556445,BK
"Skrchov, točna",49.580141999999995,16.552832,BK
"Letovice, Borová",49.578215,16.558556,BK
"Letovice, Letostroj II",49.5692,16.563411,BK
"Letovice, Havírna rozcestí",49.56132499999999,16.573375,BK
"Slatina, náves",49.63024599999999,16.607803,SY
"Březina, rozc.",49.651119999999985,16.61972,SY
Malá Roudka,49.60205199999999,16.646302,BK
"Velké Opatovice, Svárov",49.59172699999999,16.618577,BK
"Letovice, Chlum",49.593702,16.59544,BK
"Osiky, rozcestí",49.446017,16.431717,BO
"Velké Opatovice, Bezděčí, rozcestí",49.605642,16.608354,BK
"Velké Opatovice, Bezděčí",49.606324,16.615755,BK
Osiky,49.45657999999999,16.421352,BO
"Letovice, Novičí, rozc.0.5",49.58411,16.591507,BK
"Osiky, točna",49.454918,16.422437,BO
"Letovice, Havírna",49.56169800000001,16.57903,BK
"Lomnička, u Hamru",49.365984000000005,16.425075,BO
"Letovice, Kladoruby",49.55524,16.608133,BK
Bukovice,49.407422,16.488207,BO
"Letovice, Kochov",49.56455499999999,16.611283,BK
Rohozec,49.39010699999999,16.482793,BO
"Letovice, Babolky",49.58961,16.579372,BK
Unín,49.38274199999999,16.492227,BO
"Letovice, Tyršova parkoviště",49.54307300000001,16.572313,BK
Hluboké Dvory,49.382973,16.514133,BO
"Roubanina, Roubanská",49.614983,16.608969,BK
"Tišnov, Jamné",49.375989,16.46768,BO
"Skrchov, rozc.II",49.579142999999995,16.553808,BK
"Tišnov, Hájek, rozcestí",49.37283299999999,16.465503,BO
Stvolová,49.58961299999999,16.543348,BK
"Tišnov, Hájek, Stanovisko rozcestí",49.364977999999994,16.453314,BO
"Rozhraní, Vilémov",49.594593999999994,16.538957,SY
"Horní Loučky, obecní úřad",49.36699200000001,16.341324,BO
"Skryje, Arka a.s.",49.38024699999999,16.317942,BO
"Skryje, Boudy",49.384268,16.312363,BO
Skryje,49.392942,16.311338,BO
"Lomnice, Brusná",49.39324699999998,16.399719,BO
"Újezd u Tišnova, závod",49.361346999999995,16.331313,BO
Újezd u Tišnova,49.36568499999999,16.323372,BO
"Tišnovská Nová Ves, rozcestí",49.367938,16.318267,BO
"Skryje, rozcestí",49.37329799999999,16.315118,BO
Tišnovská Nová Ves,49.383767999999996,16.293142,BO
"Žďárec, náměstí",49.379579,16.267219,BO
Vratislávka,49.38680499999999,16.248536,BO
"Synalov, rozcestí",49.420152999999985,16.398867,BO
Ochoz u Tišnova,49.42744199999999,16.393607,BO
Běleč,49.433229,16.3843,BO
"Běleč, Křeptov",49.44060199999999,16.378132,BO
Synalov,49.432263,16.41387,BO
"Běleč, dolní konec",49.428424,16.37596,BO
"Doubravník, Prudká, rozcestí",49.421983999999995,16.370048,BO
"Doubravník, náměstí",49.42457499999999,16.351759,BO
"Pernštejnské Jestřabí, Maňová",49.415563999999996,16.332006,BO
"Bystřice nad Pern., aut. nádr.",49.526292,16.26056,ZR
"Bystřice nad Pern., u mostu",49.521673,16.267837,ZR
"Bystřice nad Pern., sídliště I",49.516207,16.260727,ZR
"Bystřice nad Pern., rozcestí Věchnov",49.513679999999994,16.2609,ZR
"Věchnov, u rybníka",49.498436000000005,16.279772,ZR
"Věchnov, rozcestí lom",49.495273999999995,16.285669,ZR
Býšovec,49.475587999999995,16.288634,ZR
"Býšovec, Smrček",49.45855400000001,16.306014,ZR
"Nedvědice, Pernštejn, hrad",49.453657,16.313606,BO
"Nedvědice, Pernštejn, u mostku",49.45265599999999,16.325211,BO
"Nedvědice, u zdravotního střediska",49.45408799999999,16.330866,BO
"Nedvědice, rozcestí Sejřek",49.453187,16.335985,BO
Černvír,49.444866,16.346458,BO
"Doubravník, Štěpnice",49.41900799999999,16.351986,BO
Borač,49.400717,16.360932,BO
"Borač, Vrby",49.396654999999996,16.365591,BO
"Bystřice nad Pern., Novoměstská",49.528048,16.24975,ZR
Drahonín,49.413092,16.277102,BO
Olší,49.42175799999999,16.291287,BO
"Olší, Klokočí, rozcestí",49.41266799999998,16.306297,BO
"Olší, Litava",49.41038799999999,16.312237,BO
"Pernštejnské Jestřabí, rozcestí",49.401447999999995,16.323877,BO
"Pernštejnské Jestřabí, Jilmoví, rozcestí",49.393997,16.329382,BO
Kaly,49.37783499999999,16.352718,BO
"Kaly, Zahrada, rozcestí",49.37210999999999,16.364934,BO
"Sejřek, Bor, rozcestí 1,5 km",49.432261999999994,16.289313,ZR
"Žďárec, Ostrov",49.37422599999999,16.279618,BO
"Sejřek, Bor",49.438214,16.289248,ZR
"Sejřek, zbrojnice",49.435866,16.308853,ZR
"Sejřek, Mansberk",49.43818699999999,16.316116,ZR
"Sejřek, u dvora",49.442744999999995,16.320028,ZR
"Nedvědice, škola",49.456053,16.33255,BO
"Nedvědice, náměstí",49.457083,16.334446,BO
Borovník,49.355849,16.229482,BO
Rozseč,49.360127,16.221967,ZR
"Vidonín, rozcestí",49.37569999999999,16.22014,ZR
Rojetín,49.367422999999995,16.257195,BO
"Rojetín, rozcestí",49.37043799999999,16.254441,BO
"Žďárec, u kostela",49.37625299999999,16.264473,BO
Milešín,49.368178,16.202088,ZR
Heřmanov,49.37984999999999,16.181983,ZR
Nová Ves,49.39068699999999,16.196008,ZR
Radňoves,49.388153,16.214103,ZR
"Bučovice, Marefy, rozc. Letonice",49.151897,16.970958,VY
"Brněnec, Chrastová Lhota",49.61119899999999,16.532323,SY
"Brněnec, Mor.Chrastová, pošta",49.62176699999999,16.52634,SY
"Brněnec, mlýn",49.628117,16.520918,SY
"Brněnec, mlýn - most",49.629743,16.520828,SY
"Březová nad Svitavou, Doubkovy louky",49.635239,16.518497,SY
"Březová nad Svitavou, stolárna",49.638606,16.520189,SY
"Březová nad Svitavou, náměstí",49.645113,16.517187,SY
"Skrchov, rozc.I",49.58014699999999,16.551469,BK
"Letovice, Slatinka",49.575185,16.570358,BK
"Letovice, u hřiště",49.543523,16.57139,BK
"Letovice, Lhota u Letovic",49.53652400000001,16.563714,BK
"Vanovice, zastávka",49.56451,16.671064,BK
"Kunštát, Rudka",49.520421999999996,16.514495,BK
"Kunštát, Rudka, Na samotě",49.526267999999995,16.520565,BK
Nýrov,49.52796299999999,16.536341,BK
"Letovice, Jasinov",49.537627,16.530525,BK
"Letovice, Zábludov",49.540561999999994,16.546412,BK
"Kunštát, Touboř, rozcestí",49.49768799999999,16.489758,BK
"Kunštát, Hluboké u Kunštátu",49.495687000000004,16.472747,BK
"Kunštát, Touboř",49.492954999999995,16.495338,BK
"Šebetov, u zámku",49.544337,16.71737,BK
"Šebetov, na Křižnicích",49.53659900000001,16.72414,BK
"Šebetov, myslivna",49.544052,16.73393,BK
"Horní Štěpánov, Pohora",49.56121,16.755417,PV
"Okrouhlá, Melkov, rozc.2.0",49.534740000000006,16.728412,BK
"Jaroměřice, rozcestí",49.611643,16.735587,SY
"Zbraslavec, závod Best",49.490995,16.519361,BK
"Olešnice, Lamberk",49.569196999999996,16.409317,BK
"Velké Tresné, rozc.",49.583003,16.384695,ZR
"Rovečné, rozcestí",49.58780999999999,16.371897,ZR
Rovečné,49.577877999999984,16.363352,ZR
Nyklovice,49.604471999999994,16.347493,ZR
"Bystré, městský úřad",49.628215,16.34728,SY
Velké Tresné,49.57415799999999,16.381681,ZR
"Velké Tresné, závod",49.569069999999996,16.386339,ZR
"Česká, Hlavní",49.28116899999999,16.565213,BO
"Česká, Nádavky",49.27456,16.567823,BO
"Tišnov, Trnec",49.336271999999994,16.441295,BO
"Drásov, náměstí",49.332017,16.478214,BO
"Malhostovice, rozcestí",49.331454999999984,16.498112,BO
"Čebín, vápenka",49.318148999999984,16.491675,BO
"Čebín, rozcestí",49.312802,16.48469,BO
"Kuřim, zámek",49.29734899999999,16.524288,BO
"Bučovice, jatky",49.153914,16.987459,VY
"Letonice, u kaple",49.17207299999999,16.963862,VY
"Letonice, obecní úřad",49.177406,16.959463,VY
"Dražovice, na kopci",49.191844,16.947005,VY
Dražovice,49.193337,16.943692,VY
"Podbřežice, rozc.",49.208162,16.920518,VY
Podbřežice,49.21193699999999,16.928283,VY
"Komořany, obecní úřad",49.216318,16.907057,VY
"Bučovice, Marefy, náves",49.146454,16.970496,VY
"Křižanovice, pož. zbrojnice",49.143667,16.938486,VY
"Křižanovice, u Mlejnku",49.13910799999999,16.937908,VY
"Rašovice, u křížku",49.12424299999999,16.942548,VY
"Rašovice, škola",49.121055,16.948153,VY
"Bučovice, u školy",49.155432000000005,17.000171,VY
"Velké Hostěrádky, u bytovky",49.03571599999999,16.868238,BV
"Bošovice, Plaňava",49.047506999999996,16.840558,VY
"Bošovice, obecní úřad",49.05285299999999,16.837358,VY
"Bošovice, u parku",49.058323,16.834908,VY
"Újezd u Brna, Rychmanov",49.103517999999994,16.765363,BO
"Újezd u Brna, penzion",49.10656899999999,16.765047,BO
"Milešovice, sídliště",49.089704,16.850035,VY
"Milešovice, zast.",49.086615,16.850754,VY
"Milešovice, host. Laštůvka",49.082412999999995,16.854648,VY
"Otnice, Milešovská",49.08865999999999,16.82122,VY
"Otnice, zdrav.stř.",49.085983,16.813928,VY
"Sokolnice, Brněnská",49.11430899999999,16.714603,BO
"Brno,Sokolnická",49.131433,16.683993,BM
"Brno,Chrlická",49.14413,16.665114,BM
"Brno,Za křížem",49.15943499999999,16.670794,BM
"Brno,Černovická terasa II",49.16772799999999,16.675694,BM
"Brno,Černovická terasa I",49.17150800000001,16.673293,BM
"Brno,Pod Tuřankou",49.173120999999995,16.675222,BM
"Brno,Areál Slatina",49.168608,16.678414,BM
"Boleradice, u kříže",48.969531999999994,16.806925,BV
"Diváky, samota",48.987543999999986,16.803445,BV
"Diváky, dolní konec",48.991043,16.798233,BV
Nesvačilka,49.064001,16.754377,BO
"Moutnice, u fary",49.050629999999984,16.738792,BO
"Měnín, Jalovisko",49.055856,16.707137,BO
"Moutnice, k Jalovisku",49.04821299999999,16.736238,BO
"Vyškov, Hraničky",49.278726000000006,16.987375,VY
Ždánice,49.06451699999999,17.029768,HO
"Ždánice, hvězdárna",49.065594999999995,17.037683,HO
"Lovčice, dolní zastávka",49.06393299999999,17.054197,HO
"Lovčice, horní zastávka",49.06729,17.062489,HO
"Lovčice, na kopci",49.068156,17.070648,HO
"Nechvalín, dolní zastávka",49.054017,17.078154,HO
"Nechvalín, horní zastávka",49.049113,17.083725,HO
Ostrovánky,49.042801,17.080223,HO
Bukovany,49.041124,17.101586,HO
"Kyjov, pod nemocnicí",49.00773699999999,17.114275,HO
"Ždánice, šroubárna",49.05741999999999,17.025468,HO
"Násedlovice, kostel",49.014264999999995,16.961614,HO
"Ždánice, škola",49.06719399999999,17.027832,HO
"Ždánice, zdravotní středisko",49.06388499999999,17.026308,HO
"Karlín, farma",48.983167,16.974167,HO
Karlín,48.975592999999996,16.977302,HO
"Ždánice, Suchý řádek",49.071072,17.023704,HO
"Ždánice, Červený Kříž",49.096774999999994,17.019329,HO
"Bučovice, Kloboučky, točna",49.13112299999999,17.01126,VY
"Bučovice, Kloboučky, škola",49.133728999999995,17.006279,VY
"Kyjov, Langobardská",49.00428399999999,17.108918,HO
"Kyjov, nadjezd",49.007619999999996,17.11903,HO
"Kyjov, náměstí TGM",49.00998799999999,17.122645,HO
"Kyjov, Újezd, škola",49.01058799999999,17.13151,HO
"Kyjov, Újezd, Dvořákova",49.013239999999996,17.133735,HO
"Kyjov, smuteční síň",49.01557199999999,17.134788,HO
"Kyjov, sídliště Karla Čapka",49.01814799999999,17.134067,HO
"Kyjov, Nětčice, obecní dům",49.01915199999999,17.128983,HO
"Kyjov, Zahradní",49.01601199999999,17.127543,HO
"Kyjov, poliklinika",49.01467199999999,17.125657,HO
"Kyjov, gymnázium",49.01176199999999,17.12633,HO
"Kyjov, u fary",49.008996999999994,17.128788,HO
"Kyjov, Palackého",49.00814299999999,17.130642,HO
"Kyjov, ČSAD",49.01993199999999,17.124135,HO
"Kyjov, Boršov",49.025162,17.122555,HO
"Kyjov, Boršov, horní zastávka",49.029743,17.121487,HO
Moravany,49.039391,17.168021,HO
"Moravany, Moštěnská",49.037051,17.172474,HO
"Hýsly, Moštěnice, dvůr",49.03008799999999,17.180178,HO
Hýsly,49.02388,17.183072,HO
"Kelčany, ZSP",49.012325,17.184113,HO
"Kelčany, u sklepů",49.012606999999996,17.176457,HO
"Hovorany, zdravotní středisko",48.94985200000001,16.981204,HO
"Hovorany, škola",48.95357099999999,16.984226,HO
"Hovorany, kostel",48.954696,16.998178,HO
"Hovorany, důl",48.956704,17.010415,HO
Šardice,48.96399399999999,17.028502,HO
"Šardice, u kapličky",48.96191700000001,17.033473,HO
"Šardice, ZD",48.962089999999996,17.043912,HO
"Šardice, Padělky",48.963872,17.050645,HO
"Ratíškovice, rozcestí Tomáš",48.927789,17.158334,HO
"Milotice, drůbežárna",48.97231,17.133374,HO
"Kyjov, letiště",48.98263299999999,17.129503,HO
"Kyjov, sklárna",49.003985,17.129201,HO
"Nesovice, obecní úřad",49.14864500000001,17.082892,VY
"Nesovice, Kotáry",49.149134999999994,17.092392,VY
Snovídky,49.13307699999999,17.106192,VY
Nemotice,49.12969699999999,17.124867,VY
Sudice,49.529338,16.669178,BK
"Sudice, zast.",49.525527000000004,16.66957,BK
"Sudice, samota",49.517824999999995,16.664367,BK
"Boskovice, školní statek",49.498839,16.665738,BK
"Cetkovice, MŠ",49.579756,16.723793,BK
"Uhřice, točna",49.594158,16.734925,BK
"Velké Opatovice, sídliště",49.614464,16.679971,BK
"Jevíčko, stř.ČSAD",49.628988,16.711722,SY
"Jevíčko, nám.",49.63264899999999,16.711559,SY
"Boskovice, Bačov, rozc.0.5",49.52298,16.64315,BK
"Sudice, Semíč",49.51398999999999,16.678513,BK
"Jevíčko, uhelné sklady",49.630227999999995,16.729527,SY
"Jaroměřice, u hřiště",49.62760099999999,16.746418,SY
"Jaroměřice, rest.",49.625363,16.751822,SY
"Jaroměřice, Nadevsí",49.623045,16.756738,SY
"Jaroměřice, Nový Dvůr",49.605428,16.762193,SY
"Úsobrno, pila",49.59680999999999,16.761827,BK
"Úsobrno, hostinec",49.59245,16.761761,BK
"Úsobrno, závod",49.584949999999985,16.765969,BK
"Úsobrno, nové domy",49.579562,16.770024,BK
"Horní Štěpánov, rozcestí Skřípov",49.57376299999999,16.793177,PV
"Horní Štěpánov, Nové Sady",49.558674,16.799326,PV
"Horní Štěpánov, u rybníka",49.553242,16.792962,PV
Horní Štěpánov,49.54946,16.790815,PV
"Horní Štěpánov, točna",49.547154,16.789813,PV
Uhřice,49.596328,16.735359,BK
"Velké Opatovice, Velká Roudka",49.596382000000006,16.658592,BK
"Malá Roudka, rozc.0.5",49.601828000000005,16.6473,BK
"Malá Roudka, Skočova Lhota",49.606455,16.650608,BK
"Velké Opatovice, Zádvoří",49.610632999999986,16.664929,BK
"Velké Opatovice, rozcestí",49.614777999999994,16.681521,BK
"Velké Opatovice, Brťov",49.617423,16.640337,BK
"Velké Opatovice, Korbelova Lhota",49.617058,16.622961,BK
Chrudichromy,49.502565000000004,16.63396,BK
"Letovice, Alb.Krejčího",49.54578099999999,16.58555,BK
"Letovice, náměstí",49.54701899999999,16.572063,BK
"Letovice, Tylex",49.53532299999999,16.57919,BK
"Letovice, Zboněk",49.523978,16.585142,BK
"Svitávka, Sasina",49.51373999999999,16.585419,BK
"Svitávka, U labutě",49.50691799999999,16.585819,BK
"Letovice, Meziříčko, dol.konec",49.56109299999999,16.568512,BK
"Letovice, Meziříčko",49.565837,16.556512,BK
"Letovice, u školy",49.544002,16.58357,BK
"Letovice, Kovošrot",49.557231999999985,16.576095,BK
"Letovice, Třebětín, rozc.",49.558322,16.58323,BK
"Letovice, Třebětín",49.558122,16.589022,BK
"Letovice, Letostroj I",49.554859999999984,16.575637,BK
"Letovice, papírny",49.549632,16.566906,BK
"Letovice, přehrada",49.553447999999996,16.556195,BK
"Vranová, samota",49.555509999999984,16.536349,BK
"Vranová, rozc.0.2",49.556572,16.528542,BK
Křetín,49.563161,16.504478,BK
"Křetín, Dolní Poříčí",49.566043,16.509838,BK
Lazinov,49.56515799999998,16.521766,BK
"Lazinov, točna",49.564707999999996,16.527658,BK
"Křetín, škola",49.561967,16.500213,BK
Prostřední Poříčí,49.571628,16.491496,BK
"Prostřední Poříčí, host.u Dvořáků",49.57675299999999,16.485446,BK
Horní Poříčí,49.586985,16.47689,BK
"Bohuňov, náves",49.59764,16.464068,SY
"Letovice, Tylex jídelna",49.536972,16.580704,BK
"Valchov, rozc.",49.47158799999999,16.719758,BK
Velenov,49.486975,16.732297,BK
Valchov,49.471395,16.719147,BK
"Makov, hájenka",49.517438,16.477055,BK
Rozseč nad Kunštátem,49.525618,16.462825,BK
"Rozseč nad Kunštátem, hájenka",49.52112199999999,16.451018,BK
"Hodonín u Kunštátu, rozcestí",49.51929799999999,16.441355,BK
Louka,49.527897,16.430135,BK
"Louka, Loucký Dvůr",49.53259299999999,16.420752,BK
Křtěnov,49.54678299999999,16.419988,BK
"Olešnice, závod",49.55124699999999,16.420538,BK
"Kuřim, rozcestí 2.0",49.317856,16.551692,BO
"Kuřim, Podlesí, rozc.",49.305558,16.554872,BO
"Drnovice, rozc.0.5",49.46823800000001,16.533202,BK
"Drnovice, rozcestí Kunice",49.472532,16.532808,BK
Zbraslavec,49.484485,16.528109,BK
"Zbraslavec, rozcestí k závodu",49.489828,16.523142,BK
"Kunštát, U Bílého kříže",49.50295199999999,16.523785,BK
Lhota u Olešnice,49.542987,16.390853,BK
"Tasovice, rozcestí",49.51107799999999,16.435412,BK
Hodonín u Kunštátu,49.50128399999999,16.409916,BK
Tasovice,49.496425,16.440405,BK
Černovice,49.483054,16.424926,BK
"Brumov, rozc.3.0",49.46568099999999,16.456082,BK
"Kněževes, rozc.1.0",49.582283,16.418832,BK
Kněževes,49.585678999999985,16.420402,BK
"Kněževes, Veselka",49.578011999999994,16.449327,BK
Ústup,49.564672,16.465055,BK
"Rozsíčka, U lípy",49.556027,16.474998,BK
"Sulíkov, Vřesice",49.547287999999995,16.503893,BK
Vranová,49.55309799999999,16.524654,BK
"Brumov, rozcestí 0.5",49.455091,16.43577,BO
"Brumov, dolní konec",49.458362,16.431693,BO
Brumov,49.461759,16.426717,BO
"Louka, Karlov",49.515151,16.412635,BK
"Prosetín, rozcestí",49.523514999999996,16.413892,ZR
Prosetín,49.526241999999996,16.395115,ZR
"Brno,Mácova",49.265805,16.569125,BM
"Brno,Kouty",49.26460099999999,16.565129,BM
"Brno,Zimní stadion",49.2093,16.609648,BM
"Brno,Provazníkova",49.214494,16.623938,BM
"Brno,Svatoplukova",49.205099999999995,16.641425,BM
"Brno,Údolíček",49.20665999999999,16.64432,BM
"Brno,Akátky",49.20863399999999,16.64873,BM
"Brno,Vlčnovská",49.21108000000001,16.659982,BM
"Brno,Bartákova",49.203985,16.678964,BM
"Brno,Rotreklova",49.20656700000001,16.68501,BM
"Brno,Koniklecová",49.176526,16.558783,BM
"Brno,Oblá",49.177499000000005,16.552706,BM
"Brno,Kamenný vrch",49.17983000000001,16.54776,BM
"Brno,Jírovcova",49.188047,16.534331,BM
"Brno,Pavlovská",49.18976,16.531177,BM
"Brno,Talichova",49.19156900000001,16.529872,BM
"Brno,Bellova",49.194042,16.531232,BM
"Brno,Voříškova",49.196478,16.535088,BM
"Brno,Stamicova",49.194785,16.539673,BM
"Brno,Glinkova",49.193912999999995,16.544278,BM
"Brno,Borodinova",49.196242999999996,16.545493,BM
"Brno,Libušina třída",49.197798,16.54865,BM
"Brno,Libušino údolí",49.195704,16.555315,BM
"Brno,Antonína Procházky",49.193926000000005,16.560528,BM
"Brno,Černého",49.213983999999996,16.52295,BM
"Brno,Filipova",49.217714,16.52519,BM
"Brno,Náměstí 28. dubna",49.225751,16.531631,BM
"Brno,Lísky",49.219896000000006,16.549074,BM
"Brno,Podveská",49.217614999999995,16.558598,BM
"Brno,Vrázova",49.21697199999999,16.568484,BM
"Brno,Hutařova",49.226182,16.588378,BM
"Brno,Srbská",49.22816499999999,16.586996,BM
"Brno,Charvatská",49.21939099999999,16.59238,BM
"Brno,Šelepova",49.213347000000006,16.596037,BM
"Brno,Botanická",49.210704,16.597622,BM
"Brno,Zahradníkova",49.207958,16.599068,BM
"Brno,Sušilova",49.204372,16.598725,BM
"Brno,Smetanova",49.20159,16.601968,BM
"Brno,Vlárská",49.180837,16.673012,BM
"Brno,Brněnky",49.17886599999999,16.675154,BM
"Šlapanice, sídliště",49.167037999999984,16.718401,BO
"Šlapanice, Čechova",49.165913999999994,16.722044,BO
"Brno,Staré letiště",49.18496699999999,16.659275,BM
"Brno,Olomoucká - u školy",49.18630300000001,16.652718,BM
"Brno,Spáčilova",49.188646,16.641256,BM
"Brno,Vozovna Slatina",49.183002,16.67261,BM
"Brno,Hviezdoslavova",49.181912999999994,16.67664,BM
"Brno,Langrova",49.179932999999984,16.680926,BM
"Brno,Mikulčická",49.178346,16.684273,BM
"Brno,Kroměřížská",49.178647999999995,16.688698,BM
"Brno,Kristenova",49.22102,16.554302,BM
"Brno,Chaloupky",49.22291299999999,16.556764,BM
"Brno,Olbrachtovo náměstí",49.224698999999994,16.558583,BM
"Brno,Řezáčova",49.226292,16.555472,BM
"Brno,Komín, sídliště",49.226918,16.553423,BM
"Brno,Makovského náměstí",49.217902,16.576709,BM
"Brno,Náměstí Svornosti",49.215382,16.582495,BM
"Brno,Jindřichova",49.213195999999996,16.583043,BM
"Brno,Spojovací",49.21193599999999,16.586667,BM
"Brno,Vychodilova",49.220318,16.571604,BM
"Znojmo, Mramotice, u hřbitova",48.90213399999999,16.005581,ZN
"Moravany, Kameňák",49.058544999999995,17.175095,HO
"Uherčice, u parku",48.913333,15.630316,ZN
"Brno,Preslova",49.199298000000006,16.570799,BM
"Brno,Marie Pujmanové",49.198196,16.573544,BM
"Brno,Neumannova",49.19658999999999,16.577965,BM
"Brno,Pavlíkova",49.194723999999994,16.583,BM
"Brno,Vaňkovo náměstí",49.195119,16.585619,BM
"Brno,Žlutý kopec",49.195259,16.58778,BM
"Brno,Kampelíkova",49.197448,16.581192,BM
"Brno,Soukopova",49.199043999999994,16.578889,BM
"Brno,Barvičova",49.201118,16.575764,BM
"Brno,Květná",49.193383999999995,16.576691,BM
"Brno,Glocova",49.15118799999999,16.659329,BM
"Brno,Kejbaly",49.174527,16.582149,BM
"Brno,Stará nemocnice",49.17354,16.577451,BM
"Brno,Studentská",49.17933099999999,16.569806,BM
"Brno,Roviny",49.127846000000005,16.681374,BM
"Brno,Tovární",49.133331,16.673614,BM
"Brno,Adamcova",49.218337999999996,16.519954,BM
"Brno,Štouračova",49.21522099999999,16.521682,BM
"Brno,Kohoutovice, hájenka",49.196466999999984,16.531181,BM
"Brno,Humenná",49.167776,16.573016,BM
"Brno,Horní Heršpice",49.16668599999999,16.616549,BM
"Brno,Uzbecká",49.172258,16.583346,BM
"Brno,Traťová",49.163736,16.595604,BM
"Brno,Gruzínská",49.166484,16.585881,BM
"Brno,Vyhlídalova",49.165259999999996,16.57693,BM
"Brno,U hřiště",49.166649,16.558851,BM
"Brno,Bosonohy",49.17644599999999,16.525653,BM
"Brno,Podlomní",49.192373999999994,16.655178,BM
"Brno,Špačkova",49.190872,16.659172,BM
"Brno,Šárka",49.19143900000001,16.545825,BM
"Brno,Myslivní",49.19045599999999,16.543482,BM
"Brno,Výletní",49.191648,16.53919,BM
"Brno,Žebětínská",49.19520399999999,16.536299,BM
"Brno,Stará dálnice",49.19929499999999,16.517112,BM
"Brno,Ericha Roučky",49.175227,16.669237,BM
"Brno,Kopce",49.205470999999996,16.509312,BM
"Brno,Kohoutovická",49.207006,16.497999,BM
"Brno,Žebětín, škola",49.207415999999995,16.492246,BM
"Brno,Žebětín, hřbitov",49.20463399999999,16.487304,BM
"Brno,Bartolomějská",49.20359899999999,16.489424,BM
"Brno,Jundrovská",49.211889,16.560143,BM
"Brno,Vlkova",49.20266999999998,16.667935,BM
"Brno,Houbalova",49.205853999999995,16.674029,BM
"Brno,Kšírova",49.17153799999999,16.615758,BM
"Brno,Košuličova",49.16463699999999,16.61005,BM
"Brno,Pražákova",49.162887999999995,16.602621,BM
"Brno,Brechtova",49.23375,16.629322,BM
"Brno,Blažkova",49.230082,16.631031,BM
"Brno,Arbesova",49.22597699999999,16.630651,BM
"Hodonín, obchodní centrum u cukrovaru",48.854022,17.11865,HO
"Znojmo, Mramotice, u školky",48.90391,16.001883,ZN
"Kuřim, fara",49.29679499999999,16.526584,BO
"Brno,Heleny Malířové",49.223344000000004,16.62939,BM
"Hodonín, Očovská, KD",48.850752,17.134757,HO
"Uherčice, statek Mitrov",48.90255799999999,15.646542,ZN
"Brno,Vlastimila Pecha",49.17956499999999,16.662574,BM
"Kravsko, u hřbitova",48.917785,15.991637999999998,ZN
"Tvarožná, kostel",49.19018799999999,16.775817,BO
"Brno,Erbenova",49.209514999999996,16.615701,BM
"Hodonín, Šumná",48.851783,17.137283,HO
"Podhradí nad Dyjí, rozcestí",48.89078299999999,15.661967,ZN
"Brno,Těžební",49.18230299999999,16.656836,BM
"Kravsko, u kovárny",48.92039199999999,15.987062,ZN
"Kunovice, škola",49.038779,17.462757,UH
"Bukovany, Bukovanský mlýn",49.040893999999994,17.091961,HO
"Brno,Lipová",49.191545,16.576234,BM
"Brno,Výstaviště - vstup G2",49.190382,16.580067,BM
"Brno,Výstaviště - hlavní vstup",49.18949799999999,16.585793,BM
"Brno,Václavská",49.18869799999999,16.597048,BM
"Brno,Hybešova",49.189266,16.603113,BM
"Brno,Nové sady",49.190125,16.60925,BM
"Brno,Malinovského náměstí",49.19554099999999,16.613774,BM
"Brno,Moravské náměstí",49.19941600000001,16.608437,BM
"Brno,Antonínská",49.203426,16.606797,BM
"Brno,Pionýrská",49.207723,16.604443,BM
"Brno,Hrnčířská",49.210437,16.602748,BM
"Brno,Šumavská",49.213804999999994,16.600721,BM
"Brno,Kartouzská",49.216823999999995,16.598987,BM
"Brno,Jungmannova",49.220969,16.5965,BM
"Brno,Filkukova",49.24387999999999,16.581656,BM
"Brno,Modřická cihelna",49.137391,16.603426,BM
"Brno,Bohunická",49.162459999999996,16.599594,BM
"Brno,Hluboká",49.175552,16.5962,BM
"Brno,Celní",49.17935799999999,16.595285,BM
"Brno,Nemocnice Milosrdných bratří",49.183690999999996,16.595021,BM
"Brno,Körnerova",49.198216,16.619724,BM
"Brno,Tkalcovská",49.200033,16.626022,BM
"Brno,Vojenská nemocnice",49.20194899999999,16.630439,BM
"Brno,Kuldova",49.20130799999999,16.634428,BM
"Brno,Ústřední hřbitov - smyčka",49.164731999999994,16.598275,BM
"Brno,Kamenolom",49.221925999999996,16.536894,BM
"Brno,Podlesí",49.21875999999999,16.54232,BM
"Brno,Branka",49.21936799999999,16.547816,BM
"Brno,Mozolky",49.213615999999995,16.574845,BM
"Brno,Burianovo náměstí",49.212377999999994,16.578603,BM
"Brno,Tábor",49.21050199999999,16.586783,BM
"Brno,Rybkova",49.206075999999996,16.593384,BM
"Brno,Konečného náměstí",49.20467899999999,16.595509,BM
"Brno,Grohova",49.20124,16.599534,BM
"Brno,Česká",49.19796699999999,16.605961,BM
"Brno,Dětská nemocnice",49.20293199999999,16.61883,BM
"Brno,Jugoslávská",49.204541,16.62396,BM
"Brno,Králova",49.211297,16.583386,BM
"Brno,Šilingrovo náměstí",49.19207699999999,16.604799,BM
"Brno,Nerudova",49.20627499999999,16.595414,BM
"Brno,Klusáčkova",49.212597,16.592944,BM
"Brno,Tererova",49.215782,16.589205,BM
"Brno,Dobrovského",49.21806,16.58765,BM
"Brno,Červinkova",49.22502899999999,16.582866,BM
"Brno,Technické muzeum",49.228325999999996,16.58219,BM
"Brno,Nemocnice u sv. Anny",49.191496999999984,16.59903,BM
"Brno,Babická",49.22806599999999,16.652341,BM
"Brno,Čtvery hony",49.22587999999998,16.645263,BM
"Brno,Cacovická",49.214376,16.638163,BM
"Brno,Náměstí Republiky",49.21107299999999,16.633854,BM
"Brno,Vozovna Husovice",49.208432,16.629818,BM
"Brno,Mostecká",49.206951000000004,16.627329,BM
"Brno,Trávníčkova",49.20442,16.625658,BM
"Brno,Zelný trh",49.193026999999994,16.609925,BM
"Brno,Náměstí Svobody",49.195661,16.608003,BM
"Brno,Komenského náměstí",49.197069,16.602171,BM
"Brno,Obilní trh",49.19812199999998,16.597846,BM
"Brno,Úvoz",49.198674,16.59379,BM
"Brno,Všetičkova",49.198698,16.589046,BM
"Brno,Náměstí Míru",49.202138,16.581754,BM
"Brno,Heinrichova",49.200413,16.584511,BM
"Brno,Zdráhalova",49.209520000000005,16.623795,BM
"Brno,Venhudova",49.212317999999996,16.625037,BM
"Brno,Krematorium",49.17257599999999,16.588325,BM
"Brno,Běloruská",49.17058999999999,16.581156,BM
"Brno,Švermova",49.16942400000001,16.574277,BM
"Brno,Vsetínská",49.179477999999996,16.597782,BM
"Brno,Vojtova",49.18278699999998,16.600513,BM
"Brno,Soukenická",49.18868299999999,16.607355,BM
"Brno,Tomanova",49.20793199999999,16.620361,BM
"Brno,Zemědělská",49.210441,16.618555,BM
"Brno,Lesnická",49.212766999999985,16.617747,BM
"Brno,Bieblova",49.215970999999996,16.615406,BM
"Brno,Fügnerova",49.219976,16.619348,BM
"Brno,Čertova rokle",49.226399,16.623268,BM
"Brno,Kotlanova",49.209856,16.681364,BM
"Brno,Masarova",49.206997,16.677557,BM
"Brno,Novolíšeňská",49.201851999999995,16.670414,BM
"Brno,Líšeňská",49.19758,16.665216,BM
"Brno,Bílá hora",49.194275,16.667629,BM
"Brno,Bělohorská",49.189951,16.662938,BM
"Brno,Krásného",49.190552,16.649729,BM
"Brno,Židovský hřbitov",49.191435999999996,16.641394,BM
"Brno,Geislerova",49.192637999999995,16.63479,BM
"Brno,Životského",49.1906,16.634283,BM
"Brno,Masná",49.191176999999996,16.625683,BM
"Brno,Vlhká",49.19184899999999,16.619066,BM
"Brno,Podstránská",49.187131,16.666511,BM
"Brno,Stránská skála",49.191852,16.673998,BM
"Brno,Stránská skála - smyčka",49.19272,16.677384,BM
"Brno,Buzkova",49.194149,16.641128,BM
"Brno,Komín, smyčka",49.216183,16.556125,BM
"Brno,Stránského",49.211954,16.568673,BM
"Brno,Bráfova",49.206954999999994,16.570536,BM
"Brno,Univerzitní kampus",49.177969999999995,16.567382,BM
"Brno,Čtvrtě",49.178319,16.56233,BM
"Brno,Raisova",49.181997,16.562512,BM
"Brno,Lesní",49.185528,16.5647,BM
"Brno,Tvrdého",49.196632999999984,16.593629,BM
"Brno,Čápkova",49.203434,16.593135,BM
Stálky,48.87066,15.684244000000001,ZN
"Hodonín, Luční",48.85608499999999,17.1374,HO
"Brno,Ořešín",49.276463,16.606664,BM
"Kravsko, rozcestí k závodu",48.922678,15.987302,ZN
Šafov,48.86690399999999,15.734847,ZN
"Hodonín, Brandlova",48.862857,17.14024,HO
"Brno,Pluháčkova",49.27499999999999,16.60418,BM
Starý Petřín,48.889967000000006,15.734680999999998,ZN
"Plenkovice, Jednota",48.920145999999995,16.00046,ZN
"Brno,Kupkova",49.236324,16.62768,BM
"Brno,Ořešínská",49.273453999999994,16.599796,BM
"Plenkovice, u rybníka",48.91849499999999,16.002367,ZN
"Brno,U rozvodny",49.240860999999995,16.627351,BM
"Starý Petřín, Jazovice",48.897967,15.743681,ZN
"Brno,Jehnice",49.271378000000006,16.595779,BM
"Hodonín, Rozmarýn",48.859875,17.135512,HO
"Znojmo, Vídeňská, SILNICE",48.84695699999999,16.057269,ZN
"Brno,Panská lícha",49.245186,16.62482,BM
"Lančov, hostinec",48.906838,15.76686,ZN
"Brno,Kleštínek",49.26942999999999,16.595956,BM
"Hodonín, Janáčkova",48.858076999999994,17.12961,HO
"Znojmo, Dukelská, sídliště",48.84062799999999,16.063796,ZN
"Brno,Štěpánkova",49.25144199999999,16.623214,BM
"Lančov, kaplička",48.90646399999999,15.798889000000003,ZN
"Brno,Skrejš",49.262075,16.595349,BM
"Hodonín, kulturní dům",48.84612799999999,17.125783,HO
"Hodonín, EHO",48.845498000000006,17.122375,HO
"Hodonín, Ústřední dílny",48.84567,17.118408,HO
"Hodonín, k zahradám",48.843734999999995,17.1129,HO
"Hodonín, Nesyt, farma",48.839362999999985,17.104382,HO
"Hodonín, Annenská",48.848079,17.126722,HO
"Hodonín, Kapřiska, U Kyjovky",48.84517499999999,17.092877,HO
"Veselí nad Moravou, u polikliniky",48.94959699999998,17.390094,HO
"Holíč, Sasinkova ulica",48.814305,17.157929,
"Holíč, kníhkupectvo Bystrický",48.81963999999999,17.163558,
"Vrádište, rázcestie",48.828336,17.189512,
"Skalica, Daňový úrad",48.840196000000006,17.216378,
"Skalica, Mallého ulica",48.84324399999999,17.222585,
"Skalica, železničná stanica",48.85025,17.219242,
"Blatnice pod Sv. Antonínkem, křižovatka",48.94609799999999,17.462502,HO
"Blatnice pod Sv. Antonínkem, Vrbové",48.946127999999995,17.470711,HO
Blatnička,48.934523999999996,17.528391,HO
"Suchov, rozcestí",48.927648,17.554514,UH
Boršice u Blatnice,48.934743,17.5715,UH
"Boršice u Blatnice, pošta",48.932416999999994,17.574873,UH
Suchov,48.91177600000001,17.56199,HO
"Suchov, točna",48.904774999999994,17.563885,HO
"Veselí nad Moravou, Bartolomějské nám.",48.953692,17.37859,HO
"Moravský Písek, Kolonie, rozcestí",48.979605,17.318146,HO
"Moravský Písek, mateřská škola",48.98543999999999,17.331529,HO
"Moravský Písek, obecní úřad",48.990135,17.331535,HO
"Domanín, ZD",48.99896799999999,17.29713,HO
"Domanín, horní zastávka",48.99932,17.290608,HO
"Domanín, obecní úřad",49.002052,17.284917,HO
"Těmice, ZD",49.001483,17.274727,HO
"Těmice, restaurace",49.000376,17.263782,HO
"Těmice, u mlýna",49.008845,17.26609,HO
Syrovín,49.025557,17.263658,HO
"Žeravice, obchod",49.01680999999999,17.23915,HO
"Skalica, rázcestie k železničnej stanici",48.84627400000001,17.223137,
"Hroznová Lhota, kostel",48.910888,17.416282,HO
Tasov,48.907059,17.430081,HO
"Lipov, ZD",48.90551399999999,17.447156,HO
Lipov,48.90751199999999,17.456616,HO
"Lipov, závod",48.90836199999999,17.470036,HO
"Louka, ZD",48.91563899999999,17.480564,HO
"Louka, obecní úřad",48.915698,17.486482,HO
"Louka, u mostu",48.91214800000001,17.496441,HO
"Velká nad Veličkou, Žilkův mlýn",48.904389,17.505433,HO
"Velká nad Veličkou, závod",48.88984099999999,17.512837,HO
Velká nad Veličkou,48.879409999999986,17.518443,HO
"Velká nad Veličkou, škola",48.88048,17.515289,HO
"Velká nad Veličkou, rozcestí Myjava",48.874632,17.519088,HO
"Velká nad Veličkou, pila",48.86898099999999,17.522525,HO
Javorník,48.86416999999999,17.53255,HO
"Javorník, Petruchovy mlýny",48.869747999999994,17.546245,HO
"Suchov, Podhajské mlýny",48.87491,17.568487,HO
"Suchov, Suchovské mlýny",48.88413,17.578701,HO
"Suchov, Zámečníkovy mlýny",48.88195799999999,17.58564,HO
"Nová Lhota, dolní zastávka",48.863307999999996,17.591053,HO
"Nová Lhota, horní zastávka",48.86078299999999,17.594056,HO
"Lipov, Újezdy",48.900816999999996,17.444352,HO
Hrubá Vrbka,48.87141799999999,17.477884,HO
"Hrubá Vrbka, školka",48.866392000000005,17.477453,HO
Kuželov,48.861393,17.484533,HO
"Kuželov, točna",48.859785,17.488888,HO
Malá Vrbka,48.869208,17.459224,HO
"Malá Vrbka, zastávka",48.867188,17.461744,HO
"Hrubá Vrbka, ZD",48.86806099999999,17.473469,HO
"Hrubá Vrbka, kostel",48.869848000000005,17.479986,HO
"Hrubá Vrbka, Bařiny",48.87157400000001,17.485425,HO
"Lipov, škola",48.905,17.461045,HO
"Bzenec, Novosady",48.976053,17.264322,HO
"Bzenec, Olšovec",48.972697,17.289385,HO
"Bzenec, UNIKOV",48.97655199999999,17.305532,HO
"Radějov, chaty",48.85365099999999,17.359611,HO
"Tvarožná Lhota, hájenka",48.854042,17.373078,HO
"Tvarožná Lhota, Čertův mlýn",48.859992999999996,17.37944,HO
"Tvarožná Lhota, Lučina",48.861959999999996,17.390067,HO
"Nová Lhota, Mlýny, u kříže",48.881335,17.592835,HO
"Nová Lhota, Čerešníkovy mlýny",48.87864499999999,17.600692,HO
"Nová Lhota, Fojtíkovy mlýny",48.874877,17.6117,HO
"Nová Lhota, Vápenky, hájenka",48.872419,17.622012,HO
"Nová Lhota, Vápenky",48.87451299999999,17.629813,HO
"Veselí nad Moravou, Chaloupky",48.95574199999999,17.38522,HO
"Veselí nad Moravou, Břestek",48.96160799999999,17.392118,HO
"Uherský Ostroh, Dyas",48.982076,17.401028,UH
"Veselí nad Moravou, Hutník, u školy",48.95232599999999,17.393376,HO
"Suchov, Trnová",48.894257999999994,17.575535,HO
Ořechov,49.030681999999985,17.300456,UH
"Uherský Ostroh, most",48.986788,17.393685,UH
"Uherský Ostroh, náměstí",48.98506999999999,17.3888,UH
"Brno,Mojmírovo náměstí",49.226032,16.59734,BM
"Brno,Högrova",49.228711999999994,16.604394,BM
"Brno,Moskalykova",49.23147199999999,16.608054,BM
"Brno,Sadová",49.234032000000006,16.604326,BM
"Brno,Hamerláky",49.23633999999999,16.603766,BM
"Brno,Myslivecký stadion",49.24107499999999,16.609296,BM
"Brno,Útěchovská",49.247237,16.616106,BM
"Brno,Dohnalova",49.25039,16.618338,BM
"Brno,Na kovárně",49.25382,16.620526,BM
"Brno,Rozárka",49.254287,16.622673,BM
"Brno,Klarisky",49.25704699999999,16.622602,BM
"Znojmo, Oblekovice, Casino",48.836202,16.069584,ZN
"Vranov nad Dyjí, Zámecký hotel",48.89612700000001,15.812001999999998,ZN
"Brno,Mokrá Hora",49.258258,16.593655,BM
"Vranov nad Dyjí, náměstí",48.89452399999999,15.813014000000003,ZN
"Znojmo, Hradiště, hájenka",48.859785,16.00615,ZN
"Brno,Malinová",49.25931,16.623807,BM
"Mašovice, dvůr",48.857172,15.987366999999999,ZN
"Brno,Jandáskova",49.255828,16.5899,BM
"Brno,Lesní školka",49.26311799999999,16.625941,BM
"Mašovice, lom",48.85816199999999,15.981398999999998,ZN
"Onšov, rozcestí",48.902468999999996,15.837904000000002,ZN
"Brno,Horácké náměstí",49.24776599999999,16.582363,BM
U jezírka,49.269876,16.629108,BO
"Mašovice, hostinec",48.858426,15.974686999999998,ZN
"Lesná, hájenka",48.90837499999999,15.853714,ZN
"Lesná, penzion",48.907529,15.867332,ZN
Vracovice,48.89990099999999,15.899863999999999,ZN
"Milíčovice, na státní",48.888642,15.933060999999999,ZN
Citonice,48.881157,15.968258,ZN
"Znojmo, Kasárna, rozcestí",48.88609999999999,16.002033,ZN
"Korolupy, rozcestí",48.92701,15.621777999999999,ZN
"Lubnice, u kostela",48.938914,15.613958999999998,ZN
"Lubnice, škola",48.94171799999999,15.611094999999999,ZN
Dešná,48.95837099999999,15.546522,JH
"Mašovice, škola",48.85649699999999,15.973942000000001,ZN
"Drosendorf, Altstadt",48.868018,15.627482,
"Drosendorf, Schulen",48.864878999999995,15.622532000000001,
Čejkovice,48.87777799999999,16.286723,ZN
"Božice, Oseva",48.84458399999999,16.289621,ZN
"Božice, Jednota",48.83664699999999,16.289013,ZN
"Božice, škola",48.834419999999994,16.290619,ZN
"Božice, u pošty",48.835212,16.281316,ZN
"Božice, České Křídlovice",48.838531999999994,16.276092,ZN
"Božice, u sklepů",48.84785999999999,16.259136,ZN
"Borotice, Filipovice",48.85291099999999,16.24952,ZN
Borotice,48.857313999999995,16.243855,ZN
"Práče, škola",48.876831,16.203741,ZN
"Znojmo, Konice, rozcestí",48.82038699999999,16.040442,ZN
"Nový Šaldorf, Modré sklepy",48.826471999999995,16.053773,ZN
"Znojmo, Načeratice, křiž.",48.817172,16.116345,ZN
"Vrbovec, Jednota",48.799974999999996,16.10145,ZN
Chvalovice,48.78609799999999,16.081894,ZN
"Dyjákovičky, křižovatka",48.784764,16.094943,ZN
"Dyjákovičky, škola",48.783703,16.095659,ZN
"Vrbovec, Hnízdo",48.773097,16.131853,ZN
"Vrbovec, stará zastávka",48.79912099999999,16.100635,ZN
"Vrbovec, sklepy",48.80593,16.080433,ZN
"Chvalovice, Hatě, FREEPORT",48.763111,16.060416,ZN
"Hrádek, škola",48.77237399999999,16.268124,ZN
"Dyje, cihelna",48.852634,16.113313,ZN
"Dyje, u železničního přejezdu",48.849591999999994,16.120014,ZN
"Tasovice, u hřbitova",48.836054999999995,16.1508,ZN
"Tasovice, u prodejen",48.83602900000001,16.156202,ZN
"Hodonice, střed",48.83590399999999,16.164724,ZN
Krhovice,48.817378999999995,16.174368,ZN
"Strachotice, rozcestí",48.806431,16.201684,ZN
"Valtrovice, obecní úřad",48.794353,16.222511,ZN
"Valtrovice, Formosa",48.817082,16.233376,ZN
"Tasovice, škola",48.838649999999994,16.157345,ZN
Křídlůvky,48.781774999999996,16.239319,ZN
"Křídlůvky, rozcestí",48.784948,16.242421,ZN
"Hrádek, zahradnictví",48.782305,16.255478,ZN
Velký Karlov,48.803731000000006,16.305717,ZN
"Hrušovany nad Jevišovkou, cukrovar",48.812298,16.402942,ZN
"Bítov, náměstí",48.937333,15.729102,ZN
"Bítov, rozcestí",48.944795,15.725847000000002,ZN
Chvalatice,48.948787999999986,15.749397999999998,ZN
"Zálesí, rozcestí",48.96576499999999,15.756607000000002,ZN
"Zálesí, požární zbrojnice",48.95375599999999,15.78334,ZN
"Štítary, úpravna vody",48.944303,15.810812,ZN
"Štítary, odbočka na pláž",48.941433,15.823362,ZN
"Štítary, obecní úřad",48.935068,15.844254,ZN
"Štítary, škola",48.932707,15.852511999999999,ZN
"Šumná, kaplička",48.92177699999999,15.867723,ZN
"Šumná, obecní úřad",48.920485,15.871943,ZN
"Lesná, statek",48.914503999999994,15.865365,ZN
"Lesná, u vodní nádrže",48.90868,15.868103000000001,ZN
Zblovice,48.95773299999999,15.705153,ZN
"Bítov, most",48.93377799999999,15.722212999999998,ZN
"Bítov, hrad Cornštejn",48.93568799999999,15.711544999999997,ZN
"Vysočany, most",48.93731799999999,15.703986999999998,ZN
"Vysočany, prodejna",48.940377999999995,15.6891,ZN
"Oslnovice, váha",48.93280299999999,15.684335999999998,ZN
Korolupy,48.92995899999999,15.645503000000001,ZN
"Vracovice, u kostela",48.903376,15.899764999999999,ZN
"Milíčovice, obecní úřad",48.8919,15.930743,ZN
"Vranov nad Dyjí, zámek",48.89292799999999,15.808636999999997,ZN
"Vranov nad Dyjí, statek",48.89379899999999,15.800728,ZN
"Podmyče, odd. Hájenka",48.884022,15.784154999999998,ZN
"Podmyče, panelový dům",48.88737,15.783138999999998,ZN
"Starý Petřín, Nový Petřín",48.883555,15.757468,ZN
"Starý Petřín, Nový Petřín, rozcestí",48.882357,15.754370999999999,ZN
Podhradí nad Dyjí,48.900451,15.685492,ZN
"Hodonín, Bažantnice, penzion",48.853255,17.109568,HO
"Hodonín, Bažantnice I",48.856263,17.111192,HO
"Hodonín, Bažantnice II",48.858487,17.109885,HO
"Hodonín, Bažantnice III",48.860257,17.11412,HO
"Hodonín, Bažantnice, cihelna",48.86124199999999,17.117698,HO
"Hodonín, Bezručova",48.858547,17.1218,HO
"Hodonín, železniční stanice",48.855748,17.121715,HO
"Hodonín, Rodinova",48.853053,17.125915,HO
"Hodonín, Masarykovo náměstí, pojišťovna",48.84878199999999,17.128967,HO
"Hodonín, Měšťanská",48.851862999999994,17.13071,HO
"Hodonín, Masarykovo náměstí, OD IRO",48.84958199999999,17.128513,HO
"Hodonín, Na Pískách",48.868491999999996,17.120748,HO
"Hodonín, hřbitov",48.86310799999999,17.153057,HO
"Hodonín, Albert",48.852425,17.117172,HO
"Brno,Letovická",49.24589399999999,16.587594,BM
"Mašovice, u hřbitova",48.85636799999999,15.972148,ZN
"Brno,Žitná",49.240088,16.588411,BM
U buku,49.276363999999994,16.630347,BO
Bezkov,48.870566999999994,15.953068,ZN
"Brno,Kořískova",49.239392,16.58502,BM
"Brno,Rozcestí",49.285676,16.631799,BM
"Podmolí, u bytovky",48.85095,15.942112,ZN
"Brno,Královka",49.256043,16.586381,BM
"Brno,Útěchov",49.288628,16.630576,BM
"Podmolí, náves",48.85154,15.939149999999998,ZN
"Brno,Maříkova",49.259325,16.579787,BM
"Brno,Karlova",49.213006,16.64359,BM
"Podmolí, u bunkru",48.855708,15.923823,ZN
"Brno,Ivanovice, Globus",49.262808,16.57799,BM
"Brno,Hájecká",49.17466,16.641766,BM
Lukov,48.863617999999995,15.911364999999998,ZN
"Brno,Náměstí 28. října",49.20136200000001,16.613654,BM
"Brno,Vinohradská",49.172746,16.645529,BM
"Horní Břečkov, Jednota",48.889902,15.898162,ZN
"Rousínov, EDP",49.197807,16.877378,VY
"Brno,Staré Černovice",49.169957,16.647909,BM
"Brno,Mírová",49.17649999999998,16.632395,BM
"Brno,Černovická",49.176878,16.627324,BM
"Brno,Záhumenice",49.164024000000005,16.618158,BM
"Brno,Havránkova",49.15766,16.621496,BM
"Brno,Dolní Heršpice",49.15219799999999,16.621592,BM
"Brno,Malá",49.149332,16.621834,BM
"Brno,Přízřenice",49.145202,16.620114,BM
"Brno,Jezerní",49.140706,16.616994,BM
"Brno,Modřická",49.13791799999999,16.616374,BM
"Modřice, Žižkova",49.134054,16.61513,BO
"Brno,Přízřenice, smyčka",49.14428,16.621157,BM
"Brno,Bednářova",49.16190199999999,16.61357,BM
"Brno,K terminálu",49.161508,16.612183,BM
"Modřice, čistička",49.131992,16.633462,BO
"Brno,Dvůr v lese",49.12569299999999,16.633448,BM
"Brno,Červený písek",49.220474,16.657375,BM
"Brno,Podzimní",49.22161199999999,16.653014,BM
"Brno,Jarní ČD",49.220582,16.652825,BM
"Brno,Železniční stavitelství",49.21696599999999,16.654197,BM
"Brno,Zimní I",49.213186,16.658794,BM
"Brno,Zimní II",49.213409,16.655937,BM
"Brno,Depo ČD",49.21486199999999,16.652828,BM
"Brno,Kulkova",49.211699,16.648437,BM
"Brno,Podsednická",49.209072,16.645704,BM
"Brno,Tomáškova",49.19924499999999,16.631698,BM
"Brno,Uzavřená",49.19676999999999,16.63339,BM
"Brno,Jílkova",49.196001,16.636897,BM
"Brno,Škrobárenská",49.182874,16.626291,BM
"Brno,V rejích",49.139252,16.654914,BM
"Brno,Za hřbitovem",49.164317999999994,16.591448,BM
"Brno,Kamenice",49.17770199999999,16.573062,BM
"Brno,Bidláky",49.178442,16.606259,BM
"Brno,Holandská",49.18081699999998,16.605066,BM
"Brno,Ríšova",49.206684,16.481219,BM
"Brno,Helenčina",49.206863999999996,16.486008,BM
"Brno,Kounicovy koleje",49.207752,16.583217,BM
"Brno,Klicperova",49.202450999999996,16.688124,BM
"Brno,Zaoralova",49.20030199999999,16.679144,BM
"Brno,Zetor - silnice",49.200769999999984,16.670376,BM
"Brno,Horská",49.221613,16.57949,BM
"Brno,Technická",49.22335999999999,16.57835,BM
"Brno,Podnikatelská",49.22737099999999,16.576366,BM
"Brno,Kolejní",49.23064099999999,16.57191,BM
"Brno,Vědeckotechnický park",49.23259999999999,16.574806,BM
"Brno,Edisonova",49.22828,16.576461,BM
"Brno,Líšeň, hřbitov",49.217477,16.702717,BM
"Brno,Obecká",49.21441,16.701682,BM
"Brno,Kubelíkova",49.21207,16.698811,BM
"Brno,Šimáčkova",49.209486999999996,16.696101,BM
"Vranov, hřbitov",49.305780000000006,16.622561,BO
"Vranov, smyčka",49.311112,16.612,BO
"Brno,Airport Park",49.158123999999994,16.683868,BM
Letiště - logistický areál,49.15657600000001,16.698581,BO
"Brno,Mošnova",49.19619800000001,16.640931,BM
"Brno,Avion Shopping Park",49.15827,16.627949,BM
"Brno,Electroworld",49.154535,16.629289,BM
"Brno,Janáčkovo divadlo",49.198080999999995,16.61017,BM
"Brno,Schodová",49.206602,16.612234,BM
"Brno,Sportovní",49.21211799999999,16.607154,BM
"Brno,NC Královo Pole",49.217569999999995,16.6071,BM
"Brno,Reissigova",49.216255,16.604041,BM
"Brno,Štefánikova",49.215332,16.59914,BM
"Brno,Nálepkova",49.20879399999999,16.55232,BM
"Brno,Jundrov",49.211750999999985,16.55065,BM
"Brno,Ikea",49.156434999999995,16.628041,BM
"Brno,ZŠ Jana Babáka",49.21379999999999,16.590632,BM
"Brno,Černovické nábřeží",49.180623000000004,16.62986,BM
"Brno,Tichého",49.204993,16.581692,BM
"Brno,Lerchova",49.19872199999998,16.583664,BM
"Brno,Myslivna",49.187665,16.552102,BM
"Brno,Ukrajinská",49.17050399999999,16.585116,BM
"Brno,Šmahova",49.17144799999999,16.685105,BM
"Brno,Letiště - služební vstup",49.155635,16.691132,BM
"Brno,Letiště Tuřany - terminál",49.15483,16.692439,BM
CTPark Brno South,49.160548,16.700716,BO
"Brno,Drážní",49.16739199999999,16.685454,BM
"Brno,Slatinka",49.16492399999999,16.68889,BM
"Brno,Francouzská",49.202906,16.626037,BM
"Brno,Červený kopec",49.182091,16.587995,BM
"Brno,Valašská",49.166731999999996,16.56286,BM
"Brno,OC Futurum",49.154906,16.598653,BM
"Brno,Palackého vrch",49.22417299999999,16.573374,BM
"Brno,Achtelky",49.18534499999999,16.542756,BM
"Brno,ZŠ Herčíkova",49.23053099999999,16.584437,BM
"Horní Břečkov, Čížov",48.87838,15.87273,ZN
"Rousínov, zdravotní středisko",49.20365299999999,16.878177,VY
"Znojmo, Nová nemocnice",48.86945999999999,16.049782,ZN
"Rousínov, betonárka",49.207333999999996,16.871191,VY
"Nový Šaldorf, bytovky",48.831894999999996,16.059242,ZN
"Rousínov, Královopolské Vážany",49.214121999999996,16.869162,VY
"Nový Šaldorf, Sedlešovice",48.835742999999994,16.055682,ZN
"Rousínov, Vítovice",49.218105,16.848654,VY
"Znojmo, Marešov, Melkusova",48.83920199999999,16.061587,ZN
Habrovany,49.231398,16.877497,VY
"Znojmo, ul.28.října",48.85627999999999,16.062814,ZN
"Olšany, lom",49.240407999999995,16.866624,VY
"Znojmo, Palackého",48.857843,16.062522,ZN
Olšany,49.248937,16.863638,VY
"Znojmo, nám.Armády",48.85896,16.058556,ZN
"Rousínov, škola",49.207415999999995,16.883228,VY
"Znojmo, Jarošova",48.861253999999995,16.051083,ZN
"Rousínov, Rousínovec",49.197206,16.884507,VY
"Znojmo, Jubilejní park",48.863637,16.044865,ZN
"Rousínov, Kroužek",49.19413999999999,16.895983,VY
"Znojmo, Melkusova - koupaliště",48.83879799999999,16.058865,ZN
"Rousínov, garáže ČSAD",49.205697,16.882879,VY
"Znojmo, Legionářská",48.86778699999999,16.040195,ZN
"Rousínov, Čechyně, náves",49.20823800000001,16.897568,VY
"Znojmo, Pražská, BILLA",48.865436,16.037917,ZN
"Rousínov, Slavíkovice",49.19259499999999,16.869697,VY
"Znojmo, Družstevní, autoservis",48.84802599999998,16.065413,ZN
"Vyškov, U přejezdu",49.26944099999999,16.978004,VY
"Znojmo, Družstevní, DŘEVOTVAR",48.851108,16.068207,ZN
"Vyškov, Moravská",49.27262999999999,17.007428,VY
"Znojmo, Dobšická, Autocentrum Psota",48.85349599999999,16.073367,ZN
"Vyškov, Brňany",49.273756999999996,17.005077,VY
"Dobšice, sídliště",48.851538,16.078315,ZN
"Vyškov, Dukelská, nákup. středisko",49.28184799999999,17.001642,VY
"Dobšice, rest.",48.848648,16.08555,ZN
"Dobšice, pož.zbroj.",48.85050199999999,16.087616,ZN
"Znojmo, Brněnská, sídl.",48.843586999999985,16.063,ZN
"Znojmo, Pražská, Motorest",48.86835,16.034231,ZN
"Znojmo, Gagarinova",48.868693,16.039761,ZN
"Znojmo, nám.Svobody, FIALA",48.85939199999999,16.047855,ZN
"Znojmo, Horní nám.",48.856643,16.04866,ZN
"Znojmo, Albert Brněnská",48.845965,16.066767,ZN
"Znojmo, Vančurova DPS",48.86667299999999,16.045068,ZN
"Znojmo, Oblekovice, Nesachleby",48.83895799999999,16.087715,ZN
"Znojmo, Oblekovice, Bohumilice I",48.83838,16.083812,ZN
"Znojmo, Oblekovice, Bohumilice II",48.83776,16.080183,ZN
"Znojmo, Oblekovice, střed",48.836946,16.074808,ZN
"Dobšice, MŠ",48.84837499999999,16.080418,ZN
"Znojmo, Přímětice, točna",48.887593,16.037652,ZN
"Znojmo, Oblekovice, rest.",48.83499699999999,16.068716,ZN
"Znojmo, Oblekovice, točna",48.8319,16.070448,ZN
"Znojmo, Mramotice, u čekárny",48.903042,15.999168,ZN
"Znojmo, Kasárna",48.891808999999995,15.999738999999998,ZN
"Znojmo, Pražská, sídliště",48.868370000000006,16.032862,ZN
"Znojmo, Přímětice, K Suchopádu",48.885523,16.042683,ZN
"Plenkovice, u hřiště",48.918335,16.008898,ZN
"Dobelice, Vémyslická",49.016693,16.276102,ZN
Němčičky,48.942054999999996,16.088462,ZN
"Rudlice, u pomníku",48.94898999999999,16.067334,ZN
"Rudlice, samota",48.95421399999999,16.056107,ZN
Vevčice,48.962036,16.044386,ZN
"Černín, Závoda",48.98119199999999,16.026243,ZN
"Černín, lávka",48.980218,16.015953,ZN
"Boskovštejn, hájenka",48.978286999999995,15.947785000000001,ZN
"Boskovštejn, požární zbrojnice",48.981859,15.932263000000003,ZN
"Boskovštejn, středisko ZD",48.985371,15.926545,ZN
Jiřice u Moravských Budějovic,48.993784,15.926209000000002,ZN
Prokopov,48.99894799999999,15.894227,ZN
"Hostim, křižovatka",49.009535,15.896008999999998,ZN
"Hostim, náměstí",49.01689499999999,15.898068,ZN
Blanné,48.992495000000005,15.882532,ZN
"Blanné, rozcestí",48.989711,15.877899999999999,ZN
"Grešlové Mýto, motorest",48.981579,15.885132999999998,ZN
"Pavlice, na kopci",48.97268,15.896,ZN
"Vranovská Ves, u hřiště",48.952003,15.918136,ZN
"Vranovská Ves, u lesa",48.94902199999999,15.920431999999998,ZN
"Vranovská Ves, Hostěrádky",48.94125199999999,15.926200000000001,ZN
"Olbramkostel, restaurace",48.92262699999999,15.950367999999997,ZN
Žerůtky,48.905895,15.962727,ZN
"Znojmo, Mramotice, rozcestí",48.897294,15.993394000000002,ZN
"Žerůtky, rozcestí",48.90939599999999,15.970141,ZN
"Olbramkostel, státní silnice",48.922742,15.952216,ZN
"Kravsko, škola",48.91763099999999,15.985649,ZN
"Moravské Budějovice, autobusové nádraží",49.056355,15.808013,TR
"Moravské Budějovice, Tyršova",49.04912,15.815073000000002,TR
"Moravské Budějovice, Lažínky",49.035189,15.833194,TR
"Moravské Budějovice, Vesce",49.022803999999994,15.833289,TR
Častohostice,49.014105,15.819027,TR
"Blížkovice, náměstí",48.999513,15.840092000000002,ZN
"Blížkovice, zdravotní středisko",48.99790599999999,15.839533,ZN
"Ctidružice, u parku",48.982254999999995,15.861658,ZN
"Grešlové Mýto, u mostu",48.98331,15.8827,ZN
"Moravské Budějovice, Urbánkova",49.048671000000006,15.811570999999999,TR
"Nové Syrovice, Krnčice",49.026531999999996,15.788656000000001,TR
Nové Syrovice,49.017942,15.77355,TR
Láz,49.012466999999994,15.786831999999999,TR
"Blanné, obecní úřad",48.992656000000004,15.882569,ZN
"Hostim, kompresorová stanice, rozcestí",49.003355,15.883786,ZN
Zvěrkovice,49.025939,15.864300000000002,TR
Vratěnín,48.90372699999999,15.597175,ZN
"Uherčice, Mešovice",48.92426499999999,15.593314,ZN
"Vyškov, Sochorova",49.285911000000006,17.00611,VY
"Vyškov, Remagg",49.290433,17.010513,VY
"Vyškov, Tovární",49.29408699999999,17.013282,VY
"Vyškov, Fritzmeier",49.293988000000006,17.00977,VY
"Vyškov, Pustiměřská",49.297667,17.008614,VY
"Vyškov, Na Vyhlídce",49.283378,17.004392,VY
"Vyškov, Hybešova",49.281545,17.006617,VY
"Vyškov, Agrodům",49.27638199999999,17.003338,VY
"Vyškov, Dvořákova",49.27928499999999,17.00066,VY
"Vyškov, letiště",49.30240799999999,17.02219,VY
"Pustiměř, u kříže",49.31419299999999,17.02913,VY
"Pustiměř, rozcestí",49.319006,17.02607,VY
"Pustiměř, ZŠ",49.32236,17.029728,VY
Drysice,49.33482899999999,17.057699,VY
"Želeč, křižovatka",49.347891,17.092896,PV
Želeč,49.34589299999998,17.096919,PV
"Pustiměř, náves",49.322992,17.027558,VY
"Pustiměř, kamenolom",49.320556,17.012417,VY
Zelená Hora,49.32909899999999,17.013701,VY
"Podivice, Terezička",49.359022,17.017645,VY
Podivice,49.366493,17.011902,VY
"Radslavice, Radslavičky",49.32715499999999,16.99496,VY
Radslavice,49.323834999999995,17.001773,VY
"Vyškov, Dukelská, u čistírny",49.28061099999999,17.000061,VY
"Hoštice-Heroltice, Heroltice, rozcestí",49.285086,17.057322,VY
"Rybníček, statek",49.277857999999995,17.065532,VY
Rybníček,49.275875000000006,17.072653,VY
"Medlovice, rozcestí",49.27771099999999,17.092523,VY
Švábenice,49.278689,17.122826,VY
Dětkovice,49.272377999999996,17.144461,VY
Pačlavice,49.259808,17.168328,KM
"Pačlavice, Pornice",49.249767999999996,17.182322,KM
"Morkovice-Slížany, Morkovice, náměstí",49.246847,17.205695,KM
"Vyškov, sídliště Víta Nejedlého statek",49.303283,16.989897,VY
"Hoštice-Heroltice, Heroltice, náves",49.28574999999999,17.058213,VY
"Hoštice-Heroltice, Hoštice, kostel",49.287354,17.065618,VY
"Ivanovice na Hané, Žižkova",49.30681799999999,17.095633,VY
"Ivanovice na Hané, u Škrku",49.30118199999999,17.093949,VY
"Ivanovice na Hané, Fischer",49.295038,17.095772,VY
Medlovice,49.27314299999999,17.093413,VY
Orlovice,49.240532999999985,17.094317,VY
"Moravské Málkovice, u koupaliště",49.252492,17.092927,VY
Moravské Málkovice,49.257758,17.090605,VY
"Ivanovice na Hané, Chvalkovice na Hané",49.319143000000004,17.114828,VY
"Vranovice-Kelčice, Kelčice, pod mostem",49.403114999999985,17.104593,PV
"Znojmo, Vídeňská, Na Rejdišti",48.84991399999999,16.054914,ZN
"Znojmo, Průmyslová, KERAMIKA",48.85010299999999,16.056776,ZN
"Znojmo, Průmyslová, u lávky",48.852442999999994,16.060748,ZN
"Znojmo, Dobšická, u hřbitova",48.85559599999999,16.065935,ZN
"Znojmo, Dobšická, u Baumaxu",48.85433999999999,16.070623,ZN
"Suchohrdly, zahrádky",48.859809999999996,16.077636,ZN
"Suchohrdly, rozvodna",48.861701,16.081362,ZN
"Suchohrdly, škola",48.868672,16.094475,ZN
"Kuchařovice, Jednota",48.875607,16.079357,ZN
"Kuchařovice, u kostela",48.876161999999994,16.076394,ZN
"Kuchařovice, Dřevotvar",48.878156,16.070183,ZN
"Kuchařovice, H&M",48.875313000000006,16.08157,ZN
"Znojmo, Průmyslová, u hřbitova",48.855377999999995,16.064425,ZN
"Znojmo, nám.Komenského",48.856483,16.053275,ZN
"Znojmo, Pražská, Policie ČR",48.86300099999999,16.042187,ZN
"Znojmo, Hradiště, Jednota",48.85981699999999,16.033023,ZN
"Znojmo, Lužická",48.856165000000004,16.058256,ZN
"Znojmo, Přímětická, rest.BRISTOL",48.86354999999999,16.044114,ZN
"Znojmo, Přímětická SOU",48.86544399999999,16.043497,ZN
"Znojmo, Přímětice, Krystal Park",48.875345,16.039585,ZN
"Znojmo, Přímětice, sídliště",48.87856799999999,16.034456,ZN
"Znojmo, Přímětice, hřbitov",48.88342,16.033132,ZN
"Znojmo, Přímětice, Plenkovická",48.88812999999999,16.031627,ZN
"Mouchnice, Na Požárech",49.116337,17.135163,HO
Mouchnice,49.11209699999999,17.135128,HO
"Koryčany, náměstí",49.10616199999999,17.163439,KM
"Milonice, Roštoutky, statek",49.178291,17.056402,VY
"Brankovice, křižovatka",49.153322,17.136018,VY
Malínky,49.15915299999999,17.16118,VY
Kožušice,49.15766599999999,17.187137,VY
"Kožušice, točna",49.156771,17.187265,VY
"Kojátky, Šardičky",49.174402,17.030752,VY
"Kojátky, dědina",49.171662,17.028202,VY
"Kojátky, Kaštanov",49.169502999999985,17.023095,VY
"Bučovice, Černčín",49.156217999999996,17.028398,VY
"Bučovice, Černčín, ZD",49.15532,17.021122,VY
"Koryčany, závod",49.11170099999999,17.169482,KM
"Střílky, náměstí",49.14249499999999,17.211307,KM
"Žarošice, Zdravá Voda, osada",49.068144999999994,16.951918,HO
"Žarošice, za školou",49.03791999999999,16.961528,HO
"Svatobořice-Mistřín, železniční stanice",48.975296,17.096785,HO
Žádovice,49.015899,17.195658,HO
"Ježov, u Šupalového",49.024478,17.206302,HO
"Ježov, zdravotní středisko",49.026441999999996,17.209735,HO
"Ježov, škola",49.024393,17.213237,HO
"Žeravice, obecní úřad",49.02319299999999,17.236705,HO
"Kelčany, obecní úřad",49.00539200000001,17.173913,HO
"Vlkoš, křižovatka",48.99024399999999,17.164144,HO
"Rohatec, u školy",48.876334,17.181989,HO
"Hodonín, Rudolfa Filipa, sídliště",48.85941699999999,17.137738,HO
"Kyjov, Bohuslavice",49.049703,17.123475,HO
"Kyjov, Bohuslavice, rozcestí",49.04266599999998,17.119128,HO
"Kyjov, traktorka",49.003421999999986,17.11582,HO
"Strážnice, Radějovská",48.893522,17.312648,HO
"Strážnice, Vinohrady",48.883081,17.320048,HO
"Radějov, škola",48.86199299999999,17.340142,HO
Radějov,48.85763099999999,17.346749,HO
"Strážnice, ZŠ Marie Kudeříkové",48.90082099999999,17.312421,HO
Skalka,49.035233,17.208618,HO
"Skalka, ZD",49.038236,17.207324,HO
Labuty,49.04658799999999,17.212315,HO
Vřesovice,49.05879599999999,17.215078,HO
"Vřesovice, Paseky",49.059481999999996,17.219682,HO
"Osvětimany, ZD",49.056377,17.243733,UH
Osvětimany,49.05585,17.24943,UH
"Pozořice, škola",49.206951999999994,16.797233,BO
"Brno,Zetor - smyčka",49.199449,16.670426,BM
Babice nad Svitavou,49.27793,16.672945,BO
"Brno,Tomkovo náměstí",49.213699,16.636719,BM
"Brno,Štefánikova čtvrť",49.217376,16.628083,BM
"Brno,Haškova",49.233657,16.624466,BM
"Brno,Loosova",49.23197199999999,16.619445,BM
"Brno,Fillova",49.229226,16.616897,BM
"Brno,Slavíčkova",49.225954,16.617936,BM
"Brno,Halasovo náměstí",49.223382,16.622508,BM
"Brno,Poliklinika Lesná",49.22246199999999,16.625658,BM
"Brno,Merhautova",49.21491799999999,16.627558,BM
"Brno,Gajdošova",49.198483,16.645773,BM
"Brno,Otakara Ševčíka",49.195016,16.646108,BM
"Brno,Škroupova",49.19200399999999,16.647978,BM
"Brno,Křídlovická",49.185300999999995,16.602648,BM
"Brno,Křížkovského",49.187378,16.587186,BM
"Brno,Velodrom",49.184651,16.579918,BM
"Brno,Bauerova",49.185782,16.574652,BM
"Brno,Anthropos",49.193344999999994,16.566013,BM
"Brno,Veslařská",49.202758,16.565,BM
"Brno,Jundrov, hřiště",49.204662,16.560121,BM
"Brno,Jundrovský most",49.210068,16.557459,BM
"Brno,Vozovna Komín",49.213719,16.559676,BM
"Brno,Hlavní",49.21677799999999,16.560243,BM
"Brno,Štursova",49.21610999999999,16.564118,BM
"Brno,Rosického náměstí",49.214726999999996,16.568532,BM
"Brno,Přívrat",49.218597,16.573847,BM
"Brno,Záhřebská",49.219819,16.579715,BM
"Brno,Skácelova",49.221527,16.585279,BM
"Brno,Slovanské náměstí",49.22298599999999,16.591408,BM
"Brno,Husitská",49.22361399999999,16.594592,BM
"Brno,Kociánka",49.22577400000001,16.601808,BM
"Brno,Královopolská strojírna",49.22401199999999,16.607284,BM
"Brno,Divišova čtvrť",49.22359899999999,16.613037,BM
"Brno,U tunýlku",49.22279499999999,16.617559,BM
"Brno,Dělnický dům",49.195559,16.649869,BM
"Brno,Juliánov",49.196208,16.654629,BM
"Brno,Malá Klajdovka",49.19913,16.662908,BM
"Brno,Čejkovická",49.200335999999986,16.66216,BM
"Brno,Bořetická",49.201409999999996,16.658673,BM
"Brno,Mutěnická",49.20347000000001,16.654842,BM
"Brno,Pálavské náměstí",49.20587299999999,16.657823,BM
"Brno,Bzenecká",49.205968999999996,16.66112,BM
"Brno,Mikulovská",49.20590599999999,16.665328,BM
"Brno,Elplova",49.21044599999999,16.674988,BM
"Brno,Podbělová",49.213965,16.681522,BM
"Brno,Molákova",49.212738,16.686949,BM
"Brno,Karolíny Světlé",49.20315999999999,16.693878,BM
"Brno,Muzeum dopravy",49.201411,16.694502,BM
"Brno,Letecká",49.19770799999999,16.695849,BM
"Brno,Holzova",49.194799999999994,16.696964,BM
"Brno,Malečkova",49.185748,16.692664,BM
"Brno,Slatina, rozcestí",49.182194,16.691974,BM
"Brno,Krejčího",49.17758799999999,16.691202,BM
"Brno,Přemyslovo náměstí",49.17637199999999,16.68731,BM
"Brno,Křehlíkova",49.174816,16.685206,BM
"Brno,Řípská",49.17332199999999,16.682044,BM
"Brno,U viaduktu",49.138999,16.660428,BM
"Brno,Šromova",49.133869999999995,16.650872,BM
"Brno,Zámecká",49.132647,16.642677,BM
"Modřice, Decathlon",49.137598,16.637297,BO
"Modřice, XXXLutz",49.138934,16.637262,BO
