Dolní nádraží,50.22994502805649,12.863389913873695,KV,CZ
"Andělská hora,hor.obec",50.20492699101965,12.960766134100355,KV,CZ
"Chodov,host.",50.06959329514535,12.862972217591564,KV,CZ
"Andělská hora,dolní obec",50.20824702423928,12.954980135644751,KV,CZ
"Andělská hora, chaty",50.20713836638437,12.944714330023528,KV,CZ
"Karlovy Vary,Olšová vrata,rozc.",50.212364499515516,12.91973284690557,KV,CZ
"Abertamy,Barbora",50.37420943604314,12.863690703293827,KV,CZ
"Abertamy,nám.",50.36842352005013,12.817354408054292,KV,CZ
"Abertamy,pila",50.36552294546905,12.80377953027851,KV,CZ
"Abertamy,Plešivec,rozc.3",50.368722470913134,12.834815699565961,KV,CZ
"Boží Dar,celnice",50.40984453055235,12.93426407800667,KV,CZ
"Boží Dar,u kostela",50.409232884171885,12.924844777242184,KV,CZ
"Bochov,Dlouhá Ves",50.12891532841127,13.048020462051422,KV,CZ
"Bochov,Číhaná",50.12397691407049,12.984825423452563,KV,CZ
"Bochov,Číhaná,rozc.",50.142583337049295,12.97203467683382,KV,CZ
"Bochov,Rybničná",50.14207783747258,12.943458915547561,KV,CZ
Božíčany,50.25772125841582,12.7721991684038,KV,CZ
"Božíčany,KSNP",50.252717169503,12.767383734751975,KV,CZ
Dalovice,50.2499532697486,12.893126384879519,KV,CZ
"Dalovice,Dlouhá",50.25198066813562,12.89909426403022,KV,CZ
"Dalovice,,nádr.Dalovice",50.25617432314807,12.88583899321211,KV,CZ
"Dalovice,,nám.",50.24739867270257,12.896567149144957,KV,CZ
"Dalovice,Vysoká",50.2551094393964,12.902627498246837,KV,CZ
"Děpoltovice,Nivy",50.279055404398406,12.846363700634924,KV,CZ
Šemnice,50.239655236075585,12.972373206899,KV,CZ
"Šemnice,Dubina,háj.",50.237012072471515,12.992501688207085,KV,CZ
"Šemnice,most",50.24398493244,12.96951785283684,KV,CZ
"Šemnice,Muzikov",50.24351375943914,12.948735173680783,KV,CZ
"Šemnice,rozc.",50.24348445545135,12.984486351816484,KV,CZ
"Šemnice,Sedlečko,rozc.",50.234976435184414,12.944074710021527,KV,CZ
Černava,50.2912279938836,12.710970980230263,KV,CZ
"Černava,Rájec,rozc.",50.29462524854757,12.717876338490003,KV,CZ
Hájek,50.27843798302022,12.918918463737082,KV,CZ
"Hájek,statek",50.282745126019364,12.92523612922744,KV,CZ
"Horní Blatná,nám.",50.390016651744546,12.770486858625445,KV,CZ
Hory,50.21353987928752,12.780716430793523,KV,CZ
"Hradiště,Albeřice",50.16490467140633,13.165903539207214,KV,CZ
"Hradiště,Bražec",50.17477672218462,13.046391900785162,KV,CZ
"Hradiště,Dolní Lomnice,lesní správa",50.26574074035579,13.010375680473908,KV,CZ
"Hradiště,Javorná",50.18584246681799,13.068012413154406,KV,CZ
"Hradiště,Lomnice,rozc.",50.17388633461446,13.0114024163715,KV,CZ
"Hradiště,Lučina",50.2328537273576,13.014287333820988,KV,CZ
"Hradiště,Radošov,hor.rozc.0.2",50.17592008407972,13.118330078543314,KV,CZ
"Hradiště,Svatobor,rozc.",50.236145467262595,12.99924394596383,KV,CZ
"Hradiště,Tis,rozc.",50.17718164167577,13.10562085012606,KV,CZ
"Hradiště,Valov,rozc.1.5",50.184940674177106,13.092589766738733,KV,CZ
"Hroznětín,Bystřice",50.31221506169751,12.896056700233606,KV,CZ
"Hroznětín,žel.zast.",50.312960166157566,12.862098875303849,KV,CZ
"Hroznětín,masokombinát",50.308908042723985,12.862133022169893,KV,CZ
"Hroznětín,nám.",50.309283757568664,12.872721997686961,KV,CZ
"Hroznětín,Odeř,záv.",50.3061128564077,12.83248315733558,KV,CZ
"Hroznětín,Ruprechtov,rozc.",50.291050726608255,12.85816949095932,KV,CZ
"Hroznětín,sušárna",50.318563269794886,12.858740788762663,KV,CZ
"Hroznětín,U Budků",50.30931379453625,12.882420283524851,KV,CZ
"Hroznětín,Velký Rybník",50.287892652178,12.865891990599794,KV,CZ
"Jáchymov,Mariánská,rozc.",50.387174303855275,12.902460008636197,KV,CZ
"Jáchymov,lázně",50.361640254949386,12.933780841126762,KV,CZ
"Jáchymov,Mariánská,rozc.Adam",50.364012957500215,12.898903819372633,KV,CZ
"Jáchymov,Nové Město",50.36878820428663,12.89972566833916,KV,CZ
"Jáchymov,,střed",50.3658549579119,12.921052679503225,KV,CZ
"Jenišov,,rozc.",50.22322146664988,12.803214607366401,KV,CZ
"Jenišov,osada,rozc.",50.238311699122995,12.791841256917005,KV,CZ
Krásný Les,50.345839952625944,13.001995809029781,KV,CZ
"Krásný Les,Damice",50.33216137489499,13.011690525460095,KV,CZ
"Krásný Les,Horní hrad,rozc.",50.33571806488016,13.029152994716407,KV,CZ
"Kyselka,škola",50.26554259988583,12.995228269512747,KV,CZ
"Kyselka,pila",50.2513402079832,12.989366156190593,KV,CZ
"Kyselka,pošta",50.259768907277575,13.000103302002387,KV,CZ
"Kyselka,Radošov,Jednota",50.27188715569872,12.995366859580047,KV,CZ
"Merklín,náves",50.32671335895819,12.862862815385835,KV,CZ
"Merklín,ObÚ",50.329470515100624,12.860151315452695,KV,CZ
"Merklín,Papírny",50.33550756675791,12.852849847260646,KV,CZ
"Merklín,Pstruží,rest.",50.347059659177724,12.823127539776182,KV,CZ
"Nejdek,Lesík,rozc.",50.31488257084282,12.69224936629049,KV,CZ
"Nejdek,most",50.32317350056822,12.732877442678767,KV,CZ
"Nejdek,aut.st.",50.32110903703128,12.73006334554189,KV,CZ
"Nejdek,Bernov,statek",50.32045527792554,12.710076598766655,KV,CZ
"Nejdek,Fojtov",50.30120663528732,12.789602277737702,KV,CZ
"Nejdek,Lesík",50.31429848073639,12.685129865477164,KV,CZ
Nejdek.masna,50.32111667161895,12.719849740379967,KV,CZ
"Nejdek,Metalis",50.32924456207846,12.724490629390852,KV,CZ
"Nejdek,nám.",50.32507018325747,12.73329045947796,KV,CZ
"Nejdek,Nový Fojtov",50.309295933433425,12.773902835609316,KV,CZ
"Nejdek,Pozorka",50.31197133793048,12.763532276977315,KV,CZ
"Nejdek,sídliště",50.319252399071615,12.742628769244698,KV,CZ
"Nejdek,Suchá",50.30933820218616,12.733924106606667,KV,CZ
"Nejdek,U studánky",50.33553832446626,12.715398817927968,KV,CZ
"Nejdek,Vysoká Štola,rozc.",50.315393458107316,12.753035774713652,KV,CZ
Nové Hamry,50.3599487768801,12.719709723138054,KV,CZ
"Nové Hamry,u přejezdu",50.35162415700434,12.714591781730691,KV,CZ
"Nová Role,Jimlíkov",50.25364691508048,12.786772620523676,KV,CZ
"Nová Role,obec",50.27284418195439,12.788976837440702,KV,CZ
"Nová Role,sídliště",50.2719848529544,12.780385345480912,KV,CZ
"Nová Role,u přejezdu",50.27005431984033,12.78342446667866,KV,CZ
"Ostrov,Dolní Žďár,garáže",50.322352220873945,12.947466293548041,KV,CZ
"Ostrov,,Hornická",50.301841340540896,12.949176659627694,KV,CZ
"Ostrov,,jídelna",50.309416088972746,12.942329656822944,KV,CZ
"Ostrov,Kfely,rozc.0,2",50.31013487243775,12.915053930014173,KV,CZ
"Ostrov,Květnová,škola",50.32758455609211,12.977898088616673,KV,CZ
"Ostrov,Maroltov",50.33935952950939,12.981598098614848,KV,CZ
"Ostrov,Moříčov",50.29793224815872,12.985787924352335,KV,CZ
"Ostrov,Papírny",50.30204215084635,12.963063686678565,KV,CZ
"Ostrov,,poliklinika",50.307779880182885,12.93719784907758,KV,CZ
"Ostrov,rest.Růže",50.30100880858538,12.948642000785437,KV,CZ
"Ostrov,Rokle",50.34669415981397,12.986506146172708,KV,CZ
"Ostrov,Větrný Vrch",50.29201176558717,12.938582492076529,KV,CZ
"Otovice,Plavírna",50.2657628883192,12.861392796491653,KV,CZ
"Otovice,,U pošty",50.2540875499872,12.873970971541834,KV,CZ
"Otovice,V březinkách",50.26640058267666,12.875539125845858,KV,CZ
"Pernink,školní louka",50.35978194504456,12.789249936845456,KV,CZ
"Pernink,rozc.k žel.st.",50.3683816050417,12.78174876121427,KV,CZ
"Pernink,Rybná,rozc. 1.5",50.35339907922175,12.802984721888299,KV,CZ
"Perštejn,kino",50.37980742843337,13.112820790343862,CV,CZ
"Potůčky,paneláky",50.42803807818456,12.739944594460196,KV,CZ
"Potůčky,st.hr.",50.42833165420439,12.734078366892902,KV,CZ
"Potůčky,vrty-most",50.41847074912417,12.733111066750089,KV,CZ
"Sadov,Bor",50.26459747657483,12.927851787431914,KV,CZ
"Sadov,Bor,škola",50.265631274609916,12.936224680770563,KV,CZ
"Sadov,Lesov,rozc.",50.26374495502555,12.91647219359176,KV,CZ
"Sadov,Podlesí",50.27193081995832,12.878537385773212,KV,CZ
"Sadov,Stráň",50.27070656928897,12.962086759654618,KV,CZ
"Smolné Pece,rozc.",50.301096176646595,12.786889504728313,KV,CZ
"Stráž n,Ohří,Srní,rozc.",50.37245574101793,13.087260570623839,KV,CZ
"Stružná,Žalmanov",50.18700005181052,12.987842837992737,KV,CZ
"Stružná,Horní Tašovice",50.17160199663759,13.014864694205102,KV,CZ
"Stružná,Nová Víska",50.17874746380253,12.98408222815569,KV,CZ
"Sružná,obec",50.182411146826325,13.005482904190686,KV,CZ
"Stružná,rozc.0.2",50.17964562166986,13.001995433205316,KV,CZ
Velichov,50.28345005945387,13.008641204451463,KV,CZ
"Velichov,osada",50.28507093064132,13.002950800185253,KV,CZ
"Velichov,vojenské lesy",50.281532408551655,13.005534533777883,KV,CZ
Vojkovice,50.303252835658824,13.018984232170236,KV,CZ
"Vojkovice,Jakubov,porcelánka",50.309800781065384,13.032170079119528,KV,CZ
"Vysoká Pec,Rudné,hotel Sport",50.34676731220227,12.699542608533104,KV,CZ
"Vysoká Pec,Rudné,u kostela",50.35198347091086,12.685380534167374,KV,CZ
"Vysoká Pec, záv.rozc.",50.34386694608142,12.709286728906406,KV,CZ
"Horní Blatná,Majakovského",50.38928348337548,12.75811203994051,KV,CZ
"Pernink,škola",50.36523240892932,12.784087056665609,KV,CZ
"Jáchymov,Abertamská zatáčka",50.38878220810687,12.903917187982493,KV,CZ
"Jáchymov,Mariánská",50.35579810619868,12.89362465203476,KV,CZ
"Jáchymov,Mariánská,ÚSP",50.3574178326907,12.88560153255545,KV,CZ
"Jáchymov,,radnice",50.371948553645886,12.913645977612708,KV,CZ
"Ostrov,Horní Žďár,pila",50.3440907979672,12.934936028231819,KV,CZ
"Ostrov,Horní Žďár",50.335248177404914,12.942398472599336,KV,CZ
"Ostrov,Horní Žďár,hl.brána",50.32612921886464,12.948041460797455,KV,CZ
"Ostrov,Horní Žďár,Vykmanov,rozc.",50.330425160900745,12.947172915733884,KV,CZ
"Ostrov,Květnová",50.3323843195776,12.981601220293275,KV,CZ
"Stráž n. Ohří,lom",50.33507160856654,13.045522686262965,KV,CZ
Stráž n.Ohří,50.339888409617686,13.053730717935155,KV,CZ
"Stráž n.Ohří,Boč",50.36138146286513,13.08175743340327,KV,CZ
"Stráž n.Ohří,Smilov",50.37423772317032,13.099015960796471,KV,CZ
"Ostrov,,jídelna",50.309172269842854,12.942222961643028,KV,CZ
"Ostrov,,nám.",50.30865296681633,12.94701541346529,KV,CZ
"Ostrov,,nám.",50.30819957204324,12.946686333980303,KV,CZ
"Ostrov,,nem.",50.31269918207988,12.963329077314928,KV,CZ
"Ostrov,Kfely,rest.",50.30980228958171,12.928373944101901,KV,CZ
"Ostrov,,Zámek",50.302952192606654,12.942087342922548,KV,CZ
"Merklín,Pstruží,osada",50.339110833890885,12.844846632016948,KV,CZ
"Merklín,Pstruží,most",50.34139646703251,12.837060342034361,KV,CZ
"Merklín,Pstruží,Papírny",50.344343377864604,12.82942973509409,KV,CZ
"Nové Hamry,u kostela",50.364369077146165,12.724699544525018,KV,CZ
"Vysoká Pec,Rudné",50.349693094894604,12.692830965166571,KV,CZ
"Nejdek,Bernov,rozc.",50.318154440310245,12.702317948069041,KV,CZ
"Nejdek,Nová Suchá,dol.",50.304892781249634,12.72395171908741,KV,CZ
"Nejdek,Nová Suchá,hor.",50.30126754984295,12.718788514559003,KV,CZ
"Děpoltovice,rozc.1.0",50.28509413388041,12.808131135628182,KV,CZ
Děpoltovice,50.294563413215265,12.81450494187896,KV,CZ
Děpoltovice,50.293549503208844,12.81407520802907,KV,CZ
Děpoltovice,50.293340946380326,12.815407346116178,KV,CZ
"Děpoltovice,hr.statek",50.298034080305214,12.807554405001653,KV,CZ
"Hroznětín,Odeř,farma",50.30345135927119,12.826354440099594,KV,CZ
"Hroznětín,Odeř",50.30735254364868,12.840853031563624,KV,CZ
"Hroznětín,Ruprechtov",50.292014301764226,12.852181284967832,KV,CZ
"Nová Role,Mezirolí,rozc.",50.277497180309076,12.814217038698809,KV,CZ
"Nová Role,Mezirolí,náves",50.272241816857274,12.825327928246024,KV,CZ
"Nová Role,Mezirolí",50.27258916695068,12.816707756316344,KV,CZ
"Sadov,Lesov",50.273627566050024,12.91117340953001,KV,CZ
Sadov,50.26558733914675,12.901762852715203,KV,CZ
"Sadov,Nová Víska",50.27199161475543,12.92726114907974,KV,CZ
"Šemnice,Sedlečko",50.23662618612763,12.958907441022916,KV,CZ
"Šemnice,Dubina",50.24389448435305,12.991663360296206,KV,CZ
"Šemnice,Dubina",50.24395036378379,12.991974645171664,KV,CZ
"Šemnice,Pulovice",50.25445808483194,12.963862103486353,KV,CZ
Kyselka,50.26234945554254,13.000359476706496,KV,CZ
"Hradiště,Dolní Lomnice",50.264323124906234,13.021375789964296,KV,CZ
"Kyselka,Radošov",50.27741182402921,12.993410057080851,KV,CZ
"Vojkovice,Jakubov,škola",50.30854993439963,13.037273828339531,KV,CZ
"Vojkovice,Jakšovy domy",50.29932445518245,13.018048512337684,KV,CZ
"Karlovy Vary,Švermův dům",50.23849910594393,12.909665624005154,KV,CZ
"Karlovy Vary,Sv.Hubert",50.237548109110065,12.928169308473203,KV,CZ
"Karlovy Vary,Sv.Hubert,chaty",50.24020631667575,12.917868991789746,KV,CZ
"Andělská Hora,rozc.",50.20053073508414,12.960236906479448,KV,CZ
"Bochov,Dlouhá Lomnice",50.159678552434386,12.987129349699522,KV,CZ
"Bochov,Herstošice",50.14217238512586,13.100730666138995,KV,CZ
"Bochov,Javorná,zámek",50.13799817888182,12.947898214373247,KV,CZ
"Bochov,Javorná",50.13384110615903,12.95961913995588,KV,CZ
"Bochov,Nové Kounice",50.13450717477206,12.93742846695494,KV,CZ
"Bochov,Kozlov",50.107597247792974,13.029967906922133,KV,CZ
"Bochov,Kozlov,rozc.",50.101771572911545,13.024891074299639,KV,CZ
"Bochov,Mirotice",50.11066049852043,13.00043461862311,KV,CZ
"Bochov,nám.",50.150472766707644,13.045570284163466,KV,CZ
"Bochov,SÚS",50.149003260357766,13.05208943216568,KV,CZ
"Bochov,Německý Chloumek",50.14468444294701,12.984735805008384,KV,CZ
"Bochov,Teleč",50.11921775145323,13.048883032254995,KV,CZ
"Bochov,Sovolusky",50.10182696946768,13.056998880090134,KV,CZ
"Bochov,Tešetice",50.16162442004459,13.086123851561146,KV,CZ
"Bochov,Údrč,rozc.",50.14387025230429,13.08876191943109,KV,CZ
"Bochov,Údrč,rozc.",50.14404646461281,13.08837936886435,KV,CZ
"Bochov,Údrč",50.13411044857873,13.087278358563788,KV,CZ
Lubenec,50.13212917860726,13.312430168219748,LN,CZ
"Libkovice,rozc.",50.133207829252754,13.268741496011044,LN,CZ
"Valeč,Kostrčany",50.150584755205074,13.261892008191346,KV,CZ
"Valeč,Nahořečice,rozc.",50.14320301433703,13.2733619652027,KV,CZ
"Valeč,Jeřeň",50.166234279952306,13.256706098776881,KV,CZ
Valeč,50.17434286600321,13.254758532993973,KV,CZ
"Valeč,Bělá,rozc.0.5",50.16494302254724,13.239052177800088,KV,CZ
"Valeč,Bělá",50.16618746751371,13.233664175738376,KV,CZ
"Valeč,Velký Hlavákov",50.16311746395364,13.204955030869122,KV,CZ
"Verušičky,Luka",50.15620689657771,13.151841260011455,KV,CZ
"Verušičky,Záhoří",50.15208591303139,13.135849736131835,KV,CZ
"Verušičky,Vahaneč,žel.st.",50.14393208689614,13.132508312293256,KV,CZ
"Verušičky,Hvězda",50.13484821508374,13.11988620432851,KV,CZ
"Věrušičky,Budov,rozc.",50.13613384041789,13.15374330628612,KV,CZ
"Věrušičky,Budov",50.13873046908498,13.148431942050479,KV,CZ
Věrušičky,50.14183849873522,13.173411603937147,KV,CZ
"Věrušičky,rozc.",50.136569418357126,13.178217477085958,KV,CZ
"Věrušičky,Týniště",50.14620838042025,13.181909920936539,KV,CZ
"Věrušičky,Týniště,rozc.",50.14968037230605,13.17077861032288,KV,CZ
"Verušičky,Vahaneč",50.140407385830066,13.125505522165884,KV,CZ
Vrbice,50.149517698020354,13.234816586286803,KV,CZ
"Vrbice,Bošov",50.135814740937604,13.23505697353076,KV,CZ
"Vrbice,Skřípová",50.13570477276647,13.20162975005705,KV,CZ
"Chyše,nám.",50.105013389397314,13.248936603858272,KV,CZ
"Chyše,Podštěly",50.11858221768454,13.26526383254674,KV,CZ
"Chyše,Nové Teplice",50.12863892598549,13.236307486428142,KV,CZ
"Chyše,Luby",50.08061163341953,13.272859069051343,KV,CZ
Čichalov,50.12428599407489,13.171003682107484,KV,CZ
"Žlutice,host.Zlaté hrábě",50.09387903402002,13.160470176139096,KV,CZ
"Žlutice,Verušice,rozc.1.0",50.09995305544954,13.151536748493863,KV,CZ
"Žlutice,Verušice",50.09635774278694,13.13412561658147,KV,CZ
"Žlutice,Knínice",50.12286780238797,13.132110185209697,KV,CZ
"Žlutice,Veselov",50.11999556130072,13.137237830675394,KV,CZ
"Žlutice,Ratiboř,rozc.2.0",50.10833504575064,13.14388864080046,KV,CZ
"Žlutice,Ratiboř,obec",50.113303716951016,13.115991898919097,KV,CZ
"Žlutice,Záhořice,žel.st.",50.078548068689145,13.193966954777178,KV,CZ
"Žlutice,zahradnictví",50.08897194533919,13.165066261518902,KV,CZ
"Žlutice,Nádražní",50.087836586364475,13.163021556379801,KV,CZ
"Žlutice,žel.st.",50.08547461814625,13.1588602559226,KV,CZ
"Žlutice,Protivec",50.09943122552797,13.212197510154947,KV,CZ
"Žlutice,Kovářov,rozc.0.3",50.11503422096577,13.178680433124997,KV,CZ
"Žlutice,Štoutov",50.12196179013179,13.185818361248227,KV,CZ
"Žlutice,Mokrá",50.12381193583378,13.218265871559218,KV,CZ
Pšov,50.051972081476436,13.170205472096274,KV,CZ
"Pšov,Borek",50.05537209656493,13.143648167332755,KV,CZ
"Pšov,Borek,rozc.",50.053291849452776,13.14354815580635,KV,CZ
"Pšov,Chlum",50.01827857152937,13.204631299873752,KV,CZ
"Pšov,Chlum,rozc.",50.02299119689936,13.189521719011944,KV,CZ
"Pšov,Kobylé",50.066900875254156,13.177684539436173,KV,CZ
"Pšov,Kobylé,rozc.st.statek 1.0",50.07415045423998,13.183134988573277,KV,CZ
"Pšov,Kolešov,rozc.0.1",50.06924707059744,13.200571953429383,KV,CZ
"Pšov,Močidlec",50.0559045176614,13.22460405976111,KV,CZ
"Pšov,Víska",50.04056792270587,13.227885510841908,KV,CZ
"Pšov,Novosedly",50.03912287412399,13.204187832694418,KV,CZ
"Pšov,rozc.1.0",50.04080922408206,13.1748635036855,KV,CZ
"Pšov,Semtěš,rozc.0.5",50.072629793959415,13.152570819807366,KV,CZ
"Štědrá,Domašín,rozc.1.2",50.02856290996888,13.18298827279012,KV,CZ
"Štědrá,Zbraslav,rozc.",50.04433149899689,13.136981499326144,KV,CZ
"Štědrá,,Zbraslav",50.03625992400853,13.140902241370775,KV,CZ
"Štědrá,žel.st.",50.05047815193302,13.121350290791037,KV,CZ
Štědrá,50.058600474978945,13.113712567466598,KV,CZ
"Štědrá,Prohoř",50.036406415858785,13.104124416347027,KV,CZ
"Štědrá,Lažany",50.062189503614334,13.101756815809944,KV,CZ
"Štědrá,Brložec",50.05976989545499,13.068459059319348,KV,CZ
"Toužim,Nežichov,rozc.",50.01206948213024,13.031835270325315,KV,CZ
"Toužim,Třebouň",50.023212883081335,13.01345416655985,KV,CZ
"Toužim,Komárov",50.0412524575221,13.06479104018018,KV,CZ
"Toužim,Dobrá Voda",49.98929860675436,12.962086044337134,KV,CZ
"Toužim,Bezděkov",50.00714916431271,12.975372354044332,KV,CZ
"Toužim,Prachomety",50.01017224169949,12.948812048259976,KV,CZ
"Toužim,Kosmová",50.03534264774298,12.97392966918876,KV,CZ
"Toužim,hřbitov",50.044288089581386,12.978085785012397,KV,CZ
"Toužim,Kojšovice",50.08199731658156,13.00692214647378,KV,CZ
"Toužim,Radyně",50.063964986708484,13.036911737595425,KV,CZ
"Toužim,Smilov",50.059624128650434,13.053573178150927,KV,CZ
"Toužim,Smilov,žel.st.",50.05014421624874,13.050768732385906,KV,CZ
"Toužim,Políkno",50.04299509876888,13.019326718176337,KV,CZ
"Toužim,Políkno,rozc.",50.03705394108543,12.999004238275562,KV,CZ
"Toužim,háj.",50.04695696417626,12.993919898236863,KV,CZ
"Toužim,aut.st.",50.05606731710972,12.989478008441374,KV,CZ
"Toužim,nám.",50.05971662039925,12.984843795800973,KV,CZ
"Toužim,škola",50.05722943938357,12.990838710755394,KV,CZ
"Toužim,OZAP",50.049214268324654,12.990189458763247,KV,CZ
"Toužim,STS",50.062005858723026,12.993227809238688,KV,CZ
"Toužim,žel.st.",50.05146266734358,12.992595520741517,KV,CZ
"Útvina,Český Chloumek",50.11443847631562,12.94939597180284,KV,CZ
"Útvina,Chylice",50.09069631416616,12.970419040121328,KV,CZ
"Útvina,Přílezy",50.09214288215891,12.941331603250651,KV,CZ
"Útvina,Sedlo",50.05588123144721,12.940929377987379,KV,CZ
Útvina,50.069357254321815,12.95635302528188,KV,CZ
Útvina,50.06915308505892,12.955181682207579,KV,CZ
"Krásné Údolí,Odolenovice",50.082567889079115,12.92249787853976,KV,CZ
Krásné Údolí,50.07274255877004,12.921052434439277,KV,CZ
Otročín,50.032272724065095,12.892075563854565,KV,CZ
"Otročín,žel.st.",50.03855886826965,12.8884235423312,KV,CZ
"Otročín,Poseč",50.03040989441816,12.92120006738218,KV,CZ
"Otročín,Brť",50.04454481170856,12.891539775651653,KV,CZ
"Otročín,Brť,rozc.1.0",50.04577368543327,12.893847505947749,KV,CZ
"Otročín,Měchov,rozc.",50.051275649989385,12.8938557189521,KV,CZ
"Otročín,Měchov",50.05388923888859,12.879594173817923,KV,CZ
"Otročín,Měchov,U Křížů",50.057070183853284,12.8828771892318,KV,CZ
"Karlovy Vary,Bohatice,most",50.237453766796484,12.880724342870911,KV,CZ
"Karlovy Vary,Černý kůň",50.22098589170773,12.890155913788542,KV,CZ
"Karlovy Vary,Dvorský most",50.223313094110395,12.841739008203943,KV,CZ
"Karlovy Vary,Dvory II",50.22660840584304,12.821806148122672,KV,CZ
"Karlovy Vary,Dvory,KÚ",50.21880638735629,12.827051223940645,KV,CZ
"Karlovy Vary,Dvory,OC Varyáda",50.22669345425649,12.839770291180185,KV,CZ
"Karlovy Vary,Dvory,Tesco",50.226112341546184,12.823153740664727,KV,CZ
"Karlovy Vary,,Elektrosvit",50.24457483330279,12.875490384013746,KV,CZ
"Karlovy Vary,Elite",50.23346854208718,12.86222355725382,KV,CZ
"Karlovy Vary,,Fričova",50.23886263649865,12.87016205120582,KV,CZ
"Karlovy Vary,Krátká",50.24197752043109,12.838499100067994,KV,CZ
"Karlovy Vary,Libušina",50.22128504220148,12.888072094038712,KV,CZ
"Karlovy Vary,Libušina",50.22135376011088,12.888671189645645,KV,CZ
"Karlovy Vary,Mattoniho nábř.",50.238826128019,12.888729407779923,KV,CZ
"Karlovy Vary,mlékárna",50.23493145251012,12.876177121716081,KV,CZ
"Karlovy Vary,Motel Gejzírpark",50.21419218473904,12.875884338170597,KV,CZ
"Karlovy Vary,Na Vyhlídce",50.223439513085026,12.889373963333439,KV,CZ
"Karlovy Vary,nem.",50.231547822128,12.875759950942934,KV,CZ
"Karlovy Vary,pivovar",50.234235983994175,12.85371623879641,KV,CZ
"Karlovy Vary,pivovar",50.234048075531184,12.856377726619261,KV,CZ
"Karlovy Vary,Počerny",50.237048577221294,12.808587987844087,KV,CZ
"Karlovy Vary,Prašná",50.23741336190362,12.884327679053046,KV,CZ
"Karlovy Vary,Richmond",50.21689232556315,12.889466219810352,KV,CZ
"Karlovy Vary,rozc. u Koníčka",50.23363253274227,12.84507708393371,KV,CZ
"Karlovy Vary,Sedlec",50.24580071430784,12.8626773192513,KV,CZ
"Karlovy Vary,Sklářská",50.229141113673286,12.836384694984021,KV,CZ
"Karlovy Vary,Stará Role,Letná",50.25343498183835,12.827540205774646,KV,CZ
"Karlovy Vary,Stará Role,Svobodova",50.24248003297593,12.828659019008844,KV,CZ
"Karlovy Vary,Stará Role,u Lékárny",50.245593911577444,12.831282480696416,KV,CZ
"Karlovy Vary,U Zámečku",50.212636629170056,12.82613058794876,KV,CZ
"Karlovy Vary,Svatošská",50.20938252560089,12.826325890390203,KV,CZ
"Karlovy Vary,U Jara",50.22805525435936,12.882008033628958,KV,CZ
"Karlovy Vary,Tržnice",50.23117324173404,12.869786425980914,KV,CZ
"Karlovy Vary,Tržnice",50.231036890923846,12.870113358319662,KV,CZ
"Karlovy Vary,terminál",50.23025916402012,12.86487009272848,KV,CZ
"Březová,hotel Alice",50.20460429005333,12.86907285781738,KV,CZ
"Březová,rest.St.Michael",50.20117315578178,12.869918488658344,KV,CZ
"Březová,rest.Slunce",50.196873647118,12.870378314181409,KV,CZ
"Březová,Pirkenhamer",50.191714226088344,12.864594188806612,KV,CZ
"Březová,Staromlýnská",50.194541330837346,12.866710963165493,KV,CZ
"Kolová,Háje,Senhof",50.18940166317948,12.885474600954261,KV,CZ
"Kolová,Háje",50.18562694080362,12.880517911831495,KV,CZ
"Kolová,Háje",50.18566763006839,12.880889692428596,KV,CZ
"Kolová,ObÚ",50.18758664823503,12.904021365886178,KV,CZ
Kolová,50.18340132638749,12.899510543863668,KV,CZ
"Pila,rozc.",50.17829194241064,12.924202781194202,KV,CZ
"Pila,rest.",50.184821453641575,12.928792224838096,KV,CZ
"Pila,ObÚ",50.181939542629834,12.926289433778926,KV,CZ
"Pila,ObÚ",50.18174716639686,12.9261739230924,KV,CZ
"Pila,továrna",50.17364359599196,12.925821238105232,KV,CZ
Stanovice,50.165291862710625,12.873576432542416,KV,CZ
"Stanovice,Dražov",50.14442711011102,12.886320658662767,KV,CZ
"Stanovice,Hlinky",50.12893578115792,12.888323165096839,KV,CZ
Teplička,50.14977361665044,12.854337230866346,KV,CZ
"Bečov nad Teplou,Krásný Jez",50.12618549852689,12.851193948072028,KV,CZ
"Bečov nad Teplou,Vodná",50.10571845572595,12.84694554230078,KV,CZ
Bečov nad Teplou,50.08854145178221,12.840512395914866,KV,CZ
"Bečov nad Teplou,žel.st.",50.08361298267998,12.831623668372238,KV,CZ
"Bečov nad Teplou,nám.",50.083620455095584,12.838717294488648,KV,CZ
"Nová Ves u Bečova,Starý dvůr",50.08789942632977,12.810117465103618,SO,CZ
Nová Ves u Bečova,50.0836046805813,12.77704591121387,SO,CZ
"Nová Ves u Bečova,Louka",50.05538712506908,12.80886234753023,SO,CZ
"Dalovice,Zálesí",50.257138552106014,12.887557533366065,KV,CZ
"Karlovy Vary,Růžový vrch",50.236021190676354,12.865165123719374,KV,CZ
"Krásno,Dolní Hluboká, rozc.",50.09611297085058,12.833776526464536,SO,CZ
"Vrbice,rozc.2.0",50.16507797451453,13.238978809361463,KV,CZ
"Pšov,Kobylé,roz.2.0",50.07869305266668,13.19431115779899,KV,CZ
"Chodov,polesí",50.07444511365897,12.852385875392207,KV,CZ
"Boží Dar,Klínovec",50.395908772454916,12.96815221951734,KV,CZ
"Karlovy Vary,Stará Role,Okružní",50.238342740241656,12.83818462580378,KV,CZ
"Boží Dar,Klínovec,rozc.",50.402445795270076,12.951370272633111,KV,CZ
"Karlovy Vary,Stará Role,Vančurova",50.24849911268867,12.832905938734946,KV,CZ
"Karlovy Vary,Rybáře,Železniční",50.23542645978118,12.853091986254718,KV,CZ
"Dalovice,Všeborovice",50.244165504396435,12.893739580256506,KV,CZ
"Jenišov,Globus",50.217796771401325,12.806766221422487,KV,CZ
"Ostrov,Dolní Žďár,garáže",50.32349380573346,12.947617743435245,KV,CZ
"Žlutice,servis",50.08896981502073,13.16506680752975,KV,CZ
"Ostrov,Horní Žďár,Vykmanov,rozc.",50.32923306399936,12.94741835805683,KV,CZ
"Březová,hotel Alice",50.20438856984794,12.869107998097755,KV,CZ
"Březová,rest.St.Michael",50.20146153189995,12.86996401315231,KV,CZ
"Březová,Staromlýnská",50.19445916930834,12.86680368790704,KV,CZ
Stanovice,50.16536848577152,12.87353642758958,KV,CZ
"Bochov,Rybničná",50.14203925176192,12.943389907695027,KV,CZ
Kolová,50.18346114419334,12.899311901639472,KV,CZ
Kolová,50.1848924630572,12.90104768646249,KV,CZ
"Kolová,ObÚ",50.18823978017817,12.904708348361867,KV,CZ
"Jenišov,,rozc.",50.223258893253515,12.803918578280028,KV,CZ
Hory,50.21372222011601,12.781663446541216,KV,CZ
"Karlovy Vary,Svatošská",50.20907545791067,12.826374340338747,KV,CZ
Teplička,50.14874446373546,12.854514759766783,KV,CZ
"Bečov nad Teplou,Krásný Jez",50.124803242210795,12.850780484938399,KV,CZ
"Bečov nad Teplou,Vodná",50.10584259246129,12.846888555649473,KV,CZ
"Krásno,Dolní Hluboká, rozc.",50.09605620251572,12.833721246809404,SO,CZ
Bečov nad Teplou,50.08848805710114,12.840691246197288,KV,CZ
"Bečov nad Teplou,žel.st.",50.0836319444462,12.830864916086584,KV,CZ
Nová Ves u Bečova,50.083617441081856,12.776879335872259,SO,CZ
"Toužim,Prachomety",50.00998218893088,12.948428107689228,KV,CZ
"Jenišov,osada,rozc.",50.23839953574923,12.791724576024297,KV,CZ
"Karlovy Vary,Olšová vrata,rozc.",50.21254203905144,12.92016164890485,KV,CZ
"Andělská hora, chaty",50.20720213589673,12.944922572366945,KV,CZ
"Andělská hora,dolní obec",50.20814763048342,12.95541280842288,KV,CZ
"Andělská hora,hor.obec",50.20439148741078,12.961474955259543,KV,CZ
"Andělská Hora,rozc.",50.200412958903726,12.960103397151121,KV,CZ
"Stružná,Žalmanov",50.18706705913993,12.987821858621516,KV,CZ
"Stružná,rozc.0.2",50.179595888524425,13.001923824606198,KV,CZ
"Stružná,Horní Tašovice",50.17170834863199,13.014840958729334,KV,CZ
"Libkovice,rozc.",50.13309132668162,13.26897244908994,LN,CZ
"Libkovice,rozc.",50.132031830772476,13.312656975669256,LN,CZ
"Vrbice,Bošov",50.13553301156188,13.232897661559287,KV,CZ
"Vrbice,Bošov",50.13558763476142,13.233932192688375,KV,CZ
Vrbice,50.149405320980286,13.234583197135168,KV,CZ
"Vrbice,Skřípová",50.135881436492475,13.199628959688196,KV,CZ
"Věrušičky,rozc.",50.13654620139825,13.176243503076174,KV,CZ
"Věrušičky,Budov,rozc.",50.13583745816523,13.15027753411334,KV,CZ
"Verušičky,Hvězda",50.13500923149051,13.119934773556833,KV,CZ
"Verušičky,Záhoří",50.152403759592886,13.136447910392073,KV,CZ
"Bochov,Herstošice",50.142131318907566,13.100153596232257,KV,CZ
"Karlovy Vary,Stará Role,Okružní",50.23804360460433,12.837866529867261,KV,CZ
"Karlovy Vary,Prašná",50.23654669930856,12.883016703777802,KV,CZ
"Karlovy Vary,Mattoniho nábř.",50.239845261915136,12.889704668181455,KV,CZ
"Karlovy Vary,Mattoniho nábř.",50.23993525871092,12.88964402216383,KV,CZ
"Karlovy Vary,Bohatice,most",50.23748014952945,12.880230269003619,KV,CZ
"Karlovy Vary,U Zámečku",50.212644282764465,12.825872239312627,KV,CZ
"Karlovy Vary,Dvorský most",50.22415584499373,12.842672736283353,KV,CZ
"Karlovy Vary,,Fričova",50.23927229396173,12.870676445298974,KV,CZ
"Karlovy Vary,Růžový vrch",50.23588942807184,12.86524877165454,KV,CZ
"Dalovice,,nádr.Dalovice",50.25602529700949,12.885536170187683,KV,CZ
"Bochov,Dlouhá Lomnice",50.15964254331816,12.98686329640621,KV,CZ
"Bochov,Německý Chloumek",50.14479675144839,12.985407658049757,KV,CZ
"Bochov,Číhaná,rozc.",50.143043758173825,12.974302153077737,KV,CZ
"Bochov,Kozlov,rozc.",50.10164382667432,13.024662971160135,KV,CZ
"Bochov,Kozlov",50.1080941649196,13.030738505554917,KV,CZ
"Bochov,Teleč",50.11930072555494,13.049317349063784,KV,CZ
"Bochov,Dlouhá Ves",50.12918000282712,13.047808141363294,KV,CZ
"Bochov,SÚS",50.14893093979779,13.05210980274305,KV,CZ
"Bochov,nám.",50.15037234282814,13.0454872149289,KV,CZ
"Toužim,Kojšovice",50.08207809002464,13.007002360326934,KV,CZ
"Toužim,nám.",50.05989257172514,12.98524269443686,KV,CZ
"Toužim,nám.",50.06030511439262,12.986588468420178,KV,CZ
"Toužim,aut.st.",50.05605086932948,12.990392924675524,KV,CZ
"Toužim,háj.",50.04610844761212,12.992940992377351,KV,CZ
"Toužim,Třebouň",50.02306152767971,13.013602520830377,KV,CZ
"Toužim,Nežichov,rozc.",50.011989665123316,13.031755300108593,KV,CZ
"Bezvěrov,hájenka",50.003455791751676,13.044488980258109,KV,CZ
"Bezvěrov,hájenka",50.00368206052023,13.044315749989483,KV,CZ
"Útvina,Přílezy",50.09192945365081,12.941024693646433,KV,CZ
Krásné Údolí,50.07264758611895,12.921309861155045,KV,CZ
"Toužim,Kosmová",50.03545739870818,12.973930326437374,KV,CZ
"Žlutice,Veselov",50.11992531786256,13.137128590742382,KV,CZ
"Pšov,Močidlec",50.0558703125342,13.224786303540276,KV,CZ
"Pšov,rozc.1.0",50.04076379843006,13.174816137143972,KV,CZ
"Žlutice,žel.st.",50.08556012970108,13.158480135736939,KV,CZ
"Pšov,rozc.1.0",50.05360117133589,13.166022410263034,KV,CZ
"Toužim,STS",50.061759758648094,12.992185737265967,KV,CZ
"Šemnice,Muzikov",50.2435300851505,12.949076280045452,KV,CZ
"Šemnice,most",50.24404747236961,12.968960115679765,KV,CZ
Šemnice,50.23961494578165,12.972233989511434,KV,CZ
"Šemnice,Sedlečko",50.23653566843213,12.958997735700853,KV,CZ
"Kyselka,pošta",50.25991556406497,13.000116663289115,KV,CZ
Kyselka,50.26268254121411,12.99989656360784,KV,CZ
"Kyselka,škola",50.265381358690775,12.99505977125673,KV,CZ
"Kyselka,Radošov,Jednota",50.27191366863194,12.995256640857617,KV,CZ
"Kyselka,Radošov",50.27736057578927,12.993365634923977,KV,CZ
"Velichov,vojenské lesy",50.28151404342856,13.005168336231959,KV,CZ
"Velichov,osada",50.285082836015604,13.002809231315775,KV,CZ
"Vojkovice,Jakšovy domy",50.299337897621,13.017887863906235,KV,CZ
"Krásný Les,Horní hrad,rozc.",50.336838208755246,13.029182615401599,KV,CZ
"Ostrov,Květnová",50.33233556529868,12.98195719922363,KV,CZ
"Stráž n. Ohří,lom",50.33490451928616,13.045129141294632,KV,CZ
Stráž n.Ohří,50.33991271132282,13.053502865775291,KV,CZ
"Stráž n.Ohří,Boč",50.36238959588848,13.083314591541379,KV,CZ
"Stráž n.Ohří,Smilov",50.374348985276484,13.099069492640186,KV,CZ
"Sadov,Bor",50.26455935343475,12.927852630381421,KV,CZ
Dalovice,50.249966044050375,12.893051152714976,KV,CZ
"Dalovice,,nám.",50.247645683943794,12.896727618137712,KV,CZ
"Dalovice,Všeborovice",50.24399861617995,12.893289592406308,KV,CZ
"Pernink,školní louka",50.35953456314575,12.789583180174219,KV,CZ
"Pernink,Rybná,rozc. 1.5",50.3534487751529,12.803075182431003,KV,CZ
"Merklín,Pstruží,rest.",50.34694278522942,12.823749501782181,KV,CZ
"Merklín,Pstruží,Papírny",50.34431390038456,12.829369224868028,KV,CZ
"Merklín,Pstruží,most",50.3413984513915,12.836813213215864,KV,CZ
"Merklín,Pstruží,osada",50.33915665371506,12.844862347141232,KV,CZ
"Merklín,Papírny",50.33672122435023,12.851535300638426,KV,CZ
"Merklín,náves",50.326706065804416,12.862593102007345,KV,CZ
"Merklín,ObÚ",50.32955529639338,12.860175685582195,KV,CZ
"Hroznětín,sušárna",50.318692928251416,12.858852865237463,KV,CZ
"Ostrov,,Zámek",50.30312010275834,12.941452670482699,KV,CZ
"Ostrov,Horní Žďár,hl.brána",50.32675985947614,12.948058106584151,KV,CZ
"Ostrov,Horní Žďár",50.33447549105387,12.942954223204625,KV,CZ
"Ostrov,Horní Žďár,pila",50.34406660630526,12.934829211295956,KV,CZ
"Jáchymov,lázně",50.36152804060578,12.93377805559079,KV,CZ
"Jáchymov,,střed",50.36655669160523,12.920422425338353,KV,CZ
"Jáchymov,radnice",50.371292857366555,12.914210311938714,KV,CZ
"Jáchymov,Mariánská,rozc.",50.387278612536676,12.902617722763306,KV,CZ
"Jáchymov,Mariánská,rozc.Adam",50.36401028040801,12.898991895236966,KV,CZ
"Jáchymov,Mariánská",50.355886577511555,12.893819302428472,KV,CZ
"Jáchymov,Abertamská zatáčka",50.38873700379613,12.90293914935038,KV,CZ
"Jáchymov,Abertamská zatáčka",50.38844324486305,12.902073702744842,KV,CZ
"Jáchymov,Abertamská zatáčka",50.38852595416087,12.90208155147976,KV,CZ
"Boží Dar,u kostela",50.40915389824818,12.92480735136737,KV,CZ
"Abertamy,Barbora",50.37414768546628,12.86370459583686,KV,CZ
"Abertamy,nám.",50.36841614500821,12.817539447260323,KV,CZ
"Pernink,škola",50.365064887972494,12.784026953277086,KV,CZ
"Pernink,rozc.k žel.st.",50.36844684784712,12.78191614015927,KV,CZ
"Horní Blatná,nám.",50.389987699539674,12.770646700775792,KV,CZ
"Horní Blatná,Majakovského",50.38924544014371,12.758060628087664,KV,CZ
"Potůčky,st.hr.",50.42841272887576,12.733903319378904,KV,CZ
"Potůčky,vrty-most",50.41846788343269,12.733234522218721,KV,CZ
Děpoltovice,50.294636798848394,12.814463179993014,KV,CZ
Děpoltovice,50.293537557833936,12.814252162293489,KV,CZ
"Nejdek,Fojtov",50.30116654298334,12.789553288105573,KV,CZ
"Nejdek,sídliště",50.3191686253853,12.742624427818797,KV,CZ
"Nejdek,nám.",50.32533130474403,12.733816290842105,KV,CZ
"Nejdek,aut.st.",50.32096822854093,12.729778531076699,KV,CZ
"Karlovy Vary,,Elektrosvit",50.2446749675662,12.875408593530677,KV,CZ
"Dalovice,Zálesí",50.25713682806305,12.887731673340953,KV,CZ
Sadov,50.26682174038929,12.903230870192475,KV,CZ
"Sadov,Lesov",50.274188749541224,12.91279515230751,KV,CZ
Hájek,50.278379430194455,12.919107411203557,KV,CZ
"Hájek,statek",50.2835954572955,12.926659245520703,KV,CZ
"Ostrov,Větrný Vrch",50.29191571019942,12.938546359101483,KV,CZ
"Ostrov,rest.Růže",50.30106799188108,12.948686604986708,KV,CZ
"Ostrov,,Hornická",50.30204324106891,12.94910699267958,KV,CZ
"Ostrov,Papírny",50.302117007838326,12.963063123992224,KV,CZ
"Ostrov,,poliklinika",50.30748467188619,12.93704722232962,KV,CZ
"Ostrov,Kfely,rest.",50.309670610214,12.926345218952926,KV,CZ
"Ostrov,Kfely,rozc.0,2",50.31009066234053,12.915025663402854,KV,CZ
"Hroznětín,Bystřice",50.312154240108384,12.896291875204314,KV,CZ
"Hroznětín,U Budků",50.30925589751745,12.882675261324676,KV,CZ
"Hroznětín,nám.",50.309630496583374,12.871801028824816,KV,CZ
"Hroznětín,žel.zast.",50.31293310440097,12.862051332445969,KV,CZ
"Hroznětín,Odeř",50.30745369030661,12.840305576502887,KV,CZ
"Hroznětín,Odeř,záv.",50.306080571159946,12.832230125768685,KV,CZ
"Hroznětín,Odeř,farma",50.30354039063727,12.826271075773043,KV,CZ
"Hroznětín,masokombinát",50.30885471572853,12.862226184938336,KV,CZ
"Děpoltovice,rozc.1.0",50.2850096783732,12.808485419012197,KV,CZ
"Nová Role,Mezirolí,rozc.",50.277061691990966,12.814056237513643,KV,CZ
"Nová Role,Mezirolí,rozc.",50.276674292194514,12.815337745338343,KV,CZ
"Nová Role,Mezirolí",50.27201291141356,12.816304922077547,KV,CZ
"Nová Role,obec",50.27268374722568,12.788863823939726,KV,CZ
"Božíčany,KSNP",50.25263198339083,12.767143933055104,KV,CZ
"Hroznětín,Ruprechtov,rozc.",50.29097489965155,12.858464299793498,KV,CZ
"Hroznětín,Velký Rybník",50.28782914511092,12.865798710018952,KV,CZ
"Sadov,Podlesí",50.271925244427194,12.878628597378011,KV,CZ
"Otovice,V březinkách",50.26637988557999,12.875457642295256,KV,CZ
"Otovice,,U pošty",50.25433145171495,12.873673851328425,KV,CZ
"Otovice,Plavírna",50.266319367698415,12.860967982221974,KV,CZ
"Jenišov,,u kompostárny",50.222347144008175,12.806026972824915,KV,CZ
"Jenišov,,u kompostárny",50.22261568061217,12.80565938464281,KV,CZ
"Karlovy Vary,Dvory II",50.22652141131888,12.821848617143065,KV,CZ
"Karlovy Vary,Počerny",50.236304024654835,12.809065825226947,KV,CZ
"Karlovy Vary,Stará Role,Svobodova",50.242650008352015,12.828813532467372,KV,CZ
"Karlovy Vary,Stará Role,Vančurova",50.24842599994218,12.833336320010485,KV,CZ
"Karlovy Vary,Stará Role,Letná",50.25422874325262,12.826595172139442,KV,CZ
"Karlovy Vary,Stará Role,u Lékárny",50.245643773904746,12.83094959996839,KV,CZ
"Karlovy Vary,Krátká",50.24114298651146,12.83898079784524,KV,CZ
"Karlovy Vary,rozc. u Koníčka",50.2334607030207,12.845577875765839,KV,CZ
"Karlovy Vary,Sklářská",50.22910463417505,12.835522849773099,KV,CZ
"Karlovy Vary,Dvory,KÚ",50.2188180157801,12.826981004845152,KV,CZ
"Karlovy Vary,Elite",50.23327278081195,12.863139015563988,KV,CZ
"Karlovy Vary,mlékárna",50.234991694937776,12.875965806229859,KV,CZ
"Karlovy Vary,nem.",50.23140223992686,12.875760959002525,KV,CZ
"Karlovy Vary,U Jara",50.22833651166126,12.882051978037683,KV,CZ
"Karlovy Vary,Na Vyhlídce",50.22334027641918,12.889233306258252,KV,CZ
"Karlovy Vary,Černý kůň",50.22123533407538,12.889689152464962,KV,CZ
"Karlovy Vary,Richmond",50.21678156546576,12.889705370125732,KV,CZ
"Karlovy Vary,Motel Gejzírpark",50.213899120867076,12.875832488899144,KV,CZ
"Karlovy Vary,terminál",50.23006959529218,12.863973110884409,KV,CZ
"Karlovy Vary,terminál",50.23005383073923,12.863213962127231,KV,CZ
"Karlovy Vary,terminál",50.229930635130074,12.863421304455464,KV,CZ
"Karlovy Vary,Sedlec",50.24557149719347,12.860976273986996,KV,CZ
"Březová,rest.Slunce",50.19750710316997,12.871225992492093,KV,CZ
"Chodov,Stará Chodovská",50.25299780764985,12.723895136461287,SO,CZ
"Chodov,Nová Chodovská",50.249347214489866,12.723171533960947,SO,CZ
"Chodov,Chodos",50.247660656532766,12.76026290762479,SO,CZ
"Chodov,aut.st.",50.23837685387393,12.744677916892563,SO,CZ
"Chodov,záv.klub",50.234403438313855,12.747183361847242,SO,CZ
"Chodov,Chranišov,osada",50.23101327898112,12.732123912126072,SO,CZ
"Chodov,IPS",50.228771414709676,12.745646480558005,SO,CZ
"Chodov,sídliště",50.24307484157875,12.744674314606968,SO,CZ
"Chodov,žel.st.",50.231912022867185,12.75419371689747,SO,CZ
"Nové Sedlo,Jalový Dvůr",50.20612758420181,12.767215100218491,KV,CZ
"Nové Sedlo,Loučky,záv.",50.20460440281128,12.752606666349894,SO,CZ
"Nové Sedlo,Loučky",50.20741908338718,12.753662086320487,SO,CZ
"Nové Sedlo,Loučky,rozc.",50.20239936696084,12.74592698583087,SO,CZ
"Nové Sedlo,pošta",50.20875587397519,12.743077623166258,SO,CZ
"Nové Sedlo,kino",50.20719677557749,12.735089219857532,SO,CZ
"Nové Sedlo,Družba",50.21325916583742,12.740762228674464,SO,CZ
"Nové Sedlo,rozc.",50.208352739314364,12.744071607033488,SO,CZ
"Nové Sedlo,Chranišov",50.22136707787591,12.744631199859523,SO,CZ
"Nové Sedlo,Horní Pískovec",50.19936575411367,12.715239066231481,SO,CZ
"Loket,finské domky",50.197547009058205,12.741194452209035,SO,CZ
"Loket,žel.st.",50.19189193065616,12.749400496944638,SO,CZ
"Loket,rozc.Goethe",50.18804592575081,12.756038443214075,SO,CZ
"Loket,Epiag",50.188146872319045,12.759242012457923,SO,CZ
"Loket,předměstí",50.18546871481313,12.76065624058973,SO,CZ
"Loket,Buková",50.18436569346039,12.760872982040572,SO,CZ
"Loket,sokolovna",50.19236641143982,12.752942767862683,SO,CZ
"Loket,Střelecká",50.189729134116504,12.741997457744796,SO,CZ
"Loket,sídliště",50.19223695006729,12.739596789575033,SO,CZ
Loket,50.18834199127647,12.750899911378065,SO,CZ
"Loket,garáže",50.181542501682536,12.76477034195076,SO,CZ
"Loket,Údolí",50.171329702939154,12.773099392065724,SO,CZ
"Loket,Nadlesí,pramen",50.159899367936916,12.750648289496537,SO,CZ
"Loket,Nadlesí",50.15861800805885,12.754987079286604,SO,CZ
"Horní Slavkov,Bošířany,rozc.",50.15263372197312,12.79176466190908,SO,CZ
"Horní Slavkov,Vlčí",50.16111682248034,12.777505666178618,SO,CZ
"Horní Slavkov,porcelánka",50.15817833827747,12.782123248564863,SO,CZ
"Horní Slavkov,nám.",50.140293446115905,12.808513206328005,SO,CZ
"Horní Slavkov,hodinářství",50.138641534989375,12.807110720792023,SO,CZ
"Horní Slavkov,sídliště",50.13662716201391,12.797658157079022,SO,CZ
"Horní Slavkov,Kounice,internát",50.13659518980091,12.813216139399165,SO,CZ
"Horní Slavkov,Kounice",50.135049672916686,12.81747975620005,SO,CZ
"Horní Slavkov,Ležnice,rozc.",50.13554451176223,12.822801174702338,SO,CZ
"Horní Slavkov,záv.3",50.13235730706415,12.803170107584616,SO,CZ
"Horní Slavkov,ÚSNV",50.12818240335915,12.7917655284524,SO,CZ
"Horní Slavkov,Cheza",50.12729187800489,12.789460813368269,SO,CZ
"Horní Slavkov,ústřední dílny",50.12581720835231,12.79669869158028,SO,CZ
"Krásno,rozc.0.3",50.11424132836817,12.792511618869305,SO,CZ
Krásno,50.10952368072918,12.791323406908488,SO,CZ
"Krásno,Háje",50.11503616372302,12.817144136148722,SO,CZ
Tatrovice,50.276890923488075,12.696883711457414,SO,CZ
"Vřesová,ObÚ",50.25875308882312,12.690782508535506,SO,CZ
"Vřesová,kombinát",50.259506660801385,12.697224728107205,SO,CZ
"Vřesová,rozc.0.5",50.26107396146353,12.704191234342154,SO,CZ
"Vintířov,Lipnice,záv",50.232242246398314,12.685021047220848,SO,CZ
"Vintířov,velkolom Jiří",50.23200097588672,12.702119975298428,SO,CZ
"Vintířov,Lipnice,rozvodna",50.22948773075595,12.67084983130388,SO,CZ
"Vintířov,Lipnice,montážní záv.",50.23162242151568,12.693309315199409,SO,CZ
"Vintířov,keramzitka",50.23910258772429,12.712758098474435,SO,CZ
Vintířov,50.23394235257332,12.718251845687066,SO,CZ
"Bublava,Na kopečku",50.37483413481007,12.51289841310237,SO,CZ
"Bublava,rest.Sport",50.37432876285865,12.503319312709898,SO,CZ
"Bublava,statek rozc.",50.36666845798688,12.502116637668946,SO,CZ
"Bublava,nám.",50.36265021887799,12.501640961128002,SO,CZ
"Bublava,rozc.",50.35843132574306,12.506305920863202,SO,CZ
"Stříbrná,I.čs.brigády",50.34897896969651,12.520398964300586,SO,CZ
"Stříbrná,čistírna",50.35259602120976,12.525236080688725,SO,CZ
"Stříbrná,host.U kina",50.35740444279194,12.525978071757633,SO,CZ
Stříbrná,50.36178705828351,12.52379660762623,SO,CZ
"Stříbrná,rozc.Nancy",50.37007053944441,12.521975811082271,SO,CZ
"Kraslice,aut.st.",50.33042074275628,12.503851794380484,SO,CZ
"Kraslice,Amati 02",50.33855585373647,12.506975024659967,SO,CZ
"Kraslice,Čirá",50.29317743173149,12.451248906509903,SO,CZ
"Kraslice,ČSSL",50.3434953763655,12.520102992322984,SO,CZ
"Kraslice,Kostelní",50.30248086810469,12.422912496056075,SO,CZ
"Kraslice,Krajka",50.316068587793765,12.520401894177441,SO,CZ
"Kraslice,Krásná,rozc.",50.32356461599733,12.50626194024198,SO,CZ
"Kraslice,město",50.32916943645854,12.51180096163504,SO,CZ
"Kraslice,Mlýnská,rozc.2.2",50.306362789695484,12.478699255905486,SO,CZ
"Kraslice,Mlýnská",50.28861116441617,12.482754551889547,SO,CZ
"Kraslice,nem.",50.324351073206145,12.516487912310142,SO,CZ
"Kraslice,u Hrdličky",50.32066161998671,12.470462584645087,SO,CZ
"Kraslice,Počátky,škola",50.314523476735936,12.424876307700723,SO,CZ
"Kraslice,rest. U dvou lip",50.335517463753064,12.520514529363453,SO,CZ
"Kraslice,sever",50.3331152030408,12.502738924342887,SO,CZ
"Kraslice,Sněžná,rozc.1.2",50.30940352781324,12.480243218930912,SO,CZ
"Kraslice,Sněžná",50.306311699045295,12.492604286639569,SO,CZ
"Kraslice,Tisová",50.34881407536004,12.510310414502172,SO,CZ
"Kraslice,Wolkerova",50.34288035108624,12.508198149389031,SO,CZ
"Kraslice,Zátiší,rozc.",50.32187036308367,12.4996517849641,SO,CZ
Přebuz,50.36660164455551,12.619624193680988,SO,CZ
"Rotava,Anenské údolí,pila",50.28285607499409,12.545341356255308,SO,CZ
"Rotava,aut.st.",50.294891593440816,12.570498485409319,SO,CZ
"Rotava,lom",50.30202719842155,12.585412716259484,SO,CZ
"Rotava,parlament",50.290349629422515,12.566773202423235,SO,CZ
"Rotava,pož.zbroj.",50.30650986817902,12.560762640714342,SO,CZ
"Rotava,sídliště",50.30428461738684,12.554111295669005,SO,CZ
"Rotava,Smolná,závodiště",50.3085930794564,12.523432318869286,SO,CZ
"Rotava,Smolná",50.30965248471191,12.536358464803554,SO,CZ
"Rotava,Škoda",50.29661877188699,12.573108039694409,SO,CZ
"Rotava,Údolí",50.31170057396158,12.59233541805796,SO,CZ
"Rotava,Zátiší",50.30755483415247,12.550379944376141,SO,CZ
"Šindelová,Krásná Lípa",50.32583412941702,12.609573212753753,SO,CZ
Šindelová,50.317529164318955,12.609605559189058,SO,CZ
"Šindelová,obchod",50.31883680969385,12.603305406527376,SO,CZ
"Šindelová,Obora",50.31704000988075,12.598673236229606,SO,CZ
"Jindřichovice,Smrčina",50.29002169517898,12.612868587842371,SO,CZ
Jindřichovice,50.28162927037852,12.60526835920861,SO,CZ
"Jindřichovice,OSS",50.277141850244256,12.621185010395171,SO,CZ
"Jindřichovice,Mezihorská",50.27249831071421,12.628803643256637,SO,CZ
"Jindřichovice,Háj",50.25222243614489,12.60374106095827,SO,CZ
"Dolní Nivy,Horní Rozmyšl",50.24811530709962,12.661886504822684,SO,CZ
Dolní Nivy,50.24321491653044,12.636992208410218,SO,CZ
"Dolní Nivy,Horní Nivy",50.248036403587946,12.62503692812054,SO,CZ
"Dolní Nivy,Boučí",50.232810637022126,12.592072456848303,SO,CZ
"Lomnice,,lom",50.21502672303106,12.639618541553958,SO,CZ
"Lomnice,OSS",50.2095454883772,12.63402779719107,SO,CZ
"Lomnice,U hřbitova",50.210000212882555,12.628620450408787,SO,CZ
"Krajková,Libnov",50.22908265973234,12.526898708042696,SO,CZ
"Krajková,Leopoldovy Hamry,rozc.",50.221694062844016,12.521206434074347,SO,CZ
"Krajková,sklárna",50.217843313465245,12.53039829759658,SO,CZ
"Krajková,nám.",50.215799467344915,12.538645096358929,SO,CZ
"Krajková,hotel Lípa",50.21380461587045,12.54414570795613,SO,CZ
"Krajková,Hřebeny,rozc.",50.21366993344905,12.574999204958472,SO,CZ
"Krajková,Květná",50.204361102359755,12.516611984928785,SO,CZ
"Krajková,Anenská Ves",50.20523080851466,12.551262578986753,SO,CZ
"Krajková,Anenská Ves,rest.",50.20162026998505,12.55375996689856,SO,CZ
"Královské Poříčí,sídliště",50.1947539106102,12.679922087288734,SO,CZ
"Královské Poříčí,kino",50.18771285455829,12.674630678072736,SO,CZ
Josefov,50.20960515859761,12.580414219520325,SO,CZ
"Josefov,rozc.1.0",50.19943463047812,12.592096872650414,SO,CZ
"Josefov,Radvanov,rozc. III/21030",50.20557329286236,12.585806106372393,SO,CZ
"Josefov,Radvanov,rozc. III/21233",50.197921115405656,12.583622226845328,SO,CZ
Lítov,50.1714903549219,12.518491125301122,SO,CZ
"Kaceřov,rozc.1.3",50.150762056370375,12.509914881315803,SO,CZ
Kaceřov,50.14714865324765,12.508346802109916,SO,CZ
"Kaceřov,Horní Pochlovice",50.13827462544104,12.513230089693034,SO,CZ
"Oloví,rest.",50.25507154479629,12.55858682220485,SO,CZ
"Oloví,Studenec,škola",50.24712633295269,12.529124150315564,SO,CZ
"Oloví,Studenec",50.25540115705093,12.534320863104034,SO,CZ
"Svatava,rozc.",50.19062292817879,12.633764386056077,SO,CZ
"Svatava,Na špici",50.19467715476136,12.605291491898264,SO,CZ
"Svatava,důl PS",50.19310970918414,12.616603290919041,SO,CZ
"Svatava,škola",50.19028718900684,12.626747061929024,SO,CZ
Dukla  7464,50.17132206545084,12.558901733159198,SO,CZ
"Habartov,aut.st.",50.18245562212643,12.547829032585822,SO,CZ
"Habartov,Čistá",50.19327207023252,12.579554215574936,SO,CZ
"Habartov,Hornická",50.18566523648259,12.562092101074061,SO,CZ
"Habartov,Kluč,MŠ",50.18998409647276,12.563095802837411,SO,CZ
"Habartov,Kluč",50.18877759485623,12.569115639081085,SO,CZ
"Habartov,Na Rovince",50.17843317036172,12.529118949381331,SO,CZ
"Habartov,Úžlabí",50.18103727547885,12.537790656894295,SO,CZ
"Habartov,sídliště",50.183758895630845,12.555151989425541,SO,CZ
"Habartov,škola",50.180193203972436,12.549973643744938,SO,CZ
Chlum sv. Maří,50.152019387795406,12.532021599227297,SO,CZ
"Dasnice,rozc.",50.162014904911885,12.557954574653463,SO,CZ
Dasnice,50.14668050679039,12.568007661231453,SO,CZ
"Citice,Hlavno",50.149771582034255,12.598131494914554,SO,CZ
Citice,50.15959368478893,12.609527616535736,SO,CZ
"Citice,důl PS",50.160858319636965,12.618790944257457,SO,CZ
"Citice,viadukt",50.16154902404096,12.623575414077266,SO,CZ
"Tisová,ETI",50.15293955038727,12.609921906497389,SO,CZ
"Tisová,Černý mlýn",50.14391222542076,12.602780520037669,SO,CZ
"Kynšperk nad Ohří,Zlatá",50.10863770420147,12.560662617110367,SO,CZ
"Kynšperk nad Ohří,Zlatá",50.1085242843442,12.560205990375174,SO,CZ
"Kynšperk nad Ohří,Kolová",50.11457109224066,12.552910190324145,SO,CZ
"Kynšperk nad Ohří,Zlatá,obec",50.105579192541924,12.559825281796938,SO,CZ
"Kynšperk nad Ohří,Kamenný dvůr",50.10376800893657,12.534299528391333,SO,CZ
"Kynšperk nad Ohří,Kamenný dvůr",50.10544996215908,12.533832121024119,SO,CZ
"Kynšperk nad Ohří,aut.st.",50.11791464874859,12.530785582124961,SO,CZ
"Kynšperk nad Ohří,nám",50.11824156600694,12.5316555418952,SO,CZ
"Kynšperk nad Ohří,nám.",50.118429014137,12.531921965995096,SO,CZ
"Kynšperk nad Ohří,Technomat",50.12414365399893,12.531167076434624,SO,CZ
"Kynšperk nad Ohří,Pochlovice",50.12647898248919,12.524628204819717,SO,CZ
"Kynšperk nad Ohří,Pochlovice,škola",50.12561949127821,12.522581873673753,SO,CZ
"Kynšperk nad Ohří,Dom.důch.",50.12685591917997,12.51696654578418,SO,CZ
"Kynšperk nad Ohří,Liboc",50.120697810494306,12.51638997494055,SO,CZ
"Kynšperk nad Ohří,Chotíkov",50.119700599062334,12.504658746706063,SO,CZ
"Březová,Arnoltov",50.12503687978336,12.590328897187861,SO,CZ
"Březová,Mýtina,rozc.",50.14258252613321,12.61816911590239,SO,CZ
"Březová,aut.st.",50.148947538358975,12.64748477835783,SO,CZ
"Březová,Kamenice,trafo",50.131580428307785,12.647285814758733,SO,CZ
"Březová,Rudolec",50.13349406654078,12.61590261005389,SO,CZ
"Březová,Kostelní Bříza",50.116513944982955,12.622496488865783,SO,CZ
Rovná,50.103051788676304,12.667161625005983,SO,CZ
"Rovná,Bystřina,rozc.",50.10884019870727,12.636345850564112,SO,CZ
Libavské Údolí,50.13033023903621,12.552225247847973,SO,CZ
Šabina,50.13438338674153,12.580175978489523,SO,CZ
Bukovany,50.16623600240869,12.571956019145725,SO,CZ
"Bukovany,sídliště",50.165306848281055,12.577842489892095,SO,CZ
"Staré Sedlo,motel,rozc.",50.178857696013026,12.699825330369029,SO,CZ
Staré Sedlo,50.18243773095253,12.721898685885966,SO,CZ
"Staré Sedlo,lanovka",50.18057593992009,12.713491187892002,SO,CZ
"Sokolov,,Terminál",50.185846171576365,12.643854033320261,SO,CZ
"Sokolov,banka",50.177042083922316,12.64784592032767,SO,CZ
"Sokolov,Cheza",50.18087247205381,12.667291293225254,SO,CZ
"Sokolov,Tovární",50.180345107216745,12.66188978118822,SO,CZ
"Sokolov,poliklinika",50.177661416671675,12.642608264622432,SO,CZ
"Sokolov,SJF dopravní hříště",50.17648385735067,12.664169185064486,SO,CZ
"Sokolov,Sokolovské strojírny",50.172500256859635,12.638586097001449,SO,CZ
"Sokolov,Stará ovčárna",50.16652916409824,12.667117935955662,SO,CZ
"Sokolov,Těšovice",50.177242635984484,12.669668025356941,SO,CZ
"Sokolov,Závodu míru",50.172730495015855,12.663556086519415,SO,CZ
"Dolní Rychnov,Sklotas",50.16121365486644,12.63613682971736,SO,CZ
"Dolní Rychnov,BS",50.165950161323906,12.637182977955755,SO,CZ
Mírová,50.2381244862974,12.769210295687401,KV,CZ
"Mírová, rozc. Jimlíkov",50.239648563740985,12.77560997221676,KV,CZ
"Kraslice,Počátky",50.31594134181516,12.438638660787037,SO,CZ
"Rotava,Smolná,rozc.0.6",50.30441084259202,12.520799626598857,SO,CZ
"Kynšperk nad Ohří,Kamenný dvůr",50.103911259180315,12.534386146751293,SO,CZ
"Kynšperk nad Ohří,Kamenný dvůr",50.105180546477385,12.533530422962631,SO,CZ
"Kynšperk nad Ohří,Technomat",50.124121826126014,12.530993142274838,SO,CZ
"Kynšperk nad Ohří,Pochlovice",50.12655029193486,12.524629062925634,SO,CZ
"Kynšperk nad Ohří,Dom.důch.",50.12695709067617,12.51682260767629,SO,CZ
"Kaceřov,Horní Pochlovice",50.13844434950309,12.513231415377268,SO,CZ
Kaceřov,50.14707555021319,12.508229722605279,SO,CZ
Kaceřov,50.152037437224195,12.532398193488628,SO,CZ
"Dasnice,rozc.",50.16185983264996,12.557811062905138,SO,CZ
"Bukovany,sídliště",50.16525474671057,12.57843945717735,SO,CZ
Citice,50.15971761980311,12.61080011834194,SO,CZ
"Sokolov,Sokolovské strojírny",50.17235853900467,12.638364718028514,SO,CZ
"Dolní Rychnov,BS",50.16544211837167,12.636850207754327,SO,CZ
"Citice,viadukt",50.16170951826555,12.623494452049487,SO,CZ
"Citice,důl PS",50.16090628392667,12.618549092557673,SO,CZ
"Tisová,ETI",50.15280047491261,12.61000855582946,SO,CZ
"Tisová,ETI",50.143926125221384,12.602551204956766,SO,CZ
Šabina,50.134956500809345,12.581895550558446,SO,CZ
Šabina,50.13017744025335,12.552460287466518,SO,CZ
"Kynšperk nad Ohří,Pochlovice,škola",50.12564940595876,12.522707717585698,SO,CZ
"Kynšperk nad Ohří,Liboc",50.12077179385138,12.516238464743894,SO,CZ
"Nové Sedlo,Jalový Dvůr",50.20631304906143,12.767265890894864,KV,CZ
"Loket,sokolovna",50.192338346892335,12.753075886222932,SO,CZ
"Loket,Epiag",50.18791083045046,12.759242837438649,SO,CZ
"Loket,Buková",50.18439957179586,12.761076926510162,SO,CZ
"Loket,garáže",50.18219737169574,12.764625815602646,SO,CZ
"Loket,Údolí",50.17115459690543,12.773355850442769,SO,CZ
"Horní Slavkov,Vlčí",50.16169015453421,12.776990998655984,SO,CZ
"Horní Slavkov,porcelánka",50.15829962063301,12.78210250787195,SO,CZ
"Horní Slavkov,Kounice,internát",50.13591815462951,12.814091021712585,SO,CZ
"Horní Slavkov,ÚSNV",50.12812678272392,12.791766851376764,SO,CZ
"Horní Slavkov,záv.3",50.1323388762203,12.80330935509848,SO,CZ
"Horní Slavkov,záv.3",50.12580881918931,12.796489370486109,SO,CZ
"Krásno,rozc.0.3",50.11317285892201,12.792428881250146,SO,CZ
"Nové Sedlo,Loučky,záv.",50.20483062161166,12.753431362601738,SO,CZ
"Nové Sedlo,Loučky,rozc.",50.202437638044934,12.7457956375329,SO,CZ
"Loket,finské domky",50.19743713367273,12.741041474518763,SO,CZ
"Loket,žel.st.",50.19086890048363,12.751357588794376,SO,CZ
Loket,50.18857453149931,12.750961144538053,SO,CZ
"Loket,Střelecká",50.18979153400607,12.740044509410748,SO,CZ
Staré Sedlo,50.181957655009334,12.720192684991686,SO,CZ
"Staré Sedlo,motel,rozc.",50.17892429622851,12.70099131907882,SO,CZ
"Staré Sedlo,lanovka",50.1805167967698,12.712352208780404,SO,CZ
"Sokolov,Těšovice",50.1767037423568,12.67097863777373,SO,CZ
"Sokolov,Stará ovčárna",50.16668831253362,12.666312843733229,SO,CZ
"Sokolov,Závodu míru",50.17126103282544,12.663439299280569,SO,CZ
"Sokolov,SJF dopravní hříště",50.17633944437754,12.664177963713374,SO,CZ
"Sokolov,banka",50.176615221741926,12.64863680625821,SO,CZ
"Sokolov,poliklinika",50.176153648104645,12.641535445012183,SO,CZ
"Březová, U lesoparku",50.1502746842791,12.637086555525483,SO,CZ
"Březová, U lesoparku",50.15037656268975,12.63716274383562,SO,CZ
"Březová,Mýtina,rozc.",50.142540979483954,12.619493661022888,SO,CZ
"Březová,Rudolec",50.13320194556425,12.615554762289987,SO,CZ
"Březová,Kostelní Bříza",50.11653741444599,12.622189269788617,SO,CZ
"Rovná,Bystřina,rozc.",50.10860939482744,12.63684680873871,SO,CZ
"Královské Poříčí,kino",50.18792076968692,12.674801266131709,SO,CZ
"Královské Poříčí,sídliště",50.19496844225723,12.679910151931729,SO,CZ
"Nové Sedlo,Horní Pískovec",50.1995130522635,12.717619091268851,SO,CZ
"Nové Sedlo,pošta",50.20864657937894,12.743062762366826,SO,CZ
"Nové Sedlo,rozc.",50.208616173830144,12.744956791184004,SO,CZ
"Nové Sedlo,rozc.",50.207533950568276,12.744545432717,SO,CZ
"Nové Sedlo,Loučky",50.20740624852199,12.75345879388508,SO,CZ
"Nové Sedlo,Chranišov",50.22114866237434,12.744309971997069,SO,CZ
"Chodov,IPS",50.22839013075283,12.74553730709304,SO,CZ
"Chodov,záv.klub",50.23394563800237,12.746970735891518,SO,CZ
"Chodov,záv.klub",50.233470896685496,12.745868543046146,SO,CZ
"Chodov,Chranišov,osada",50.231180791652484,12.7315379029498,SO,CZ
Vintířov,50.233472334274346,12.716270068919572,SO,CZ
"Vintířov,keramzitka",50.239570090584735,12.712488763489247,SO,CZ
"Chodov,Stará Chodovská",50.252361425954845,12.72394352866662,SO,CZ
"Chodov,Stará Chodovská",50.252831500625,12.724376725215802,SO,CZ
"Chodov,Chodos",50.24784428039297,12.760122933172068,SO,CZ
"Chodov,aut.st.",50.23850963528974,12.74354135569579,SO,CZ
"Chodov,sídliště",50.24330935387042,12.744324420992667,SO,CZ
Mírová,50.23790095389957,12.768767606075563,KV,CZ
"Mírová, rozc. Jimlíkov",50.239602406245154,12.775861977335708,KV,CZ
"Vintířov,velkolom Jiří",50.2325645036555,12.70324800618531,SO,CZ
"Vintířov,velkolom Jiří",50.23259945251215,12.703024972618367,SO,CZ
"Vintířov,velkolom Jiří",50.23252924373853,12.702651723638462,SO,CZ
"Vintířov,Lipnice,montážní záv.",50.231457948245165,12.693452909120422,SO,CZ
"Lomnice,,lom",50.21598800014076,12.640929560799,SO,CZ
"Lomnice,OSS",50.209563964206346,12.634238525362148,SO,CZ
"Lomnice,U hřbitova",50.20989769509083,12.628333357708716,SO,CZ
"Svatava,rozc.",50.19074892059117,12.633883317601114,SO,CZ
"Svatava,důl PS",50.192928105652115,12.616452521263806,SO,CZ
"Svatava,Na špici",50.19460438480967,12.605454318441284,SO,CZ
"Habartov,Čistá",50.19327876975757,12.579835172363776,SO,CZ
"Habartov,Kluč",50.18935011979563,12.569181880773826,SO,CZ
"Habartov,Kluč",50.189397075891755,12.569199817682431,SO,CZ
"Habartov,Kluč",50.188811296076885,12.568995636556155,SO,CZ
"Habartov,sídliště",50.183696790832194,12.55524914186797,SO,CZ
Dukla  7464,50.17085091254202,12.558831371064597,SO,CZ
"Kaceřov,rozc.1.3",50.150822824175194,12.50983924135472,SO,CZ
Lítov,50.17153435776378,12.518745429250139,SO,CZ
"Habartov,Na Rovince",50.17824614596945,12.528778893178682,SO,CZ
"Habartov,Úžlabí",50.18098969014596,12.53781825519585,SO,CZ
"Habartov,Kluč,MŠ",50.18995380329515,12.56299293365837,SO,CZ
"Krajková,Anenská Ves,rest.",50.20153385275246,12.5537214075735,SO,CZ
"Krajková,Anenská Ves",50.205323989173934,12.551291427482061,SO,CZ
"Krajková,hotel Lípa",50.21376099152629,12.544081327072941,SO,CZ
"Krajková,nám.",50.21590942063157,12.538355376962173,SO,CZ
"Krajková,sklárna",50.21778633296398,12.530356415343826,SO,CZ
"Krajková,Leopoldovy Hamry,rozc.",50.221673596131566,12.521120015715239,SO,CZ
Josefov,50.20973689518044,12.580366338685096,SO,CZ
"Dolní Nivy,Boučí",50.233171063969856,12.592539758720083,SO,CZ
Dolní Nivy,50.242910788953175,12.637315341830687,SO,CZ
"Jindřichovice,Mezihorská",50.272451959487825,12.628744303544819,SO,CZ
"Jindřichovice,OSS",50.276907784105646,12.621396821688293,SO,CZ
"Kraslice,Krajka",50.31537671098624,12.520518429426131,SO,CZ
"Kraslice, Polesí",50.32368058773953,12.49166603108829,SO,CZ
"Kraslice,škola",50.331914911902246,12.516580252856604,SO,CZ
"Kraslice,Tisová",50.348806161866435,12.510506086550842,SO,CZ
"Kraslice,sever",50.333122659273286,12.503228438983205,SO,CZ
"Rotava,pož.zbroj.",50.30666802117886,12.560098611635183,SO,CZ
"Rotava,Zátiší",50.30719408585118,12.550652987043525,SO,CZ
"Rotava,sídliště",50.30397188971319,12.554305749636951,SO,CZ
"Rotava,lom",50.30236059332859,12.585640930779721,SO,CZ
"Vřesová,rozc.0.5",50.261831414284806,12.704618646701851,SO,CZ
"Vřesová,rozc.0.5",50.261090956304734,12.706300234795107,SO,CZ
"Sokolov,Tovární",50.180358084717156,12.662137901864828,SO,CZ
"Nové Sedlo,kino",50.20614197256061,12.734439187109345,SO,CZ
"Nové Sedlo,rozc.",50.20807660693647,12.745996458313913,SO,CZ
"Krásno,,záv.Ďuriš",50.118420840948545,12.802065917731818,SO,CZ
"Chodová Planá,Dolní Kramolín,rozc.",49.91103733411971,12.739252449865829,TC,CZ
"Dolní Žandov,Podlesí",50.044339382344695,12.563012970121553,CH,CZ
"Dolní Žandov,Manský Dvůr",50.03518524690099,12.532985800777622,CH,CZ
Dolní Žandov,50.01926151103337,12.549948295777375,CH,CZ
"Dolní Žandov,návrší",50.016266313625394,12.556867903019347,CH,CZ
"Lipová,Doubrava",50.021325552698706,12.453892085229219,CH,CZ
"Lipová,Dolní Lipina",50.03772895349227,12.433422692537178,CH,CZ
Luby,50.252672472366235,12.405853990096862,CH,CZ
"Nový Kostel,Božetín,rozc.",50.22996254920225,12.418431114167028,CH,CZ
"Cheb,Skalka nádrž",50.09362157515502,12.338159458733314,CH,CZ
"Františkovy Lázně,Krapice,Lužná",50.11032963342503,12.304930678792665,CH,CZ
"Skalná,Starý Rybník,návrší",50.161376615826626,12.347685675575136,CH,CZ
"Nový Kostel,Spálená",50.21651092196196,12.437949701244287,CH,CZ
"Nový Kostel,Hrzín,rozc.",50.2167276970405,12.42572780293538,CH,CZ
Křižovatka,50.19559351196566,12.391553202591933,CH,CZ
Nový Kostel,50.215986179906444,12.446076866087852,CH,CZ
"Františkovy Lázně,Horní Lomany",50.13013063246348,12.345109560537454,CH,CZ
"Skalná,Starý Rybník",50.1627538545166,12.353233855182554,CH,CZ
"Cheb,,plynárna",50.082455572588145,12.374844480149829,CH,CZ
"Františkovy Lázně,Horní Lomany,škola",50.13078230093012,12.342779469232157,CH,CZ
"Cheb,,Zlatý vrch",50.09099496687941,12.370637828500815,CH,CZ
"Františkovy Lázně,Slatina,záv.",50.10803211168108,12.356720173562044,CH,CZ
"Cheb,Střížov",50.10585555019445,12.365149435295525,CH,CZ
"Františkovy Lázně,Dolní Lomany",50.12492101112754,12.340237822556169,CH,CZ
"Nový Kostel,žel.zast.",50.221825446159315,12.42131892817054,CH,CZ
"Nový Kostel,Božetín,rozc.",50.229010049623845,12.417635078257003,CH,CZ
"Plesná,Lomnička",50.22398758682977,12.380379518962886,CH,CZ
"Skalná, zdrav.stř.",50.16828579040827,12.364153399615779,CH,CZ
"Františkovy Lázně,Žírovice,Seníky",50.146177309730255,12.339671895005631,CH,CZ
"Křižovatka, Nová Ves",50.177759453552554,12.418853368967998,CH,CZ
Skalná,50.17139404481418,12.361468711733977,CH,CZ
"Velký Luh,pískovna",50.20876838690557,12.367294413584572,CH,CZ
"Skalná,rest.",50.17181688583317,12.36727055284203,CH,CZ
"Velký Luh,žel.st.",50.20350034624872,12.372075319985514,CH,CZ
Plesná,50.22047694155314,12.347591951504779,CH,CZ
Velký Luh,50.19915392150579,12.372620921660383,CH,CZ
"Františkovy Lázně,Elektra",50.125705949347854,12.346748698176022,CH,CZ
"Plesná,Sibiř",50.22170195155266,12.354540906707244,CH,CZ
"Plesná,Smrčina",50.23213620857902,12.369331879953496,CH,CZ
"Františkovy Lázně,Dolní Lomany,sídliště",50.126887442835404,12.341136782431574,CH,CZ
"Plesná,Šneky",50.215489831318244,12.351698294725256,CH,CZ
"Františkovy Lázně,městské sady",50.12096236669076,12.349093130780108,CH,CZ
"Františkovy Lázně,Slatina",50.111176812889035,12.353196574792292,CH,CZ
"Františkovy Lázně,Čs. armády",50.124006531195725,12.349434701560305,CH,CZ
"Františkovy Lázně,žel.st.",50.12424639667779,12.354877930592167,CH,CZ
"Plesná,Vackov",50.23561257377708,12.380096601561535,CH,CZ
"Luby,školka",50.24897773951088,12.410498008448588,CH,CZ
"Luby,Dolní Luby",50.240187755744834,12.413894732117383,CH,CZ
"Aš,,Chebská",50.21127730054991,12.202854584969495,CH,CZ
"Aš,Doubrava",50.260750393402795,12.239814124782702,CH,CZ
"Aš,,žel.st.",50.209382764963465,12.199512745450388,CH,CZ
"Aš,,žel.st.město",50.219342940141566,12.1835541545162,CH,CZ
"Aš,,garáže",50.22974322644347,12.185868540056763,CH,CZ
"Aš,,hřbitov,,točna",50.22561344842574,12.207116014075263,CH,CZ
"Aš,,Janáčkova křiž.",50.22065128823736,12.198045755224307,CH,CZ
"Aš,,kino",50.22121364031115,12.189353928680621,CH,CZ
"Aš,Kopaniny",50.26037937193032,12.228004300875778,CH,CZ
"Aš,Kopaniny,rest.",50.258715040637654,12.22216051106855,CH,CZ
"Aš,,Kvapilova potraviny",50.224515783485785,12.178231926455588,CH,CZ
"Aš,Mokřiny",50.20475822137698,12.208235883955945,CH,CZ
"Aš,Nebesa",50.19736085357017,12.229183902398944,CH,CZ
"Aš,,nem.",50.22405547892262,12.20264253994109,CH,CZ
"Aš,,Nemocniční sídl.",50.22312983353845,12.19803905676974,CH,CZ
"Aš,Nový Žďár",50.19555992563934,12.215722799053744,CH,CZ
"Aš,,Palackého",50.213698091876196,12.197695296261854,CH,CZ
"Aš,,přádelna Okružní",50.21653148682879,12.187721816465938,CH,CZ
"Aš,,rozc.slévárna",50.22875187430606,12.178475911722225,CH,CZ
"Aš,Saská",50.23321872019752,12.186166847019777,CH,CZ
"Aš,,sídliště",50.22479742044345,12.186351224390975,CH,CZ
"Aš,,st.hr. CLO",50.21395807880567,12.171196561744893,CH,CZ
"Aš,,Studentská",50.22823170409551,12.184022812590351,CH,CZ
"Aš,Tosta ředitelství",50.21918966463345,12.194470131639033,CH,CZ
"Aš,,ZŠ Okružní",50.221384852548,12.179648142521621,CH,CZ
"Aš,,ZDM",50.21614637314713,12.194750867088418,CH,CZ
"Cheb,2.ZŠ",50.07500474770021,12.36952681200978,CH,CZ
"Cheb,6.ZŠ",50.07277553316723,12.375695911210691,CH,CZ
"Cheb,,aut.nádr.",50.07450347399068,12.379643207687618,CH,CZ
"Cheb,Bříza",50.09814649451409,12.28246787759594,CH,CZ
"Cheb,Chvoječná",50.10374513340553,12.430155007674472,CH,CZ
"Cheb,Dolní Dvory",50.08497691006712,12.41597474834174,CH,CZ
"Cheb,,Pražská TESCO",50.08161344571759,12.379322809610454,CH,CZ
"Cheb,Havlíčkova",50.083657626817455,12.368131170290262,CH,CZ
"Cheb,Maškov",50.07607055788522,12.391711534003615,CH,CZ
"Cheb,Hroznatov,cihelna",50.033269756547604,12.415255774143269,CH,CZ
"Cheb,,Křiž.",50.077013192659464,12.374877026034433,CH,CZ
"Cheb,Klest",50.10325636234417,12.324914203984315,CH,CZ
"Cheb,Komorní Dvůr",50.09881892286863,12.34019828669447,CH,CZ
"Cheb,Loužek",50.10464105178164,12.451118507771161,CH,CZ
"Cheb,městské sady",50.075481150168436,12.36822650491509,CH,CZ
"Cheb,,pivovar",50.077453327724655,12.380101515003068,CH,CZ
"Cheb,Podhrad,Všeboř,rozc.",50.04181534062043,12.404777978241073,CH,CZ
"Cheb,Prefa",50.064296298138245,12.386203608666703,CH,CZ
"Cheb,,ČSAD",50.085269304148326,12.399818515636264,CH,CZ
"Cheb,Sokolovské strojírny",50.06804282461422,12.387231970299224,CH,CZ
"Cheb,Tyršova",50.08928733852907,12.366314248221594,CH,CZ
"Cheb,Švédský vrch",50.073155177368484,12.38753293622373,CH,CZ
"Cheb,Zemědělské stavby",50.08518363242913,12.405770293909821,CH,CZ
"Dolní Žandov,rozc.",50.02198138554352,12.548770110238358,CH,CZ
"Františkovy Lázně,V aleji",50.12433669493062,12.367120577344833,CH,CZ
Hazlov,50.1568735526082,12.2759633831422,CH,CZ
"Hazlov,,žel.st.",50.16087256462658,12.279243129953313,CH,CZ
"Hazlov,Lipná,rozc.",50.17060351993162,12.261499578444393,CH,CZ
"Hazlov,,Pata",50.18309334136426,12.245242055873309,CH,CZ
"Hazlov,,přejezd",50.16239297022583,12.270361211449025,CH,CZ
"Hazlov,Polná,Franky",50.14796244494799,12.252476638759692,CH,CZ
"Hazlov,Skalka",50.17580631055344,12.268570131212414,CH,CZ
"Hazlov,Výhledy",50.18965923674057,12.268336322657952,CH,CZ
"Hranice,,hotel Praha",50.306381668218854,12.176468813594978,CH,CZ
"Hranice,,návrší",50.297811758495335,12.171647231291884,CH,CZ
"Hranice,Pastviny,domky",50.278673641927625,12.1642422396406,CH,CZ
"Hranice,,rozc.",50.30203705324436,12.175592025155494,CH,CZ
"Hranice,,rybník",50.28461848337837,12.158990626149766,CH,CZ
"Hranice,Studánka,záv.",50.27875311883858,12.17346340002067,CH,CZ
"Hranice,Trojmezí,Výhledy",50.30941193040207,12.16473826185785,CH,CZ
"Hranice,,vodárna",50.29070424054677,12.16709721550979,CH,CZ
Hůrka,50.12413981219835,12.25830204477079,CH,CZ
Krásná,50.232844453929154,12.173394176756254,CH,CZ
"Krásná,,rozc.",50.23858521707124,12.185522547142563,CH,CZ
"Krásná,,slévarna",50.23092476900856,12.175722269523245,CH,CZ
"Krásná,Štítary",50.242586064089124,12.151727473674855,CH,CZ
"Krásná,Větrov",50.245851010711654,12.182618541281858,CH,CZ
"Libá,garáže",50.12513866901079,12.238075851001062,CH,CZ
"Libá,nám.",50.12853041119187,12.230816800103213,CH,CZ
"Libá,Tosta",50.131796834125616,12.235275760930037,CH,CZ
Lipová,50.036479685958774,12.448632434368916,CH,CZ
"Lipová,Dolní Lipina,Horní Lindov",50.021007749582,12.419620579503583,CH,CZ
"Lipová,Doubrava,žel.st.",50.029339070150144,12.457331080409467,CH,CZ
"Lipová,Horní Lažany",50.02841199098443,12.477461555367102,CH,CZ
"Lipová,Mýtina,Kozly",50.0139635114128,12.423202693027157,CH,CZ
"Lipová,Palič",50.0103260766893,12.479506285115319,CH,CZ
Milhostov,50.15675088139298,12.452596170826524,CH,CZ
"Milhostov,Hluboká",50.16888269397113,12.487751904923446,CH,CZ
"Milhostov,Vackovec",50.139170586909046,12.45973350167717,CH,CZ
Milíkov,50.05594998264134,12.54758281778209,CH,CZ
"Milíkov,Malá Šitboř, rozc.",50.0579673681615,12.54005373418266,CH,CZ
"Milíkov,Mokřina",50.079037617863484,12.53734618564659,CH,CZ
"Milíkov,Těšov",50.07109856671804,12.539091696897804,CH,CZ
"Milíkov,Velká Šitboř",50.057524423094705,12.525880044713904,CH,CZ
Nebanice,50.11570057922499,12.474529078043338,CH,CZ
"Nebanice,Hartoušov",50.134604631827706,12.469559233762286,CH,CZ
"Nebanice,Hněvín",50.12864789247979,12.45287549630001,CH,CZ
"Nebanice,vodárna",50.10653890763705,12.476714171193027,CH,CZ
Odrava,50.10294287931732,12.483251199602433,CH,CZ
"Odrava,Obilná",50.09880266538943,12.472617790570544,CH,CZ
"Odrava,Potočiště,rozc.",50.08485500101956,12.44341186865191,CH,CZ
Okrouhlá,50.06397352627191,12.485010232260617,CH,CZ
"Okrouhlá,Jesenice,rozc.",50.079333578384094,12.491691498691514,CH,CZ
"Okrouhlá,rozc.",50.06554554728331,12.490110864240696,CH,CZ
"Planá u Mariánských Lázní,aut.st.",49.86828497033493,12.74613875298247,TC,CZ
"Planá u Mariánských Lázní,Luční",49.87403857770033,12.73545641955132,TC,CZ
Podhradí,50.25494174767922,12.201320518533647,CH,CZ
"Podhradí,,Marak",50.24492157541439,12.191525750733575,CH,CZ
"Podhradí,Smrčina,drůbežárna",50.256655696197036,12.17854122181544,CH,CZ
"Pomezí n.Ohří,st.hr. CLO",50.0863784370574,12.252355289349648,,CZ
Poustka,50.14021535496155,12.29884185128554,CH,CZ
"Poustka,Ostroh,rozc.",50.12286441296145,12.275528315766943,CH,CZ
"Poustka,rozc.",50.14497205020616,12.301533727605216,CH,CZ
Třebeň,50.12844562145029,12.39964211463899,CH,CZ
"Třebeň,Dvorek",50.13532742899962,12.407930193335922,CH,CZ
"Třebeň,Horní Ves",50.12617950679873,12.376895299796514,CH,CZ
"Třebeň,Lesinka,rozc.",50.124384134759666,12.421939175999452,CH,CZ
"Třebeň,Nový Drahov",50.137488724079155,12.391886631146823,CH,CZ
Tuřany,50.083493437764915,12.52199169233088,CH,CZ
"Tuřany,Lipoltov",50.08727830037089,12.499882603084233,CH,CZ
"Tuřany,Návrší",50.09480413839589,12.519553769028414,CH,CZ
"Tuřany,Návší,rozc.",50.10254099233319,12.522045923168905,CH,CZ
"Vojtanov,celnice",50.17002251991569,12.315881627841941,CH,CZ
"Vojtanov,Antonínova Výšina",50.1386197783147,12.31962554137458,CH,CZ
"Vojtanov,žel.st.",50.16703705754192,12.32741092275491,CH,CZ
"Vojtanov,škola",50.16290938344655,12.31435757634872,CH,CZ
"Vojtanov,obec",50.16550458861992,12.316605867372836,CH,CZ
"Vojtanov,Zelený Háj",50.15381903508425,12.305221268263802,CH,CZ
"Hranice,Pastviny",50.27536872959547,12.15235936517886,CH,CZ
"Hranice,Studánka,křiž.",50.27665870748966,12.185290764476782,CH,CZ
"Hranice,Studánka,návrší",50.27473345450763,12.188791381388116,CH,CZ
"Hranice,Trojmezí,rest.",50.300865309423614,12.14646247044517,CH,CZ
"Hranice,Trojmezí",50.30896862669995,12.144730820437372,CH,CZ
"Podhradí,Smrčina",50.250474337436685,12.181126368426073,CH,CZ
"Hazlov,Polná",50.15231535015172,12.245483936786458,CH,CZ
"Poustka,Ostroh",50.13224769313916,12.283706788709347,CH,CZ
"Františkovy Lázně,Krapice,Dvoreček",50.13303300945371,12.288996376706715,CH,CZ
"Františkovy Lázně,Krapice,rozc.",50.13043308364959,12.31230557161004,CH,CZ
"Františkovy Lázně,Horní Lomany,domky",50.13472558628857,12.333424877435577,CH,CZ
"Františkovy Lázně,Žírovice,návrší",50.137256180347116,12.354301912719539,CH,CZ
"Františkovy Lázně,Žírovice",50.14076305666766,12.357081579796578,CH,CZ
"Františkovy Lázně,Žírovice,Stodoly",50.13922284698266,12.368175695078836,CH,CZ
"Třebeň,Lesinka",50.12533520935169,12.415560419820823,CH,CZ
"Třebeň,Lesinka,Povodí",50.13722899801534,12.43065623969259,CH,CZ
"Třebeň,Lesinka,Lesina rozc.",50.12484886238862,12.442522327499853,CH,CZ
"Nový Kostel,Horka,přehrada",50.17621979097432,12.484482694705127,CH,CZ
"Nový Kostel,Horka",50.182267838596,12.48030019081455,CH,CZ
"Nový Kostel,Kopanina",50.193077168162844,12.472145320717239,CH,CZ
"Nový Kostel,Kopanina,Jednota",50.19549752631887,12.47107588293061,CH,CZ
"Nový Kostel,Mlýnek",50.18976541930553,12.449586670708682,CH,CZ
"Nový Kostel,Hrzín,panelové domy",50.20108681048803,12.429865917557432,CH,CZ
"Odrava,Potočiště",50.09662298288653,12.446589086225163,CH,CZ
"Vojtanov,Mýtinka",50.14611370390136,12.304097177653077,CH,CZ
"Hranice,,STS",50.30210712718876,12.164121094564717,CH,CZ
"Cheb,Podhrad",50.05505789959199,12.396454339960117,CH,CZ
"Cheb,Podhrad,Jednota",50.06016934456523,12.393354539547872,CH,CZ
"Cheb,Podhrad,domky",50.05045572664421,12.394133333736216,CH,CZ
"Cheb,Podhrad,most",50.04613740838901,12.392076801389182,CH,CZ
"Cheb,Podhrad,Všeboř",50.04291166646759,12.409042990526972,CH,CZ
"Lipová,Dolní Lažany",50.033626066853714,12.470589673703683,CH,CZ
"Lipová,Mýtina",50.00394150956444,12.443922552183002,CH,CZ
"Milíkov,Malá Šitboř",50.05643257877904,12.531596186748123,CH,CZ
"Okrouhlá,Jesenice,hráz",50.084994878601094,12.480035555959924,CH,CZ
"Okrouhlá,Jesenice,přístav",50.084246372378566,12.467736828344334,CH,CZ
"Dolní Žandov,Úbočí",50.02850614882964,12.565652355908858,CH,CZ
"Dolní Žandov,Ždírnice",50.045041450341614,12.517859747427687,CH,CZ
"Chodová Planá,aut.st.",49.89538075142587,12.729597638956664,TC,CZ
"Chodová Planá,Fortit",49.8978257987472,12.730871309892317,TC,CZ
"Cheb,průmyslový park - APT",50.08734472412394,12.415912355840899,CH,CZ
"Cheb,,plynárna",50.0814518856076,12.375935678846925,CH,CZ
"Cheb,Horní Dvory",50.07248198573708,12.403287946133702,CH,CZ
"Cheb,Hradiště",50.0888733553099,12.394964243923159,CH,CZ
"Cheb,,Kasární nám.",50.081454989235844,12.372661742132559,CH,CZ
"Cheb,,křiž.",50.076586237424095,12.373902725807831,CH,CZ
"Cheb,,průmyslový park",50.08682736249085,12.411112328725899,CH,CZ
"Cheb,Tyršova",50.08893119590156,12.364912800328723,CH,CZ
"Aš,Doubrava,státní hranice",50.26868674224835,12.249762962756707,CH,CZ
"Pomezí n.Ohří, celnice",50.08661010036266,12.274271972378122,CH,CZ
"Dolní Žandov,Manský Dvůr",50.034548149965545,12.532650810933639,CH,CZ
Křižovatka,50.19666405329056,12.389125272919406,CH,CZ
"Nový Kostel,Hrzín",50.202704086093654,12.429331253105902,CH,CZ
"Poustka,rozc.",50.14461962920428,12.30167207833949,CH,CZ
"Okrouhlá,Jesenice,rozc.",50.07884282380638,12.491489862511381,CH,CZ
"Cheb,Podhrad,Všeboř,rozc.",50.0422285205864,12.402933684646154,CH,CZ
Hazlov,50.1572007059207,12.27516898813909,CH,CZ
"Cheb,Komorní Dvůr",50.099019548703424,12.339611357997326,CH,CZ
"Hazlov,,Pata",50.18317736435302,12.245343562158537,CH,CZ
"Hazlov,Polná,Franky",50.14798181183464,12.252386896011958,CH,CZ
Krásná,50.23282733170601,12.173660707042169,CH,CZ
"Krásná,,slévarna",50.23099867674055,12.175736389623022,CH,CZ
"Krásná,,rozc.",50.23799580396482,12.185460286043664,CH,CZ
"Podhradí,,Marak",50.24485714789138,12.191435565784671,CH,CZ
Podhradí,50.25495314352028,12.201496221808998,CH,CZ
"Podhradí,,záv.",50.25699864055002,12.216760359417243,CH,CZ
"Aš,Kopaniny,rest.",50.25875455159856,12.22216909918321,CH,CZ
"Aš,Kopaniny",50.26039331781719,12.22787153545362,CH,CZ
"Aš,Nebesa",50.19737533197176,12.229055566374276,CH,CZ
"Hazlov,Výhledy",50.18962110005769,12.268315765791797,CH,CZ
"Hazlov,Lipná,rozc.",50.17060616710835,12.261629291386978,CH,CZ
Hazlov,50.156975906329436,12.275885375915225,CH,CZ
"Krásná,Větrov",50.24572791211164,12.182537574451738,CH,CZ
"Podhradí,Smrčina",50.25044943205305,12.18096082160464,CH,CZ
"Podhradí,Smrčina,drůbežárna",50.256775964187106,12.178507158747392,CH,CZ
"Hranice,Studánka,návrší",50.27429760300722,12.18906219607409,CH,CZ
"Hranice,Studánka,křiž.",50.27665971560578,12.18512363761023,CH,CZ
"Hranice,,hotel Praha",50.30635879330012,12.17663087464347,CH,CZ
"Hranice,Trojmezí.návrší",50.30021630400876,12.154328323335445,CH,CZ
"Hranice,,návrší",50.29778840027094,12.171544140080298,CH,CZ
"Hranice,,vodárna",50.290711754384056,12.167017223114183,CH,CZ
"Hranice,,rybník",50.28450928647506,12.158872394475683,CH,CZ
"Hranice,Pastviny",50.2753965563229,12.152250832715662,CH,CZ
"Hranice,Pastviny,domky",50.27871114894745,12.164267472667905,CH,CZ
"Hazlov,,přejezd",50.16130596976354,12.270422966485873,CH,CZ
Vojtanov.tržnice,50.16533183230922,12.317484715522108,CH,CZ
Vojtanov.tržnice,50.165750014575515,12.317246739046752,CH,CZ
"Poustka,rozc.",50.14478204459564,12.301700884523774,CH,CZ
"Františkovy Lázně,Elektra",50.125695959242925,12.346920699967438,CH,CZ
"Františkovy Lázně,městské sady",50.12094947492316,12.349275020465601,CH,CZ
"Františkovy Lázně,Slatina",50.111189425357495,12.35331347299891,CH,CZ
"Františkovy Lázně,Slatina,záv.",50.10812438764653,12.356781733612477,CH,CZ
"Cheb,Střížov",50.106088582568745,12.364962506119388,CH,CZ
"Cheb,Cetnov,rozc.",50.09761816791163,12.3204048247209,CH,CZ
"Aš,,garáže",50.22987125253375,12.185698967787026,CH,CZ
"Aš,Saská",50.233049055973666,12.18608009383488,CH,CZ
"Aš,,sídliště",50.22499771184572,12.186503885452419,CH,CZ
"Aš,,kino",50.2211408060217,12.18924598771895,CH,CZ
"Skalná,Starý Rybník,návrší",50.16135353500739,12.347751768372353,CH,CZ
"Skalná,Starý Rybník",50.1627093075676,12.353332185899841,CH,CZ
"Skalná, zdrav.stř.",50.16832012307191,12.364385118063453,CH,CZ
Skalná,50.17139048642741,12.361592627592527,CH,CZ
"Skalná,rest.",50.17197416267428,12.367132619281062,CH,CZ
Velký Luh,50.199247602403595,12.372850039044684,CH,CZ
"Plesná,Šneky",50.216666546735134,12.351426808563176,CH,CZ
"Plesná,Sibiř",50.22156876216546,12.354347265523954,CH,CZ
"Plesná,Smrčina",50.23225436005234,12.369594797873049,CH,CZ
"Plesná,Lomnička",50.2235267737162,12.381330441663012,CH,CZ
"Luby,školka",50.24921164291882,12.410441383176787,CH,CZ
"Luby,Dolní Luby",50.239934464272736,12.414246900663253,CH,CZ
"Nový Kostel,žel.zast.",50.22082329412525,12.422066247919101,CH,CZ
"Nový Kostel,Hrzín,rozc.",50.216806574490185,12.425719176570956,CH,CZ
"Nový Kostel,Hrzín",50.20269419412864,12.42950691288306,CH,CZ
"Nový Kostel,žel.zast.",50.221370411314936,12.420690363411508,CH,CZ
"Nový Kostel,Kopanina",50.19311697935271,12.47200808541107,CH,CZ
"Nový Kostel,Horka",50.182289968439115,12.480389994060307,CH,CZ
"Nový Kostel,Horka,přehrada",50.17612195348724,12.484422075756719,CH,CZ
"Milhostov,Hluboká",50.168875203481896,12.487538341265731,CH,CZ
"Nebanice,Hartoušov",50.134607705574865,12.469455147438067,CH,CZ
"Třebeň,Lesinka,Lesina rozc.",50.12534776079473,12.443611528171695,CH,CZ
"Třebeň,Lesinka",50.125367272338984,12.41717152481691,CH,CZ
Třebeň,50.1286630561077,12.399644643382134,CH,CZ
"Třebeň,Horní Ves",50.1262100637534,12.37696535352725,CH,CZ
"Františkovy Lázně,V aleji",50.124306160637076,12.367323832557103,CH,CZ
"Tuřany,Návší,rozc.",50.10235601763046,12.522280535303778,CH,CZ
"Aš,Nový Žďár",50.195241478431974,12.216167205455864,CH,CZ
"Františkovy Lázně,Horní Lomany,škola",50.13071831316423,12.342618499003521,CH,CZ
"Cheb,,Zlatý vrch",50.09118360757196,12.371014131233148,CH,CZ
"Cheb,,Kasární nám.",50.081504488994966,12.372729957837029,CH,CZ
"Cheb,městské sady",50.075445319358245,12.368331401602717,CH,CZ
"Cheb,Havlíčkova",50.083729043156666,12.368161395370448,CH,CZ
"Cheb,Hradiště",50.088832991023,12.394851268665308,CH,CZ
"Lipová,Horní Lažany",50.02836581675222,12.47735566870289,CH,CZ
"Lipová,Dolní Lažany",50.03356547138791,12.470545281291862,CH,CZ
"Lipová,Dolní Lipina",50.03765494386323,12.433441324963182,CH,CZ
"Cheb,Podhrad",50.05511877801328,12.396687764791738,CH,CZ
"Cheb,Švédský vrch",50.0722978866927,12.387542954965147,CH,CZ
"Cheb,Sokolovské strojírny",50.06771546226945,12.386444267172257,CH,CZ
"Cheb,Prefa",50.064901489177366,12.385292641112933,CH,CZ
"Cheb,Podhrad,Jednota",50.05944749157893,12.394688735227657,CH,CZ
"Cheb,Hroznatov,cihelna",50.03317732132113,12.41538704718212,CH,CZ
"Lipová,Dolní Lipina,Horní Lindov",50.02105754245603,12.419699285249711,CH,CZ
"Okrouhlá,rozc.",50.06549843477693,12.48987547309983,CH,CZ
"Okrouhlá,Jesenice,hráz",50.084930571632235,12.480627448129965,CH,CZ
"Okrouhlá,Jesenice,přístav",50.084146330168586,12.467485800339887,CH,CZ
"Odrava,Potočiště,rozc.",50.084757674993874,12.443825053448826,CH,CZ
"Cheb,,průmyslový park",50.08668128180972,12.410648336116825,CH,CZ
"Cheb,Zemědělské stavby",50.085047788000665,12.405995089592036,CH,CZ
"Cheb,,ČSAD",50.08517267584048,12.400113303561389,CH,CZ
"Cheb,Maškov",50.07583206411546,12.39204570394008,CH,CZ
"Cheb,,pivovar",50.07729626690444,12.380526342633202,CH,CZ
"Planá u Mariánských Lázní,aut.st.",49.86827942141286,12.744984625092473,TC,CZ
"Planá u Mariánských Lázní,aut.st.",49.86830667227095,12.745491999035998,TC,CZ
"Chodová Planá,Fortit",49.8977888460152,12.731262201873546,TC,CZ
"Chodová Planá,aut.st.",49.895209945536045,12.729783724865772,TC,CZ
"Planá u Mariánských Lázní,Luční",49.874026521934155,12.735672372316081,TC,CZ
"Dolní Žandov,návrší",50.01606812121601,12.557473779882354,CH,CZ
"Milíkov,Malá Šitboř, rozc.",50.05791050957601,12.540227682231327,CH,CZ
"Milíkov,Malá Šitboř, rozc.",50.05646960502842,12.531688246599861,CH,CZ
"Dolní Žandov,Ždírnice",50.046389081933754,12.517310954663492,CH,CZ
"Dolní Žandov,Ždírnice",50.04467081666543,12.517996545235592,CH,CZ
"Aš,Mokřiny",50.204960023838034,12.208245616807455,CH,CZ
"Aš¨,,Chebská",50.211482871027705,12.202804021405244,CH,CZ
"Aš,,Lidový dům",50.21531340464734,12.195757196447047,CH,CZ
"Aš,,Lidový dům",50.21545263838019,12.195815610298123,CH,CZ
"Aš,,Střelnice",50.21849413110918,12.194328687429012,CH,CZ
"Aš,,Střelnice",50.21855545587192,12.194009333881489,CH,CZ
"Aš,,nem.",50.22399742505831,12.202693322766155,CH,CZ
"Aš,,Janáčkova křiž.",50.22065648033542,12.19814330598105,CH,CZ
"Aš,,Kvapilova potraviny",50.22438927982227,12.17834167639448,CH,CZ
"Aš,,Lidový dům",50.21545338292525,12.195814779380653,CH,CZ
"Aš,,Lidový dům",50.215315545851865,12.195754449086307,CH,CZ
"Aš,,Studentská",50.228231490883104,12.184023170542801,CH,CZ
"Aš,Nebesa",50.19744633148688,12.226722233936293,CH,CZ
"Aš,Horní Paseky,rozc.",50.21735734358259,12.237639283620247,CH,CZ
"Aš,,2.ZŠ,Hlávkova",50.217948507634844,12.20275665604779,CH,CZ
"Aš,,ZŠ Okružní",50.22138455343161,12.179648148189841,CH,CZ
"Aš,Nebesa",50.19761330583112,12.22672144535025,CH,CZ
"Aš,Mokřiny,rozc.",50.21243913051096,12.210164484009788,CH,CZ
"Aš,Vernéřov,rozc.",50.22533337490747,12.21319555179992,CH,CZ
"Aš,Vernéřov",50.22075707734232,12.234815953901713,CH,CZ
"Aš,Dolní Paseky,rozc.",50.228120975266116,12.218464386145971,CH,CZ
"Aš,Mokřiny,domky",50.20128646733618,12.22012641491782,CH,CZ
"Aš,Mokřiny,Dolní Mokřiny",50.21346873847689,12.221301975157466,CH,CZ
"Aš,Mokřiny,škola",50.20703383079694,12.215658234122968,CH,CZ
"Aš,Horní Paseky",50.22200002424373,12.256412659883642,CH,CZ
"Aš,Dolní Paseky",50.23296022532719,12.234638738908652,CH,CZ
"Aš,,hřbitov točna",50.22561352668149,12.207115915424001,CH,CZ
"Aš,,nem.",50.22405560467457,12.20264224765981,CH,CZ
"Aš,,nem.",50.22399750256529,12.202693217200904,CH,CZ
"Aš,,Nemocniční sídl.",50.22312991047258,12.198038935361271,CH,CZ
"Aš,,Janáčkova křiž.",50.22065153030889,12.198045389841313,CH,CZ
"Aš,,Janáčkova křiž.",50.22065656192762,12.198143227763538,CH,CZ
"Aš,,Tosta ředitelství",50.21918977119123,12.194469883467045,CH,CZ
"Aš,,Střelnice",50.21855558019113,12.194009113026667,CH,CZ
"Aš,,Střelnice",50.21849467996129,12.194328028499196,CH,CZ
"Aš,,Palackého",50.21369809218119,12.19769522514431,CH,CZ
"Aš,,Chebská",50.21127790928758,12.202854111237631,CH,CZ
"Aš,,Chebská",50.21148298951425,12.2028038731716,CH,CZ
"Aš,,žel.st.",50.20938284358544,12.199512650274409,CH,CZ
"Aš,Mokřiny",50.2047503427462,12.208227272998652,CH,CZ
"Aš,Mokřiny",50.204959914743284,12.208245735913692,CH,CZ
"Aš,,kino",50.221140654366025,12.18924601860472,CH,CZ
"Aš,,kino",50.22121427197652,12.189353530357634,CH,CZ
"Aš,,přádelna Okružní",50.2165313013175,12.18772198766176,CH,CZ
Aš.Nový Ždár,50.19524074935352,12.216167916231482,CH,CZ
Aš.Nový Ždár,50.19555966794057,12.215722850466022,CH,CZ
"Aš,,ZDM",50.216146046894615,12.194750304333919,CH,CZ
"Aš,,žel.st.město",50.219721105896674,12.181827478442692,CH,CZ
"Aš,,Kvapilova potraviny",50.224515280824924,12.17823215787178,CH,CZ
"Aš,,Kvapilova potraviny",50.22438848661438,12.1783421510528,CH,CZ
"Aš,,Krajka",50.22831630502151,12.179263222842154,CH,CZ
"Aš,,Krajka",50.228436010195196,12.178812354194834,CH,CZ
"Aš,,sídliště",50.22479761180656,12.18635173020935,CH,CZ
"Aš,,sídliště",50.224999148670484,12.186502563524195,CH,CZ
Tržnice,50.23107157568319,12.869527661048963,KV,CZ
Tržnice,50.231287366582606,12.870644748181423,KV,CZ
Tržnice,50.23101186006775,12.870621692988152,KV,CZ
"Březová,,rest.St.Michael",50.20117461259824,12.869917787782262,KV,CZ
"Březová,,rest.St.Michael",50.201460215335466,12.869964861935268,KV,CZ
"Březová,,rest.Slunce",50.19687424448144,12.870378123841043,KV,CZ
"Březová,,rest.Slunce",50.197508348614726,12.871226533519335,KV,CZ
"Karlovy Vary,Stará Role,sídliště",50.24152469258372,12.828845906797213,KV,CZ
"Karlovy Vary,Stará Role,Truhlářská",50.240868256029344,12.834040828782776,KV,CZ
"Karlovy Vary,Stará Role,Truhlářská",50.24065467244919,12.834893881984225,KV,CZ
"Karlovy Vary,Stará Role,Okružní",50.23804508659191,12.837866933704078,KV,CZ
"Karlovy Vary,Stará Role,Okružní",50.23834322505393,12.838184748505448,KV,CZ
"Karlovy Vary,,rozc. u Koníčka",50.23346162905075,12.845577761304417,KV,CZ
"Karlovy Vary,,rozc. u Koníčka",50.23363165273662,12.845076958113932,KV,CZ
"Karlovy Vary,Rybáře,Keramická škola",50.234115264273036,12.85041905568793,KV,CZ
"Karlovy Vary,Rybáře,Keramická škola",50.23422978810366,12.851179761595668,KV,CZ
"Karlovy Vary,,Pivovar",50.234048580177564,12.85637783215412,KV,CZ
"Karlovy Vary,,Pivovar",50.234194206808354,12.855987080566809,KV,CZ
"Karlovy Vary,,Elite",50.23327391481404,12.863139378605762,KV,CZ
"Karlovy Vary,,Elite",50.23346940707245,12.862223614367975,KV,CZ
"Karlovy Vary,,nem.",50.23151319521027,12.875610019134468,KV,CZ
"Karlovy Vary,,nem.",50.231687820436605,12.875564485511488,KV,CZ
"Karlovy Vary,,U Jara",50.228055295124655,12.882008121108067,KV,CZ
"Karlovy Vary,,U Jara",50.228336649981614,12.8820520289723,KV,CZ
"Karlovy Vary,,Panorama",50.22453676888525,12.8865464587844,KV,CZ
"Karlovy Vary,,Panorama",50.22563619466034,12.884524225257854,KV,CZ
"Karlovy Vary,,Na Vyhlídce",50.223341308695325,12.88923272655867,KV,CZ
"Karlovy Vary,,Na Vyhlídce",50.22343907949534,12.88937395165823,KV,CZ
"Karlovy Vary,,Libušina",50.221285657492324,12.888072090943007,KV,CZ
"Karlovy Vary,,Libušina",50.22135343627664,12.888671943637048,KV,CZ
"Karlovy Vary,,Lanovka Imperial",50.22070640337129,12.884562986654966,KV,CZ
"Karlovy Vary,,Sanssouci",50.21948943387375,12.890158783056478,KV,CZ
"Karlovy Vary,,Sanssouci",50.219662259059874,12.890075335863575,KV,CZ
"Karlovy Vary,,Švýcarský dvůr",50.21871392705289,12.889095038495679,KV,CZ
"Karlovy Vary,,Richmond",50.21689238676812,12.889466720745828,KV,CZ
"Karlovy Vary,,Richmond",50.21678177723609,12.8897044541532,KV,CZ
PARKOVIŠTĚ KOME,50.212778318233156,12.888273408083071,KV,CZ
"Karlovy Vary,,Gejzírpark",50.21419052816506,12.875884999797876,KV,CZ
"Karlovy Vary,,Gejzírpark",50.21389999897038,12.875832172362884,KV,CZ
"Březová,,hotel Alice",50.204387690684456,12.869108270635483,KV,CZ
"Březová,,hotel Alice",50.204603221212935,12.869073189709539,KV,CZ
"Březová,,Staromlýnská",50.19454057435328,12.866711200013341,KV,CZ
"Březová,,Staromlýnská",50.19445580673491,12.866803421019027,KV,CZ
"Březová,,Pirkenhammer",50.191714186906566,12.864594038974195,KV,CZ
"Karlovy Vary,Čankov",50.26013859085363,12.848604352752103,KV,CZ
"Karlovy Vary,Rosnice",50.25232251127402,12.842446639208827,KV,CZ
"Karlovy Vary,Rosnice",50.252026471093785,12.841617411512194,KV,CZ
"Karlovy Vary,Rosnice,rozcestí",50.248160409955474,12.838682702295173,KV,CZ
"Karlovy Vary,Rosnice,rozcestí",50.24809497844168,12.838767831242869,KV,CZ
"Karlovy Vary,Stará Role,Vančurova",50.24849836883015,12.832905775717677,KV,CZ
"Karlovy Vary,Stará Role,Vančurova",50.24842520022792,12.833335766214953,KV,CZ
"Karlovy Vary,Stará Role",50.24684292637227,12.829941710587343,KV,CZ
"Karlovy Vary,Stará Role",50.24686414795968,12.830255482671834,KV,CZ
"Karlovy Vary,Stará Role,Svobodova",50.24264047562625,12.828810956025729,KV,CZ
"Karlovy Vary,Stará Role,Svobodova",50.242485837542624,12.828661262091803,KV,CZ
"Karlovy Vary,Počernická",50.23691550374447,12.828200990083293,KV,CZ
"Karlovy Vary,Počernická",50.236978066309945,12.828195331775671,KV,CZ
"Karlovy Vary,Na kopečku",50.235945050264945,12.836603782415896,KV,CZ
"Karlovy Vary,Na kopečku",50.236028683037496,12.836441734899308,KV,CZ
"Karlovy Vary,,Černý kůň",50.2212359238442,12.889688607666741,KV,CZ
"Karlovy Vary,,Černý kůň",50.220985623939164,12.89015563056849,KV,CZ
"Karlovy Vary,,Na Pražské",50.21895919162533,12.895360380229745,KV,CZ
"Karlovy Vary,Hůrky,Pod Hůrkami",50.219317175052836,12.902155819509295,KV,CZ
"Karlovy Vary.Hůrky,K Letišti",50.21851151901956,12.90338549769791,KV,CZ
"Karlovy Vary,Hůrky",50.220212075600024,12.907209445533255,KV,CZ
"Karlovy Vary,Hůrky",50.22026304790582,12.907179790012076,KV,CZ
"Karlovy Vary,Hůrky,U Hájovny",50.215431065870376,12.911916269455942,KV,CZ
"Karlovy Vary,Hůrky,U Hájovny",50.21544545539964,12.911976536934429,KV,CZ
"Karlovy Vary,Olšová Vrata,Golf",50.21112281625008,12.918338719570846,KV,CZ
"Karlovy Vary,Olšová Vrata,Golf",50.211534617672434,12.918522507523827,KV,CZ
"Karlovy Vary,Olšová Vrata,střed",50.20821218346849,12.916815006967042,KV,CZ
"Karlovy Vary,Olšová vrata",50.206874976145244,12.919730435020389,KV,CZ
"Karlovy Vary,Hůrky,Na Krachu",50.20982073478185,12.905399100228736,KV,CZ
"Karlovy Vary,Hůrky,Na Krachu",50.210007567313895,12.906074550976792,KV,CZ
"Karlovy Vary,Hůrky,Motýlek",50.21259005108661,12.904223492239625,KV,CZ
"Karlovy Vary,Olšová vrata,Letiště rozcestí",50.20016104133281,12.905928491142989,KV,CZ
"Karlovy Vary,Olšová vrata,Letiště rozcestí",50.20011307259698,12.9059712856295,KV,CZ
"Karlovy Vary,Olšová Vrata,Letiště",50.201064253406365,12.912683993279007,KV,CZ
"Karlovy Vary,Olšová Vrata,Vítkova hora",50.20439403841742,12.901929694508041,KV,CZ
"Karlovy Vary,Olšová Vrata,Vítkova hora",50.205786655719116,12.90028926219321,KV,CZ
"Karlovy Vary,Olšová Vrata,střed",50.20782497707201,12.917593136784081,KV,CZ
"Karlovy Vary,Dvory,Závodiště",50.22392828290599,12.833438062343282,KV,CZ
"Karlovy Vary,Dvory,Kpt.Jaroše",50.22573333685025,12.838698357045319,KV,CZ
"Karlovy Vary,Dvory,OC Varyáda",50.226691887345545,12.839770470803636,KV,CZ
"Karlovy Vary,,KV Arena",50.223313021269696,12.841739453770863,KV,CZ
"Karlovy Vary,,KV Arena",50.22415529121217,12.842672863061836,KV,CZ
"Karlovy Vary,,Stadion ZM",50.22830555676099,12.848212649437427,KV,CZ
"Karlovy Vary,,Stadion ZM",50.22835852847238,12.848022082949917,KV,CZ
"Karlovy Vary,,Šumavská",50.22722441040591,12.852098724864591,KV,CZ
"Karlovy Vary,,Šumavská",50.22688825840626,12.852374785303235,KV,CZ
"Karlovy Vary,,Moskevská",50.22711831596914,12.857264870134703,KV,CZ
"Karlovy Vary,,Moskevská",50.22703170753748,12.857571240261441,KV,CZ
"Karlovy Vary,,Jízdárenská",50.228219751448265,12.863649178287409,KV,CZ
"Karlovy Vary,,Náměstí Dr.Horákové",50.22859233580864,12.864106967732598,KV,CZ
"Karlovy Vary,,Náměstí Dr.Horákové",50.22900245436512,12.865786387218272,KV,CZ
"Karlovy Vary,,Svahová",50.229039279055904,12.869364871854536,KV,CZ
"Karlovy Vary,,Svahová",50.22884026685132,12.871191261285546,KV,CZ
"Karlovy Vary,,Obřadní síň",50.227843711818096,12.87373457607199,KV,CZ
"Karlovy Vary,,Krále Jiřího",50.22563697828197,12.87476022473325,KV,CZ
"Karlovy Vary,,Krále Jiřího",50.225471121073674,12.874735378751547,KV,CZ
"Karlovy Vary,,U Jezírka",50.223654002601506,12.875315682335417,KV,CZ
"Karlovy Vary,,U Jezírka",50.22366195420171,12.875212822804944,KV,CZ
"Karlovy Vary,,Křižíkova",50.22281139394051,12.86986891663862,KV,CZ
"Karlovy Vary,,I.P.Pavlova",50.2304290966183,12.87482095846754,KV,CZ
"Karlovy Vary,,Lázně III",50.22748447665987,12.880403974275719,KV,CZ
"Karlovy Vary,,Hlavní pošta",50.22983148433009,12.87389488741913,KV,CZ
"Karlovy Vary,,Dolní nádraží",50.23025842979466,12.864878151116816,KV,CZ
"Karlovy Vary,,Západní",50.22969562000121,12.863130412839462,KV,CZ
"Karlovy Vary,,Západní",50.229576780361754,12.863328072746883,KV,CZ
"Karlovy Vary,,Depo ČD",50.22884827171751,12.854140057231778,KV,CZ
"Karlovy Vary,,Depo ČD",50.22874821047208,12.853920275021855,KV,CZ
"Karlovy Vary,,Richmond",50.21730737832977,12.88880206459311,KV,CZ
"Karlovy Vary,,Richmond",50.21741030144791,12.888609853543661,KV,CZ
"Karlovy Vary,,Lázně I",50.21964027454586,12.881059386415744,KV,CZ
"Karlovy Vary,,Lázně I",50.21932547280468,12.881076582652105,KV,CZ
"Karlovy Vary,,Divadelní nám.",50.22184126507652,12.882530953246146,KV,CZ
"Karlovy Vary,,Divadelní nám.",50.22181633076959,12.882140197421673,KV,CZ
"Karlovy Vary,,Lázně I",50.218850136953535,12.8809900354751,KV,CZ
"Karlovy Vary,Bohatice",50.24046724215053,12.876501885813619,KV,CZ
"Karlovy Vary,Bohatice",50.24038600783059,12.876687060902894,KV,CZ
"Karlovy Vary,Bohatice,náměstí",50.24171943353847,12.879414434123902,KV,CZ
"Karlovy Vary,Bohatice,náměstí",50.24186332644459,12.879589712434672,KV,CZ
"Karlovy Vary,Bohatice,Orlov",50.240590798306805,12.884044860440651,KV,CZ
"Karlovy Vary,Bohatice,Orlov",50.240828769573675,12.8830914586762,KV,CZ
"Jenišov,,u kompostárny",50.222346493704485,12.806027423853182,KV,CZ
"Jenišov,,u kompostárny",50.22261542290856,12.805659502013112,KV,CZ
"Jenišov,,Globus",50.21779515982452,12.806766487722424,KV,CZ
"Jenišov,,rozc.",50.223221028184646,12.80321478217845,KV,CZ
"Jenišov,,rozc.",50.223258697090415,12.803918607607109,KV,CZ
"Karlovy Vary,Tašovice,rozcestí",50.21605224474634,12.812936863222557,KV,CZ
"Karlovy Vary,Tašovice,rozcestí",50.216401333672984,12.81356331558689,KV,CZ
"Karlovy Vary,Tašovice",50.214121088575446,12.810984690153708,KV,CZ
"Karlovy Vary,Tašovice",50.21461196122819,12.809938042237194,KV,CZ
"Karlovy Vary,Tašovice,U Kapličky",50.21479548204522,12.817868570591939,KV,CZ
"Karlovy Vary,Tašovice,U Kapličky",50.21473142176461,12.817942537122182,KV,CZ
"Karlovy Vary,Tašovice,Doubský most",50.21404308819659,12.824285051427168,KV,CZ
"Karlovy Vary,Tašovice,Doubský most",50.213918926411935,12.82398111440316,KV,CZ
"Karlovy Vary,Dvory,KÚ",50.218817830998844,12.826981089777536,KV,CZ
"Karlovy Vary,Dvory,KÚ",50.21880632929042,12.82705123482019,KV,CZ
"Karlovy Vary,Dvory,Říční",50.22097656653015,12.829886714342596,KV,CZ
"Karlovy Vary,Dvory,Moser",50.226893543906414,12.835821435488707,KV,CZ
"Karlovy Vary,Dvory,Moser",50.22772805834348,12.835943061890635,KV,CZ
"Karlovy Vary,Dvory",50.22541675971602,12.831565006642633,KV,CZ
"Karlovy Vary,,Chebská",50.23134308031047,12.840195597616207,KV,CZ
"Karlovy Vary,,Chebská",50.231349383030285,12.840332352526747,KV,CZ
"Karlovy Vary,Dvory,Sklářská",50.22910362832811,12.835522083021333,KV,CZ
"Karlovy Vary,Dvory,Sklářská",50.22914072669311,12.836384872682727,KV,CZ
"Karlovy Vary,Dvory,Chodovská",50.22792289162668,12.829040017576036,KV,CZ
"Karlovy Vary,Dvory,Chodovská",50.2277953220658,12.82892611905411,KV,CZ
"Karlovy Vary,Dvory,Tesco",50.226109596308866,12.823154806261666,KV,CZ
"Karlovy Vary,Dvory,V Aleji",50.22660821508651,12.821806330372443,KV,CZ
"Karlovy Vary,Dvory,V Aleji",50.22652120525787,12.821849739875962,KV,CZ
"Karlovy Vary,Dvory,II",50.225806833170545,12.816347459864515,KV,CZ
"Hory,,restaurace",50.21522483415093,12.787495852474713,KV,CZ
"Karlovy Vary,Doubí",50.20718901182306,12.827144923129588,KV,CZ
"Karlovy Vary,,Svatošská",50.20938220245956,12.826326091254767,KV,CZ
"Karlovy Vary,,Svatošská",50.20907462900067,12.826374391976865,KV,CZ
"Karlovy Vary,,U Zámečku",50.212636124673665,12.826130729250153,KV,CZ
"Karlovy Vary,,U Zámečku",50.2126439366536,12.825872249044702,KV,CZ
"Karlovy Vary,,Na Ostrůvku",50.217745053593035,12.833405733276768,KV,CZ
"Karlovy Vary,,Na Ostrůvku",50.218874959295945,12.835331140558887,KV,CZ
"Karlovy Vary,,Plzeňská",50.22071488771851,12.83725484040289,KV,CZ
"Karlovy Vary,,Plzeňská",50.2213138592809,12.838088752055592,KV,CZ
"Karlovy Vary,,KV Arena - parkoviště",50.223622805067095,12.843780655253049,KV,CZ
"Karlovy Vary,,Sportovní",50.24085105667184,12.889870687514279,KV,CZ
"Karlovy Vary,,Garáže MHD",50.2411589031788,12.895263055810913,KV,CZ
"Karlovy Vary,,Mattoniho nábř.",50.239934820847495,12.88964427058082,KV,CZ
"Karlovy Vary,,Mattoniho nábř.",50.239844700894906,12.889704790910256,KV,CZ
"Karlovy Vary,,Prašná",50.23741301038376,12.884327624058328,KV,CZ
"Karlovy Vary,,Prašná",50.23654577254471,12.883016329799222,KV,CZ
"Karlovy Vary,,Drahomíra",50.23550260365449,12.87953227654858,KV,CZ
"Karlovy Vary,,Drahomíra",50.23521316279705,12.878141904528464,KV,CZ
"Karlovy Vary,,Vítězná",50.234301847874434,12.873677171540372,KV,CZ
"Karlovy Vary,,Vítězná",50.23376386752289,12.873249381218695,KV,CZ
"Karlovy Vary,Drahovice,Stará Kysibelská",50.23547289328284,12.895771718189964,KV,CZ
"Karlovy Vary,Drahovice,Východní",50.23667293509152,12.893141937115976,KV,CZ
"Karlovy Vary,Drahovice,Východní",50.23683745848963,12.892889524922353,KV,CZ
"Karlovy Vary,Drahovice,Blahoslavova",50.23705283716902,12.889166071286537,KV,CZ
"Karlovy Vary,Drahovice,Blahoslavova",50.23711827376612,12.889205015233472,KV,CZ
"Karlovy Vary,,Havlíčkova",50.23060483645082,12.878363662329605,KV,CZ
"Karlovy Vary,Drahovice,Hřbitov",50.230451310187206,12.887206094877314,KV,CZ
"Karlovy Vary,,Slavie",50.23138043391589,12.882070442317467,KV,CZ
"Karlovy Vary,,Slavie",50.23156582594556,12.882364769334787,KV,CZ
"Karlovy Vary,Drahovice,Národní",50.23285018478183,12.886407207352281,KV,CZ
"Karlovy Vary,Drahovice,Národní",50.23321416346715,12.887267209333917,KV,CZ
"Karlovy Vary,Drahovice,Gagarinova",50.2336049077546,12.890136930863648,KV,CZ
"Karlovy Vary,Drahovice,Gagarinova",50.233671556816404,12.89035402774664,KV,CZ
"Karlovy Vary,Drahovice,Lidická",50.232713649070305,12.89397865268886,KV,CZ
"Karlovy Vary,Drahovice,Lidická",50.23271439394867,12.893780596172125,KV,CZ
Dalovice,50.249965951379664,12.893051136582008,KV,CZ
"Dalovice,,nám.",50.24739861697161,12.896567171789462,KV,CZ
"Dalovice,,nám.",50.24764560441782,12.896727596975712,KV,CZ
"Dalovice,Všeborovice",50.24416507370432,12.893739037275797,KV,CZ
"Dalovice,Všeborovice",50.24399858895775,12.893289604457983,KV,CZ
"Karlovy Vary,,Krátká",50.24114238352477,12.838981456858534,KV,CZ
"Karlovy Vary,,Krátká",50.241977360881194,12.838499320691488,KV,CZ
"Karlovy Vary,Stará Role,Školní",50.24380620603086,12.835065066802391,KV,CZ
"Karlovy Vary,Stará Role,Školní",50.24424437890667,12.834264557301703,KV,CZ
"Karlovy Vary,,Borová",50.23737598255531,12.841799170518678,KV,CZ
"Karlovy Vary,,Borová",50.23770480592823,12.841690648961505,KV,CZ
"Karlovy Vary,Sedlec,zahrádky",50.24152572666651,12.863485368375626,KV,CZ
"Karlovy Vary,Sedlec,zahrádky",50.24153909618042,12.863387307014763,KV,CZ
"Karlovy Vary,Sedlec",50.24557120047578,12.860976232187317,KV,CZ
"Karlovy Vary,Sedlec",50.24570598352566,12.86151029453803,KV,CZ
"Karlovy Vary,,Sedlecká",50.23700526096488,12.865244892051638,KV,CZ
"Karlovy Vary,,Růžový Vrch sídliště",50.238444754623465,12.867074990611735,KV,CZ
"Karlovy Vary,,Růžový Vrch",50.23588922914437,12.865248796095651,KV,CZ
"Karlovy Vary,,Růžový Vrch",50.23602112796991,12.865165100221217,KV,CZ
"Karlovy Vary,,Krematorium",50.23570867012265,12.858787219421021,KV,CZ
"Karlovy Vary,,Horní nádraží",50.234967077937696,12.86697672776182,KV,CZ
"Karlovy Vary,,Horní nádraží",50.2352158222564,12.86726811041677,KV,CZ
"Karlovy Vary,Rybáře,Čankovská",50.235979094691245,12.849726162015068,KV,CZ
"Karlovy Vary,Rybáře,Mlýnská",50.242152097650965,12.84921745948803,KV,CZ
"Karlovy Vary,Rybáře,Třeboňská",50.23915731363411,12.848767347251854,KV,CZ
"Karlovy Vary,Rybáře,Konečná",50.24115784014818,12.85324145093966,KV,CZ
"Karlovy Vary,Rybáře,U Kostela",50.23542599833828,12.85309208117002,KV,CZ
"Otovice,,U pošty",50.25408744473637,12.873971033102627,KV,CZ
"Otovice,,panelárna",50.25677811913794,12.881874839288155,KV,CZ
"Otovice,,SÚS",50.25116447112099,12.873078039169403,KV,CZ
"Dalovice,,nádr.Dalovice",50.256025235784506,12.88553618355972,KV,CZ
"Otovice,,Na Pasece",50.25262991871902,12.882525320455274,KV,CZ
"Otovice,,Na Stezce",50.24947100436767,12.879699084273213,KV,CZ
"Karlovy Vary,,Dubová",50.24651578930891,12.87911431763477,KV,CZ
"Karlovy Vary,,Elektrosvit",50.24467468518197,12.875408904766788,KV,CZ
"Karlovy Vary,,Elektrosvit",50.24457473666708,12.875490496660431,KV,CZ
"Karlovy Vary,,Kamenického",50.24174992274379,12.872786674562622,KV,CZ
"Karlovy Vary,,Kamenického",50.24182910070997,12.873032902418558,KV,CZ
"Karlovy Vary,,Fričova",50.2388625915524,12.870162023301866,KV,CZ
"Karlovy Vary,,Fričova",50.23927216929507,12.87067647262144,KV,CZ
"Karlovy Vary,Dvory,ZŠ",50.22682110861725,12.835874301909978,KV,CZ
"Lomnice,,OSS",50.20956346838235,12.634238498014003,SO,CZ
"19208   Lomnice,,OSS",50.20954546340432,12.634027743179132,SO,CZ
"Lomnice,,obecní úřad",50.21188701189474,12.632156681625254,SO,CZ
"Lomnice,,obecní úřad",50.211933248446705,12.631728613396707,SO,CZ
"Lomnice,Týn",50.21692952547792,12.626987646547915,SO,CZ
"Lomnice,,u hřbitova",50.20999978475911,12.628620264081455,SO,CZ
"Lomnice,,u hřbitova",50.20989771296117,12.628332982400403,SO,CZ
"Svatava,,Transhor rozc.",50.19928656444269,12.621275077196364,SO,CZ
"Svatava,,Podlesí MŠ",50.19976917247758,12.619944431367971,SO,CZ
"Svatava,,Podlesí",50.20033135831126,12.61440389046264,SO,CZ
"Svatava,,Vlnap",50.1961066905221,12.62081318379771,SO,CZ
"Svatava,,stadion",50.19448800141673,12.623253013725199,SO,CZ
"Svatava,,Obuv",50.19331737451597,12.626112706688058,SO,CZ
"Svatava,,Obuv",50.19177987854528,12.627567812020892,SO,CZ
"Svatava,,rozc.",50.19062286938962,12.633764849565937,SO,CZ
"Svatava,,rozc.",50.19074862020582,12.633882465952162,SO,CZ
"Sokolov,,Kraslická",50.18671252916597,12.638175216201745,SO,CZ
"Sokolov,,Kraslická",50.18673596434703,12.638314473016143,SO,CZ
"Tisová,,ETI",50.152800302925094,12.610009100800267,SO,CZ
"Tisová,,ETI",50.152939056906895,12.609922731208329,SO,CZ
"Citice,,důl PS",50.160858008781965,12.618791042283414,SO,CZ
"Citice,,důl PS",50.160905685708876,12.618548738568718,SO,CZ
"Citice,,viadukt",50.161548626896085,12.62357564552094,SO,CZ
"Citice,,viadukt",50.161708163315,12.6234930856654,SO,CZ
"Dolní Rychnov,,BS",50.16594933851171,12.63718248894034,SO,CZ
"Dolní Rychnov,,BS",50.165439693855696,12.636849523714366,SO,CZ
"Sokolov,,Sokolovské strojírny",50.172499595965064,12.63858622294901,SO,CZ
"Sokolov,,Sokolovské strojírny",50.17235797409999,12.638364683266307,SO,CZ
"Sokolov,,poliklinika",50.17615319826751,12.64153599103868,SO,CZ
"Sokolov,,poliklinika",50.17766117786961,12.642604841151282,SO,CZ
"Sokolov,,městský úřad",50.17919955438558,12.64278334180732,SO,CZ
"Sokolov,Těšovice",50.17724166218944,12.669668635571652,SO,CZ
"Sokolov,Těšovice",50.176702929361085,12.670978822815023,SO,CZ
"Sokolov,,sídl.Michal",50.174738110422375,12.671450454250355,SO,CZ
"Sokolov,,sídl.Michal",50.17429827123714,12.67063261848547,SO,CZ
"Sokolov,,sídl.Michal škola",50.17431907908881,12.667388178010931,SO,CZ
"Sokolov,,sídl.Michal škola",50.17415699303688,12.668348484330219,SO,CZ
"Sokolov,,Závodu míru",50.172729437343364,12.66355558167907,SO,CZ
"Sokolov,,Závodu míru",50.17126048787643,12.663439916819506,SO,CZ
"Sokolov,,jezero Michal",50.16792347506805,12.681306991367801,SO,CZ
"Sokolov,Hrušková",50.1555155971319,12.71003598723647,SO,CZ
"Březová,,rozc.",50.14804161179075,12.642629395242105,SO,CZ
"Březová,,rozc.",50.14796109995729,12.643044308875112,SO,CZ
"Březová,,aut.st.",50.14894706995435,12.64748466426578,SO,CZ
"Březová,,aut.st.",50.1490799865568,12.647266773375678,SO,CZ
"Dolní Rychnov,,Sklotas",50.16121332617097,12.636137150119145,SO,CZ
"Dolní Rychnov,,VISHAY",50.158231023415034,12.634819118798873,SO,CZ
"Dolní Rychnov,,zbrojnice",50.164441591790755,12.64185242007702,SO,CZ
"Dolní Rychnov,,pošta",50.163508905732996,12.648259106047611,SO,CZ
"Sokolov,,Vítězná II",50.17331608588654,12.645453631835426,SO,CZ
"Sokolov,,Vítězná II",50.17392154264453,12.644976149430226,SO,CZ
"Sokolov,,II.ZŠ",50.18131114632715,12.643003865155334,SO,CZ
"Sokolov,,u Terminálu",50.18546416932908,12.642740523627618,SO,CZ
"Sokolov,,Terminál",50.18583518155055,12.643661665688175,SO,CZ
"Sokolov,,sport.hala",50.18275879638604,12.646214641629843,SO,CZ
"Sokolov,,sport.hala",50.18412967490512,12.645855384787206,SO,CZ
"Sokolov,,ul.Jednoty drogerie",50.180832754281646,12.646573439998969,SO,CZ
"Sokolov,,ul.Jednoty drogerie",50.18076233715533,12.646729518618223,SO,CZ
"Sokolov,,park.u polikliniky",50.17734838993446,12.640924106545091,SO,CZ
"Sokolov,,park.u polikliniky",50.177276965797034,12.640869482837815,SO,CZ
"Sokolov,,u kláštera",50.17914282381956,12.63769423578033,SO,CZ
"Sokolov,,dům peč.služby",50.17031129105797,12.647948987236212,SO,CZ
"Sokolov,,dům peč.služby",50.17040955641878,12.64757205450998,SO,CZ
"Sokolov,Stará ovčárna",50.166528570336844,12.66711902648384,SO,CZ
"Sokolov,Stará ovčárna",50.16668776372691,12.666312568869115,SO,CZ
"Sokolov,,banka",50.17661445175866,12.648637941711065,SO,CZ
"Sokolov,,banka",50.17704001320731,12.64784718160259,SO,CZ
"Sokolov,,nemocnice",50.17726888269187,12.649666597090954,SO,CZ
"Sokolov,,u hřbitova",50.17713391763782,12.65785187485293,SO,CZ
"Sokolov,,Hornická ul.",50.17580007437097,12.661765009736254,SO,CZ
"Sokolov,,stadion",50.17362480445871,12.657287434556922,SO,CZ
"Sokolov,,stadion",50.173508901546725,12.656973984737414,SO,CZ
"Sokolov,,Křižíkova",50.17633944437754,12.664177963713374,SO,CZ
"Sokolov,,Křižíkova",50.176484814403054,12.664169192325804,SO,CZ
"Sokolov,,Účko",50.17722257803881,12.664465239895366,SO,CZ
"Sokolov,,Účko",50.17739357556197,12.665311805144862,SO,CZ
"Sokolov,Těšovice,obecní úřad",50.18129352439435,12.674312577919473,SO,CZ
"Sokolov,Těšovice,obecní úřad",50.18125383991926,12.674354516540818,SO,CZ
"Sokolov,,Cheza",50.180354507128065,12.667250292437027,SO,CZ
"Sokolov,,Cheza",50.180870744746954,12.667292859083505,SO,CZ
"Sokolov,Tovární",50.18035742532875,12.662137713318387,SO,CZ
"Sokolov,Tovární",50.18034497877819,12.66189026561935,SO,CZ
"Sokolov,,u Jůnů",50.179752503722256,12.654472301093813,SO,CZ
"Sokolov,,u Jůnů",50.17975767641073,12.654875323268888,SO,CZ
"Pomezí nad Ohří,,kostel",50.08613292494874,12.285079505592915,CH,CZ
"Cheb,,Zlatý vrch Slavice",50.08634941321701,12.37846568940003,CH,CZ
"Cheb,,plynárna",50.08145145533109,12.375936494195868,CH,CZ
"Cheb,,Pražská TESCO",50.08161247487995,12.379322967392044,CH,CZ
"Cheb,,Zlatý vrch B.Němcové",50.08621159913407,12.372993359921901,CH,CZ
"Cheb,,plynárna",50.08245530919105,12.374844659492856,CH,CZ
"Cheb,,Zlatý vrch Dvořákova",50.08815168061706,12.381186393111962,CH,CZ
"Cheb,,Zlatý vrch ZŠ",50.08778761883313,12.375303937057218,CH,CZ
"Pomezí nad Ohří,Tůně",50.08467387667059,12.298920391372924,CH,CZ
"Pomezí nad Ohří,Tůně",50.08468169724521,12.299870841592455,CH,CZ
"Cheb,Podhoří",50.081355408849916,12.327392005763233,CH,CZ
"Cheb,Podhoří",50.08111848907377,12.330054394347778,CH,CZ
"Cheb,,Myslivna",50.078705427812544,12.342789406365654,CH,CZ
"Cheb,,Skalka u střelnice",50.07721431957434,12.343126326226823,CH,CZ
"Cheb,,Skalka žel.zastávka",50.07422377828813,12.348409942993044,CH,CZ
"Cheb,,Skalka Přátelství",50.07458807835535,12.352171244729314,CH,CZ
"Cheb,,Skalka Přátelství",50.07449246613934,12.352199771474309,CH,CZ
"Cheb,,Skalka sídliště",50.07411464451094,12.356301982726375,CH,CZ
"Cheb,,Skalka sídliště",50.07439768333924,12.357061196794417,CH,CZ
"Cheb,,Městské sady",50.075481287381955,12.368227577679702,CH,CZ
"Cheb,,Městské sady",50.07544524945329,12.368331515193503,CH,CZ
"Cheb,,nem.",50.07163754562888,12.364346913836265,CH,CZ
"Cheb,,nem.",50.07150719202332,12.364421055443254,CH,CZ
"Cheb,Dolní Pelhřimov",50.062537866394024,12.342769856425223,CH,CZ
"Cheb,Svatý Kříž",50.04872784264558,12.354713518565129,CH,CZ
"Cheb,Svatý Kříž",50.048533894852824,12.355286524865964,CH,CZ
"Cheb,,Slapany",50.029208297287894,12.372292558352884,CH,CZ
"Cheb,Hrozňatov,záv.Eska",50.03192572448071,12.390589286082395,CH,CZ
"Cheb,Hrozňatov,návrší",50.026431743801595,12.39026306129868,CH,CZ
"Cheb,Hrozňatov",50.023781758129424,12.39214458371553,CH,CZ
Lipová,50.036478778364824,12.448633048325137,CH,CZ
"Lipová,Dolní Lipina",50.03765402790261,12.433441087207656,CH,CZ
"Lipová,Dolní Lipina",50.03772815774346,12.433422514207491,CH,CZ
"Cheb,Podhrad,Všeboř",50.04290935708592,12.40904205464477,CH,CZ
"Cheb,Podhrad,Všeboř,rozc.",50.04181547569713,12.40477816644556,CH,CZ
"Cheb,Podhrad,Všeboř,rozc.",50.04222667168578,12.40293410073851,CH,CZ
"Cheb,Podhrad,most",50.04613718754824,12.392076866961974,CH,CZ
"Cheb,Podhrad,domky",50.05045527832863,12.394133210057865,CH,CZ
"Cheb,Podhrad",50.055117663957056,12.396688149986646,CH,CZ
"Cheb,Podhrad",50.05505702322134,12.396454849888915,CH,CZ
"Cheb,Podhrad,Jednota",50.05944643794766,12.394688660854902,CH,CZ
"Cheb,Podhrad,Jednota",50.060168463099096,12.393354969505703,CH,CZ
"Cheb,,Prefa",50.0642953403389,12.386202851524859,CH,CZ
"Cheb,,Prefa",50.06490098982701,12.385294091454808,CH,CZ
"Cheb,,Sokolovské strojírny",50.067715037734885,12.386445211659677,CH,CZ
"Cheb,,Sokolovské strojírny",50.06804330126173,12.387232017653488,CH,CZ
"Cheb,Maškov",50.07582910692139,12.392046302974531,CH,CZ
"Cheb,Maškov",50.076070225384356,12.39171192038259,CH,CZ
"Cheb,,Švédský vrch",50.07229703952044,12.38754376040604,CH,CZ
"Cheb,,Švédský vrch",50.073154592855936,12.38753358741569,CH,CZ
"Cheb,,KSÚS",50.07673257156627,12.386346093478961,CH,CZ
"Cheb,,KSÚS",50.07692055766302,12.385547725797695,CH,CZ
"Cheb,Dřenice,koupaliště",50.067319728973345,12.437960867436955,CH,CZ
"Cheb,,Riegerova",50.07073063517446,12.37838866833577,CH,CZ
"Cheb,,Riegerova",50.070064357619884,12.377082917608107,CH,CZ
"Cheb,,Dyleňská u stadionu",50.068875602832904,12.375588004126403,CH,CZ
"Cheb,,Dyleňská u stadionu",50.06838655354783,12.37615343462994,CH,CZ
"Cheb,,Dyleňská u lávky",50.0656870228573,12.37852780973127,CH,CZ
"Cheb,,Dyleňská u lávky",50.06547897656354,12.378489111932712,CH,CZ
"Cheb,,M.Kopeckého",50.06566037742357,12.373252709191355,CH,CZ
"Cheb,,M.Kopeckého",50.06552249740525,12.372594228492556,CH,CZ
"Cheb,,Osvobození",50.066824750711184,12.37099064970242,CH,CZ
"Cheb,,Osvobození",50.06646814626131,12.37091215895567,CH,CZ
"Cheb,Háje",50.062345909524524,12.370969764111251,CH,CZ
"Cheb,Háje,Požárníků",50.06308659095975,12.376292049109395,CH,CZ
"Cheb,,ÚSP",50.06800895606815,12.36861982894636,CH,CZ
"Cheb,,ÚSP",50.06788922949053,12.368453477328346,CH,CZ
"Cheb,,Dragounská INTERSPAR",50.070472404011355,12.369132726463912,CH,CZ
"Cheb,,Dragounská INTERSPAR",50.0704345126017,12.368985769185887,CH,CZ
"Cheb,,Spáleniště Jungmannova",50.06867719643419,12.364750317218979,CH,CZ
"Cheb,,Spáleniště Jungmannova",50.068615269010714,12.364517101447975,CH,CZ
"Cheb,,Na vyhlídce Amica",50.083115049391864,12.361536885838758,CH,CZ
"Cheb,,Na vyhlídce Amica",50.08317395740338,12.361748679510752,CH,CZ
"Cheb,,Havlíčkova",50.08372886486224,12.368162682376248,CH,CZ
"Cheb,,Havlíčkova",50.08365766610223,12.368131933851684,CH,CZ
"Cheb,,Kasární nám.",50.08150413082784,12.372730423600972,CH,CZ
"Cheb,,Kasární nám.",50.0814556820535,12.372661797426884,CH,CZ
"Cheb,,křiž.",50.076563390860535,12.373956519928555,CH,CZ
"Cheb,,křiž.",50.077057556102915,12.374751411076021,CH,CZ
"Cheb,,Májová",50.0769060864558,12.373608244076769,CH,CZ
"Cheb,,Májová",50.077153269500656,12.374074629204387,CH,CZ
"Cheb,,aut.nádr.",50.07450028764039,12.379679839239591,CH,CZ
"Cheb,,Pekařská TESCO",50.08283989197978,12.378454573285534,CH,CZ
"Cheb,,vodárna",50.085324127972264,12.391364184528637,CH,CZ
"Cheb,,vodárna",50.08553549743483,12.391947714075537,CH,CZ
"Cheb,Hradiště",50.088830982133466,12.394994689473473,CH,CZ
"Cheb,Hradiště",50.0891582080008,12.395069259533416,CH,CZ
"Cheb,,Silnice",50.09424759750527,12.397080756291372,CH,CZ
"Cheb,,Silnice",50.09496771010884,12.397025982167433,CH,CZ
"Cheb,Jindřichov,domky",50.1023634507287,12.3985031522347,CH,CZ
"Cheb,Jindřichov,točna",50.10622644006963,12.399770252830349,CH,CZ
"Cheb,,hřbitov",50.08523215084872,12.396648920234151,CH,CZ
"Cheb,,ČSAD",50.085171989627064,12.400113534741699,CH,CZ
"Cheb,,ČSAD",50.08526891901696,12.399818621666617,CH,CZ
"Cheb,,Kaufland Pivovarská",50.07745258827702,12.38010211240222,CH,CZ
"Cheb,,Kaufland Pivovarská",50.0772955394505,12.380526689115912,CH,CZ
"Cheb,,Zlatý vrch",50.09099388001169,12.370638319170993,CH,CZ
"Cheb,,Zlatý vrch",50.09118210718346,12.37101466466333,CH,CZ
"Cheb,,Západní stavební",50.085047287719696,12.405995237532121,CH,CZ
"Cheb,,Západní stavební",50.08518295888107,12.405770194239198,CH,CZ
"Cheb,Dolní Dvory",50.08497687759695,12.415974700023055,CH,CZ
"Cheb,,Průmyslový park",50.086679749095694,12.410650034334099,CH,CZ
"Cheb,,Průmyslový park",50.0868250929179,12.411112688229162,CH,CZ
"Ostrov,,Nádraží",50.30202008321305,12.95744741051696,KV,CZ
"Ostrov,,Hornická",50.30204323288168,12.949107069302498,KV,CZ
"Ostrov,,Hornická",50.30184124126723,12.949176735589646,KV,CZ
"Ostrov,,jídelna",50.309172104668235,12.942223060980629,KV,CZ
"Ostrov,,jídelna",50.30941592508885,12.94232962259391,KV,CZ
"Ostrov,,nám.",50.30865297049696,12.947015416111778,KV,CZ
"Ostrov,,nám.",50.30856641257794,12.946741650010779,KV,CZ
"Ostrov,,nem.",50.31269910911349,12.963329041965453,KV,CZ
"Ostrov,,Poliklinika",50.3077797065406,12.937197909656556,KV,CZ
"Ostrov,,Poliklinika",50.30748421890969,12.937047479696364,KV,CZ
"Ostrov,,Zámek",50.30311969196583,12.941452613618143,KV,CZ
"Ostrov,,Zámek",50.30295183037282,12.942087124868268,KV,CZ
"Ostrov,Dolní Žďár",50.32349316938427,12.947618111723372,KV,CZ
"Ostrov,Dolní Žďár",50.32235205763306,12.9474662769052,KV,CZ
"Ostrov,Horní Žďár",50.334475436736156,12.94295382064372,KV,CZ
"Ostrov,Horní Žďár",50.33524758338888,12.942398471535965,KV,CZ
"Ostrov,,Lidl",50.31172669301686,12.941829627289748,KV,CZ
"Ostrov,,Tesco",50.31583233447343,12.946409803804451,KV,CZ
"Ostrov,Vykmanov",50.33172078889437,12.955943623513082,KV,CZ
"Ostrov,Horní Žďár,Škoda 42",50.33055860820706,12.947420440559089,KV,CZ
"Ostrov,Horní Žďár,Škoda 42",50.329232571257364,12.947418785200941,KV,CZ
"Ostrov,Horní Žďár,Škoda HB",50.326759712928464,12.948058277769846,KV,CZ
"Ostrov,Horní Žďár,Škoda HB",50.326128905748924,12.948041582387008,KV,CZ
"Ostrov,Hluboký",50.323988240408205,12.905735305584106,KV,CZ
"Ostrov,Horní Žďár,domky",50.331781587845406,12.941210229476471,KV,CZ
"Ostrov,Kfely,rozc.0.2",50.31009063336672,12.91502569188207,KV,CZ
"Ostrov,Kfely,rest.",50.3096704892099,12.926345181301672,KV,CZ
"Ostrov,,Krušnohorská",50.30420066012125,12.946914737016536,KV,CZ
"Ostrov,,Krušnohorská",50.3043866435324,12.946344129585666,KV,CZ
"Ostrov,,Lávka",50.30077576460346,12.953093702883464,KV,CZ
"Ostrov,,Lávka",50.30086764703137,12.953297016622964,KV,CZ
"Ostrov,,Růžek",50.3010679339763,12.948686651220866,KV,CZ
"Ostrov,,Růžek",50.301008705512594,12.948642095445987,KV,CZ
"Ostrov,,Jitona",50.30113649586886,12.946129808189305,KV,CZ
"Ostrov,,Jitona",50.30120104756737,12.946143443859365,KV,CZ
"Ostrov,,Penzion",50.309219246789574,12.957493071386647,KV,CZ
"Ostrov,,Pekárna",50.311879403464545,12.957568844298436,KV,CZ
"Ostrov,,Pekárna",50.31134623360146,12.956927576901943,KV,CZ
"Ostrov,,Nápoje",50.30937528011289,12.955016558177675,KV,CZ
"Ostrov,,Pošta",50.30979659820034,12.948165555739996,KV,CZ
"Ostrov,,Tržiště",50.30954004582845,12.949318577965716,KV,CZ
"Ostrov,,Řezník",50.3091582740144,12.955540999748777,KV,CZ
"Ostrov,,Zvl.škola",50.30455156364062,12.945169520372321,KV,CZ
"Jáchymov,,Kulturní dům",50.36243924445175,12.933659789276248,KV,CZ
"Jáchymov,,Pošta",50.364706383308935,12.934658589690402,KV,CZ
"Jáchymov,,Curie",50.36262891590267,12.93362097521757,KV,CZ
"Jáchymov,,Fibichova",50.35871960560382,12.940188569034955,KV,CZ
"Jáchymov,,Pod Panorámou",50.36000765287795,12.93652206857046,KV,CZ
"Jáchymov,,střed",50.366556512650455,12.920422444676882,KV,CZ
"Jáchymov,,střed",50.3658542591231,12.921052958981692,KV,CZ
"Jáchymov,,Slovany DPS",50.366863997612136,12.918023853623874,KV,CZ
"Jáchymov,,radnice",50.37194854757581,12.913646007579965,KV,CZ
"Jáchymov,,Žižkova rozc.",50.36431360480734,12.927744598839345,KV,CZ
"Jáchymov,,škola",50.363565963816576,12.930206578192735,KV,CZ
Zastávka Lučiny I.,50.22742168932922,13.015122356301333,KV,CZ
Zastávka Obrovice,50.282903322107934,13.207185778798955,CV,CZ
"Mariánské Lázně,,Mlékárna",49.95531804755669,12.695584735614112,CH,CZ
"Zádub,Závišín,škola",49.97092950557493,12.743887940083303,CH,CZ
"Lázně Kynžvart,,aut.st.",50.00786650095396,12.62732424878238,CH,CZ
"Mariánské Lázně,,Třešňovka",49.9613724113215,12.696631155118778,CH,CZ
"Teplá,Jankovice,rozc.1.0",49.97483217646881,12.843106747171259,CH,CZ
"Chotěnov-Skláře,Skláře",49.92921081944234,12.71477900381339,CH,CZ
Velká Hleďsebe,49.961815867805555,12.66928364931267,CH,CZ
"Velká Hleďsebe,Malá Hleďsebe,rozc.",49.95383499353238,12.666694395208264,CH,CZ
"Teplá,Křepkovice",49.94374671369215,12.88079620838817,CH,CZ
"Mariánské Lázně,,Klas",49.957130957363574,12.698704657258304,CH,CZ
"Teplá,Kladruby,rozc.",50.000936001348734,12.919539427116057,CH,CZ
"Stará Voda,křiž.",49.99219431158088,12.595958186238486,CH,CZ
"Teplá,Zahrádka",49.93388071617711,12.919990754502544,CH,CZ
"Mariánské Lázně,Úšovice,Sídliště",49.9504196355048,12.70965883924609,CH,CZ
"Mariánské Lázně,,Kolonáda",49.978576134723454,12.706370765238225,CH,CZ
"Mariánské Lázně,tržnice",49.96321556049386,12.701199398813456,CH,CZ
"Mariánské Lázně,Hamrníky,Škola",49.95038570742151,12.685343482642244,CH,CZ
"Mariánské Lázně,,Úšovice,st.domy",49.95114757051458,12.704212431083233,CH,CZ
"Mariánské Lázně,,Chebská",49.96475134307368,12.699313332404785,CH,CZ
"Chotěnov-Skláře,Chotěnov,rozc.",49.93368124816249,12.712581609865186,CH,CZ
"Teplá,Služetín",49.989279777552525,12.80068789131941,CH,CZ
"Mariánské Lázně,,Úšovická křižovatka",49.96085266202652,12.70058538393364,CH,CZ
"Mariánské Lázně,Hamrníky",49.948229276052885,12.680664415772783,CH,CZ
Stará Voda,49.992569159031966,12.592704128241015,CH,CZ
"Zádub,Závišín",49.975885268275164,12.74388079316636,CH,CZ
"Mariánské Lázně,,Husova",49.95966809518422,12.69568951376166,CH,CZ
"Teplá,Heřmanov",49.95680731223319,12.916795653204003,CH,CZ
"Tři Sekery,Chodovská Huť,rozc.",49.935870088879994,12.620635421327876,CH,CZ
"Mariánské Lázně,Hamrníky,Sádky",49.95181800278096,12.686250081634174,CH,CZ
"Mariánské Lázně,,Knihovna",49.968087531684915,12.702045559873577,CH,CZ
"Teplá,nám.",49.98207211649467,12.863021453017804,CH,CZ
"Drmoul,,křiž.",49.94170316090281,12.665903960560494,CH,CZ
"Lázně Kynžvart,SLOP",50.00466208278681,12.631778171655382,CH,CZ
"Teplá,Beroun,rozc.0.3",49.95560414627609,12.920497853329119,CH,CZ
Prameny,50.050466432021395,12.732355676982419,CH,CZ
"Mariánské Lázně,,Chebská",49.96475076601147,12.699314625457502,CH,CZ
"Mariánské Lázně,Úšovice,STS",49.95698667339249,12.701442821239038,CH,CZ
"Mariánské Lázně,Úšovice,dopravní podnik",49.948936591947664,12.711395100509371,CH,CZ
"Mariánské Lázně,,Centrum",49.97336146314246,12.7032757031083,CH,CZ
"Mariánské Lázně,Kladská,Mýtský ryb.",50.03444269361026,12.691111977897215,CH,CZ
"Prameny,křižovatka",50.04783401252415,12.72867005105102,CH,CZ
"Lázně Kynžvart,Lazy,háj.",50.04785554559833,12.626177122178863,CH,CZ
"Chotěnov-Skláře,Chotěnov,rozc.",49.93366523721158,12.712492640430725,CH,CZ
"Teplá,Horní Kramolín",49.979409982710536,12.803765708148427,CH,CZ
Velká Hleďsebe NEW,49.96529005234893,12.658568221504432,CH,CZ
Valy,49.975623946410764,12.658240924028892,CH,CZ
"Mnichov,Sítiny",50.02750409301244,12.760990829968971,CH,CZ
"Teplá,Poutnov",50.01612677830102,12.823793264121534,CH,CZ
"Teplá,Heřmanov",49.955669511906024,12.920552146401144,CH,CZ
"Mariánské Lázně,,Panská pole",49.96061691176012,12.694074490823667,CH,CZ
"Mariánské Lázně,,Golf",49.97655470363121,12.736412141440525,CH,CZ
"Lázně Kynžvart,,SLOP",50.004828626253484,12.631695261039685,CH,CZ
"Mariánské Lázně,,Vora",49.95344236228737,12.701227714922213,CH,CZ
"Teplá,ul.ČSA",49.97671597772666,12.870254005593331,CH,CZ
"Mariánské Lázně,,Úšovická",49.9588082267043,12.70012740087583,CH,CZ
"Úterý,rozc.8.0",49.954721567616524,12.936950451936074,CH,CZ
"Teplá,Beranovka",49.94226591172178,12.845385272183236,CH,CZ
"Prameny,křižovatka",50.04798491498327,12.72899394542347,CH,CZ
"Trstěnice,rozvodna",49.929081537926606,12.670635942402827,CH,CZ
"Stará Voda,Sekerské Chalupy",49.976551565675834,12.632435371195188,CH,CZ
"Mariánské Lázně,,Koliba,lanovka",49.97417915385347,12.712980911395341,CH,CZ
"Drmoul,,křižovatka",49.94128115036924,12.665696061121402,CH,CZ
"Teplá,Horní Kramolín",49.97890135838298,12.80719313273611,CH,CZ
"Mariánské Lázně,Kladská,Mýtský ryb.",50.03450949002962,12.692404220536876,CH,CZ
"Mariánské Lázně,Hamrníky",49.95214107373742,12.686615627621313,CH,CZ
"Lázně Kynžvart,žel.st.",49.994939539014474,12.615722742806618,CH,CZ
"Velká Hleďsebe,,prádelna",49.96262562075651,12.677216429271219,CH,CZ
"Teplá,Rankovice,rozc.",50.00427519793555,12.84763923190125,CH,CZ
"Mariánské Lázně,,Chebská křižovatka",49.96396953939013,12.701315116068344,CH,CZ
"Mariánské Lázně,,Koliba,lanovka",49.97508681993381,12.712829430145232,CH,CZ
"Drmoul,Panský vrch",49.93878894333202,12.644840708471781,CH,CZ
"Velká Hleďsebe,,prádelna",49.96262520846083,12.677217586051881,CH,CZ
"Mariánské Lázně, hotel Excelsior",49.97326802721542,12.70327755773244,CH,CZ
"Mariánské Lázně,,Chebská",49.96471006041212,12.70010502195462,CH,CZ
"Mariánské Lázně,,Karna",49.95466479927743,12.689749310606592,CH,CZ
"Drmoul,,nám.",49.93681642370226,12.664273195212724,CH,CZ
"Teplá,Ovčí Dvůr",49.96037288744717,12.906042821411388,CH,CZ
"Mariánské Lázně,,Nádraží",49.95711887289705,12.695661142337912,CH,CZ
"Mariánské Lázně,Úšovice,Kovárna",49.95481376308673,12.711278498605598,CH,CZ
"Teplá,Křepkovice,mlýn",49.95077265576382,12.881082283100316,CH,CZ
"Stará Voda,Sekerské Chalupy",49.97693617217288,12.631892578842598,CH,CZ
"Mariánské Lázně,,Tesco",49.96363833913138,12.694851730661115,CH,CZ
"Tři Sekery,Tachovské Huť,rozc.",49.937610592825905,12.61980340409357,CH,CZ
Velká Hleďsebe,49.961687611551724,12.66890377762313,CH,CZ
"Mariánské Lázně,,Cristal",49.970134776438236,12.702769927426772,CH,CZ
"Mnichov,aut.st.",50.036425447120905,12.787370576838027,CH,CZ
"Velká Hleďsebe,Klimentov",49.964549720137875,12.665395842369746,CH,CZ
"Mariánské Lázně, Karlův kámen háj.",50.01084419033431,12.681476404731798,CH,CZ
"Teplá,Hoštěc",49.99272338201802,12.826938419357097,CH,CZ
"Mariánské Lázně,Úšovice,STS",49.95723687618552,12.701475754533936,CH,CZ
"Mariánské Lázně,,Hřbitov",49.975381083290124,12.69920510415636,CH,CZ
"Lázně Kynžvart,,aut.st.",50.00786696956197,12.627324102605662,CH,CZ
"Velká Hleďsebe,,prádelna",49.9626679345407,12.678546399987136,CH,CZ
"Mariánské Lázně,,Nádraží",49.95747251391125,12.695129613517427,CH,CZ
"Mariánské Lázně,Hamrníky",49.951819026960315,12.686249137431018,CH,CZ
"Teplá,škola",49.980292217346395,12.86700825312753,CH,CZ
"Tři Sekery,Krásné",49.955868220381404,12.614335246989597,CH,CZ
"Mariánské Lázně,Hamrníky,Sádky",49.95214047642527,12.686616057514495,CH,CZ
"Stará Voda,křiž.",49.99208716020955,12.596086739282713,CH,CZ
"Teplá,Heřmanov",49.95670778438945,12.916795571594015,CH,CZ
"Mariánské Lázně,Úšovice,Lékárna",49.957699298257594,12.706594192481251,CH,CZ
"Lázně Kynžvart,SLOP",50.004829202847866,12.631695603579724,CH,CZ
"Tři Sekery,Chodovská huť",49.92049754060523,12.6083437111686,CH,CZ
"Mariánské Lázně,Úšovice,dopravní podnik",49.9488514267515,12.710745264257053,CH,CZ
"Mariánské Lázně,,Městský úřad",49.975738591950304,12.703374606453545,CH,CZ
Trstěnice,49.91869822908944,12.674511705056357,CH,CZ
"Mariánské Lázně,Kladská",50.02552684729787,12.668307582069312,CH,CZ
"Lázně Kynžvart,Lazy",50.049255961884725,12.631361853595935,CH,CZ
"Mnichov,Rájov",49.99652383261626,12.762093663993637,CH,CZ
"Velká Hleďsebe,Klimentov,sídliště",49.96465777269202,12.67207094563644,CH,CZ
Velká Hleďsebe NEW,49.965386126144224,12.658545040917915,CH,CZ
"Mariánské Lázně,Úšovice,STS",49.95698523729438,12.701442793494856,CH,CZ
"Mariánské Lázně,,Ruský kostel",49.97196993011115,12.701231916393244,CH,CZ
"Mariánské Lázně,,Golf",49.976506711007254,12.736476458269625,CH,CZ
"Teplá,Horní Poutnov",50.019164902029424,12.83492032235012,CH,CZ
"Mariánské Lázně, aut.st.",49.95689247909519,12.696346052364092,CH,CZ
"Teplá,závod Jitona,rozc.0.8",49.96873198117904,12.874291564547178,CH,CZ
"Lázně Kynžvart,,SLOP",50.00466319459953,12.631777305546704,CH,CZ
"Prameny,léčebna",50.04578454448056,12.723881573208491,CH,CZ
"Velká Hleďsebe,Malá Hleďsebe,rozc.",49.95385092249718,12.666561017456198,CH,CZ
"Mariánské Lázně,,Klas",49.95777170832904,12.699140317017143,CH,CZ
"Teplá,Beranov",49.999668123187284,12.900108841858769,CH,CZ
"Teplá,Klášter",49.966587453018015,12.876146467974374,CH,CZ
"Mnichov,Rájov",49.99623214364755,12.761988349354464,CH,CZ
"Teplá,Staré Sedlo",49.94043509438517,12.94247363101013,CH,CZ
"Mariánské Lázně,,Goethovo náměstí",49.976618346357945,12.707516648693337,CH,CZ
"Mariánské Lázně,Úšovice,Sídliště",49.95041772096419,12.709549977718925,CH,CZ
"Mariánské Lázně,Hamrníky",49.94867147887129,12.681601337614156,CH,CZ
Stará Voda,49.99239396036089,12.59284793362994,CH,CZ
"Mariánské Lázně,,Úšovická křižovatka",49.961060258252616,12.700836478877605,CH,CZ
"Drmoul,,nám.",49.9368171902276,12.664272456433366,CH,CZ
"Mariánské Lázně,Lunapark",49.988041442318185,12.698668646247004,CH,CZ
"Chotěnov-Skláře,Skláře",49.92809947363218,12.714803006968586,CH,CZ
"Mariánské Lázně,tržnice",49.96420414010397,12.701203460389436,CH,CZ
"Teplá,Číhaná,rozc.",50.015480794268775,12.779505415018466,CH,CZ
"Mariánské Lázně,,Koliba lanovka",49.97508713903632,12.712829324016424,CH,CZ
"Mariánské Lázně,,2.ZŠ",49.97306303368227,12.70144115606924,CH,CZ
"Teplá,Číhaná,rozc.",50.01593201975852,12.779864520812223,CH,CZ
"Drmoul,Ovčín",49.938082625629036,12.652730659748986,CH,CZ
Tři Sekery,49.942279300345305,12.616507365327786,CH,CZ
"Mariánské Lázně,,Karna",49.954775449791825,12.690195181692356,CH,CZ
"Drmoul,,křiž.",49.94127837322476,12.665697377574517,CH,CZ
"Mariánské Lázně,,Slovan",49.96694813156245,12.701642901065352,CH,CZ
"Teplá,Kladruby,rozc.",50.00087261127447,12.919677772743919,CH,CZ
"Velká Hleďsebe,Klimentov",49.96455069857328,12.665394525904576,CH,CZ
"Teplá,Beranov",49.9997653987152,12.900047847821902,CH,CZ
"Teplá,Smírčí Dvůr,rozc.",49.963491799146,12.888312541969851,CH,CZ
"Stará Voda,závod",49.99308483694566,12.606297659156697,CH,CZ
"Mariánské Lázně,,Golf",49.97650715703238,12.736476214777174,CH,CZ
"Mariánské Lázně,Úšovice,Kovárna",49.95470847835505,12.711568006414224,CH,CZ
"Mariánské Lázně, Ušovice,škola",49.952409297315626,12.707756330983898,CH,CZ
"Mariánské Lázně,,Cityservis",49.97291582853282,12.703581004651745,CH,CZ
"Mariánské Lázně,,Kaufland",49.96538666724029,12.696019292168364,CH,CZ
"Tři Sekery,Plánská Huť,rozc.",49.928611702704934,12.614681514313538,CH,CZ
"Mariánské Lázně,,Koliba lanovka",49.97417877674934,12.712981840405982,CH,CZ
"Mariánské Lázně,,Pošta",49.9715401363748,12.703168340806151,CH,CZ
"Velká Hleďsebe,,prádelna",49.962668272478545,12.678546343644728,CH,CZ
"Teplá,Nová Farma",49.99940017700869,12.848702268828431,CH,CZ
"Mariánské Lázně,Donbas",49.98196336566699,12.698539680988853,CH,CZ
"Lázně Kynžvart,Lazy,vrch Lesný",50.029968793879235,12.625899305293373,CH,CZ
"Mariánské Lázně,,Mlékárna",49.955393093801995,12.69472276165503,CH,CZ
"Teplá,Beranovka",49.9422869807026,12.845435793351772,CH,CZ
"Mariánské Lázně,,Třešňovka",49.96101564242028,12.696243586959547,CH,CZ
"Zádub,Závišín",49.97588540834787,12.743879056806692,CH,CZ
"Teplá,Mrázov,rozc.0.5",49.9700894446538,12.836360456014294,CH,CZ
"Teplá,žel.st.",49.97601023473732,12.860191049418159,CH,CZ
"Mariánské Lázně,Hamrníky,Škola",49.950654224376294,12.685631347283154,CH,CZ
"Mariánské Lázně,Úšovice,Antoníčkův pramen",49.95103254084005,12.715725944303415,CH,CZ
"Tři Sekery,Plánská Huť,rozc.",49.92678441154717,12.605571373381895,CH,CZ
"Tři Sekery,Tachovská Huť",49.93617290703702,12.59759613207769,CH,CZ
"Mariánské Lázně,,Úšovice,st.domy",49.95213896656464,12.703927095473782,CH,CZ
"Teplá,Pěkovice",49.94212067574171,12.858461216080899,CH,CZ
"Mariánské Lázně,Úšovice,Lékárna",49.95790302648569,12.705903214945973,CH,CZ
"Lázně Kynžvart,navijárna",49.99793228295068,12.625991100225164,CH,CZ
"Mariánské Lázně,Úšovice,Antoníčkův pramen",49.95108212191377,12.716251763734405,CH,CZ
"Mariánské Lázně,,Mírové náměstí",49.978202384225945,12.704054779694825,CH,CZ
"Trstěnice,Horní Ves",49.91775800634194,12.654754347154835,CH,CZ
"Mariánské Lázně,Krakonoš",49.97220312245198,12.72060506672869,CH,CZ
Valy,49.97570425144855,12.658228995426482,CH,CZ
"Drmoul,,křižovatka",49.94170483605835,12.665903299361457,CH,CZ
"Mariánské Lázně,Úšovice,STS",49.9572379936971,12.701475477188225,CH,CZ
"Lázně Kynžvart,zámek",50.00368899457938,12.608406403059762,CH,CZ
"Velká Hleďsebe,,Růžek",49.96205359291461,12.667743856457212,CH,CZ
"Trstěnice,rozvodna",49.928999877257944,12.670864968434039,CH,CZ
"Mariánské Lázně,,Chebská křižovatka",49.9641504749537,12.701191206553105,CH,CZ
"Lázně Kynžvart,Lískovec",49.98731149174579,12.642451615568186,CH,CZ
"Mariánské Lázně,,Golf",49.97655438968709,12.736412539128985,CH,CZ
