"Humpolec,,strojírny",49.54153534584932,15.33808979774137,PE
"Humpolec,,zem.podnik",49.536290922858,15.343972209528028,PE
"Humpolec,Hněvkovice,I",49.53216552920911,15.328528678432647,PE
"Humpolec,Hněvkovice,II",49.53004248048835,15.3226047756326,PE
"Humpolec,Kletečná,",49.50647289752701,15.29723950095513,PE
"Humpolec,Krasoňov,",49.500903745525704,15.399248928688689,PE
"Humpolec,Krasoňov,u Kampů",49.50524222390841,15.397930580813467,PE
"Humpolec,Rozkoš,lesní záv.",49.5418391194785,15.389880945553408,PE
"Humpolec,Světlice,",49.56647533810766,15.355348790998699,PE
"Humpolec,Vilémov,",49.535949891571676,15.383986201404024,PE
"Hurtova Lhota,,",49.59762987697381,15.511371968691028,HB
"Hvězdoňovice,,",49.22164425140841,15.762489995190144,TR
"Hybrálec,,",49.42783665086648,15.559255094606794,JI
"Chlístov,,",49.2007383652562,15.745982584935483,TR
"Chlum,,",49.313579906177736,15.767903956407517,TR
"Chlum,,rozc.",49.57256687228727,16.315085067425898,ZR
"Chlum,Korouhvice,",49.57831019254508,16.3118922924812,ZR
"Bystrá,,háj.",49.50829894826697,15.357572427874809,PE
"Bystřice n.Pern.,,Agroslužby",49.50985280805988,16.246493735984775,ZR
"Bystřice n.Pern.,,aut.nádr.",49.52630567696116,16.260857664094026,ZR
"Bystřice n.Pern.,,RBR",49.53204529216845,16.251126673305247,ZR
"Bystřice n.Pern.,,sídliště I",49.51629928561527,16.2605941789244,ZR
"Bystřice n.Pern.,,sídliště II",49.527064558360046,16.250924716471765,ZR
"Bystřice n.Pern.,,u mostu",49.52183863892129,16.268202392689453,ZR
"Bystřice n.Pern.,,u záv.",49.51318779688515,16.25278624437808,ZR
"Bystřice n.Pern.,,žel.st.",49.5138101994439,16.247667342259952,ZR
"Bystřice n.Pern.,Divišov,",49.548457399326374,16.158570894831602,ZR
"Bystřice n.Pern.,Domanín,",49.54554619942336,16.22844930084085,ZR
"Bystřice n.Pern.,Domanín,Jednota",49.54114064023254,16.2353239543878,ZR
"Bystřice n.Pern.,Domanín,u Šejnohů",49.538024205922135,16.238548586877044,ZR
"Bystřice n.Pern.,Domanín,rozc.2.0",49.52927959417846,16.24593982632073,ZR
"Bystřice n.Pern.,Domanínek,rozc.",49.52958561184081,16.24024663792264,ZR
"Bystřice n.Pern.,Dvořiště,rozc.0.5",49.53282597017722,16.285258543791844,ZR
"Bystřice n.Pern.,Kozlov,rozc.1.0",49.51498809026564,16.312981293823757,ZR
"Bystřice n.Pern.,Lesoňovice,",49.51841382795713,16.308203375761796,ZR
"Bystřice n.Pern.,Pivonice,",49.531320771251266,16.320355368664817,ZR
"Bystřice n.Pern.,Pivonice,rozc.2.0",49.52086564341706,16.302234803858305,ZR
"Bystřice n.Pern.,Rovné,",49.54657136311459,16.16797156429746,ZR
"Bystřice n.Pern.,Vítochov,",49.567300833463506,16.25432274830126,ZR
"Býšovec,Smrček,",49.458858010758576,16.305614136869487,ZR
"Cejle,,",49.369488630988045,15.475272248283861,JI
"Cerekvička-Rosice,Cerekvička,",49.33481075921769,15.58861789640698,JI
"Cerekvička-Rosice,Rosice,",49.33264259444969,15.612285554573308,JI
"Cetoraz,,",49.45475900966975,14.957200365168731,PE
"Cidlina,,",49.12774142571126,15.735307666509401,TR
"Cikháj,,",49.6461170048609,15.968390309344935,ZR
"Čachotín,,",49.6950282579054,15.609475097804346,HB
"Čáslavice,,",49.15211528680371,15.77182110006729,TR
"Dolní Cerekev,,",49.34479601182391,15.457675803869924,JI
"Dolní Cerekev,,žel.st.",49.34279566851178,15.46234419047835,JI
"Dolní Cerekev,Nový Svět,",49.345420153578125,15.469571982256882,JI
"Dolní Cerekev,Spělov,",49.33199345020999,15.443413650125418,JI
"Dolní Heřmanice,,",49.3044610126581,16.06086739017794,ZR
"Dolní Krupá,,",49.661167518622634,15.604388767050985,HB
"Dolní Krupá,,pila",49.66652336930115,15.60087058477197,HB
"Dolní Lažany,,",49.09967901967547,15.82164899295304,TR
"Dolní Město,,Na Čechách",49.6321869268255,15.38968621293912,HB
"Dolní Město,,pošta",49.62762846374013,15.382894331358889,HB
"Dolní Město,,u mostu",49.623082908651604,15.387396641927744,HB
"Dolní Město,Dobrá Voda,Lipnická",49.620281464554964,15.325909580466481,HB
"Dolní Město,Kamenná Trouba,samoty",49.617114504145654,15.386660334309816,HB
"Dolní Město,Loukov,",49.629025813924045,15.345450412339371,HB
"Dolní Město,Meziklasí,odb.",49.63818056994288,15.357132383016845,HB
"Arneštovice,,",49.53192381046249,15.118149158746586,PE
"Arnolec,,",49.436844453377766,15.821790422346702,JI
"Babice,,",49.12294983252027,15.770138023295239,TR
"Babice,Bolíkovice,",49.1345634632739,15.768388111881158,TR
"Bačice,Udeřice,rozc.1.0",49.08676508264389,16.00195734551804,TR
"Bačkov,,II",49.732447476581854,15.457534327414272,HB
"Bačkovice,,",48.967735652981915,15.588465783664226,TR
"Baliny,,",49.334366528562406,15.954209420807752,ZR
"Batelov,,lihovar",49.30861956862597,15.391117665675889,JI
"Batelov,,Motorpal",49.31301973627759,15.404006416946336,JI
"Batelov,,nám.",49.31407183453742,15.39466143477619,JI
"Batelov,,škola",49.312517582095545,15.391875880224172,JI
"Batelov,Bezděčín,",49.320033181633754,15.37311646285949,JI
"Batelov,Lovětín,",49.28956135731279,15.410626947573197,JI
"Batelov,Nová Ves,",49.282625065216656,15.35739428742962,JI
"Batelov,Rácov,",49.284746736142466,15.390537914630098,JI
"Bělá,Tasice,",49.76071049207242,15.252295592090341,HB
"Benetice,Věstoňovice,",49.289281324720235,15.870056944500998,TR
"Bezděkov,,",49.732667074397035,15.730170124202946,HB
"Bezděkov,Štěpánov,SOU",49.734961080929864,15.740089078144544,HB
"Bílý Kámen,,",49.437130548529126,15.513079059341983,JI
"Bílý Kámen,,lom rozc.",49.44428161265764,15.514142620583216,JI
"Biskupice-Pulkov,Biskupice,",49.036257670081525,16.010915689170517,TR
"Biskupice-Pulkov,Pulkov,",49.03915685268681,15.988159489176487,TR
"Biskupice-Pulkov,Pulkov,rozc.1.5",49.042367582266344,16.00527784051908,TR
"Bítovčice,,rest.",49.36646735749039,15.735357760908517,JI
"Blatnice,,",49.07196349567593,15.870471121165728,TR
"Blatnice,,Dvorek",49.045866037927496,15.877206247993367,TR
"Blažkov,,",49.47260504340724,16.187739204702474,ZR
"Blažkov,Dolní Rozsíčka,",49.45820256804617,16.194827383454772,ZR
"Blízkov,,",49.40104187163394,15.90922924831485,ZR
"Blízkov,Dědkov,",49.416275990726696,15.912549622235307,ZR
"Blízkov,Dědkov,rozc.1.5",49.40138338174424,15.912545736465965,ZR
"Božejov,,obchvat",49.36184003829812,15.150429094041824,PE
"Kamenice,Řehořov,nádrž",49.39715094784525,15.787584190694528,JI
"Bobrůvka,,ObÚ",49.44822034737468,16.095437067845893,ZR
"Bohdalec,,",49.47366391535926,16.061170183064842,ZR
"Bohdalov,,",49.47905998488643,15.875327831922885,ZR
"Bohdalov,Chroustov,",49.455463149645816,15.855704414201346,ZR
"Bohuňov,,",49.56032287471832,16.202657965297565,ZR
"Bohuňov,Janovičky,",49.562875978255754,16.215908164018213,ZR
"Bohuslavice,,",49.14963712875645,15.574888669198588,JI
"Bohušice,,",49.08478541215187,15.852651991894419,TR
"Bochovice,,odb.Horní Heřmanice",49.32084459830223,15.896709938606701,TR
"Bojiště,,Malé Bojiště",49.663559063469044,15.283472665789699,HB
"Bojiště,Háj,",49.67522792192226,15.29770960365679,HB
"Bojiště,Mstislavice,rozc.1.1",49.66826403042345,15.299917461649317,HB
"Boňkov,,",49.547322600534194,15.447255400579953,HB
"Borek,,",49.7929454571782,15.588372324616403,HB
"Borek,Ostružno,",49.80568668955232,15.60367518079464,HB
"Borovnice,,",49.66928886598371,16.20153704374301,ZR
"Borovnice,,hor.zast.",49.66597938993182,16.205006022450917,ZR
"Boršov,,kamenolom",49.39984623235204,15.421745728063675,JI
"Bory,Cyrilov,",49.41391725253456,16.047159936434117,ZR
"Bory,Dolní Bory,",49.427795762505816,16.020671463508428,ZR
"Bory,Horní Bory,",49.42551504035245,16.028666609315163,ZR
"Bořetice,,",49.49652441244025,15.109710257244084,PE
"Bransouze,,žel.st.",49.30442161820506,15.750426799287576,TR
"Bratřice,,",49.51629973314663,14.999908982967867,PE
"Bratřice,,rozc.",49.508787171602734,14.985940460436225,PE
"Brtnice,,nám.",49.30472721442083,15.677862211945873,JI
"Brtnice,,Nová čtvrť",49.31073462275448,15.670991900644232,JI
"Brtnice,,škola",49.3073779988121,15.67621529412818,JI
"Brtnice,Dolní Smrčné,",49.32348548576841,15.73943814682251,JI
"Brtnice,Jestřebí,",49.29018548757146,15.643065912328511,JI
"Brtnice,Jestřebí,rozc.Kněžice",49.289268073922024,15.62547039718055,JI
"Brtnice,Komárovice,",49.335282156236495,15.669163473628661,JI
"Brtnice,Komárovice,rozc.Svatoslav",49.34717715416728,15.683527948215492,JI
"Brtnice,Komárovice,U lípy",49.33357798038325,15.664868255124004,JI
"Dušejov,,",49.40849756038074,15.4322789366291,JI
"Dušejov,,rozc.",49.409961924603266,15.437866071081126,JI
"Dvorce,,rozc.",49.38277082841784,15.494495865123081,JI
"Dyjice,Dolní Dvorce,",49.19210760863977,15.49854065868108,JI
"Dyjice,Stranná,rozc.",49.192350537118884,15.507693928380327,JI
"Fryšava,,",49.63028029973427,16.042461662918125,ZR
"Fryšava,,pošta",49.62711782824882,16.037038173393,ZR
"Fryšava,,u Peňázů",49.63076944369214,16.04910112621702,ZR
"Golčův Jeníkov,,nám.TGM",49.815786396943075,15.477674460353255,HB
"Golčův Jeníkov,,park",49.810681086436944,15.47985789650871,HB
"Golčův Jeníkov,Kobylí Hlava,",49.78410765757107,15.454664390908551,HB
"Golčův Jeníkov,Nasavrky,rozc.1.3",49.8075943417793,15.502627174284179,HB
"Golčův Jeníkov,Římovice,",49.805253393818084,15.446881768661132,HB
"Golčův Jeníkov,Římovice,Budka",49.80156350346482,15.448443403030991,HB
"Golčův Jeníkov,Sirákovice,",49.82689723019182,15.50969624161963,HB
"Habry,,aut.st.",49.75573346437049,15.484902116765335,HB
"Habry,,na Páchu",49.754844942612266,15.492187010180354,HB
"Habry,,zem.závod",49.76247772089418,15.481400696291011,HB
"Habry,Frýdnava,obec",49.78006854229622,15.486282964354599,HB
"Habry,Kysibl,rozc.0.6",49.752888025515155,15.453127834812863,HB
"Habry,Lubno,",49.743177590772405,15.449429436868815,HB
"Habry,Zboží,",49.719886923020205,15.454902156719207,HB
"Habry,Zboží,rozc.0.8",49.725126434206175,15.447814573624159,HB
"Habry,Zboží,závod",49.71648359630771,15.461355319460752,HB
"Hamry n.Sáz.,,Leskovice",49.56202253574919,15.902413821785595,ZR
"Hamry n.Sáz.,,Frendlovský rybník",49.565972312773354,15.908511587141026,ZR
"Hamry n.Sáz.,Horní,",49.561794572703015,15.912716110788427,ZR
"Hamry n.Sáz.,,kult.dům",49.56684775847333,15.896733419590571,ZR
"Hamry n.Sáz.,Najdek,",49.56759708434925,15.889756908013439,ZR
"Hamry n.Sáz.,,U hasičské zbrojnice Hamry",49.56615410378016,15.901982852834193,ZR
"Hamry n.Sáz.,,u Kybkových",49.56224832517538,15.912103654665602,ZR
"Hartvíkovice,,",49.17229607018983,16.08782582896735,TR
"Havlíčkova Borová,,",49.63663905995399,15.781196643935388,HB
"Havlíčkova Borová,Peršíkov,odb.0.6",49.65185096401919,15.770376171253401,HB
"Havlíčkův Brod,,Havlíčkova",49.60883013970439,15.570318817685113,HB
"Havlíčkův Brod,,letiště",49.596912264059,15.560233920443645,HB
"Havlíčkův Brod,,Lipnická",49.602684418020296,15.564946989967504,HB
"Havlíčkův Brod,,Havlíčkovo nám.",49.60703637347578,15.579403693825139,HB
"Havlíčkův Brod,,nový hřbitov rozc.",49.62005509851106,15.573051014233743,HB
"Havlíčkův Brod,,Perknov",49.6174201420027,15.54429772318792,HB
"Havlíčkův Brod,,Pleas",49.60053271981014,15.583216124625032,HB
"Havlíčkův Brod,,Pohledští Dvořáci",49.61072657721089,15.613137799463514,HB
"Havlíčkův Brod,,Poříč",49.601425726512396,15.590510243664962,HB
"Havlíčkův Brod,,Pražská",49.613454901001084,15.57706374630672,HB
"Havlíčkův Brod,,Psych.léčebna",49.612296636024425,15.563874725082329,HB
"Havlíčkův Brod,,Termesivy rozc.",49.59650843933333,15.603012125004247,HB
"Havlíčkův Brod,,Uhelné sklady",49.59372069612176,15.590771356416337,HB
"Havlíčkův Brod,,Vršovice I",49.61547861309975,15.590483546235358,HB
"Havlíčkův Brod,,Vršovice II",49.62284544305331,15.59794913924809,HB
"Havlíčkův Brod,,VÚB",49.612429754823815,15.578980554565502,HB
"Havlíčkův Brod,,zem.škola",49.59327474830026,15.57900094599471,HB
"Havlíčkův Brod,,Žižkov I",49.605103800079064,15.59331941157044,HB
"Havlíčkův Brod,Baštinov,rozvodna",49.58021398234447,15.60483295513204,HB
"Havlíčkův Brod,Březinka,",49.601165381854806,15.498384134911403,HB
"Havlíčkův Brod,Horní Papšíkov,",49.604114446963635,15.547572433961962,HB
"Havlíčkův Brod,Klanečná,rozc.0.9",49.60611953615206,15.52820946850249,HB
"Havlíčkův Brod,Květnov,",49.542972454308874,15.589877261030827,HB
"Havlíčkův Brod,Suchá,",49.55520477844236,15.574511270044455,HB
"Havlíčkův Brod,Svatý Kříž,",49.56839409312141,15.578329769468002,HB
"Havlíčkův Brod,Šmolovy,Lipka",49.58844743038988,15.541649609638528,HB
"Havlíčkův Brod,Šmolovy,rozc.",49.58708097545804,15.540799975420965,HB
"Havlíčkův Brod,Zbožice,odb.",49.65777582729197,15.577898035969053,HB
"Herálec,,",49.5307041997774,15.457622589175848,HB
"Herálec,,hřbitov",49.53140249957569,15.468239035753166,HB
"Herálec,,rozc.k žel.st.",49.5255777417746,15.46050476536172,HB
"Herálec,,ZD",49.53241708384805,15.45161200199671,HB
"Herálec,Dubí,U Šindláku",49.53505465845432,15.412310951461903,HB
"Herálec,Kamenice,",49.521761131575545,15.426959515206509,HB
"Herálec,Koječín,Na jamách",49.54022656783533,15.479662345313843,HB
"Herálec,Mikulášov,",49.5105795687407,15.417054887074915,HB
"Skorkov,,",49.5086735746919,15.476040550020443,HB
"Slavníč,,",49.51594061189149,15.453294001486743,HB
"Herálec,,",49.69091150538301,15.99163100932723,ZR
"Herálec,Familie,",49.694358025385824,15.982180592472758,ZR
"Herálec,Chaloupky,",49.695706816539534,15.993812338727036,ZR
"Herálec,Kocanda,I",49.680184966821066,15.989997148527806,ZR
"Herálec,Stará Huť,odb.",49.69492728876482,15.960136641273348,ZR
"Heraltice,,",49.23039927892426,15.730847589952848,TR
"Heraltice,,Podheraltice",49.22238888867511,15.72925432036323,TR
"Heřmanov,,",49.37974687977455,16.181838228274263,ZR
"Hladov,,",49.216441897585945,15.611061447533357,JI
"Hluboké,,",49.22600908107339,16.227221707866693,TR
"Hněvkovice,,",49.68568972042141,15.203764469897212,HB
"Hněvkovice,Habrovčice,rozc.",49.683324311135834,15.212452566812832,HB
"Hněvkovice,Nová Ves,rozc.1.0",49.6907017438521,15.191763252698477,HB
"Hněvkovice,,Ostřice rozc.1.0",49.68241581198829,15.220097215701106,HB
"Hodice,,",49.270712595233675,15.475927793445543,JI
"Hodíškov,,",49.503821106539746,16.03530081039918,ZR
"Hodov,,",49.29380333928667,15.98598516836651,TR
"Hojanovice,,",49.59756899943241,15.265541112729784,PE
"Hojkov,,",49.38889848781203,15.414165637500941,JI
"Hojovice,,",49.329055044823946,14.919511943872868,PE
"Horní Cerekev,,Modeta",49.320827526770586,15.32429042106842,PE
"Horní Cerekev,,žel.st.",49.31103361980185,15.325320501320135,PE
"Horní Cerekev,,škola",49.322560753659914,15.324335580239335,PE
"Horní Cerekev,,Brajnerov",49.34411617268096,15.34650861912611,PE
"Horní Cerekev,Hříběcí,",49.317103341014274,15.298439219369392,PE
"Horní Cerekev,Chrástov,",49.354927009538116,15.323463532624285,PE
"Horní Dubenky,,",49.25977772702428,15.317850045401752,JI
"Horní Dubenky,,Janštejn",49.250034011895764,15.321708795088387,JI
"Horní Dubenky,,Olší",49.261544028459284,15.326366637494731,JI
"Horní Dubenky,,u Chadimů",49.25410076188208,15.306467234596653,JI
"Horní Heřmanice,,",49.33019172480573,15.91825645822671,TR
"Horní Krupá,,",49.67176948871729,15.58663731189399,HB
"Pohleď,,",49.65850476498468,15.457475695392816,HB
"Horní Rápotice,,",49.575488262589715,15.320089999734078,PE
"Horní Rožínka,,",49.50035715357454,16.192070107988624,ZR
"Horní Smrčné,,",49.32945123801583,15.756578489884742,TR
"Horní Smrčné,,samota",49.338423178218015,15.764686972536087,JI
"Horní Újezd,,",49.14270293888462,15.84241374650853,TR
"Horní Ves,,",49.29340933045118,15.307346849444947,PE
"Horní Vilémovice,,",49.29092338244671,15.88097817534246,TR
"Hornice,,",48.99402557001185,15.679095353874118,TR
"Hořepník,Březina,",49.49820934409397,15.088752924329711,PE
"Hořice,,rozc.",49.60151352293532,15.189922172585016,PE
"Píšť,,Rachyně",49.60729316055008,15.19005821779254,PE
"Hostětice,,",49.19122690381073,15.414092706917678,JI
"Hostětice,Částkovice,",49.19489987236467,15.394874417668772,JI
"Hradec,Hamry,rozc.0.7",49.717157084122796,15.280853494375421,HB
"Hrotovice,,aut.nádr.",49.107402126824766,16.060570817795412,TR
"Hrotovice,,správa silnic",49.10403229078998,16.072041444629075,TR
"Hroznatín,,",49.296760378289875,15.910620901459207,TR
"Hrutov,,",49.25545072057277,15.679965954268363,JI
"Hubenov,,Nový Hubenov",49.39231211476162,15.469651493876533,JI
"Hubenov,,Starý Hubenov",49.40060918651191,15.461436518970821,JI
"Humpolec,,aut.nádr.",49.53837925344774,15.348786917889708,PE
"Humpolec,,čist.st.",49.55672551252456,15.360591674649024,PE
"Humpolec,,ICOM",49.54006807937238,15.345835922504568,PE
"Humpolec,,dálnice",49.530092172244906,15.349952919242435,PE
"Humpolec,,háj.",49.528645871698146,15.371274118225406,PE
"Humpolec,,Kuchařov",49.544194807856854,15.356227344457654,PE
"Humpolec,,mléčné lahůdky",49.53816127228509,15.356443216122928,PE
"Humpolec,,pošta",49.54115907730276,15.354699734416146,PE
"Brtnice,Malé,",49.3278745872957,15.699244958425679,JI
"Brtnice,Panská Lhota,",49.32166889479737,15.718234700635772,JI
"Brtnice,Přímělkov,I",49.340542527883834,15.731238793352421,JI
"Brtnice,Přímělkov,II",49.34103590468062,15.736516930026086,JI
"Brtnice,Příseka,",49.341165082257675,15.645446545775542,JI
"Brtnice,Střížov,I",49.34458810062454,15.699116138744694,JI
"Brtnice,Uhřínovice,obec",49.31961382397224,15.645109178270365,JI
"Brtnička,,",49.23702656102111,15.626494582144938,JI
"Brzkov,,",49.52612856822784,15.726950576098536,JI
"Břevnice,,",49.63129269093334,15.612247237758059,HB
"Březejc,,",49.3459540758528,16.09257156570247,ZR
"Březí,,",49.34385581415966,16.214560513068637,ZR
"Březí,Ondrušky,",49.34306092517833,16.208320075168587,ZR
"Březí n.Osl.,,Rendlíček",49.49529115731103,15.922368083132637,ZR
"Březník,,Horky",49.177896954500355,16.197219363631415,TR
"Březník,,",49.171721445134,16.194724961601924,TR
"Březské,,rozc.1.0",49.321421206538616,16.236605588956177,ZR
"Budeč,,",49.53552881579172,15.915505855756217,ZR
"Budíkov,Malý Budíkov,",49.5876630646342,15.382141802951384,PE
"Budišov,,",49.27165626145874,16.003124613278256,TR
"Budišov,,Dvůr Holeje",49.2618521020983,16.03760331117417,TR
"Budišov,,Sv.Václav",49.27315369012977,16.00554917069113,TR
"Budišov,,Kundelov",49.2853412416682,16.020054190778605,TR
"Budišov,,škola",49.274740999585006,16.01141108626273,TR
"Budišov,,ZD",49.2653248608628,16.00729733300306,TR
"Budišov,Mihoukovice,",49.27314650981293,16.021700222312642,TR
"Budkov,,",49.05414383846942,15.659360960523685,TR
"Budkov,,škola",49.05204398676431,15.665484454814083,TR
"Bukov,,",49.45463869441812,16.22379308570807,ZR
"Bukov,,rozc.1.0",49.46130973717109,16.227413389216792,ZR
"Buřenice,,",49.55207050847447,15.066677841138883,PE
"Bystrá,,",49.50815843970171,15.370866124385648,PE
"Havlíčkova Borová,Železné Horky,",49.634398434972475,15.7457730556191,HB
"Česká Bělá,,",49.644555986451834,15.691974247983637,HB
"Česká Bělá,,rozc.Jilemník",49.6422075530806,15.68534407447413,HB
"Česká Bělá,Cibotín,",49.642645394316325,15.735711370008376,HB
"Česká Bělá,Cibotín,most",49.64339841288279,15.744530767796773,HB
"Česká Bělá,Vlachov,",49.66165508656891,15.689134770476569,HB
"Číhalín,,",49.269893433405734,15.81233925680397,TR
"Číhošť,,",49.74166803406171,15.33729887711019,HB
"Číhošť,,rozc.1.8",49.729033620558624,15.344803838375274,HB
"Číhošť,Hroznětín,",49.75006047668979,15.346696984157461,HB
"Číhošť,Tunochody,",49.75852677480418,15.33380575364847,HB
"Číchov,,Hynkov rozc.",49.27434336924706,15.76668843007879,TR
"Čížov,,",49.35243284430887,15.584076893493242,JI
"Dalečín,,",49.592554359189705,16.24001111549767,ZR
"Dalečín,,rozc.k záv.0.3",49.59629482330609,16.242596213426772,ZR
"Dalečín,,záv.",49.597269612592065,16.24729112475474,ZR
"Dalečín,Hluboké,rozc.",49.58285119294329,16.29948883196655,ZR
"Dalešice,,rozc.",49.12496170564909,16.07415698246569,TR
"Dalešice,,škola",49.12973494571785,16.081806905887483,TR
"Daňkovice,,",49.654121695317556,16.148964893011502,ZR
"Daňkovice,,Buchtův kopec sanat.",49.65137877408088,16.13511106322257,ZR
"Dehtáře,,rozc.1.9",49.479392075191974,15.279689390832578,PE
"Dehtáře,Onšovice,hl.sil.",49.489075984199815,15.29054588403389,PE
"Herálec,Pavlov,lom",49.51152688083556,15.434687052510585,HB
"Dešov,,Malý Dešov",48.97697674172648,15.691643515112803,TR
"Nové Syrovice,,Spetice",49.00618625811163,15.73039070096091,TR
"Dlouhá Ves,,samota",49.577444380561126,15.661887941797406,HB
"Dlouhé,,",49.50936320442954,16.124714817906707,ZR
"Dlouhé,,Kamenec rozc.0.9",49.52134458906026,16.114194104047314,ZR
"Dobrá Voda,,",49.39462558954751,16.06416567315408,ZR
"Dobrá Voda,,žel.přejezd",49.39541217040477,16.079283290151483,ZR
"Dobronín,,otočka",49.47941175767052,15.644193647591162,JI
"Dobronín,,škola",49.47860554941326,15.651214031861459,JI
"Dobroutov,,rozc.",49.46621348684742,15.729212071309146,JI
"Dubovice,,",49.43287531968862,15.174072435668501,PE
"Dudín,,",49.45118323644792,15.397423204584873,JI
"Dukovany,,obec",49.07952499293913,16.19119404389925,TR
"Dukovany,,EDU",49.0906212630331,16.144662359661186,TR
"Dolní Město,Rejčkov,",49.62337990093919,15.311528872941027,HB
"Dolní Město,Smrčensko,",49.64253674658396,15.364508429823765,HB
"Jihlava,,CITYPARK",49.39350970868388,15.595983422955896,JI
"Dolní Rožínka,,aut.st.",49.47515443130467,16.20678299071866,ZR
"Dolní Rožínka,,dílny",49.471914792222066,16.209278768581992,ZR
"Dolní Rožínka,,R IV",49.48536003072018,16.21065726145737,ZR
"Dolní Rožínka,Horní Rozsíčka,",49.45587753942948,16.20341159867389,ZR
"Dolní Rožínka,Horní Rozsíčka,rozc.",49.46334194737937,16.19886983302972,ZR
"Dolní Sokolovec,,",49.72689707524355,15.715088234037472,HB
"Dolní Sokolovec,,Chata Doubravka",49.72527961484707,15.708421216664854,HB
"Dolní Sokolovec,Horní Sokolovec,rozc.0.3",49.7243384682193,15.70337992907474,HB
"Dolní Vilémovice,,",49.15323374177489,15.978129061557267,TR
"Domamil,,",49.08261845615428,15.695115873229124,TR
"Domamil,,Radvan",49.07270370686118,15.709773070722676,TR
"Doupě,,",49.23635802979348,15.43497645320934,JI
"Druhanov,,",49.69888936346339,15.410603377599571,HB
"Čáslavice,,Sádek",49.15494976733272,15.797300224629446,TR
"Čáslavice,,Sádek zámek",49.15897021077364,15.798019321956914,TR
"Čáslavsko,Štědrovice,",49.58244522003306,15.016562320641055,PE
"Častohostice,,",49.0149930161226,15.81966433854929,TR
"Častrov,,",49.30821417784776,15.180107849677855,PE
"Častrov,,Drážďany",49.32564269815053,15.17156851183603,PE
"Častrov,,Větrník",49.30877001495803,15.18830853768195,PE
"Častrov,Ctiboř,",49.293495676873896,15.213676768596914,PE
"Častrov,Metánov,",49.294072595019905,15.169995535805027,PE
"Častrov,Pelec,",49.319292639048435,15.139692061152763,PE
"Častrov,Perky,",49.30486438004695,15.19541918477104,PE
"Čečkovice,,",49.782350288940236,15.66398782267461,HB
"Čechočovice,,",49.20252187991651,15.795275386010594,TR
"Čechtín,,",49.293074460657344,15.818895142201312,TR
"Čejov,,",49.56363889042776,15.378454738943368,PE
"Čejov,,ZD",49.565934261568415,15.379714101010224,PE
"Herálec,Pavlov,",49.50894888920592,15.439173623998785,HB
"Čelistná,,",49.36020299204291,15.207012151381699,PE
"Černá,,",49.42566515804105,15.863356953996858,ZR
"Černá,,u ZD",49.4323783503168,15.867370999398716,ZR
"Černá,Milíkov,",49.433622470087386,15.879555205297777,ZR
"Černíč,Slaviboř,",49.134616389802794,15.465820228481723,JI
"Černov,,",49.34396912061679,15.31340519287158,PE
"Černovice,,nám.",49.372647909848574,14.95958380864298,PE
"Černovice,Benešov,",49.33778986580494,15.001214301163996,PE
"Černovice,Dobešov,",49.35878016762424,14.96049557520254,PE
"Černovice,Rytov,",49.35521397481729,14.98539644912831,PE
"Černovice,Vlkosovice,",49.34053479515736,14.958754319048092,PE
"Červená Lhota,,",49.28532186240015,15.807114114233578,TR
"Červená Řečice,,",49.51163308985342,15.17855843274117,PE
"Červená Řečice,Milotičky,",49.4827930604577,15.14956097430112,PE
"Červená Řečice,Zmišovice,rozc.",49.49699685900816,15.179476786521427,PE
"Habry,,lihovar",49.74830753874906,15.508649190731344,HB
"Vilémov,,ZŠ",49.81087306960604,15.530184816196455,HB
"Chlumek,,",49.37482413290202,15.854578165625249,ZR
"Chlumětín,,",49.727198375935345,16.003624338424363,ZR
"Chlumětín,,paseky",49.73138036936975,15.998363513467828,ZR
"Chotěboř,,ACHP",49.70852987164087,15.701865002805432,HB
"Chotěboř,,drůbežárna Křivý",49.70612375861223,15.7333085871274,HB
"Chotěboř,,nám.TGM",49.72023357107544,15.669963889833943,HB
"Jihlava,Horní Kosov,Rantířovská ul.",49.397535034374584,15.5608297671801,JI
"Jihlava,Hosov,",49.38869879380287,15.537604564634627,JI
"Jihlava,Hosov,háj.",49.38411820169973,15.522683276877261,JI
"Jihlava,Hruškové Dvory,",49.408026246646976,15.60974330970589,JI
"Jihlava,,Starý Pávov",49.44285558050191,15.603175239880118,JI
"Jihlava,,Nový Pávov",49.44892270224908,15.601609746144426,JI
"Jihlava,Pístov,náves",49.38249262772307,15.566136187728416,JI
"Jihlava,Popice,myslivna",49.34838986317797,15.5287767429489,JI
"Jihlava,Vysoká,rozc.",49.36599877018835,15.548428295486318,JI
"Jihlava,Zborná,rozc.",49.43183764660804,15.572987225751104,JI
"Jihlávka,,",49.26176774102003,15.29115657622695,JI
"Jilem,,",49.71319072433702,15.583576045578031,HB
"Jilem,,samota",49.712962266407,15.594232454344384,HB
"Jimramov,,nové domky",49.63066631120385,16.217222574300315,ZR
"Jimramov,,GAMA",49.63162155463725,16.224575601681774,ZR
"Jimramov,Sedliště,",49.647742598187875,16.229453268241794,ZR
"Jimramov,Trhonice,",49.633911730827315,16.249186190151757,ZR
"Jimramov,Trhonice,odb.",49.64189466529982,16.24988519490371,ZR
"Jimramov,Trhonice,VKK",49.63783995805942,16.251302285975225,ZR
"Jimramov,Ubušín,",49.61925383831302,16.261546606130022,ZR
"Ubušínek,,rozc.1.0",49.61765570819284,16.286325168586373,ZR
"Jindřichovice,,",49.13801823478854,15.637236262932149,JI
"Jinošov,,",49.230695506056264,16.193551791072647,TR
"Jinošov,,hájenka",49.24199590612011,16.206140591412908,TR
"Jinošov,,ZD",49.23409126458903,16.187595996883736,TR
"Jiratice,,",48.98282011720226,15.613032631937246,TR
"Jiřice,,",49.553421823185694,15.318043735273905,PE
"Jiřice,Močidla,",49.539140062260245,15.29415516191837,PE
"Jiřice,,Rokosky",49.5558770635546,15.29144945423322,PE
"Jitkov,,",49.66343180357005,15.72843912048836,HB
"Jitkov,,rozc.0.5",49.667176465990664,15.72615014405937,HB
"Jívoví,,",49.40563973302404,16.089961478638966,ZR
"Jívoví,,domky",49.40954223901021,16.083254442278907,ZR
"Kadolec,,",49.37509121461524,16.1413521068617,ZR
"Kadolec,,rozc.1.0",49.36897840772205,16.12208895433245,ZR
"Kadov,,",49.63206043505309,16.081131381523324,ZR
"Kadov,Kadůvek,rozc.0.5",49.627940722548175,16.072640954562225,ZR
"Sněžné,Krátká,",49.64160854603434,16.096574448583944,ZR
"Kalhov,,",49.480842900310876,15.441605813532636,JI
"Kaliště,,",49.243584777697784,15.29882054262741,JI
"Kaliště,Býkovec,",49.232873665290484,15.283741828481471,JI
"Kaliště,,",49.5924425001322,15.30520059556411,PE
"Kámen,,",49.71120462736433,15.52015494050318,HB
"Kámen,Proseč,",49.73532163094859,15.519965049124353,HB
"Kámen,,",49.42318114639216,15.016058852518414,PE
"Kámen,,hl.sil.",49.42609582163906,15.002396747192089,PE
"Kamenice,,samota",49.35083305202229,15.80124880507551,JI
"Kamenice,,Strážka",49.36709918159144,15.768441957494229,JI
"Kamenice,,škola",49.367968156935895,15.778283035669256,JI
"Kamenice,,u Řezaňků",49.36737762081212,15.775334538984374,JI
"Kamenice,,Zdarsák",49.36571889080811,15.78676117314355,JI
"Kamenice,Kamenička,",49.37232061097356,15.80234253674992,JI
"Kamenice,Řehořov,",49.39626634200997,15.787402850101373,JI
"Kamenice,Vržanov,",49.35413608026041,15.752640940055018,JI
"Kamenice n.Lipou,,aut.nádr.",49.3000519476292,15.07575541245253,PE
"Kamenice n.Lipou,,žel.st.",49.29502317226801,15.075521485555308,PE
"Kamenice n.Lipou,,škola",49.304702261664616,15.074481711562882,PE
"Kamenice n.Lipou,,U zámku",49.30271343599382,15.078458587609898,PE
"Kamenice n.Lipou,Antonka,",49.30939193007388,15.101428795751534,PE
"Kamenice n.Lipou,Březí,",49.30235432390296,15.05387434949858,PE
"Kamenice n.Lipou,Gabrielka,",49.287846211340266,15.06503619418553,PE
"Kamenice n.Lipou,,Heřmaň",49.317101028470304,15.083664471117483,PE
"Kamenice n.Lipou,Pravíkov,",49.33307601861968,15.100662864288752,PE
"Kamenice n.Lipou,,Štičí",49.321791297184014,15.088627715340786,PE
"Kamenice n.Lipou,Vodná,II",49.28349146062026,15.066268425519494,PE
"Kamenná,,",49.509009281433855,15.654567693921466,JI
"Kamenná,Klementice,",49.28220316961228,16.04973334390614,TR
"Kamenná Lhota,,",49.645991815015876,15.273484088069669,HB
"Kamenná Lhota,,rozc.",49.64974674566576,15.272332176960322,HB
"Karlov,,",49.647817546765054,15.911542904622388,ZR
"Kdousov,,",48.9873106185874,15.648876643927691,TR
"Kejžlice,,Chaloupky",49.58715121017306,15.389750519219284,PE
"Kladeruby n.Osl.,,",49.14129813923806,16.174752795939064,TR
"Kladeruby n.Osl.,,rozc.2.0",49.13418302765914,16.199461083065177,TR
"Kladeruby n.Osl.,,Vlčí kopec",49.14512916109957,16.158545884430264,TR
"Klatovec,,",49.22249335677994,15.294671629048702,JI
"Klokočov,,",49.80355500633681,15.672787087701261,HB
"Klučov,,",49.16568251518879,15.934009577211087,TR
"Kněževes,,",49.456654223916935,15.981643133583729,ZR
"Kněžice,,stř.Chaloupky",49.266685164279934,15.702943838854866,JI
"Kněžice,,",49.270709941314124,15.67251885201693,JI
"Kněžice,,zámek",49.26582028091953,15.671972396990862,JI
"Kněžice,Brodce,",49.257152875220406,15.670942048428069,JI
"Kněžice,Rychlov,rozc.1.3",49.28789804639688,15.696541951429351,JI
"Kněžice,Víska,",49.27122770216817,15.6787123578119,JI
"Knínice,,",49.09387075169504,15.603650367454422,JI
"Knínice,,rozc.",49.086767030192846,15.60550074455962,JI
"Knyk,,osada",49.641801239552386,15.572118973801464,HB
"Knyk,,rozc.0.7",49.63372815972531,15.567940414546905,HB
"Knyk,Český Dvůr,",49.63890829790474,15.590691642618886,HB
"Knyk,Rozňák,",49.64309080534682,15.561383218361787,HB
"Koberovice,Lohenice,rozc.",49.57744480140074,15.278474319384447,PE
"Kojatice,,",48.99910856761876,15.702132482364227,TR
"Kojatice,Velký Újezd,",49.00789858998083,15.694966178414127,TR
"Kojčice,,rozc.1.0",49.46882887946662,15.259486966354116,PE
"Kojetice,,",49.157228583508974,15.82232953046726,TR
"Kojetín,,",49.65710733541809,15.656799355146855,HB
"Kojetín,,hájenka",49.64485954403848,15.640659185848596,HB
"Kojetín,Pouch,rozc.0.9",49.66694850240534,15.64698097712244,HB
"Komárovice,,",49.06995608093756,15.701552567735023,TR
"Komorovice,,hl.sil.",49.51187074613765,15.341808843398443,PE
"Komorovice,,ZD",49.5024539133092,15.341996718439376,PE
"Koněšín,,",49.19023696881654,16.04108360563545,TR
"Koněšín,,rozc.",49.192978041647045,16.04136304326081,TR
"Chotěboř,,samota",49.72011343786772,15.643553872847143,HB
"Chotěboř,,sídl.Cihelna",49.71672280158264,15.661098878717011,HB
"Chotěboř,,ÚNZ",49.71643408409882,15.670772326125041,HB
"Chotěboř,,výkupní podnik",49.71048823851087,15.69309004580094,HB
"Chotěboř,,žel.st.",49.71213326180675,15.682917361512803,HB
"Chotěboř,Dobkov,",49.69659004227844,15.675732518541473,HB
"Chotěboř,Klouzovy,",49.73640647980417,15.617266826698852,HB
"Chotěboř,Nový Dvůr,",49.72931868074346,15.625820476089777,HB
"Chotěboř,Počátky,",49.679090405438984,15.687665244512466,HB
"Chotěboř,Příjemky,",49.69607210072036,15.706223105429384,HB
"Chotěboř,Příjemky,rozc.1.5",49.7039143567999,15.722634687437447,HB
"Chotěboř,Rankov,před křiž.",49.713455784048485,15.613653909967912,HB
"Chotěboř,Střížov,",49.67762102914541,15.721648104171665,HB
"Chotěboř,Svinný,",49.71404189642385,15.634458136601484,HB
"Chotěbudice,,",49.057401247203835,15.575003230258273,TR
"Chotěbudice,,samoty",49.056499392883175,15.581628801026666,TR
"Chrtníč,,",49.767540167376374,15.443365213999698,HB
"Chřenovice,,",49.71685522515952,15.217092054967104,HB
"Chýstovice,,",49.585923621198965,15.07758182251933,PE
"Chýstovice,Jedlina,rozc.0.5",49.58318544965797,15.0710793006767,PE
"Jabloňov,,",49.32650153764951,16.09090443520741,ZR
"Jakubov u Mor.Budějovic,,",49.080772726995235,15.761672697995731,TR
"Jamné,,",49.431516768057435,15.722527201135676,JI
"Jamné,,Rytířsko",49.42822805389588,15.702296032227105,JI
"Jámy,,",49.53027916134048,16.005103327954856,ZR
"Jámy,,u hřbitova",49.533181207536465,16.0060328150161,ZR
"Jaroměřice n.Rok.,,aut.nádr.",49.09632112924526,15.888767440170035,TR
"Jaroměřice n.Rok.,,Poděbradova",49.09185882300805,15.892608484243366,TR
"Jaroměřice n.Rok.,,u mlékárny",49.093390749503435,15.880963439063242,TR
"Jaroměřice n.Rok.,Boňov,",49.11809697822491,15.918546910738907,TR
"Jaroměřice n.Rok.,Ohrazenice,",49.05557343143009,15.892942020368567,TR
"Jaroměřice n.Rok.,Popovice,",49.09818335582414,15.861246371550587,TR
"Jaroměřice n.Rok.,Příložany,",49.10255029863269,15.930016512421421,TR
"Jaroměřice n.Rok.,Příložany,rozc.",49.09816134960245,15.930978320189736,TR
"Jaroměřice n.Rok.,Ratibořice,",49.132264554475555,15.90465749939394,TR
"Jaroměřice n.Rok.,Vacenovice,",49.12078417259375,15.863264994204481,TR
"Jasenice,,",49.25705071055232,16.163072393855515,TR
"Javorek,,",49.65030017772553,16.17375542112106,ZR
"Jedlá,,",49.7381849798951,15.236476560406677,HB
"Jemnice,,aut.nádr.",49.01520093703686,15.574874282973116,TR
"Jemnice,,Podolí",49.021567290011106,15.567285460753014,TR
"Jemnice,,U Černého mostu",49.01136084526408,15.573664218084993,TR
"Jemnice,,žel.st.",49.015668993014344,15.580950047028127,TR
"Jemnice,Louka,",49.04931692581508,15.555784519348851,TR
"Jemnice,Panenská,Hejnice",49.00429144116886,15.492129136988419,TR
"Jersín,,",49.42160070433445,15.830001587630306,JI
"Jeřišno,,",49.792232187985384,15.641999792239233,HB
"Jeřišno,Chuchel,host.",49.80493623625385,15.629310757451192,HB
"Jezdovice,,",49.32152576174813,15.48155989464097,JI
"Ježená,,",49.41657165923843,15.465606298600687,JI
"Ježená,,rozc.",49.4084757664896,15.446718741619975,JI
"Ježov,,",49.61298465559156,15.233765723875338,PE
"Jihlava,,Borovinka",49.415882537785016,15.574686051957197,JI
"Jihlava,,Brněnský kopec",49.39667248146788,15.602270362150328,JI
"Jihlava,,Brtnická ul.",49.38951721503771,15.594040666411907,JI
"Jihlava,,Helenín",49.402180368808466,15.62656590086766,JI
"Jihlava,,Jiráskova ul.",49.4042566170041,15.57336950006343,JI
"Jihlava,,Lesnov",49.42573262660654,15.586852414615274,JI
"Jihlava,,Moravské kovárny",49.412211270739405,15.611922873623616,JI
"Jihlava,,Motorpal nová hala",49.41549042443325,15.562876990110174,JI
"Jihlava,,Na dolech",49.40998376999282,15.567759945433952,JI
"Jihlava,,Na růžku",49.41321285624344,15.590582185588339,JI
"Jihlava,,poliklinika",49.39718745306882,15.574266440707373,JI
"Jihlava,,Ráj",49.37509508300267,15.587329398156346,JI
"Jihlava,,Telečská ul.",49.3908174719886,15.578708402510149,JI
"Jihlava,,Znojemská ul.",49.38899413604205,15.59351657608996,JI
"Jihlava,Heroltice,",49.433577384668524,15.632528315842034,JI
"Jihlava,Horní Kosov,kolonie",49.4022190461504,15.544681416446565,JI
"Menhartice,,",48.991993900275425,15.553300203846378,TR
"Měřín,,Dřevo",49.39006999660052,15.893076124707752,ZR
"Měřín,,nám.",49.39266108388785,15.883846508507695,ZR
"Měšín,,",49.43760603933921,15.65585345259892,JI
"Mezilesí,,",49.54108883226554,14.94910817678421,PE
"Meziříčko,,obec",49.40531018654918,15.844126895180969,ZR
"Meziříčko,,",49.11025934878739,15.657065306706972,TR
"Mezná,,",49.347041561253995,15.211125880534977,PE
"Mezná,Vratišov,",49.36067342213496,15.225943742290887,PE
"Michalovice,,",49.57869929737761,15.5249453266843,HB
"Mikulovice,,",49.16133797776118,15.84798168718511,TR
"Milasín,,rozc.0.5",49.47113937772124,16.219285755449462,ZR
"Milešín,,",49.36812407433368,16.202329747617796,ZR
"Milíčov,,",49.395277518829644,15.39200711542492,JI
"Mirošov,,lom",49.46506193111821,16.16188330063597,ZR
"Mladé Bříště,,",49.491868068017986,15.335342455226698,PE
"Mladé Bříště,Hojkovy,",49.490645327223866,15.339377264039483,PE
"Mladé Bříště,Záhoří,hl.sil.",49.4994684586004,15.32654806880767,PE
"Mladoňovice,,",49.00896025870033,15.645771147103234,TR
"Mladoňovice,,Dobrá Voda rozc.",48.99915218481154,15.648644336386077,TR
"Mnich,,kult.dům",49.30172550323201,14.962375000411742,PE
"Mnich,Chválkov,",49.32709843574089,14.967386437366276,PE
"Mnich,Mirotín,",49.3086913661781,14.987698448888473,PE
"Modlíkov,,",49.60722856074718,15.768329185985587,HB
"Mohelno,,",49.114330898989316,16.18992092431529,TR
"Mohelno,,sokolovna",49.11526787351125,16.194592509515736,TR
"Moravec,,",49.439334147749534,16.143187463856286,ZR
"Moravec,,charitní domy",49.43512039755272,16.138226790011093,ZR
"Moravecké Pavlovice,,",49.42786995576575,16.25630410338265,ZR
"Moraveč,,",49.409449728591014,15.075550171563641,PE
"Moraveč,,rybník Primus",49.4122915247901,15.089498680747196,PE
"Moravské Budějovice,,1.máje",49.05695150823718,15.809454877905942,TR
"Moravské Budějovice,,aut.nádr.",49.05653488178705,15.808129231610796,TR
"Moravské Budějovice,,Urbánkova",49.04860408642471,15.812103347198919,TR
"Chýstovice,,rozc.0.5",49.58800925191189,15.079017682540046,PE
"Opatov,,rozc.I",49.438556060407564,15.410857714141592,JI
"Pacov,,Hrádek SOMPO",49.49423403255786,15.03247023440501,PE
"Kalhov,,rozc.",49.47825913780888,15.446246913057232,JI
"Vystrkov,,zadní Vystrkov",49.524360745916766,15.349238839832463,PE
"Velké Meziříčí,,Fr.Stránecké",49.35685353040121,16.00100216974692,ZR
"Bystřice n.Pern.,,zahradnictví",49.52573973019194,16.259531390937433,ZR
"Batelov,Bezděčín,obec",49.32172970518238,15.374992811890396,JI
"Herálec,,křiž.",49.52942313852875,15.461834188719207,HB
"Jihlava,,BOSCH Pávov",49.44188395063891,15.61604836018614,JI
"Čáslavsko,Kopaniny,Hájenka",49.59041883231288,14.991063639220833,PE
"Sloupno,,",49.735229062734504,15.74665272915645,HB
"Služátky,,rozc.0.9",49.678512437612525,15.433923159351826,HB
"Smrčná,,",49.47166248837289,15.534880634607282,JI
"Smrk,,",49.22723658932305,16.002669965378217,TR
"Sněžné,,hotel Záložna",49.64595442501577,16.121205719521356,ZR
"Sněžné,Blatiny,rozc.",49.66345289344397,16.09801368093799,ZR
"Sněžné,Milovy,",49.66789815336355,16.091258123908155,ZR
"Sněžné,Vříšť,dolní",49.63686731438812,16.130562444668467,ZR
"Sobíňov,,",49.70126568398337,15.76736947284812,HB
"Stáj,,",49.455778012641076,15.7998982302965,JI
"Staré Bříště,,",49.49041286412637,15.359556519975413,PE
"Stařeč,,",49.19852416701537,15.828222889940095,TR
"Stařeč,,Červená Hospoda",49.213247531758896,15.83101443879294,TR
"Stařeč,,Tyršova",49.200737432743296,15.831461376916755,TR
"Stojčín,,žel.st.",49.23744283693883,15.212298729319668,PE
"Stojčín,,škola",49.23881908471571,15.216361259685087,PE
"Stonařov,,",49.282001276595885,15.58692890081843,JI
"Stonařov,,křiž.škola",49.27808010854359,15.582612633934461,JI
"Strachoňovice,,",49.135226525018254,15.48825728887795,JI
"Strachujov,,",49.613485365458146,16.227903003366443,ZR
"Stránecká Zhoř,,",49.38041917018479,15.926963501326528,ZR
"Stránecká Zhoř,Frankův Zhořec,",49.36404057275018,15.926667360681865,ZR
"Stránecká Zhoř,Kochánov,",49.386570055953534,15.951274817239645,ZR
"Stránecká Zhoř,Nová Zhoř,",49.371871360362974,15.909627846123191,ZR
"Stránecká Zhoř,Nová Zhoř,rozc.1.0",49.37353620007443,15.892540046924612,ZR
"Strážek,,",49.44090911287184,16.192546018654777,ZR
"Strážek,,u kostela",49.44003877648706,16.194138353232162,ZR
"Strážek,Jemnice,",49.43971559283942,16.172711652161585,ZR
"Strážek,Krčma,",49.41927286588407,16.217238003635096,ZR
"Strážek,Meziboří,",49.41052571903977,16.220961023019175,ZR
"Strážek,Meziboří,rozc.1.0",49.415167130677425,16.222057632578306,ZR
"Strážek,Meziboří,u školy",49.405289928235625,16.221437756162082,ZR
"Strážek,Mitrov,",49.44215629818792,16.21708713430544,ZR
"Strážek,Moravecké Janovice,",49.41103899191053,16.244923698180077,ZR
"Strážek,Moravecké Janovice,rozc.",49.405437497126435,16.229525845594495,ZR
"Stříbrné Hory,,",49.60134603411259,15.690717897859278,HB
"Stříbrné Hory,,Spálený mlýn",49.599697264017706,15.703111958851917,HB
"Střítež,,",49.45762034688711,15.629912099385272,JI
"Střítež,,",49.36458124573361,15.128903859200983,PE
"Střítež,Krumvald,",49.363695959305225,15.10913784427981,PE
"Střítež,,",49.18977896556283,15.896477144747836,TR
"Střítež,,",49.441031871885706,16.258149265703985,ZR
"Studenec,,",49.19968916863557,16.062798072722554,TR
"Studnice,,",49.291690480011376,16.029564881414483,TR
"Sudice,,rozc.1.0",49.18094019789463,16.254787379306418,TR
"Suchá,,",49.30111827046504,15.578216252185547,JI
"Suchá,Beranovec,",49.318175268548295,15.575512698002813,JI
"Suchá,Prostředkovice,",49.293871869462905,15.580490785808108,JI
"Sulkovec,,",49.60888230217623,16.310577033370713,ZR
"Svatoslav,,",49.31871614637995,15.850163552614479,TR
"Svépravice,,",49.49549484992201,15.232411793524642,PE
"Svépravice,,samoty",49.49612259635754,15.22900171607914,PE
"Světlá n.Sáz.,,žel.st.",49.67009144046795,15.416605026744001,HB
"Světlá n.Sáz.,,hotel Koruna",49.67111375680259,15.411913716080395,HB
"Světlá n.Sáz.,,Lipnička",49.65694139226929,15.387798687733062,HB
"Světlá n.Sáz.,,Nová čtvrť",49.673030397262686,15.404794480807166,HB
"Světlá n.Sáz.,,Panuškova",49.67368622526245,15.39408644192726,HB
"Světlá n.Sáz.,,pila",49.672273783762364,15.412933823182858,HB
"Světlá n.Sáz.,,Sázavská",49.66680750852856,15.403068747156421,HB
"Světlá n.Sáz.,Benetice,",49.68344064944894,15.355482078959495,HB
"Světlá n.Sáz.,Benetice,rozc.1.7",49.696576038618375,15.361115348979553,HB
"Světlá n.Sáz.,,Bohušice",49.677306423121465,15.405521748699625,HB
"Světlá n.Sáz.,,Bohušice rozc.1.1",49.68050472780399,15.392319710912325,HB
"Světlá n.Sáz.,Březinka,rozc.0.4",49.65780890230225,15.384651534387546,HB
"Světlá n.Sáz.,Dlužiny,rozc.0.9",49.70947233171389,15.399898897788837,HB
"Nová Ves u Světlé,Dobrá,domky",49.64767646965551,15.452542886208466,HB
"Nová Ves u Světlé,Dobrá,závod",49.646255807885005,15.458978129554586,HB
"Světlá n.Sáz.,Dolní Březinka,",49.66143004230942,15.38578133948676,HB
"Světlá n.Sáz.,Františkodol,",49.655255845728085,15.382910397035234,HB
"Světlá n.Sáz.,,Hlavňov hájenka",49.683217437019245,15.418925201314897,HB
"Světlá n.Sáz.,Kochánov,rozc.0.6",49.65238985213669,15.378675966562797,HB
"Světlá n.Sáz.,Leštinka,",49.66504254321137,15.350874490130566,HB
"Světlá n.Sáz.,Mrzkovice,",49.66279925419339,15.373279947198998,HB
"Světlá n.Sáz.,Opatovice,",49.700183930877884,15.356843493300799,HB
"Světlá n.Sáz.,Radostovice,",49.637700395089325,15.399669867335264,HB
"Světlá n.Sáz.,Rozkoš,",49.672822974160816,15.392405224145548,HB
"Světnov,,",49.62019043893569,15.954386610659357,ZR
"Sviny,,",49.36416701804019,16.085712227702512,ZR
"Svojkovice,,",49.165848535713906,15.634780402174172,JI
"Svojkovice,,U anděla",49.170012587885225,15.640393575181223,JI
"Svratka,,aut.st.",49.71175340980676,16.035382822715473,ZR
"Svratka,,škola",49.709252632440425,16.027650454792944,ZR
"Svratka,,Mars",49.710600036576814,16.041568464851284,ZR
"Svratka,,Cikánka",49.708681917513196,16.05060199418357,ZR
"Syrov,,",49.57784822666558,15.177608100904854,PE
"Šebkovice,,Milatice rozc.",49.1163850444647,15.820204183356182,TR
"Šebkovice,,",49.12133040880753,15.816827164990377,TR
"Šimanov,,",49.45647410750333,15.449128173455293,JI
"Šimanov,,rozc.Trojan",49.44999871896847,15.471655986770518,JI
"Šimanov,,samota",49.453780879922405,15.440083327349479,JI
"Škrdlovice,,Velké Dářko",49.632924303010135,15.921956490831045,ZR
"Šlapanov,,nám.",49.5422320054245,15.65807444141102,HB
"Šlapanov,,ZŠ",49.54100509922459,15.662630177812481,HB
"Šlapanov,,žel.zast.",49.54197475816422,15.653383572754299,HB
"Šlapanov,Kněžská,",49.55651737148407,15.665966329699952,HB
"Štěměchy,,",49.19376825211909,15.713194375611893,TR
"Štěpánov n.Svratkou,,Hamry",49.51564179154034,16.335880940192954,ZR
"Štěpánov n.Svratkou,,nám.",49.50468169817098,16.33903107969926,ZR
"Štěpánov n.Svratkou,,škola",49.508988654784616,16.33924381158874,ZR
"Štěpánov n.Svratkou,,záv.rozc.0.2",49.502772931036404,16.335768677398825,ZR
"Štěpkov,,",49.08392691583483,15.649727956704806,TR
"Štoky,,hřbitov",49.50564188099166,15.583440044616252,HB
"Štoky,,osada Fikarka",49.508986319305855,15.59896285405388,HB
"Štoky,Petrovice,",49.500793316070336,15.53812720904547,HB
"Štoky,Pozovice,",49.51659864924694,15.6192174766045,HB
"Štoky,Studénka,",49.518728900231885,15.566033134052157,HB
"Tasov,,",49.28793520482485,16.09542380008537,ZR
"Těchobuz,,",49.51028516385798,14.931034534144565,PE
"Telč,,Hradecká škola",49.182349092640834,15.448782880843886,JI
"Telč,,Interiér",49.186949277469154,15.471290227806524,JI
"Telč,,kino",49.1880889386684,15.451871210643976,JI
"Telč,,Motorpal",49.183233500017145,15.4565708439223,JI
"Borovná,,",49.1646241282296,15.395039986182843,JI
"Těmice,Babín,",49.34065280006203,15.080884868117153,PE
"Těmice,Drahoňov,",49.35913611665677,15.084619521403381,PE
"Těmice,Knížata,",49.36410556257855,15.095611730105892,PE
"Tis,,I",49.704937246901665,15.495970975751757,HB
"Tis,,II",49.708644324713646,15.492250952951217,HB
"Tis,Kněž,",49.71904629252131,15.485305763599703,HB
"Trnava,,",49.2538523026563,15.927719000593214,TR
"Trnava,,rozc.",49.254463298733405,15.922018921725467,TR
"Trpišovice,,",49.65534452518235,15.332081349073157,HB
"Trpišovice,Bilantova Lhota,",49.660219690867066,15.326787000731095,HB
"Trpišovice,Dobrovítova Lhota,",49.66447878495639,15.316404066533883,HB
"Třebelovice,,",49.02037650202821,15.668378001150025,TR
"Třebelovice,,rozc.1.0",49.02165789549113,15.651604018804333,TR
"Třebelovice,,žel.st.",49.02141724688035,15.657881633467296,TR
"Třebenice,,",49.16256098606336,16.013730612886594,TR
"Třebenice,Chroustov,",49.16121210412405,16.05071349631408,TR
"Třebenice,Plešice,",49.16268754966459,16.03654441304026,TR
"Třebíč,,aut.nádr.",49.214534410200606,15.87554604954595,TR
"Třebíč,,Kubišova",49.20569882243305,15.886790623810779,TR
"Třebíč,,Nemocnice",49.21190993439584,15.888697411779065,TR
"Třebíč,,Račerovická",49.22129759989939,15.86675327127406,TR
"Třebíč,,Colas",49.21635429922583,15.90632228424709,TR
"Třebíč,,Sucheniova",49.213172040570306,15.869278286803592,TR
"Třebíč,,U lípy",49.20799211663895,15.89520638620498,TR
"Třebíč,,M.Majerové",49.22226609261935,15.882434722865037,TR
"Třebíč,,Znojemská",49.20741146074956,15.886063623877497,TR
"Třebíč,Borovina,",49.20636732037173,15.855511187029268,TR
"Třebíč,Budíkovice,",49.256181230693315,15.874994788247369,TR
"Třebíč,Budíkovice,rozc.",49.25452180261354,15.868823820499575,TR
"Třebíč,Pocoucov,",49.240332330973885,15.896900024575217,TR
"Třebíč,Račerovice,",49.247972297349364,15.835299714008134,TR
"Třebíč,Slavice,",49.176120036310785,15.87732523017729,TR
"Třebíč,Sokolí,",49.22681947861497,15.830552808364898,TR
"Třebíč,Sokolí,rozc.1.0",49.229501422932294,15.838774050780472,TR
"Třesov,,",49.17979075497975,16.08257979114702,TR
"Třešť,,Pouště",49.28391684380331,15.520442778969866,JI
"Třešť,,žel.přejezd",49.28879052240147,15.478508205528005,JI
"Třešť,Čenkov,",49.28284465578425,15.440994682216106,JI
"Třešť,Salavice,",49.331663397076646,15.488745566653414,JI
"Třešť,Salavice,žel.st.",49.332597118672595,15.485225103818516,JI
"Třeštice,,",49.24598333427808,15.452140515769889,JI
"Tři Studně,,",49.61370335894904,16.0358412849801,ZR
"Tři Studně,,rozc.0.2",49.61660729135401,16.033644109778145,ZR
"Ubušínek,,",49.6113581114004,16.28169173698578,ZR
"Uhelná Příbram,,ZŠ",49.7674402264249,15.585201329756458,HB
"Uhelná Příbram,Petrovice,",49.774262870730325,15.56070172451715,HB
"Uhelná Příbram,Pukšice,",49.77158460797823,15.609994681436525,HB
"Úhořilka,,",49.52378193158647,15.531999310970544,HB
"Uhřínov,,",49.348440376716596,15.941537635176928,ZR
"Uhřínov,,MŠ",49.35003746490137,15.937735073527657,ZR
"Ujčov,,",49.48869990391966,16.331764455349944,ZR
"Ujčov,,Bořinov",49.46990337269913,16.343979365897134,ZR
"Ujčov,Kasany,",49.47719279192357,16.334083168458474,ZR
"Unčín,,",49.60713799418635,16.24561191324085,ZR
"Urbanov,,",49.21508687858226,15.513899677911734,JI
"Úsobí,,nám.",49.51475875345648,15.502322104025602,HB
"Úsobí,,samota",49.498848565429235,15.499091078048094,HB
"Úsobí,Kosovy,",49.49369820429123,15.505013572763431,HB
"Ústí,,",49.47348880505773,15.414194586149534,JI
"Ústí,,rozc.",49.47802961890011,15.42096945175648,JI
"Ústí,Branišov,",49.46655179587657,15.433013629752857,JI
"Ústrašín,,",49.38295347739627,15.167308253408406,PE
"Útěchovice,,",49.477301566615466,15.11610919839337,PE
"Radostín,,",49.65381845115452,15.874771974007773,ZR
"Radostín n.Osl.,,",49.46173075345054,15.965750920706387,ZR
"Radostín n.Osl.,,škola",49.46414908299031,15.958947112884427,ZR
"Radostín n.Osl.,,ZD",49.46532709117404,15.96941064549106,ZR
"Radostín n.Osl.,Zahradiště,",49.44107027585352,15.944738094466448,ZR
"Radošov,,",49.33521730505078,15.78458614597173,TR
"Radošov,,rozc.1.0",49.33431401728422,15.797651664092278,TR
"Radotice,,",48.97868307311967,15.587537078115501,TR
"Rančířov,,",49.36158447986252,15.584366672891472,JI
"Rapotice,,škola",49.19093196723589,16.25395307981893,TR
"Rapotice,,žel.st.",49.1848272863926,16.255060646498382,TR
"Rodkov,,",49.50421745684107,16.228064041823938,ZR
"Rodkov,,rozc.2.0",49.500591244379486,16.208148140315107,ZR
"Rohozná,,obec",49.35241358350585,15.396553300753157,JI
"Rohy,,",49.30555989284563,16.003556525911986,TR
"Rohy,,domky",49.307042399049486,15.99957124725597,TR
"Rosička,,",49.537792537528375,15.853870197230998,ZR
"Rouchovany,,",49.06930170629978,16.10886763767815,TR
"Rouchovany,,učiliště",49.07223131590633,16.10132413856622,TR
"Rouchovany,Šemíkovice,",49.053186852130864,16.112686167186148,TR
"Rousměrov,,",49.45611630616711,16.033664170111308,ZR
"Rousměrov,Laštovičky,",49.46613158317146,16.017423240707,ZR
"Rovečné,,",49.57757901884825,16.363062882117006,ZR
"Rovečné,,rozc.",49.58802694707904,16.371716509120986,ZR
"Rovečné,,sušárna ZD",49.57436958408716,16.350035361991555,ZR
"Rovečné,,u školy",49.57783457325214,16.359185087536968,ZR
"Rovná,,",49.509572626050954,15.126873159030119,PE
"Rozseč,,",49.15644920782573,15.617345625327113,JI
"Rozseč,,",49.36016950447954,16.22187556512995,ZR
"Rozsochatec,,",49.67402307815652,15.632805292473195,HB
"Rozsochatec,,pošta",49.673630388095525,15.634822495510333,HB
"Rozsochatec,,u hřiště",49.669745722429575,15.629266449840364,HB
"Rozsochy,,",49.52050994933619,16.199603298299373,ZR
"Rozsochy,,rozc.u nádr.",49.54455878539864,16.191152607066616,ZR
"Rozsochy,,žel.st.",49.53686661393671,16.197324874954752,ZR
"Rozsochy,Albrechtice,",49.52102295232644,16.18620472447669,ZR
"Rozsochy,Blažejovice,",49.51677118402475,16.20372352582571,ZR
"Rozsochy,Kundratice,",49.53272320134179,16.181399011007723,ZR
"Rožná,,Jednota",49.47866076519822,16.23844512707741,ZR
"Rožná,,žel.st.",49.474401996590274,16.244573956628834,ZR
"Rožná,Josefov,rozc.2.0",49.48362026899466,16.24626149675432,ZR
"Rožná,Zlatkov,u rybníka",49.4892822732293,16.255822347206646,ZR
"Ruda,,",49.32418472994216,16.120306057485067,ZR
"Ruda,Křeptov,",49.31855556589881,16.13905338433718,ZR
"Ruda,Lhotka,",49.30502121627774,16.115984997956293,ZR
"Rudíkov,,",49.28870314085338,15.94772870144311,TR
"Rudíkov,,škola",49.28970426957262,15.950520716396682,TR
"Rudíkov,,žel.st.",49.29801874914295,15.949708951500975,TR
"Rudolec,,",49.47731613815072,15.830802217777864,ZR
"Rudolec,,u hájenky Blažkov",49.507065456464666,15.846400983584715,ZR
"Rušinov,,",49.79097918192217,15.6859930518801,HB
"Rušinov,,pohostinství",49.79217938269384,15.682077070561595,HB
"Rušinov,Hostětinky,",49.78753129291996,15.702540701476673,HB
"Růžená,,",49.27085363302394,15.427509278569433,JI
"Rybné,,",49.42324778461058,15.737553253961904,JI
"Rybné,,rozc.",49.42403262322168,15.741668429415961,JI
"Rybníček,,",49.769236301777035,15.509221447243979,HB
"Rynárec,,",49.38964944107801,15.23448189210337,PE
"Řásná,,",49.21972311346256,15.395086049124888,JI
"Řečice,Křepiny,",49.61560774235715,15.35575934602014,PE
"Řečice,,",49.51794117187389,16.063862388349122,ZR
"Řečice,,škola",49.51280495453882,16.068356940564552,ZR
"Římov,,",49.16978492492486,15.757618475657905,TR
"Samšín,,",49.48747222850687,15.06017182030667,PE
"Sázava,,",49.560218113498856,15.862612218927962,ZR
"Sázava,Kopaniny,",49.54544084214814,15.839215750538038,ZR
"Sázava,,rozc.0.9",49.55151716294107,15.847029673553344,ZR
"Sázava,,škola",49.55734720478818,15.853171231200815,ZR
"Sázava,Česká Mez,rozc.2.0",49.55879000846976,15.889391551835002,ZR
"Sázavka,,",49.73461743909684,15.411429095615512,HB
"Sázavka,,rozc.",49.73184008452964,15.418112938330077,HB
"Sazomín,,",49.508044443942104,15.982386132113634,ZR
"Sedlatice,,",49.192683546010585,15.61192655434096,JI
"Sedlec,,",49.16780937801934,16.130391510988353,TR
"Sedlec,,ADW",49.181206280950356,16.122107207472144,TR
"Sedlec,,letiště",49.17285048149184,16.12637505083824,TR
"Sedletín,Veselá,",49.70855465320571,15.55711764750294,HB
"Sedlice,,",49.51529023510633,15.256128296166276,PE
"Sejřek,Mansberk,",49.438283951797274,16.316223207012843,ZR
"Senožaty,,ObÚ",49.567549240472204,15.197117841625218,PE
"Senožaty,,ZD",49.565610573403795,15.19237975519635,PE
"Senožaty,,Mochny",49.55905883624582,15.180515045243073,PE
"Senožaty,Otavožaty,Okoun",49.56811949573128,15.216037804951453,PE
"Senožaty,Otavožaty,rozc.0.5",49.568598873273395,15.228588262839079,PE
"Senožaty,,Závodí",49.56979810535711,15.239368104450103,PE
"Sirákov,,",49.50464408306062,15.817605666131442,ZR
"Věž,Skála,",49.55725981279931,15.438609829957642,HB
"Sklené,Čtvrtě,rozc.0.5",49.60760388421084,15.99501158022171,ZR
"Sklené n.Osl.,,",49.43713590329723,16.05579769005533,ZR
"Skorotice,,",49.45722415772832,16.35930059641774,ZR
"Skorotice,Chlébské,rozc.2.0",49.461923984563676,16.351887707819785,ZR
"Skřinářov,,",49.34734434310613,16.17246804469526,ZR
"Slavětice,,",49.1037444942223,16.107532791670707,TR
"Slavětice,,rozc.2.0",49.10159403409309,16.084533968794425,TR
"Slavětín,,čekárna",49.668910412498555,15.771234063150857,HB
"Slavičky,,",49.17642933693264,15.969892751685872,TR
"Slavičky,Okrašovice,",49.185294446597794,15.958425835870447,TR
"Slavičky,Pozďátky,",49.200643051780645,15.955793667117295,TR
"Slavíkov,Dolní Vestec,",49.74370239249865,15.762360529499162,HB
"Slavíkov,Dolní Vestec,rozc.1.8",49.74771183148498,15.775608428303402,HB
"Slavíkov,Horní Vestec,",49.74761681670514,15.765507100723847,HB
"Slavíkov,Rovný,",49.73560741869779,15.79898229476388,HB
"Slavíkov,Rovný,rozc.1.5",49.729697209535125,15.815239159097295,HB
"Slavíkov,Štikov,rozc.0.8",49.73687392403633,15.773501694748141,HB
"Slavíkov,Zálesí,",49.739940126932716,15.788544978342202,HB
"Velké Meziříčí,Mostiště,nemocnice",49.390612657788374,16.007804344202132,ZR
"Velké Meziříčí,,Novosady",49.35397505871814,16.01550074554534,ZR
"Velké Meziříčí,Olší n.Osl.,",49.40389258201169,15.993462636337023,ZR
"Velké Tresné,,",49.57426438539728,16.381688162012498,ZR
"Velké Tresné,,rozc.",49.58342232173042,16.384002993722653,ZR
"Velký Beranov,,",49.402345962106665,15.666169385781371,JI
"Velký Beranov,,Nové Domky",49.40482703707655,15.6496241094984,JI
"Velký Beranov,,škola",49.403950008873785,15.66343363988409,JI
"Velký Beranov,Jeclov,",49.38554598905486,15.672387935039245,JI
"Velký Rybník,,hl.sil.",49.495815400121785,15.307141047911262,PE
"Vepříkov,,",49.743555873266295,15.571197938676455,HB
"Vepříkov,,rozc.Uhelná Příbram",49.744533347672736,15.572690478843151,HB
"Vepříkov,Miřátky,",49.74317025524507,15.526336798944943,HB
"Vepřová,,",49.61301522694715,15.826721183508345,ZR
"Veselá,,",49.318108905033405,15.226813244894743,PE
"Veselá,,rozc.",49.3158259340993,15.226423315289503,PE
"Veselý Žďár,,obec",49.639355561468506,15.527361955046459,HB
"Veselý Žďár,,Žamberk",49.642135491271205,15.52204508951964,HB
"Věstín,,",49.56896716337687,16.34462822262916,ZR
"Větrný Jeníkov,,křiž.",49.47917898328381,15.47216766360307,JI
"Větrný Jeníkov,,nám.",49.47556829338751,15.47951217523687,JI
"Věž,,",49.56350293002315,15.458533882111503,HB
"Věž,,záv.Kafilerie",49.56531862783349,15.485155856993508,HB
"Věžná,,",49.41240406197093,14.98815712324972,PE
"Věžná,,",49.45877242485508,16.26479281228724,ZR
"Věžná,Jabloňov,",49.46125658610997,16.25561120883471,ZR
"Věžnice,,dolní",49.51825664797265,15.680078901424128,HB
"Věžnice,,",49.40728690048873,15.759123895617613,JI
"Věžnička,,",49.46048614930238,15.704759625259728,JI
"Vícenice u Mor.Budějovic,,",49.08850756404939,15.813067489917511,TR
"Vícenice u Náměště n.Osl.,,kasárna",49.1879002665335,16.12262597328306,TR
"Vícenice u Náměště n.Osl.,,rozc.1.0",49.208518955383354,16.11951075430019,TR
"Vícenice u Náměště n.Osl.,,",49.202751946828315,16.12645049793924,TR
"Vídeň,,",49.39084558499865,16.03064770578589,ZR
"Vídeň,,SZP",49.39245047645431,16.047734765576696,ZR
"Vidonín,,",49.3791267979113,16.22249140810527,ZR
"Vílanec,,",49.33384833647831,15.576311549353166,JI
"Vílanec,,škola",49.335520607727325,15.575002845168019,JI
"Vílanec,Loučky,",49.32554580802773,15.561788330852874,JI
"Vilémov,,nám.",49.815488405731216,15.536120211449997,HB
"Vilémov,,odb.Hedvikov",49.815962503491036,15.536065827710452,HB
"Vilémov,Dálčice,",49.786337048372424,15.561930700598909,HB
"Vilémov,Hostovlice,",49.78487227506212,15.528142708971977,HB
"Vilémov,Jakubovice,",49.78733456042834,15.51920828660981,HB
"Vilémov,Klášter,",49.811291698226704,15.52684568129464,HB
"Vilémov,Spytice,odb.",49.838326438763666,15.519180981491528,HB
"Vilémov,Točice,",49.80375906935566,15.55852687510416,HB
"Vilémov,Ždánice,",49.794135501822154,15.554098751282643,HB
"Vilémovice,,",49.68686127291718,15.32150692875634,HB
"Vír,,dol.přehrada",49.54851645897702,16.338632054441767,ZR
"Vír,,u mostu",49.55677930209727,16.315351363596996,ZR
"Vír,,u Šťastných",49.5548021147733,16.328729315821466,ZR
"Vír,,u záv.",49.559961521384096,16.312058078389118,ZR
"Víska,,",49.7703738149716,15.65291660214287,HB
"Vladislav,,",49.21029355835334,15.987073142491576,TR
"Vladislav,Hostákov,",49.23201907944263,15.970734857338902,TR
"Vladislav,Střížov,",49.19807259645936,15.979129977918827,TR
"Vlachovice,,",49.59707820644272,16.041008421637457,ZR
"Vlachovice,,autokemp",49.607999544967186,16.043282456748962,ZR
"Vlčatín,,",49.30590189788453,15.949112170925947,TR
"Vlkanov,,",49.71582988573431,15.356940255776918,HB
"Vlkov,,ObÚ",49.325018593223454,16.19997015658003,ZR
"Vlkov,,žel.st.",49.32292788311178,16.211504955125935,ZR
"Vojnův Městec,,křiž.0.8",49.67972118675492,15.874806084955523,ZR
"Vojnův Městec,,pošta",49.67942366655982,15.876676397331405,ZR
"Vojslavice,,",49.59313241082907,15.228564708830127,PE
"Volevčice,,obec",49.21109563759814,15.443975301355866,JI
"Výčapy,,",49.14447643815488,15.877477857766218,TR
"Výčapy,Štěpánovice,",49.12439650038888,15.882595317640357,TR
"Vyklantice,,rozc.1.0",49.55174456167846,15.03756113213392,PE
"Vyskytná,,",49.42945310709851,15.366652066165484,PE
"Vyskytná n.Jihlavou,,odb.",49.41708651152028,15.50588409019505,JI
"Puklice,,škola",49.35905498713026,15.655725086829985,JI
"Puklice,Studénky,rozc.",49.36653322448595,15.61710928459171,JI
"Nový Jimramov,Rabuňka,",49.634134381344566,16.179629659525713,ZR
"Radenice,,rozc.0.5",49.43137057101678,16.06769975038009,ZR
"Radešínská Svratka,,Pusty",49.51587053638506,16.080595207177595,ZR
"Radkov,,",49.422947073476564,16.16071930209961,ZR
"Radonín,,",49.27984343140031,15.72367353711829,TR
"Rantířov,,",49.40811130763605,15.514739268469981,JI
"Rantířov,,osada Damle",49.405192594719985,15.521776815063777,JI
"Rodinov,,",49.28133843894024,15.100682234201269,PE
"Rohozná,,Kopaniny n.Rychnovem",49.35800712438573,15.387845383588527,JI
"Rokytnice n.Rok.,,",49.1845844955097,15.773439577485291,TR
"Litovany,,Boříkovice",49.068310057499474,16.0678757825291,TR
"Rudíkov,,rozc.Hroznatín",49.287762071158134,15.946657300313193,TR
"Rudíkov,,ZD",49.283298782711185,15.943185741519184,TR
"Rušinov,Modletín,ZŠ",49.79151113700784,15.712045069946809,HB
"Řečice,Záběhlice,",49.60782669716519,15.346784080217194,PE
"Řídelov,,rozc.",49.230741126702505,15.408114844463825,JI
"Mezilesí,,Karbanův mlýn",49.53658168616072,14.960879324318118,PE
"Samšín,Přáslavice,rozc.1.5",49.49409382724528,15.077721688502175,PE
"Sázava,,hotel",49.55733862451298,15.876548295454574,ZR
"Sázava,,nemocnice",49.55829398348152,15.871013996498263,ZR
"Sázava,Česká Mez,",49.54863025738659,15.873419570290121,ZR
"Sedletín,,",49.70848263449197,15.563995599566484,HB
"Sedlice,,koupaliště",49.51400354429975,15.270872104324052,PE
"Sejřek,,zbrojnice",49.43579046393247,16.307309585235956,ZR
"Senožaty,,fara",49.56937939808734,15.198259834535003,PE
"Sklené,,",49.609536897930205,16.005562539096935,ZR
"Sklené n.Osl.,,myslivna",49.44687885376059,16.044604455700057,ZR
"Skorotice,Chlébské,",49.46838445134644,16.361063552491025,ZR
"Skryje,Hostačov,",49.84306971894367,15.492460561666348,HB
"Slavětice,,rozvodna",49.10604904199543,16.110746214906307,TR
"Slavičky,Okrašovice,rozc.1.5",49.18343876786349,15.94900154943427,TR
"Slavíkov,,",49.74330825364133,15.780929623305276,HB
"Slavíkov,,Čtvrť",49.75062441043486,15.772395788091032,HB
"Slavíkov,Dlouhý,",49.75326763641216,15.817355386906511,HB
"Slavíkovice,,",49.002994815864994,15.62440830500761,TR
"Sloupno,,lom",49.73589181350503,15.76081455715911,HB
"Sněžné,,u Štursů",49.64120707558477,16.119760580708796,ZR
"Sněžné,Podlesí,",49.66242996269131,16.11103495584656,ZR
"Sněžné,Vříšť,",49.63505524622173,16.118260022504263,ZR
"Stará Říše,,",49.177518290266235,15.595574916769587,JI
"Stojčín,,zbrojnice",49.238113104339135,15.22179894000138,PE
"Stonařov,,škola",49.276960607777816,15.583392194124217,JI
"Stonařov,Sokolíčko,rozc.",49.28618956021129,15.596761052741996,JI
"Velké Meziříčí,Svařenov,rozc.1.5",49.37596074511323,15.947354254700379,ZR
"Strážek,Meziboří,za rybníkem",49.40872817993615,16.21363643454481,ZR
"Stropešín,,",49.15271566385238,16.07600246900289,TR
"Střítež,,has.zbroj.",49.45911863615611,15.625902769608805,JI
"Světlá n.Sáz.,Benetice,hájenka",49.68159884631695,15.360967668112089,HB
"Světlá n.Sáz.,Dlužiny,Nový Dvůr",49.71071507185265,15.388194929245447,HB
"Světlá n.Sáz.,Josefodol,",49.69097534578658,15.423668584368064,HB
"Světlá n.Sáz.,Závidkovice,",49.650261654502344,15.408764308282546,HB
"Světlá n.Sáz.,Závidkovice,zem.závod",49.646541179407826,15.404391970829657,HB
"Světlá n.Sáz.,Žebrákov,rozc.2.2",49.69014246818413,15.38083833916056,HB
"Světnov,,kopaniny",49.63568806607584,15.96321205337493,ZR
"Šebkovice,,žel.st.",49.12160051103091,15.834306365867352,TR
"Škrdlovice,,",49.63488296879273,15.925956903436717,ZR
"Šlapanov,Kněžská,rozc.1.9",49.543797004118595,15.657186352291081,HB
"Šlapanov,Šachotín,",49.5444017973086,15.686928141296491,HB
"Štoky,,na kopci",49.49720557520954,15.588709404258417,HB
"Štoky,,Na Vysočině",49.52025286719648,15.592094591949841,HB
"Štoky,,nám.",49.502723139331906,15.587746370578579,HB
"Útěchovičky,,rozc.2.0",49.474230882157634,15.098286781058333,PE
"Útěchovičky,,",49.46089342079537,15.098454600584782,PE
"Valdíkov,,",49.24738030555265,15.983876322700858,TR
"Valdíkov,,drůbežárna",49.244883124941076,15.981301195346058,TR
"Valeč,,",49.14779306034481,16.038104368259123,TR
"Valeč,,u kostela",49.144758916419434,16.035809403190967,TR
"Vanov,,",49.207824791647774,15.416620462622504,JI
"Vápovice,,",49.15559620722819,15.578699817409325,JI
"Vatín,,",49.52644262985176,15.968798606236305,ZR
"Včelnička,,",49.30494201120156,15.042199830660811,PE
"Včelnička,,sklárna",49.30610687012235,15.039318729923169,PE
"Věcov,,",49.61556242452989,16.17180867797699,ZR
"Věcov,Jimramovské Pavlovice,",49.61690405377252,16.201463815271815,ZR
"Věcov,Koníkov,",49.600837300296924,16.14423299403176,ZR
"Věcov,Koníkov,u památníku",49.60198423458374,16.149824771343404,ZR
"Věcov,Míchov,",49.604933916675925,16.188091278935474,ZR
"Věcov,Odranec,",49.613407616064514,16.138297338480676,ZR
"Věcov,Roženecké Paseky,",49.604760824884075,16.157938849016837,ZR
"Věcov,Roženecké Paseky,Štarkov",49.60952751514685,16.166266772150433,ZR
"Věchnov,,rozc.Lom",49.495127157682255,16.28622997335985,ZR
"Věchnov,,u rybníka",49.49841708754561,16.279932346279807,ZR
"Velká Bíteš,,BDS",49.29690042050627,16.21965200263686,ZR
"Velká Bíteš,,cihelna",49.284551400118566,16.24176091171447,ZR
"Velká Bíteš,,Hybešova",49.28324071687267,16.23059379474402,ZR
"Velká Bíteš,,nám.",49.28832700281269,16.226673656550926,ZR
"Velká Bíteš,,samota",49.30336672846079,16.231193982681827,ZR
"Velká Bíteš,,Jihlavská",49.288712231381105,16.21074494315585,ZR
"Velká Bíteš,,škola",49.29080873923922,16.226892037223543,ZR
"Velká Bíteš,,PBS",49.29956029190607,16.21386840118641,ZR
"Velká Bíteš,Bezděkov,",49.29968689673377,16.1728946985393,ZR
"Velká Bíteš,Březka,",49.28500193978625,16.163159239828154,ZR
"Velká Bíteš,Březka,rozc.",49.288032732488226,16.162552937741147,ZR
"Velká Bíteš,Holubí Zhoř,",49.29105784051162,16.141362714717534,ZR
"Velká Bíteš,Jestřabí,rozc.",49.27567419628854,16.202052676846275,ZR
"Velká Bíteš,Košíkov,",49.26902606531652,16.238671203649854,ZR
"Velká Bíteš,Košíkov,rozc.",49.270692285159335,16.236658416781065,ZR
"Velká Bíteš,Ludvíkov,",49.25416670154806,16.258019723357425,ZR
"Velká Chyška,,",49.51176633939029,15.03708531545849,PE
"Velká Losenice,,",49.58023088799501,15.835847183025448,ZR
"Velká Losenice,,u křížku",49.57680454398549,15.841872503960337,ZR
"Velká Losenice,,škola",49.583247868241436,15.828032656057289,ZR
"Velká Losenice,Pořežín,",49.57770301059857,15.805968262753472,ZR
"Velké Janovice,,",49.58681361014989,16.22218436478224,ZR
"Velké Meziříčí,,cihelna",49.36911691232852,16.026735564147298,ZR
"Velké Meziříčí,,katastrální úřad",49.3490689115106,16.000507589726535,ZR
"Velké Meziříčí,Františkov,",49.34674402347338,16.027687406615527,ZR
"Velké Meziříčí,,Hornoměstská",49.35621403490443,16.00554877540364,ZR
"Velké Meziříčí,,Jestřábec kemp",49.36520086491556,15.984129855493663,ZR
"Velké Meziříčí,,Motorpal",49.36443520735998,16.015895788064146,ZR
"Velké Meziříčí,,U Floumových",49.35862766666137,16.014385647253356,ZR
"Velké Meziříčí,,u kaple",49.35055362511179,15.974076211625976,ZR
"Velké Meziříčí,,U Kozů",49.35034835858972,16.022218822758408,ZR
"Velké Meziříčí,,Staré nádraží",49.350696079256444,16.00571738649786,ZR
"Velké Meziříčí,Dolní Radslavice,",49.34893208876814,16.057649561998108,ZR
"Velké Meziříčí,Dolní Radslavice,domky",49.347960990983765,16.04483377884402,ZR
"Velké Meziříčí,Hrbov,",49.365826818219254,15.954417486067786,ZR
"Velké Meziříčí,Kúsky,",49.353986699308905,16.073469187429467,ZR
"Velké Meziříčí,Lhotky,",49.356959919204485,16.061067718054407,ZR
"Velké Meziříčí,Lhotky,Na výsluní",49.357482891864265,16.06256333953856,ZR
"Velké Meziříčí,Mostiště,",49.37752381691655,16.017883957735627,ZR
"Velké Meziříčí,Mostiště,nemocnice rozc.",49.38759991355145,16.004364155013405,ZR
"Kamenice n.Lipou,,Bradlo",49.29097881019607,15.074616299247236,PE
"Pelhřimov,,Lhotka II",49.406044088192566,15.228372203602406,PE
"Mnich,Chválkov,háj.",49.32886327765454,14.956979284313872,PE
"Horní Cerekev,Hříběcí,žel.zast.",49.32050379837359,15.308933115071731,PE
"Těmice,Babín,váha",49.34220095748178,15.080705208746828,PE
"Chlum,,",49.57436034914,16.320733500697493,ZR
"Sejřek,Bor,",49.438253784946866,16.289367708617107,ZR
"Polnička,,Obecní úřad",49.606294531922586,15.913586257380182,ZR
"Náměšť n.Osl.,,U Rathanu",49.21085810687681,16.141246434104136,TR
"Bohdalov,Chroustov,sever",49.46001890945308,15.854592849516244,ZR
"Velké Meziříčí,,Bezděkov",49.353063601328415,16.018638156233468,ZR
"Sulkovec,Polom,",49.59970337242981,16.310335622655334,ZR
"Brtnička,,u kaple",49.23746785682555,15.622608789558713,JI
"Humpolec,,Lužická",49.551233761001185,15.359199136307392,PE
"Arneštovice,,křiž.0.2",49.5300647119134,15.12155182546879,PE
"Koberovice,,u Pavlánů",49.59015092153548,15.25335228443862,PE
"Leskovice,,obec",49.42926960766217,15.080416703184412,PE
"Nový Rychnov,,hřbitov",49.385441524565984,15.362515713937848,PE
"Mnich,Chválkov,Dvořiště",49.32090654673516,14.986299086569252,PE
"Vokov,,",49.395787210521455,15.217618317759479,PE
"Hubenov,,Starý Hubenov obec",49.4002576540088,15.459650169116035,JI
"Brtnice,,Školní ul.",49.30989216753569,15.674836869911204,JI
"Bačkov,,I",49.73401994205351,15.461080376148205,HB
"Batelov,,žel.st.",49.31798310471683,15.397984560198948,JI
"Batelov,Rácov,samota",49.29688460159394,15.392260031104119,JI
"Bobrůvka,,Tisy",49.44453023053455,16.10032504211365,ZR
"Bohdalín,,rozc.",49.308133230027174,15.026326734354306,PE
"Bojiště,,",49.66795887350682,15.286804669500908,HB
"Borek,,hotel",49.79236176820469,15.588657429044446,HB
"Bořetice,,samota",49.484367012919904,15.101634404443935,PE
"Čáslavsko,,Šebířův mlýn",49.582580441651125,14.999454543609044,PE
"Čáslavsko,Štědrovice,rozc.",49.594919362809485,15.007279753190986,PE
"Černov,,rozc.",49.33531218583011,15.311893169493104,PE
"Černovice,Panské Mlýny,",49.3542686980668,14.941804403393645,PE
"Černovice,Střítež,",49.383978611298,14.942295621476338,PE
"Číhalín,,rozc.1.0",49.27178090841353,15.827947565552655,TR
"Dobrá Voda,Letny,rozc.",49.3672110633734,15.275497066746023,PE
"Dobronín,,cihelna",49.48386168175964,15.68113680283403,JI
"Dolní Krupá,,Chrast rozc.0.7",49.649460949786594,15.60081670239721,HB
"Dolní Město,Meziklasí,II",49.64201093378884,15.347894099437259,HB
"Dolní Rožínka,,sídliště",49.4771795212623,16.210304261251867,ZR
"Dudín,,Buková",49.46596893019886,15.388982295889722,JI
"Dukovany,,rozc.2.0",49.08583795086485,16.166580867208,TR
"Důl,Nová Ves,",49.46404555824429,15.024948172224878,PE
"Dyjice,,rozc.",49.17163899874862,15.487709911536355,JI
"Eš,,Červený Mlýn",49.44328002253976,14.999249935311402,PE
"Golčův Jeníkov,Olšinky,",49.79741765606524,15.478827094930285,HB
"Habry,,sokolovna",49.75790545426404,15.487184066915082,HB
"Hamry n.Sáz.,Šlakhamry,",49.572460959717574,15.879584107532,ZR
"Vepřová,,rozc.1.0",49.617669209696615,15.815171998895675,ZR
"Havlíčkova Borová,Peršíkov,rozc.2.0",49.641149119771164,15.772952935787108,HB
"Havlíčkův Brod,,Herlify rozc.",49.59187503745213,15.609608358402431,HB
"Koroužné,,u mostu",49.53112367257748,16.352382503481994,ZR
"Kostelec,,masna",49.356017967769915,15.48965793183682,JI
"Kostelec,,nám.",49.36188812588404,15.491928401395615,JI
"Kostelec,,rozc.",49.35983913998627,15.49011445794434,JI
"Kostníky,,",48.975274642603146,15.635720323744883,TR
"Košetice,,škola",49.55597313463572,15.111865488272526,PE
"Košetice,Nová Ves,rozc.",49.55342847642696,15.089298530342601,PE
"Kotlasy,,",49.49308483291277,15.945659548555229,ZR
"Kouty,,",49.648224351766,15.293437136501296,HB
"Kouty,,",49.31493406727488,15.792885700354462,TR
"Kozlany,,",49.18009951057735,16.06405482445438,TR
"Kozlov,,",49.73481550358723,15.293019958667939,HB
"Kozlov,Leština,",49.74914457812167,15.299966457772436,HB
"Kozlov,Olešná,",49.721319022833285,15.291707834157853,HB
"Kozlov,,",49.411980792016145,15.700535675883705,JI
"Kozlov,,rozc.",49.398429327395604,15.70019566075918,JI
"Kozlov,,rozc.0.5",49.38138475845346,16.077795554889455,ZR
"Kožichovice,,",49.20067672289107,15.921739804091724,TR
"Kožlí,,has.zbroj.",49.670344920594324,15.25313645226907,HB
"Kožlí,,rozc.1.5",49.6800134996349,15.24305674718073,HB
"Kožlí,Bohumilice,",49.693207854684196,15.253722667077227,HB
"Kožlí,Přemilovsko,",49.687795203583455,15.236883902795755,HB
"Kožlí,Sechov,II",49.69914446782999,15.243597601283343,HB
"Kraborovice,,",49.80050175283351,15.566900433354254,HB
"Krahulčí,,",49.18116789412251,15.413848231057967,JI
"Krahulov,,",49.222948510608184,15.808418217036566,TR
"Krahulov,,Steklý rybník 1.0",49.2226951556632,15.786475488377368,TR
"Krahulov,,žel.přejezd",49.21325663042684,15.813419120439436,TR
"Kralice n.Osl.,,rozc.",49.19703974728836,16.20336866378977,TR
"Kralice n.Osl.,,žel.st.",49.19307711228496,16.2025781131063,TR
"Kralice n.Osl.,Horní Lhotice,",49.20633398529803,16.219695098522163,TR
"Kramolín,,",49.13406500871075,16.132189828236026,TR
"Kramolín,,elektrárna",49.12329573112122,16.127981732482503,TR
"Krasíkovice,,",49.46128012048805,15.230131668883953,PE
"Krásná Hora,,hřbitov",49.60189045266132,15.476037201035671,HB
"Krásná Hora,Bezděkov,",49.58289405514002,15.486998553107103,HB
"Krásná Hora,Vitonín,",49.61920990650487,15.43573007920776,HB
"Krásná Hora,Volichov,",49.61943966581327,15.444745200552664,HB
"Krásná Hora,Volichov,rozc.1.4",49.61245611737225,15.4598308247577,HB
"Krásné,,",49.677760727153874,16.146648086296697,ZR
"Krasonice,,",49.115794299213356,15.615514030788471,JI
"Krasonice,,pošta",49.1181829633489,15.615500185519004,JI
"Krátká Ves,,",49.625083150551944,15.684056391277394,HB
"Krhov,,",49.09976195563993,16.01884835376338,TR
"Krokočín,,",49.244519435032856,16.232934243573666,TR
"Krokočín,,rozc.1.7",49.25345550916416,16.216236108218858,TR
"Krucemburk,,nám.Jana Zrzavého",49.688424050075206,15.852415022713922,HB
"Krucemburk,,odb.",49.70154830445141,15.88525006874859,HB
"Krucemburk,,sokolovna",49.691017759004176,15.840403560692145,HB
"Krucemburk,,u parku",49.6906074627471,15.84197322136985,HB
"Krucemburk,Hluboká,",49.66164050083503,15.854334866172895,HB
"Krucemburk,Staré Ransko,",49.68217818080957,15.830476738247345,HB
"Křeč,,",49.38913870153848,14.915272115708628,PE
"Křeč,,ZD",49.38966040922516,14.923149681921954,PE
"Křelovice,,",49.537036582881115,15.166367736887421,PE
"Křelovice,,záv.Červená Řečice",49.52946570671724,15.172098181706128,PE
"Křelovice,Číhovice,",49.55372311193557,15.16671234672937,PE
"Křelovice,Jiřičky,rozc.",49.55196667142933,15.160785922791563,PE
"Křelovice,Jiřičky,st.sil.",49.54593852240527,15.155281274480675,PE
"Křešín,Mohelnice,",49.58866149747467,15.035060801476575,PE
"Křídla,,",49.52699757800307,16.123123949437616,ZR
"Křižánky,,dolní konec",49.675939291416064,16.080094844075195,ZR
"Křižánky,,střed",49.6831179024989,16.068561058289184,ZR
"Křižánky,,u mostu",49.68890002395077,16.0630509882579,ZR
"Křižanov,,nám.",49.388137308594715,16.111005213649108,ZR
"Křižanov,,pila",49.39227095139819,16.113450728039652,ZR
"Křižanov,,žel.st.rozc.0.3",49.382905007767185,16.082366945988834,ZR
"Křoví,,II",49.30607405021854,16.26415312246662,ZR
"Křoví,,pila",49.3140338463694,16.24882287928222,ZR
"Křoví,,rozc.0.5",49.316819835230056,16.26127214552235,ZR
"Kundratice,,",49.40004238959929,16.132047060693143,ZR
"Kundratice,,I",49.402632258177356,16.134829407641792,ZR
"Kunemil,,",49.70750386536229,15.431774153305874,HB
"Kuroslepy,,",49.15435361534863,16.210101049879988,TR
"Kuroslepy,,pila",49.149353126150466,16.20417586847953,TR
"Květinov,,",49.56444408854279,15.508427898492286,HB
"Květinov,Radňov,",49.556003138898355,15.499312013881086,HB
"Kyjov,,rozc.2.4",49.61329160107448,15.62351324883149,HB
"Kyjov,,",49.443093136186924,15.880572629469176,ZR
"Kynice,,",49.73961580502947,15.361132781745297,HB
"Lány,,",49.75886303535484,15.713486490122476,HB
"Lány,Suchá,",49.75270605769393,15.717790840087503,HB
"Lavičky,,domky",49.37669831670045,15.962827991550963,ZR
"Lavičky,Závist,",49.39006405646263,15.973581955035487,ZR
"Láz,,",49.01276463133967,15.7862752653519,TR
"Ledeč n.Sáz.,,Horní Ledeč",49.69608429534381,15.28266720756045,HB
"Ledeč n.Sáz.,,Husovo nám.",49.69471683122499,15.275291085227698,HB
"Ledeč n.Sáz.,,sídl.Plácky",49.689114988585146,15.27711257932812,HB
"Ledeč n.Sáz.,Habrek,",49.71466615157958,15.26685897148107,HB
"Ledeč n.Sáz.,Obrváň,",49.70716222302979,15.260692813736613,HB
"Lesná,,",49.517933172961975,15.05809504532882,PE
"Lesná,,",49.17378974903897,15.678719696576499,TR
"Lesní Jakubov,,",49.205940384257374,16.243841729675825,TR
"Lesonice,,Nové Dvory",49.10950869237312,15.778048327629353,TR
"Lesůňky,,",49.106913684902906,15.843370318773964,TR
"Leškovice,,",49.76316454870643,15.533858908802921,HB
"Leština u Světlé,Vrbice,",49.74670229034466,15.386502794821576,HB
"Lhota-Vlasenice,Vlasenice,rozc.",49.31403495774609,15.12125645420154,PE
"Lhotice,,",49.02165293694098,15.606885769859971,TR
"Lhotka,,",49.20756176358297,15.388904608158624,JI
"Lhotka,,",49.58202453225147,16.00362790450418,ZR
"Libice n.Doubr.,,",49.744813755915885,15.703064191069899,HB
"Libice n.Doubr.,,Číhadla",49.74149380056672,15.708661364576198,HB
"Libice n.Doubr.,,rozc.0.3",49.746922014166856,15.699324902877455,HB
"Libice n.Doubr.,Barovice,",49.760632297981736,15.749783723311563,HB
"Libice n.Doubr.,Hůrka,",49.74029397151006,15.6870085743704,HB
"Libice n.Doubr.,Chloumek,",49.77461671213593,15.743539850865515,HB
"Libice n.Doubr.,Křemenice,",49.77212267495777,15.766950929667813,HB
"Libice n.Doubr.,Lhůta,",49.7574623468806,15.735671077553361,HB
"Libice n.Doubr.,Malochyně,odb.",49.706265835588596,15.73825764479719,HB
"Libkova Voda,,",49.376890972135335,15.1911766370392,PE
"Libkova Voda,,samoty",49.382980269285376,15.197893699898469,PE
"Lidmaň,,",49.381931938197695,15.037202443487342,PE
"Lípa,,",49.55406740039887,15.54261121221739,HB
"Lípa,Petrkov,",49.56785565053592,15.559150996500486,HB
"Lipnice n.Sáz.,,bytovky",49.614598875478485,15.407445764375268,HB
"Lipnice n.Sáz.,,léčebna",49.616379794441926,15.413604128415678,HB
"Lipnice n.Sáz.,Dolní Dvůr,",49.608072452852205,15.428559461291394,HB
"Krásná Hora,Křemen,samota",49.60823547625019,15.439259464103545,HB
"Krásná Hora,Svitálka,",49.60942548481884,15.449494736967289,HB
"Lipnice n.Sáz.,Vilémovec,",49.621671686915576,15.422817400652471,HB
"Lipnice n.Sáz.,Vilémovec,rozc.0.3",49.620068852217855,15.422718542698403,HB
"Lipník,,",49.14445711854827,15.94868680245958,TR
"Klučov,,Lhotka",49.15379172132325,15.94114172628601,TR
"Lísek,,samota",49.59331637264116,16.1845489022419,ZR
"Lísek,,u Smrčků",49.583735325515356,16.186557582694416,ZR
"Lísek,Vojtěchov,",49.567428380881445,16.16117057214119,ZR
"Líšná,,dolní",49.63488230152302,16.15023852567911,ZR
"Líšná,,horní",49.640061790505285,16.151382570895258,ZR
"Líšná,,u hájenky",49.63642562987395,16.140565351199037,ZR
"Litohoř,,",49.06605553242023,15.769207453228173,TR
"Litohošť,,",49.44993336974218,15.091235428117244,PE
"Litovany,,",49.05534571947654,16.04528275132778,TR
"Lomy,,",49.066406622773385,15.601838359933176,TR
"Loukovice,,",49.13683297730368,15.793231180498966,TR
"Lovčovice,,",48.98258187260419,15.534568322771118,TR
"Lučice,,I",49.66055593035901,15.498974656788942,HB
"Lučice,,II",49.662759915191714,15.495053829945629,HB
"Lučice,Janovec,",49.67471916234261,15.487510722250743,HB
"Luka n.Jihlavou,,cihelna",49.381814453676014,15.69957004579357,JI
"Luka n.Jihlavou,,nám.",49.373057145019864,15.70336072784008,JI
"Luka n.Jihlavou,,Pleas",49.36933906760058,15.71601345177188,JI
"Luka n.Jihlavou,,sokolovna",49.37467863082573,15.695419808388777,JI
"Luka n.Jihlavou,,Staré Brno",49.37620231558007,15.699873010103852,JI
"Luka n.Jihlavou,,u lávky",49.37105126724438,15.71212680811512,JI
"Luka n.Jihlavou,Otín,",49.386482961952325,15.688125155077243,JI
"Lukavec,,",49.565768314380534,14.990664247369384,PE
"Lukavec,,záv.",49.5606924736921,14.984116299523311,PE
"Lukavec,Velká Ves,",49.56840184430513,14.953610017705344,PE
"Lukov,,",49.07357941747242,15.824045842257835,TR
"Lukov,,rozc.1.0",49.069334312084,15.843537379438168,TR
"Malá Losenice,,",49.59887617356974,15.796677980734747,ZR
"Malá Losenice,,samota",49.60659985396485,15.797722922399743,ZR
"Malčín,,",49.68790969919991,15.46673002898463,HB
"Malčín,Komárov,rozc.0.9",49.67797783119242,15.487949351333231,HB
"Maleč,,pošta",49.77062621372019,15.682008092742018,HB
"Maleč,,ZŠ",49.77289809989444,15.673936920273254,HB
"Maleč,Horní Lhotka,",49.77731010323438,15.68442149879371,HB
"Maleč,Hranice,",49.764815231909196,15.689952097029513,HB
"Maleč,Předboř,",49.764725566053976,15.710277581101831,HB
"Markvartice,,",49.176951227900325,15.617215220644855,JI
"Markvartice,,",49.20020978905635,15.769648454621553,TR
"Martinice,,",49.371771240625755,16.038702312644958,ZR
"Martínkov,,",49.09536914446751,15.715194482604113,TR
"Mastník,,",49.181947627804426,15.82606354916219,TR
"Matějov,,",49.529284899390255,15.863472418385395,ZR
"Moravské Budějovice,,Chelčického",49.06014596563511,15.815864730259495,TR
"Moravské Budějovice,,ZD",49.055883097226356,15.824787658145258,TR
"Moravské Budějovice,Jackov,",49.035932469306736,15.769258678785565,TR
"Moravské Budějovice,Lažínky,",49.03527317487748,15.832998289227342,TR
"Moravské Budějovice,Vesce,",49.022552183394914,15.833269506608683,TR
"Moravské Budějovice,Vranín,",49.06590439426469,15.730539213739712,TR
"Mrákotín,,",49.18965249153318,15.376601387400092,JI
"Mrákotín,Dobrá Voda,obec",49.17644041504222,15.380283395709274,JI
"Mrákotín,Praskolesy,",49.17597657692359,15.355284105984582,JI
"Mysletice,,",49.14265265626797,15.38859165454423,JI
"Mysletín,,",49.476720792821574,15.367980268088806,PE
"Myslibořice,,hájenka Ostré",49.12060600279258,15.972857322133672,TR
"Myslibořice,,chaloupky",49.10466754119895,15.973882506067444,TR
"Myslibořice,,",49.101950810936096,15.986122693413064,TR
"Nadějov,,",49.42215998734205,15.773699571193383,JI
"Nadějov,,u křížku",49.424042618954125,15.767575372725304,JI
"Naloučany,,",49.23285753035,16.135604868590118,TR
"Náměšť n.Osl.,,aut.nádr.",49.20742004611499,16.147555642508625,TR
"Náměšť n.Osl.,,Kamenný most",49.20669730459367,16.159579103473952,TR
"Náměšť n.Osl.,,sídliště",49.21134349818048,16.14325632075309,TR
"Náměšť n.Osl.,,U obory",49.202720036707476,16.15932237426364,TR
"Náměšť n.Osl.,Jedov,",49.22559306722437,16.155893267143878,TR
"Náměšť n.Osl.,Jedov,rozc.1.0",49.21824749868608,16.15427890710624,TR
"Náměšť n.Osl.,Otradice,",49.21493120382978,16.188053455073018,TR
"Náměšť n.Osl.,Otradice,samota",49.21989358040326,16.19406264919011,TR
"Nárameč,,",49.264220431512875,15.975893058937418,TR
"Nárameč,,lihovar",49.25951849124928,15.982510601249645,TR
"Nárameč,,rozc.",49.265339624484646,15.982469184028929,TR
"Nejepín,,",49.74374223160046,15.601854938157851,HB
"Netín,,",49.413225362664534,15.951084802325635,ZR
"Netín,Záseka,",49.426578873116085,15.954260237771093,ZR
"Nevcehle,,",49.22519114571369,15.534234664447961,JI
"Nimpšov,,",49.02248360212356,15.749254185876557,TR
"Nížkov,,",49.532115132450606,15.805345261327723,ZR
"Nížkov,,bramborárna",49.5370259455951,15.826212266650026,ZR
"Nížkov,,u vepřína",49.53378864768514,15.822009360884469,ZR
"Nížkov,,ZD",49.53320059839865,15.813644980039845,ZR
"Nížkov,Špinov,",49.5338178888055,15.781778964079304,ZR
"Nová Buková,,",49.345881806070544,15.296139934604405,PE
"Nová Cerekev,,nám.",49.41693825971839,15.117023166860312,PE
"Nová Cerekev,Chmelná,",49.39941614778225,15.11202472775743,PE
"Nová Cerekev,Markvarec,",49.37794373315015,15.089736836238194,PE
"Nová Cerekev,Myslov,",49.393796852027705,15.112790506693278,PE
"Nová Říše,,nám.",49.13996362543736,15.562416771830215,JI
"Nová Říše,,škola",49.141816731081974,15.55876016538212,JI
"Nová Ves,,",49.24879390796345,15.803929946734932,TR
"Nová Ves,,",49.39099364157037,16.19698095936647,ZR
"Nová Ves u N.Města na Mor.,,",49.53984541590071,16.085459308862717,ZR
"Nová Ves u N.Města na Mor.,,rozc.",49.54201314687627,16.080846819448393,ZR
"Nová Ves u Chotěboře,,",49.75560953046787,15.647802365372915,HB
"Nová Ves u Chotěboře,Bezlejov,",49.752745118650104,15.669094830701516,HB
"Nová Ves u Leštiny,,",49.786109472731276,15.405332983766781,HB
"Nové Dvory,,",49.5643398626319,15.80871291205889,ZR
"Nové Město na Mor.,,centrum",49.561107107004055,16.076237285674015,ZR
"Nové Město na Mor.,,budova ZD",49.55303664103364,16.071244986127688,ZR
"Nové Město na Mor.,,hotel Medlov rozc.",49.607781165830524,16.074284755249785,ZR
"Nové Město na Mor.,,hotel SKI rozc.",49.57662344785427,16.050701414350055,ZR
"Nové Město na Mor.,,Paseky",49.614524762475256,16.08859594639762,ZR
"Nové Město na Mor.,,Pohledecká skála",49.59007066466256,16.12719517170849,ZR
"Nové Město na Mor.,,Sporten a.s.",49.57088766370971,16.087109436908776,ZR
"Nové Město na Mor.,,MEDIN",49.56704274920339,16.058353280960343,ZR
"Nové Město na Mor.,,Dopravní terminál",49.568151140327004,16.08106147473832,ZR
"Nové Město na Mor.,Hlinné,",49.52810059015677,16.037869300905783,ZR
"Nové Město na Mor.,Jiříkovice,",49.57783778024621,16.0316161582514,ZR
"Nové Město na Mor.,Maršovice,",49.58009553094781,16.07757945106381,ZR
"Nové Město na Mor.,Olešná,",49.54649595031968,16.126783753308658,ZR
"Nové Město na Mor.,Petrovice,",49.546862344894784,16.063763275733763,ZR
"Nové Město na Mor.,Petrovice,LOU",49.5485384478061,16.05429567569691,ZR
"Nové Město na Mor.,Pohledec,",49.57902164815476,16.100211795236802,ZR
"Nové Město na Mor.,Pohledec,Jednota",49.57659552656484,16.095476488952965,ZR
"Nové Město na Mor.,Rokytno,",49.59985926807987,16.071114518075692,ZR
"Nové Město na Mor.,Slavkovice,",49.55317087895374,16.027328969981046,ZR
"Nové Město na Mor.,Studnice,rozc.",49.61028529439158,16.07825781493313,ZR
"Nové Syrovice,,",49.01794445921479,15.773517243242212,TR
"Nové Syrovice,,Mikálka",49.028320369759115,15.74732598945411,TR
"Nové Syrovice,,sokolovna",49.020052612312625,15.772312604441142,TR
"Nové Syrovice,Krnčice,",49.02643320006981,15.78855425317098,TR
"Nové Veselí,,",49.51975770144227,15.907366054251701,ZR
"Nový Jimramov,,",49.63436887131329,16.186385216046144,ZR
"Nový Jimramov,Jimramovské Paseky,",49.6441510725476,16.163518552648892,ZR
"Nový Rychnov,,",49.38364369143722,15.365231644534653,PE
"Nový Rychnov,Čejkov,",49.375269170551455,15.321620832823136,PE
"Nový Rychnov,Chaloupky,rozc.",49.40429278322089,15.365849263006055,PE
"Nový Rychnov,,Korec",49.40139802836673,15.313047705539454,PE
"Nový Rychnov,Křemešník,rozc.",49.40058553958243,15.318972294968153,PE
"Nový Rychnov,Řeženčice,",49.36841049370467,15.356442500185745,PE
"Nový Rychnov,Sázava,",49.39317299289462,15.330669647436007,PE
"Nový Telečkov,,",49.32110521404143,15.937732839081074,TR
"Nový Telečkov,,MAVET",49.321652168944894,15.946770765794922,TR
"Nyklovice,,",49.60452332860295,16.347619070399116,ZR
"Obrataň,,",49.42442201620519,14.949083271326089,PE
"Obrataň,Hrobská Zahrádka,",49.43796443063677,14.930369725662489,PE
"Obrataň,Vintířov,",49.401361310368216,14.986354451650069,PE
"Obyčtov,,",49.50108744375977,15.997427775759988,ZR
"Ocmanice,,",49.23232588678353,16.126715541873057,TR
"Odunec,,",49.1214700563809,16.01543690818596,TR
"Okarec,,",49.20602880483242,16.086978902826345,TR
"Okrouhlice,,",49.630774736674894,15.492186091610565,HB
"Okrouhlice,,most",49.62836191712897,15.490039227033579,HB
"Okrouhlice,Babice,",49.633802740174175,15.476954976007217,HB
"Okrouhlice,Chlístov,dolní",49.62457067864417,15.51786746012952,HB
"Okrouhlice,Chlístov,horní",49.62276639191527,15.528229059146437,HB
"Okrouhlice,Olešnice,",49.63890615787962,15.480401372273496,HB
"Okrouhlice,Vadín,",49.618856003796836,15.496468642809498,HB
"Okrouhlice,Valečov,",49.644426367786195,15.498240298769643,HB
"Okrouhlička,,",49.535520212190534,15.558774318585925,HB
"Okřešice,,",49.25832941121316,15.853841184182194,TR
"Okříšky,,aut.nádr.",49.24552591485208,15.76777398523258,TR
"Okříšky,,cihelna",49.24366084151208,15.761139389751282,TR
"Okříšky,,žel.st.",49.24775777497903,15.77226357073901,TR
"Olešenka,,",49.549687806917404,15.765134218986852,HB
"Olešná,,obec",49.68143717342662,15.547689331477406,HB
"Olešná,,rozc.1.0",49.67957991261047,15.53679566315431,HB
"Olešná,,",49.44563354682286,15.262583991909489,PE
"Olšany,,",49.185858623042144,15.566571371936009,JI
"Olší,,",49.15503748561211,15.375910988642172,JI
"Střítež,,hájenka",49.43302776586733,16.27500216752951,ZR
"Ondřejov,,",49.3926699326757,15.177676255571372,PE
"Onšov,,",49.57863629786175,15.136138601372236,PE
"Onšov,Těškovice,",49.58762777089783,15.130456119208507,PE
"Opatov,,",49.429605066514185,15.393881621474698,JI
"Opatov,,",49.223968443877624,15.661539811408623,TR
"Ořechov,,",49.19740582388884,15.529688254013896,JI
"Ořechov,,rozc.",49.19332984342175,15.528585285549385,JI
"Ořechov,,",49.34997485528071,16.138709361404963,ZR
"Ořechov,,u lomu",49.34898744368235,16.13959740334416,ZR
"Oslava,,",49.286527834291775,16.061141546162897,ZR
"Oslava,,chaty",49.28603768887368,16.069468503766817,ZR
"Oslavice,,",49.340988040408575,15.990587278630054,ZR
"Oslavice,,I",49.33883785755971,15.999691743614829,ZR
"Oslavička,,",49.31417229993923,15.966690355163202,ZR
"Oslavička,,rozc.1.0",49.31994311568388,15.968309390398582,ZR
"Osová Bítýška,,",49.32601603695446,16.171169839910004,ZR
"Osové,,",49.32497798798817,16.015607161038584,ZR
"Ostašov,,",49.15551713170357,15.918019618525634,TR
"Ostrov n.Osl.,,",49.489266438729665,15.98795329604697,ZR
"Ostrov n.Osl.,Suky,rozc.0.5",49.474224621111205,16.008355172496653,ZR
"Otín,,",49.26575433771819,15.571195616269376,JI
"Otín,,",49.36186855096623,15.908113789597905,ZR
"Otín,Geršov,",49.36626286955846,15.882471479456749,ZR
"Otín,Pohořílky,",49.352376514656655,15.901364397137622,ZR
"Oudoleň,,dolní",49.65542366682934,15.754459310630779,HB
"Oudoleň,,horní",49.66713180416237,15.758181048891812,HB
"Oudoleň,,křiž.",49.648481845857205,15.75177648402015,HB
"Oudoleň,,střední",49.66130852430763,15.75536951097402,HB
"Oudoleň,,váha",49.659237979645255,15.755924487111134,HB
"Ovesná Lhota,,",49.72298340303061,15.383601560043719,HB
"Ovesná Lhota,,U Malinů",49.71635791625109,15.384820971417982,HB
"Pacov,,aut.nádr.",49.4700202917064,15.003605030847256,PE
"Pacov,,Na růžku",49.47240957153876,15.000023403464057,PE
"Pacov,,žel.st.",49.460313560353065,15.017190312840507,PE
"Pacov,,Poláček",49.47418085714499,15.006155444854311,PE
"Pacov,Bedřichov,",49.47426166487806,14.962875518692186,PE
"Pacov,Jetřichovec,",49.50221223061542,14.974485653591515,PE
"Pacov,,Kozimberk",49.467386174536,14.998599949041573,PE
"Pacov,,Mlýn Brožka",49.47230478328179,14.951233462603325,PE
"Pacov,Velká Rovná,",49.474068783922135,14.938273256418475,PE
"Pálovice,,",49.00619308442224,15.535873297568203,TR
"Panenská Rozsíčka,,",49.25286875194551,15.515008008659073,JI
"Panské Dubenky,,Perka",49.214518847633855,15.268931036736785,JI
"Pavlínov,,",49.34822146625627,15.878711241981435,ZR
"Pavlov,,",49.69939732778449,15.331896067941438,HB
"Pavlov,,samoty",49.69988678533062,15.34851085817725,HB
"Pavlov,,",49.24249391146953,15.560810614433924,JI
"Pavlov,Bezděkov,",49.250803495793654,15.529567465379273,JI
"Pavlov,Stájiště,",49.25931063912713,15.533625522011636,JI
"Pavlov,,",49.398065021319255,15.244042746738248,PE
"Pavlov,,hájenka",49.4411068184481,15.898766988884569,ZR
"Pavlov,,I",49.45087982227037,15.91503306464649,ZR
"Pavlov,,II",49.44859748413641,15.918708790649891,ZR
"Pelhřimov,,aut.nádr.",49.42536590587684,15.223382087422493,PE
"Pelhřimov,,žel.st.",49.41950202540118,15.223276150759325,PE
"Pelhřimov,,ICOM",49.41668707854977,15.228088463565502,PE
"Pelhřimov,,hotel REKREA",49.43182213140374,15.227489218256359,PE
"Pelhřimov,,chaty",49.4209892358742,15.179467856379139,PE
"Pelhřimov,,Karlovo nám.",49.43245246894772,15.225398274964085,PE
"Pelhřimov,,Kartáčovny",49.40941333667854,15.2162100815929,PE
"Pelhřimov,,Křemešnická",49.427150380122775,15.227351517223806,PE
"Pelhřimov,,nem.I",49.43323608748003,15.22720115333447,PE
"Pelhřimov,,nem.II",49.43323261882163,15.229453069667672,PE
"Pelhřimov,,Osvobození I",49.437792152972726,15.212632980214503,PE
"Pelhřimov,,Pod Dolní branou",49.43233901086727,15.225724786306806,PE
"Pelhřimov,,Pražská",49.43546550010217,15.218355759825233,PE
"Pelhřimov,,Příkopy",49.43040679797068,15.224846419874787,PE
"Pelhřimov,Starý Pelhřimov,",49.43908906520886,15.197001734975773,PE
"Pelhřimov,,Strabag",49.41348264089896,15.220156475181435,PE
"Pelhřimov,,Strachovská",49.43211302151058,15.2171792850203,PE
"Pelhřimov,,Stráž",49.43001400508654,15.21334047416495,PE
"Pelhřimov,,Táborská",49.436858505942055,15.20672104879384,PE
"Pelhřimov,,u školy",49.42860251181681,15.221692194865785,PE
"Pelhřimov,Hodějovice,",49.465441026088826,15.207733688825968,PE
"Pelhřimov,Hodějovice,rozc.",49.44652080299973,15.196453567879878,PE
"Pelhřimov,Houserovka,",49.35545068567033,15.239076337492243,PE
"Pelhřimov,Janovice,",49.3303998893128,15.252280220838571,PE
"Pelhřimov,Jelcovy Lhotky,",49.451383495834705,15.315925403999813,PE
"Pelhřimov,Kocourovy Lhotky,",49.456086368262696,15.317824418537183,PE
"Pelhřimov,Lipice,",49.45658240492415,15.157272990266721,PE
"Pelhřimov,Myslotín,",49.40219125686177,15.198962623943585,PE
"Pelhřimov,Nemojov,",49.39930697911241,15.272771378130761,PE
"Pelhřimov,Nemojov,mlýn",49.39762909346379,15.262160232988055,PE
"Pelhřimov,Pobistrýce,",49.47764390153126,15.232910451674586,PE
"Pelhřimov,Skrýšov,",49.414021782699685,15.241464394593057,PE
"Pelhřimov,Služátky,",49.45784348280326,15.251832787949123,PE
"Pelhřimov,Vlásenice,nádr.",49.41620017984894,15.158780171508097,PE
"Petráveč,,",49.32883581783392,16.041580370573605,ZR
"Petráveč,,hájenka",49.33030342912526,16.0468145047174,ZR
"Petrůvky,,",49.15918040472207,15.90282137122098,TR
"Pikárec,,Martin",49.41919854788825,16.12188117996475,ZR
"Písečné,,",49.56718833659189,16.237560046263805,ZR
"Píšť,,",49.60318227270877,15.204318628163836,PE
"Plandry,,",49.42138826085186,15.536141332015722,JI
"Počátky,,Lázně Sv.Kateřiny rozc.",49.2768360473008,15.268361916224501,PE
"Počátky,,U nem.",49.25976058244055,15.235445971607165,PE
"Počátky,,U Smrčků",49.26861077631428,15.251564328811773,PE
"Počátky,Léskovec,",49.28576794452401,15.280022259576077,PE
"Počítky,,",49.58721793970126,15.971366947707759,ZR
"Poděšín,,",49.50897175227893,15.80039274931697,ZR
"Podmoklany,,",49.72085478191846,15.772981649606887,HB
"Podmoklany,Hudeč,odb.1.1",49.72123002832916,15.77756382149787,HB
"Podolí,,",49.48366347188265,16.082323085011375,ZR
"Pohled,,",49.60335332190818,15.648025712037573,HB
"Pohled,,rozc.1.0",49.61136130994623,15.643000967708716,HB
"Pohled,,Svatá Anna",49.616394320809235,15.65677984057312,HB
"Pohled,Rouštany,",49.61508385627449,15.638872987370386,HB
"Pokojov,,",49.48125109629169,15.90751324883926,ZR
"Pokojovice,,",49.21927729818873,15.740284969696917,TR
"Polesí,,",49.29371918587964,15.246991764078155,PE
"Polná,,aut.st.",49.48842318423728,15.720135440651825,JI
"Polná,,Kateřinov",49.48261559902622,15.716943401318684,JI
"Polná,,kino",49.487008167029174,15.71540255881607,JI
"Polná,,rozc.Hrbov",49.49137841541161,15.720772058743014,JI
"Polná,,žel.st.",49.48755017823521,15.705297382528126,JI
"Polná,Hrbov,",49.5058702884986,15.745225604201808,JI
"Polná,Nové Dvory,",49.49803840328688,15.67850829541309,JI
"Polná,Skrýšov,",49.49188090097247,15.773253132162054,JI
"Pošná,,",49.45884521934455,15.041299201328306,PE
"Proseč p.Křemešníkem,,",49.41511778358015,15.295298949089975,PE
"Proseč p.Křemešníkem,,samoty",49.41730448659219,15.30217304346659,PE
"Nová Cerekev,Proseč-Obořiště,",49.408187905759945,15.128960144618826,PE
"Prosetín,,rozc.1.0",49.52357783089551,16.41362343220216,ZR
"Prosetín,Brťoví,",49.53046527980538,16.37025632113239,ZR
"Prosetín,Čtyři Dvory,",49.52302595349935,16.384290677624257,ZR
"Přeckov,,",49.27537885711369,15.916713661860605,TR
"Předín,,",49.19651060100783,15.674999169846327,TR
"Předín,Hory,",49.18589679988601,15.653941062538182,TR
"Přešovice,,",49.05238382640568,16.060352592871464,TR
"Přibyslav,,Hesovská",49.57596105920334,15.732183523876188,HB
"Přibyslav,,Bechyňovo nám.",49.577127218307176,15.739287199321726,HB
"Přibyslav,,rozc.Modlíkov 2.0",49.59372764260406,15.762503877765326,HB
"Přibyslav,,Tržiště",49.57870425152063,15.734850354223804,HB
"Přibyslav,,žel.st.rozc.0.1",49.57160059706071,15.743453809341167,HB
"Přibyslav,Česká Jablonná,",49.54512239927978,15.744741846013694,HB
"Přibyslav,Dobrá,",49.58222130531129,15.737277014903873,HB
"Přibyslav,Dolní Jablonná,rozc.2.9",49.570007538555345,15.723789585828065,HB
"Přibyslav,Dvorek,",49.56519211711228,15.70725102370975,HB
"Přibyslav,Dvorek,odb.",49.5845367154279,15.701350647283494,HB
"Přibyslav,Hesov,",49.58060332333236,15.714358151147456,HB
"Přibyslav,Hřiště,",49.58604841875182,15.77588954881781,HB
"Přibyslav,Keřkov,",49.59019763216907,15.719594741199636,HB
"Přibyslav,Poříčí,",49.56700048048774,15.750606730646856,HB
"Přibyslav,Ronov n.Sáz.,",49.569599594625515,15.771476043011427,HB
"Přibyslav,Utín,",49.586004902394436,15.69189778335596,HB
"Přibyslavice,,",49.261512284397405,15.77778235066539,TR
"Přibyslavice,,hájenka",49.26005895240022,15.764858783269,TR
"Přibyslavice,,kolonie",49.25640747270056,15.782979168540683,TR
"Přibyslavice,,rozc.",49.262409384934095,15.774435394344867,TR
"Přibyslavice,,závod",49.25616024457362,15.778520171222668,TR
"Příseka u Světlé n.Sáz.,,",49.67099643441553,15.425625161213324,HB
"Příseka u Světlé n.Sáz.,,samota",49.66937934479901,15.439246644788042,HB
"Příštpo,,",49.07411866663319,15.934485369735375,TR
"Pucov,,",49.24780943305468,16.172994720530905,TR
"Puklice,,lihovar",49.35394390301215,15.670091395086358,JI
"Puklice,,zámek",49.360230394050205,15.648143337556547,JI
"Puklice,Studénky,",49.36469263370537,15.635299349279562,JI
"Pyšel,,",49.25041651346951,16.065659607229836,TR
"Pozďatín,,myslivna",49.241779128218134,16.04138915143889,TR
"Pyšel,Vaneč,",49.26390946142709,16.09355994661069,TR
"Pyšel,Vaneč,u mostu",49.26657773040689,16.094021443398976,TR
"Rácovice,,",49.0214908303384,15.68675670558169,TR
"Račice,,",49.10706273594177,16.023454536758244,TR
"Račice,,",49.49719161957734,16.13930575576572,ZR
"Račín,,",49.61758325666757,15.86770752577524,ZR
"Radenice,,",49.427123222187234,16.065922006891654,ZR
"Radešín,,",49.46927054632444,16.091451685792332,ZR
"Radešínská Svratka,,",49.50858219216838,16.08473387029705,ZR
"Radkov,,",49.14478034365347,15.475813101232403,JI
"Radkov,Radkovičky,",49.42789744882728,16.165904125474253,ZR
"Radkovice u Budče,,",49.081412588651226,15.62015163214565,TR
"Radkovice u Hrotovic,,",49.07063426269147,16.007327947697718,TR
"Radňoves,,",49.388837296229575,16.21343263454673,ZR
"Radňovice,,",49.56374821469774,16.03279032642795,ZR
"Štoky,Smilov,",49.53494940757865,15.622920480020431,HB
"Štoky,Smilov,samota",49.53671440877512,15.631106417945066,HB
"Štoky,Zvonějov,",49.47497339135919,15.59371784543015,HB
"Švábov,,",49.30867755357636,15.358054925969236,JI
"Tasov,,domky",49.2926480259559,16.086012348005347,ZR
"Tasov,,mlýn",49.28770835733123,16.077746432112054,ZR
"Telč,,Laurova cihelna",49.198179674457165,15.440310996709982,JI
"Telč,,rozc.Kostelní Myslová",49.17907226226903,15.450454149411929,JI
"Telč,Studnice,",49.22402886486217,15.456741770206868,JI
"Těmice,,",49.3506998239648,15.061353341874348,PE
"Těmice,Drahoňov,rozc.",49.36583455704723,15.052888521101643,PE
"Tis,Nový Dvůr,rozc.1.6",49.732726162126944,15.497314359375087,HB
"Trpišovice,Koňkovice,",49.648450687755336,15.336603463223845,HB
"Třebíč,,Hotel Atom",49.2188041758664,15.890517182891658,TR
"Třebíč,,Bažantnice",49.235114624951656,15.85026596152257,TR
"Třebíč,,Mototechna",49.216609985812774,15.899787399974146,TR
"Třebíč,,Správa silnic",49.2025670962968,15.897820744786042,TR
"Třebíč,,Sýpky",49.220089256781655,15.869197075683367,TR
"Třebíč,,Táborský mlýn",49.215067625796365,15.927832354781414,TR
"Třebíč,,A.Kratochvíla",49.21980525695316,15.894467146215815,TR
"Třebíč,Borovina,Pražská",49.210114900151204,15.857281862685703,TR
"Třebíč,Slavice,rozc.1.0",49.18121195470443,15.889089644132396,TR
"Třešť,,nám.",49.292070579690765,15.483285211879647,JI
"Třešť,,pila",49.30420975247263,15.4826528878517,JI
"Třešť,,poliklinika",49.28641738188288,15.481006918324487,JI
"Třešť,Buková,",49.30849998765794,15.44711875970789,JI
"Třešť,Buková,rozc.",49.30237441105879,15.448696380579962,JI
"Třešť,Salavice,myslivna",49.34003740603138,15.505391429560108,JI
"Třeštice,,rozc.",49.24130941107067,15.464621462439876,JI
"Uhelná Příbram,,",49.764793852067,15.585714837052551,HB
"Uhelná Příbram,Jarošov,",49.755465730892425,15.578865787459126,HB
"Uhelná Příbram,Přísečno,",49.779449535393454,15.61811067069638,HB
"Uhřínov,,GP",49.3505864159353,15.933659569707357,ZR
"Ujčov,Dolní Čepí,",49.47637235399312,16.34714442103538,ZR
"Újezd,,",49.50997770804984,15.871018237883522,ZR
"Mezilesí,Holýšov,",49.54978657079229,14.937463630453687,PE
"Mezilesí,Zelená Ves,",49.54555284667127,14.95859685443905,PE
"Meziříčko,,rozc.",49.40046841219111,15.847176933898483,ZR
"Čelistná,,rozc.Matouš",49.3701757348665,15.20997401164531,PE
"Mirošov,,",49.46518484283394,16.149275755803146,ZR
"Mirošov,,statek",49.4657463864252,16.143522133673965,ZR
"Mnich,,",49.299586615061216,14.965615892957125,PE
"Mnich,Mirotín,rozc.",49.31334150272105,15.000306299504265,PE
"Mohelno,,ZD",49.12295095895616,16.197431595543108,TR
"Moravec,,Bažantnice",49.434988382629804,16.157742949023625,ZR
"Mrákotín,,Hamry",49.19042402722912,15.358141622285064,JI
"Mrákotín,Dobrá Voda,rozc.",49.180405044527134,15.389652646926073,JI
"Mrákotín,Praskolesy,rozc.",49.18229066327248,15.374654951733236,JI
"Náměšť n.Osl.,,zámek",49.210986476071334,16.164354639883065,TR
"Náměšť n.Osl.,Zňátky,",49.19141299849956,16.14251797912222,TR
"Nárameč,,Dvorek",49.26854837495534,15.957410603836003,TR
"Nížkov,,u hřbitova",49.527685284735284,15.808002170003908,ZR
"Nová Cerekev,,žel.st.",49.42448480382028,15.116274197550874,PE
"Nová Cerekev,Částkovice,",49.40374068421656,15.146604056054576,PE
"Nová Cerekev,Stanovice,",49.434023441433546,15.1382927565655,PE
"Nová Cerekev,Stanovice,rozc.",49.44112576535792,15.14346427787265,PE
"Nová Ves u Chotěboře,Nový Dvůr,rozc.",49.76208470920645,15.633288272597044,HB
"Nové Město na Mor.,,nemocnice",49.56268720774819,16.06032999491281,ZR
"Nové Město na Mor.,Olešná,rozc.",49.549431836060165,16.10947606463041,ZR
"Nové Sady,,",49.29093573529457,16.19282926472526,ZR
"Nové Syrovice,Krnčice,VÚ",49.030749721701945,15.794672475807307,TR
"Nové Veselí,,ZDT",49.523899255404075,15.909817918093047,ZR
"Nový Rychnov,,háj.",49.37306328755443,15.308535186754614,PE
"Nový Rychnov,,Losy samota",49.37988422096693,15.33831055843493,PE
"Nový Rychnov,,Sítiny",49.390987575374794,15.338948126817321,PE
"Nový Rychnov,,Staré Hamry",49.36815472959241,15.377737759288097,PE
"Obrataň,,žel.st.",49.4287083503538,14.954457449192548,PE
"Obrataň,Hrobská Zahrádka,rozc.",49.44147469227974,14.927486230298253,PE
"Obrataň,Moudrov,",49.390492499662166,14.979251271070883,PE
"Okarec,,rozc.1.0",49.203732929901854,16.09942541333782,TR
"Okříšky,,Loudilka",49.228328879385124,15.753396331429917,TR
"Okříšky,,pila",49.25017573946935,15.781116088578743,TR
"Olešná,,cihelna",49.4469018938676,15.275622582135767,PE
"Olešná,Plevnice,rozc.",49.44739100355563,15.284591951732274,PE
"Olešná,Řemenov,",49.426917872185115,15.267600341733527,PE
"Opatov,,zdrav.stř.",49.222291478059574,15.663528190683982,TR
"Oponešice,,",49.03799029167634,15.651979024297463,TR
"Ořechov,Ronov,",49.34947143039757,16.13207889327226,ZR
"Oslavička,,hájenka",49.318779711410855,15.975650612961203,ZR
"Osová Bítýška,Osová,",49.32717998381714,16.19548811492699,ZR
"Ostrov,,",49.69196872545586,15.30188513919486,HB
"Ostrov,,horní",49.69311275962253,15.302025407151332,HB
"Otín,Pohořílky,rozc.",49.35596288357551,15.905243173927023,ZR
"Oudoleň,,odb.",49.67516662083133,15.75408336481291,HB
"Pacov,,škola",49.46741272333196,15.008520065448938,PE
"Pacov,,Trucbaba",49.47788774969901,14.995313207357713,PE
"Pacov,,Hrádek statek",49.49192956384949,15.025592652187887,PE
"Pacov,Roučkovice,rozc.",49.480543842908496,15.037914799118271,PE
"Pacov,Velká Rovná,Ovčín",49.47247911315906,14.925866734279516,PE
"Těchobuz,,lom",49.50762120151794,14.954625455483766,PE
"Pelhřimov,,ACHP",49.40440797897334,15.228761550579376,PE
"Pelhřimov,,hřbitov",49.42801708922064,15.2304917124328,PE
"Pelhřimov,,Rynárecká",49.41466548013048,15.22275416442067,PE
"Pelhřimov,,silo",49.404981824977234,15.228624994166196,PE
"Pelhřimov,Bitětice,",49.46591806299463,15.148337796714836,PE
"Pelhřimov,Drbohlavy,",49.3477949527871,15.185088815078059,PE
"Pelhřimov,Chvojnov,",49.460785581801176,15.274921822206663,PE
"Pelhřimov,Lešov,",49.38560401519944,15.297812575103816,PE
"Pelhřimov,Lešov,rozc.1.0",49.40039293076477,15.292206158634288,PE
"Pelhřimov,Ostrovec,rozc.",49.333498928812375,15.255230578060383,PE
"Pelhřimov,Pejškov,rozc.",49.44123366141065,15.138917159464134,PE
"Pelhřimov,Radětín,",49.450651564512754,15.231395138360577,PE
"Pelhřimov,Radňov,mlýn",49.38818603011728,15.277771746610934,PE
"Pelhřimov,Rybníček,rozc.1.5",49.4480936361075,15.29498690469354,PE
"Pelhřimov,Rybníček,samota",49.45519963818371,15.29294214042151,PE
"Pelhřimov,Služátky,rozc.1.0",49.46017160766002,15.243953762551936,PE
"Pelhřimov,Strměchy,",49.44513663600134,15.30575270286037,PE
"Pelhřimov,Vlásenice,",49.419320472275245,15.166730290137767,PE
"Petráveč,,rozc.",49.33280153172932,16.039869690866954,ZR
"Petrovice,,",49.24010706060653,15.78767528969874,TR
"Petrůvky,,rozc.1.0",49.163040011032955,15.88528629282463,TR
"Pikárec,,",49.43188672141981,16.125605228442822,ZR
"Píšť,Vranice,",49.60670660350202,15.212503090498384,PE
"Počátky,,aut.nádr.",49.26166159394513,15.23702699212112,PE
"Počátky,,st.statek rozc.",49.26290584420939,15.256187726754188,PE
"Počátky,Heřmaneč,rozc.1.0",49.275339737871946,15.261521032228956,PE
"Počátky,Horní Vilímeč,",49.241565715356806,15.257400142672466,PE
"Počátky,Prostý,",49.230211242473054,15.2377370560395,PE
"Podmoky,,",49.83119944826294,15.441786863884007,HB
"Pohled,Simtany,",49.60138017415273,15.666311418113493,HB
"Police,,",48.96689413448316,15.627634165729742,TR
"Polná,Janovice,",49.48039803003137,15.784762656788264,JI
"Polnička,,u kříže",49.60787534850402,15.892380300337443,ZR
"Popůvky,,",49.159597752263274,16.12955714155192,TR
"Pozďatín,,",49.23631395171317,16.03947774027476,TR
"Nová Cerekev,Proseč-Obořiště,samoty",49.413377070928824,15.124530416752172,PE
"Prosetín,,",49.52605701442911,16.39507436108969,ZR
"Prosíčka,Nezdín,rozc.",49.71922831583037,15.327256889190693,HB
"Přibyslav,,Agrozet",49.58206792689925,15.743522946534652,HB
"Přibyslav,Česká Jablonná,rozc.1.6",49.555275189891525,15.740319314760931,HB
"Příštpo,,kamenolom",49.08297981495898,15.915547639494877,TR
"Příštpo,,mlýn",49.078071490613624,15.927334173435158,TR
"Pucov,,rozc.",49.24865451671941,16.171728442811254,TR
"Přibyslav,Dolní Jablonná,rozc.0.7",49.559408157780766,15.726230007389953,HB
"Šimanov,,Na Březině",49.45872755175086,15.442203448598741,JI
"Úsobí,,rozc.Skorkov",49.50782143781515,15.49764300697933,HB
"Úsobí,,samota Maliny",49.5101111264217,15.52254938953444,HB
"Úsobí,,sklárna",49.5124190719274,15.500050171464695,HB
"Vanov,,u lomu",49.2125896078924,15.412558462281039,JI
"Vanůvek,,",49.222328079146465,15.422664264537996,JI
"Vanůvek,,rozc.",49.22428867237827,15.422176688763672,JI
"Vatín,,výzk.ústav",49.51818911883531,15.97285076320804,ZR
"Velká Bíteš,Jindřichov,",49.26551808792182,16.200114250589817,ZR
"Velká Bíteš,Pánov,rozc.",49.31250316743748,16.28404672589231,ZR
"Velká Chyška,,samota",49.52489113756974,15.027701254600737,PE
"Velké Meziříčí,,Správa silnic",49.361762727713625,15.991464699132388,ZR
"Velké Meziříčí,,u hřbitova",49.348172561971765,16.03381568149935,ZR
"Velké Meziříčí,Svařenov,",49.366470853614295,15.949610448963947,ZR
"Velké Tresné,,záv.",49.56933279899626,16.385933648440865,ZR
"Velký Beranov,,dáln.cestmistrovství",49.41882987752975,15.679531663755313,JI
"Velký Beranov,Bradlo,",49.39363942647629,15.656461504824197,JI
"Vepříkov,,samota",49.7436166284839,15.557671999841864,HB
"Vepříkov,,spoje",49.742037290384125,15.564779227811165,HB
"Věstín,Bolešín,",49.54183586443405,16.359848935459237,ZR
"Větrný Jeníkov,,háj.v Horách",49.46308926953842,15.499552194160943,JI
"Věžnice,,horní",49.5133969534392,15.689572754551387,HB
"Věžnice,,rozc.Kamenice",49.39716921662777,15.765385954335105,JI
"Vícenice u Náměště n.Osl.,,kamenolom",49.2121040909305,16.1202645647737,TR
"Vidonín,,rozc.1.0",49.37592310832727,16.22007865212032,ZR
"Vilémov,,dílny ZD",49.81197803176614,15.541284303371693,HB
"Vilémov,Košťany,rozc.1.6",49.78075415406313,15.55948090845122,HB
"Vír,Hrdá Ves,",49.55327619980459,16.30920230846946,ZR
"Vír,,na hrázi",49.56393525451674,16.31308002355542,ZR
"Vojnův Městec,,ZD",49.67574424940286,15.88424413218227,ZR
"Vojnův Městec,Borky,",49.66456413224299,15.90075364389571,ZR
"Vokov,,rozc.0.5",49.39686601546975,15.23052932735865,PE
"Volevčice,,rozc.",49.20872487792151,15.4537983161697,JI
"Vyskytná,,bytovky",49.43136890283841,15.363155820192254,PE
"Vyskytná,,rozc.",49.43377314752343,15.365245967257685,PE
"Vyskytná,,samoty",49.41518839036419,15.367549595758575,PE
"Střítež p.Křemešníkem,,Kamenicko",49.419663758443896,15.315451555284648,PE
"Vyskytná n.Jihlavou,Hlávkov,",49.43697136214129,15.490927824534738,JI
"Vysoká,,",49.56313102446364,15.62137223839041,HB
"Záblatí,,SZP",49.312367648263795,16.163219867244614,ZR
"Zachotín,,",49.46222441113935,15.347818501353277,PE
"Zachotín,,Kladiny hl.sil.",49.44268457303646,15.330756334055433,PE
"Zajíčkov,,",49.378384135610254,15.258136822439264,PE
"Zajíčkov,Rovná,rozc.1.0",49.371204953415244,15.237715656170959,PE
"Zárubice,,rozc.0.5",49.127075332902905,15.975160573599025,TR
"Zašovice,,",49.258466074043326,15.72485486287709,TR
"Zašovice,Nová Brtnice,rozc.1.0",49.2633604058811,15.710805459406508,TR
"Zbilidy,,",49.4432767777134,15.423859069247726,JI
"Zbinohy,,",49.48681299228165,15.480298013640313,JI
"Zbinohy,,samota",49.493240214473126,15.473446665346529,JI
"Zdeňkov,,",49.14035990746905,15.619537939251343,JI
"Znětínek,,hájenka",49.472790945508244,15.921313629420808,ZR
"Zvěstovice,,",49.84753499460241,15.511293006123646,HB
"Zvole,Olešinky,rozc.0.5",49.488357982281585,16.158566584715242,ZR
"Žatec,,",49.206438230198195,15.505503688109767,JI
"Ždírec,,",49.62936297129783,15.642072264871377,HB
"Ždírec n.Doubr.,,rozc.k žel.st.",49.698337646134476,15.809257337135927,HB
"Ždírec n.Doubr.,,ZŠ",49.6981234752866,15.81583512938892,HB
"Ždírec n.Doubr.,Horní Studenec,horní",49.714683479300895,15.802442282038822,HB
"Ždírec n.Doubr.,Horní Studenec,rozc.1.7",49.71002094750711,15.811836423475656,HB
"Želetava,Horky,",49.12672763629887,15.696083955976924,TR
"Svépravice,,rozc.k Brtné",49.50898276828529,15.244225796467552,PE
"Želiv,Lhotice,",49.558461107031995,15.251860525940018,PE
"Želiv,Vřesník,rozc.0.5",49.5357486737166,15.256580218390239,PE
"Žirovnice,,Počátecká",49.25447970561241,15.194632456077205,PE
"Žirovnice,,u hřbitova",49.24741056344866,15.173918788353262,PE
"Žirovnice,,Budín",49.24889914501298,15.20101780179563,PE
"Žirovnice,Cholunná,",49.265598888794734,15.202028348042543,PE
"Žirovnice,,Nový Svět",49.252001161846195,15.195500717093969,PE
"Žirovnice,Stranná,rozc.1.0",49.26564372643828,15.17356259408777,PE
"Žirovnice,Vlčetín,rozc.",49.23738843751493,15.153550136175562,PE
"Žižkovo Pole,Samotín,rozc.0.8",49.627327394544956,15.717997413584529,HB
"Krásná Hora,Broumova Lhota,Říhovka",49.62507006749732,15.431505926007635,HB
"Lučice,,rozc.0.4",49.662278200085645,15.487260000494105,HB
"Pelhřimov,Útěchovičky,",49.467367309434024,15.286878033919912,PE
"Michalovice,,odb.",49.573664480586025,15.537193510581275,HB
"Pokojov,,Obecní úřad",49.483241649858336,15.907037081546923,ZR
"Útěchovice,,samota",49.47629779576347,15.104346275770494,PE
"Humpolec,Lhotka,",49.55812053491504,15.273943071205029,PE
"Havlíčkův Brod,,lesní školka",49.58727454375632,15.62825202059908,HB
"Havlíčkův Brod,,Okrouhličtí Dvořáci",49.58088422634088,15.579410637713337,HB
"Havlíčkův Brod,,Vysočany",49.59929429807262,15.59582068702435,HB
"Havlíčkův Brod,Baštinov,",49.578526927681686,15.606259081302172,HB
"Havlíčkův Brod,Suchá,rozc.1.0",49.553816189627575,15.58703599360109,HB
"Hněvkovice,Chotěměřice,",49.69014914370407,15.187609645366365,HB
"Hodov,,domky",49.29318989193758,15.989356940979093,TR
"Černovice,Panské Mlýny,cihelny",49.35047090478234,14.934495328792721,PE
"Hojovice,,Ovčín",49.337383020099885,14.926752284667955,PE
"Hořepník,,hřbitov",49.51677377753682,15.09906267211095,PE
"Hořice,,samoty",49.593746075281054,15.194631471108066,PE
"Humpolec,,nem.",49.53963185461346,15.364853048008337,PE
"Humpolec,,Dusilov",49.55280849849576,15.371251353352493,PE
"Humpolec,Kletečná,háj.Ptáček",49.517203514056845,15.300694970555334,PE
"Humpolec,Kletečná,U křížku",49.50953447278973,15.292843908947875,PE
"Jedlá,Horečky,",49.73114443852143,15.245596931404043,HB
"Jemnice,,Týnice",49.00071041547509,15.581272563021594,TR
"Jersín,,rozc.",49.42351177092749,15.834708091278978,JI
"Jihlava,,Šipnov",49.42892246601715,15.532517354161987,JI
"Jihlava,Popice,rozc.",49.35651341687263,15.541409118766548,JI
"Vyskytná n.Jihlavou,,škola",49.41993616714135,15.513901364803797,JI
"Vyskytná n.Jihlavou,Jiřín,",49.432822927105185,15.470449172760448,JI
"Vyskytná n.Jihlavou,Jiřín,rozc.",49.42047285145182,15.483410123134975,JI
"Vysoká Lhota,,",49.41630794198794,15.042318941344808,PE
"Vysoké,,",49.582078135801524,15.966158230714626,ZR
"Vysoké Studnice,,",49.394195509124806,15.730284251103518,JI
"Vystrčenovice,,",49.152030916253274,15.532760814037253,JI
"Záblatí,,",49.32124550307162,16.1674388158734,ZR
"Záborná,,",49.48663253698143,15.75827774665715,JI
"Zadní Vydří,,",49.13385492728537,15.417816042784915,JI
"Zadní Zhořec,,",49.4312925064347,15.943580838167916,ZR
"Zahrádka,,",49.244345860899855,16.098126475926865,TR
"Zahrádka,,hájenka",49.25074386896518,16.08472373402884,TR
"Zahrádka,Častotice,",49.23370834863358,16.091615480615676,TR
"Zachotín,,Kladiny",49.446583455191394,15.336911530762961,PE
"Zachotín,,Kladiny rozc.1.0",49.44221437672312,15.331494708177326,PE
"Zachotín,,Kladiny samota",49.45826960612593,15.343087876174483,PE
"Zachotín,Petrkov,",49.45931595796409,15.3608921313624,PE
"Zárubice,,",49.125257647697545,15.981559414452178,TR
"Zašovice,,rozc.1.0",49.26140829411436,15.711827041590812,TR
"Zašovice,Nová Brtnice,",49.269863516951766,15.70676904560805,TR
"Zhoř,,",49.443535398911735,15.77080428081095,JI
"Zhoř,,háj.",49.45007152725359,15.779882467785791,JI
"Zhořec,,",49.48999266445625,14.963080552526078,PE
"Zhořec,,mlýn",49.49089611787144,14.95167057345443,PE
"Zlátenka,,",49.4215209009575,15.05769500114658,PE
"Znětínek,,",49.46957713826927,15.925969871991642,ZR
"Zubří,,",49.57110396548012,16.12386305492992,ZR
"Zvěrkovice,,",49.025511629537064,15.863447798632325,TR
"Zvole,,",49.494449607881755,16.175756867229197,ZR
"Zvole,,konvent",49.494592903465474,16.172035924118486,ZR
"Zvole,,u školy",49.49400500200237,16.17699086179448,ZR
"Zvole,Branišov,",49.515854359352424,16.152123924573786,ZR
"Zvole,Olešinky,",49.48446940434979,16.158467075643678,ZR
"Zvole,Olešinky,kult.dům",49.48583027033651,16.158401738844145,ZR
"Zvolenovice,,",49.163392920847684,15.505630868870552,JI
"Ždánice,,",49.54693674907809,16.262361128213982,ZR
"Žďár n.Sáz.,,aut.nádr.",49.55425274919039,15.941208182982946,ZR
"Žďár n.Sáz.,,Brněnská",49.55246308237161,15.953337908267873,ZR
"Žďár n.Sáz.,,Convent",49.56080344964378,15.945989492960663,ZR
"Žďár n.Sáz.,,Grejdy",49.55360282732945,15.966035661806032,ZR
"Žďár n.Sáz.,,Horní",49.560998130420266,15.94256410220213,ZR
"Žďár n.Sáz.,,zámek",49.58274850095578,15.935673117412485,ZR
"Žďár n.Sáz.,,Tokoz",49.58660423880297,15.933929213917816,ZR
"Žďár n.Sáz.,,Bezručova u pily",49.57711144737244,15.93834305042509,ZR
"Žďár n.Sáz.,,Brodská lékárna",49.56448012580224,15.929957609425077,ZR
"Žďár n.Sáz.,,Brodská obch.domy",49.563912567152926,15.932192457024572,ZR
"Žďár n.Sáz.,,Jihlavská HETTICH",49.54958158908287,15.942143945098021,ZR
"Žďár n.Sáz.,,Žižkova",49.56461486583961,15.937238171559459,ZR
"Žďár n.Sáz.,,Studentská",49.566549081164254,15.942182460093802,ZR
"Žďár n.Sáz.,,Bezručova stadion",49.571853988756104,15.94269975513502,ZR
"Žďár n.Sáz.,,Strojírenská u Hajčmanů",49.55789356827214,15.934154031237513,ZR
"Žďár n.Sáz.,Mělkovice,",49.558695521916164,15.98760059096146,ZR
"Žďár n.Sáz.,Mělkovice,mech.stř.",49.558143656724795,15.974278510074893,ZR
"Žďár n.Sáz.,Mělkovice,rozc.0.4",49.561969818915195,15.982741950081774,ZR
"Žďár n.Sáz.,Radonín,",49.54386493246729,15.933565273441081,ZR
"Žďár n.Sáz.,Stržanov,",49.59954449797673,15.935172215291283,ZR
"Žďár n.Sáz.,Veselíčko,",49.55563218528693,16.00424020367981,ZR
"Žďár n.Sáz.,Vysočany,",49.57179764501446,15.95075558439295,ZR
"Ždírec,,rozc.0.9",49.624066312338904,15.645765084106683,HB
"Ždírec,,",49.454935368267165,15.676115977478997,JI
"Ždírec n.Doubr.,,cukrárna DIPP",49.69788895861616,15.809133890429834,HB
"Ždírec n.Doubr.,,pošta",49.696195397798746,15.818765579109058,HB
"Ždírec n.Doubr.,,žel.st.",49.69974425572952,15.804300421066788,HB
"Ždírec n.Doubr.,Benátky,",49.70891235472116,15.845043933575406,HB
"Ždírec n.Doubr.,Horní Studenec,hřbitov",49.71080357706343,15.809375039522818,HB
"Ždírec n.Doubr.,Horní Studenec,samota",49.720016627230954,15.813259100050665,HB
"Ždírec n.Doubr.,Horní Studenec,střed",49.71734782297271,15.794783807980288,HB
"Ždírec n.Doubr.,Kohoutov,",49.702288855862605,15.82573544494352,HB
"Ždírec n.Doubr.,Nové Ransko,",49.69178719908735,15.796938438081826,HB
"Ždírec n.Doubr.,Nový Studenec,",49.71985633624045,15.784918384779434,HB
"Ždírec n.Doubr.,Údavy,",49.73476529925208,15.820948778819403,HB
"Ždírec n.Doubr.,Údavy,odb.",49.742116407982294,15.822536412665206,HB
"Želetava,,",49.142417953342296,15.672797358424079,TR
"Želetava,,strojírny",49.14709227466601,15.671447325931165,TR
"Želetava,Bítovánky,",49.145505722522145,15.691431627058483,TR
"Želetava,Šašovice,",49.121396062661546,15.671134365225512,TR
"Želetava,Šašovice,rozc.1.5",49.13372803321513,15.685716878591652,TR
"Želiv,,klášter",49.53085257226635,15.21319579315745,PE
"Želiv,,rest.Na Želivce",49.53040833363366,15.225726430306956,PE
"Želiv,,škola",49.526412008612,15.222420294306685,PE
"Želiv,Brtná,",49.50887368307677,15.213710065246294,PE
"Želiv,Lhotice,křiž.0.6",49.56489735915254,15.258916631980444,PE
"Želiv,Miletín,",49.56764322956585,15.248341782320905,PE
"Želiv,Vitice,",49.54241154672324,15.240524843135814,PE
"Želiv,Vitice,rozc.1.0",49.53565648342806,15.237196857718358,PE
"Želiv,Vřesník,",49.53198927914506,15.254141581285793,PE
"Žirov,,",49.464136051873105,15.323842861506522,PE
"Žirovnice,,nám.",49.25298968560522,15.187394504289607,PE
"Žirovnice,,rozc.1.0",49.254342560161994,15.180161405984816,PE
"Žirovnice,,st.statek",49.251250128416906,15.178740217272665,PE
"Žirovnice,Lítkovice,",49.25728198653728,15.147761485908804,PE
"Žirovnice,Stranná,",49.272668248774,15.152593996686484,PE
"Žirovnice,Štítné,",49.256400482794916,15.11859707602421,PE
"Žirovnice,Vlčetín,",49.23344888572124,15.159066593590406,PE
"Žižkovo Pole,,",49.61010292069056,15.735982588220438,HB
"Žižkovo Pole,Macourov,",49.62096229530499,15.722734904131258,HB
"Nová Ves,,MANN+HUMMEL",49.2535600251074,15.788594928956842,TR
"Dalečín,Veselí,rozc.",49.5931082267812,16.246271009680775,ZR
"Nová Ves u Světlé,,obec",49.64874285449753,15.43580746504412,HB
"Bystřice n.Pern.,Karasín,",49.55865904803776,16.27278616439166,ZR
"Spělkov,,",49.675024557605354,16.1610512022874,ZR
"Třešť,,učiliště",49.28528904903957,15.475429584449122,JI
"Ujčov,Lískovec,",49.48166581648055,16.316834080382506,ZR
"Horní Krupá,,MŠ",49.67412173471372,15.590911838225077,HB
"Horní Krupá,Údolí,odb.",49.680410752758206,15.60119421008847,HB
"Lučice,,Na Závisti",49.65679819487325,15.502855698403511,HB
"Nové Veselí,,Obecní úřad",49.51961298829517,15.909174794629212,ZR
"Polná,,Palackého",49.48626872455649,15.728281083617556,JI
"Přibyslav,Dolní Jablonná,obec",49.55691952981489,15.724058619613425,HB
"Volevčice,,rozc.I",49.21064927907368,15.432494078429752,JI
"Vysoké,,dolní",49.58332903950161,15.96812865345755,ZR
"Senožaty,,ZŠ",49.56925268251143,15.204644884638798,PE
"Velké Meziříčí,,aut.nádr.",49.347833329840846,16.021731552813865,ZR
"Dolní Heřmanice,,obecní dům",49.302070606626444,16.06297575690581,ZR
"Jihlava,,Překladiště Pávov",49.441707036927156,15.610154130600204,JI
"Jimramov,,Obecní úřad",49.63721176551007,16.225898563922833,ZR
"Telč,,kačárna",49.164262763872934,15.465944873079804,JI
"Třebíč,,Palackého",49.221262250560216,15.872809826292011,TR
"Třebíč,,Žerotínovo nám.",49.21687533398216,15.876026045964787,TR
"Velká Bíteš,,Vlkovská",49.293445418386,16.22395919250588,ZR
"Důl,,",49.45162187268922,15.030330334044779,PE
"Mrákotín,,lom",49.18882778597564,15.366224558713451,JI
"Kamenice n.Lipou,,Družstevní",49.3043495292295,15.07254474143045,PE
"Pavlov,,hřbitov",49.2438939492802,15.555018363769575,JI
"Věstín,Věstínek,",49.56311985532086,16.349224629935392,ZR
"Pelhřimov,,Říčanského IV",49.426244152627426,15.223317194672484,PE
"Leština u Světlé,Štěpánov,",49.755169957903185,15.413213843686872,HB
"Třebíč,,Družstevní",49.20592645433981,15.880924164236497,TR
"Sejřek,,u dvora",49.44250063563771,16.3196546039788,ZR
"Třebíč,,Míčova",49.225164449482115,15.889062425957636,TR
"Třebíč,,U Pekárny",49.22263643806512,15.894059735495656,TR
"Dolní Vilémovice,,křiž.",49.15526640199113,15.975842414103822,TR
"Jihlava,,Lipová",49.40240145264912,15.55738041873741,JI
"Jihlava,,Žižkova",49.39439018744662,15.57706093574551,JI
"Jihlava,,Vysoká škola polytechnická",49.39904940768579,15.584103015945622,JI
"Jihlava,,Březinova",49.40209242916991,15.604675869261643,JI
"Jihlava,,Motorpal hala",49.41496734162523,15.562788447979857,JI
"Baliny,,rozc.2.0",49.34872547153333,15.961569037381238,ZR
"Bohdalov,Chroustov,rozc.3.0",49.475685760757585,15.871105218193863,ZR
"Sejřek,Bor,rozc.1.5",49.4322587191844,16.28935795208992,ZR
"Malá Losenice,,rozc.",49.60251946397814,15.793208218427315,ZR
"Nový Rychnov,,U Tomanů",49.385927975510256,15.382425815773574,PE
"Bácovice,,rozc.0.5",49.47980919866212,15.160943847896467,PE
"Březí n.Osl.,,křiž.Pokojov",49.50486572788846,15.933430002714843,ZR
"Havlíčkův Brod,,Cihlář",49.619234063654645,15.586262214613468,HB
"Bystřice n.Pern.,,gymnázium",49.518302990701365,16.259166121858872,ZR
"Jihlava,,Kaufland",49.407035883981536,15.58395964303081,JI
"Klokočov,,cihelna",49.799433600669914,15.673812582057026,HB
"Studenec,,nádraží",49.22129927556195,16.06797468326407,TR
"Košetice,,Malá strana",49.55792761053686,15.114965109376366,PE
"Počátky,,u nádraží",49.26163576152596,15.238431942977385,PE
"Jankov,,obec",49.414571673557745,15.386019177642206,PE
"Pavlov,,u kříže",49.69876301805088,15.322354912148398,HB
"Bácovice,,rozc.1.0",49.4827970666203,15.180696464262827,PE
"Bartoušov,,",49.580780256068444,15.64645811311486,HB
"Bělá,,",49.75388902922478,15.239635693716792,HB
"Bělá,,",49.31260373523927,15.261688334287381,PE
"Bělá,,rozc.1.0",49.30984211777973,15.246167336838964,PE
"Benetice,,",49.29709222815172,15.866928572871165,TR
"Benetice,,škola",49.29547320162431,15.867734415296852,TR
"Bezděkov,Štěpánov,rozc.1.1",49.73444198617887,15.741771220464676,HB
"Bítovčice,,u lávky",49.36259198112033,15.737717466029547,JI
"Blatnice,,rozc.1.0",49.07527965763189,15.863506677556947,TR
"Bobrová,Dolní Bobrová,",49.475265876787965,16.118975369465105,ZR
"Bobrová,Horní Bobrová,",49.47939626201451,16.11514165983405,ZR
"Bobrová,Horní Bobrová,kravín",49.48499129992769,16.121027483886593,ZR
"Bohdalín,,",49.307877501504244,15.01554146572713,PE
"Bohdalov,,PT Radost",49.4689110889831,15.860619084026363,ZR
"Bohdalov,,zdrav.stř.",49.47933438396179,15.878770995579027,ZR
"Bochovice,Batouchovice,",49.31199190831261,15.90299609808256,TR
"Bojiště,,samoty",49.67372736840742,15.286123410777162,HB
"Bojiště,Háj,rozc.k nem.",49.672799806187506,15.291958486985102,HB
"Bojiště,Veliká,",49.668812088975415,15.302554924795585,HB
"Bojiště,,rozc.",49.67738124257766,15.286368236286396,HB
"Bory,Dolní Bory,rozc.0.5",49.42295384051772,16.02624510395628,ZR
"Bořetín,,",49.3099988031846,14.948121433273442,PE
"Božejov,,",49.362000126975396,15.156320266642071,PE
"Božejov,,ZD",49.36476217747475,15.159364922725972,PE
"Božejov,Nová Ves,",49.349997120720936,15.139571537276463,PE
"Brtnice,,Horní město",49.30184038392739,15.671925752610505,JI
"Brtnice,,Snaha",49.3126142245462,15.683979984075144,JI
"Brtnice,Komárovice,rozc.",49.33798699358379,15.65358879809938,JI
"Brtnice,Střížov,II",49.34267543965028,15.70436595019817,JI
"Brtnice,Uhřínovice,rozc.",49.32270360389037,15.655755796258813,JI
"Brzkov,,Uranové doly",49.53642249636385,15.733125812822212,JI
"Březí n.Osl.,,",49.50232343558574,15.936295216085387,ZR
"Březské,,",49.32943389760424,16.239663455068886,ZR
"Budíkov,,",49.57945476657679,15.3627521093696,PE
"Budišov,,Kundelov samoty",49.28769773405322,16.020716130853796,TR
"Buřenice,Radějov,",49.53558397268256,15.086633225734639,PE
"Býšovec,,",49.47566249678081,16.2886229553746,ZR
"Cidlina,,samota",49.1334465871759,15.725422613668622,TR
"Čachotín,,hřbitov",49.696673993045906,15.606524253567054,HB
"Čáslavsko,,",49.59236924609843,15.004324838495572,PE
"Čáslavsko,Kopaniny,",49.58708016416086,14.986852552376828,PE
"Častrov,Jakubín,",49.28666845836406,15.197686911158954,PE
"Černíč,,",49.12764834775706,15.45995578593681,JI
"Černíč,Myslůvka,",49.141302067779364,15.445476399592586,JI
"Černovice,,sokolovna",49.372818971708185,14.966392302247032,PE
"Černovice,,ústav zámek",49.36887044522227,14.962558189467238,PE
"Černovice,Svatava,",49.37420758972328,14.994403232666514,PE
"Černovice,Vackov,",49.374689564673,14.980378476267669,PE
"Červená Řečice,Popelištná,rozc.",49.49976892483878,15.20951238279516,PE
"Česká Bělá,,horní",49.64241674978297,15.69010411023093,HB
"Křižánky,České Milovy,",49.67946251435125,16.094330718642787,ZR
"Číhošť,Hlohov,",49.763118137354155,15.305544825914108,HB
"Číhošť,Hřeben,",49.76293183131147,15.319513644785289,HB
"Číchov,,",49.28161509070755,15.762161021558573,TR
"Čikov,,",49.270454997449185,16.140037809258754,TR
"Číměř,,",49.20066959335992,15.997147283277966,TR
"Čížkov,,",49.440806256105,15.11854061060632,PE
"Litohošť,,rozc.1.0",49.44841681802583,15.106018898240682,PE
"Dalečín,Veselí,",49.59109761613443,16.275795566812164,ZR
"Dědice,,",49.029813568257154,15.728791503558744,TR
"Dehtáře,,",49.48558351873007,15.275577749680734,PE
"Dehtáře,Vadčice,rozc.1.0",49.49088725636629,15.265780438992794,PE
"Dlouhá Brtnice,,",49.237656054638194,15.60458279909976,JI
"Dlouhá Ves,,",49.57909835015426,15.673943945610233,HB
"Dobrá Voda,,obec",49.3579499208753,15.269827814027362,PE
"Dobrá Voda u Pacova,,",49.405355587144236,15.028267639941859,PE
"Dobronín,,žel.st.",49.47845013136998,15.64224005689433,JI
"Dolní Cerekev,Nový Svět,č.15",49.344346827420004,15.47003275896243,JI
"Dolní Krupá,,u rybníka",49.66333190278927,15.603861305222225,HB
"Dolní Libochová,,",49.40794122681611,16.180010598015333,ZR
"Dolní Libochová,,u mlýna",49.407100303560426,16.189317122241732,ZR
"Dolní Město,,rozc.0.8",49.63201473181643,15.373636215281822,HB
"Řečice,,Kamenná Trouba",49.609837450660834,15.384018864141114,PE
"Dolní Město,Loukov,na Filípku",49.62635372950777,15.33795533744477,HB
"Dolní Město,Meziklasí,",49.63952510147531,15.354657275773883,HB
"Dolní Vilémovice,,rozc.3.0",49.17305839402766,15.981371257605165,TR
"Dolní Vilímeč,,",49.135335330505825,15.520228640999171,JI
"Dubovice,,rozc.1.0",49.43893326342771,15.173303235993409,PE
"Důl,,rozc.0.8",49.45782541435553,15.032270222091222,PE
"Dušejov,,u Mikšů",49.41579012484238,15.409464447997056,JI
"Dvorce,,",49.3746516171322,15.489839612386342,JI
"Eš,,",49.4349282683561,15.001268279636594,PE
"Kámen,,rozc.1.0",49.42648760729003,15.000639360423296,PE
"Fryšava,,u jedle",49.622842327087334,16.035960656154835,ZR
"Golčův Jeníkov,,Ráj",49.82874226495471,15.46968992803525,HB
"Golčův Jeníkov,,žel.st.rozc.0.3",49.836243757892795,15.465824088818163,HB
"Golčův Jeníkov,,žel.zast.",49.821644082738835,15.47397604249219,HB
"Golčův Jeníkov,Dolík,",49.79392975693436,15.443012017823063,HB
"Golčův Jeníkov,Chlumek,",49.79105368300073,15.439365998692772,HB
"Golčův Jeníkov,Nasavrky,",49.800202093246924,15.491790196927797,HB
"Golčův Jeníkov,Stupárovice,",49.831042647235755,15.483127610681713,HB
"Habry,,drůb.závod",49.7506114853225,15.477712085951763,HB
"Habry,Frýdnava,podchod",49.78144363304024,15.488618483687503,HB
"Havlíčkova Borová,,odb.Železné Horky",49.64615629808361,15.757102943153381,HB
"Havlíčkova Borová,Peršíkov,",49.65174744700909,15.774718393957116,HB
"Havlíčkův Brod,,stavba",49.60178585054747,15.567035715102838,HB
"Havlíčkův Brod,,STS rozc.0.3",49.59262781418807,15.594381626420112,HB
"Havlíčkův Brod,Jilemník,",49.63647820424871,15.658675797099484,HB
"Havlíčkův Brod,Poděbaby,",49.60438014009523,15.533747234982272,HB
"Havlíčkův Brod,Poděbaby,Občiny",49.59157565519863,15.548339140422643,HB
"Havlíčkův Brod,Suchá,samoty",49.54514747606174,15.568870587832507,HB
"Havlíčkův Brod,Svatý Kříž,rozc.0.5",49.56907138567548,15.581811129122864,HB
"Havlíčkův Brod,Zbožice,",49.65669547105254,15.564403058500892,HB
"Herálec,,rybárna",49.5348256587673,15.441135744870119,HB
"Herálec,Dubí,",49.53380416297703,15.42213416730711,HB
"Herálec,Koječín,",49.545102436915634,15.483382046260791,HB
"Skorkov,,samoty",49.501173315648515,15.473806003346024,HB
"Slavníč,,lom",49.50756331144815,15.448246371277802,HB
"Herálec,,hájenka",49.694859532013076,15.973991167819682,ZR
"Herálec,Kocanda,II",49.67379103640884,15.988839667481926,ZR
"Heřmanice,,",49.82474038406767,15.546916124528032,HB
"Hodíškov,,Křiby",49.48870149099906,16.04263096435496,ZR
"Hodíškov,,škrobárna",49.49921317385231,16.03837977927208,ZR
"Humpolec,,Litochleby",49.54867378257781,15.34982247071028,PE
"Horní Cerekev,,nám.",49.31967450323723,15.328699817159212,PE
"Horní Cerekev,,STS",49.31644465066787,15.326822537844278,PE
"Horní Cerekev,Těšenov,",49.3512453677635,15.355362603787585,PE
"Horní Cerekev,Turovka,",49.30688573828291,15.276666679067805,PE
"Horní Dubenky,,škola",49.258050814124076,15.313235126691783,JI
"Proseč,,",49.60178349441013,15.328729182980235,PE
"Horní Libochová,,",49.40771583019457,16.149218067342836,ZR
"Horní Paseka,,",49.62920088901071,15.293138749873306,HB
"Horní Radslavice,,",49.33848479007106,15.903248447357385,ZR
"Řečice,Bystrá,",49.61096658765614,15.366405062298247,PE
"Hořepník,,",49.51253632000515,15.107005607820774,PE
"Hořepník,,pletárna",49.514687944539766,15.102265222873685,PE
"Hořice,,kult.dům",49.59871548320376,15.185648732837528,PE
"Hořice,Hroznětice,",49.586455686098255,15.206808597534183,PE
"Hradec,,",49.70719252297948,15.295383726898349,HB
"Hradec,Horní Hradec,",49.71219655517255,15.305760698091255,HB
"Humpolec,,Šamanova háj.",49.51461481753144,15.393479872685772,PE
"Humpolec,Brunka,",49.5634019434125,15.337962344759797,PE
"Humpolec,Hněvkovice,háj.",49.52582114843339,15.30542001212189,PE
"Humpolec,Kletečná,Smrdov",49.51077771575026,15.302117976172374,PE
"Humpolec,Petrovice,",49.54015340289193,15.279221764260967,PE
"Humpolec,Rozkoš,",49.541153471533065,15.385409456158634,PE
"Humpolec,Světlice,II",49.56937320198785,15.35284352359586,PE
"Humpolec,Vilémov,U Dominů",49.53576001923437,15.382009309679686,PE
"Chlumětín,,Krejcar",49.71972738486438,15.982131869224665,ZR
"Chotěboř,,Havlíčkova",49.71408150009755,15.666101142197492,HB
"Chotěboř,,u hřbitova",49.7108808820965,15.671965262553336,HB
"Chotěboř,Bílek,",49.70314737437058,15.729459731515893,HB
"Chotěboř,Marieves,",49.692751370920554,15.705211089486674,HB
"Chotěboř,Rankov,",49.71349078141699,15.616952715694305,HB
"Chyšná,,",49.58645321643431,15.09942577366934,PE
"Jamné,Lipina,",49.449299979188574,15.7437642123554,JI
"Jaroměřice n.Rok.,,Snaha",49.09485123216239,15.871115577278212,TR
"Jaroměřice n.Rok.,,žel.st.",49.0946599148374,15.866008051655026,TR
"Jaroměřice n.Rok.,Boňov,Ratibořická",49.11739370890792,15.916128467641206,TR
"Jaroměřice n.Rok.,Boňov,rozc.1.0",49.120862805067766,15.902097507091703,TR
"Jaroměřice n.Rok.,Vacenovice,rozc.1.5",49.13052029956347,15.856565536151507,TR
"Jemnice,,Bažantnice",49.018280454048515,15.530426690940642,TR
"Jemnice,,Motorpal",49.02091241184388,15.583173541504491,TR
"Jemnice,Louka,rozc.2.0",49.04104166960683,15.56528734760106,TR
"Jemnice,Panenská,",49.0026845187685,15.502776956570163,TR
"Jeřišno,Chuchel,chalupy",49.80027244654871,15.63364509702912,HB
"Jeřišno,Chuchel,Strakov",49.80760500293414,15.625135498714,HB
"Jihlava,,aut.nádr.",49.39948041208556,15.581652194703684,JI
"Jihlava,,Polenská ul.",49.41071659450942,15.598414762431325,JI
"Jihlava,,Stříbrný Dvůr",49.44482935263088,15.5615004530142,JI
"Jihlava,Antonínův Důl,",49.46665453283214,15.59968461078633,JI
"Jihlava,,dřevařské záv.",49.42341907811553,15.598107683273682,JI
"Jihlava,Červený Kříž,",49.46271052172788,15.60106363006045,JI
"Jihlava,Henčov,letiště",49.42430623921475,15.629987443846288,JI
"Jimramov,,zahradnictví",49.624830144817366,16.22551283991249,ZR
"Jinošov,,ústav",49.22709591752034,16.19181938738377,TR
"Jiřice,,rozc.1.5",49.539929550601116,15.308877419237911,PE
"Kámen,Jiříkov,",49.72980229695839,15.534368505671743,HB
"Kamenice,,nám.",49.36682346515308,15.781242071686433,JI
"Kamenice,,výkrmna",49.38250676045659,15.773681757470097,JI
"Kamenice,Brodek,",49.35809647846865,15.834758965783546,JI
"Kamenná,,",49.27265400102659,16.05882459467346,TR
"Karlov,Skalka,",49.65110307698954,15.90847918977518,ZR
"Kejžlice,,",49.590381122930175,15.392123957403403,PE
"Kejžlice,,Orlovy",49.58614030601471,15.395277573657953,PE
"Knyk,,",49.646614307660606,15.57643382268988,HB
"Koberovice,,",49.58775510215979,15.263233542763109,PE
"Kochánov,,",49.534276818202194,15.540786231896561,HB
"Kojatín,,",49.24216102174979,16.00716043321874,TR
"Kojatín,,Spálený dvůr",49.25198592140733,16.00449310985454,TR
"Kojčice,,",49.47606134619631,15.256123378059137,PE
"Komorovice,,",49.50837898005055,15.344636995543883,PE
"Koněšín,,Dvůr Jindřich",49.207442592337635,16.03325920914889,TR
"Koroužné,,",49.52803672293046,16.348455344813573,ZR
"Koroužné,Švařec,",49.52005221637526,16.344460004216867,ZR
"Kouty,,statek Melechov",49.652424560572705,15.284557040302685,HB
"Kouty,,Stavoservis IPS",49.64361169730684,15.299911145952906,HB
"Kožlí,,Březina",49.67222356262897,15.257261207291972,HB
"Kralice n.Osl.,,",49.19758036070827,16.202683550086228,TR
"Kralice n.Osl.,,U obory",49.199403763846554,16.16955720219506,TR
"Krásná Hora,,",49.603734123441654,15.470515713124902,HB
"Krásná Hora,Broumova Lhota,",49.6288696982546,15.43750868943749,HB
"Krásná Hora,Mozolov,rozc.0.3",49.61291340608321,15.470306425105921,HB
"Krucemburk,Hluboká,Chepos",49.669253426945275,15.855894453432471,HB
"Křešín,,",49.58135471547764,15.045261271285657,PE
"Křižanov,,škola",49.39195323922655,16.103330884995696,ZR
"Křoví,,I",49.310362506171785,16.26321224620197,ZR
"Kuklík,,",49.62937439540597,16.113008795330966,ZR
"Kuroslepy,,rozc.1.0",49.15076419253384,16.20384735322407,TR
"Květinov,,rozc.",49.570740346948746,15.503552061584882,HB
"Lavičky,,",49.380070665811836,15.967374350860196,ZR
"Lavičky,,rozc.",49.372489152098495,15.96153963890956,ZR
"Ledeč n.Sáz.,,Havlíčkova",49.688976097779396,15.28260847734527,HB
"Ledeč n.Sáz.,,hotel Sázava",49.69673001582716,15.278224647701448,HB
"Lesonice,,",49.10914746022565,15.758959587821536,TR
"Leština u Světlé,,osada",49.767558106654484,15.399183524782462,HB
"Leština u Světlé,,závod",49.75647574267905,15.396118663690155,HB
"Leština u Světlé,,žel.zast.",49.7610761489988,15.397560530899334,HB
"Leština u Světlé,Dobrnice,",49.759632310353425,15.379406445255903,HB
"Lhánice,,",49.111866186403006,16.217465810606353,TR
"Lhota-Vlasenice,Vlasenice,",49.30296133330924,15.12433682888705,PE
"Lhotice,,rozc.0.5",49.02274149734438,15.603180083115964,TR
"Lidmaň,Lidmaňka,",49.38990645832643,15.052074998870207,PE
"Lípa,,ZŠ",49.55590395127837,15.549217815395458,HB
"Lípa,Dobrohostov,samota",49.54688438919329,15.519711157207182,HB
"Lípa,Chválkov,",49.529026969800654,15.508829111229343,HB
"Lipnice n.Sáz.,,Lipnické nám.",49.61304187904174,15.413043700003758,HB
"Lísek,,Skalský Dvůr",49.56483663981166,16.17830749822846,ZR
"Lovčovice,,rozc.1.0",48.97905323256505,15.542624638463876,TR
"Luka n.Jihlavou,Svatoslav,",49.35530023045968,15.68903318884593,JI
"Lukavec,,samota",49.55310632283629,14.966035691143944,PE
"Lukavec,Bezděkov,",49.57315027816112,14.968705633743335,PE
"Lukavec,Týmova Ves,rozc.",49.55888426444709,14.979489611239577,PE
"Lukavec,Velká Ves,rozc.",49.575711465905826,14.964478179363766,PE
"Maleč,,rozc.0.6",49.77593498743039,15.669858062176214,HB
"Maleč,,ZD",49.77327455127865,15.665354953979298,HB
"Maleč,Jeníkovec,",49.767775787001604,15.692974455400297,HB
"Markvartice,,Kasárna",49.181477887684316,15.63196022659448,JI
"Martinice u Onšova,,",49.57953124215807,15.115547828665678,PE
"Matějov,,VKK",49.52634833231418,15.869300358442533,ZR
"Měřín,,hřbitov",49.38568131986515,15.887817396690727,ZR
"Měřín,,Pustina",49.387245419352425,15.902783850088937,ZR
"Jihlávka,,žel.st.",49.25259728034687,15.295100713195117,JI
"Jiřice,Speřice,",49.571972948868996,15.285705646522766,PE
"Kaliště,,hřbitov",49.59554109219725,15.307172828978178,PE
"Kamenice n.Lipou,Nová Ves,",49.312952345339504,15.052173253553358,PE
"Kamenice n.Lipou,Vodná,I",49.27752902612586,15.068570801638733,PE
"Karlov,,II",49.63887364251571,15.919573425430771,ZR
"Kojetice,,žel.st.",49.14947037893444,15.825215435194268,TR
"Koroužné,,Záskalí",49.517594684179706,16.3423601448795,ZR
"Kostelní Myslová,,",49.14857913359161,15.428522181024961,JI
"Košetice,,",49.55929238489416,15.115846139227859,PE
"Buřenice,,Dobroměřice rozc.",49.53689440756598,15.08071059928466,PE
"Kouty,,chalupy",49.645185121511965,15.296339034783108,HB
"Krásněves,,",49.44433144698366,15.981910354582876,ZR
"Křešín,Čeněnice,rozc.1.0",49.591005297978455,15.072640429023345,PE
"Křižanov,,domky",49.38608473995093,16.10121875894513,ZR
"Křižanov,,žel.st.",49.38416253741799,16.08198179196757,ZR
"Kunemil,,Na Obci",49.716643326894186,15.427119329175666,HB
"Kuroslepy,,u mlýna",49.142736598147245,16.203204645267526,TR
"Ledeč n.Sáz.,,Podolí",49.69778345433738,15.263606288442944,HB
"Ledeč n.Sáz.,,sídliště",49.701629416732814,15.271036427926449,HB
"Lípa,Dobrohostov,",49.5407672808571,15.517900010920004,HB
"Lípa,Dobrohostov,ZD",49.53740855379725,15.514014987929944,HB
"Lipnice n.Sáz.,,SOU",49.6166038955313,15.404487100905728,HB
"Mladoňovice,,Dobrá Voda",48.99884463058319,15.64844600632695,TR
"Nová Říše,,vodní nádrž",49.145718521299464,15.544754981532304,JI
"Pacov,,Propad",49.45679792282206,14.989657775476108,PE
"Olešná,Plevnice,",49.437728584099936,15.29008638210354,PE
"Onšov,Těškovice,rozc.",49.59209712869477,15.130475443521336,PE
"Opatov,,rozc.",49.42369418981113,15.388529226237482,JI
"Pacov,,ČSAD",49.48152305545484,15.00692037318396,PE
"Pacov,,statek",49.467500433643664,15.020326969721516,PE
"Pacov,Zhoř,rozc.",49.49322897143307,14.941526019802584,PE
"Pálovice,,rozc.1.0",49.00685868583432,15.530414721176207,TR
"Panské Dubenky,,",49.2199114402496,15.26636941095013,JI
"Pavlov,Bezděkov,rozc.",49.251760639594295,15.546989551832906,JI
"Pelhřimov,,Dobiášova",49.430582236968014,15.234161314337403,PE
"Pelhřimov,,STS",49.40820285912446,15.227812591426112,PE
"Pelhřimov,Čakovice,rozc.",49.45821846841863,15.184300669213938,PE
"Pelhřimov,Ostrovec,",49.333532632784596,15.259916049607478,PE
"Pelhřimov,Radětín,rozc.0.7",49.44805888395837,15.232832213999576,PE
"Pelhřimov,Rybníček,",49.462863814505916,15.297433093211875,PE
"Počátky,,Volmanec rozc.",49.27965823232619,15.240448890846656,PE
"Pošná,Nesvačily,rozc.0.5",49.438406237919104,15.0597979855858,PE
"Příštpo,,hájenka",49.059154507019606,15.942890727757575,TR
"Putimov,,",49.415577336724034,15.266230551332827,PE
"Radostín,,",49.66175350361898,15.545309486085701,HB
"Rohozná,,",49.3502002764178,15.399681134709605,JI
"Rohozná,,mlýn",49.34591331037592,15.409130042824238,JI
"Rouchovany,,lihovar",49.068746894415625,16.102249362397266,TR
"Rušinov,Modletín,",49.790854063532706,15.705626293623398,HB
"Řečice,Bystrá,rozc.",49.612360926243795,15.359823500371308,PE
"Salačova Lhota,,",49.524373906843245,14.979588093762729,PE
"Sedlatice,,rozc.",49.19722223676899,15.62180180105624,JI
"Skuhrov,,",49.68519743973155,15.531897742646937,HB
"Smrčná,,hřiště",49.46927919917117,15.54314800020892,JI
"Sněžné,,STS",49.653190706859746,16.11958207865391,ZR
"Dobrá Voda,Rohovka,",49.340132225086805,15.270460413143306,PE
"Stará Říše,,pila",49.168366474410476,15.586797914500817,JI
"Stará Říše,,u kapličky",49.182756662003996,15.596459669767619,JI
"Střítež,,rozc.",49.19335941219295,15.889409423194957,TR
"Světlá n.Sáz.,,Bohemia",49.6668401228161,15.414383511982495,HB
"Světlá n.Sáz.,Horní Březinka,",49.67666163518393,15.380984152597904,HB
"Šimanov,,U obrázku",49.46588475511334,15.458516415033941,JI
"Šlapanov,,odb.Benzina",49.54861413301001,15.629653229745967,HB
"Telč,,ČSAD rozc.",49.17621856184269,15.454429960247811,JI
"Horní Myslová,,",49.1653946189796,15.422302385379243,JI
"Třebíč,,Dubina hájenka",49.24109997750908,15.867561946089422,TR
"Třebíč,Týn,",49.22703508458156,15.87462177529969,TR
"Třebíč,Sokolí,osada chat",49.23562802778781,15.824826499177476,TR
"Úhořilka,,samota",49.52029172549919,15.529027689117168,HB
"Úsobí,,ZŠ",49.517365342861176,15.504179781062419,HB
"Úsobí,Chýška,",49.50969057100458,15.533109992128683,HB
"Úsobí,Chýška,na kopci",49.50812827877702,15.529240460604498,HB
"Útěchovice p.Stražištěm,,",49.538701738711495,15.029145758365638,PE
"Velké Meziříčí,,lihovar",49.33926056185131,16.03161838501666,ZR
"Veselý Žďár,,Kundrát",49.63528204695679,15.531593488208475,HB
"Věžnice,,dolní samoty",49.523733942665515,15.66968249980279,HB
"Věžnice,,rozc.Kamenice I",49.39673273758246,15.766801522368779,JI
"Vilémov,,záv.Mars",49.81203236951573,15.539299890561292,HB
"Vilémovice,Pavlíkov,",49.676819744089315,15.331023342795218,HB
"Vyklantice,Kateřinky,",49.55460155561249,15.023107609482162,PE
"Vyskytná,Branišov,",49.42231104534816,15.336843375753675,PE
"Vyskytná,Sedliště,",49.43782077392504,15.339944690911484,PE
"Vysoká Lhota,,rozc.1.0",49.424800520670686,15.041511092090289,PE
"Žďár n.Sáz.,,Strojírenská ŽĎAS",49.55605264718598,15.930444074962683,ZR
"Želiv,Bolechov,rozc.1.0",49.53168237283114,15.206400947139981,PE
"Kamenná Lhota,Dolní Paseka,",49.63782107303719,15.261692373734363,HB
"Pošná,Proseč u Pošné,Ovčín",49.44125661152044,15.052520366399335,PE
"Horní Krupá,Údolí,",49.67624688462414,15.604853659728036,HB
"Olešná,,lihovar",49.68211377029227,15.54334196852932,HB
"Šlapanov,,hřbitov",49.53424760927926,15.660420796106074,HB
"Pelhřimov,,Lhotka I",49.40466253432157,15.228700974942658,PE
"Hojanovice,,V Osinách",49.609748939283214,15.256360121375563,PE
"Pacov,Zhoř,",49.49506216898906,14.94192287228994,PE
"Veselá,,hřbitov",49.32260779673975,15.230415325547288,PE
"Kamenice,,samota Krška",49.356399364900994,15.824435328322066,JI
"Pelhřimov,Lipice,Farma",49.44502621861662,15.16251709460761,PE
"Štěpánov n.Svratkou,,záv.",49.50094708172025,16.331367779119102,ZR
"Polnička,,u mostku",49.60672234842314,15.917563483714268,ZR
"Koberovice,,Podolí",49.58306888337272,15.269117766769499,PE
"Radkov,,statek",49.14980037863281,15.469522883820465,JI
"Vojslavice,,Na chalupách",49.59483149346635,15.233787668670663,PE
"Bojiště,Mstislavice,",49.660452532152334,15.305763550763118,HB
"Horní Paseka,,Zahrádka rozc.",49.623504309669514,15.255572732404238,HB
"Střítež,Bor,",49.38077428574383,15.126878118693316,PE
"Dobrá Voda,,Dlouhá Ves",49.3731602402972,15.268997734189693,PE
"Horní Paseka,,u Benešů",49.633829775805275,15.29407380400407,HB
"Kaliště,Podivice,rozc.",49.60755053342659,15.29131365824069,PE
"Kožlí,Sechov,",49.697934636474734,15.238593709125855,HB
"Lípa,Petrkov,lázně",49.5684700209082,15.567828049828469,HB
"Lísek,,",49.57861545948154,16.18883592897439,ZR
"Pacov,,strojírny",49.46508758462376,15.014987442503138,PE
"Pelhřimov,Benátky,",49.346157606799245,15.250928833679557,PE
"Pelhřimov,Radňov,pila",49.38377693697488,15.281682333307204,PE
"Počátky,,Lázně Sv.Kateřiny křiž.",49.260843947722435,15.273846966338073,PE
"Počátky,Horní Vilímeč,žel.st.",49.23487302148363,15.258594986883939,PE
"Počátky,Vesce,rozc.0.5",49.25491925303402,15.241264679493616,PE
"Polná,,Jungmannova ul.",49.4820748420393,15.721949383595707,JI
"Pošná,,Pazderna",49.449392651304215,15.046662865578336,PE
"Pošná,Proseč u Pošné,",49.44351097767103,15.046409288733061,PE
"Jiřice,,Radostín",49.566419089445446,15.299437357193,PE
"Těmice,Dráchov,",49.328413382920196,15.06673506842601,PE
"Třebíč,,Hrotovická",49.21072592340192,15.892990034405438,TR
"Mnich,Chválkov,Rutov",49.32340951710357,14.976958772559207,PE
"Mrákotín,Dobrá Voda,",49.17792473199259,15.375087798477697,JI
"Vepříkov,,u Bártů",49.742988647209735,15.518060015219474,HB
"Křešín,,u kostela",49.58135375729084,15.042478153198617,PE
"Chotěboř,,rest.u Zámku",49.72545919431555,15.672739895117235,HB
"Kamenice,,lom Meráno",49.36497179009826,15.757278894840875,JI
"Ledeč n.Sáz.,,sušárna",49.70534658935149,15.280003685485024,HB
"Maleč,Hranice,samota",49.7612561548124,15.68277255541961,HB
"Jihlava,,Na Člunku",49.398308547765915,15.610963770930136,JI
"Třebíč,,Průmyslová čtvrť",49.209473824759286,15.89927069278929,TR
"Třebíč,,U Kapličky",49.20948145746341,15.862238226742045,TR
"Havlíčkův Brod,,sídl.Pražská",49.61204723163982,15.576601140699195,HB
"Samšín,Přáslavice,",49.486289032336266,15.086866119317317,PE
"Přibyslav,,žel.st.",49.57037511418301,15.743045336228112,HB
"Pacov,,škola Za branou Starodvorská",49.47441732148491,15.001906807758575,PE
"Třebíč,,Kaufland",49.21573773841887,15.895173544344024,TR
"Pacov,,škola Za branou sídl.",49.47508564331058,15.002546671660129,PE
"Krucemburk,,Hlubocká",49.687946314670086,15.85322802579602,HB
"Pohleď,,horní",49.65893844409658,15.452282649384548,HB
"Světlá n.Sáz.,,Komenského",49.67121698193201,15.404674629120288,HB
"Havlíčkův Brod,,PENNY market",49.617379562369415,15.574447509071259,HB
"Kamenná Lhota,,rozc.u hřiště",49.65202147983438,15.271695185356606,HB
"Meziříčko,,křiž.Černá",49.415419662735836,15.848541078399315,ZR
"Rožná,Josefov,",49.479025012476654,16.26237581001418,ZR
"Nová Ves u Leštiny,,Kamenná Lhota",49.78817216379237,15.41350546966808,HB
"Kouty,,rozc.Kamenná Lhota",49.653997175223424,15.277693283116426,HB
"Uhelná Příbram,,Tři dvory",49.75685154585426,15.590519500015159,HB
"Třebíč,,Modřínová",49.21845095392472,15.894768278343783,TR
"Jihlava,,Hybrálecká",49.41306182035823,15.57590586124656,JI
"Velké Meziříčí,,Zámecké schody",49.35610105193016,16.011461325900317,ZR
"Ruda,,škola",49.3236912291119,16.127335996886238,ZR
"Vystrkov,,obec",49.52152770994139,15.349530391197076,PE
"Bohdalec,,Horní konec",49.476813407115735,16.054204305130757,ZR
"Žďár n.Sáz.,,Jamská I",49.5559537610415,15.957707093332118,ZR
"Dehtáře,Onšovice,obec",49.48963796262889,15.289465400754867,PE
"Kralice n.Osl.,,u školy",49.19983014269031,16.20111949235694,TR
"Moravské Budějovice,,Tyršova",49.049125741618575,15.815127320349829,TR
"Bačice,Udeřice,točna",49.08512691640988,16.02546051481859,TR
"Třebíč,,Bráfova",49.212520675226656,15.885561572083478,TR
"Třebíč,,Nádražní",49.211959863863136,15.882989249787661,TR
"Havlíčkův Brod,,Bezručova",49.60311885752615,15.57834848249422,HB
"Havlíčkův Brod,,Stavební škola",49.602679929884495,15.579495092373099,HB
"Havlíčkův Brod,,Humpolecká",49.60268673988615,15.57559399730252,HB
"Havlíčkův Brod,,Masarykova",49.60369947673416,15.576679038384441,HB
"Havlíčkův Brod,,Dopravní terminál",49.600808237767005,15.587576912736017,HB
"Knyk,Rozňák,horní",49.63810504730721,15.56431189359464,HB
"Havlíčkův Brod,,Pekárny",49.606381505693435,15.59930352029976,HB
"Havlíčkův Brod,,KD Ostrov",49.60531379575376,15.582679742725828,HB
"Žďár n.Sáz.,,Jamská II",49.55309543325883,15.960222643091585,ZR
"Krahulov,,rozc.",49.219651227408804,15.81016508407737,TR
"Velké Meziříčí,,Třebíčská",49.34844705644323,15.999338023053022,ZR
"Třešť,,rozc.k žel.st.",49.29597926182154,15.477940032046293,JI
"Rozsochy,Kundratice,rozc.2.0",49.521300158145735,16.198701430233015,ZR
"Střítež,,JIPOCAR",49.45921541448325,15.61521636232495,JI
"Rozsochy,,obecní úřad",49.520481641450786,16.196860766724228,ZR
"Vír,,rozc.k Dalečínu",49.556706972185026,16.316277347482583,ZR
"Dalečín,,náves",49.59164649226387,16.244709830840677,ZR
"Žďár n.Sáz.,,Jihlavská ZDAR",49.55527306111009,15.946751962230248,ZR
"Jihlava,Červený Kříž,zast.",49.457754432020586,15.602075887122584,JI
"Pelhřimov,,Agrostroj",49.422804614159176,15.221520163109536,PE
"Jihlava,,Chlumova",49.40108534593523,15.588175333692424,JI
"Nová Cerekev,,hřbitov",49.42627441868945,15.126929221340863,PE
"Kožichovice,,Požární útvar",49.201682411081094,15.90147800562508,TR
"Kožichovice,,TIPAFROST",49.20373703850718,15.905466204932617,TR
"Kožichovice,,Jitona",49.20895879842145,15.91145030491745,TR
"Třebíč,,Dřevařské závody",49.21793154172186,15.892111396507438,TR
"Třebíč,,Kosmákova",49.20906135268086,15.891116656443009,TR
"Třebíč,,Březinova",49.20949182185444,15.885957147915219,TR
"Třebíč,,Cyrilometodějská",49.2149294728571,15.889930064358643,TR
"Třebíč,,Karlovo náměstí",49.21581866752511,15.881601690420547,TR
"Třebíč,,Samešova",49.217524872136465,15.896646647734286,TR
"Třebíč,,Komenského nám.",49.214869431388124,15.87706036642801,TR
"Staré Bříště,,U Válů",49.493399031376306,15.353395897862445,PE
"Pikárec,,U Křibu",49.433731592958296,16.11962066166009,ZR
"Křižanov,,pod radnicí",49.38868494271588,16.109941873821064,ZR
"Křižanov,,Katolický dům",49.38953316515711,16.111454685614465,ZR
"Pelhřimov,,Říčanského III",49.426054301293775,15.223639804597205,PE
"Sudice,,škola",49.18112404464102,16.24208705444326,TR
"Sudice,,náves",49.18227040602909,16.236409594859786,TR
"Světlá n.Sáz.,,Na Sídlišti",49.668476463932016,15.399271980299494,HB
"Pelhřimov,Radňov,U Doubků",49.38327717613782,15.28984136456648,PE
"Jihlava,Heroltice,rozc.",49.42926287907614,15.636487407624124,JI
"Sudice,,Výhon",49.18040891095203,16.25039574687606,TR
"Panské Dubenky,,Doubrava",49.208684055725456,15.254064684907302,JH
"Horní Paseka,,u Prokopů",49.62514586792048,15.296558279845476,HB
"Havlíčkův Brod,,Průmyslová",49.590135794615236,15.590001487268042,HB
"Kalhov,,samota",49.47534551248361,15.460208816103444,JI
"Telč,,aut.nádr.",49.182308879925934,15.46399741958556,JI
"Bystřice n.Pern.,Dvořiště,",49.531552244871506,16.29336321675359,ZR
"Chotěboř,,Tyršova",49.71819649523929,15.671627350936298,HB
"Měřín,,Pustina nám.",49.38498951123677,15.901462239384198,ZR
"Havlíčkův Brod,,Nemocnice",49.60879621858653,15.57051766039701,HB
"Havlíčkův Brod,,BTV plast",49.60029542295062,15.601969597334875,HB
"Havlíčkův Brod,,U marketu",49.605899481162446,15.600442426501614,HB
"Havlíčkův Brod,,Prokopa Holého",49.60560671189147,15.583086939767497,HB
"Havlíčkův Brod,,Výšina",49.61629957348418,15.576554312919898,HB
"Havlíčkův Brod,,Nový hřbitov",49.621102922000816,15.572085458485981,HB
"Havlíčkův Brod,,Zahradnického",49.613795086172956,15.572072239123669,HB
"Havlíčkův Brod,,Husova",49.60944159045953,15.576806744886941,HB
"Havlíčkův Brod,,Čechova",49.600394246925845,15.568852985979063,HB
"Havlíčkův Brod,,Kyjovská",49.607578403459755,15.595810112801656,HB
"Havlíčkův Brod,,Poliklinika",49.60174634596409,15.581686452806668,HB
"Havlíčkův Brod,,Penzion STARR",49.604922743341625,15.587433255350279,HB
"Havlíčkův Brod,,Žižkov II",49.60781971588742,15.593339765965373,HB
"Havlíčkův Brod,,SZeŠ",49.594818191174184,15.578779355852552,HB
"Telč,,Radkovská",49.168056757539986,15.462399711513818,JI
"Bystřice n.Pern.,,Masarykovo nám.",49.5234467845459,16.260118149353822,ZR
"Havlíčkův Brod,Termesivy,",49.59998191483228,15.61742146502301,HB
"Jihlava,,Ul.5.května",49.41968024888069,15.595334878999564,JI
"Malý Beranov,,",49.39640487538474,15.63788569875482,JI
"Jihlava,,Škola Bedřichov",49.43039391892038,15.601388120565462,JI
"Třebíč,Řípov,rozc.",49.21612192281023,15.847760110248254,TR
"Velký Beranov,,zast.",49.401741476912655,15.672324526409966,JI
"Malý Beranov,,zast.",49.396428149576415,15.633983752954766,JI
"Třebíč,Ptáčov,",49.229251310182555,15.926534318187228,TR
"Tis,Nový Dvůr,",49.72736986595592,15.495529940411407,HB
"Sedlice,,Kordovsko",49.51691007739692,15.267346100774443,PE
"Střítež p.Křemešníkem,,",49.4344615207538,15.319631715269317,PE
"Jihlava,,U Červeného Kříže",49.45816626602122,15.603585601766072,JI
"Křeč,,rozc. k Vlčevsi",49.38108781021249,14.894205690185796,PE
"Pacov,,Jetřichovská ul.křiž.",49.47827557397707,15.002991413678975,PE
"Chotěboř,,TESCO",49.71224970665991,15.663041422765845,HB
"Obyčtov,,horní",49.5004292937906,16.003231375262114,ZR
"Světlá n.Sáz.,,Haškova",49.66599080453436,15.40607776855503,HB
"Dešov,,",48.985427317308336,15.700607651742413,TR
"Hybrálec,,Šipnov",49.42863402124412,15.532918949140656,JI
"Jihlava,,rozc. k Plandrům",49.42369719664027,15.541590035022276,JI
"Jihlava,,Dům kultury",49.39972191459891,15.587342151293571,JI
"Jihlava,,U autobusového nádraží",49.3988793671577,15.580642665214123,JI
"Jihlava,,hutě u Smrčné",49.45909019704111,15.55627554505347,JI
"Bystřice n.Pern.,,DPS",49.52529912658467,16.250415566478942,ZR
"Bystřice n.Pern.,,hřbitov",49.52583332150325,16.255607941815946,ZR
"Nové Město na Mor.,,KD",49.56378116502198,16.074219000103046,ZR
"Hybrálec,,U lyžaře",49.43234832149607,15.571741478745636,JI
"Radňovice,,na návsi",49.56534470968905,16.033567616675764,ZR
"Žďár n.Sáz.,,Tokoz I",49.58674647900835,15.934264596701292,ZR
"Petráveč,,U Lípy",49.33216775822713,16.040429321205696,ZR
"Jihlava,,U Rybníka",49.42683332334117,15.599661703597318,JI
"Jihlava,,Pod Ján.kopečkem",49.408050668591194,15.591404308951567,JI
"Vojnův Městec,Borky,rekr.stř.",49.669318590134885,15.896439618324896,ZR
"Moravec,,Pod kopcem",49.444512829749634,16.142139199553952,ZR
"Třebíč,,žel.st.",49.21168676949016,15.886331690487639,TR
"Dolní Město,,Fadom",49.63405153614918,15.370482708126962,HB
"Jitkov,,odb.Střížov",49.667650147572864,15.72763823597677,HB
"Jihlava,,Helenín zast.",49.40427100645565,15.631471920299107,JI
"Jihlava,Horní Kosov,Za Prachárnou",49.396333034012265,15.565086374720089,JI
"Krucemburk,,odb.Staré Ransko",49.6904649920102,15.840721558113636,HB
"Jihlava,,Pod Ján.kopečkem",49.4080300448241,15.591530039262684,JI
"Havlíčkův Brod,,Masarykova",49.603994048148216,15.576148876189055,HB
"Jihlava,,Žižkova",49.394266508745865,15.578123744600928,JI
"Vystrkov,,zadní Vystrkov",49.52432859703693,15.349121953169295,PE
"Pelhřimov,,STRABAG",49.41351602367758,15.220096174408873,PE
"Pelhřimov,,nem.I",49.43323473508897,15.227126015022536,PE
"Pelhřimov,,hotel REKREA",49.43181407319518,15.227391711477557,PE
"Pelhřimov,,žel.st.",49.419519774036225,15.223187986707277,PE
"Humpolec,,dálnice",49.52951113549492,15.34992240191509,PE
"Havlíčkův Brod,,Strážná",49.60060262357339,15.581527146869789,HB
"Bory,Dolní Bory,škola",49.42557092341487,16.02481887158867,ZR
"Krahulov,,žel.st.",49.21593288564469,15.80525134466928,TR
"Senorady,,rozc.4.0",49.121307365571724,16.196686754743407,TR
"Jihlava,Heroltice,Švábka",49.42938874023329,15.636260370576249,JI
"Ledeč n.Sáz.,Habrek,rozc.",49.71544538731752,15.265807308206831,HB
"Velké Meziříčí,Mostiště,u mostku",49.3787010593387,16.015763424192947,ZR
"Dvorce,,osada Zastávka",49.38209184179313,15.496336957341994,JI
"Žďár n.Sáz.,,Havlíčkovo náměstí",49.56365521621576,15.939675841856042,ZR
"Velká Bíteš,,Lánice",49.29283586020471,16.21454775358435,ZR
"Jihlava,,Kosovská",49.3948952825029,15.599284290708583,JI
"Náměšť n.Osl.,,škola na sídlišti",49.211847203596,16.144325050904484,TR
"Velké Meziříčí,,Třebíčská u Balinky",49.35539730702327,16.010356245039652,ZR
"Ústrašín,,obchvat",49.38220564769534,15.175094156605843,PE
"Ondřejov,,obchvat",49.39530455517642,15.18408636923422,PE
"Třebíč,,u aut. nádr.",49.21426760468281,15.875961794643567,TR
"Bohuslavice,,rozc.",49.15048399798925,15.573047708958976,JI
"Bystřice n.Pern.,,Výrobní",49.514128218857266,16.2442191245059,ZR
"Bystřice n.Pern.,,Novoměstská",49.52815209483131,16.24979116331744,ZR
"Libice n.Doubr.,Kladruby,",49.74396532586387,15.744845813613283,HB
"Bory,Horní Bory,V parku",49.425135177475354,16.028533185820283,ZR
"Humpolec,,Poliklinika",49.538096633429824,15.356609702483999,PE
"Velké Meziříčí,,Oslavická škola",49.348297611677395,16.007235933944578,ZR
"Jihlava,,Březinova konečná",49.40258710769567,15.603265563304298,JI
"Kámen,,obec",49.711888113321436,15.51978364161001,HB
"Pelhřimov,,Kaufland",49.438801793780705,15.211059213279299,PE
"Jihlava,Hosov,náves",49.38694572514075,15.537982379919596,JI
"Jeřišno,,odb.Podhořice",49.803108305138146,15.64891228570258,HB
"Jihlava,,Hradební",49.39463509157225,15.586394180378607,JI
"Třebíč,,Koželužská",49.20636732037173,15.855511187029268,TR
"Žďár n.Sáz.,,Jamská",49.55748887873475,15.955311864523763,ZR
"Pohled,Rouštany,obchvat",49.614224942256314,15.639957631579627,HB
"Jihlava,,Romana Havelky",49.40813443275229,15.581554222262442,JI
"Jihlava,,Romana Havelky",49.40853969712219,15.581249730345014,JI
"Jihlava,,Hradební",49.394597212976,15.586311935300953,JI
"Velký Rybník,,obec",49.49089909326851,15.307256588861613,PE
"Jihlava,,Gorkého",49.405721899038035,15.588347375706457,JI
"Třebíč,,Za Rybníkem",49.20501796447815,15.845610073368213,TR
"Nové Sady,,rozc.",49.291556638829825,16.193195289168173,ZR
"Jihlava,,Gorkého",49.405680355400314,15.588427164653679,JI
"Nové Město na Mor.,,rozc.Veselíčko",49.56239294237712,16.013561851905614,ZR
"Polnička,,rozc.Světnov",49.6133711635778,15.931428037118907,ZR
"Svratka,,rozc.Chlumětín",49.708995758487085,16.006077325066133,ZR
"Nové Veselí,,rozc.Matějov",49.51706233937429,15.895658045297369,ZR
"Újezd,,hájenka",49.499699145126236,15.889064359624816,ZR
"Radostín n.Osl.,,rozc.Zadní Zhořec",49.434058759186485,15.950632279526873,ZR
"Pavlov,,rozc.Znětínek",49.4548417369207,15.92779477314698,ZR
"Ostrov n.Osl.,,hájenka",49.48220629071374,16.02164830145287,ZR
"Sazomín,,rozc.Obyčtov",49.502977663735635,15.984781527224081,ZR
"Bobrová,,rozc.Račice",49.487958247332465,16.125449446162893,ZR
"Dlouhé,,rozc.Křídla",49.52885422940526,16.10532632091081,ZR
"Líšná,,rozc.Sněžné",49.63790954677641,16.119874040204472,ZR
"Nové Město na Mor.,Studnice,Kuklík dvůr",49.62268378166301,16.10297276309218,ZR
"Nové Město na Mor.,,rozc.Kadov",49.61677117066438,16.092653185298584,ZR
"Fryšava,,hotel Medlov",49.61644902387117,16.055120095467068,ZR
"Nové Město na Mor.,,samota u Vlachovic",49.58737808215482,16.0390359943324,ZR
"Nový Jimramov,,rozc.Javorek",49.64138411720972,16.17545622551765,ZR
"Velké Meziříčí,,rozc.Frankův Zhořec",49.367963942947405,15.947179870217767,ZR
"Velké Meziříčí,Olší n.Osl.,rybníky",49.406764137642824,15.976976779333524,ZR
"Oslavička,,rozc.Baliny",49.33045680807705,15.972500197858883,ZR
"Měřín,,cihelna Černá",49.40875003244196,15.868904823126849,ZR
"Meziříčko,,háj.Řehořov",49.40143594696142,15.806896812768663,ZR
"Měřín,,rozc.Geršov",49.378600361094854,15.889630759125126,ZR
"Křižanov,,rozc.Kadolec",49.38720892277234,16.118596677869643,ZR
"Heřmanov,,rozc.Bojanov",49.38833477230339,16.14142906787382,ZR
"Martinice,,hájenka",49.37370877643446,16.056802834392077,ZR
"Březejc,,Chlostov 0.5",49.34560852753352,16.115693511938353,ZR
"Osová Bítýška,,rozc.Skřinářov",49.331327459717784,16.16534081871971,ZR
"Záblatí,,rozc.Jáchymov",49.30471001790233,16.161425223688774,ZR
"Březské,,Krevlice",49.30106800102293,16.2048492178251,ZR
"Moravec,,rozc.Radkov",49.43864301633917,16.1539752376726,ZR
"Jívoví,,Jakubovský dvůr",49.40877915545803,16.119161446781607,ZR
"Strážek,,rozc.Radkovičky",49.42737577120074,16.202646559412976,ZR
"Moravecké Pavlovice,,Habří",49.42900638259322,16.223761425773848,ZR
"Rožná,,šachta KHB",49.48208807075136,16.217618525414462,ZR
"Blažkov,,rozc.Jasan",49.49325201616478,16.20916298298515,ZR
"Bukov,,šachta",49.46403593446,16.218549323836406,ZR
"Střítež,,rozc.Moravecké Pavlovice",49.434514429647756,16.26414815497654,ZR
"Rodkov,,rozc.Rozsochy",49.500307202346626,16.20884065709062,ZR
"Rozsochy,,Domanínský ryb.rozc.",49.54096759132647,16.19933964270127,ZR
"Bystřice n.Pern.,,rozc.Janovičky",49.55409786831113,16.217512120744367,ZR
"Bystřice n.Pern.,,rozc.Věchnov 3.0",49.51244058183899,16.26059915496067,ZR
"Bystřice n.Pern.,,rozc.Kobylnice 1.0",49.52620945822816,16.321355638463665,ZR
"Bystřice n.Pern.,,PT Jitřenka",49.545284910937916,16.292059198913215,ZR
"Ždánice,,rozc.Karasín 2.0",49.55402908628358,16.261671958903374,ZR
"Písečné,,rozc.Velké Janovice",49.575823965299236,16.233074059114216,ZR
"Koroužné,,rozc.Bolešín",49.533287250559674,16.35331069349955,ZR
"Věžná,,rozc.Bor",49.44695246627644,16.291697843924343,ZR
"Rožná,,drtírna R III",49.49672438637457,16.21712088069131,ZR
"Rožná,,Diamo",49.49609108371727,16.22840979382404,ZR
"Nové Veselí,,rozc.Újezd",49.51771159646034,15.893903051236325,ZR
"Ujčov,,u hřiště",49.48322039985756,16.334429664978998,ZR
"Nížkov,Buková,",49.54352111527509,15.789189890938157,ZR
"Nížkov,Buková,náves",49.5438538471823,15.790467280146977,ZR
"Bobrová,,rozc.Mirošov",49.46717736740775,16.131936842914556,ZR
"Nová Cerekev,,rozc.Lipice",49.43981670935329,15.159806735834293,PE
"Červená Řečice,,rozc.Mašovice",49.48044998379768,15.14231760240112,PE
"Arneštovice,,rozc.Krasolesí",49.541531652766565,15.109993986428599,PE
"Hořepník,,rozc.Kyjov",49.525214586416695,15.089020650360775,PE
"Košetice,,rozc.Martinice u Onšova",49.56881408835881,15.10725215526678,PE
"Chýstovice,,rozc.Chyšná",49.57798275716089,15.092173787081382,PE
"Černovice,,rozc.Bohutín",49.37576630775253,15.012166316712543,PE
"Moraveč,,rozc.Žlíbek",49.39954107690983,15.06378235264727,PE
"Bořetín,,hájek",49.31674517770646,14.961186473220964,PE
"Vokov,,rozc.Pavlov",49.398763025536724,15.230889022439845,PE
"Pelhřimov,Drbohlavy,rozc.Mezná",49.34779855272231,15.193602571517054,PE
"Pelhřimov,Strměchy,rozc.",49.44422013406933,15.312514950284289,PE
"Putimov,,rozc.",49.41438243923916,15.278428929618762,PE
"Proseč p.Křemešníkem,,rozc.Hory",49.407328588135336,15.283820740288425,PE
"Horní Cerekev,Chrástov,lesní mlýn",49.36322711218253,15.324581559883738,PE
"Krasíkovice,Rožkov,rozc.0.5",49.469251553455905,15.223676580876921,PE
"Svépravice,,Prasatka",49.48670382025747,15.233337226300863,PE
"Humpolec,Hadina,",49.56092127515405,15.359946357515332,PE
"Humpolec,,rozvodna",49.54679143267214,15.338000121662507,PE
"Humpolec,,Trucbaba",49.541438934018885,15.329173110467213,PE
"Jiřice,Speřice,rozc.Holušice",49.5710006399492,15.291096435241712,PE
"Bystrá,,Březina",49.50222473159336,15.362454255235663,PE
"Ústí,,Na Němečku",49.48918069891128,15.405950986604406,JI
"Mysletín,,háj.",49.46673535327191,15.365958593465727,PE
"Věžná,,Dvořiště rozc.0.6",49.42251481718076,14.97984002501199,PE
"Pacov,Jetřichovec,Hladov pila",49.506435076972714,14.988646749184452,PE
"Zhořec,,rozc.Jetřichovec",49.495571629535576,14.985615450887392,PE
"Zhořec,,Neckář",49.49906408631962,14.991924927056996,PE
"Pelhřimov,Strměchy,obec",49.44620546028771,15.306093647315667,PE
"Třebíč,,Červený mlýn",49.242678654051815,15.813616484093584,TR
"Rudíkov,,Březiny",49.274890533860216,15.943802470635044,TR
"Červená Lhota,,sokolovna",49.287941227612166,15.816989565832339,TR
"Okříšky,,hájenka",49.24988640845899,15.747655065960066,TR
"Přibyslavice,,království",49.26325985868592,15.746423480885355,TR
"Stařeč,,rozc.Čechočovice",49.20011343564389,15.802499420102405,TR
"Pokojovice,,rozc.Hvězdoňovice",49.22130917687924,15.747656332300142,TR
"Čáslavice,,rozc.Loukovice",49.149263899087245,15.791507416009452,TR
"Římov,,rozc.",49.167175005480765,15.742819257169025,TR
"Nové Syrovice,,rozc.Nimpšov",49.02785171394448,15.755072200455121,TR
"Dešov,,jezera",48.99562318353081,15.716122044681534,TR
"Cidlina,,hájenka",49.15634169915167,15.713782674648096,TR
"Martínkov,,rozc.1.0",49.10013723290332,15.730988483307076,TR
"Martínkov,,cihelna",49.10251003478499,15.739542896075127,TR
"Kostníky,,Dvůr Kopka",48.956333279358674,15.653576868306862,TR
"Popůvky,,rozc.Sedlecký dvůr",49.15196141232875,16.137418008924527,TR
"Popůvky,,Sedlecký dvůr",49.15039321480793,16.140159410536118,TR
"Náměšť n. Osl.,,kompr.st.",49.216705187617684,16.214496883695233,TR
"Sudice,,rozc.2.0",49.19426913135751,16.236824976473073,TR
"Rokytnice n.Rok.,,rozc.Veverka",49.19587542824717,15.751811311119564,TR
"Luka n.Jihlavou,,Loudilka",49.4003525086002,15.68202037994294,JI
"Polná,,rozc.Filipovské Chaloupky",49.47257697958505,15.692006454684226,JI
"Stáj,,rozc.Chroustov",49.46101943148708,15.82346221803906,JI
"Zhoř,,rozc.Lipina",49.44182184126725,15.745082221385765,JI
"Bítovčice,,rozc.Vržanov",49.36002647218387,15.750136224345704,JI
"Cerekvička-Rosice,,samota",49.32819832863639,15.576476593459985,JI
"Cejle,,rozc.k žel.st.",49.35812703213407,15.48255256513902,JI
"Boršov,,rozc.",49.40246982769105,15.421564030437587,JI
"Zbilidy,,Na padrti",49.45687036718427,15.418043526436444,JI
"Telč,,výkrmna",49.16532951938569,15.440134413788378,JI
"Kostelní Myslová,,rozc.Zadní Vydří",49.14650069220267,15.405911405600843,JI
"Horní Myslová,,samota",49.170316728578634,15.416475481131641,JI
"Stará Říše,,rozc.Sedlatice",49.19485420397009,15.604973314103026,JI
"Rozseč,,Otvrň",49.14771337704721,15.595280511612236,JI
"Ořechov,,Pilka",49.19072162751684,15.551361704498657,JI
"Dolní Cerekev,Spělov,rozc.",49.329863203892195,15.428776816995116,JI
"Dolní Cerekev,,rozc.Rohozná",49.33004332521975,15.42767386324254,JI
"Horní Myslová,,rozc.Borovná",49.168235032019034,15.425894593964053,JI
"Kněžice,,rozc.Radonín",49.28022667813534,15.700383397262911,JI
"Větrný Jeníkov,Velešov,hájenka",49.49555674344668,15.444830697248213,JI
"Havlíčkův Brod,,Nový Svět",49.58979658608415,15.58143318588874,HB
"Okrouhlička,,Skřivánek",49.53354356257349,15.592436058607882,HB
"Úsobí,Kosovy,rozc.Petrovice",49.48980958882266,15.512481945084918,HB
"Herálec,Zdislavice,Velký Kanál",49.55179978083506,15.420893295183598,HB
"Herálec,Zdislavice,rozc.Leština",49.55360489885821,15.429424346042358,HB
"Havlíčkův Brod,Březinka,rozc.Bezděkov",49.59866557293364,15.494224043350213,HB
"Nová Ves u Světlé,,Horní lesy",49.63911958238029,15.415235861541348,HB
"Krátká Ves,,samota",49.62092640437093,15.672718036165598,HB
"Žižkovo Pole,,rozc.Železné Horky",49.62014638122892,15.734484161875391,HB
"Kojetín,,lesní školka",49.63940082316632,15.623143791385717,HB
"Vepříkov,Miřátky,rozc.Proseč",49.74585221007334,15.517274734259491,HB
"Vepříkov,Miřátky,rozc.Jiříkov",49.73875503047437,15.534857971676278,HB
"Kámen,,rozc.Tis",49.70307624618225,15.52450339521278,HB
"Tis,,hájenka",49.713477554488136,15.470967481310407,HB
"Bačkov,,rozc.Lubno",49.745833727590735,15.469596003373399,HB
"Skryje,,dvůr Křemen",49.83929086101461,15.490097110056936,HB
"Golčův Jeníkov,Sirákovice,rozc.",49.83152219343159,15.502793180524655,HB
"Libice n.Doubr.,,rozc.Lány",49.749492334437505,15.716312942157526,HB
"Maleč,Hranice,rozc.Bezlejov",49.757087471913806,15.678070209182076,HB
"Nová Ves u Chotěboře,Zastrání,",49.744105104212295,15.667490940353355,HB
"Uhelná Příbram,Pukšice,rozc.Víska",49.771964430901754,15.62534509131103,HB
"Uhelná Příbram,Pukšice,Samoty",49.785727400893705,15.601957047650744,HB
"Světlá n.Sáz.,Kochánov,lesní školka",49.64909952116754,15.370286276394957,HB
"Hradec,,rozc.Prosíčka",49.71869995912848,15.319951770004561,HB
"Bojiště,,rozc.Veliká",49.67752281754258,15.28638797782928,HB
"Ledeč n.Sáz.,,nem.Háj",49.68285368631698,15.303956246278156,HB
"Bojiště,,koup.",49.65937459691924,15.266246268953765,HB
"Kozlov,Vrbka,rozc.0.3",49.74498128276816,15.277694547357784,HB
"Kozlov,Vrbka,",49.74960407752556,15.279056687266356,HB
"Kozlov,Vrbka,rozc.Třebětín",49.75531760401839,15.280153021509367,HB
"Ledeč n.Sáz.,Souboř,",49.71900462494,15.26704914509533,HB
"Ledeč n.Sáz.,,rozc.k žel.st.",49.69764673840267,15.27389708411301,HB
"Veselý Žďár,,rozc.Valečov",49.6475540104358,15.512878167205127,HB
"Libice n.Doubr.,Libická Lhotka,",49.736777249380566,15.703390202817705,HB
"Stařeč,,žel.st.",49.19531568058168,15.8050262375942,TR
"Ledeč n.Sáz.,,rozc.k žel.st.",49.69681501402207,15.273121403422117,HB
"Havlíčkova Borová,Železné Horky,rozc.1.8",49.62014638122892,15.734484161875391,HB
"Rozsochy,,rozc.2.0",49.500307202346626,16.20884065709062,ZR
"Rokytnice n.Rok.,,Veverka",49.195875441349344,15.751811455212641,TR
"Větrný Jeníkov,Velešov,",49.48635967771821,15.451550720963528,JI
"Sedlejov,,",49.22732754650818,15.495615869039222,JI
"Mysliboř,,",49.21016426608423,15.484822606645123,JI
"Sedlatice,,rozc.Stará Říše",49.19485420397009,15.604973314103026,JI
"Ujčov,,Jednota",49.48322038893919,16.334429676572974,ZR
"Čejov,Hadina,",49.56092137652711,15.359946456470773,PE
"Věstín,Bolešín,rozc.2.0",49.533287191082934,16.353310709248376,ZR
"Staré Bříště,,Březina",49.50222473159336,15.362454255235663,PE
"Chyšná,,rozc.1.0",49.57798275716089,15.092173787081382,PE
"Trnava,,zahradnictví",49.260893290946385,15.927354240666558,TR
"Jihlava,Pístov,NC AVENTIN",49.392975053154196,15.553341063825101,JI
"Žďár n.Sáz.,,Pilská nádrž",49.588812508626695,15.933213046213485,ZR
"Třebíč,,Palečkův mlýn",49.21585694568817,15.910551858987446,TR
"Osová Bítýška,,u kostela",49.32469751696701,16.16804416923625,ZR
"Velké Meziříčí,,Draka Kabely",49.346165861299355,15.996147981922707,ZR
"Velké Meziříčí,,žel.st.",49.34585946676782,16.02289971811143,ZR
"Velká Bíteš,Jestřabí,",49.271767571613864,16.190484728194757,ZR
"Třebíč,,Demlova školka",49.20718195038994,15.882844648357455,TR
"Velká Bíteš,,průmyslová zóna Košíkov",49.27205748883622,16.22486945097875,ZR
"Velké Meziříčí,,U Statku",49.3573956780136,15.990891041419973,ZR
"Velké Meziříčí,,Zahradní",49.356206487416095,15.997198231797244,ZR
"Třebíč,,Střítežská",49.20124065836945,15.887956798376774,TR
"Panské Dubenky,,křiž.Studená",49.21815621205321,15.264592575933335,JI
"Panské Dubenky,,křiž.Počátky",49.221211728393314,15.26729185033982,JI
"Blatnice,,ObÚ",49.06980274724557,15.871179629698558,TR
"Dlouhá Brtnice,,ObÚ",49.23749000483944,15.605944740057161,JI
"Zbilidy,,has.zbroj.",49.444611665757556,15.423107401580078,JI
"Netín,,křiž.",49.412085256778894,15.949862305885341,ZR
"Blažkov,,prodejna",49.47299470166318,16.185290815962496,ZR
