"Adršpach,Dolní Adršpach,odb.Zdoňov",50.61643100000003,16.13274700000005,NA,CZ
"Adršpach,Dolní Adršpach,odb.Zdoňov",50.61656200000005,16.132786000000067,NA,CZ
"Adršpach,Dolní Adršpach,skály",50.61706000000004,16.121417000000065,NA,CZ
"Adršpach,Dolní Adršpach,skály",50.617155000000075,16.121367000000077,NA,CZ
"Adršpach,Dolní Adršpach,zámek",50.61861600000003,16.108505000000036,NA,CZ
"Adršpach,Dolní Adršpach,zámek",50.61871100000007,16.108444000000077,NA,CZ
"Adršpach,Horní Adršpach,žel.zast.",50.62418900000005,16.083921000000032,NA,CZ
"Adršpach,Horní Adršpach,žel.zast.",50.62428400000004,16.08356500000002,NA,CZ
"Albrechtice n.Orl.,,1.máje",50.13866800000005,16.062054000000046,RK,CZ
"Albrechtice n.Orl.,,1.máje",50.14008300000006,16.063652000000047,RK,CZ
"Albrechtice n.Orl.,,Borek",50.14297000000005,16.056257000000073,RK,CZ
"Albrechtice n.Orl.,,Borek",50.14300000000003,16.055944000000068,RK,CZ
"Albrechtice n.Orl.,,obchodní centrum",50.14423900000002,16.06185000000005,RK,CZ
"Albrechtice n.Orl.,,obchodní centrum",50.14431900000005,16.061564000000033,RK,CZ
"Albrechtice n.Orl.,,odb.Nová Ves",50.13340100000004,16.058912000000078,RK,CZ
"Albrechtice n.Orl.,,odb.Nová Ves",50.133621000000055,16.058975000000032,RK,CZ
"Babice,,kostel",50.19223800000003,15.58652100000006,HK,CZ
"Babice,,kostel",50.192131000000074,15.586604000000023,HK,CZ
"Babice,,Nová Ves",50.19149600000003,15.582015000000071,HK,CZ
"Bačalky,,horní",50.38513100000006,15.15237700000006,JC,CZ
"Bačalky,,horní",50.385201000000045,15.152424000000055,JC,CZ
"Bačalky,,střed",50.38319900000004,15.16180500000007,JC,CZ
"Bačalky,,střed",50.38326300000005,15.161846000000027,JC,CZ
"Bačalky,Lično",50.383680000000034,15.171592000000032,JC,CZ
"Bačalky,Lično",50.38373800000005,15.171470000000056,JC,CZ
"Bačetín,,Brtva",50.29884100000003,16.22098100000005,RK,CZ
"Bačetín,,Brtva",50.29889600000006,16.220964000000038,RK,CZ
"Bačetín,,ObÚ",50.300189000000046,16.235494000000074,RK,CZ
"Bačetín,,ObÚ",50.300262000000025,16.235216000000037,RK,CZ
"Bačetín,,odb.Sudín",50.296558000000054,16.239813000000026,RK,CZ
"Bačetín,,odb.Sudín",50.29646400000007,16.240038000000027,RK,CZ
"Bačetín,Sudín,farma",50.29644400000006,16.24694100000005,RK,CZ
"Bačetín,Sudín,farma",50.296353000000074,16.24684700000006,RK,CZ
"Barchov,,ObÚ",50.197389000000044,15.567788000000066,HK,CZ
"Barchov,,ObÚ",50.19749800000005,15.567336000000068,HK,CZ
"Bartošovice v Orl.h.,,horní",50.16852400000004,16.52818700000006,RK,CZ
"Bartošovice v Orl.h.,,horní",50.168640000000046,16.528077000000053,RK,CZ
"Bartošovice v Orl.h.,,Kopeček",50.163298000000054,16.553934000000027,RK,CZ
"Bartošovice v Orl.h.,,Neratov",50.21450500000003,16.55183100000005,RK,CZ
"Bartošovice v Orl.h.,,Neratov",50.214354000000064,16.551754000000074,RK,CZ
"Bartošovice v Orl.h.,,Nová Ves",50.241494000000046,16.511978000000056,RK,CZ
"Bartošovice v Orl.h.,,Nová Ves",50.24137600000005,16.512154000000066,RK,CZ
"Bartošovice v Orl.h.,,Nová Ves ch.Orlice",50.237300000000054,16.524444000000074,RK,CZ
"Bartošovice v Orl.h.,,Nová Ves ch.Orlice",50.23720900000005,16.524379000000067,RK,CZ
"Bartošovice v Orl.h.,,Nová Ves kaple",50.23997700000006,16.51889300000005,RK,CZ
"Bartošovice v Orl.h.,,Nová Ves kaple",50.23990600000007,16.51884700000005,RK,CZ
"Bartošovice v Orl.h.,,ObÚ",50.164019000000046,16.547592000000066,RK,CZ
"Bartošovice v Orl.h.,,ObÚ",50.16398100000003,16.546939000000066,RK,CZ
"Bartošovice v Orl.h.,,Podlesí",50.23132900000007,16.542499000000078,RK,CZ
"Bartošovice v Orl.h.,,Podlesí",50.23130200000003,16.542409000000077,RK,CZ
"Bartošovice v Orl.h.,Vrchní Orlice",50.18175400000006,16.554156000000035,RK,CZ
"Bartošovice v Orl.h.,Vrchní Orlice",50.181763000000046,16.55398900000006,RK,CZ
Bašnice,50.33444900000008,15.605056000000049,JC,CZ
Bašnice,50.33453100000002,15.605057000000043,JC,CZ
"Batňovice,,kostel",50.518291000000026,16.03812400000004,TU,CZ
"Batňovice,,kostel",50.51823600000005,16.038413000000048,TU,CZ
"Batňovice,,Na Mýtě",50.514178000000065,16.032024000000035,TU,CZ
"Batňovice,,Na Mýtě",50.51386900000005,16.031656000000055,TU,CZ
"Batňovice,,ObÚ",50.51581300000004,16.04735100000005,TU,CZ
"Batňovice,,ObÚ",50.51597400000003,16.046483000000023,TU,CZ
"Batňovice,,Verpán",50.511371000000054,16.053033000000028,TU,CZ
"Batňovice,,Verpán",50.511320000000076,16.05283000000003,TU,CZ
Běchary,50.31387300000006,15.292806000000041,JC,CZ
Běchary,50.313815000000034,15.292687000000058,JC,CZ
"Běleč n.Orl.,,Borek",50.19548600000006,15.963777000000048,HK,CZ
"Běleč n.Orl.,,Borek",50.19560300000006,15.96324000000004,HK,CZ
"Běleč n.Orl.,,náves",50.19765500000006,15.941858000000025,HK,CZ
"Běleč n.Orl.,,náves",50.19764600000008,15.94220000000007,HK,CZ
"Běleč n.Orl.,,náves",50.19748100000003,15.94241100000005,HK,CZ
"Benátky n.Bystř.,,Čepro",50.320458000000016,15.733622000000025,HK,CZ
"Benátky n.Bystř.,,Čepro",50.32046300000007,15.733740000000068,HK,CZ
"Benátky n.Bystř.,,Rybníček",50.311128000000046,15.734413000000075,HK,CZ
"Benátky n.Bystř.,,Rybníček",50.31111000000004,15.734328000000064,HK,CZ
"Benátky n.Bystř.,,u křížku",50.31153100000006,15.734694000000047,HK,CZ
"Benátky n.Bystř.,,u křížku",50.31156300000003,15.734388000000024,HK,CZ
"Bernartice,,Juta",50.65063900000006,15.968044000000075,TU,CZ
"Bernartice,,Juta",50.65044400000005,15.967968000000043,TU,CZ
"Bernartice,,kolonie",50.65531700000008,15.968303000000047,TU,CZ
"Bernartice,,kolonie",50.65414100000003,15.968567000000064,TU,CZ
"Bernartice,,nám.",50.646260000000034,15.964931000000036,TU,CZ
"Bernartice,,nám.",50.646221000000025,15.965187000000071,TU,CZ
"Bernartice,Křenov",50.640938000000055,15.935262000000023,TU,CZ
"Bezděkov n.Met.,,Mýto",50.50713700000005,16.214558000000068,NA,CZ
"Bezděkov n.Met.,,Mýto",50.506969000000026,16.214459000000033,NA,CZ
"Bezděkov n.Met.,,na otáčce",50.50786700000003,16.228396000000032,NA,CZ
"Bezděkov n.Met.,,na otáčce",50.507997000000046,16.228394000000037,NA,CZ
"Bezděkov n.Met.,,pohostinství",50.50991800000003,16.229179000000045,NA,CZ
"Bezděkov n.Met.,,pohostinství",50.50994200000008,16.229882000000032,NA,CZ
"Bezděkov n.Met.,,žel.st.Police n.Met.",50.51402100000007,16.212878000000046,NA,CZ
"Bezděkov n.Met.,,žel.st.Police n.Met.",50.513401000000044,16.212946000000045,NA,CZ
"Bílá Třemešná,,Spořilov",50.44301600000005,15.757943000000068,TU,CZ
"Bílá Třemešná,,Spořilov",50.44336300000003,15.757004000000052,TU,CZ
"Bílá Třemešná,,U Kaiserů",50.44244500000007,15.748353000000066,TU,CZ
"Bílá Třemešná,,U Kaiserů",50.44282200000003,15.74619300000006,TU,CZ
"Bílá Třemešná,,u kostela",50.445499000000034,15.739211000000067,TU,CZ
"Bílá Třemešná,,u kostela",50.44605100000006,15.738322000000037,TU,CZ
"Bílá Třemešná,,žel.st.",50.45149700000007,15.733830000000069,TU,CZ
"Bílá Třemešná,,žel.st.",50.451509000000044,15.733960000000023,TU,CZ
"Bílá Třemešná,Nové Lesy",50.439531000000045,15.768141000000071,TU,CZ
"Bílá Třemešná,Nové Lesy",50.439816000000064,15.767771000000039,TU,CZ
"Bílé Poličany,,ObÚ",50.39088700000007,15.732649000000036,TU,CZ
"Bílé Poličany,,ObÚ",50.39081300000004,15.732206000000076,TU,CZ
"Bílé Poličany,,u Ervů",50.39076800000003,15.745291000000066,TU,CZ
"Bílé Poličany,,u Ervů",50.39071000000007,15.745337000000063,TU,CZ
"Bílé Poličany,,u špejcharu",50.38997300000005,15.729657000000032,TU,CZ
"Bílé Poličany,,u špejcharu",50.39000100000004,15.72949200000005,TU,CZ
Bílsko u Hořic,50.36976400000003,15.600033000000053,JC,CZ
Bílsko u Hořic,50.36979300000007,15.601529000000028,JC,CZ
"Bílý Újezd,,motorest",50.23989300000005,16.225273000000072,RK,CZ
"Bílý Újezd,,motorest",50.23856600000004,16.22571300000004,RK,CZ
"Bílý Újezd,Hroška",50.23245900000006,16.205339000000038,RK,CZ
"Bílý Újezd,Hroška",50.23254700000006,16.20545800000002,RK,CZ
"Blešno,,ObÚ",50.21411100000005,15.93044100000003,HK,CZ
"Blešno,,ObÚ",50.213816000000065,15.931177000000046,HK,CZ
"Boháňka,,ObÚ",50.36351300000007,15.708041000000035,JC,CZ
"Boháňka,,ObÚ",50.36344000000002,15.70804400000003,JC,CZ
"Boháňka,Chloumek",50.365396000000025,15.690609000000052,JC,CZ
"Boháňka,Chloumek",50.36530700000003,15.690628000000059,JC,CZ
"Boháňka,Skála",50.35633400000006,15.720174000000045,JC,CZ
"Boháňka,Skála",50.35630600000007,15.720070000000078,JC,CZ
"Boháňka,Skála,Okály",50.360867000000034,15.713436000000058,JC,CZ
"Boháňka,Skála,Okály",50.36108400000007,15.713283000000049,JC,CZ
"Boháňka,Votuz",50.35761100000007,15.697640000000035,JC,CZ
"Boháňka,Votuz",50.35758100000003,15.697740000000067,JC,CZ
Boharyně,50.20384700000005,15.633253000000023,HK,CZ
"Boharyně,,hospoda",50.20496800000005,15.630851000000064,HK,CZ
"Boharyně,,hospoda",50.20489500000008,15.630731000000026,HK,CZ
"Boharyně,,odb.Puchlovice",50.20337600000005,15.632556000000022,HK,CZ
"Boharyně,,odb.Puchlovice",50.203380000000024,15.632661000000043,HK,CZ
"Boharyně,Homyle,hlavní silnice",50.20179000000007,15.641428000000078,HK,CZ
"Boharyně,Homyle,kříž",50.20172500000006,15.640483000000074,HK,CZ
"Boharyně,Homyle,kříž",50.20160000000004,15.640895000000056,HK,CZ
"Boharyně,Trnava",50.19240000000007,15.60307000000006,HK,CZ
"Boharyně,Trnava",50.19236800000004,15.603153000000079,HK,CZ
"Boharyně,Trnava,odb.Malé Babice",50.19739000000004,15.605089000000078,HK,CZ
"Boharyně,Trnava,odb.Malé Babice",50.197301000000024,15.60525000000007,HK,CZ
"Boharyně,Zvíkov",50.21163100000006,15.607977000000062,HK,CZ
"Boharyně,Zvíkov",50.21170800000004,15.607954000000063,HK,CZ
Bohdašín,50.33821100000006,16.224339000000043,RK,CZ
Bohdašín,50.34647800000004,16.23304900000005,RK,CZ
"Bohdašín,,Bydlo",50.353947000000055,16.229396000000065,RK,CZ
"Bohdašín,,Bydlo",50.35385000000007,16.229550000000074,RK,CZ
"Bohdašín,,Rokole",50.347241000000054,16.23861400000004,RK,CZ
"Bohdašín,,Rokole",50.34696500000007,16.239265000000046,RK,CZ
"Bohdašín,,V Propasti",50.346077000000044,16.23336900000004,RK,CZ
"Bohdašín,,V Propasti",50.34616400000004,16.233607000000063,RK,CZ
"Bohdašín,,V Propasti",50.34658300000006,16.23325600000004,RK,CZ
"Bohdašín,,V Propasti",50.34667900000005,16.233146000000033,RK,CZ
"Bohdašín,Vanovka",50.32933900000006,16.202087000000063,RK,CZ
"Bohdašín,Vanovka",50.329328000000025,16.201880000000074,RK,CZ
"Bohuslavice,,ČOV",50.30427400000008,16.091345000000047,NA,CZ
"Bohuslavice,,ČOV",50.304513000000036,16.09150100000005,NA,CZ
"Bohuslavice,,Horkalen",50.32464200000003,16.091009000000042,NA,CZ
"Bohuslavice,,Horkalen",50.32471800000006,16.091211000000044,NA,CZ
"Bohuslavice,,Marijánka",50.30788800000005,16.08830000000006,NA,CZ
"Bohuslavice,,Marijánka",50.307804000000026,16.08819900000003,NA,CZ
"Bohuslavice,,Na Ostrém",50.31392900000004,16.08801900000003,NA,CZ
"Bohuslavice,,Na Ostrém",50.31368400000008,16.088262000000043,NA,CZ
"Bohuslavice,,ZEPO",50.32008600000006,16.085945000000038,NA,CZ
"Bohuslavice,,ZEPO",50.318499000000024,16.085834000000034,NA,CZ
"Bolehošť,,pošta",50.21347300000007,16.07711100000006,RK,CZ
"Bolehošť,,škola",50.20729300000005,16.07916400000005,RK,CZ
"Bolehošť,,škola",50.20741000000003,16.079266000000075,RK,CZ
"Bolehošť,Bolehošťská Lhota",50.20431000000008,16.087758000000065,RK,CZ
"Bolehošť,Bolehošťská Lhota",50.20456400000006,16.087511000000063,RK,CZ
"Borek,,ObÚ",50.43901100000005,15.654292000000057,JC,CZ
"Borek,,ObÚ",50.438983000000064,15.654185000000039,JC,CZ
"Borek,Bezník,odb.",50.442376000000074,15.646501000000058,JC,CZ
"Borek,Bezník,odb.",50.44234600000004,15.646585000000075,JC,CZ
"Borek,Bezník,V Lukách",50.43880900000004,15.639019000000074,JC,CZ
"Borek,Bezník,V Lukách",50.438841000000075,15.639157000000067,JC,CZ
"Borek,Želejov",50.430783000000076,15.66190800000004,JC,CZ
"Borek,Želejov",50.43080800000006,15.661817000000044,JC,CZ
"Borohrádek,,aut.st.",50.095709000000056,16.090970000000027,RK,CZ
"Borohrádek,,aut.st.",50.09579100000007,16.090971000000025,RK,CZ
"Borohrádek,,Havlíčkova",50.10020400000007,16.08962900000006,RK,CZ
"Borohrádek,,Havlíčkova",50.10005300000005,16.08967400000006,RK,CZ
"Borohrádek,,škola",50.09432600000007,16.097191000000066,RK,CZ
"Borohrádek,,škola",50.09451000000007,16.09713400000004,RK,CZ
"Borohrádek,,žel.st.",50.09678900000006,16.08675100000005,RK,CZ
"Borohrádek,Šachov",50.09780100000006,16.121432000000027,RK,CZ
"Borohrádek,Šachov",50.09776000000005,16.121565000000032,RK,CZ
Borová,50.38627100000007,16.255044000000055,NA,CZ
Borová,50.386226000000065,16.254868000000045,NA,CZ
"Borová,,u jedle",50.376232000000066,16.260988000000054,NA,CZ
"Borová,,u jedle",50.37617000000005,16.261127000000045,NA,CZ
"Borovnice,,has.zbroj.",50.50775200000004,15.632408000000053,TU,CZ
"Borovnice,,has.zbroj.",50.50788300000004,15.632201000000066,TU,CZ
"Borovnice,,prodejna",50.50919800000002,15.620544000000054,TU,CZ
"Borovnice,,prodejna",50.50930900000002,15.620693000000074,TU,CZ
"Borovnice,,škola",50.509153000000026,15.612777000000051,TU,CZ
"Borovnice,,škola",50.509549000000035,15.612093000000073,TU,CZ
"Borovnice,,u kapličky",50.06218100000005,16.246039000000053,RK,CZ
"Borovnice,,Walraven",50.51123400000006,15.605303000000049,TU,CZ
"Borovnice,,Walraven",50.51133800000008,15.605236000000048,TU,CZ
"Borovnice,Přestavlky",50.06804300000004,16.231689000000074,RK,CZ
"Borovnice,Přestavlky",50.06792000000007,16.231716000000063,RK,CZ
"Borovnice,Rájec",50.053507000000074,16.23241100000007,RK,CZ
"Borovnice,Rájec",50.05351200000006,16.23251700000003,RK,CZ
"Borovnička,,kostel",50.500514000000074,15.668798000000038,TU,CZ
"Borovnička,,kostel",50.50059400000004,15.668691000000022,TU,CZ
"Borovnička,,samota",50.49700800000006,15.683845000000078,TU,CZ
"Borovnička,,samota",50.497318000000064,15.683503000000028,TU,CZ
"Borovnička,,žel.zast.",50.50327700000003,15.65550600000006,TU,CZ
"Borovnička,,žel.zast.",50.50334100000003,15.655839000000073,TU,CZ
"Božanov,,dolní",50.53417800000006,16.37200400000006,NA,CZ
"Božanov,,Dům seniorů",50.53093900000004,16.373495000000048,NA,CZ
"Božanov,,Dům seniorů",50.53099800000006,16.373542000000043,NA,CZ
"Božanov,,horní",50.51870800000006,16.34623700000003,NA,CZ
"Božanov,,kemp",50.524055000000025,16.353342000000055,NA,CZ
"Božanov,,ObÚ",50.52618800000005,16.364748000000077,NA,CZ
"Broumov,,hotel Veba",50.58256700000003,16.330765000000042,NA,CZ
"Broumov,,hotel Veba",50.58228800000006,16.331508000000042,NA,CZ
"Broumov,,MěÚ",50.58814000000007,16.329404000000068,NA,CZ
"Broumov,,MěÚ",50.58851900000007,16.328332000000046,NA,CZ
"Broumov,,nemocnice",50.579650000000065,16.333935000000054,NA,CZ
"Broumov,,nemocnice",50.58022500000004,16.333702000000073,NA,CZ
"Broumov,,pila",50.57316100000002,16.335691000000054,NA,CZ
"Broumov,,pila",50.57322000000004,16.335770000000025,NA,CZ
"Broumov,,Soukenická",50.58758300000005,16.33567400000004,NA,CZ
"Broumov,,Soukenická",50.58745700000002,16.335544000000027,NA,CZ
"Broumov,,stavebniny",50.59411200000005,16.334044000000063,NA,CZ
"Broumov,,stavebniny",50.59402000000004,16.33395100000007,NA,CZ
"Broumov,,žel.st.",50.58118000000006,16.339198000000067,NA,CZ
"Broumov,,žel.st.",50.58142300000003,16.33912600000002,NA,CZ
"Broumov,,žel.st.",50.581639000000045,16.339068000000054,NA,CZ
"Broumov,,žel.st.",50.58182400000004,16.33902100000006,NA,CZ
"Broumov,Benešov,penzion",50.61080200000002,16.34477000000004,NA,CZ
"Broumov,Benešov,penzion",50.61077100000004,16.344652000000053,NA,CZ
"Broumov,Benešov,točna",50.616456000000014,16.34803900000003,NA,CZ
"Broumov,Olivětín,hostinec",50.602988000000046,16.33341400000006,NA,CZ
"Broumov,Olivětín,Veba",50.60097900000005,16.333274000000074,NA,CZ
"Broumov,Olivětín,Veba",50.601436000000035,16.333030000000065,NA,CZ
"Broumov,Olivětín,žel.st.",50.608656000000046,16.32968500000004,NA,CZ
"Broumov,Olivětín,žel.st.",50.608532000000075,16.329653000000064,NA,CZ
"Broumov,Rožmitál,prodejna",50.599330000000066,16.371068000000037,NA,CZ
"Broumov,Rožmitál,prodejna",50.599308000000065,16.370986000000073,NA,CZ
"Broumov,Rožmitál,rozc.",50.58958800000004,16.37353900000005,NA,CZ
"Broumov,Rožmitál,rozc.",50.58965100000005,16.373428000000047,NA,CZ
"Broumov,Rožmitál,točna",50.60452600000007,16.368472000000054,NA,CZ
"Broumov,Velká Ves,ČOV",50.56960400000002,16.348046000000068,NA,CZ
"Broumov,Velká Ves,ČOV",50.569732000000045,16.347998000000075,NA,CZ
Brzice,50.44166600000005,15.962919000000056,NA,CZ
Brzice,50.44123300000007,15.963286000000037,NA,CZ
"Brzice,,odb.Mezilečí",50.445634000000034,15.977710000000059,NA,CZ
"Brzice,,odb.Mezilečí",50.445528000000074,15.977780000000052,NA,CZ
"Brzice,Proruby",50.46204900000003,15.958268000000034,NA,CZ
"Březina,,Březinka",50.43486400000006,15.318816000000027,JC,CZ
"Březina,,Březinka",50.43487000000003,15.318646000000058,JC,CZ
"Březina,,náves",50.434172000000046,15.31334700000002,JC,CZ
"Březina,,náves",50.43409200000007,15.31309200000004,JC,CZ
Bříšťany,50.31676600000002,15.621492000000046,JC,CZ
Bříšťany,50.317181000000055,15.621335000000045,JC,CZ
Budčeves,50.30976600000007,15.254087000000027,JC,CZ
Budčeves,50.309449000000036,15.253707000000077,JC,CZ
"Budčeves,Nečas",50.29637700000007,15.233963000000072,JC,CZ
Bukovice,50.54916600000006,16.227769000000023,NA,CZ
Bukovice,50.549124000000056,16.22747700000002,NA,CZ
Bukvice,50.412259000000056,15.294938000000059,JC,CZ
Bukvice,50.41236400000009,15.294901000000037,JC,CZ
Butoves,50.38657600000005,15.427011000000048,JC,CZ
Butoves,50.38648500000004,15.426774000000025,JC,CZ
Bystré,50.32197400000006,16.256294000000025,RK,CZ
Bystré,50.32200600000005,16.256097000000068,RK,CZ
Bystré,50.32230100000004,16.25641500000006,RK,CZ
Bystré,50.32230900000007,16.256631000000027,RK,CZ
"Bystřice,,hřiště",50.39459900000003,15.244146000000057,JC,CZ
"Bystřice,,hřiště",50.39454600000005,15.243844000000024,JC,CZ
"Bystřice,,transformátor",50.39361100000008,15.24350700000002,JC,CZ
"Bystřice,,transformátor",50.39364800000005,15.243596000000027,JC,CZ
Byzhradec,50.213273000000065,16.190635000000043,RK,CZ
Byzhradec,50.21364400000004,16.19072200000005,RK,CZ
"Cerekvice n.Bystř.,,Hrádek",50.32990000000006,15.72648600000002,JC,CZ
"Cerekvice n.Bystř.,,Hrádek",50.33003500000006,15.726511000000073,JC,CZ
"Cerekvice n.Bystř.,,náves",50.33377400000006,15.723546000000056,JC,CZ
"Cerekvice n.Bystř.,,náves",50.33382500000004,15.723964000000024,JC,CZ
"Cerekvice n.Bystř.,,škola",50.33487100000008,15.722542000000034,JC,CZ
"Cerekvice n.Bystř.,Čenice",50.34249800000003,15.738027000000045,JC,CZ
"Cerekvice n.Bystř.,Čenice",50.34254700000008,15.737949000000071,JC,CZ
"Cerekvice n.Bystř.,Třebovětice",50.33291100000008,15.712687000000074,JC,CZ
"Cerekvice n.Bystř.,Třebovětice",50.33283700000004,15.712474000000043,JC,CZ
"Častolovice,,Dvůr Polná",50.13999300000007,16.18486500000006,RK,CZ
"Častolovice,,Dvůr Polná",50.14003700000006,16.18476400000003,RK,CZ
"Častolovice,,nám.",50.12940200000001,16.184194000000048,RK,CZ
"Častolovice,,nám.",50.129456000000054,16.183988000000056,RK,CZ
"Častolovice,,ORSIL",50.127920000000074,16.162522000000024,RK,CZ
"Častolovice,,ORSIL",50.12776900000005,16.16284200000007,RK,CZ
"Častolovice,,park",50.13272500000005,16.184691000000043,RK,CZ
"Častolovice,,park",50.13351400000005,16.185313000000065,RK,CZ
"Častolovice,,škola",50.132836000000054,16.183138000000042,RK,CZ
"Častolovice,,žel.st.",50.12851800000004,16.172881000000075,RK,CZ
"Častolovice,,žel.st.",50.12849700000003,16.17277500000006,RK,CZ
"Častolovice,,žel.st.",50.128486000000066,16.172661000000062,RK,CZ
"Častolovice,,žel.st.",50.12847100000005,16.17254500000007,RK,CZ
"Častolovice,,žel.zast.",50.127705000000056,16.189811000000077,RK,CZ
"Častolovice,,žel.zast.",50.127905000000055,16.189793000000066,RK,CZ
"Čermná n.Orl.,Číčová",50.07092400000005,16.160398000000043,RK,CZ
"Čermná n.Orl.,Číčová",50.07105200000006,16.160366000000067,RK,CZ
"Čermná n.Orl.,Číčová,Zbytka",50.06594600000005,16.16739700000005,RK,CZ
"Čermná n.Orl.,Číčová,Zbytka",50.06581200000005,16.167634000000078,RK,CZ
"Čermná n.Orl.,Malá Čermná,hřiště",50.07772400000004,16.125128000000075,RK,CZ
"Čermná n.Orl.,Malá Čermná,hřiště",50.07757000000004,16.125039000000072,RK,CZ
"Čermná n.Orl.,Malá Čermná,pošta",50.07710600000007,16.133546000000024,RK,CZ
"Čermná n.Orl.,Malá Čermná,pošta",50.077030000000036,16.133658000000025,RK,CZ
"Čermná n.Orl.,Velká Čermná,ObÚ",50.080365000000036,16.142846000000077,RK,CZ
"Čermná n.Orl.,Velká Čermná,ObÚ",50.08021800000006,16.143328000000054,RK,CZ
"Čermná n.Orl.,Velká Čermná,u lesa",50.079263000000026,16.149883000000045,RK,CZ
"Čermná n.Orl.,Velká Čermná,u lesa",50.07921800000002,16.149771000000044,RK,CZ
"Čermná,,konečná",50.56600200000002,15.767891000000079,TU,CZ
"Čermná,,most",50.554194000000045,15.764316000000065,TU,CZ
"Čermná,,most",50.55429800000006,15.764393000000041,TU,CZ
"Čermná,,ObÚ",50.54923800000005,15.769748000000048,TU,CZ
"Čermná,,ObÚ",50.54953500000004,15.769781000000023,TU,CZ
"Čermná,,ObÚ",50.54862200000008,15.769623000000024,TU,CZ
"Čermná,,Podhájí",50.54763500000007,15.750833000000055,TU,CZ
"Čermná,,Podhájí",50.54755700000004,15.751007000000072,TU,CZ
Černčice,50.33270400000003,16.104918000000055,NA,CZ
Černčice,50.33298600000006,16.10539700000004,NA,CZ
Černčice,50.333131000000044,16.10561000000007,NA,CZ
"Černíkovice,,pomník",50.18717200000003,16.193993000000034,RK,CZ
"Černíkovice,,pomník",50.18737900000007,16.19348300000007,RK,CZ
"Černíkovice,,zámek",50.18855100000007,16.21292900000003,RK,CZ
"Černíkovice,,zámek",50.18874000000004,16.213029000000063,RK,CZ
"Černíkovice,,ZD",50.18733500000007,16.20189700000003,RK,CZ
"Černíkovice,,ZD",50.18744100000003,16.202175000000068,RK,CZ
"Černíkovice,Domašín",50.18107700000006,16.22293300000007,RK,CZ
"Černíkovice,Domašín",50.18141100000002,16.222763000000043,RK,CZ
"Černíkovice,Domašín,kaplička",50.17945100000002,16.223988000000077,RK,CZ
"Černilov,,Beta",50.263998000000065,15.938290000000052,HK,CZ
"Černilov,,Beta",50.264290000000074,15.93848900000006,HK,CZ
"Černilov,,kino",50.26242100000007,15.931526000000078,HK,CZ
"Černilov,,kino",50.262596000000016,15.931322000000021,HK,CZ
"Černilov,,Ouliště",50.24184300000006,15.900887000000068,HK,CZ
"Černilov,,Ouliště",50.24181900000007,15.90063800000007,HK,CZ
"Černilov,,škola",50.26215800000005,15.922761000000039,HK,CZ
"Černilov,,škola",50.262316000000055,15.922924000000025,HK,CZ
"Černilov,,u Ciprů",50.26325400000007,15.914453000000037,HK,CZ
"Černilov,,u Ciprů",50.26339800000005,15.914371000000072,HK,CZ
"Černilov,,U Šulců",50.26803400000004,15.908386000000064,HK,CZ
"Černilov,,U Šulců",50.26824000000005,15.908338000000072,HK,CZ
"Černilov,Bukovina",50.26590600000003,15.885734000000069,HK,CZ
"Černilov,Bukovina",50.26586200000002,15.885529000000076,HK,CZ
"Černilov,Újezd",50.27429600000005,15.893399000000043,HK,CZ
"Černilov,Újezd",50.27353900000002,15.89251500000006,HK,CZ
"Černožice,,kombinát",50.32698900000002,15.874690000000045,HK,CZ
"Černožice,,odb.",50.31537900000007,15.867201000000023,HK,CZ
"Černožice,,odb.",50.315311000000065,15.86701400000004,HK,CZ
"Černožice,,ROTEXIM",50.31761800000003,15.87587700000006,HK,CZ
"Černožice,,ROTEXIM",50.31758900000005,15.875734000000023,HK,CZ
"Černožice,,žel.zast.",50.315301000000034,15.870457000000043,HK,CZ
"Černožice,,žel.zast.",50.31526900000006,15.870625000000075,HK,CZ
"Černožice,Čáslavky",50.32269500000007,15.87527300000005,HK,CZ
"Černožice,Čáslavky",50.32272900000003,15.875162000000048,HK,CZ
"Černý Důl,,nám.",50.63472300000006,15.710008000000071,TU,CZ
"Černý Důl,Čistá,koupaliště",50.61140500000004,15.69772100000006,TU,CZ
"Černý Důl,Čistá,koupaliště",50.61163300000004,15.695873000000061,TU,CZ
"Černý Důl,Čistá,křiž.",50.608563000000046,15.706155000000024,TU,CZ
"Černý Důl,Čistá,křiž.",50.60877700000003,15.706641000000047,TU,CZ
"Černý Důl,Čistá,škola",50.61487100000004,15.70704500000005,TU,CZ
"Černý Důl,Čistá,škola",50.61502400000006,15.707272000000046,TU,CZ
"Černý Důl,Čistá,u Dufků",50.62410200000005,15.711938000000032,TU,CZ
"Černý Důl,Čistá,u Dufků",50.62440400000002,15.712330000000064,TU,CZ
"Černý Důl,Fořt",50.59934400000003,15.694459000000052,TU,CZ
"Černý Důl,Fořt",50.59937100000007,15.694695000000024,TU,CZ
"Červená Hora,,kaplička",50.45003400000007,16.05911100000003,NA,CZ
"Červená Hora,,kaplička",50.45007500000002,16.05887800000005,NA,CZ
"Červená Hora,,ObÚ",50.44800500000007,16.058804000000066,NA,CZ
"Červená Hora,,ObÚ",50.447900000000054,16.058681000000036,NA,CZ
"Červená Třemešná,,bytovky",50.396646000000025,15.651901000000068,JC,CZ
"Červená Třemešná,,bytovky",50.39671800000007,15.651809000000073,JC,CZ
"Červená Třemešná,,Jahodná",50.39402600000005,15.660783000000038,JC,CZ
"Červená Třemešná,,Jahodná",50.39404300000007,15.660591000000068,JC,CZ
"Červená Třemešná,,náves",50.399405000000044,15.643461000000059,JC,CZ
"Červená Třemešná,,náves",50.39948100000004,15.643575000000055,JC,CZ
"Červený Kostelec,,aut.st.",50.47565400000008,16.090794000000074,NA,CZ
"Červený Kostelec,,aut.st.",50.47569800000008,16.091076000000044,NA,CZ
"Červený Kostelec,,aut.st.",50.47573700000004,16.091333000000077,NA,CZ
"Červený Kostelec,,aut.st.",50.475780000000036,16.091589000000056,NA,CZ
"Červený Kostelec,,aut.st.",50.47582300000004,16.09182100000004,NA,CZ
"Červený Kostelec,,aut.st.",50.47585900000007,16.09206000000006,NA,CZ
"Červený Kostelec,,Bedna",50.47284300000007,16.10386200000005,NA,CZ
"Červený Kostelec,,Bedna",50.47263600000009,16.104633000000035,NA,CZ
"Červený Kostelec,,Devět křížů",50.488947000000046,16.067899000000068,NA,CZ
"Červený Kostelec,,Devět křížů",50.48882900000006,16.067769000000055,NA,CZ
"Červený Kostelec,,Elitex",50.48074300000007,16.070572000000027,NA,CZ
"Červený Kostelec,,Elitex",50.48145900000003,16.070521000000042,NA,CZ
"Červený Kostelec,,Jiráskova",50.47754200000002,16.096136000000058,NA,CZ
"Červený Kostelec,,Jiráskova",50.47770600000007,16.096074000000044,NA,CZ
"Červený Kostelec,,kino",50.472428000000036,16.09503600000005,NA,CZ
"Červený Kostelec,,kino",50.472623000000056,16.095115000000078,NA,CZ
"Červený Kostelec,,koupaliště Brodský",50.46537700000004,16.100535000000036,NA,CZ
"Červený Kostelec,,koupaliště Brodský",50.465415000000064,16.100647000000038,NA,CZ
"Červený Kostelec,,kovovýroba",50.480226000000066,16.098636000000056,NA,CZ
"Červený Kostelec,,kovovýroba",50.48041100000005,16.098843000000045,NA,CZ
"Červený Kostelec,,Luko",50.47218800000007,16.089436000000035,NA,CZ
"Červený Kostelec,,Luko",50.47209100000003,16.08941500000003,NA,CZ
"Červený Kostelec,,obalovna",50.48362100000002,16.069881000000066,NA,CZ
"Červený Kostelec,,obalovna",50.483299000000045,16.06977900000004,NA,CZ
"Červený Kostelec,,odb.Čertovina",50.46879700000006,16.118508000000077,NA,CZ
"Červený Kostelec,,odb.Čertovina",50.46892100000007,16.118583000000058,NA,CZ
"Červený Kostelec,,odb.žel.st.",50.48157200000002,16.077229000000045,NA,CZ
"Červený Kostelec,,odb.žel.st.",50.481438000000026,16.078231000000073,NA,CZ
"Červený Kostelec,,pošta",50.47719600000004,16.091642000000036,NA,CZ
"Červený Kostelec,,žel.st.",50.483818000000035,16.075811000000044,NA,CZ
"Červený Kostelec,,žel.st.",50.48369900000005,16.075811000000044,NA,CZ
"Červený Kostelec,Bohdašín,odb.",50.49468300000006,16.10776100000004,TU,CZ
"Červený Kostelec,Bohdašín,odb.",50.49459300000006,16.10776100000004,TU,CZ
"Červený Kostelec,Hor.Kostelec,kovárna",50.491754000000064,16.121354000000053,NA,CZ
"Červený Kostelec,Hor.Kostelec,kovárna",50.49180900000004,16.12120500000003,NA,CZ
"Červený Kostelec,Hor.Kostelec,pneuservis",50.48576600000007,16.10632000000004,NA,CZ
"Červený Kostelec,Hor.Kostelec,pneuservis",50.48584900000003,16.106247000000053,NA,CZ
"Červený Kostelec,Hor.Kostelec,škola",50.48864400000007,16.109448000000043,NA,CZ
"Červený Kostelec,Hor.Kostelec,škola",50.488650000000064,16.10929100000004,NA,CZ
"Červený Kostelec,Hor.Kostelec,V Ráji",50.48933000000005,16.131129000000044,NA,CZ
"Červený Kostelec,Hor.Kostelec,V Ráji",50.48928800000004,16.13173000000006,NA,CZ
"Červený Kostelec,Olešnice,dolní",50.446267000000034,16.08958000000007,NA,CZ
"Červený Kostelec,Olešnice,dolní",50.44644000000005,16.08938100000006,NA,CZ
"Červený Kostelec,Olešnice,horní",50.46143100000006,16.08027000000004,NA,CZ
"Červený Kostelec,Olešnice,horní",50.46127000000006,16.080310000000054,NA,CZ
"Červený Kostelec,Olešnice,škola",50.45386700000005,16.087335000000053,NA,CZ
"Červený Kostelec,Olešnice,škola",50.45389800000003,16.08744900000005,NA,CZ
"Červený Kostelec,Olešnice,u Bašů",50.45748100000002,16.07598900000005,NA,CZ
"Červený Kostelec,Olešnice,Víska",50.44217400000008,16.096175000000073,NA,CZ
"Červený Kostelec,Olešnice,Víska",50.44225700000004,16.096146000000033,NA,CZ
"Červený Kostelec,Stolín",50.469858000000045,16.075798000000077,NA,CZ
"Červený Kostelec,Stolín",50.46999900000003,16.07586900000007,NA,CZ
"Červený Kostelec,Stolín,prům.zóna",50.475134000000025,16.073830000000044,NA,CZ
"Červený Kostelec,Stolín,prům.zóna",50.47512300000006,16.07368800000006,NA,CZ
Česká Čermná,50.400521000000026,16.22930400000007,NA,CZ
Česká Čermná,50.400370000000066,16.229493000000048,NA,CZ
"Česká Metuje,,ObÚ",50.545522000000055,16.17987400000004,NA,CZ
"Česká Metuje,,ObÚ",50.54531200000008,16.180012000000033,NA,CZ
"Česká Metuje,,ObÚ",50.545116000000064,16.180404000000067,NA,CZ
"Česká Metuje,Vlásenka",50.54566200000004,16.16799100000003,NA,CZ
"Česká Skalice,,masokombinát",50.38510300000006,16.03938500000004,NA,CZ
"Česká Skalice,,masokombinát",50.385282000000075,16.039318000000037,NA,CZ
"Česká Skalice,,nám.",50.39450100000004,16.043336000000068,NA,CZ
"Česká Skalice,,nám.",50.394510000000075,16.043585000000064,NA,CZ
"Česká Skalice,,nám.",50.394526000000035,16.04397400000005,NA,CZ
"Česká Skalice,,nám.",50.39453500000007,16.044209000000023,NA,CZ
"Česká Skalice,,nám.",50.39477600000003,16.043581000000074,NA,CZ
"Česká Skalice,,nám.",50.39498900000007,16.043521000000055,NA,CZ
"Česká Skalice,,Rozkoš",50.399474000000055,16.066116000000022,NA,CZ
"Česká Skalice,,Rozkoš",50.399306000000074,16.066014000000052,NA,CZ
"Česká Skalice,,Škvárovna",50.39148900000004,16.03711400000003,NA,CZ
"Česká Skalice,,Škvárovna",50.39153300000004,16.03744800000004,NA,CZ
"Česká Skalice,,třída T.G.Masaryka",50.396216000000024,16.050209000000052,NA,CZ
"Česká Skalice,,třída T.G.Masaryka",50.39643300000005,16.051278000000025,NA,CZ
"Česká Skalice,,žel.st.",50.39600100000006,16.05378200000007,NA,CZ
"Česká Skalice,,žel.st.",50.39605100000006,16.053682000000038,NA,CZ
"Česká Skalice,Malá Skalice",50.39656800000005,16.03479600000003,NA,CZ
"Česká Skalice,Malá Skalice",50.39649600000007,16.034519000000046,NA,CZ
"Česká Skalice,Malá Skalice,hřbitov",50.401415000000036,16.03341000000006,NA,CZ
"Česká Skalice,Ratibořice,zámek",50.41665400000005,16.05067900000006,NA,CZ
"Česká Skalice,Zájezd",50.39633900000007,16.022242000000062,NA,CZ
"Česká Skalice,Zájezd",50.39626200000002,16.022489000000064,NA,CZ
"Česká Skalice,Zlíč,odb.Ratibořice",50.40955000000008,16.060359000000062,NA,CZ
"Česká Skalice,Zlíč,odb.Ratibořice",50.409327000000076,16.060164000000043,NA,CZ
"Česká Skalice,Zlíč,pod Žernovem",50.42223000000007,16.061222000000043,NA,CZ
"Česká Skalice,Zlíč,pod Žernovem",50.423003000000044,16.061061000000052,NA,CZ
"České Meziříčí,,aut.st.",50.286930000000034,16.04503500000004,RK,CZ
"České Meziříčí,,cukrovar",50.28449600000005,16.052567000000067,RK,CZ
"České Meziříčí,,cukrovar",50.284768000000035,16.051428000000044,RK,CZ
"České Meziříčí,,hřbitov",50.286114000000055,16.038098000000048,RK,CZ
"České Meziříčí,,Malé Meziříčí",50.29748000000006,16.013630000000035,RK,CZ
"České Meziříčí,,Malé Meziříčí",50.29750000000006,16.01342500000004,RK,CZ
"České Meziříčí,,Na Rychtě",50.293088000000076,16.038831000000073,RK,CZ
"České Meziříčí,,Na Rychtě",50.29306400000007,16.038688000000036,RK,CZ
"České Meziříčí,,Na Vrtáčku",50.296891000000066,16.01345800000007,RK,CZ
"České Meziříčí,,Na Vrtáčku",50.29674100000006,16.013171000000057,RK,CZ
"České Meziříčí,,pošta",50.28578300000004,16.04299400000002,RK,CZ
"České Meziříčí,,pošta",50.28600300000004,16.043173000000024,RK,CZ
"České Meziříčí,,u Bukačových",50.29883400000005,16.034993000000043,RK,CZ
"České Meziříčí,,u Bukačových",50.29858800000005,16.034965000000057,RK,CZ
"České Meziříčí,,Vranov",50.25847600000002,16.03652500000004,RK,CZ
"České Meziříčí,,Vranov",50.25839700000006,16.036578000000077,RK,CZ
"České Meziříčí,,Záhumenská",50.27706900000003,16.04142100000007,RK,CZ
"České Meziříčí,,Záhumenská",50.27727200000003,16.041634000000045,RK,CZ
"České Meziříčí,Skršice,točna",50.27466700000007,16.007235000000037,RK,CZ
"České Meziříčí,Skršice,točna",50.27485900000005,16.007503000000042,RK,CZ
"České Meziříčí,Tošov",50.27090900000007,16.014041000000077,RK,CZ
"České Meziříčí,Tošov,bažantnice",50.26889700000004,16.02964600000007,RK,CZ
"České Meziříčí,Tošov,bažantnice",50.26887800000003,16.02990600000004,RK,CZ
"Čestice,,hostinec",50.127639000000045,16.145838000000026,RK,CZ
"Čestice,,hostinec",50.12793200000003,16.14434700000004,RK,CZ
"Čestice,,žel.zast.",50.12939700000004,16.147141000000033,RK,CZ
"Čestice,,žel.zast.",50.129355000000025,16.147236000000078,RK,CZ
Češov,50.338669000000046,15.364439000000061,JC,CZ
Češov,50.33883000000002,15.364601000000048,JC,CZ
"Češov,Liběšice",50.344978000000026,15.360410000000059,JC,CZ
"Češov,Liběšice",50.345113000000026,15.360581000000025,JC,CZ
Čistěves,50.289341000000036,15.732021000000032,HK,CZ
Čistěves,50.289161000000036,15.732080000000055,HK,CZ
"Deštné v Orl.h.,,Jitřenka",50.31668400000005,16.335320000000024,RK,CZ
"Deštné v Orl.h.,,Jitřenka",50.31688100000008,16.335365000000024,RK,CZ
"Deštné v Orl.h.,,Národní dům",50.30470100000008,16.350339000000076,RK,CZ
"Deštné v Orl.h.,,Národní dům",50.30475100000007,16.350656000000072,RK,CZ
"Deštné v Orl.h.,,odb.Špičák",50.32239100000004,16.328639000000067,RK,CZ
"Deštné v Orl.h.,,odb.Špičák",50.32253500000006,16.328714000000048,RK,CZ
"Deštné v Orl.h.,,Plasnice",50.32068500000002,16.316341000000023,RK,CZ
"Deštné v Orl.h.,,Plasnice",50.32078600000005,16.31613200000004,RK,CZ
"Deštné v Orl.h.,,sjezdovka",50.30036700000005,16.359403000000043,RK,CZ
"Deštné v Orl.h.,,sjezdovka",50.30053000000003,16.359229000000028,RK,CZ
"Deštné v Orl.h.,,Šerlich",50.32328800000004,16.390698000000043,RK,CZ
"Deštné v Orl.h.,,Šerlich",50.323177000000044,16.390905000000032,RK,CZ
"Deštné v Orl.h.,,Zákoutí hotel Orlice",50.299528000000066,16.373758000000066,RK,CZ
"Deštné v Orl.h.,Jedlová,chata Eva",50.29846800000007,16.34818800000005,RK,CZ
"Deštné v Orl.h.,Jedlová,chata Eva",50.29851300000008,16.348032000000046,RK,CZ
"Deštné v Orl.h.,Jedlová,chata Kristýna",50.29174900000004,16.345699000000025,RK,CZ
"Deštné v Orl.h.,Jedlová,chata Kristýna",50.29151000000007,16.345616000000064,RK,CZ
"Deštné v Orl.h.,Jedlová,Kozí chlívek",50.30017600000007,16.352606000000037,RK,CZ
"Deštné v Orl.h.,Jedlová,Kozí chlívek",50.300191000000034,16.352473000000032,RK,CZ
"Dětenice,,náves",50.36751800000007,15.169698000000041,JC,CZ
"Dětenice,,náves",50.36770300000005,15.170116000000066,JC,CZ
"Dětenice,,odb.Bačalky",50.37694700000003,15.188444000000063,JC,CZ
"Dětenice,,odb.Bačalky",50.377005000000054,15.188546000000029,JC,CZ
"Dětenice,,odb.Brodek",50.36679800000008,15.169286000000056,JC,CZ
"Dětenice,,odb.Brodek",50.36683500000004,15.169151000000056,JC,CZ
"Dětenice,Brodek",50.35526600000003,15.166365000000042,JC,CZ
"Dětenice,Osenice",50.37095900000002,15.15740900000003,JC,CZ
"Dětenice,Osenice",50.37105900000005,15.157406000000037,JC,CZ
"Dílce,,odb.",50.46635700000007,15.34346400000004,JC,CZ
"Dílce,,odb.",50.466905000000054,15.343504000000054,JC,CZ
"Divec,,ObÚ",50.23999900000007,15.921357000000055,HK,CZ
"Divec,,ObÚ",50.23999500000007,15.921478000000034,HK,CZ
"Divec,,odb.",50.234478000000074,15.920582000000026,HK,CZ
"Divec,,odb.",50.23435100000007,15.920897000000025,HK,CZ
"Dobrá Voda u Hořic,,kult.dům",50.353680000000054,15.607724000000077,JC,CZ
"Dobrá Voda u Hořic,,kult.dům",50.353874000000076,15.607622000000049,JC,CZ
"Dobrá Voda u Hořic,,pošta",50.34964000000007,15.60383100000007,JC,CZ
"Dobrá Voda u Hořic,,pošta",50.34965200000005,15.603703000000053,JC,CZ
"Dobrá Voda u Hořic,,váha",50.34470100000004,15.606256000000029,JC,CZ
"Dobrá Voda u Hořic,,váha",50.34455500000008,15.606055000000026,JC,CZ
"Dobré,,aut.st.",50.26916400000005,16.26332300000007,RK,CZ
"Dobré,,most",50.271373000000025,16.26567600000004,RK,CZ
"Dobré,,Živina",50.25985000000003,16.267845000000023,RK,CZ
"Dobré,,Živina",50.259743000000064,16.267933000000028,RK,CZ
"Dobré,Hlinné",50.25713200000007,16.272651000000053,RK,CZ
"Dobré,Hlinné",50.25696000000004,16.27248000000003,RK,CZ
"Dobré,Kamenice",50.276868000000036,16.253351000000066,RK,CZ
"Dobré,Kamenice",50.27687300000007,16.253482000000076,RK,CZ
"Dobré,Kamenice,Žákovec",50.27985600000005,16.24666300000007,RK,CZ
"Dobré,Kamenice,Žákovec",50.28001100000005,16.24669700000004,RK,CZ
"Dobré,Rovné,klubovna",50.28351300000003,16.285206000000073,RK,CZ
"Dobré,Rovné,klubovna",50.28344100000003,16.285049000000072,RK,CZ
"Dobré,Rovné,Prázova Bouda",50.294291000000044,16.310823000000028,RK,CZ
"Dobré,Rovné,u Petříkových",50.28125600000004,16.27706100000006,RK,CZ
"Dobré,Rovné,u Petříkových",50.28130400000003,16.277009000000078,RK,CZ
"Dobruška,,aut.st.",50.29001600000003,16.153936000000044,RK,CZ
"Dobruška,,aut.st.",50.28999600000002,16.153531000000044,RK,CZ
"Dobruška,,aut.st.",50.289899000000034,16.153116000000068,RK,CZ
"Dobruška,,aut.st.",50.289803000000056,16.15285700000004,RK,CZ
"Dobruška,,aut.st.",50.28962800000005,16.15261400000003,RK,CZ
"Dobruška,,aut.st.",50.28983900000003,16.152580000000057,RK,CZ
"Dobruška,,aut.st.",50.28993200000008,16.15280800000005,RK,CZ
"Dobruška,,aut.st.",50.290015000000025,16.153026000000068,RK,CZ
"Dobruška,,Doly",50.30126900000004,16.17551000000003,RK,CZ
"Dobruška,,Doly",50.30134600000007,16.175418000000036,RK,CZ
"Dobruška,,Grafitec",50.28381900000005,16.151241000000027,RK,CZ
"Dobruška,,Grafitec",50.28374600000006,16.151334000000077,RK,CZ
"Dobruška,,gymnázium",50.29406100000005,16.14960700000006,RK,CZ
"Dobruška,,gymnázium",50.29394500000006,16.149610000000052,RK,CZ
"Dobruška,,hřbitov",50.29773900000003,16.169722000000036,RK,CZ
"Dobruška,,hřbitov",50.29769100000004,16.169548000000077,RK,CZ
"Dobruška,,Laichterova",50.29167700000005,16.16247000000004,RK,CZ
"Dobruška,,Laichterova",50.291814000000045,16.163374000000033,RK,CZ
"Dobruška,,Laichterova",50.29073900000002,16.162918000000047,RK,CZ
"Dobruška,,škola",50.29480800000004,16.166342000000043,RK,CZ
"Dobruška,,škola",50.294890000000066,16.166244000000063,RK,CZ
"Dobruška,Běstviny",50.321402000000035,16.149396000000024,RK,CZ
"Dobruška,Běstviny",50.31981300000006,16.147074000000032,RK,CZ
"Dobruška,Domašín,hostinec",50.29027000000008,16.199515000000076,RK,CZ
"Dobruška,Domašín,hostinec",50.29056200000007,16.200037000000066,RK,CZ
"Dobruška,Domašín,odb.Bačetín",50.28991700000006,16.21367200000003,RK,CZ
"Dobruška,Domašín,odb.Bačetín",50.28994600000004,16.21375500000005,RK,CZ
"Dobruška,Chábory",50.272677000000044,16.19387400000005,RK,CZ
"Dobruška,Chábory",50.27281200000004,16.193993000000034,RK,CZ
"Dobruška,Křovice",50.30300600000003,16.161677000000054,RK,CZ
"Dobruška,Křovice",50.30275000000005,16.161510000000078,RK,CZ
"Dobruška,Křovice,skládka",50.31220600000007,16.156146000000035,RK,CZ
"Dobruška,Křovice,skládka",50.31156400000003,16.156292000000064,RK,CZ
"Dobruška,Pulice,has.zbroj.",50.296625000000056,16.13620000000003,RK,CZ
"Dobruška,Pulice,has.zbroj.",50.296480000000024,16.13674000000003,RK,CZ
"Dobruška,Pulice,ZD",50.29338900000004,16.123354000000063,RK,CZ
"Dobruška,Pulice,ZD",50.29343100000005,16.123685000000023,RK,CZ
"Dobruška,Spáleniště",50.285065000000024,16.224591000000032,RK,CZ
"Dobruška,Spáleniště,dolní",50.28293100000007,16.233204000000057,RK,CZ
"Dobruška,Spáleniště,dolní",50.28302200000007,16.23324800000006,RK,CZ
"Dobruška,Spáleniště,u kříže",50.282205000000026,16.24022800000006,RK,CZ
"Dobruška,Spáleniště,u kříže",50.28228200000006,16.24000300000006,RK,CZ
Dobřany,50.32248500000003,16.284584000000052,RK,CZ
Dobřany,50.32235000000002,16.284642000000076,RK,CZ
"Dobřenice,,bytovky",50.14271200000008,15.639080000000035,HK,CZ
"Dobřenice,,bytovky",50.142378000000065,15.638498000000029,HK,CZ
"Dobřenice,,škola",50.14986200000003,15.642991000000052,HK,CZ
"Dobřenice,,škola",50.149549000000036,15.642821000000026,HK,CZ
Dolany,50.381461000000044,15.95914300000004,NA,CZ
Dolany,50.38056100000005,15.955344000000023,NA,CZ
"Dolany,,váha",50.38713300000006,15.959415000000037,NA,CZ
"Dolany,,váha",50.387118000000044,15.959327000000028,NA,CZ
"Dolany,Čáslavky",50.376628000000025,15.946853000000035,NA,CZ
"Dolany,Čáslavky",50.37586900000007,15.945554000000072,NA,CZ
"Dolany,Krabčice",50.39403500000003,15.947074000000043,NA,CZ
"Dolany,Krabčice",50.39391500000004,15.947099000000037,NA,CZ
"Dolany,Sebuč",50.395685000000064,15.97231400000004,NA,CZ
"Dolany,Sebuč",50.39677400000005,15.974580000000058,NA,CZ
"Dolany,Svinišťany",50.39179500000006,15.986578000000067,NA,CZ
"Dolany,Svinišťany",50.39139300000005,15.985047000000066,NA,CZ
"Dolní Branná,,Bakov",50.585698000000036,15.58215000000007,TU,CZ
"Dolní Branná,,Bakov",50.58559500000007,15.581607000000076,TU,CZ
"Dolní Branná,,mostek",50.590978000000064,15.60084900000004,TU,CZ
"Dolní Branná,,pošta",50.59216500000009,15.59341900000004,TU,CZ
"Dolní Branná,,prodejna",50.59319400000004,15.593454000000067,TU,CZ
"Dolní Branná,,prodejna",50.59310200000004,15.593402000000026,TU,CZ
"Dolní Branná,,továrna",50.589196000000065,15.610816000000057,TU,CZ
"Dolní Branná,,továrna",50.58926500000007,15.610892000000037,TU,CZ
Dolní Brusnice,50.45783900000003,15.728349000000037,TU,CZ
Dolní Brusnice,50.45797900000008,15.72840700000006,TU,CZ
"Dolní Dvůr,,hotel Morava",50.65580700000003,15.655974000000072,TU,CZ
"Dolní Dvůr,,nám.",50.65217900000004,15.65554700000007,TU,CZ
"Dolní Dvůr,,nám.",50.65221000000009,15.655909000000067,TU,CZ
"Dolní Dvůr,,odb.Hádek",50.64731500000004,15.660087000000031,TU,CZ
"Dolní Dvůr,,odb.Hádek",50.64746400000007,15.660277000000063,TU,CZ
"Dolní Kalná,,aut.st.",50.53920600000003,15.642607000000055,TU,CZ
"Dolní Kalná,,aut.st.",50.539307000000065,15.642273000000047,TU,CZ
"Dolní Kalná,,horní",50.55362800000006,15.631263000000045,TU,CZ
"Dolní Kalná,,horní",50.55359700000008,15.631163000000074,TU,CZ
"Dolní Kalná,,koupaliště",50.54000500000006,15.626913000000059,TU,CZ
"Dolní Kalná,,střed",50.54848900000007,15.63546800000006,TU,CZ
"Dolní Kalná,,střed",50.548690000000086,15.635215000000075,TU,CZ
"Dolní Kalná,,Velveta",50.538168000000034,15.634254000000057,TU,CZ
"Dolní Kalná,,Velveta",50.53831000000008,15.634090000000073,TU,CZ
"Dolní Kalná,Slemeno,náves",50.54051100000003,15.664488000000064,TU,CZ
"Dolní Kalná,Slemeno,odb.",50.53746500000005,15.659554000000071,TU,CZ
"Dolní Kalná,Slemeno,odb.",50.53758500000002,15.659286000000067,TU,CZ
"Dolní Lánov,,Kovársko",50.61473800000004,15.68257200000005,TU,CZ
"Dolní Lánov,,Kovársko",50.614726000000076,15.682024000000068,TU,CZ
"Dolní Lánov,,Malá Sněžka",50.57986600000003,15.66920600000003,TU,CZ
"Dolní Lánov,,Malá Sněžka",50.57968600000004,15.669163000000026,TU,CZ
"Dolní Lánov,,pod lanovkou",50.58768000000003,15.663866000000041,TU,CZ
"Dolní Lánov,,pod lanovkou",50.58734300000003,15.663886000000046,TU,CZ
"Dolní Lánov,,prodejna",50.593980000000045,15.661734000000024,TU,CZ
"Dolní Lánov,,prodejna",50.59356200000006,15.66149400000006,TU,CZ
"Dolní Lánov,,u kostela",50.60481800000007,15.66110100000003,TU,CZ
"Dolní Lánov,,u kostela",50.604736000000045,15.660926000000076,TU,CZ
"Dolní Lochov,,hlavní silnice",50.45576700000004,15.284926000000041,JC,CZ
"Dolní Lochov,,hlavní silnice",50.455939000000065,15.28537300000005,JC,CZ
"Dolní Lochov,,ObÚ",50.45191100000005,15.286384000000055,JC,CZ
"Dolní Lochov,,ObÚ",50.45197400000006,15.286419000000022,JC,CZ
"Dolní Olešnice,,hostinec",50.52545100000004,15.696300000000065,TU,CZ
"Dolní Olešnice,,hostinec",50.52558400000004,15.696013000000052,TU,CZ
"Dolní Olešnice,,kostel",50.52412700000007,15.711775000000046,TU,CZ
"Dolní Olešnice,,kostel",50.52412200000003,15.712081000000069,TU,CZ
"Dolní Olešnice,,Nové Zámky",50.51601600000003,15.73709500000007,TU,CZ
"Dolní Olešnice,,Nové Zámky",50.51615900000006,15.737164000000066,TU,CZ
"Dolní Olešnice,,Nové Zámky křiž.",50.51556800000003,15.738988000000063,TU,CZ
"Dolní Olešnice,,Nové Zámky křiž.",50.51572900000008,15.739209000000072,TU,CZ
"Dolní Olešnice,,Wonkův mlýn",50.50347400000003,15.742291000000023,TU,CZ
"Dolní Olešnice,,Wonkův mlýn",50.50326500000005,15.74221300000005,TU,CZ
"Dolní Přím,,odb.Probluz",50.239656000000075,15.713573000000054,HK,CZ
"Dolní Přím,,odb.Probluz",50.23979600000006,15.713603000000035,HK,CZ
"Dolní Přím,,pošta",50.23990500000007,15.707673000000057,HK,CZ
"Dolní Přím,,pošta",50.24006800000006,15.707609000000048,HK,CZ
"Dolní Přím,Horní Přím",50.23094900000006,15.715242000000046,HK,CZ
"Dolní Přím,Horní Přím",50.231018000000056,15.715148000000056,HK,CZ
"Dolní Přím,Horní Přím,odb.",50.23572900000005,15.725930000000062,HK,CZ
"Dolní Přím,Horní Přím,odb.",50.23589800000008,15.725996000000066,HK,CZ
"Dolní Přím,Nový Přím,odb.",50.23332600000002,15.697951000000046,HK,CZ
"Dolní Přím,Nový Přím,odb.",50.23326100000003,15.698249000000033,HK,CZ
"Dolní Radechová,,lom",50.44452300000006,16.148511000000042,NA,CZ
"Dolní Radechová,,lom",50.44462400000003,16.148821000000055,NA,CZ
"Dolní Radechová,,ObÚ",50.43746900000007,16.152514000000053,NA,CZ
"Dolní Radechová,,ObÚ",50.437284000000034,16.153134000000023,NA,CZ
"Dolní Radechová,,odb.Kosná Hora",50.43203700000004,16.158522000000062,NA,CZ
"Dolní Radechová,,odb.Kosná Hora",50.432962000000025,16.158565000000067,NA,CZ
"Doubravice,,hájovna",50.41194800000005,15.760485000000076,TU,CZ
"Doubravice,,hájovna",50.41191400000009,15.76066000000003,TU,CZ
"Doubravice,,kaple",50.40585600000003,15.762441000000024,TU,CZ
"Doubravice,,kaple",50.40589800000004,15.76225000000005,TU,CZ
"Doubravice,Velehrádek",50.39295400000003,15.757501000000047,TU,CZ
"Doubravice,Velehrádek",50.392806000000064,15.75744100000003,TU,CZ
"Doubravice,Velehrádek,farma",50.396128000000026,15.758863000000076,TU,CZ
"Doubravice,Velehrádek,farma",50.39595900000006,15.758571000000074,TU,CZ
"Doubravice,Zálesí",50.414912000000065,15.77939200000003,TU,CZ
"Doubravice,Zálesí",50.41489300000006,15.779193000000076,TU,CZ
"Doudleby n.Orl.,,Dukelská",50.10650000000005,16.26031400000005,RK,CZ
"Doudleby n.Orl.,,Dukelská",50.105905000000064,16.260515000000055,RK,CZ
"Doudleby n.Orl.,,u hřbitova",50.113062000000056,16.24952200000007,RK,CZ
"Doudleby n.Orl.,,u hřbitova",50.11258600000008,16.250397000000078,RK,CZ
"Doudleby n.Orl.,,u váhy",50.10991500000006,16.260439000000076,RK,CZ
"Doudleby n.Orl.,,u váhy",50.109696000000035,16.261956000000055,RK,CZ
"Doudleby n.Orl.,,u váhy",50.10878500000006,16.261518000000024,RK,CZ
"Doudleby n.Orl.,,žel.st.",50.109584000000034,16.259281000000044,RK,CZ
"Doudleby n.Orl.,,žel.st.",50.10954700000008,16.25947700000006,RK,CZ
"Doudleby n.Orl.,Vyhnánov",50.10302300000007,16.26007000000004,RK,CZ
"Doudleby n.Orl.,Vyhnánov",50.10315600000006,16.260245000000054,RK,CZ
Dřevěnice,50.45276100000006,15.447651000000064,JC,CZ
Dřevěnice,50.45270300000004,15.447714000000076,JC,CZ
"Dřevěnice,,Na Špici",50.44449100000002,15.461329000000035,JC,CZ
"Dřevěnice,,Na Špici",50.44433700000006,15.461448000000075,JC,CZ
"Dubenec,,horní",50.38969700000006,15.781569000000047,TU,CZ
"Dubenec,,horní",50.38975100000005,15.781303000000035,TU,CZ
"Dubenec,,hostinec",50.370638000000035,15.808550000000025,TU,CZ
"Dubenec,,hostinec",50.37062300000008,15.80831100000006,TU,CZ
"Dubenec,,hřbitov",50.37685100000004,15.81452100000007,TU,CZ
"Dubenec,,hřbitov",50.37681700000007,15.814658000000065,TU,CZ
"Dubenec,,kovárna",50.37799200000006,15.793704000000048,TU,CZ
"Dubenec,,kovárna",50.37781000000006,15.793926000000056,TU,CZ
"Dubenec,,škola",50.38049700000004,15.790381000000025,TU,CZ
"Dubenec,,škola",50.380611000000044,15.79006700000002,TU,CZ
"Dubenec,,zdravotní středisko",50.38432800000004,15.787016000000053,TU,CZ
"Dubenec,,zdravotní středisko",50.38420300000006,15.786981000000026,TU,CZ
"Dvůr Králové n.L.,,17.listopadu",50.429433000000074,15.816365000000076,TU,CZ
"Dvůr Králové n.L.,,5.května",50.42241400000006,15.807075000000056,TU,CZ
"Dvůr Králové n.L.,,5.května",50.42244600000002,15.807492000000025,TU,CZ
"Dvůr Králové n.L.,,5.května",50.42267700000007,15.807416000000046,TU,CZ
"Dvůr Králové n.L.,,aut.st.",50.42933900000001,15.817076000000043,TU,CZ
"Dvůr Králové n.L.,,aut.st.",50.42851100000006,15.816754000000062,TU,CZ
"Dvůr Králové n.L.,,aut.st.",50.42858700000004,15.816752000000065,TU,CZ
"Dvůr Králové n.L.,,aut.st.",50.42864200000008,15.816748000000075,TU,CZ
"Dvůr Králové n.L.,,aut.st.",50.42868900000007,15.81675000000007,TU,CZ
"Dvůr Králové n.L.,,aut.st.",50.42875300000003,15.816753000000062,TU,CZ
"Dvůr Králové n.L.,,aut.st.",50.428896000000066,15.816769000000022,TU,CZ
"Dvůr Králové n.L.,,aut.st.",50.42900400000007,15.816780000000053,TU,CZ
"Dvůr Králové n.L.,,aut.st.",50.42905100000007,15.816760000000043,TU,CZ
"Dvůr Králové n.L.,,aut.st.",50.42916000000008,15.816787000000032,TU,CZ
"Dvůr Králové n.L.,,aut.st.",50.428510000000074,15.817040000000075,TU,CZ
"Dvůr Králové n.L.,,aut.st.",50.42867700000004,15.817041000000073,TU,CZ
"Dvůr Králové n.L.,,aut.st.",50.42881300000004,15.817049000000054,TU,CZ
"Dvůr Králové n.L.,,aut.st.",50.42880300000007,15.81720100000007,TU,CZ
"Dvůr Králové n.L.,,aut.st.",50.42867000000007,15.817198000000078,TU,CZ
"Dvůr Králové n.L.,,E.Krásnohorské",50.43561900000002,15.806947000000036,TU,CZ
"Dvůr Králové n.L.,,E.Krásnohorské",50.43557900000008,15.807126000000041,TU,CZ
"Dvůr Králové n.L.,,Heydukova",50.42093400000005,15.815065000000061,TU,CZ
"Dvůr Králové n.L.,,Heydukova",50.42150900000007,15.81482200000005,TU,CZ
"Dvůr Králové n.L.,,Hradecká",50.431531000000064,15.823729000000071,TU,CZ
"Dvůr Králové n.L.,,Hradecká",50.43142100000006,15.82481400000006,TU,CZ
"Dvůr Králové n.L.,,hřbitov",50.44723300000004,15.82291200000003,TU,CZ
"Dvůr Králové n.L.,,Jaroměřská",50.41889400000007,15.817708000000039,TU,CZ
"Dvůr Králové n.L.,,Jaroměřská",50.41886100000005,15.817133000000068,TU,CZ
"Dvůr Králové n.L.,,kostel",50.43325200000004,15.813572000000024,TU,CZ
"Dvůr Králové n.L.,,Krkonošská",50.44448000000005,15.829431000000056,TU,CZ
"Dvůr Králové n.L.,,Krkonošská",50.44443900000004,15.82908500000008,TU,CZ
"Dvůr Králové n.L.,,nad žel.st.",50.41461600000008,15.79336600000005,TU,CZ
"Dvůr Králové n.L.,,nad žel.st.",50.41478400000004,15.793074000000047,TU,CZ
"Dvůr Králové n.L.,,Nedbalova",50.44454200000006,15.817384000000061,TU,CZ
"Dvůr Králové n.L.,,Nedbalova",50.44438400000006,15.817408000000057,TU,CZ
"Dvůr Králové n.L.,,nemocnice",50.44868500000007,15.816395000000057,TU,CZ
"Dvůr Králové n.L.,,Nerudova",50.43804300000005,15.813689000000066,TU,CZ
"Dvůr Králové n.L.,,obecní domy",50.43264800000003,15.809473000000024,TU,CZ
"Dvůr Králové n.L.,,obecní domy",50.43269900000008,15.809642000000053,TU,CZ
"Dvůr Králové n.L.,,oční škola",50.43766300000004,15.819780000000039,TU,CZ
"Dvůr Králové n.L.,,oční škola",50.43739500000004,15.819713000000034,TU,CZ
"Dvůr Králové n.L.,,pila",50.41735100000004,15.797933000000057,TU,CZ
"Dvůr Králové n.L.,,pila",50.41740700000002,15.797818000000065,TU,CZ
"Dvůr Králové n.L.,,Poděbradova",50.42981700000007,15.808480000000031,TU,CZ
"Dvůr Králové n.L.,,Poděbradova",50.42948400000005,15.808541000000048,TU,CZ
"Dvůr Králové n.L.,,pošta",50.43246600000003,15.816509000000053,TU,CZ
"Dvůr Králové n.L.,,pošta",50.43285400000008,15.816786000000034,TU,CZ
"Dvůr Králové n.L.,,Raisova garáže",50.41853800000006,15.813224000000046,TU,CZ
"Dvůr Králové n.L.,,Raisova Juta",50.42051600000007,15.809304000000056,TU,CZ
"Dvůr Králové n.L.,,Smetanova",50.42195600000007,15.801427000000048,TU,CZ
"Dvůr Králové n.L.,,Smetanova",50.42205900000004,15.800988000000073,TU,CZ
"Dvůr Králové n.L.,,Spojených národů",50.43993600000004,15.811515000000043,TU,CZ
"Dvůr Králové n.L.,,Spojených národů",50.440398000000066,15.810949000000049,TU,CZ
"Dvůr Králové n.L.,,Strž",50.43703900000003,15.805524000000048,TU,CZ
"Dvůr Králové n.L.,,Štefánikova",50.43481300000007,15.806656000000034,TU,CZ
"Dvůr Králové n.L.,,Štefánikova",50.43493700000005,15.805566000000056,TU,CZ
"Dvůr Králové n.L.,,Tyršova",50.442732000000035,15.821484000000055,TU,CZ
"Dvůr Králové n.L.,,Tyršova",50.44221600000002,15.821606000000031,TU,CZ
"Dvůr Králové n.L.,,Vánoční ozdoby",50.42557800000004,15.811975000000077,TU,CZ
"Dvůr Králové n.L.,,Vánoční ozdoby",50.42554900000004,15.812513000000024,TU,CZ
"Dvůr Králové n.L.,,Vorlech",50.44333800000003,15.805144000000041,TU,CZ
"Dvůr Králové n.L.,,Vorlech",50.442298000000044,15.808339000000046,TU,CZ
"Dvůr Králové n.L.,,Vrchlického",50.44231700000006,15.815194000000076,TU,CZ
"Dvůr Králové n.L.,,Vrchlického",50.442263000000025,15.815053000000033,TU,CZ
"Dvůr Králové n.L.,,Zboží rozc.",50.428736000000065,15.85702800000007,TU,CZ
"Dvůr Králové n.L.,,Zboží rozc.",50.42870900000002,15.856896000000063,TU,CZ
"Dvůr Králové n.L.,,ZOO",50.43513900000004,15.800108000000023,TU,CZ
"Dvůr Králové n.L.,,ZOO",50.43523700000002,15.799883000000024,TU,CZ
"Dvůr Králové n.L.,,žel.st.",50.414038000000055,15.797924000000023,TU,CZ
"Dvůr Králové n.L.,,žel.st.",50.41405400000007,15.797837000000072,TU,CZ
"Dvůr Králové n.L.,Lipnice",50.42169900000004,15.786051000000043,TU,CZ
"Dvůr Králové n.L.,Lipnice",50.42177000000003,15.78701300000006,TU,CZ
"Dvůr Králové n.L.,Lipnice,elektrárna",50.42133000000007,15.790194000000042,TU,CZ
"Dvůr Králové n.L.,Lipnice,elektrárna",50.42142600000005,15.790144000000055,TU,CZ
"Dvůr Králové n.L.,Lipnice,vlečka",50.421705000000024,15.796738000000062,TU,CZ
"Dvůr Králové n.L.,Lipnice,vlečka",50.421775000000075,15.796306000000072,TU,CZ
"Dvůr Králové n.L.,Lipnice,Zaháj",50.42664600000006,15.776306000000035,TU,CZ
"Dvůr Králové n.L.,Lipnice,ZD",50.42396300000007,15.780703000000074,TU,CZ
"Dvůr Králové n.L.,Lipnice,ZD",50.42410500000005,15.780627000000038,TU,CZ
"Dvůr Králové n.L.,Verdek",50.445626000000054,15.788824000000032,TU,CZ
"Dvůr Králové n.L.,Verdek",50.44574500000004,15.788605000000075,TU,CZ
"Dvůr Králové n.L.,Verdek,Podháj",50.454042000000065,15.77403700000002,TU,CZ
"Dvůr Králové n.L.,Verdek,Podháj",50.45468100000004,15.773990000000024,TU,CZ
"Dvůr Králové n.L.,Zboží",50.43096300000008,15.847927000000029,TU,CZ
"Dvůr Králové n.L.,Zboží",50.43084700000002,15.847669000000055,TU,CZ
"Dvůr Králové n.L.,Žireč",50.41405400000007,15.85036700000006,TU,CZ
"Dvůr Králové n.L.,Žireč",50.41411300000004,15.85022800000007,TU,CZ
"Dvůr Králové n.L.,Žireč,Na Borkách",50.41879100000005,15.83540400000004,TU,CZ
"Dvůr Králové n.L.,Žireč,Na Borkách",50.418747000000046,15.835191000000066,TU,CZ
"Dvůr Králové n.L.,Žireč,Skřivanov",50.415452000000066,15.845133000000033,TU,CZ
"Dvůr Králové n.L.,Žireč,Skřivanov",50.415492000000036,15.844701000000043,TU,CZ
"Habřina,,střed",50.32665400000007,15.827003000000046,HK,CZ
"Habřina,,střed",50.32671600000003,15.827072000000042,HK,CZ
"Habřina,,škola",50.33279700000002,15.839989000000058,HK,CZ
"Habřina,,škola",50.33286900000006,15.83996600000006,HK,CZ
"Hajnice,,DPS",50.48877800000007,15.918107000000077,TU,CZ
"Hajnice,,DPS",50.48876700000005,15.917593000000068,TU,CZ
"Hajnice,,Kyje",50.48970200000007,15.924946000000032,TU,CZ
"Hajnice,,Kyje",50.48984100000006,15.924883000000023,TU,CZ
"Hajnice,,ObÚ",50.48764500000004,15.908622000000037,TU,CZ
"Hajnice,,ObÚ",50.48766200000005,15.907976000000074,TU,CZ
"Hajnice,,rozc.Maršov",50.48845200000006,15.940690000000073,TU,CZ
"Hajnice,,rozc.Maršov",50.48851300000006,15.940133000000058,TU,CZ
"Hajnice,,rozc.Studenec",50.49346000000002,15.945281000000023,TU,CZ
"Hajnice,,u rybníka",50.482541000000026,15.888888000000065,TU,CZ
"Hajnice,,u rybníka",50.48249300000003,15.888429000000029,TU,CZ
"Hajnice,Horní Žďár,odb.",50.48679800000008,15.882776000000037,TU,CZ
"Hajnice,Horní Žďár,odb.",50.48660600000006,15.882751000000042,TU,CZ
"Hajnice,Horní Žďár,odb.Hajnice",50.484526000000066,15.879666000000041,TU,CZ
"Hajnice,Horní Žďár,odb.Hajnice",50.48448800000006,15.880121000000031,TU,CZ
"Hajnice,Horní Žďár,Výšinka",50.480207000000064,15.873281000000077,TU,CZ
"Hajnice,Horní Žďár,Výšinka",50.48031900000006,15.87356200000005,TU,CZ
"Havlovice,,lávka",50.49508600000006,16.02524600000004,TU,CZ
"Havlovice,,lávka",50.49503400000003,16.02503100000007,TU,CZ
"Havlovice,,ObÚ",50.48835100000008,16.02920400000005,TU,CZ
"Havlovice,,ObÚ",50.487919000000026,16.029409000000044,TU,CZ
"Havlovice,,odb.Muchov",50.48237600000005,16.022013000000072,TU,CZ
"Havlovice,,odb.Muchov",50.48231600000001,16.02159400000005,TU,CZ
"Hejtmánkovice,,hostinec",50.60490300000003,16.28834500000005,NA,CZ
"Hejtmánkovice,,hostinec",50.604987000000044,16.288413000000048,NA,CZ
"Hejtmánkovice,,kovárna",50.59481600000004,16.315701000000047,NA,CZ
"Hejtmánkovice,,kovárna",50.594708000000026,16.316036000000054,NA,CZ
"Hejtmánkovice,,kult.dům",50.59927700000002,16.29891200000003,NA,CZ
"Hejtmánkovice,,kult.dům",50.599243000000065,16.299146000000064,NA,CZ
"Hejtmánkovice,,odb.Šlegrův ryb.",50.59368200000006,16.288198000000023,NA,CZ
"Hejtmánkovice,,odb.Šlegrův ryb.",50.593534000000034,16.28831500000007,NA,CZ
"Hejtmánkovice,,u dubu",50.60711200000003,16.282013000000063,NA,CZ
"Hejtmánkovice,,u dubu",50.60719700000004,16.282171000000062,NA,CZ
"Heřmanice,,BONO",50.38224500000006,15.927279000000055,NA,CZ
"Heřmanice,,BONO",50.38223100000004,15.92737600000004,NA,CZ
"Heřmanice,,ObÚ",50.37932100000006,15.919846000000064,NA,CZ
"Heřmanice,,ObÚ",50.37914000000006,15.919050000000027,NA,CZ
"Heřmanice,,pošta",50.37751900000006,15.916690000000075,NA,CZ
"Heřmanice,,pošta",50.38073000000002,15.917499000000078,NA,CZ
"Heřmanice,Běluň",50.38673800000003,15.930057000000032,NA,CZ
"Heřmanice,Běluň",50.38667300000003,15.92984800000005,NA,CZ
"Heřmanice,Brod",50.38536900000002,15.910754000000054,NA,CZ
"Heřmanice,Brod",50.38590900000001,15.910316000000025,NA,CZ
"Heřmanice,Slotov",50.39663600000006,15.899161000000051,NA,CZ
"Heřmanice,Slotov",50.39671000000004,15.899346000000039,NA,CZ
"Heřmánkovice,,celnice",50.63314900000006,16.327211000000034,NA,CZ
"Heřmánkovice,,kampelička",50.62000100000006,16.324100000000044,NA,CZ
"Heřmánkovice,,kampelička",50.62001300000003,16.323982000000058,NA,CZ
"Heřmánkovice,,ObÚ",50.62835700000004,16.324091000000067,NA,CZ
"Heřmánkovice,,ObÚ",50.628409000000026,16.324179000000072,NA,CZ
"Heřmánkovice,,odb.Janovičky",50.639088000000065,16.334952000000044,NA,CZ
"Heřmánkovice,,odb.Janovičky",50.639246000000064,16.335098000000073,NA,CZ
"Heřmánkovice,,rozc.",50.61295600000006,16.323611000000028,NA,CZ
"Heřmánkovice,,rozc.",50.61305900000007,16.323879000000034,NA,CZ
"Heřmánkovice,,rozc.",50.612821000000054,16.32350800000006,NA,CZ
"Heřmánkovice,,točna",50.64634400000005,16.33217300000007,NA,CZ
"Heřmánkovice,Janovičky",50.63420500000006,16.357113000000027,NA,CZ
"Hlušice,,kult.dům",50.261875000000025,15.40438000000006,HK,CZ
"Hlušice,,kult.dům",50.26185600000008,15.403899000000026,HK,CZ
"Hlušice,,škola",50.261784000000034,15.400416000000064,HK,CZ
"Hlušice,,škola",50.26188200000007,15.40010300000006,HK,CZ
"Hlušice,Hlušičky",50.262269000000046,15.39636100000007,HK,CZ
Hněvčeves,50.31499900000005,15.716273000000058,HK,CZ
Hněvčeves,50.31516300000004,15.71636200000006,HK,CZ
"Holín,,Fabio",50.448557000000044,15.329483000000039,JC,CZ
"Holín,,Fabio",50.44871500000004,15.32929900000005,JC,CZ
"Holín,,ObÚ",50.45067400000004,15.322531000000025,JC,CZ
"Holín,,ObÚ",50.45074400000004,15.322570000000042,JC,CZ
"Holín,,odb.Prachovské skály",50.44674500000008,15.32389000000006,JC,CZ
"Holín,,odb.Prachovské skály",50.44694900000007,15.323669000000052,JC,CZ
"Holín,Horní Lochov",50.45300100000003,15.299524000000076,JC,CZ
"Holín,Horní Lochov",50.45316500000007,15.299364000000025,JC,CZ
"Holín,Pařezská Lhota,odb.Pařez",50.48045500000005,15.28382700000003,JC,CZ
"Holín,Pařezská Lhota,odb.Pařez",50.480501000000054,15.283932000000048,JC,CZ
"Holín,Pařezská Lhota,penzion",50.47384600000003,15.291981000000021,JC,CZ
"Holín,Pařezská Lhota,penzion",50.47387700000007,15.292098000000067,JC,CZ
"Holín,Prachov,Český ráj",50.46480400000006,15.306772000000024,JC,CZ
"Holín,Prachov,Český ráj",50.46492200000006,15.306746000000032,JC,CZ
"Holín,Prachov,obec",50.46411600000005,15.309880000000078,JC,CZ
"Holín,Prachov,obec",50.464041000000066,15.309966000000033,JC,CZ
"Holín,Prachov,Skalní město",50.46912800000007,15.296954000000028,JC,CZ
"Holín,Prachov,Vyhnálov",50.45963300000005,15.308124000000078,JC,CZ
"Holín,Prachov,Vyhnálov",50.45968200000005,15.308231000000037,JC,CZ
Holohlavy,50.30810700000006,15.858291000000063,HK,CZ
Holohlavy,50.30899600000003,15.859746000000028,HK,CZ
"Holohlavy,,JIPA",50.30312700000007,15.857105000000047,HK,CZ
"Holohlavy,,JIPA",50.30324700000005,15.856984000000068,HK,CZ
"Holovousy,,hlavní silnice",50.37240400000008,15.574322000000052,JC,CZ
"Holovousy,,hlavní silnice",50.37186500000007,15.576171000000045,JC,CZ
"Holovousy,,prodejna",50.37507900000002,15.577125000000022,JC,CZ
"Holovousy,,prodejna",50.37506800000005,15.577235000000032,JC,CZ
"Holovousy,Chodovice",50.375289000000066,15.586557000000028,JC,CZ
"Holovousy,Chodovice",50.37534700000003,15.586483000000044,JC,CZ
"Horní Brusnice,,dolní",50.46865200000007,15.699755000000039,TU,CZ
"Horní Brusnice,,dolní",50.468520000000055,15.70055800000006,TU,CZ
"Horní Brusnice,,horní",50.47215900000003,15.67413700000003,TU,CZ
"Horní Brusnice,,horní",50.472246000000034,15.673956000000034,TU,CZ
"Horní Brusnice,,kostel",50.472664000000066,15.683182000000045,TU,CZ
"Horní Brusnice,,kostel",50.47286600000007,15.68304500000005,TU,CZ
"Horní Brusnice,,ObÚ",50.47446600000006,15.68286800000004,TU,CZ
"Horní Brusnice,,ObÚ",50.47437300000008,15.68258600000007,TU,CZ
"Horní Brusnice,,odb.Souvrať",50.46390200000008,15.719279000000029,TU,CZ
"Horní Brusnice,,odb.Souvrať",50.463944000000026,15.719438000000025,TU,CZ
"Horní Brusnice,,pila",50.47257000000007,15.665013000000044,TU,CZ
"Horní Brusnice,,pila",50.472623000000056,15.665726000000063,TU,CZ
"Horní Brusnice,,pod kopečkem",50.47470200000003,15.652713000000062,TU,CZ
"Horní Brusnice,,pod kopečkem",50.474658000000034,15.653337000000024,TU,CZ
"Horní Brusnice,,viadukt",50.46522000000004,15.712761000000057,TU,CZ
"Horní Brusnice,,viadukt",50.46531900000008,15.712713000000065,TU,CZ
"Horní Kalná,,Bosna",50.55860800000005,15.626707000000069,TU,CZ
"Horní Kalná,,Bosna",50.55855300000007,15.626617000000069,TU,CZ
"Horní Kalná,,slévárna",50.572116000000044,15.607461000000058,TU,CZ
"Horní Kalná,,slévárna",50.57202900000004,15.60742000000005,TU,CZ
"Horní Kalná,,škola",50.565468000000074,15.61792900000006,TU,CZ
"Horní Kalná,,škola",50.56556100000006,15.617496000000076,TU,CZ
"Horní Maršov,,Maršov III",50.65167900000006,15.818554000000063,TU,CZ
"Horní Maršov,,Maršov III",50.652934000000066,15.819375000000036,TU,CZ
"Horní Maršov,,most",50.660200000000025,15.818759000000057,TU,CZ
"Horní Maršov,,most",50.66071200000004,15.818981000000067,TU,CZ
"Horní Maršov,Temný Důl,brusírna",50.66573500000003,15.795795000000055,TU,CZ
"Horní Maršov,Temný Důl,brusírna",50.665892000000035,15.795899000000075,TU,CZ
"Horní Maršov,Temný Důl,Myslivna",50.68146900000004,15.80472700000007,TU,CZ
"Horní Maršov,Temný Důl,Myslivna",50.68145400000002,15.804837000000077,TU,CZ
"Horní Maršov,Temný Důl,odb.Malá Úpa",50.67495100000007,15.793635000000052,TU,CZ
"Horní Maršov,Temný Důl,odb.Malá Úpa",50.67495600000006,15.793871000000024,TU,CZ
"Horní Maršov,Temný Důl,Veselý výlet",50.66437700000005,15.806388000000027,TU,CZ
"Horní Maršov,Temný Důl,Veselý výlet",50.664620000000056,15.806230000000028,TU,CZ
"Horní Olešnice,,ObÚ",50.528978000000045,15.679775000000062,TU,CZ
"Horní Olešnice,,ObÚ",50.528947000000066,15.680252000000053,TU,CZ
"Horní Olešnice,,Přední Ždírnice",50.528617000000054,15.658174000000031,TU,CZ
"Horní Olešnice,,Přední Ždírnice",50.528587000000066,15.658032000000048,TU,CZ
"Horní Olešnice,,u Imlaufů",50.53448000000002,15.67591600000003,TU,CZ
"Horní Olešnice,,u Imlaufů",50.534001000000046,15.676632000000042,TU,CZ
"Horní Olešnice,,Zadní Ždírnice",50.520319000000015,15.65955100000002,TU,CZ
"Horní Radechová,,Dolní Rybníky",50.453149000000046,16.14884500000005,NA,CZ
"Horní Radechová,,Dolní Rybníky",50.45348400000005,16.148704000000066,NA,CZ
"Horní Radechová,,odb.Slavíkov",50.46201300000007,16.149370000000033,NA,CZ
"Horní Radechová,,odb.Slavíkov",50.46211500000004,16.14963700000004,NA,CZ
"Horní Radechová,,prodejna",50.465882000000065,16.147478000000035,NA,CZ
"Horní Radechová,,prodejna",50.46574400000003,16.147759000000065,NA,CZ
Hořenice,50.370499000000045,15.910145000000057,NA,CZ
Hořenice,50.370467000000076,15.910338000000026,NA,CZ
"Hořenice,,ObÚ",50.371883000000025,15.909039000000064,NA,CZ
"Hořenice,,ObÚ",50.37183800000008,15.909129000000064,NA,CZ
"Hořice,,aut.st.",50.36700300000007,15.629783000000034,JC,CZ
"Hořice,,aut.st.",50.36679400000002,15.629636000000064,JC,CZ
"Hořice,,aut.st.",50.366659000000034,15.629508000000044,JC,CZ
"Hořice,,aut.st.",50.36650900000006,15.629405000000078,JC,CZ
"Hořice,,aut.st.",50.36638900000002,15.629284000000041,JC,CZ
"Hořice,,aut.st.",50.36624100000006,15.629177000000025,JC,CZ
"Hořice,,aut.st.",50.366854000000046,15.629512000000034,JC,CZ
"Hořice,,aut.st.",50.36668800000007,15.62936200000007,JC,CZ
"Hořice,,aut.st.",50.36656800000002,15.629263000000039,JC,CZ
"Hořice,,aut.st.",50.36643000000004,15.629147000000048,JC,CZ
"Hořice,,aut.st.",50.36628800000006,15.629045000000076,JC,CZ
"Hořice,,Barákova",50.364082000000046,15.632111000000066,JC,CZ
"Hořice,,Barákova",50.36417200000004,15.632114000000058,JC,CZ
"Hořice,,Betlém",50.37715000000003,15.630407000000048,JC,CZ
"Hořice,,Betlém",50.377110000000066,15.630324000000028,JC,CZ
"Hořice,,Dachova",50.38498700000008,15.639053000000047,JC,CZ
"Hořice,,Dachova",50.38499900000005,15.639462000000039,JC,CZ
"Hořice,,Doubravka",50.36789700000002,15.647676000000047,JC,CZ
"Hořice,,Doubravka",50.36791600000003,15.64756700000004,JC,CZ
"Hořice,,ETEX",50.36027100000007,15.631584000000034,JC,CZ
"Hořice,,ETEX",50.36027100000007,15.631444000000046,JC,CZ
"Hořice,,Gothard",50.365923000000066,15.644299000000046,JC,CZ
"Hořice,,Hrachovec",50.37398300000006,15.614321000000075,JC,CZ
"Hořice,,Hrachovec",50.374031000000045,15.614363000000024,JC,CZ
"Hořice,,Karlova",50.36971800000002,15.633724000000027,JC,CZ
"Hořice,,Karlova",50.36967700000009,15.633211000000074,JC,CZ
"Hořice,,Mileta",50.35813600000006,15.63181000000003,JC,CZ
"Hořice,,Mileta",50.35835600000006,15.631580000000042,JC,CZ
"Hořice,,Na Špici",50.36351000000007,15.631427000000029,JC,CZ
"Hořice,,Na Špici",50.36306400000007,15.631316000000027,JC,CZ
"Hořice,,nám.",50.36797300000006,15.63168500000006,JC,CZ
"Hořice,,nemocnice",50.36924400000002,15.639840000000047,JC,CZ
"Hořice,,nemocnice",50.369080000000054,15.640566000000033,JC,CZ
"Hořice,,PENTAS",50.35363900000005,15.635059000000068,JC,CZ
"Hořice,,PENTAS",50.35353000000003,15.635408000000039,JC,CZ
"Hořice,,Věž samostatnosti",50.37682000000006,15.640297000000032,JC,CZ
"Hořice,,Věž samostatnosti",50.376824000000056,15.640476000000035,JC,CZ
"Hořice,,zámek",50.369867000000056,15.635401000000059,JC,CZ
"Hořice,,zámek",50.36972900000006,15.635398000000066,JC,CZ
"Hořice,,zemědělská škola",50.368809000000056,15.643321000000071,JC,CZ
"Hořice,,zemědělská škola",50.36872900000002,15.643308000000046,JC,CZ
"Hořice,,ZEZ",50.35999700000008,15.642556000000068,JC,CZ
"Hořice,,žel.st.",50.35662500000007,15.634543000000063,JC,CZ
"Hořice,Březovice",50.358491000000065,15.669299000000022,JC,CZ
"Hořice,Březovice",50.35844100000003,15.669283000000064,JC,CZ
"Hořice,Chlum",50.380690000000065,15.603918000000021,JC,CZ
"Hořice,Chvalina,Hořické strojírny",50.352040000000045,15.639474000000064,JC,CZ
"Hořice,Chvalina,odb.",50.35567600000007,15.650306000000057,JC,CZ
"Hořice,Chvalina,odb.",50.355639000000046,15.650334000000045,JC,CZ
"Hořice,Libonice",50.368323000000025,15.621803000000057,JC,CZ
"Hořice,Libonice",50.368201000000056,15.621712000000059,JC,CZ
"Hořičky,,nám.",50.444116000000065,15.992184000000064,NA,CZ
"Hořičky,,nám.",50.44382500000006,15.992335000000026,NA,CZ
"Hořičky,,vodojem",50.45197200000007,15.993200000000058,NA,CZ
"Hořičky,,vodojem",50.451953000000046,15.993295000000046,NA,CZ
"Hořičky,Chlístov",50.44565000000005,15.983438000000037,NA,CZ
"Hořičky,Chlístov",50.445749000000035,15.983146000000033,NA,CZ
"Hořičky,Křižanov",50.46256300000004,15.996670000000051,NA,CZ
"Hořičky,Křižanov",50.46252000000004,15.996350000000065,NA,CZ
"Hořičky,Křižanov",50.462172000000066,15.996878000000038,NA,CZ
"Hořičky,Křižanov",50.46253200000005,15.997047000000066,NA,CZ
"Hořičky,Nový Dvůr,odb.",50.43329400000004,15.99399900000003,NA,CZ
"Hořičky,Nový Dvůr,odb.",50.433206000000034,15.994055000000062,NA,CZ
"Hořiněves,,hospoda U Šáfrů",50.30890500000004,15.768054000000065,HK,CZ
"Hořiněves,,odb.žel.zast.",50.31216200000006,15.759201000000074,HK,CZ
"Hořiněves,,odb.žel.zast.",50.31267200000008,15.759515000000022,HK,CZ
"Hořiněves,,zdravotní středisko",50.312189000000046,15.762901000000058,HK,CZ
"Hořiněves,,zdravotní středisko",50.31230000000004,15.762802000000022,HK,CZ
"Hořiněves,Želkovice",50.328236000000054,15.749578000000042,HK,CZ
"Hořiněves,Želkovice",50.32825200000006,15.749711000000046,HK,CZ
"Hořiněves,Žíželeves",50.332145000000025,15.758090000000038,HK,CZ
"Hořiněves,Žíželeves",50.33220100000004,15.758211000000076,HK,CZ
"Hořiněves,Žíželeves,odb.Jeřičky",50.335653000000036,15.757051000000047,HK,CZ
"Hořiněves,Žíželeves,odb.Jeřičky",50.33564900000004,15.757129000000077,HK,CZ
"Hostinné,,aut.st.",50.539954000000066,15.725496000000076,TU,CZ
"Hostinné,,aut.st.",50.539842000000085,15.725293000000022,TU,CZ
"Hostinné,,aut.st.",50.53989800000004,15.725600000000043,TU,CZ
"Hostinné,,aut.st.",50.53978200000006,15.72540300000003,TU,CZ
"Hostinné,,Husitská",50.54378400000007,15.712285000000065,TU,CZ
"Hostinné,,Husitská",50.543795000000046,15.711878000000072,TU,CZ
"Hostinné,,Karla Čapka",50.53856300000007,15.733114000000056,TU,CZ
"Hostinné,,Karla Čapka",50.53853000000003,15.733305000000028,TU,CZ
"Hostinné,,Vrchlabská",50.546081000000065,15.704833000000065,TU,CZ
"Hostinné,,Vrchlabská",50.54585800000007,15.705358000000047,TU,CZ
"Hostinné,,žel.st.",50.53633700000005,15.73726000000005,TU,CZ
"Hostinné,,žel.st.",50.53657500000002,15.736466000000062,TU,CZ
"Hostinné,,žel.zast.Prosečné",50.54754000000002,15.69913900000006,TU,CZ
"Hostinné,,žel.zast.Prosečné",50.547379000000035,15.699247000000073,TU,CZ
"Hradec Králové,,Fakultní nemocnice B",50.19928600000002,15.832527000000027,HK,CZ
"Hradec Králové,,Heyrovského",50.20198900000002,15.832474000000047,HK,CZ
"Hradec Králové,,Hlavní nádraží",50.21468400000003,15.811763000000044,HK,CZ
"Hradec Králové,,Hlavní nádraží",50.214406000000054,15.81161700000007,HK,CZ
"Hradec Králové,,Hotel Garni",50.20069600000004,15.843240000000039,HK,CZ
"Hradec Králové,,Hotel Garni",50.20052600000008,15.843917000000033,HK,CZ
"Hradec Králové,,Koutníkova",50.227101000000054,15.799213000000066,HK,CZ
"Hradec Králové,,Koutníkova",50.225978000000055,15.800517000000069,HK,CZ
"Hradec Králové,,Labská",50.205116000000025,15.820462000000076,HK,CZ
"Hradec Králové,,Lipky",50.20736300000004,15.818471000000043,HK,CZ
"Hradec Králové,,Lipky",50.20865500000007,15.819076000000054,HK,CZ
"Hradec Králové,,Na Brně",50.19183900000007,15.848519000000065,HK,CZ
"Hradec Králové,,Na Brně",50.19317600000005,15.848222000000078,HK,CZ
"Hradec Králové,,Na Okrouhlíku",50.218038000000035,15.814290000000028,HK,CZ
"Hradec Králové,,Na Okrouhlíku",50.21841300000004,15.814360000000022,HK,CZ
"Hradec Králové,,nadjezd",50.220481000000056,15.80863800000003,HK,CZ
"Hradec Králové,,nadjezd",50.220990000000015,15.808099000000027,HK,CZ
"Hradec Králové,,Nový Hradec Králové",50.176388000000024,15.855925000000068,HK,CZ
"Hradec Králové,,Nový Hradec Králové",50.17655800000005,15.856061000000066,HK,CZ
"Hradec Králové,,Ostravská",50.21819900000002,15.88867700000003,HK,CZ
"Hradec Králové,,Ostravská",50.21823000000007,15.887034000000028,HK,CZ
"Hradec Králové,,Podzámčí",50.18462700000003,15.829236000000037,HK,CZ
"Hradec Králové,,Podzámčí",50.18490900000006,15.829479000000049,HK,CZ
"Hradec Králové,,Pospíšilova",50.214632000000044,15.845127000000048,HK,CZ
"Hradec Králové,,Pospíšilova",50.214852000000064,15.84529900000007,HK,CZ
"Hradec Králové,,Silnice",50.21696400000007,15.872953000000052,HK,CZ
"Hradec Králové,,Silnice",50.217073000000035,15.872705000000051,HK,CZ
"Hradec Králové,,Sněžka",50.22346200000004,15.869391000000064,HK,CZ
"Hradec Králové,,Sněžka",50.22358700000006,15.869226000000026,HK,CZ
"Hradec Králové,,Stará nemocnice",50.20805000000007,15.840824000000056,HK,CZ
"Hradec Králové,,Stará nemocnice",50.20869300000003,15.840122000000067,HK,CZ
"Hradec Králové,,Stoletá",50.21539800000004,15.857485000000054,HK,CZ
"Hradec Králové,,Stoletá",50.215438000000056,15.857933000000061,HK,CZ
"Hradec Králové,,Šimkova",50.21311900000006,15.834147000000032,HK,CZ
"Hradec Králové,,Šimkova",50.21333300000003,15.834356000000072,HK,CZ
"Hradec Králové,,Terminál HD",50.21643900000004,15.812881000000061,HK,CZ
"Hradec Králové,,Terminál HD",50.21659100000005,15.812902000000065,HK,CZ
"Hradec Králové,,Terminál HD",50.21672600000006,15.812924000000066,HK,CZ
"Hradec Králové,,Terminál HD",50.216435000000054,15.813045000000045,HK,CZ
"Hradec Králové,,Terminál HD",50.21657700000003,15.813068000000044,HK,CZ
"Hradec Králové,,Terminál HD",50.21671800000007,15.813081000000066,HK,CZ
"Hradec Králové,,Terminál HD",50.21640300000007,15.813568000000034,HK,CZ
"Hradec Králové,,Terminál HD",50.21654700000005,15.813591000000033,HK,CZ
"Hradec Králové,,Terminál HD",50.216687000000036,15.813611000000037,HK,CZ
"Hradec Králové,,Terminál HD",50.216392000000035,15.813732000000075,HK,CZ
"Hradec Králové,,Terminál HD",50.21667800000005,15.813770000000034,HK,CZ
"Hradec Králové,,Terminál HD",50.216380000000065,15.813893000000064,HK,CZ
"Hradec Králové,,Terminál HD",50.216526000000044,15.813912000000073,HK,CZ
"Hradec Králové,,Terminál HD",50.21666400000004,15.813931000000025,HK,CZ
"Hradec Králové,,Terminál HD",50.216823000000026,15.81335900000005,HK,CZ
"Hradec Králové,,Terminál HD",50.21653600000008,15.813754000000076,HK,CZ
"Hradec Králové,,Třebeš odb.",50.188773000000026,15.831218000000037,HK,CZ
"Hradec Králové,,Třebeš odb.",50.18897600000009,15.831409000000063,HK,CZ
"Hradec Králové,,Veterinární škola",50.20842900000009,15.801496000000043,HK,CZ
"Hradec Králové,,Veterinární škola",50.208485000000046,15.802118000000064,HK,CZ
"Hradec Králové,,Zimní stadion",50.206788000000074,15.832189000000028,HK,CZ
"Hradec Králové,,Zimní stadion",50.20731200000006,15.832535000000062,HK,CZ
"Hradec Králové,Březhrad,bytovky",50.174808000000034,15.79486300000008,HK,CZ
"Hradec Králové,Březhrad,bytovky",50.17425300000008,15.797968000000024,HK,CZ
"Hradec Králové,Kukleny,Albert",50.19979300000005,15.781771000000047,HK,CZ
"Hradec Králové,Kukleny,Albert",50.19964300000002,15.78186400000004,HK,CZ
"Hradec Králové,Kukleny,nám.",50.20255500000007,15.784273000000043,HK,CZ
"Hradec Králové,Kukleny,nám.",50.20245000000005,15.78463800000003,HK,CZ
"Hradec Králové,Kukleny,Pardubická",50.201898000000035,15.79143300000004,HK,CZ
"Hradec Králové,Kukleny,Pardubická",50.201869000000045,15.791596000000027,HK,CZ
"Hradec Králové,Malšova Lhota,náves",50.207408000000044,15.881471000000031,HK,CZ
"Hradec Králové,Malšova Lhota,náves",50.207443000000076,15.881233000000064,HK,CZ
"Hradec Králové,Malšovice,U Čechů",50.20462300000002,15.857816000000073,HK,CZ
"Hradec Králové,Malšovice,U Čechů",50.20471300000003,15.857839000000071,HK,CZ
"Hradec Králové,Plačice",50.19244300000002,15.776126000000033,HK,CZ
"Hradec Králové,Plačice",50.19293100000004,15.778036000000043,HK,CZ
"Hradec Králové,Plačice,prodejna",50.19308300000005,15.774051000000043,HK,CZ
"Hradec Králové,Plačice,prodejna",50.192991000000056,15.774310000000073,HK,CZ
"Hradec Králové,Plotiště n.L.,cihelna",50.24415400000004,15.797861000000069,HK,CZ
"Hradec Králové,Plotiště n.L.,cihelna",50.24453300000004,15.798299000000043,HK,CZ
"Hradec Králové,Plotiště n.L.,ČKD",50.23665100000005,15.793716000000076,HK,CZ
"Hradec Králové,Plotiště n.L.,rondel ČKD",50.233194000000026,15.79070900000005,HK,CZ
"Hradec Králové,Plotiště n.L.,rondel ČKD",50.23291400000006,15.790681000000063,HK,CZ
"Hradec Králové,Plotiště n.L.,škola",50.22580100000004,15.803665000000024,HK,CZ
"Hradec Králové,Plotiště n.L.,škola",50.22599100000008,15.803829000000064,HK,CZ
"Hradec Králové,Pouchov,kostel",50.230327000000045,15.847803000000056,HK,CZ
"Hradec Králové,Pouchov,kostel",50.23039300000005,15.847590000000025,HK,CZ
"Hradec Králové,Pouchov,odb.Piletice",50.23983700000008,15.859847000000059,HK,CZ
"Hradec Králové,Pouchov,odb.Piletice",50.23977600000006,15.859710000000064,HK,CZ
"Hradec Králové,Pouchov,U Lupínků",50.23480100000006,15.851418000000026,HK,CZ
"Hradec Králové,Pouchov,U Lupínků",50.23464300000005,15.85114100000004,HK,CZ
"Hradec Králové,Pouchov,žel.zast.",50.22322200000008,15.842408000000034,HK,CZ
"Hradec Králové,Pouchov,žel.zast.",50.223049000000046,15.842108000000053,HK,CZ
"Hradec Králové,Rusek,prodejna",50.25478100000004,15.851339000000053,HK,CZ
"Hradec Králové,Rusek,prodejna",50.25458000000003,15.850848000000042,HK,CZ
"Hradec Králové,Rusek,škola",50.25554800000003,15.854934000000073,HK,CZ
"Hradec Králové,Rusek,škola",50.25574500000003,15.854663000000073,HK,CZ
"Hradec Králové,Slatina",50.23405300000009,15.897501000000032,HK,CZ
"Hradec Králové,Slatina",50.234303000000054,15.897886000000028,HK,CZ
"Hradec Králové,Slatina,zahrádky",50.229348000000066,15.888898000000038,HK,CZ
"Hradec Králové,Slatina,zahrádky",50.22843200000005,15.888194000000054,HK,CZ
"Hradec Králové,Slatina,zastávka",50.23128800000007,15.89118300000007,HK,CZ
"Hradec Králové,Slatina,zastávka",50.23234300000007,15.890598000000068,HK,CZ
"Hradec Králové,Svinary",50.210518000000036,15.904096000000038,HK,CZ
"Hradec Králové,Svinary",50.210674000000026,15.903990000000023,HK,CZ
"Hradec Králové,Svinary,Křižovatka Běleč",50.21296400000006,15.908583000000023,HK,CZ
"Hradec Králové,Svinary,Křižovatka Běleč",50.21310500000004,15.908882000000062,HK,CZ
"Hradec Králové,Svinary,Škvárovka",50.205617000000075,15.92621500000007,HK,CZ
"Hradec Králové,Svinary,Škvárovka",50.20581200000004,15.926050000000032,HK,CZ
"Hrádek,,obec",50.21818400000006,15.67606600000005,HK,CZ
"Hrádek,,obec",50.218150000000044,15.67598300000003,HK,CZ
"Hrádek,,zámek",50.22575600000005,15.668228000000056,HK,CZ
"Hrádek,,zámek",50.22567900000006,15.668309000000024,HK,CZ
"Hronov,,aut.st.",50.479539000000045,16.182383000000073,NA,CZ
"Hronov,,aut.st.",50.47935500000005,16.182381000000078,NA,CZ
"Hronov,,aut.st.",50.47902800000002,16.18236900000005,NA,CZ
"Hronov,,aut.st.",50.47886600000004,16.18236600000006,NA,CZ
"Hronov,,Příčnice",50.47869900000006,16.194921000000022,NA,CZ
"Hronov,,Příčnice",50.47939900000006,16.193603000000053,NA,CZ
"Hronov,,Staropadolská hospoda",50.473071000000054,16.17921400000006,NA,CZ
"Hronov,,Staropadolská hospoda",50.47287000000006,16.179512000000045,NA,CZ
"Hronov,,U Rozmichů",50.47741000000007,16.22343600000005,NA,CZ
"Hronov,,U Rozmichů",50.47734100000008,16.223491000000024,NA,CZ
"Hronov,,Zálesí",50.47666900000007,16.213690000000042,NA,CZ
"Hronov,,Zálesí",50.47671600000007,16.213573000000054,NA,CZ
"Hronov,,žel.st.",50.473215000000025,16.177141000000063,NA,CZ
"Hronov,Malá Čermná",50.44785600000005,16.232748000000072,NA,CZ
"Hronov,Malá Čermná,CLO",50.44805700000006,16.233662000000038,NA,CZ
"Hronov,Rokytník,Draha",50.49946300000004,16.170075000000054,NA,CZ
"Hronov,Rokytník,Draha",50.499374000000046,16.169898000000046,NA,CZ
"Hronov,Rokytník,škola",50.49874700000003,16.163040000000024,NA,CZ
"Hronov,Rokytník,škola",50.498680000000036,16.162859000000026,NA,CZ
"Hronov,Rokytník,Turov",50.50216300000006,16.150809000000038,NA,CZ
"Hronov,Rokytník,Turov",50.502104000000024,16.150766000000033,NA,CZ
"Hronov,Velký Dřevíč,hostinec",50.497357000000086,16.18226100000004,NA,CZ
"Hronov,Velký Dřevíč,hostinec",50.49732500000004,16.182125000000042,NA,CZ
"Hronov,Velký Dřevíč,pila",50.50616900000005,16.185069000000055,NA,CZ
"Hronov,Velký Dřevíč,pila",50.50623800000005,16.18497300000007,NA,CZ
"Hronov,Velký Dřevíč,pošta",50.49882300000007,16.18418900000006,NA,CZ
"Hronov,Velký Dřevíč,pošta",50.498685000000066,16.184056000000055,NA,CZ
"Hronov,Zbečník,hostinec",50.482533000000046,16.154652000000056,NA,CZ
"Hronov,Zbečník,hostinec",50.48258000000005,16.155926000000022,NA,CZ
"Hronov,Zbečník,Pustiny",50.48438100000004,16.14709000000005,NA,CZ
"Hronov,Zbečník,Pustiny",50.484252000000026,16.14689100000004,NA,CZ
"Hronov,Zbečník,škola",50.48054600000006,16.168465000000026,NA,CZ
"Hronov,Zbečník,škola",50.48053600000003,16.169259000000068,NA,CZ
"Hronov,Zbečník,U dvou líp",50.48155300000007,16.16181400000005,NA,CZ
"Hronov,Zbečník,U dvou líp",50.481385000000046,16.161620000000028,NA,CZ
"Hronov,Zbečník,Wikov",50.47999100000004,16.177914000000044,NA,CZ
"Hronov,Zbečník,Wikov",50.48066800000003,16.175831000000073,NA,CZ
"Hronov,Žabokrky,slévárna",50.493828000000065,16.194007000000056,NA,CZ
"Hronov,Žabokrky,slévárna",50.494050000000065,16.19451900000007,NA,CZ
"Hronov,Žabokrky,žel.zast.",50.48983000000004,16.186056000000065,NA,CZ
"Hronov,Žabokrky,žel.zast.",50.48924600000003,16.185220000000072,NA,CZ
"Hřibiny-Ledská,,odb.Malá Ledská",50.14850600000005,16.182856000000072,RK,CZ
"Hřibiny-Ledská,,odb.Malá Ledská",50.14856900000006,16.18264700000003,RK,CZ
"Hřibiny-Ledská,,Velká Ledská",50.15906500000005,16.18054600000005,RK,CZ
"Hřibiny-Ledská,,Velká Ledská",50.15922000000005,16.180558000000076,RK,CZ
"Hřibiny-Ledská,Hřibiny,ObÚ",50.14799000000004,16.175714000000028,RK,CZ
"Hřibiny-Ledská,Hřibiny,ObÚ",50.14826400000004,16.175804000000028,RK,CZ
"Hřibiny-Ledská,Paseky",50.141757000000034,16.166115000000048,RK,CZ
"Hřibojedy,,Malé Hřibojedy",50.385034000000076,15.826097000000061,TU,CZ
"Hřibojedy,,Malé Hřibojedy",50.38496700000007,15.826196000000039,TU,CZ
"Hřibojedy,,prodejna",50.39029000000004,15.834873000000075,TU,CZ
"Hřibojedy,,prodejna",50.39033500000005,15.834996000000045,TU,CZ
"Hřibojedy,Hvězda",50.38220800000004,15.820466000000065,TU,CZ
"Hřibojedy,Hvězda",50.38212300000003,15.82048100000003,TU,CZ
Humburky,50.22526400000004,15.511929000000066,HK,CZ
Humburky,50.22523700000004,15.511822000000054,HK,CZ
Hvozdnice,50.19132400000006,15.711171000000036,HK,CZ
Hvozdnice,50.191329000000046,15.711034000000042,HK,CZ
"Hynčice,,žel.zast.",50.62408800000002,16.28816800000004,NA,CZ
Chleny,50.07807600000006,16.24349200000006,RK,CZ
Chleny,50.07797900000003,16.24361200000004,RK,CZ
Chlístov,50.322433000000046,16.169854000000043,RK,CZ
Chlístov,50.322321000000045,16.169834000000037,RK,CZ
"Chlumec n.Cidl.,,DESPA",50.166723000000054,15.461848000000032,HK,CZ
"Chlumec n.Cidl.,,DESPA",50.16696500000006,15.461963000000026,HK,CZ
"Chlumec n.Cidl.,,Kovoplast",50.16024400000002,15.460412000000076,HK,CZ
"Chlumec n.Cidl.,,Kovoplast",50.16054900000005,15.460759000000051,HK,CZ
"Chlumec n.Cidl.,,nám.",50.153999000000056,15.462245000000053,HK,CZ
"Chlumec n.Cidl.,,nám.",50.15410600000007,15.46254200000004,HK,CZ
"Chlumec n.Cidl.,,nemocnice",50.14695400000004,15.450100000000077,HK,CZ
"Chlumec n.Cidl.,,nemocnice",50.14694700000006,15.450256000000026,HK,CZ
"Chlumec n.Cidl.,,OSEVA",50.14865400000008,15.483859000000052,HK,CZ
"Chlumec n.Cidl.,,OSEVA",50.14882400000003,15.483773000000044,HK,CZ
"Chlumec n.Cidl.,,sokolovna",50.15760200000005,15.459218000000021,HK,CZ
"Chlumec n.Cidl.,,sokolovna",50.158323000000046,15.45933400000007,HK,CZ
"Chlumec n.Cidl.,,stará brána",50.15394400000008,15.458982000000047,HK,CZ
"Chlumec n.Cidl.,,stará brána",50.15405900000007,15.458915000000047,HK,CZ
"Chlumec n.Cidl.,,žel.st.",50.16311300000006,15.456576000000041,HK,CZ
"Chlumec n.Cidl.,,žel.st.",50.163164000000044,15.45649600000007,HK,CZ
"Chlumec n.Cidl.,,žel.st.",50.16319100000003,15.456389000000058,HK,CZ
"Chlumec n.Cidl.,,žel.st.",50.163218000000015,15.456300000000057,HK,CZ
"Chlumec n.Cidl.,,žel.st.",50.16327800000005,15.45623800000004,HK,CZ
"Chlumec n.Cidl.,,žel.st.",50.16292200000004,15.456013000000041,HK,CZ
"Chlumec n.Cidl.,Kladruby",50.146794000000064,15.46745500000003,HK,CZ
"Chlumec n.Cidl.,Kladruby",50.14691300000003,15.467369000000074,HK,CZ
"Chlumec n.Cidl.,Lučice",50.13730800000007,15.462831000000051,HK,CZ
"Chlumec n.Cidl.,Lučice",50.13717300000007,15.462763000000052,HK,CZ
"Chlumec n.Cidl.,Pamětník",50.123636000000026,15.450371000000077,HK,CZ
"Chlumec n.Cidl.,Pamětník",50.123709000000076,15.450369000000023,HK,CZ
Cholenice,50.32509600000002,15.279803000000074,JC,CZ
Cholenice,50.32485600000007,15.27966900000007,JC,CZ
Chomutice,50.35940000000004,15.49689900000004,JC,CZ
Chomutice,50.35945700000006,15.496896000000051,JC,CZ
"Chomutice,,Obora",50.360353000000025,15.504642000000047,JC,CZ
"Chomutice,,Obora",50.36048600000003,15.504611000000066,JC,CZ
"Choteč,,hostinec",50.43261300000006,15.515029000000027,JC,CZ
"Choteč,,hostinec",50.43255800000002,15.515122000000076,JC,CZ
"Chotěvice,,Amerika",50.527507000000064,15.744097000000068,TU,CZ
"Chotěvice,,Amerika",50.526944000000064,15.74371000000002,TU,CZ
"Chotěvice,,bytovky",50.522241000000065,15.780593000000069,TU,CZ
"Chotěvice,,bytovky",50.522441000000065,15.780780000000052,TU,CZ
"Chotěvice,,horní",50.52487000000008,15.790707000000054,TU,CZ
"Chotěvice,,horní",50.52499700000004,15.79073900000003,TU,CZ
"Chotěvice,,hřiště",50.51863400000007,15.757634000000053,TU,CZ
"Chotěvice,,hřiště",50.518579000000045,15.757227000000059,TU,CZ
"Chotěvice,,kostel",50.52140900000006,15.766053000000056,TU,CZ
"Chotěvice,,kostel",50.521638000000046,15.765716000000053,TU,CZ
"Chotěvice,,Malá Amerika",50.51769300000006,15.743224000000055,TU,CZ
"Chotěvice,,Malá Amerika",50.51825900000005,15.74317200000007,TU,CZ
"Chotěvice,,odb.Čermná",50.52272700000004,15.777046000000041,TU,CZ
"Chotěvice,,odb.Čermná",50.52280800000005,15.777152000000056,TU,CZ
Choustníkovo Hradiště,50.42392000000006,15.877005000000054,TU,CZ
Choustníkovo Hradiště,50.42396400000007,15.877323000000045,TU,CZ
"Chudeřice,,MŠ",50.15195900000004,15.551143000000025,HK,CZ
"Chudeřice,,MŠ",50.15190400000006,15.551304000000073,HK,CZ
"Chudeřice,,ObÚ",50.14868200000005,15.55060800000007,HK,CZ
"Chudeřice,,ObÚ",50.148743000000074,15.550699000000066,HK,CZ
"Chvaleč,,dolní",50.597436000000066,16.02611100000007,TU,CZ
"Chvaleč,,dolní",50.59733300000005,16.026223000000073,TU,CZ
"Chvaleč,,horní",50.591675000000066,16.043431000000055,TU,CZ
"Chvaleč,,horní",50.59167900000005,16.043215000000032,TU,CZ
"Chvaleč,,obchod",50.59647100000006,16.038763000000074,TU,CZ
"Chvaleč,,obchod",50.59656900000005,16.03820200000007,TU,CZ
"Chvaleč,Petříkovice,dolní",50.588947000000076,15.985537000000022,TU,CZ
"Chvaleč,Petříkovice,dolní",50.589032000000024,15.985791000000063,TU,CZ
"Chvaleč,Petříkovice,hřiště",50.60084200000006,15.996908000000076,TU,CZ
"Chvaleč,Petříkovice,hřiště",50.60048500000004,15.996827000000053,TU,CZ
"Chvaleč,Petříkovice,sjezdovka",50.59528400000005,15.99009600000005,TU,CZ
"Chvaleč,Petříkovice,sjezdovka",50.59546000000006,15.990258000000042,TU,CZ
"Chvalkovice,,HARTMANN-RICO",50.41992600000002,15.973371000000043,NA,CZ
"Chvalkovice,,hostinec",50.415535000000034,15.980710000000045,NA,CZ
"Chvalkovice,,hostinec",50.41598700000003,15.979641000000074,NA,CZ
"Chvalkovice,,kostel",50.414372000000064,15.973310000000026,NA,CZ
"Chvalkovice,,kostel",50.414555000000064,15.972915000000059,NA,CZ
"Chvalkovice,,prodejna",50.41421100000008,15.980669000000034,NA,CZ
"Chvalkovice,,prodejna",50.41398100000003,15.980144000000053,NA,CZ
"Chvalkovice,Malá Bukovina,odb.",50.41727900000006,15.96066600000006,NA,CZ
"Chvalkovice,Malá Bukovina,odb.",50.41719900000003,15.960229000000027,NA,CZ
"Chvalkovice,Miskolezy",50.408305000000034,15.992949000000069,NA,CZ
"Chvalkovice,Miskolezy",50.40847800000005,15.99291000000005,NA,CZ
"Chvalkovice,Velká Bukovina",50.415951000000064,15.953546000000074,NA,CZ
"Chvalkovice,Velká Bukovina",50.415948000000064,15.953024000000026,NA,CZ
"Chyjice,,hostinec",50.39288600000003,15.287373000000061,JC,CZ
"Chyjice,,hostinec",50.39297600000003,15.287032000000067,JC,CZ
"Chyjice,,rybník",50.39887600000003,15.282133000000044,JC,CZ
"Chyjice,,rybník",50.39883600000006,15.282088000000044,JC,CZ
"Chyjice,,škola",50.38700800000004,15.29632300000003,JC,CZ
"Chyjice,,škola",50.38687200000004,15.296278000000031,JC,CZ
"Jahodov,,křiž.",50.14995100000004,16.333970000000022,RK,CZ
"Jahodov,,křiž.",50.15025300000008,16.33560600000004,RK,CZ
"Jahodov,,v kopci",50.14763800000002,16.318651000000045,RK,CZ
"Jahodov,,v kopci",50.14762300000007,16.318816000000027,RK,CZ
Janov,50.33270400000003,16.25047600000005,RK,CZ
Janov,50.33259800000007,16.25071900000006,RK,CZ
"Janov,Tis",50.338484000000044,16.245607000000064,RK,CZ
"Janov,Tis",50.33860700000008,16.245501000000047,RK,CZ
"Janov,Tis,Gestra CZ",50.345151000000044,16.246087000000045,RK,CZ
"Janov,Tis,Gestra CZ",50.34516100000006,16.24615300000005,RK,CZ
"Janov,Tis,odb.Sněžné",50.34610100000002,16.252963000000022,RK,CZ
"Janov,Tis,odb.Sněžné",50.34625300000004,16.253220000000056,RK,CZ
"Janov,Tis,odb.Sněžné",50.34584500000005,16.25347400000004,RK,CZ
"Janské Lázně,,Hoffmanova bouda",50.63232000000005,15.756706000000065,TU,CZ
"Janské Lázně,,Hoffmanova bouda",50.63243900000003,15.75584200000003,TU,CZ
"Janské Lázně,,kolonáda",50.63074800000004,15.78217600000005,TU,CZ
"Janské Lázně,,kolonáda",50.63064100000002,15.782002000000036,TU,CZ
"Janské Lázně,,Lesní dům",50.63366700000006,15.78498600000006,TU,CZ
"Janské Lázně,,Lesní dům",50.63346600000005,15.783397000000036,TU,CZ
"Janské Lázně,,Zátiší",50.63286800000002,15.770181000000036,TU,CZ
"Jaroměř,,Brdce",50.34950500000008,15.937950000000056,NA,CZ
"Jaroměř,,Brdce",50.349511000000064,15.937772000000052,NA,CZ
"Jaroměř,,gymnázium",50.34979000000004,15.919948000000035,NA,CZ
"Jaroměř,,gymnázium",50.34976100000005,15.919744000000035,NA,CZ
"Jaroměř,,hřbitov",50.36263800000006,15.931746000000032,NA,CZ
"Jaroměř,,Husova",50.355688000000036,15.915339000000074,NA,CZ
"Jaroměř,,Husova",50.35436200000003,15.913806000000024,NA,CZ
"Jaroměř,,Jakubské předm.",50.35909400000002,15.92886500000003,NA,CZ
"Jaroměř,,Jakubské předm.",50.358337000000056,15.927933000000053,NA,CZ
"Jaroměř,,Juta",50.35692400000005,15.913533000000028,NA,CZ
"Jaroměř,,Juta",50.356840000000034,15.913542000000064,NA,CZ
"Jaroměř,,Na Obci",50.35265400000004,15.915713000000038,NA,CZ
"Jaroměř,,Na Obci",50.35296400000004,15.91611800000004,NA,CZ
"Jaroměř,,Na Špici",50.345666000000044,15.908574000000044,NA,CZ
"Jaroměř,,Na Špici",50.34654900000004,15.909934000000078,NA,CZ
"Jaroměř,,Na Vrších",50.36330800000008,15.916050000000041,NA,CZ
"Jaroměř,,Na Vrších",50.36307000000004,15.916222000000063,NA,CZ
"Jaroměř,,Nádražní",50.34522700000008,15.915662000000053,NA,CZ
"Jaroměř,,Nádražní",50.34565200000002,15.916078000000027,NA,CZ
"Jaroměř,,nemocnice",50.356351000000075,15.90662100000003,NA,CZ
"Jaroměř,,nemocnice",50.35616700000001,15.907003000000032,NA,CZ
"Jaroměř,,pod náměstím",50.35678900000004,15.922629000000029,NA,CZ
"Jaroměř,,pod náměstím",50.356934000000074,15.921388000000036,NA,CZ
"Jaroměř,,poliklinika",50.353221000000076,15.919860000000027,NA,CZ
"Jaroměř,,poliklinika",50.353248000000065,15.920178000000021,NA,CZ
"Jaroměř,,Růžová",50.35938400000003,15.924144000000071,NA,CZ
"Jaroměř,,Růžová",50.35941500000007,15.92389600000007,NA,CZ
"Jaroměř,,Sv.Čecha",50.346972000000044,15.915426000000027,NA,CZ
"Jaroměř,,Sv.Čecha",50.34681600000005,15.915890000000047,NA,CZ
"Jaroměř,,Terminál HD",50.342328000000066,15.910248000000026,NA,CZ
"Jaroměř,,Zátiší",50.36808800000005,15.937576000000034,NA,CZ
"Jaroměř,,Zátiší",50.36705300000005,15.936533000000054,NA,CZ
"Jaroměř,Cihelny",50.35256400000002,15.90820400000007,NA,CZ
"Jaroměř,Cihelny",50.35221300000006,15.90876700000007,NA,CZ
"Jaroměř,Jezbiny",50.33720300000003,15.897149000000068,NA,CZ
"Jaroměř,Jezbiny",50.33687400000008,15.896732000000043,NA,CZ
"Jaroměř,Josefov,Dělnický dům",50.340074000000065,15.929463000000057,NA,CZ
"Jaroměř,Josefov,Dělnický dům",50.339975000000024,15.929314000000034,NA,CZ
"Jaroměř,Josefov,Dolík",50.33703700000006,15.922740000000031,NA,CZ
"Jaroměř,Josefov,Dolík",50.336960000000026,15.922814000000074,NA,CZ
"Jaroměř,Josefov,Korunní hradby",50.342839000000026,15.924582000000044,NA,CZ
"Jaroměř,Josefov,Korunní hradby",50.343197000000025,15.924253000000022,NA,CZ
"Jaroměř,Josefov,Korunní hradby",50.343069000000064,15.925073000000054,NA,CZ
"Jaroměř,Josefov,Langiewiczova",50.342086000000045,15.92692900000003,NA,CZ
"Jaroměř,Josefov,Langiewiczova",50.34200600000002,15.926305000000069,NA,CZ
"Jaroměř,Josefov,letiště",50.33548500000006,15.936874000000044,NA,CZ
"Jaroměř,Josefov,letiště",50.33554400000002,15.936742000000038,NA,CZ
"Jaroměř,Josefov,nám.",50.33834900000004,15.930380000000069,NA,CZ
"Jaroměř,Josefov,odb.Dolní Ples",50.33354300000008,15.910968000000025,NA,CZ
"Jaroměř,Josefov,sady",50.33555400000005,15.917274000000079,NA,CZ
"Jaroměř,Josefov,sady",50.33510000000006,15.916243000000067,NA,CZ
"Jaroměř,Josefov,sokolovna",50.33827800000007,15.930884000000049,NA,CZ
"Jaroměř,Josefov,sokolovna",50.33803000000005,15.931273000000031,NA,CZ
"Jaroměř,Josefov,škola",50.33437300000002,15.922231000000068,NA,CZ
"Jaroměř,Semonice",50.33321500000006,15.880936000000077,NA,CZ
"Jaroměř,Semonice",50.33261900000007,15.88034600000003,NA,CZ
"Jaroměř,Starý Ples,has.zbroj.",50.33646800000008,15.965550000000064,NA,CZ
"Jaroměř,Starý Ples,has.zbroj.",50.33657600000004,15.965527000000066,NA,CZ
"Jaroměř,Starý Ples,Kopeček",50.32816800000005,15.973530000000038,NA,CZ
"Jaroměř,Starý Ples,Kopeček",50.32822200000003,15.973599000000034,NA,CZ
"Jaroměř,Starý Ples,odb.",50.33649800000006,15.950270000000046,NA,CZ
"Jaroměř,Starý Ples,odb.",50.33662700000007,15.950189000000021,NA,CZ
"Jaroměř,Starý Ples,rybník",50.33752300000004,15.957771000000037,NA,CZ
"Jaroměř,Starý Ples,rybník",50.33765900000002,15.95769800000005,NA,CZ
"Jaroměř,Starý Ples,točna",50.33686500000004,15.975459000000058,NA,CZ
"Jaroměř,Starý Ples,točna",50.33695400000004,15.975366000000065,NA,CZ
"Jasenná,,Balcarák",50.32475100000004,15.984594000000072,NA,CZ
"Jasenná,,Balcarák",50.32459200000005,15.984737000000052,NA,CZ
"Jasenná,,bytovky",50.31397000000003,15.997564000000068,NA,CZ
"Jasenná,,bytovky",50.31374400000004,15.997513000000026,NA,CZ
"Jasenná,,rozc.",50.320937000000065,15.992846000000043,NA,CZ
"Jasenná,,rozc.",50.32069100000006,15.992299000000058,NA,CZ
"Jasenná,,rozc.",50.32166900000003,15.993592000000033,NA,CZ
"Jasenná,,rozc.",50.32169600000003,15.993494000000053,NA,CZ
"Jasenná,,škola",50.31707400000004,15.992345000000055,NA,CZ
"Jasenná,,škola",50.31688600000007,15.992274000000068,NA,CZ
"Jasenná,,točna",50.308937000000064,16.00194700000003,NA,CZ
"Jasenná,,točna",50.30867400000004,16.001824000000056,NA,CZ
"Jasenná,,u Dubnových",50.331544000000065,15.994456000000069,NA,CZ
"Jasenná,,u Dubnových",50.33160000000003,15.994529000000055,NA,CZ
"Jasenná,,u Slezákových",50.327679000000046,15.997238000000038,NA,CZ
"Jasenná,,u Slezákových",50.32755000000004,15.99710300000004,NA,CZ
"Javornice,,Betlém",50.15624300000007,16.36345700000004,RK,CZ
"Javornice,,Betlém",50.156005000000036,16.36343400000004,RK,CZ
"Javornice,,Blatiny",50.164851000000056,16.33287400000006,RK,CZ
"Javornice,,Blatiny",50.16481500000002,16.333035000000052,RK,CZ
"Javornice,,hájovna",50.14939500000002,16.367631000000074,RK,CZ
"Javornice,,hájovna",50.14936600000004,16.36752800000005,RK,CZ
"Javornice,,Jaroslav",50.18516400000004,16.321961000000044,RK,CZ
"Javornice,,Jaroslav",50.18525500000003,16.32216900000003,RK,CZ
"Javornice,,socha sv.Jana",50.17789200000004,16.34138500000006,RK,CZ
"Javornice,,socha sv.Jana",50.17794800000007,16.341463000000033,RK,CZ
"Javornice,,sokolovna",50.16286000000007,16.360073000000057,RK,CZ
"Javornice,,sokolovna",50.16275200000006,16.36008400000003,RK,CZ
"Javornice,,Staňky",50.164199000000046,16.38047400000005,RK,CZ
"Javornice,,Staňky",50.16408700000006,16.38063100000005,RK,CZ
"Javornice,,škola",50.171310000000055,16.34903900000006,RK,CZ
"Javornice,,škola",50.17133000000007,16.349153000000058,RK,CZ
"Javornice,,škola",50.17070600000004,16.34900300000004,RK,CZ
"Javornice,,škola",50.17064700000003,16.349173000000064,RK,CZ
"Javornice,,u Krupičkových",50.166787000000056,16.35682900000006,RK,CZ
"Javornice,,u Krupičkových",50.16654300000004,16.356974000000037,RK,CZ
"Javornice,Jaroslav,odb.",50.185682000000035,16.324648000000025,RK,CZ
"Javornice,Jaroslav,odb.",50.185761000000056,16.324599000000035,RK,CZ
"Javornice,Přím,odb.",50.16229900000007,16.391909000000055,RK,CZ
"Javornice,Přím,odb.",50.16223700000006,16.392148000000077,RK,CZ
"Jeníkovice,,hřiště",50.22274300000004,16.001322000000073,HK,CZ
"Jeníkovice,,hřiště",50.22281300000003,16.001491000000044,HK,CZ
"Jeníkovice,,kostel",50.230247000000084,16.00298300000003,HK,CZ
"Jeníkovice,,kostel",50.23032900000004,16.003198000000054,HK,CZ
"Jeníkovice,,Polsko",50.23693000000003,16.00547400000005,HK,CZ
"Jeníkovice,,Polsko",50.236951000000026,16.005591000000038,HK,CZ
Jeřice,50.34480700000005,15.680996000000048,JC,CZ
Jeřice,50.344784000000054,15.68077100000005,JC,CZ
"Jeřice,Dolní Černůtky",50.329854000000076,15.69588600000003,JC,CZ
"Jeřice,Dolní Černůtky",50.32981700000005,15.69602800000007,JC,CZ
Jestřebí,50.359939000000054,16.182858000000067,NA,CZ
Jestřebí,50.35993100000007,16.182705000000055,NA,CZ
Jestřebí,50.35969600000004,16.182953000000055,NA,CZ
Jestřebí,50.35984700000005,16.18291400000004,NA,CZ
"Jestřebí,,Liščí bouda",50.35755800000003,16.163876000000073,NA,CZ
"Jestřebí,,Liščí bouda",50.35751300000003,16.16372300000006,NA,CZ
"Jestřebí,,Peklo",50.37895600000008,16.186446000000046,NA,CZ
"Jetřichov,,Barum",50.614951000000076,16.26602500000007,NA,CZ
"Jetřichov,,Barum",50.61511900000005,16.265837000000033,NA,CZ
"Jetřichov,,Barum",50.615278000000046,16.266699000000074,NA,CZ
"Jetřichov,,Barum",50.61555200000004,16.26682100000005,NA,CZ
"Jetřichov,,horní",50.602096000000074,16.25595400000003,NA,CZ
"Jetřichov,,Lučná",50.622195000000026,16.26689200000004,NA,CZ
"Jetřichov,,Lučná",50.62223100000005,16.266751000000056,NA,CZ
"Jetřichov,,rozc.",50.59388400000005,16.264447000000075,NA,CZ
"Jetřichov,,rozc.",50.59400400000004,16.264657000000057,NA,CZ
"Jetřichov,,u staré hasičárny",50.610825000000034,16.26118500000007,NA,CZ
"Jetřichov,,u staré hasičárny",50.61074000000008,16.26124200000004,NA,CZ
"Jičín,,aut.st.",50.433945000000044,15.355918000000031,JC,CZ
"Jičín,,aut.st.",50.43403600000004,15.355679000000066,JC,CZ
"Jičín,,aut.st.",50.43413200000003,15.35541900000004,JC,CZ
"Jičín,,Continental",50.43352300000003,15.383499000000029,JC,CZ
"Jičín,,Continental",50.43342500000006,15.383065000000046,JC,CZ
"Jičín,,Dental",50.444203000000066,15.346813000000052,JC,CZ
"Jičín,,Dental",50.444191000000046,15.346679000000051,JC,CZ
"Jičín,,Hradecká",50.43415600000004,15.370421000000022,JC,CZ
"Jičín,,Hradecká",50.43402100000003,15.370698000000061,JC,CZ
"Jičín,,Husova",50.43507900000002,15.362010000000055,JC,CZ
"Jičín,,Husova",50.43471500000005,15.362829000000033,JC,CZ
"Jičín,,Komenského nám.",50.43867400000005,15.35148300000003,JC,CZ
"Jičín,,Komenského nám.",50.43912600000004,15.350604000000034,JC,CZ
"Jičín,,Koněvova",50.44139800000005,15.344245000000058,JC,CZ
"Jičín,,Koněvova",50.44152300000007,15.344158000000052,JC,CZ
"Jičín,,lípy",50.43967600000008,15.359651000000044,JC,CZ
"Jičín,,lípy",50.43958300000001,15.359222000000045,JC,CZ
"Jičín,,Na Tobolce",50.44031100000007,15.346314000000065,JC,CZ
"Jičín,,Na Tobolce",50.44029200000004,15.34618400000005,JC,CZ
"Jičín,,Popovická",50.42418600000006,15.361173000000067,JC,CZ
"Jičín,,Popovická",50.42504500000006,15.360259000000044,JC,CZ
"Jičín,,Vrchlického",50.435587000000055,15.361176000000055,JC,CZ
"Jičín,,Vrchlického",50.43571300000008,15.361439000000075,JC,CZ
"Jičín,,žel.st.",50.43047900000005,15.360728000000053,JC,CZ
"Jičín,,žel.st.",50.43076200000006,15.360435000000052,JC,CZ
"Jičín,Nové Město,letiště",50.43400600000006,15.332085000000063,JC,CZ
"Jičín,Nové Město,letiště",50.43405900000005,15.332093000000041,JC,CZ
"Jičín,Nové Město,Lidické nám.",50.43096200000007,15.34801600000003,JC,CZ
"Jičín,Nové Město,Lidické nám.",50.431021000000044,15.34818400000006,JC,CZ
"Jičín,Nové Město,Raisova",50.43389100000007,15.346799000000033,JC,CZ
"Jičín,Nové Město,Raisova",50.43397600000003,15.346831000000067,JC,CZ
"Jičín,Popovice,cihelna",50.41786300000006,15.371938000000055,JC,CZ
"Jičín,Popovice,odb.Tuř",50.41270700000007,15.376481000000068,JC,CZ
"Jičín,Popovice,odb.Tuř",50.41260400000005,15.376483000000063,JC,CZ
"Jičín,Popovice,Popovičky",50.405170000000055,15.396454000000062,JC,CZ
"Jičín,Popovice,Popovičky",50.405099000000064,15.396521000000062,JC,CZ
"Jičín,Popovice,škola",50.41490300000003,15.37289100000004,JC,CZ
"Jičín,Popovice,škola",50.41444700000004,15.37290100000007,JC,CZ
"Jičín,Robousy,hlavní silnice",50.43127100000004,15.396555000000035,JC,CZ
"Jičín,Robousy,hlavní silnice",50.43099400000006,15.396461000000045,JC,CZ
"Jičín,Robousy,hostinec",50.43377800000007,15.390376000000062,JC,CZ
"Jičín,Robousy,hostinec",50.43370900000008,15.39015100000006,JC,CZ
"Jičín,Robousy,socha sv.Vojtěcha",50.41777300000006,15.405548000000067,JC,CZ
"Jičín,Robousy,socha sv.Vojtěcha",50.41753100000003,15.405554000000052,JC,CZ
"Jičín,Robousy,U Dvorecké louže",50.432623000000035,15.398149000000046,JC,CZ
"Jičín,Robousy,U Dvorecké louže",50.43259200000006,15.397999000000025,JC,CZ
"Jičín,Robousy,ulice",50.425775000000044,15.400228000000027,JC,CZ
"Jičín,Robousy,ulice",50.42573600000003,15.400156000000036,JC,CZ
"Jičín,Sedličky",50.45021100000007,15.378841000000023,JC,CZ
"Jičín,Sedličky",50.450081000000075,15.378269000000046,JC,CZ
"Jičín,Soudná",50.44409600000006,15.368101000000024,JC,CZ
"Jičín,Soudná",50.44406900000008,15.367900000000079,JC,CZ
"Jičíněves,,hostinec",50.37291100000004,15.337311000000057,JC,CZ
"Jičíněves,,hostinec",50.37274800000005,15.337141000000031,JC,CZ
"Jičíněves,,škola",50.37495300000006,15.336443000000031,JC,CZ
"Jičíněves,,škola",50.375008000000044,15.336469000000022,JC,CZ
"Jičíněves,Bartoušov,zelenina",50.35652500000003,15.310766000000056,JC,CZ
"Jičíněves,Bartoušov,zelenina",50.35652900000007,15.30988300000007,JC,CZ
"Jičíněves,Dolany",50.37705200000005,15.316332000000045,JC,CZ
"Jičíněves,Dolany",50.377101000000046,15.31617300000005,JC,CZ
"Jičíněves,Labouň",50.34568900000005,15.329826000000025,JC,CZ
"Jičíněves,Labouň",50.345764000000024,15.329657000000052,JC,CZ
"Jičíněves,Žitětín",50.353972000000056,15.331041000000026,JC,CZ
"Jičíněves,Žitětín",50.35400300000003,15.330918000000056,JC,CZ
"Jičíněves,Žitětín,odb. žel. zast.",50.36227800000006,15.323511000000055,JC,CZ
"Jičíněves,Žitětín,odb. žel. zast.",50.36236400000007,15.323163000000024,JC,CZ
Jílovice,50.24966300000005,16.013276000000076,HK,CZ
Jílovice,50.24942800000008,16.013664000000063,HK,CZ
"Jílovice,,odb.Vysoký Újezd",50.24204200000002,16.011757000000046,HK,CZ
"Jílovice,,odb.Vysoký Újezd",50.24206600000007,16.011803000000043,HK,CZ
Jinolice,50.478173000000034,15.328710000000058,JC,CZ
Jinolice,50.47823100000005,15.328553000000054,JC,CZ
"Jinolice,,Malá Jinolice",50.47572800000006,15.322099000000037,JC,CZ
"Jinolice,,Malá Jinolice",50.47582100000005,15.321989000000032,JC,CZ
"Jinolice,,žel.přejezd",50.47840500000007,15.335027000000023,JC,CZ
"Jinolice,,žel.přejezd",50.47750300000007,15.335954000000074,JC,CZ
"Jívka,,odb.SKJ",50.555787000000066,16.086854000000073,TU,CZ
"Jívka,,odb.SKJ",50.55571900000006,16.086771000000056,TU,CZ
"Jívka,,odb.Tmavý Důl",50.52725600000007,16.098228000000063,TU,CZ
"Jívka,,odb.Tmavý Důl",50.527165000000075,16.098187000000053,TU,CZ
"Jívka,,SKJ",50.549658000000065,16.092493000000047,TU,CZ
"Jívka,Dolní Vernéřovice",50.548789000000056,16.10747800000007,TU,CZ
"Jívka,Dolní Vernéřovice",50.548825000000086,16.107563000000027,TU,CZ
"Jívka,Hodkovice",50.601662000000026,16.077191000000028,TU,CZ
"Jívka,Hodkovice",50.601831000000054,16.077165000000036,TU,CZ
"Jívka,Horní Vernéřovice,aut.st.",50.55848200000002,16.10514100000006,TU,CZ
"Jívka,Horní Vernéřovice,horní",50.56689600000003,16.10371900000007,TU,CZ
"Jívka,Horní Vernéřovice,horní",50.56698300000005,16.103761000000077,TU,CZ
"Jívka,Janovice,hostinec",50.58834900000004,16.08717900000005,TU,CZ
"Jívka,Janovice,hostinec",50.58826500000004,16.087567000000035,TU,CZ
"Jívka,Janovice,pila",50.57676100000003,16.095702000000074,TU,CZ
"Jívka,Jívka II,has.zbroj.",50.536519000000055,16.107927000000075,TU,CZ
"Jívka,Jívka II,penzion",50.534984000000065,16.10883800000005,TU,CZ
"Jívka,Jívka II,penzion",50.53502500000007,16.108711000000028,TU,CZ
"Jívka,Jívka II,továrna",50.53156100000007,16.109074000000078,TU,CZ
"Jívka,Jívka II,továrna",50.531604000000065,16.108961000000022,TU,CZ
Kacákova Lhota,50.409524000000026,15.417776000000059,JC,CZ
Kacákova Lhota,50.40959000000004,15.417652000000032,JC,CZ
"Kacákova Lhota,,Náchodsko",50.40885000000003,15.411194000000021,JC,CZ
"Kacákova Lhota,,Náchodsko",50.40884300000004,15.411082000000022,JC,CZ
"Kacákova Lhota,,odb.Náchodsko",50.40463400000003,15.399361000000056,JC,CZ
"Kacákova Lhota,,odb.Náchodsko",50.404648000000066,15.399193000000023,JC,CZ
"Káranice,,hlavní silnice",50.160824000000034,15.549368000000074,HK,CZ
"Káranice,,hlavní silnice",50.16093000000006,15.550211000000049,HK,CZ
"Káranice,,hlavní silnice",50.16195700000003,15.551274000000033,HK,CZ
"Káranice,,hlavní silnice",50.16219800000004,15.551397000000065,HK,CZ
"Káranice,,Mramorit",50.15262000000007,15.55554200000006,HK,CZ
"Káranice,,Mramorit",50.15243500000002,15.555177000000072,HK,CZ
"Káranice,,žel.st.",50.154855000000055,15.561423000000046,HK,CZ
Kbelnice,50.45577000000003,15.346444000000076,JC,CZ
Kbelnice,50.45495600000003,15.346799000000033,JC,CZ
Klamoš,50.12406600000002,15.50310900000005,HK,CZ
Klamoš,50.12383000000005,15.503668000000063,HK,CZ
"Klamoš,,hájovna",50.12019400000002,15.51437500000003,HK,CZ
"Klamoš,,hájovna",50.12019100000003,15.514304000000038,HK,CZ
"Klamoš,Rtánov",50.13278500000007,15.493798000000027,HK,CZ
"Klamoš,Rtánov",50.13272600000004,15.493713000000069,HK,CZ
"Klamoš,Štít",50.11693100000008,15.476320000000046,HK,CZ
"Klamoš,Štít,Chárovna",50.120600000000074,15.466566000000059,HK,CZ
"Klamoš,Štít,Chárovna",50.12068600000003,15.46660600000007,HK,CZ
"Klášterská Lhota,,pod smrkem",50.56288400000005,15.660674000000027,TU,CZ
"Klášterská Lhota,,pod smrkem",50.56274100000007,15.66063900000006,TU,CZ
"Klášterská Lhota,,u mostu",50.558303000000066,15.668588000000058,TU,CZ
"Klášterská Lhota,,u mostu",50.55824900000004,15.668367000000046,TU,CZ
Kněžnice,50.49209600000006,15.323958000000063,JC,CZ
Kněžnice,50.492589000000066,15.323822000000062,JC,CZ
"Kněžnice,,obec",50.49529900000004,15.321386000000075,JC,CZ
"Kněžnice,,obec",50.49520400000006,15.32153500000004,JC,CZ
Kobylice,50.24446500000005,15.589586000000056,HK,CZ
Kobylice,50.24435500000003,15.58991100000003,HK,CZ
"Kocbeře,,odb.Kohoutov",50.46822800000005,15.868066000000054,TU,CZ
"Kocbeře,,odb.Kohoutov",50.46826300000003,15.868132000000058,TU,CZ
"Kocbeře,,odb.Vítězná",50.45053100000007,15.842121000000077,TU,CZ
"Kocbeře,,odb.Vítězná",50.45050500000007,15.84224800000004,TU,CZ
"Kocbeře,,odb.Vítězná",50.44997600000004,15.84240100000005,TU,CZ
"Kocbeře,,odb.Vítězná",50.45004800000004,15.842304000000068,TU,CZ
"Kocbeře,,škola",50.45417800000007,15.858467000000076,TU,CZ
"Kocbeře,,škola",50.45480800000008,15.858730000000039,TU,CZ
"Kocbeře,,závod",50.459967000000056,15.860758000000033,TU,CZ
"Kocbeře,,závod",50.461898000000076,15.862032000000056,TU,CZ
"Kohoutov,,Kladruby",50.44183100000003,15.919129000000057,TU,CZ
"Kohoutov,,křiž.",50.44745900000003,15.913172000000031,TU,CZ
"Kohoutov,,křiž.",50.44734300000004,15.913144000000045,TU,CZ
"Kohoutov,,Nový Kohoutov",50.460593000000074,15.892349000000024,TU,CZ
"Kohoutov,,Nový Kohoutov",50.46057400000006,15.892215000000022,TU,CZ
"Kohoutov,,ObÚ",50.450342000000035,15.908516000000075,TU,CZ
"Kohoutov,,ObÚ",50.45026700000005,15.908319000000063,TU,CZ
"Kohoutov,,pekárna",50.45446800000008,15.900186000000076,TU,CZ
"Kohoutov,,pekárna",50.45440900000005,15.900115000000028,TU,CZ
"Konecchlumí,,MŠ",50.400937000000056,15.48173500000007,JC,CZ
"Konecchlumí,,MŠ",50.40092700000008,15.481335000000056,JC,CZ
"Konecchlumí,,odb.Kovač",50.40108500000007,15.48015300000003,JC,CZ
"Konecchlumí,,odb.Kovač",50.40107200000005,15.48027700000006,JC,CZ
"Konecchlumí,,střed",50.40358600000007,15.483051000000044,JC,CZ
"Konecchlumí,,střed",50.40347400000007,15.482664000000057,JC,CZ
"Konecchlumí,Kamenice,odb.",50.41130200000003,15.468771000000062,JC,CZ
"Konecchlumí,Kamenice,odb.",50.41033800000008,15.469638000000034,JC,CZ
"Kopidlno,,nám.",50.33045100000003,15.27046800000005,JC,CZ
"Kopidlno,,nám.",50.330818000000086,15.270721000000037,JC,CZ
"Kopidlno,,žel.přejezd",50.33648900000003,15.27331000000004,JC,CZ
"Kopidlno,,žel.přejezd",50.336453000000056,15.272819000000029,JC,CZ
"Kopidlno,,žel.st.",50.333932000000054,15.260938000000065,JC,CZ
"Kopidlno,Ledkov",50.342839000000026,15.239449000000034,JC,CZ
"Kopidlno,Pševes",50.34953500000006,15.291474000000052,JC,CZ
"Kopidlno,Pševes",50.34967900000003,15.29134300000004,JC,CZ
Kosice,50.18013400000005,15.537406000000033,HK,CZ
Kosice,50.18006400000006,15.536780000000022,HK,CZ
Kosičky,50.179626000000034,15.554891000000055,HK,CZ
Kosičky,50.17970900000005,15.55493800000005,HK,CZ
"Kosičky,,Třesice",50.17166400000008,15.546697000000053,HK,CZ
"Kosičky,,Třesice",50.17200500000007,15.54682100000002,HK,CZ
"Kostelec n.Orl.,,cihelna",50.12966000000006,16.220352000000048,RK,CZ
"Kostelec n.Orl.,,cihelna",50.12975400000004,16.220356000000038,RK,CZ
"Kostelec n.Orl.,,Ferodo",50.120724000000045,16.207115000000044,RK,CZ
"Kostelec n.Orl.,,Ferodo",50.12064100000003,16.20722900000004,RK,CZ
"Kostelec n.Orl.,,firma Rojek",50.116655000000044,16.209348000000034,RK,CZ
"Kostelec n.Orl.,,na obci",50.12600400000007,16.21736500000003,RK,CZ
"Kostelec n.Orl.,,na obci",50.12596200000007,16.21723600000007,RK,CZ
"Kostelec n.Orl.,,Na Skále",50.11730200000005,16.198690000000056,RK,CZ
"Kostelec n.Orl.,,Na Skále",50.11703500000003,16.198907000000077,RK,CZ
"Kostelec n.Orl.,,Na Skále škola",50.118791000000044,16.19781500000005,RK,CZ
"Kostelec n.Orl.,,Na Skále škola",50.11872100000004,16.198014000000057,RK,CZ
"Kostelec n.Orl.,,nám.",50.12258200000007,16.212660000000028,RK,CZ
"Kostelec n.Orl.,,nám.",50.12263300000006,16.212323000000026,RK,CZ
"Kostelec n.Orl.,,nám.",50.12268100000006,16.211928000000057,RK,CZ
"Kostelec n.Orl.,,nám.",50.12272300000006,16.21163400000006,RK,CZ
"Kostelec n.Orl.,,Povidlov",50.120251000000046,16.22361600000005,RK,CZ
"Kostelec n.Orl.,,Povidlov",50.12028400000001,16.224149000000068,RK,CZ
"Kostelec n.Orl.,,zemědělská škola",50.12446100000005,16.204463000000032,RK,CZ
"Kostelec n.Orl.,,zemědělská škola",50.124313000000036,16.204656000000057,RK,CZ
"Kostelec n.Orl.,,žel.zast.",50.11953600000004,16.204985000000022,RK,CZ
"Kostelec n.Orl.,,žel.zast.",50.11958600000002,16.20539800000006,RK,CZ
"Kostelec n.Orl.,Koryta",50.10678300000005,16.207101000000023,RK,CZ
"Kostelec n.Orl.,Koryta",50.09931800000004,16.20966500000003,RK,CZ
"Kostelec n.Orl.,Kost.Lhota,prodejna",50.10305900000003,16.210864000000072,RK,CZ
"Kostelec n.Orl.,Kost.Lhota,prodejna",50.103339000000055,16.210889000000066,RK,CZ
"Kostelec n.Orl.,Kost.Lhota,Slavětín",50.10917700000004,16.20641500000005,RK,CZ
"Kostelec n.Orl.,Kost.Lhota,Slavětín",50.10926900000003,16.206439000000046,RK,CZ
"Kostelec n.Orl.,Kost.Lhota,zahradnictví",50.09507700000007,16.218354000000033,RK,CZ
"Kostelec n.Orl.,Kost.Lhota,zahradnictví",50.09511000000003,16.21846000000005,RK,CZ
"Kostelec n.Orl.,Kozodry",50.09043500000007,16.20549900000003,RK,CZ
"Kostelec,,odb.",50.37682500000004,15.330883000000028,JC,CZ
"Kostelec,,odb.",50.37688900000006,15.330859000000032,JC,CZ
Kostelecké Horky,50.05167800000004,16.206401000000028,RK,CZ
Kostelecké Horky,50.05158400000005,16.206582000000026,RK,CZ
"Kounov,,hostinec",50.29797800000004,16.258422000000053,RK,CZ
"Kounov,,hostinec",50.298692000000074,16.258013000000062,RK,CZ
"Kounov,Hluky",50.295530000000035,16.282592000000022,RK,CZ
"Kounov,Hluky",50.295758000000035,16.283515000000023,RK,CZ
"Kounov,Nedvězí,Končiny",50.31734300000005,16.299873000000048,RK,CZ
"Kounov,Nedvězí,Končiny",50.317290000000064,16.299793000000022,RK,CZ
"Kounov,Nedvězí,odb.",50.315631000000046,16.284889000000078,RK,CZ
"Kounov,Nedvězí,odb.",50.315543000000034,16.284928000000036,RK,CZ
"Kounov,Rozkoš",50.29262000000004,16.26558300000005,RK,CZ
"Kounov,Rozkoš",50.29270300000006,16.26502400000004,RK,CZ
"Kounov,Rozkoš,Olšiny",50.29365500000006,16.27208500000006,RK,CZ
"Kounov,Rozkoš,Olšiny",50.29381300000006,16.273888000000056,RK,CZ
"Kounov,Šediviny,odb.Prázova Bouda",50.300686000000034,16.297474000000022,RK,CZ
"Kounov,Šediviny,odb.Prázova Bouda",50.30053900000008,16.296013000000073,RK,CZ
"Kounov,Šediviny,Panská cesta",50.30801800000006,16.300387000000057,RK,CZ
"Kounov,Šediviny,Panská cesta",50.30692300000003,16.300113000000067,RK,CZ
"Kounov,Šediviny,u Bláhovců",50.311526000000065,16.302100000000053,RK,CZ
"Kounov,Šediviny,u Bláhovců",50.31139100000007,16.301618000000076,RK,CZ
"Kovač,,zvonice",50.39538700000003,15.471435000000042,JC,CZ
"Kovač,,zvonice",50.39531500000003,15.471406000000059,JC,CZ
"Kovač,,žel.zast.",50.39221300000003,15.469145000000028,JC,CZ
"Kovač,,žel.zast.",50.39221500000007,15.469028000000039,JC,CZ
"Kozojedy,,cihelna",50.32143300000006,15.358165000000042,JC,CZ
"Kozojedy,,cihelna",50.32154000000002,15.358016000000076,JC,CZ
"Kozojedy,,ObÚ",50.316703000000075,15.374225000000024,JC,CZ
"Kozojedy,,ObÚ",50.316841000000075,15.374087000000033,JC,CZ
"Kozojedy,,odb.Volanice",50.316357000000046,15.379284000000041,JC,CZ
"Kozojedy,,odb.Volanice",50.31636100000002,15.379135000000076,JC,CZ
"Králíky,,náves",50.25948900000003,15.535738000000038,HK,CZ
"Králíky,,náves",50.25956000000007,15.535949000000073,HK,CZ
"Králíky,Chmelovice",50.273822000000045,15.55994100000004,HK,CZ
"Králíky,Chmelovice",50.27387100000005,15.560052000000042,HK,CZ
"Králíky,Podoliby,náves",50.27825100000007,15.55511100000007,HK,CZ
"Králíky,Podoliby,náves",50.27820300000008,15.555253000000052,HK,CZ
"Králíky,Podoliby,Šutrák",50.27824100000003,15.556530000000066,HK,CZ
"Králíky,Podoliby,Šutrák",50.27812800000003,15.556879000000038,HK,CZ
"Králíky,Řehoty",50.25787200000008,15.548183000000051,HK,CZ
"Králíky,Řehoty",50.25779700000003,15.54806700000006,HK,CZ
"Králova Lhota,,prodejna",50.294681000000026,16.000125000000025,RK,CZ
"Králova Lhota,,prodejna",50.29461000000004,16.000743000000057,RK,CZ
"Králova Lhota,,u Javůrků",50.294224000000035,15.989252000000024,RK,CZ
"Králova Lhota,,u Javůrků",50.29422900000002,15.988901000000054,RK,CZ
"Královec,,Černý most",50.66488100000003,15.967000000000041,TU,CZ
"Královec,,Černý most",50.66503700000003,15.96719600000006,TU,CZ
"Královec,,ObÚ",50.67785600000008,15.974576000000072,TU,CZ
"Královec,,žel.přejezd",50.67100000000004,15.967199000000049,TU,CZ
"Královec,,žel.přejezd",50.67102000000005,15.968804000000034,TU,CZ
"Kramolna,,MŠ",50.422833000000026,16.13625600000006,NA,CZ
"Kramolna,,MŠ",50.42262700000004,16.13622300000003,NA,CZ
"Kramolna,,odb.Lhotky",50.42004000000003,16.124928000000068,NA,CZ
"Kramolna,,odb.Lhotky",50.42009800000006,16.124848000000043,NA,CZ
"Kramolna,,rozc.",50.41838800000004,16.143773000000067,NA,CZ
"Kramolna,,rozc.",50.41822300000007,16.143790000000024,NA,CZ
"Kramolna,,Sýkorova kaple",50.41910100000006,16.13360300000005,NA,CZ
"Kramolna,,Sýkorova kaple",50.41916400000007,16.133668000000057,NA,CZ
"Kramolna,Lhotky",50.424491000000046,16.113780000000077,NA,CZ
"Kramolna,Lhotky",50.42457600000005,16.11379000000005,NA,CZ
"Kramolna,Trubějov",50.43479100000006,16.11463800000007,NA,CZ
"Kramolna,Trubějov",50.43489100000006,16.11428600000005,NA,CZ
"Kramolna,Trubějov,Pruty",50.42931700000003,16.129485000000045,NA,CZ
"Kramolna,Trubějov,Pruty",50.42919700000003,16.129481000000055,NA,CZ
"Kratonohy,,dětské hřiště",50.16933900000003,15.607194000000048,HK,CZ
"Kratonohy,,hlavní silnice",50.16658400000005,15.603776000000039,HK,CZ
"Kratonohy,,hlavní silnice",50.166630000000055,15.605539000000022,HK,CZ
"Kratonohy,,ObÚ",50.16820300000006,15.605863000000056,HK,CZ
"Kratonohy,,ObÚ",50.168218000000074,15.605965000000026,HK,CZ
Krchleby,50.07930900000007,16.233918000000074,RK,CZ
Krchleby,50.079229000000055,16.233746000000053,RK,CZ
Krchleby,50.07888100000007,16.235231000000056,RK,CZ
Krchleby,50.07899400000008,16.235047000000066,RK,CZ
"Křinice,,dolní",50.56943300000005,16.324418000000037,NA,CZ
"Křinice,,dolní",50.56954700000006,16.324221000000023,NA,CZ
"Křinice,,horní",50.57642000000004,16.28831400000007,NA,CZ
"Křinice,,horní",50.57648600000004,16.288188000000048,NA,CZ
"Křinice,,kompostárna",50.574292000000064,16.295671000000027,NA,CZ
"Křinice,,kompostárna",50.57441000000005,16.295629000000076,NA,CZ
"Křinice,,konečná",50.57546900000004,16.277639000000022,NA,CZ
"Křinice,,kovárna",50.56976100000003,16.316543000000024,NA,CZ
"Křinice,,kovárna",50.569827000000025,16.316346000000067,NA,CZ
"Křinice,,Krymz",50.57003500000008,16.33278000000007,NA,CZ
"Křinice,,Krymz",50.57007500000002,16.33267900000004,NA,CZ
"Křinice,,škola",50.57149700000008,16.306193000000064,NA,CZ
"Křinice,,škola",50.57162900000003,16.30590200000006,NA,CZ
"Kuks,,odb.",50.40396600000001,15.889519000000064,TU,CZ
"Kuks,,odb.",50.40443800000003,15.889248000000064,TU,CZ
"Kuks,,parkoviště",50.40318300000006,15.887645000000077,TU,CZ
"Kunčice n.L.,,pošta",50.58207900000008,15.619284000000048,TU,CZ
"Kunčice n.L.,,pošta",50.581859000000065,15.619764000000032,TU,CZ
"Kunčice n.L.,,u Mejsnarů",50.57327100000002,15.639131000000079,TU,CZ
"Kunčice n.L.,,u Mejsnarů",50.573226000000034,15.639039000000027,TU,CZ
"Kunčice n.L.,,vápenka",50.569519000000064,15.643733000000054,TU,CZ
"Kunčice n.L.,,vápenka",50.56930800000002,15.643904000000077,TU,CZ
"Kunčice n.L.,,závod",50.578693000000044,15.62906300000003,TU,CZ
"Kunčice n.L.,,závod",50.57860900000002,15.629071000000067,TU,CZ
"Kunčice n.L.,,žel.přejezd",50.58928700000006,15.614911000000063,TU,CZ
"Kunčice n.L.,,žel.přejezd",50.58884600000004,15.614791000000025,TU,CZ
"Kunčice,,ObÚ",50.21665900000004,15.635339000000043,HK,CZ
"Kunčice,,ObÚ",50.21655700000008,15.635171000000073,HK,CZ
"Kunčice,,socha sv.Václava",50.22313500000007,15.634420000000036,HK,CZ
"Kunčice,,socha sv.Václava",50.22307700000004,15.634326000000046,HK,CZ
"Kvasiny,,has.zbroj.",50.21249600000004,16.26377700000006,RK,CZ
"Kvasiny,,has.zbroj.",50.212853000000045,16.264189000000044,RK,CZ
"Kvasiny,,konzum",50.20883400000009,16.253953000000024,RK,CZ
"Kvasiny,,konzum",50.20898100000005,16.25345200000004,RK,CZ
"Kvasiny,,Škoda Auto",50.20058100000005,16.257634000000053,RK,CZ
"Kvasiny,,Škoda Auto",50.200503000000026,16.257458000000042,RK,CZ
"Kvasiny,,Škoda Auto",50.20042200000006,16.25729300000006,RK,CZ
"Kvasiny,,Škoda Auto",50.20050200000002,16.25771100000003,RK,CZ
"Kvasiny,,Škoda Auto",50.20042600000005,16.257538000000068,RK,CZ
"Kvasiny,,Škoda Auto",50.200346000000074,16.25736900000004,RK,CZ
"Kvasiny,,Škoda Auto",50.20026600000005,16.257197000000076,RK,CZ
"Kvasiny,,Škoda Auto",50.20043400000003,16.257787000000064,RK,CZ
"Kvasiny,,Škoda Auto",50.20035100000006,16.25762100000003,RK,CZ
"Kvasiny,,Škoda Auto",50.20019400000005,16.257281000000035,RK,CZ
"Kvasiny,,Škoda Auto",50.20011500000005,16.257108000000073,RK,CZ
"Kvasiny,,U Soudku",50.21784900000006,16.277753000000075,RK,CZ
"Kvasiny,,U Soudku",50.21772900000008,16.276951000000054,RK,CZ
"Kvasiny,,ÚSP",50.21603600000003,16.27123400000005,RK,CZ
"Kvasiny,,ÚSP",50.21590400000008,16.269979000000035,RK,CZ
"Kvasiny,,zámek",50.20628000000005,16.25065600000005,RK,CZ
"Kvasiny,,zámek",50.20619000000004,16.25079800000003,RK,CZ
"Kyje,,dolní",50.49519500000007,15.37305800000007,JC,CZ
"Kyje,,dolní",50.49522200000006,15.372932000000048,JC,CZ
"Kyje,,ObÚ",50.49377800000007,15.378170000000067,JC,CZ
"Kyje,,ObÚ",50.49386000000003,15.37824000000006,JC,CZ
"Lampertice,,dolní",50.65403200000003,15.953078000000062,TU,CZ
"Lampertice,,dolní",50.65382600000003,15.953418000000054,TU,CZ
"Lampertice,,Domov důchodců",50.66041000000007,15.954732000000034,TU,CZ
"Lampertice,,Domov důchodců",50.660421000000035,15.955005000000028,TU,CZ
"Lampertice,,kolonie",50.66978300000005,15.935624000000077,TU,CZ
"Lampertice,,kolonie",50.66999400000002,15.935392000000038,TU,CZ
"Lampertice,,Královecká",50.67223800000004,15.938906000000033,TU,CZ
"Lampertice,,Královecká",50.67235100000004,15.93856900000003,TU,CZ
"Lampertice,,u Krakonoše",50.66530900000004,15.948920000000042,TU,CZ
"Lampertice,,u Krakonoše",50.66535500000003,15.94906000000003,TU,CZ
"Lampertice,,žel.zast.",50.67326100000008,15.927991000000075,TU,CZ
"Lampertice,,žel.zast.",50.67324300000006,15.929066000000036,TU,CZ
"Lánov,,aut.st.",50.62059400000004,15.65587800000003,TU,CZ
"Lánov,,aut.st.",50.620608000000054,15.655984000000048,TU,CZ
"Lánov,,továrna",50.62581300000006,15.657376000000056,TU,CZ
"Lánov,,továrna",50.62612400000006,15.657602000000052,TU,CZ
"Lánov,,u statku",50.610597000000034,15.658546000000058,TU,CZ
"Lánov,,u statku",50.61056800000006,15.658426000000077,TU,CZ
"Lánov,Horní Lánov,hostinec",50.63210800000007,15.659940000000065,TU,CZ
"Lánov,Horní Lánov,hostinec",50.63217000000003,15.660109000000036,TU,CZ
"Lánov,Horní Lánov,most",50.63841700000006,15.658078000000046,TU,CZ
"Lánov,Horní Lánov,most",50.63895600000006,15.658245000000022,TU,CZ
"Lanžov,,has.zbroj.",50.38576700000004,15.760004000000038,TU,CZ
"Lanžov,,has.zbroj.",50.38575900000005,15.760128000000066,TU,CZ
"Lanžov,,koupaliště",50.38777300000004,15.75853200000006,TU,CZ
"Lanžov,,koupaliště",50.387710000000034,15.758858000000032,TU,CZ
"Lanžov,,Nebesa",50.38929900000005,15.764696000000072,TU,CZ
"Lanžov,,Nebesa",50.38924300000007,15.76480900000007,TU,CZ
"Lanžov,,odb.Červený Dvůr",50.389775000000036,15.755496000000049,TU,CZ
"Lanžov,,odb.Červený Dvůr",50.38952700000004,15.755604000000062,TU,CZ
"Lanžov,Lhotka",50.37679800000007,15.73853900000006,TU,CZ
"Lanžov,Miřejov",50.38116100000006,15.75754100000006,TU,CZ
"Lanžov,Miřejov",50.38123100000007,15.757663000000036,TU,CZ
"Lanžov,Sedlec",50.37054100000005,15.759891000000039,TU,CZ
"Lanžov,Sedlec",50.370599000000034,15.760014000000071,TU,CZ
"Lázně Bělohrad,,lázně",50.42906100000004,15.588023000000078,JC,CZ
"Lázně Bělohrad,,lázně",50.42897800000003,15.588009000000056,JC,CZ
"Lázně Bělohrad,,nám.",50.42904300000003,15.582576000000076,JC,CZ
"Lázně Bělohrad,,nám.",50.42917000000004,15.582586000000047,JC,CZ
"Lázně Bělohrad,,nám.",50.42929300000003,15.582557000000063,JC,CZ
"Lázně Bělohrad,,odb.žel.st.",50.42887000000007,15.576743000000024,JC,CZ
"Lázně Bělohrad,,odb.žel.st.",50.42902700000007,15.576461000000053,JC,CZ
"Lázně Bělohrad,Brtev,Brdík",50.42898100000008,15.612307000000044,JC,CZ
"Lázně Bělohrad,Brtev,Brdík",50.42898600000006,15.61208400000004,JC,CZ
"Lázně Bělohrad,Dolní N.Ves,has.zbroj.",50.42277900000004,15.585984000000051,JC,CZ
"Lázně Bělohrad,Dolní N.Ves,has.zbroj.",50.423096000000044,15.586082000000033,JC,CZ
"Lázně Bělohrad,Dolní N.Ves,továrna",50.41522100000003,15.584113000000059,JC,CZ
"Lázně Bělohrad,Dolní N.Ves,továrna",50.41532400000005,15.58432300000004,JC,CZ
"Lázně Bělohrad,Horní N.Ves,Jiskra",50.44228700000008,15.581700000000069,JC,CZ
"Lázně Bělohrad,Horní N.Ves,Jiskra",50.44256500000006,15.581856000000071,JC,CZ
"Lázně Bělohrad,Horní N.Ves,továrna",50.44936700000005,15.577422000000071,JC,CZ
"Lázně Bělohrad,Horní N.Ves,továrna",50.44919200000003,15.577486000000022,JC,CZ
"Lázně Bělohrad,Hřídelec",50.44847800000007,15.536530000000026,JC,CZ
"Lázně Bělohrad,Hřídelec",50.44858100000005,15.53643200000005,JC,CZ
"Lázně Bělohrad,Lány,odb.",50.44360000000007,15.557541000000072,JC,CZ
"Lázně Bělohrad,Lány,odb.",50.44369400000004,15.557506000000044,JC,CZ
"Lázně Bělohrad,Prostřední N.Ves",50.43601400000005,15.583135000000027,JC,CZ
"Lázně Bělohrad,Prostřední N.Ves",50.43614300000007,15.583252000000073,JC,CZ
"Lázně Bělohrad,Uhlíře",50.46460000000007,15.572591000000045,JC,CZ
"Lázně Bělohrad,Uhlíře",50.464452000000044,15.57261200000005,JC,CZ
"Ledce,,knihovna",50.223648000000026,16.041944000000058,HK,CZ
"Ledce,,knihovna",50.223618000000045,16.042312000000038,HK,CZ
"Ledce,,knihovna",50.223798000000045,16.042013000000054,HK,CZ
"Ledce,,knihovna",50.223544000000054,16.042568000000074,HK,CZ
"Ledce,,parkoviště",50.223648000000026,16.041944000000058,HK,CZ
"Ledce,,parkoviště",50.223798000000045,16.042013000000054,HK,CZ
"Ledce,Klášter n.Děd.",50.234942000000046,16.037614000000076,HK,CZ
"Ledce,Klášter n.Děd.",50.23503100000005,16.037656000000027,HK,CZ
Lejšovka,50.297421000000035,15.942136000000062,HK,CZ
Lejšovka,50.29753700000003,15.942225000000064,HK,CZ
Lhota p.Hořičkami,50.42268500000005,16.002351000000033,NA,CZ
Lhota p.Hořičkami,50.42274600000006,16.002130000000022,NA,CZ
"Lhota p.Hořičkami,Světlá",50.43210600000003,16.018171000000052,NA,CZ
"Lhota p.Hořičkami,Světlá",50.43226900000007,16.018114000000025,NA,CZ
"Lhota p.Hořičkami,Újezdec",50.42290800000006,15.992563000000075,NA,CZ
"Lhota p.Hořičkami,Újezdec",50.42302400000005,15.99244600000003,NA,CZ
"Lhota p.Libčany,,hlavní silnice",50.178826000000065,15.698578000000055,HK,CZ
"Lhota p.Libčany,,hlavní silnice",50.17879800000002,15.69762700000007,HK,CZ
"Lhota p.Libčany,,odb.Hubenice",50.15944700000006,15.696410000000073,HK,CZ
"Lhota p.Libčany,,odb.Hubenice",50.15951900000003,15.696141000000068,HK,CZ
"Lhota p.Libčany,,odb.Libčany",50.17916900000005,15.697023000000057,HK,CZ
"Lhota p.Libčany,,odb.Libčany",50.17897400000003,15.696921000000032,HK,CZ
"Lhota p.Libčany,,Roudnická",50.17481300000003,15.67954400000002,HK,CZ
"Lhota p.Libčany,,Roudnická",50.17491500000005,15.679420000000052,HK,CZ
"Lhota p.Libčany,,škola",50.17228400000004,15.695787000000053,HK,CZ
"Lhota p.Libčany,Hubenice",50.15896800000007,15.704033000000036,HK,CZ
"Lhoty u Potštejna,,Homole",50.055680000000045,16.259762000000023,RK,CZ
"Lhoty u Potštejna,,Homole",50.05561900000003,16.259671000000026,RK,CZ
"Lhoty u Potštejna,,náves",50.05537000000003,16.268719000000033,RK,CZ
"Libáň,,aut.st.",50.374296000000065,15.216178000000069,JC,CZ
"Libáň,,hřbitov",50.368487000000066,15.214407000000051,JC,CZ
"Libáň,,hřbitov",50.36849700000005,15.214320000000045,JC,CZ
"Libáň,,nám.",50.37492500000007,15.215850000000044,JC,CZ
"Libáň,,nám.",50.37473200000005,15.215759000000048,JC,CZ
"Libáň,Kozodírky",50.366375000000055,15.191456000000073,JC,CZ
"Libáň,Kozodírky",50.36630400000007,15.19156400000003,JC,CZ
"Libáň,Křešice",50.33880300000004,15.200604000000055,JC,CZ
"Libáň,Křešice",50.33884100000005,15.200533000000064,JC,CZ
"Libáň,Psinice,kostel",50.35464800000004,15.21461000000005,JC,CZ
"Libáň,Psinice,kostel",50.354617000000076,15.214515000000063,JC,CZ
"Libáň,Psinice,transformátor",50.349903000000026,15.211419000000033,JC,CZ
"Libáň,Psinice,transformátor",50.349929000000024,15.211303000000042,JC,CZ
"Libčany,,horní",50.19229800000005,15.697953000000041,HK,CZ
"Libčany,,horní",50.192271000000055,15.69845600000002,HK,CZ
"Libčany,,jídelna",50.19150800000004,15.69196000000005,HK,CZ
"Libčany,,jídelna",50.19140000000004,15.692033000000036,HK,CZ
"Libčany,,pošta",50.19051500000006,15.693606000000045,HK,CZ
"Libčany,,pošta",50.190394000000026,15.693739000000052,HK,CZ
"Libčany,,sklad",50.19655600000004,15.692131000000074,HK,CZ
"Libčany,Želí",50.19808300000005,15.67630900000006,HK,CZ
"Libčany,Želí",50.19816400000007,15.676186000000031,HK,CZ
"Libčany,Želí,odb.Radostov",50.19992300000006,15.667894000000045,HK,CZ
"Libčany,Želí,odb.Radostov",50.20002500000003,15.667983000000051,HK,CZ
"Libel,,dolní",50.15949800000004,16.197426000000064,RK,CZ
"Libel,,dolní",50.15964900000005,16.197508000000028,RK,CZ
"Libel,,hlavní silnice",50.152811000000035,16.204109000000074,RK,CZ
"Libel,,hlavní silnice",50.15278600000005,16.203841000000068,RK,CZ
"Libel,,ObÚ",50.154034000000074,16.20249800000005,RK,CZ
"Libel,,ObÚ",50.15422200000007,16.202491000000066,RK,CZ
"Liberk,,K baště",50.195753000000074,16.344448000000057,RK,CZ
"Liberk,,K baště",50.19598800000005,16.344719000000055,RK,CZ
"Liberk,,ObÚ",50.19906000000003,16.342268000000047,RK,CZ
"Liberk,,rozc.Hláska",50.19381100000003,16.35156100000006,RK,CZ
"Liberk,,rozc.Hláska",50.19377100000002,16.35145300000005,RK,CZ
"Liberk,,rozc.Hláska",50.19428500000002,16.351642000000027,RK,CZ
"Liberk,,rozc.Hláska",50.194246000000085,16.35184000000004,RK,CZ
"Liberk,Bělá",50.18561300000004,16.380018000000064,RK,CZ
"Liberk,Bělá",50.18553100000001,16.380268000000058,RK,CZ
"Liberk,Hláska",50.19728100000004,16.364028000000076,RK,CZ
"Liberk,Hláska",50.19718400000004,16.36432300000007,RK,CZ
"Liberk,Prorubky",50.21193200000004,16.338448000000028,RK,CZ
"Liberk,Prorubky",50.21190700000005,16.338586000000078,RK,CZ
"Liberk,Rampuše",50.210325000000054,16.380715000000066,RK,CZ
"Liberk,Rampuše",50.210339000000026,16.380805000000066,RK,CZ
"Liberk,Uhřínov,Antoniino údolí",50.27065900000007,16.34061900000006,RK,CZ
"Liberk,Uhřínov,Antoniino údolí",50.27051100000005,16.34081800000007,RK,CZ
"Liberk,Uhřínov,Antoniino údolí",50.27041700000006,16.341425000000072,RK,CZ
"Liberk,Uhřínov,Antoniino údolí",50.27033300000005,16.34120400000006,RK,CZ
"Liberk,Uhřínov,hájovna",50.26530600000005,16.327509000000077,RK,CZ
"Liberk,Uhřínov,hájovna",50.26538100000003,16.327597000000026,RK,CZ
"Liberk,Uhřínov,Hutě",50.27131100000001,16.349938000000066,RK,CZ
"Liberk,Uhřínov,Hutě",50.271139000000055,16.34998100000007,RK,CZ
"Liberk,Uhřínov,obec",50.25087800000006,16.350474000000077,RK,CZ
"Liberk,Uhřínov,obec",50.25090400000005,16.350753000000054,RK,CZ
"Liberk,Uhřínov,Pádolí",50.26598800000005,16.36046300000004,RK,CZ
"Liberk,Uhřínov,Pádolí",50.266069000000066,16.360501000000056,RK,CZ
"Liberk,Uhřínov,Statek",50.251370000000065,16.35553900000002,RK,CZ
"Liberk,Uhřínov,Tisovec",50.25672600000006,16.34994000000006,RK,CZ
"Liberk,Uhřínov,Tisovec",50.25668800000005,16.349798000000078,RK,CZ
"Liberk,Uhřínov,Zámeček",50.268922000000025,16.359173000000055,RK,CZ
"Liberk,Uhřínov,Zámeček",50.26907700000004,16.359165000000075,RK,CZ
Libchyně,50.35652100000003,16.188765000000046,NA,CZ
"Libňatov,,dolní",50.48207600000007,16.009750000000054,TU,CZ
"Libňatov,,dolní",50.48214200000007,16.008973000000026,TU,CZ
"Libňatov,,horní",50.48245500000007,15.99275700000004,TU,CZ
"Libňatov,,horní",50.48214000000007,15.992417000000044,TU,CZ
"Libňatov,,prodejna",50.48179200000004,16.001270000000034,TU,CZ
"Libňatov,,prodejna",50.48201500000005,16.000951000000043,TU,CZ
"Libňatov,,prodejna",50.48202300000002,16.00001700000007,TU,CZ
"Libňatov,,prodejna",50.48197300000004,16.000244000000066,TU,CZ
Libníkovice,50.24180300000006,15.992947000000072,HK,CZ
Libníkovice,50.242291000000066,15.993171000000075,HK,CZ
"Libníkovice,Borovice",50.24186500000006,15.985719000000074,HK,CZ
"Libošovice,,horní",50.49514000000004,15.169091000000039,JC,CZ
"Libošovice,,náves",50.49100100000004,15.16288300000002,JC,CZ
"Libošovice,,náves",50.49099000000007,15.162708000000066,JC,CZ
"Libošovice,Dobšice",50.50939600000004,15.142594000000031,JC,CZ
"Libošovice,Dobšice",50.50948100000005,15.142520000000047,JC,CZ
"Libošovice,Nepřívěc",50.48474400000003,15.164686000000072,JC,CZ
"Libošovice,Nepřívěc",50.48470800000007,15.164581000000055,JC,CZ
"Libošovice,Podkost,hrad Kost",50.49027600000005,15.136758000000043,JC,CZ
"Libošovice,Podkost,Pomníky",50.49859500000007,15.121611000000028,JC,CZ
"Libošovice,Podkost,Pomníky",50.49855400000007,15.121474000000035,JC,CZ
"Libošovice,Podkost,Semtín dvůr",50.48721300000005,15.145320000000027,JC,CZ
"Libošovice,Podkost,Semtín dvůr",50.48726800000003,15.14529200000004,JC,CZ
"Libošovice,Rytířova Lhota",50.503510000000055,15.153283000000044,JC,CZ
"Libošovice,Rytířova Lhota",50.50342900000003,15.15315400000003,JC,CZ
"Libošovice,Vesec u Sobotky",50.48154100000006,15.157156000000043,JC,CZ
"Libošovice,Vesec u Sobotky",50.481599000000074,15.157199000000048,JC,CZ
"Libošovice,Vesec u Sobotky,rozc.",50.47951800000003,15.16134100000005,JC,CZ
"Libošovice,Vesec u Sobotky,rozc.",50.47943900000007,15.161360000000057,JC,CZ
"Libošovice,Vesec u Sobotky,rozc.",50.479535000000055,15.161728000000041,JC,CZ
"Libošovice,Vesec u Sobotky,rozc.",50.47954800000008,15.161628000000064,JC,CZ
Libotov,50.40032000000008,15.811269000000038,TU,CZ
Libotov,50.400379000000044,15.811415000000066,TU,CZ
"Libotov,,Malý Libotov",50.40773200000006,15.804008000000069,TU,CZ
"Libotov,,Malý Libotov",50.407734000000055,15.804237000000057,TU,CZ
"Libotov,,u parku",50.401284000000025,15.810527000000034,TU,CZ
"Libotov,,u parku",50.401200000000074,15.810659000000044,TU,CZ
"Librantice,,dolní",50.242016000000035,15.951420000000041,HK,CZ
"Librantice,,dolní",50.24195300000008,15.951536000000033,HK,CZ
"Librantice,,horní",50.239954000000054,15.967089000000044,HK,CZ
"Librantice,,horní",50.24005600000003,15.967217000000064,HK,CZ
"Librantice,,škola",50.24255100000005,15.959904000000053,HK,CZ
"Librantice,,škola",50.24239800000003,15.96004800000003,HK,CZ
"Libřice,,kostel",50.28730600000005,15.964692000000069,HK,CZ
"Libřice,,kostel",50.28738800000008,15.964974000000039,HK,CZ
"Libřice,,Lejšovská",50.287552000000055,15.956528000000048,HK,CZ
"Libřice,,Lejšovská",50.287442000000055,15.956709000000046,HK,CZ
"Libřice,,Výravská",50.286405000000045,15.965052000000071,HK,CZ
"Libřice,,Výravská",50.28647000000005,15.965081000000055,HK,CZ
"Libuň,,náves",50.49770400000005,15.29844600000007,JC,CZ
"Libuň,,ObÚ",50.49790300000007,15.299351000000057,JC,CZ
"Libuň,,ObÚ",50.498103000000064,15.299191000000063,JC,CZ
"Libuň,,odb.žel.st.",50.49401100000005,15.295979000000044,JC,CZ
"Libuň,,odb.žel.st.",50.49411400000008,15.295807000000025,JC,CZ
"Libuň,Březka",50.47987000000006,15.297956000000056,JC,CZ
"Libuň,Březka,Jinolické rybníky",50.47497600000002,15.30967400000003,JC,CZ
"Libuň,Březka,odb.",50.475697000000075,15.300402000000078,JC,CZ
"Libuň,Březka,odb.",50.47569300000003,15.300561000000073,JC,CZ
"Libuň,Libunec",50.49322900000004,15.275179000000037,JC,CZ
"Libuň,Libunec",50.49332800000007,15.27515100000005,JC,CZ
"Lično,,Draha",50.17735800000003,16.166953000000035,RK,CZ
"Lično,,Draha",50.17727700000006,16.166981000000078,RK,CZ
"Lično,,náves",50.178251000000046,16.17088700000005,RK,CZ
"Lično,,odb.Černíkovice",50.17471400000005,16.18315400000006,RK,CZ
"Lično,,odb.Černíkovice",50.17493300000007,16.18281600000006,RK,CZ
"Lično,,pekárna",50.17173200000007,16.187434000000053,RK,CZ
"Lično,,pekárna",50.17204600000008,16.187365000000057,RK,CZ
"Lično,Ostašovice",50.17650400000008,16.140516000000048,RK,CZ
"Lično,Ostašovice",50.17634900000006,16.14086700000007,RK,CZ
"Lično,Ostašovice,odb.Radostovice",50.17743100000006,16.14676600000007,RK,CZ
"Lípa n.Orl.,,Hromkovy garáže",50.13141500000006,16.115927000000056,RK,CZ
"Lípa n.Orl.,,Hromkovy garáže",50.13141600000006,16.11580200000003,RK,CZ
"Lípa n.Orl.,,kovárna",50.13910500000003,16.100977000000057,RK,CZ
"Lípa n.Orl.,,kovárna",50.13930400000004,16.100896000000034,RK,CZ
"Lípa n.Orl.,,motorest",50.132341000000054,16.11769000000004,RK,CZ
"Lípa n.Orl.,,motorest",50.13186600000005,16.11833100000007,RK,CZ
"Lípa n.Orl.,,MŠ",50.13588400000003,16.09744900000004,RK,CZ
"Lípa n.Orl.,,škola",50.133741000000036,16.10074000000003,RK,CZ
"Lípa n.Orl.,,škola",50.13380500000005,16.100806000000034,RK,CZ
"Lípa n.Orl.,,u Bartošů",50.13250400000004,16.104539000000045,RK,CZ
Lískovice,50.335516000000034,15.553024000000052,JC,CZ
Lískovice,50.33545600000007,15.553139000000044,JC,CZ
"Lískovice,Tereziny Dary",50.34043600000006,15.529633000000048,JC,CZ
"Lískovice,Tereziny Dary",50.34033700000003,15.529663000000026,JC,CZ
"Lišice,,Lišičky",50.19121300000006,15.393814000000077,HK,CZ
"Lišice,,Lišičky",50.19128600000004,15.393821000000061,HK,CZ
"Lišice,,ObÚ",50.18231100000002,15.40413600000005,HK,CZ
"Lišice,,ObÚ",50.18225700000005,15.40418900000003,HK,CZ
"Litíč,,ObÚ",50.375704000000034,15.848277000000055,TU,CZ
"Litíč,,odb.Nouzov",50.370077000000045,15.835803000000055,TU,CZ
"Litíč,Nouzov,kaple",50.36756900000006,15.835199000000047,TU,CZ
"Litíč,Nouzov,kaple",50.36827700000003,15.83541400000007,TU,CZ
Litoboř,50.45056600000004,16.015247000000045,NA,CZ
Litoboř,50.450725000000034,16.015578000000062,NA,CZ
"Lodín,,prodejna",50.27097900000007,15.609791000000032,HK,CZ
"Lodín,,prodejna",50.27109000000007,15.609999000000075,HK,CZ
"Lodín,Janatov",50.26974900000005,15.578544000000022,HK,CZ
"Lodín,Janatov",50.269803000000074,15.57855100000006,HK,CZ
"Lovčice,,škola",50.16771300000005,15.382112000000063,HK,CZ
"Lovčice,,škola",50.16799100000003,15.382098000000042,HK,CZ
"Lovčice,,U Černých",50.16495300000002,15.384771000000057,HK,CZ
"Lovčice,,U Černých",50.165141000000055,15.38400800000005,HK,CZ
"Lukavec u Hořic,,horní",50.39030300000007,15.617392000000052,JC,CZ
"Lukavec u Hořic,,horní",50.39029900000003,15.617557000000033,JC,CZ
"Lukavec u Hořic,,Lucerna",50.394649000000065,15.617245000000027,JC,CZ
"Lukavec u Hořic,,Lucerna",50.39466900000007,15.617363000000067,JC,CZ
"Lukavec u Hořic,,odb.Dobeš",50.39934800000003,15.614568000000078,JC,CZ
"Lukavec u Hořic,,odb.Dobeš",50.399366000000036,15.614686000000065,JC,CZ
"Lukavec u Hořic,Černín",50.40299700000002,15.601395000000025,JC,CZ
"Lukavec u Hořic,Černín",50.40305400000006,15.601449000000057,JC,CZ
"Lukavec u Hořic,Černín,Hamry",50.40580700000004,15.587666000000068,JC,CZ
"Lukavec u Hořic,Černín,Hamry",50.40598400000004,15.587489000000062,JC,CZ
"Lukavice,,bytovky",50.20359600000006,16.295293000000072,RK,CZ
"Lukavice,,bytovky",50.203705000000056,16.29552700000005,RK,CZ
"Lukavice,,horní",50.21328000000005,16.301131000000055,RK,CZ
"Lukavice,,horní",50.21308600000002,16.301166000000023,RK,CZ
"Lukavice,,lípa",50.20810400000004,16.29962400000005,RK,CZ
"Lukavice,,lípa",50.208152000000034,16.299844000000064,RK,CZ
"Lukavice,,most",50.18978900000008,16.29627400000004,RK,CZ
"Lukavice,,most",50.18990700000006,16.296416000000022,RK,CZ
"Lukavice,,škola",50.19740200000006,16.294119000000023,RK,CZ
"Lukavice,,škola",50.197659000000044,16.29415800000004,RK,CZ
"Lupenice,,horní",50.133550000000064,16.28654800000004,RK,CZ
"Lupenice,,horní",50.13340100000004,16.286344000000042,RK,CZ
"Lupenice,,ObÚ",50.133008000000075,16.276485000000037,RK,CZ
"Lupenice,,ObÚ",50.13307800000007,16.276204000000064,RK,CZ
"Lužany,,ObÚ",50.43080900000007,15.469788000000051,JC,CZ
"Lužany,,ObÚ",50.43074200000006,15.469955000000027,JC,CZ
"Lužany,,odb.",50.42169900000004,15.455472000000043,JC,CZ
"Lužany,,odb.",50.42105400000002,15.455976000000076,JC,CZ
"Lužany,,odb.Račice",50.33260700000004,15.793655000000056,HK,CZ
"Lužany,,odb.Račice",50.33262200000007,15.79355400000003,HK,CZ
"Lužany,,točna",50.33649200000007,15.790572000000054,HK,CZ
"Lužany,,točna",50.33659600000004,15.790428000000077,HK,CZ
"Lužany,,u č.200",50.42344100000007,15.461833000000071,JC,CZ
"Lužany,,u č.200",50.42359600000002,15.461929000000056,JC,CZ
"Lužany,,u křížku",50.437753000000036,15.482128000000047,JC,CZ
"Lužany,,u křížku",50.43766900000003,15.482132000000037,JC,CZ
"Lužany,,u křížku",50.43738300000006,15.48223500000006,JC,CZ
"Lužany,,u křížku",50.437381000000066,15.482394000000054,JC,CZ
"Lužec n.Cidl.,,kaple",50.21330300000005,15.413628000000072,HK,CZ
"Lužec n.Cidl.,,kaple",50.21346600000003,15.41348000000005,HK,CZ
"Lužec n.Cidl.,,odb.Vlkov",50.20062800000005,15.39804600000002,HK,CZ
"Lužec n.Cidl.,,odb.Vlkov",50.20065600000004,15.398144000000059,HK,CZ
"Lužec n.Cidl.,,Skochovická",50.215343000000075,15.406021000000067,HK,CZ
"Lužec n.Cidl.,,Skochovická",50.21543200000007,15.405971000000022,HK,CZ
"Machov,,Bor",50.49849400000004,16.271195000000034,NA,CZ
"Machov,,Bor",50.498470000000054,16.271448000000078,NA,CZ
"Machov,,mlýn",50.49962200000005,16.27486600000003,NA,CZ
"Machov,,mlýn",50.49954800000006,16.274655000000052,NA,CZ
"Machov,,nám.",50.49927500000006,16.276000000000067,NA,CZ
"Machov,,nám.",50.499239000000046,16.276474000000064,NA,CZ
"Machov,,pod Končinami",50.49795100000006,16.266722000000073,NA,CZ
"Machov,,pod Končinami",50.49791300000005,16.267033000000026,NA,CZ
"Machov,Bělý",50.51228100000002,16.270749000000023,NA,CZ
"Machov,Bělý",50.512207000000046,16.270860000000027,NA,CZ
"Machov,Machovská Lhota",50.49844800000005,16.286649000000068,NA,CZ
"Machov,Nízká Srbská,stará škola",50.49847400000004,16.256891000000053,NA,CZ
"Machov,Nízká Srbská,stará škola",50.498417000000074,16.257090000000062,NA,CZ
"Machov,Nízká Srbská,U Božky",50.49817600000004,16.247947000000067,NA,CZ
"Machov,Nízká Srbská,U Božky",50.498169000000075,16.248181000000045,NA,CZ
"Malá Úpa,,Černá Voda",50.72454300000004,15.79817000000003,TU,CZ
"Malá Úpa,,Mokré Jámy",50.73988400000007,15.808653000000048,TU,CZ
"Malá Úpa,,Mokré Jámy",50.740338000000065,15.809650000000033,TU,CZ
"Malá Úpa,,Pomezní Boudy",50.74471900000003,15.820269000000053,TU,CZ
"Malá Úpa,,Pomezní Boudy",50.744900000000015,15.820853000000056,TU,CZ
"Malá Úpa,,Spálený Mlýn",50.706354000000026,15.806028000000024,TU,CZ
"Malá Úpa,,Spálený Mlýn",50.70656500000007,15.806009000000074,TU,CZ
"Malá Úpa,,u dolu",50.73167000000006,15.793530000000034,TU,CZ
"Malá Úpa,,u dolu",50.73167400000005,15.793727000000047,TU,CZ
"Malá Úpa,,Za větrem",50.73657300000007,15.798776000000032,TU,CZ
"Malá Úpa,,Za větrem",50.73611800000003,15.79847200000006,TU,CZ
"Malé Svatoňovice,,J.Masaryka",50.531698000000056,16.05048000000005,TU,CZ
"Malé Svatoňovice,,J.Masaryka",50.53154100000006,16.05048400000004,TU,CZ
"Malé Svatoňovice,,odb.Kyselá hora",50.53311200000007,16.062037000000032,TU,CZ
"Malé Svatoňovice,,odb.Kyselá hora",50.532932000000066,16.061739000000046,TU,CZ
"Malé Svatoňovice,,Polytex",50.52691900000007,16.042333000000042,TU,CZ
"Malé Svatoňovice,,Polytex",50.52661600000004,16.042188000000067,TU,CZ
"Malé Svatoňovice,,žel.st.",50.529796000000026,16.049742000000037,TU,CZ
"Malé Svatoňovice,Odolov",50.52730900000006,16.089469000000065,TU,CZ
"Malé Svatoňovice,Odolov",50.52718800000007,16.08925400000004,TU,CZ
"Malé Svatoňovice,Petrovice",50.53548700000003,16.06765500000006,TU,CZ
"Malé Svatoňovice,Petrovice",50.535444000000034,16.067825000000028,TU,CZ
"Malé Svatoňovice,Strážkovice",50.53207800000007,16.079885000000047,TU,CZ
"Malé Svatoňovice,Strážkovice",50.532076000000075,16.07960900000006,TU,CZ
"Markvartice,,pošta",50.430822000000035,15.196353000000045,JC,CZ
"Markvartice,Hřmenín",50.409114000000045,15.213491000000033,JC,CZ
"Markvartice,Hřmenín",50.40906800000004,15.213379000000032,JC,CZ
"Markvartice,Mrkvojedy",50.42475900000005,15.185534000000075,JC,CZ
"Markvartice,Mrkvojedy",50.42473000000006,15.185408000000052,JC,CZ
"Markvartice,Příchvoj,kaple",50.44062100000007,15.225772000000063,JC,CZ
"Markvartice,Příchvoj,kaple",50.44068800000007,15.225630000000024,JC,CZ
"Markvartice,Příchvoj,Netolice",50.43936900000005,15.24081300000006,JC,CZ
"Markvartice,Příchvoj,Netolice",50.43942100000003,15.240872000000024,JC,CZ
"Markvartice,Rakov",50.428333000000066,15.218985000000034,JC,CZ
"Markvartice,Rakov",50.42879800000002,15.220068000000024,JC,CZ
"Markvartice,Rakov",50.428744000000044,15.21997600000003,JC,CZ
"Markvartice,Rakov,Čakan",50.44115800000002,15.211339000000066,JC,CZ
"Markvartice,Rakov,Čakan",50.44107500000006,15.211253000000054,JC,CZ
"Markvartice,Skuřina",50.41449800000004,15.17951000000005,JC,CZ
"Markvartice,Skuřina",50.41458800000003,15.179452000000024,JC,CZ
"Markvartice,Spařence",50.43251000000003,15.17710600000004,JC,CZ
"Markvartice,Spařence",50.432498000000066,15.177000000000078,JC,CZ
"Maršov u Úpice,,dolní",50.48570400000005,15.980919000000029,TU,CZ
"Maršov u Úpice,,dolní",50.485774000000056,15.980658000000062,TU,CZ
"Maršov u Úpice,,garáž",50.48208800000003,15.968841000000053,TU,CZ
"Maršov u Úpice,,garáž",50.482053000000064,15.96815900000007,TU,CZ
"Maršov u Úpice,,Pustiny",50.48337500000008,15.962253000000034,TU,CZ
"Maršov u Úpice,,Pustiny",50.48343500000005,15.96235100000007,TU,CZ
"Martínkovice,,Chmelnice",50.558151000000066,16.360517000000073,NA,CZ
"Martínkovice,,Chmelnice",50.558159000000046,16.360629000000074,NA,CZ
"Martínkovice,,letiště Aeroklubu Broumov",50.563717000000054,16.33606100000003,NA,CZ
"Martínkovice,,letiště Aeroklubu Broumov",50.563764000000035,16.336171000000036,NA,CZ
"Martínkovice,,pod lesem",50.54148100000002,16.315981000000022,NA,CZ
"Martínkovice,,rozc.",50.548061000000075,16.342008000000078,NA,CZ
"Martínkovice,,rozc.",50.54795100000007,16.341942000000074,NA,CZ
"Martínkovice,,rozc.",50.548155000000065,16.34319400000004,NA,CZ
"Martínkovice,,rozc.",50.54760600000003,16.34173000000004,NA,CZ
"Martínkovice,,váha",50.544377000000054,16.32986900000003,NA,CZ
"Máslojedy,,obec",50.29563500000006,15.759794000000056,HK,CZ
"Máslojedy,,obec",50.29571100000003,15.759804000000033,HK,CZ
"Máslojedy,,u váhy",50.29692600000004,15.75681300000002,HK,CZ
"Máslojedy,,u váhy",50.29696500000006,15.756972000000074,HK,CZ
"Měník,,odb.Hořejší rybník",50.216124000000036,15.521722000000068,HK,CZ
"Měník,,odb.Hořejší rybník",50.216064000000074,15.521952000000054,HK,CZ
"Měník,,zvonice",50.21530400000006,15.528193000000044,HK,CZ
"Měník,,zvonice",50.21511400000002,15.528375000000038,HK,CZ
"Měník,Barchůvek",50.21010300000006,15.543854000000067,HK,CZ
"Měník,Barchůvek",50.209938000000086,15.544010000000071,HK,CZ
"Měník,Barchůvek,REKOM",50.20777100000004,15.54520800000006,HK,CZ
"Měník,Barchůvek,REKOM",50.20778400000005,15.545323000000053,HK,CZ
"Měník,Bydžovská Lhotka",50.20353200000005,15.536835000000051,HK,CZ
"Měník,Bydžovská Lhotka",50.203530000000065,15.537000000000033,HK,CZ
"Měník,Libeň",50.22569300000003,15.539315000000046,HK,CZ
"Měník,Libeň",50.22569900000008,15.539131000000053,HK,CZ
"Mezilečí,,kovovýroba",50.453388000000075,15.983596000000034,NA,CZ
"Mezilečí,,kovovýroba",50.45335600000004,15.983401000000072,NA,CZ
"Mezilečí,Posadov",50.46171800000007,15.99021600000003,NA,CZ
"Mezilečí,Posadov",50.46178100000002,15.99035300000003,NA,CZ
"Mezilesí,,hostinec",50.35624400000005,16.21713600000004,NA,CZ
"Mezilesí,,hostinec",50.356168000000075,16.216987000000074,NA,CZ
"Mezilesí,,na Drahách",50.36184000000002,16.21366100000006,NA,CZ
"Mezilesí,,na Drahách",50.361876000000045,16.213716000000034,NA,CZ
"Mezilesí,,na Drážkách",50.35432900000006,16.21274500000004,NA,CZ
"Mezilesí,,na Drážkách",50.35430000000008,16.212819000000025,NA,CZ
"Meziměstí,,Bělidlo",50.62032800000003,16.249479000000065,NA,CZ
"Meziměstí,,Bělidlo",50.62065100000005,16.249468000000036,NA,CZ
"Meziměstí,,Bělidlo",50.62039800000007,16.24877300000003,NA,CZ
"Meziměstí,,škola",50.62762800000008,16.247168000000045,NA,CZ
"Meziměstí,,škola",50.627709000000046,16.247171000000037,NA,CZ
"Meziměstí,,zdravotní středisko",50.62722200000006,16.241171000000065,NA,CZ
"Meziměstí,,zdravotní středisko",50.62730600000003,16.240824000000032,NA,CZ
"Meziměstí,,žel.st.",50.626142000000065,16.242707000000053,NA,CZ
"Meziměstí,,žel.st.",50.62623100000008,16.242789000000073,NA,CZ
"Meziměstí,Ruprechtice,hostinec",50.630858000000046,16.27097100000003,NA,CZ
"Meziměstí,Ruprechtice,hostinec",50.63086400000004,16.271083000000033,NA,CZ
"Meziměstí,Ruprechtice,kostel",50.62604400000003,16.26977800000003,NA,CZ
"Meziměstí,Ruprechtice,kostel",50.626142000000065,16.270189000000073,NA,CZ
"Meziměstí,Ruprechtice,kovárna",50.63856100000003,16.26902300000006,NA,CZ
"Meziměstí,Ruprechtice,kovárna",50.63861400000007,16.269096000000047,NA,CZ
"Meziměstí,Ruprechtice,pod Špičákem",50.64287100000007,16.268676000000028,NA,CZ
"Meziměstí,Ruprechtice,pod Špičákem",50.642976000000026,16.26877200000007,NA,CZ
"Meziměstí,Ruprechtice,točna",50.64615400000008,16.27073800000005,NA,CZ
"Meziměstí,Starostín",50.633162000000034,16.22587100000004,NA,CZ
"Meziměstí,Starostín",50.633223000000044,16.225959000000046,NA,CZ
"Meziměstí,Starostín,celnice",50.638353000000045,16.220376000000044,NA,CZ
"Meziměstí,Vižňov,dolní",50.63953300000002,16.23906900000003,NA,CZ
"Meziměstí,Vižňov,dolní",50.639509000000025,16.239175000000046,NA,CZ
"Meziměstí,Vižňov,has.zbroj.",50.65076300000004,16.23802100000006,NA,CZ
"Meziměstí,Vižňov,has.zbroj.",50.650796000000064,16.238112000000058,NA,CZ
"Meziměstí,Vižňov,konečná",50.65603500000003,16.243911000000026,NA,CZ
"Meziměstí,Vižňov,odb.Pomeznice",50.64601600000003,16.240012000000036,NA,CZ
"Meziměstí,Vižňov,odb.Pomeznice",50.64608600000008,16.240126000000032,NA,CZ
"Miletín,,nám.",50.40390500000006,15.682266000000027,JC,CZ
"Miletín,,nám.",50.40382600000003,15.682428000000073,JC,CZ
"Miletín,,nám.",50.404391000000025,15.681963000000053,JC,CZ
"Miletín,,nám.",50.40422400000004,15.68217500000003,JC,CZ
"Miletín,,odb.Brodek",50.41920300000004,15.686016000000052,JC,CZ
"Miletín,,odb.Brodek",50.41925400000008,15.686103000000058,JC,CZ
"Miletín,,odb.Úhlejov",50.40957400000008,15.67517300000003,JC,CZ
"Miletín,,Podháj",50.41923300000007,15.661754000000029,JC,CZ
"Miletín,,Podháj",50.41929900000008,15.661773000000041,JC,CZ
"Milovice u Hořic,,motorest",50.32911900000005,15.634426000000074,JC,CZ
"Milovice u Hořic,,motorest",50.329360000000065,15.633935000000065,JC,CZ
"Milovice u Hořic,,náves",50.32895800000005,15.631182000000024,JC,CZ
"Milovice u Hořic,,náves",50.329238000000025,15.631380000000034,JC,CZ
"Mladé Buky,,Faltisova",50.60270300000007,15.85371200000003,TU,CZ
"Mladé Buky,,Faltisova",50.60299300000002,15.85308200000003,TU,CZ
"Mladé Buky,,MŠ",50.60356500000006,15.841878000000067,TU,CZ
"Mladé Buky,,MŠ",50.603730000000034,15.841819000000044,TU,CZ
"Mladé Buky,,prádelna",50.613253000000036,15.822659000000044,TU,CZ
"Mladé Buky,,prádelna",50.61345100000005,15.822736000000075,TU,CZ
"Mladé Buky,,rozc.",50.608055000000036,15.830130000000054,TU,CZ
"Mladé Buky,,rozc.",50.60825700000004,15.829978000000038,TU,CZ
"Mladé Buky,,střed",50.604919000000045,15.853042000000071,TU,CZ
"Mladé Buky,,střed",50.60498800000005,15.853680000000054,TU,CZ
"Mladé Buky,,střední škola",50.60168700000003,15.85871100000003,TU,CZ
"Mladé Buky,,střední škola",50.601854000000046,15.858491000000072,TU,CZ
"Mladé Buky,,škola",50.60613200000005,15.833391000000063,TU,CZ
"Mladé Buky,,škola",50.606933000000026,15.831953000000055,TU,CZ
"Mladé Buky,,žel.zast.",50.60658900000004,15.84257400000007,TU,CZ
"Mladé Buky,,žel.zast.",50.606987000000046,15.841135000000063,TU,CZ
"Mladé Buky,Hertvíkovice,dolní zast.",50.59752400000007,15.814194000000043,TU,CZ
"Mladé Buky,Hertvíkovice,dolní zast.",50.59772300000002,15.813490000000058,TU,CZ
"Mladé Buky,Hertvíkovice,horní zast.",50.597430000000024,15.826734000000044,TU,CZ
"Mladé Buky,Hertvíkovice,horní zast.",50.59767900000002,15.824926000000062,TU,CZ
"Mladé Buky,Kalná Voda,GRUND",50.60039100000005,15.865265000000022,TU,CZ
"Mladé Buky,Kalná Voda,GRUND",50.60068600000005,15.864221000000041,TU,CZ
"Mladějov,,knihovna",50.48213300000004,15.233078000000033,JC,CZ
"Mladějov,,knihovna",50.48190100000004,15.23260400000004,JC,CZ
"Mladějov,,knihovna",50.481731000000075,15.232717000000038,JC,CZ
"Mladějov,,knihovna",50.48173500000007,15.233024000000059,JC,CZ
"Mladějov,,odb.Bacov",50.48278700000002,15.22470100000004,JC,CZ
"Mladějov,,odb.Bacov",50.482706000000064,15.22463000000005,JC,CZ
"Mladějov,,Vydalov",50.473768000000064,15.245502000000045,JC,CZ
"Mladějov,,Vydalov",50.47370300000006,15.24553000000003,JC,CZ
"Mladějov,Hubojedy",50.46944500000006,15.231076000000032,JC,CZ
"Mladějov,Hubojedy,odb.",50.47357000000005,15.238582000000063,JC,CZ
"Mladějov,Hubojedy,odb.",50.47343100000006,15.23876000000007,JC,CZ
"Mladějov,Roveň",50.49384700000008,15.200915000000068,JC,CZ
"Mladějov,Střeleč",50.48471800000004,15.255242000000068,JC,CZ
"Mladějov,Střeleč",50.48469600000004,15.25532000000004,JC,CZ
"Mladějov,Střeleč,odb.",50.490186000000044,15.252454000000055,JC,CZ
"Mladějov,Střeleč,odb.",50.49012900000008,15.252606000000071,JC,CZ
"Mlázovice,,nám.",50.41172500000004,15.521660000000054,JC,CZ
"Mlázovice,,nám.",50.411606000000056,15.521617000000049,JC,CZ
"Mlékosrby,,les",50.17525400000005,15.501884000000077,HK,CZ
"Mlékosrby,,prodejna",50.19221300000004,15.501307000000052,HK,CZ
"Mokré,,ObÚ",50.25915200000003,16.06613100000004,RK,CZ
"Mokré,,ObÚ",50.258894000000055,16.066328000000055,RK,CZ
"Mokré,,U Váhy",50.250107000000064,16.07837600000005,RK,CZ
"Mokré,,U Váhy",50.24996000000003,16.078200000000038,RK,CZ
"Mokré,,V Lípách",50.267270000000046,16.06320100000005,RK,CZ
"Mokré,,V Lípách",50.26725400000003,16.063094000000035,RK,CZ
Mokrovousy,50.27541100000008,15.685915000000021,HK,CZ
"Mostek,,aut.st.",50.48770600000006,15.695572000000025,TU,CZ
"Mostek,,koupaliště",50.48309200000005,15.692221000000073,TU,CZ
"Mostek,,koupaliště",50.48398400000008,15.692985000000022,TU,CZ
"Mostek,Debrné,hájovna",50.49107300000002,15.73071600000003,TU,CZ
"Mostek,Debrné,hájovna",50.49048600000002,15.730526000000054,TU,CZ
"Mostek,Debrné,most",50.49637800000005,15.73960600000004,TU,CZ
"Mostek,Debrné,most",50.496556000000055,15.73980000000006,TU,CZ
"Mostek,Debrné,most",50.49664300000006,15.739308000000051,TU,CZ
"Mostek,Debrné,most",50.49650900000005,15.739279000000066,TU,CZ
"Mostek,Debrné,studánka",50.494963000000034,15.72813300000007,TU,CZ
"Mostek,Debrné,studánka",50.49495200000006,15.727919000000043,TU,CZ
"Mostek,Souvrať,Josefská výšina",50.476841000000036,15.70720700000004,TU,CZ
"Mostek,Souvrať,Josefská výšina",50.47708900000003,15.706661000000054,TU,CZ
"Mostek,Souvrať,u mostu",50.46982600000006,15.721480000000042,TU,CZ
"Mostek,Souvrať,u mostu",50.46997400000003,15.72143200000005,TU,CZ
Myštěves,50.29627500000003,15.55730200000005,HK,CZ
"Mžany,,ObÚ",50.29641800000007,15.674777000000065,HK,CZ
"Mžany,,ObÚ",50.296480000000024,15.67469600000004,HK,CZ
"Mžany,Dub,odb.",50.307404000000076,15.673121000000036,HK,CZ
"Mžany,Dub,odb.",50.30756400000007,15.673011000000031,HK,CZ
"Mžany,Dub,odb.",50.307416000000046,15.67273300000005,HK,CZ
"Mžany,Dub,odb.",50.307428000000066,15.672843000000057,HK,CZ
"Mžany,Stračovská Lhota",50.29151000000007,15.65122500000007,HK,CZ
"Mžany,Stračovská Lhota",50.29144200000007,15.651260000000036,HK,CZ
"Mžany,Stračovská Lhota,Zavadilka",50.28829300000007,15.657510000000057,HK,CZ
"Mžany,Stračovská Lhota,Zavadilka",50.28821200000005,15.657482000000075,HK,CZ
Nahořany,50.352699000000015,16.08258200000006,NA,CZ
Nahořany,50.35265800000007,16.08281400000004,NA,CZ
"Nahořany,,odb.Dolsko",50.35012200000006,16.072801000000027,NA,CZ
"Nahořany,,odb.Dolsko",50.35021800000004,16.07404800000006,NA,CZ
"Nahořany,Lhota,rozc.Doubravice",50.36087300000002,16.08925400000004,NA,CZ
"Nahořany,Lhota,rozc.Doubravice",50.36096300000002,16.089144000000033,NA,CZ
"Nahořany,Městec",50.35216200000007,16.05392800000004,NA,CZ
"Nahořany,Městec,odb.Roztoky",50.33657600000004,16.04835600000007,NA,CZ
"Nahořany,Městec,odb.Roztoky",50.336116000000054,16.048578000000077,NA,CZ
"Náchod,,aut.st.",50.41768600000005,16.17136800000003,NA,CZ
"Náchod,,aut.st.",50.41762500000004,16.171145000000024,NA,CZ
"Náchod,,aut.st.",50.41757500000005,16.170885000000055,NA,CZ
"Náchod,,aut.st.",50.41752200000007,16.170694000000026,NA,CZ
"Náchod,,aut.st.",50.41775500000006,16.171325000000024,NA,CZ
"Náchod,,aut.st.",50.41769700000004,16.171121000000028,NA,CZ
"Náchod,,aut.st.",50.41764000000006,16.170848000000035,NA,CZ
"Náchod,,aut.st.",50.41755500000004,16.170665000000042,NA,CZ
"Náchod,,Branka sídliště",50.403250000000064,16.147072000000037,NA,CZ
"Náchod,,CLO",50.42947700000006,16.197497000000055,NA,CZ
"Náchod,,CLO",50.429542000000026,16.197155000000066,NA,CZ
"Náchod,,Hamra",50.41027500000007,16.161195000000077,NA,CZ
"Náchod,,Hamra",50.41028400000004,16.160865000000058,NA,CZ
"Náchod,,Klínek",50.413697000000056,16.148149000000046,NA,CZ
"Náchod,,Klínek",50.41365900000005,16.14859400000006,NA,CZ
"Náchod,,Komenského",50.41075800000004,16.15684600000003,NA,CZ
"Náchod,,Montace",50.417779000000046,16.17880400000007,NA,CZ
"Náchod,,Montace",50.41761900000006,16.178946000000053,NA,CZ
"Náchod,,Nemastova",50.40630400000003,16.146966000000077,NA,CZ
"Náchod,,Okresní soud",50.41435700000004,16.16682600000007,NA,CZ
"Náchod,,Okresní soud",50.41346000000003,16.165283000000045,NA,CZ
"Náchod,,Plhov",50.42189400000006,16.16752800000006,NA,CZ
"Náchod,,Plhov",50.42178400000005,16.167331000000047,NA,CZ
"Náchod,,pod Brankou",50.40693300000003,16.137546000000043,NA,CZ
"Náchod,,pod Brankou",50.40716600000007,16.137803000000076,NA,CZ
"Náchod,,restaurace Sport",50.416730000000015,16.170618000000047,NA,CZ
"Náchod,,Rybárna",50.406169000000034,16.14977300000004,NA,CZ
"Náchod,,Rybárna",50.40662100000002,16.148434000000066,NA,CZ
"Náchod,,sídliště SUN",50.40585600000003,16.16431300000005,NA,CZ
"Náchod,,sídliště SUN",50.40604900000005,16.16456000000005,NA,CZ
"Náchod,,sokolovna",50.41492800000003,16.16009500000007,NA,CZ
"Náchod,,sokolovna",50.41486500000007,16.159844000000078,NA,CZ
"Náchod,,sokolovna",50.41571100000003,16.160025000000076,NA,CZ
"Náchod,,školy TGM",50.40956600000004,16.164768000000038,NA,CZ
"Náchod,,školy TGM",50.41030200000006,16.165227000000073,NA,CZ
"Náchod,,Za Kapličkou",50.42364600000006,16.171029000000033,NA,CZ
"Náchod,,Za Kapličkou",50.42359300000004,16.17090100000007,NA,CZ
"Náchod,Babí,továrna",50.43386900000007,16.190604000000064,NA,CZ
"Náchod,Babí,továrna",50.43357400000007,16.19027600000004,NA,CZ
"Náchod,Babí,Třešňová",50.434690000000046,16.17699700000003,NA,CZ
"Náchod,Babí,Třešňová",50.43471600000003,16.17684600000007,NA,CZ
"Náchod,Babí,Vrška",50.42941200000006,16.173778000000027,NA,CZ
"Náchod,Babí,Vrška",50.42935900000003,16.17356600000005,NA,CZ
"Náchod,Běloves,celní deklarant",50.428426000000044,16.18966400000005,NA,CZ
"Náchod,Běloves,celní deklarant",50.42863400000004,16.189192000000048,NA,CZ
"Náchod,Běloves,IDA",50.42343500000003,16.18511200000006,NA,CZ
"Náchod,Běloves,IDA",50.42356000000006,16.184993000000077,NA,CZ
"Náchod,Běloves,Kaufland",50.42397300000003,16.190211000000033,NA,CZ
"Náchod,Běloves,stadion",50.41818600000005,16.183771000000036,NA,CZ
"Náchod,Běloves,stadion",50.41809300000005,16.183697000000052,NA,CZ
"Náchod,Běloves,škola",50.42000900000005,16.188482000000022,NA,CZ
"Náchod,Běloves,škola",50.42000500000006,16.188819000000024,NA,CZ
"Náchod,Bražec,odb.Peklo",50.394457000000045,16.15494300000006,NA,CZ
"Náchod,Bražec,odb.Peklo",50.39468500000004,16.15441000000004,NA,CZ
"Náchod,Bražec,točna",50.394667000000034,16.149474000000055,NA,CZ
"Náchod,Bražec,točna",50.394548000000036,16.148867000000052,NA,CZ
"Náchod,Dobrošov",50.40261600000008,16.200339000000042,NA,CZ
"Náchod,Dobrošov",50.402734000000066,16.20000200000004,NA,CZ
"Náchod,Dobrošov,Polsko",50.402578000000055,16.21084600000006,NA,CZ
"Náchod,Dobrošov,Polsko",50.402667000000065,16.210510000000056,NA,CZ
"Náchod,Jizbice",50.39149500000008,16.19258300000007,NA,CZ
"Náchod,Jizbice",50.391564000000066,16.19238400000006,NA,CZ
"Náchod,Lipí",50.39260900000005,16.17495400000007,NA,CZ
"Náchod,Lipí",50.39278000000007,16.17492500000003,NA,CZ
"Náchod,Lipí,Buček",50.393327000000056,16.18175800000006,NA,CZ
"Náchod,Lipí,Buček",50.39342000000005,16.181736000000058,NA,CZ
"Náchod,Malé Poříčí",50.444579000000026,16.191342000000077,NA,CZ
"Náchod,Malé Poříčí",50.44414100000005,16.191149000000053,NA,CZ
"Náchod,Pavlišov",50.446372000000046,16.173641000000032,NA,CZ
"Náchod,Pavlišov",50.446289000000036,16.17363800000004,NA,CZ
"Náchod,Pavlišov,točna",50.44864100000006,16.168629000000067,NA,CZ
"Náchod,Staré Město,Bartoň",50.398287000000025,16.157850000000053,NA,CZ
"Náchod,Staré Město,Bartoň",50.39849300000003,16.15826400000003,NA,CZ
"Náchod,Staré Město,hřbitov",50.40769100000005,16.154334000000063,NA,CZ
"Náchod,Staré Město,prádelna",50.40549600000002,16.15348800000004,NA,CZ
"Náchod,Staré Město,rozc.",50.40750600000007,16.156580000000076,NA,CZ
"Náchod,Staré Město,rozc.",50.40815000000003,16.157789000000037,NA,CZ
"Náchod,Staré Město,Skalka",50.404900000000055,16.167088000000035,NA,CZ
"Náchod,Staré Město,Skalka",50.40493500000008,16.167173000000048,NA,CZ
"Náchod,Staré Město,škola",50.401332000000075,16.16061700000006,NA,CZ
"Náchod,Staré Město,škola",50.40132700000004,16.15978800000005,NA,CZ
Neděliště,50.27555100000006,15.785096000000065,HK,CZ
Neděliště,50.27549900000008,15.785270000000025,HK,CZ
"Nechanice,,hájovna",50.22720200000003,15.653459000000055,HK,CZ
"Nechanice,,hájovna",50.22713000000004,15.65346500000004,HK,CZ
"Nechanice,,hřbitov",50.230845000000045,15.632637000000047,HK,CZ
"Nechanice,,hřbitov",50.23073900000003,15.632555000000025,HK,CZ
"Nechanice,,nám.",50.239218000000044,15.633791000000029,HK,CZ
"Nechanice,,nemocnice",50.23617800000006,15.635670000000061,HK,CZ
"Nechanice,,odb.Komárov",50.242887000000046,15.640410000000031,HK,CZ
"Nechanice,,odb.Komárov",50.24285400000007,15.640269000000046,HK,CZ
"Nechanice,,Palackého",50.23838300000005,15.64142000000004,HK,CZ
"Nechanice,,Palackého",50.23872600000004,15.640589000000032,HK,CZ
"Nechanice,Lubno,kašna",50.24116200000003,15.656053000000044,HK,CZ
"Nechanice,Lubno,kašna",50.24127900000008,15.656493000000069,HK,CZ
"Nechanice,Lubno,odb.Jehlice",50.24044700000006,15.679757000000052,HK,CZ
"Nechanice,Lubno,odb.Jehlice",50.24050400000003,15.679643000000056,HK,CZ
"Nechanice,Lubno,prodejna",50.24287700000007,15.661219000000074,HK,CZ
"Nechanice,Lubno,prodejna",50.24275300000005,15.661873000000071,HK,CZ
"Nechanice,Nerošov,odb.",50.28208700000004,15.634790000000066,HK,CZ
"Nechanice,Nerošov,odb.",50.28204900000002,15.634907000000055,HK,CZ
"Nechanice,Sobětuš,kříž",50.253882000000026,15.665769000000068,HK,CZ
"Nechanice,Sobětuš,kříž",50.25386100000002,15.666003000000046,HK,CZ
"Nechanice,Sobětuš,socha sv.Václava",50.25572400000004,15.671913000000075,HK,CZ
"Nechanice,Sobětuš,socha sv.Václava",50.255739000000055,15.672154000000036,HK,CZ
"Nechanice,Staré Nechanice,prodejna",50.243421000000076,15.618003000000044,HK,CZ
"Nechanice,Staré Nechanice,prodejna",50.24357800000006,15.61780300000004,HK,CZ
"Nechanice,Staré Nechanice,ZD",50.241281000000065,15.623991000000048,HK,CZ
"Nechanice,Staré Nechanice,ZD",50.24164500000006,15.623473000000049,HK,CZ
"Nechanice,Staré Nechanice,zkušebna",50.24137500000006,15.62601600000005,HK,CZ
"Nechanice,Staré Nechanice,zkušebna",50.24109100000004,15.626253000000077,HK,CZ
"Nechanice,Suchá",50.27218300000004,15.63412500000004,HK,CZ
"Nechanice,Suchá,odb.",50.269896000000074,15.636734000000047,HK,CZ
"Nechanice,Suchá,odb.",50.269991000000054,15.637063000000069,HK,CZ
"Nechanice,Tůně",50.25649100000004,15.648304000000053,HK,CZ
"Nechanice,Tůně",50.25639100000006,15.648216000000048,HK,CZ
"Nechanice,Tůně,odb.",50.25164100000006,15.651829000000077,HK,CZ
"Nechanice,Tůně,odb.",50.25179600000006,15.650840000000073,HK,CZ
"Nechanice,Tůně,odb.",50.25185000000005,15.650738000000045,HK,CZ
"Nemojov,Dolní Nemojov",50.46718700000006,15.752761000000078,TU,CZ
"Nemojov,Dolní Nemojov",50.46728100000007,15.753259000000071,TU,CZ
"Nemojov,Nový Nemojov,ozdravovna",50.46067700000003,15.766863000000056,TU,CZ
"Nemojov,Nový Nemojov,ozdravovna",50.461043000000075,15.766402000000028,TU,CZ
"Nemojov,Starobucké Debrné",50.47800200000007,15.751926000000026,TU,CZ
"Nemyčeves,,Letná",50.389621000000034,15.386059000000046,JC,CZ
"Nemyčeves,,Letná",50.38942300000007,15.386064000000035,JC,CZ
Nepolisy,50.19182400000005,15.464906000000044,HK,CZ
Nepolisy,50.19166800000005,15.464991000000055,HK,CZ
"Nepolisy,,VÚ",50.182192000000036,15.46376900000007,HK,CZ
"Nepolisy,,VÚ",50.18216300000005,15.463888000000054,HK,CZ
"Nepolisy,Luková",50.19011400000004,15.483516000000064,HK,CZ
"Nepolisy,Zadražany",50.19942800000007,15.472384000000032,HK,CZ
"Nepolisy,Zadražany",50.199441000000036,15.472543000000032,HK,CZ
Nevratice,50.34857900000002,15.49618300000003,JC,CZ
Nevratice,50.347903000000024,15.495926000000054,JC,CZ
"Nová Paka,,aut.st.",50.49537500000008,15.51808500000004,JC,CZ
"Nová Paka,,aut.st.",50.495295000000056,15.518279000000064,JC,CZ
"Nová Paka,,aut.st.",50.49522500000006,15.518466000000046,JC,CZ
"Nová Paka,,aut.st.",50.495147000000024,15.518671000000039,JC,CZ
"Nová Paka,,aut.st.",50.49524600000006,15.518087000000035,JC,CZ
"Nová Paka,,aut.st.",50.49517200000008,15.518292000000033,JC,CZ
"Nová Paka,,aut.st.",50.49510000000003,15.518482000000061,JC,CZ
"Nová Paka,,gymnázium",50.49529400000006,15.51042700000005,JC,CZ
"Nová Paka,,Lomnická",50.500058000000074,15.508788000000038,JC,CZ
"Nová Paka,,Lomnická",50.49990100000008,15.508849000000057,JC,CZ
"Nová Paka,,Nový Štikov",50.48250100000006,15.531356000000073,JC,CZ
"Nová Paka,,Nový Štikov",50.48240800000007,15.531372000000035,JC,CZ
"Nová Paka,,poliklinika",50.489834000000016,15.520543000000034,JC,CZ
"Nová Paka,,poliklinika",50.49003200000004,15.520753000000072,JC,CZ
"Nová Paka,,Přibyslavská",50.485615000000045,15.525461000000066,JC,CZ
"Nová Paka,,Přibyslavská",50.48546400000003,15.525467000000047,JC,CZ
"Nová Paka,,Slovany",50.49609300000002,15.505392000000029,JC,CZ
"Nová Paka,,ZPA",50.48675800000006,15.508668000000057,JC,CZ
"Nová Paka,,ZPA",50.48666300000007,15.50877600000007,JC,CZ
"Nová Paka,Heřmanice,kříž",50.477897000000034,15.522188000000027,JC,CZ
"Nová Paka,Heřmanice,kříž",50.477387000000085,15.522012000000075,JC,CZ
"Nová Paka,Heřmanice,stavebniny",50.484523000000074,15.521751000000052,JC,CZ
"Nová Paka,Heřmanice,stavebniny",50.48462500000005,15.521578000000032,JC,CZ
"Nová Paka,Kumburský Újezd",50.47035700000003,15.499271000000022,JC,CZ
"Nová Paka,Kumburský Újezd",50.47034300000007,15.499029000000066,JC,CZ
"Nová Paka,Přibyslav",50.47509700000006,15.546752000000025,JC,CZ
"Nová Paka,Přibyslav",50.474934000000076,15.54689600000006,JC,CZ
"Nová Paka,Radkyně",50.47460700000005,15.55677300000008,JC,CZ
"Nová Paka,Studénka",50.47621900000007,15.502117000000055,JC,CZ
"Nová Paka,Studénka",50.47626300000007,15.501881000000026,JC,CZ
"Nová Paka,Štikov,autoservis",50.48532500000004,15.53186800000003,JC,CZ
"Nová Paka,Štikov,dolní",50.48314400000004,15.544116000000031,JC,CZ
"Nová Paka,Štikov,dolní",50.48304500000006,15.544186000000025,JC,CZ
"Nová Paka,Valdov",50.466173000000026,15.532002000000036,JC,CZ
"Nová Paka,Valdov",50.466133000000056,15.531896000000074,JC,CZ
"Nová Paka,Vrchovina,dolní",50.50420400000007,15.533881000000063,JC,CZ
"Nová Paka,Vrchovina,dolní",50.50421200000005,15.534016000000067,JC,CZ
"Nová Paka,Vrchovina,has.zbroj.",50.50416000000007,15.541664000000024,JC,CZ
"Nová Paka,Vrchovina,hlavní silnice",50.50509600000002,15.533772000000056,JC,CZ
"Nová Paka,Vrchovina,hlavní silnice",50.50505800000007,15.534010000000023,JC,CZ
"Nová Ves,,Kvartýr",50.13798600000006,16.03974800000003,RK,CZ
"Nová Ves,,Kvartýr",50.138011000000056,16.039855000000045,RK,CZ
"Nová Ves,,Kvartýr",50.457576000000074,16.07620600000007,NA,CZ
"Nová Ves,,transformátor",50.130202000000054,16.05019500000003,RK,CZ
"Nová Ves,,transformátor",50.130277000000035,16.05004800000006,RK,CZ
"Nová Ves,,u křížku",50.12942400000002,16.054324000000065,RK,CZ
"Nová Ves,,u křížku",50.129526000000055,16.054087000000038,RK,CZ
"Nové Město n.Met.,,AMMANN",50.35743300000007,16.135392000000024,NA,CZ
"Nové Město n.Met.,,bazén",50.357572000000054,16.137013000000024,NA,CZ
"Nové Město n.Met.,,bazén",50.357622000000056,16.13712000000004,NA,CZ
"Nové Město n.Met.,,Dům hasičů",50.35395800000003,16.148773000000062,NA,CZ
"Nové Město n.Met.,,Dům hasičů",50.35387700000006,16.148903000000075,NA,CZ
"Nové Město n.Met.,,František U Lípy",50.35857600000002,16.154379000000063,NA,CZ
"Nové Město n.Met.,,František U Lípy",50.35856800000004,16.15432100000004,NA,CZ
"Nové Město n.Met.,,Hradiště",50.34955200000007,16.16456500000004,NA,CZ
"Nové Město n.Met.,,Hradiště",50.349477000000036,16.164360000000045,NA,CZ
"Nové Město n.Met.,,Husovo nám.",50.34347100000008,16.151792000000057,NA,CZ
"Nové Město n.Met.,,Husovo nám.",50.34438300000004,16.15163700000005,NA,CZ
"Nové Město n.Met.,,Malecí nemocnice",50.356986000000056,16.149565000000052,NA,CZ
"Nové Město n.Met.,,Malecí nemocnice",50.35150400000004,16.15026400000005,NA,CZ
"Nové Město n.Met.,,Na Rychtě",50.35134400000005,16.150389000000075,NA,CZ
"Nové Město n.Met.,,Na Rychtě",50.35133300000007,16.150209000000075,NA,CZ
"Nové Město n.Met.,,Na Rychtě",50.35144300000007,16.15037600000005,NA,CZ
"Nové Město n.Met.,,Na Rychtě",50.35143400000004,16.150199000000043,NA,CZ
"Nové Město n.Met.,,Na Rychtě",50.35141100000004,16.15028300000006,NA,CZ
"Nové Město n.Met.,,Na Rychtě",50.351398000000074,16.150104000000056,NA,CZ
"Nové Město n.Met.,,Na Rychtě",50.351494000000066,16.15008800000004,NA,CZ
"Nové Město n.Met.,,Na Rychtě",50.35150400000004,16.15026400000005,NA,CZ
"Nové Město n.Met.,,Na Výsluní",50.35767700000007,16.159182000000044,NA,CZ
"Nové Město n.Met.,,Na Výsluní",50.35778000000004,16.15883800000006,NA,CZ
"Nové Město n.Met.,,Náchodská",50.354522000000024,16.13585400000005,NA,CZ
"Nové Město n.Met.,,Náchodská",50.35389600000007,16.13566700000007,NA,CZ
"Nové Město n.Met.,,nám.17.listopadu",50.355921000000066,16.156186000000048,NA,CZ
"Nové Město n.Met.,,nám.17.listopadu",50.35588800000006,16.156128000000024,NA,CZ
"Nové Město n.Met.,,nám.Republiky",50.34584800000004,16.150111000000038,NA,CZ
"Nové Město n.Met.,,nám.Republiky",50.345809000000024,16.150319000000025,NA,CZ
"Nové Město n.Met.,,nám.Republiky",50.345386000000076,16.15018500000002,NA,CZ
"Nové Město n.Met.,,Papírny",50.34105500000004,16.155575000000056,NA,CZ
"Nové Město n.Met.,,Pekelská",50.350299000000064,16.153943000000027,NA,CZ
"Nové Město n.Met.,,Pekelská",50.35035200000004,16.15384300000005,NA,CZ
"Nové Město n.Met.,,Rezecký most",50.345342000000066,16.15357300000005,NA,CZ
"Nové Město n.Met.,,Rezecký most",50.345361000000025,16.15347500000007,NA,CZ
"Nové Město n.Met.,,Rezek",50.34273500000006,16.172181000000023,NA,CZ
"Nové Město n.Met.,,Rezek",50.342829000000044,16.172519000000023,NA,CZ
"Nové Město n.Met.,,Sepský most",50.34017400000005,16.157417000000066,NA,CZ
"Nové Město n.Met.,,Sepský most",50.34034000000002,16.157249000000036,NA,CZ
"Nové Město n.Met.,,slévárna",50.352392000000066,16.143996000000072,NA,CZ
"Nové Město n.Met.,,slévárna",50.35235000000006,16.143895000000043,NA,CZ
"Nové Město n.Met.,,Slza",50.35759800000005,16.135438000000022,NA,CZ
"Nové Město n.Met.,,sokolovna",50.35100600000004,16.154000000000053,NA,CZ
"Nové Město n.Met.,,sokolovna",50.35109400000004,16.154003000000046,NA,CZ
"Nové Město n.Met.,,Studýnka",50.35187800000005,16.171357000000057,NA,CZ
"Nové Město n.Met.,,Studýnka",50.351928000000036,16.17125500000003,NA,CZ
"Nové Město n.Met.,,Žďár",50.33737800000005,16.16604700000005,NA,CZ
"Nové Město n.Met.,,Žďár",50.33736300000003,16.166079000000025,NA,CZ
"Nové Město n.Met.,,žel.st.",50.35326100000003,16.138193000000058,NA,CZ
"Nové Město n.Met.,,žel.st.",50.35347500000006,16.138111000000038,NA,CZ
"Nové Město n.Met.,,žel.st.",50.35364600000002,16.13804700000003,NA,CZ
"Nové Město n.Met.,,žel.st.",50.353643000000034,16.13837600000005,NA,CZ
"Nové Město n.Met.,,žel.st.",50.353087000000066,16.13925500000005,NA,CZ
"Nové Město n.Met.,,žel.st.",50.35302200000007,16.139229000000057,NA,CZ
"Nové Město n.Met.,Krčín,Dobrušská",50.34397100000006,16.13536300000004,NA,CZ
"Nové Město n.Met.,Krčín,Dobrušská",50.343926000000074,16.13525400000003,NA,CZ
"Nové Město n.Met.,Krčín,kostel",50.35226400000005,16.12457500000005,NA,CZ
"Nové Město n.Met.,Krčín,kostel",50.35219900000004,16.124551000000054,NA,CZ
"Nové Město n.Met.,Krčín,Luštinec",50.35446200000007,16.121835000000033,NA,CZ
"Nové Město n.Met.,Krčín,Luštinec",50.35423000000003,16.122259000000042,NA,CZ
"Nové Město n.Met.,Krčín,most",50.350351000000046,16.133526000000074,NA,CZ
"Nové Město n.Met.,Krčín,most",50.35091800000003,16.133778000000063,NA,CZ
"Nové Město n.Met.,Krčín,Na Strážnici",50.35277600000007,16.12876200000005,NA,CZ
"Nové Město n.Met.,Krčín,Na Strážnici",50.352734000000055,16.12862700000005,NA,CZ
"Nové Město n.Met.,Krčín,Osma",50.34276600000003,16.122070000000065,NA,CZ
"Nové Město n.Met.,Krčín,Osma",50.342866000000065,16.121481000000074,NA,CZ
"Nové Město n.Met.,Krčín,U Letiště",50.35310100000003,16.121500000000026,NA,CZ
"Nové Město n.Met.,Krčín,U Letiště",50.35309600000005,16.121417000000065,NA,CZ
"Nové Město n.Met.,Krčín,U Zvonice",50.353167000000035,16.124398000000042,NA,CZ
"Nové Město n.Met.,Krčín,U Zvonice",50.35316000000006,16.12448900000004,NA,CZ
"Nové Město n.Met.,Krčín,Žižkovo nám.",50.349493000000045,16.12943800000005,NA,CZ
"Nové Město n.Met.,Krčín,Žižkovo nám.",50.349369000000074,16.129496000000074,NA,CZ
"Nové Město n.Met.,Spy,Halínská",50.32962800000007,16.147191000000078,NA,CZ
"Nové Město n.Met.,Spy,Chlístovská",50.33124400000003,16.15411000000006,NA,CZ
"Nové Město n.Met.,Spy,Chlístovská",50.33128000000005,16.15409500000004,NA,CZ
"Nové Město n.Met.,Vrchoviny,dolní",50.365954000000045,16.141083000000037,NA,CZ
"Nové Město n.Met.,Vrchoviny,dolní",50.36595000000005,16.141201000000024,NA,CZ
"Nové Město n.Met.,Vrchoviny,hřbitov",50.37024600000006,16.138528000000065,NA,CZ
"Nové Město n.Met.,Vrchoviny,hřbitov",50.37017600000007,16.138619000000062,NA,CZ
"Nové Město n.Met.,Vrchoviny,rozc.",50.36625500000009,16.14423000000005,NA,CZ
"Nové Město n.Met.,Vrchoviny,rozc.",50.36616400000002,16.14449600000006,NA,CZ
"Nové Město,,prodejna",50.14868800000005,15.497404000000074,HK,CZ
"Nové Město,,prodejna",50.14841300000006,15.49686500000007,HK,CZ
"Nové Město,,rybník",50.14649700000007,15.49462900000003,HK,CZ
"Nové Město,,rybník",50.14587500000004,15.494449000000031,HK,CZ
"Nové Město,,škola",50.14740500000005,15.49478800000003,HK,CZ
"Nový Bydžov,,AGRA",50.25004400000007,15.492493000000023,HK,CZ
"Nový Bydžov,,AGRA",50.25003800000007,15.492358000000024,HK,CZ
"Nový Bydžov,,hřbitov",50.24185100000005,15.483206000000054,HK,CZ
"Nový Bydžov,,Hvězda",50.24108100000006,15.49508000000003,HK,CZ
"Nový Bydžov,,Hvězda",50.24091300000002,15.49543600000004,HK,CZ
"Nový Bydžov,,Metličany",50.243158000000044,15.511105000000041,HK,CZ
"Nový Bydžov,,Metličany",50.24312700000007,15.511273000000074,HK,CZ
"Nový Bydžov,,mycí centrum",50.23979400000007,15.506660000000068,HK,CZ
"Nový Bydžov,,mycí centrum",50.239878000000026,15.50689200000005,HK,CZ
"Nový Bydžov,,nemocnice",50.24365800000003,15.481573000000024,HK,CZ
"Nový Bydžov,,nemocnice",50.24311000000006,15.48227000000003,HK,CZ
"Nový Bydžov,,Prefa",50.228930000000034,15.494408000000021,HK,CZ
"Nový Bydžov,,škola",50.23879500000004,15.489919000000043,HK,CZ
"Nový Bydžov,,škola",50.23715800000007,15.489491000000045,HK,CZ
"Nový Bydžov,,Terminál HD",50.24294400000007,15.485436000000051,HK,CZ
"Nový Bydžov,,Terminál HD",50.243015000000064,15.485478000000057,HK,CZ
"Nový Bydžov,,Terminál HD",50.243149000000074,15.485539000000074,HK,CZ
"Nový Bydžov,,Terminál HD",50.243246000000056,15.48558200000002,HK,CZ
"Nový Bydžov,,Terminál HD",50.243348000000026,15.485626000000023,HK,CZ
"Nový Bydžov,,Terminál HD",50.24345200000004,15.485676000000069,HK,CZ
"Nový Bydžov,Chudonice,Otmarka",50.23261100000006,15.487956000000054,HK,CZ
"Nový Bydžov,Chudonice,Otmarka",50.23252600000006,15.487941000000037,HK,CZ
"Nový Bydžov,Chudonice,prodejna",50.23223700000004,15.487004000000072,HK,CZ
"Nový Bydžov,Chudonice,prodejna",50.23227900000006,15.48685000000006,HK,CZ
"Nový Bydžov,Nová Skřeněř",50.24041700000002,15.428134000000059,HK,CZ
"Nový Bydžov,Nová Skřeněř",50.24047500000005,15.428078000000028,HK,CZ
"Nový Bydžov,Skochovice,hřiště",50.22638400000005,15.400949000000027,HK,CZ
"Nový Bydžov,Skochovice,odb.Žantov",50.22911300000004,15.394166000000041,HK,CZ
"Nový Bydžov,Stará Skřeněř,hřiště",50.24582700000007,15.440270000000057,HK,CZ
"Nový Bydžov,Stará Skřeněř,hřiště",50.245753000000036,15.440106000000073,HK,CZ
"Nový Bydžov,Vysočany",50.21646800000007,15.496507000000065,HK,CZ
"Nový Bydžov,Vysočany",50.21641500000003,15.496730000000072,HK,CZ
"Nový Bydžov,Zábědov",50.22506100000004,15.480954000000054,HK,CZ
"Nový Bydžov,Zábědov",50.22488500000003,15.480766000000074,HK,CZ
"Nový Bydžov,Zábědov,prům.zóna",50.22120800000004,15.479643000000069,HK,CZ
"Nový Bydžov,Žantov",50.24141300000007,15.395184000000027,HK,CZ
"Nový Bydžov,Žantov",50.24135900000004,15.395074000000022,HK,CZ
"Nový Hrádek,,nám.",50.35769100000005,16.24372100000005,NA,CZ
"Nový Hrádek,,odb.Doly",50.34784400000006,16.261505000000056,NA,CZ
"Nový Hrádek,,odb.Doly",50.34837700000001,16.240766000000065,NA,CZ
"Nový Hrádek,,škola",50.35955400000005,16.247161000000062,NA,CZ
"Nový Hrádek,,škola",50.35956800000008,16.247307000000035,NA,CZ
"Nový Hrádek,Rzy,odb.Dlouhé",50.36431200000005,16.276196000000027,NA,CZ
"Nový Hrádek,Rzy,odb.Dlouhé",50.36431400000003,16.276384000000064,NA,CZ
"Nový Hrádek,Rzy,u Andršů",50.35742000000004,16.266365000000064,NA,CZ
"Nový Hrádek,Rzy,u Andršů",50.35763500000006,16.266482000000053,NA,CZ
"Nový Hrádek,Rzy,u Pařízků",50.347797000000064,16.261554000000046,NA,CZ
"Nový Hrádek,Rzy,u Pařízků",50.34784400000006,16.261505000000056,NA,CZ
Nový Ples,50.32203500000003,15.949389000000052,NA,CZ
Nový Ples,50.32206400000006,15.949556000000028,NA,CZ
"Nový Ples,,myslivna",50.31301500000006,15.951611000000073,NA,CZ
"Nový Ples,,myslivna",50.31324300000005,15.951704000000065,NA,CZ
"Obědovice,,motorest",50.16498000000007,15.582805000000064,HK,CZ
"Obědovice,,motorest",50.16483000000004,15.582453000000044,HK,CZ
"Obědovice,,ObÚ",50.16082600000005,15.582988000000057,HK,CZ
Očelice,50.24304500000005,16.06773000000004,RK,CZ
Očelice,50.24353100000006,16.068091000000038,RK,CZ
"Očelice,Městec n.Děd.",50.24423900000006,16.048992000000055,RK,CZ
"Očelice,Městec n.Děd.",50.24416200000007,16.04911000000004,RK,CZ
Ohařice,50.45421300000004,15.259258000000045,JC,CZ
Ohařice,50.45442100000009,15.258745000000033,JC,CZ
Ohaveč,50.45045000000004,15.309836000000075,JC,CZ
Ohaveč,50.45058100000006,15.309871000000046,JC,CZ
"Ohnišov,,hostinec U potoka",50.31992400000007,16.215476000000024,RK,CZ
"Ohnišov,,hostinec U potoka",50.32001200000008,16.215543000000025,RK,CZ
"Ohnišov,,U Jelena",50.325211000000074,16.211650000000077,RK,CZ
"Ohnišov,,U Jelena",50.325091000000036,16.21169100000003,RK,CZ
"Ohnišov,,Zákraví",50.32987000000003,16.187010000000043,RK,CZ
"Ohnišov,,Zákraví",50.32979600000004,16.187031000000047,RK,CZ
"Ohnišťany,,ObÚ",50.32976700000007,15.512147000000027,HK,CZ
"Ohnišťany,,ObÚ",50.329826000000025,15.512298000000042,HK,CZ
"Ohnišťany,,žel.přejezd",50.34063900000005,15.513862000000076,HK,CZ
"Ohnišťany,,žel.přejezd",50.34068400000007,15.513826000000051,HK,CZ
"Olešnice v Orl.h.,,dolní",50.37217700000008,16.298722000000055,RK,CZ
"Olešnice v Orl.h.,,dolní",50.37219600000003,16.298629000000062,RK,CZ
"Olešnice v Orl.h.,,nám.",50.37315000000007,16.310310000000072,RK,CZ
"Olešnice v Orl.h.,,nám.",50.37308800000005,16.310367000000042,RK,CZ
"Olešnice v Orl.h.,,skiareál",50.36124700000004,16.304478000000074,RK,CZ
"Olešnice v Orl.h.,,skiareál",50.363867000000035,16.306476000000032,RK,CZ
"Olešnice,,hostinec",50.143951000000065,16.148728000000062,RK,CZ
"Olešnice,,hostinec",50.144188000000035,16.14882300000005,RK,CZ
"Olešnice,,kampelička",50.15874400000007,16.15691400000003,RK,CZ
"Olešnice,,kampelička",50.15875500000003,16.15705500000007,RK,CZ
"Olešnice,,náves",50.13784200000004,15.446178000000033,HK,CZ
"Olešnice,,náves",50.13770300000004,15.446493000000032,HK,CZ
"Olešnice,,ObÚ",50.14267000000006,15.445346000000029,HK,CZ
"Olešnice,,ObÚ",50.142634000000044,15.445034000000076,HK,CZ
"Olešnice,,prodejna",50.15382700000004,16.153629000000024,RK,CZ
"Olešnice,,prodejna",50.15395200000006,16.153732000000048,RK,CZ
"Olešnice,Hoděčín",50.16322400000007,16.161700000000053,RK,CZ
"Olešnice,Hoděčín",50.163245000000074,16.161913000000027,RK,CZ
"Olešnice,Levín",50.13424900000007,15.430952000000046,HK,CZ
"Olešnice,Levín",50.13422500000007,15.430764000000067,HK,CZ
"Opočno,,Hradecká",50.265894000000046,16.109140000000025,RK,CZ
"Opočno,,Hradecká",50.26589700000005,16.108961000000022,RK,CZ
"Opočno,,hřbitov",50.27080600000005,16.11987800000003,RK,CZ
"Opočno,,hřbitov",50.270584000000035,16.119431000000077,RK,CZ
"Opočno,,Jordánek",50.27217900000005,16.10424000000006,RK,CZ
"Opočno,,Jordánek",50.27246600000006,16.103447000000074,RK,CZ
"Opočno,,koupaliště",50.27013900000002,16.128103000000067,RK,CZ
"Opočno,,koupaliště",50.269983000000074,16.128039000000058,RK,CZ
"Opočno,,Nádražní",50.270832000000034,16.109541000000036,RK,CZ
"Opočno,,Nádražní",50.27064600000005,16.10957600000006,RK,CZ
"Opočno,,nám.",50.267409000000036,16.11441300000007,RK,CZ
"Opočno,,nám.",50.26748100000003,16.114614000000074,RK,CZ
"Opočno,,nám.",50.26754600000003,16.11477700000006,RK,CZ
"Opočno,,nám.",50.26762800000005,16.11499900000007,RK,CZ
"Opočno,,Podzámčí",50.27555000000007,16.092566000000033,RK,CZ
"Opočno,,Podzámčí",50.27567800000002,16.09242500000005,RK,CZ
"Opočno,,Vodětín",50.26865900000006,16.08618000000007,RK,CZ
"Opočno,,Vodětín",50.26870200000007,16.08625900000004,RK,CZ
"Opočno,,žel.st.",50.27803300000005,16.086201000000074,RK,CZ
"Opočno,Čánka,kaplička",50.26015000000007,16.086201000000074,RK,CZ
"Opočno,Čánka,kaplička",50.25998800000007,16.085988000000043,RK,CZ
"Opočno,Čánka,rozc.",50.25719600000007,16.094485000000077,RK,CZ
"Opočno,Čánka,rozc.",50.25676900000008,16.093522000000064,RK,CZ
"Opočno,Čánka,rozc.",50.25709100000005,16.09367000000003,RK,CZ
"Opočno,Čánka,rozc.",50.25734000000006,16.093395000000044,RK,CZ
"Opočno,Dobříkovec",50.251307000000054,16.107117000000073,RK,CZ
"Opočno,Dobříkovec",50.251262000000054,16.107009000000062,RK,CZ
"Orlické Záhoří,,Bedřichovka",50.29976900000002,16.442941000000076,RK,CZ
"Orlické Záhoří,,Bedřichovka",50.29965400000002,16.442863000000045,RK,CZ
"Orlické Záhoří,,Černá Voda",50.250998000000024,16.496274000000028,RK,CZ
"Orlické Záhoří,,Černá Voda",50.25078400000005,16.496391000000074,RK,CZ
"Orlické Záhoří,,Jadrná",50.28481600000002,16.456322000000057,RK,CZ
"Orlické Záhoří,,kostel",50.278097000000045,16.47576600000002,RK,CZ
"Orlické Záhoří,,kostel",50.27802300000007,16.475609000000077,RK,CZ
"Orlické Záhoří,,Kunštát",50.28086400000005,16.467159000000038,RK,CZ
"Orlické Záhoří,,Kunštát",50.280794000000064,16.46717700000005,RK,CZ
"Orlické Záhoří,,odb.hřebenovka",50.25633200000005,16.488646000000074,RK,CZ
"Orlické Záhoří,,odb.hřebenovka",50.25612600000006,16.488767000000053,RK,CZ
"Orlické Záhoří,,pila",50.27044400000004,16.479832000000044,RK,CZ
"Orlické Záhoří,,pila",50.27046700000005,16.479724000000033,RK,CZ
"Orlické Záhoří,,skiareál",50.28617100000008,16.453903000000025,RK,CZ
"Orlické Záhoří,,Zelenka",50.29506500000008,16.447688000000028,RK,CZ
"Orlické Záhoří,,Zelenka",50.29498500000005,16.447643000000028,RK,CZ
Osečnice,50.25717500000007,16.308488000000068,RK,CZ
Osečnice,50.25732100000004,16.30839700000007,RK,CZ
"Osečnice,Lomy",50.27157700000003,16.317196000000024,RK,CZ
"Osečnice,Proloh",50.24660000000004,16.301928000000032,RK,CZ
"Osečnice,Proloh",50.248253000000034,16.301691000000062,RK,CZ
Osek,50.464383000000055,15.155441000000053,JC,CZ
Osek,50.46448000000004,15.15547600000002,JC,CZ
"Osice,,kostel",50.14290400000003,15.685135000000061,HK,CZ
"Osice,,Škroupův dům",50.14691500000003,15.682847000000036,HK,CZ
"Osice,,Škroupův dům",50.146975000000054,15.682748000000062,HK,CZ
"Osice,Trávník,odb.",50.15152600000005,15.684975000000064,HK,CZ
"Osice,Trávník,odb.",50.15153400000002,15.684795000000065,HK,CZ
"Osičky,,Agrodružstvo",50.146156000000076,15.677807000000028,HK,CZ
"Osičky,,Agrodružstvo",50.146089000000075,15.677876000000024,HK,CZ
"Osičky,,ObÚ",50.14329800000008,15.676315000000045,HK,CZ
"Osičky,,ObÚ",50.143248000000035,15.67644100000007,HK,CZ
"Ostroměř,,muzeum",50.37458000000003,15.543374000000027,JC,CZ
"Ostroměř,,Nádražní",50.372341000000056,15.54922300000004,JC,CZ
"Ostroměř,,Nádražní",50.372329000000036,15.549115000000027,JC,CZ
"Ostroměř,,škola",50.375609000000054,15.543813000000059,JC,CZ
"Ostroměř,,T.G.Masaryka",50.372730000000054,15.548574000000032,JC,CZ
"Ostroměř,,T.G.Masaryka",50.37273400000004,15.547249000000022,JC,CZ
"Ostroměř,,žel.st.",50.369350000000054,15.54404100000005,JC,CZ
"Ostroměř,,žel.st.",50.369234000000056,15.54400700000002,JC,CZ
"Ostroměř,Domoslavice",50.36012400000004,15.551656000000037,JC,CZ
"Ostroměř,Domoslavice",50.36006400000008,15.551758000000065,JC,CZ
"Ostroměř,Nové Smrkovice",50.35992100000004,15.542463000000055,JC,CZ
Ostružno,50.44240400000007,15.289212000000077,JC,CZ
Ostružno,50.44238900000005,15.289384000000041,JC,CZ
"Otovice,,celnice",50.55085800000007,16.409087000000056,NA,CZ
"Otovice,,křiž.",50.56326000000007,16.366647000000057,NA,CZ
"Otovice,,křiž.",50.563182000000026,16.366679000000033,NA,CZ
"Otovice,,prodejna",50.55713100000003,16.38739300000003,NA,CZ
"Otovice,,prodejna",50.556999000000076,16.38752500000004,NA,CZ
"Otovice,,statek",50.561042000000036,16.37723600000004,NA,CZ
"Otovice,,statek",50.56078800000005,16.377287000000024,NA,CZ
"Otovice,,točna",50.55380500000006,16.397182000000043,NA,CZ
"Pec p.Sněžkou,,aut.st.",50.694878000000074,15.734958000000063,TU,CZ
"Pec p.Sněžkou,,aut.st.",50.69491300000005,15.735071000000062,TU,CZ
"Pec p.Sněžkou,,aut.st.",50.69494700000007,15.735194000000035,TU,CZ
"Pec p.Sněžkou,Velká Úpa,Barrandov",50.68880800000005,15.77846400000004,TU,CZ
"Pec p.Sněžkou,Velká Úpa,Barrandov",50.68886200000003,15.778679000000068,TU,CZ
"Pec p.Sněžkou,Velká Úpa,most",50.692545000000045,15.801357000000054,TU,CZ
"Pec p.Sněžkou,Velká Úpa,most",50.69264800000007,15.80137300000007,TU,CZ
"Pec p.Sněžkou,Velká Úpa,nám.",50.689280000000046,15.766566000000068,TU,CZ
"Pec p.Sněžkou,Velká Úpa,nám.",50.689645000000034,15.767494000000058,TU,CZ
"Pec p.Sněžkou,Velká Úpa,odb.Malá Úpa",50.676129000000046,15.793472000000065,TU,CZ
"Pec p.Sněžkou,Velká Úpa,odb.Malá Úpa",50.67614300000008,15.793616000000043,TU,CZ
"Pec p.Sněžkou,Velká Úpa,Tetřívek",50.69101600000004,15.75284400000004,TU,CZ
"Pec p.Sněžkou,Velká Úpa,Vavřincův Důl",50.68213100000002,15.784175000000062,TU,CZ
"Pec p.Sněžkou,Velká Úpa,Vavřincův Důl",50.68191300000006,15.78474300000005,TU,CZ
"Pecka,,Lhota u Pecky",50.47966100000008,15.61855900000006,JC,CZ
"Pecka,,Lhota u Pecky",50.47974100000005,15.618516000000056,JC,CZ
"Pecka,,nám.",50.48021800000003,15.608129000000075,JC,CZ
"Pecka,,nové domy",50.47805000000005,15.598859000000061,JC,CZ
"Pecka,,nové domy",50.47803900000008,15.599023000000045,JC,CZ
"Pecka,,Popluží",50.473191000000035,15.61525700000004,JC,CZ
"Pecka,,Popluží",50.47295800000007,15.615503000000047,JC,CZ
"Pecka,Bělá u Pecky",50.47359200000005,15.581585000000075,JC,CZ
"Pecka,Bělá u Pecky",50.47349300000007,15.58116300000006,JC,CZ
"Pecka,Bělá u Pecky",50.473677000000066,15.582534000000065,JC,CZ
"Pecka,Bělá u Pecky,odb.Radkyně",50.474654000000044,15.572394000000031,JC,CZ
"Pecka,Bělá u Pecky,odb.Radkyně",50.47444100000007,15.572640000000037,JC,CZ
"Pecka,Bukovina u Pecky",50.455793000000014,15.609836000000032,JC,CZ
"Pecka,Kal",50.46409600000003,15.635071000000039,JC,CZ
"Pecka,Kal,odb.",50.471599000000026,15.625729000000034,JC,CZ
"Pecka,Kal,odb.",50.471748000000055,15.625535000000072,JC,CZ
"Pecka,Staňkov",50.48469000000006,15.632075000000045,JC,CZ
"Pecka,Vidonice",50.47707100000008,15.646745000000069,JC,CZ
"Pěčín,,hostinec",50.15353800000001,16.42485300000004,RK,CZ
"Pěčín,,hostinec",50.15332400000004,16.42454900000007,RK,CZ
"Pěčín,,Hradčany",50.16278600000003,16.40234300000003,RK,CZ
"Pěčín,,Hradčany",50.162759000000044,16.40246200000007,RK,CZ
"Pěčín,,most",50.15747100000004,16.394664000000034,RK,CZ
"Pěčín,,most",50.15758100000004,16.394529000000034,RK,CZ
"Pěčín,,na kopci",50.16372600000004,16.412720000000036,RK,CZ
"Pěčín,,na kopci",50.16364900000008,16.412713000000053,RK,CZ
"Pěčín,,odb.",50.15429600000003,16.42415600000004,RK,CZ
"Pěčín,,odb.",50.15407900000008,16.424186000000077,RK,CZ
"Pěčín,,u Slavíkových",50.15888100000006,16.416576000000077,RK,CZ
"Pěčín,,u Slavíkových",50.15867200000008,16.416458000000034,RK,CZ
"Petrovice,,hřbitov",50.29070300000005,15.602669000000047,HK,CZ
"Petrovice,,hřbitov",50.290727000000054,15.603077000000042,HK,CZ
"Petrovice,,hřbitov",50.29034000000007,15.602723000000026,HK,CZ
"Petrovice,,hřbitov",50.29052000000007,15.60273900000004,HK,CZ
"Petrovice,,ObÚ",50.289765000000045,15.597503000000074,HK,CZ
"Petrovice,,ObÚ",50.28991600000007,15.597298000000025,HK,CZ
"Petrovice,Kanice",50.29932900000005,15.578415000000064,HK,CZ
"Petrovice,Kanice",50.299413000000065,15.578262000000052,HK,CZ
Petrovičky,50.29929600000003,15.607429000000023,JC,CZ
"Pilníkov,,čerpací stanice",50.52991500000007,15.803943000000059,TU,CZ
"Pilníkov,,čerpací stanice",50.530239000000044,15.805039000000024,TU,CZ
"Pilníkov,,nám.",50.53152900000003,15.818194000000062,TU,CZ
"Pilníkov,,nám.",50.53129800000004,15.816936000000055,TU,CZ
"Pilníkov,,odb.Staré Buky",50.54102800000005,15.831873000000032,TU,CZ
"Pilníkov,,odb.Staré Buky",50.540650000000035,15.83116700000005,TU,CZ
"Pilníkov,,Starobucká",50.54165900000004,15.834928000000048,TU,CZ
"Pilníkov,,Starobucká",50.54159500000003,15.834962000000075,TU,CZ
"Pilníkov,,škola",50.53416100000003,15.82072000000005,TU,CZ
"Písek,,ObÚ",50.15563200000002,15.50135300000005,HK,CZ
"Písek,,ObÚ",50.15577800000005,15.501454000000024,HK,CZ
"Písek,,Oktaviánov",50.16230600000005,15.499888000000055,HK,CZ
"Písek,,Oktaviánov",50.16222400000003,15.499936000000048,HK,CZ
"Podbřezí,,Lhota",50.26326700000004,16.232695000000035,RK,CZ
"Podbřezí,,Lhota",50.26304000000004,16.233393000000035,RK,CZ
"Podbřezí,,motel Skalka",50.25924100000003,16.210298000000023,RK,CZ
"Podbřezí,,motel Skalka",50.25906200000002,16.210434000000078,RK,CZ
"Podbřezí,,Nad ovčínem odb.Masty",50.263978000000066,16.24233300000003,RK,CZ
"Podbřezí,,Nad ovčínem odb.Masty",50.263926000000026,16.242402000000027,RK,CZ
"Podbřezí,,Netřeba",50.26608100000004,16.22409300000004,RK,CZ
"Podbřezí,,Netřeba",50.26605300000005,16.224212000000023,RK,CZ
"Podbřezí,,Škutina",50.26443700000004,16.250261000000023,RK,CZ
"Podbřezí,,Škutina",50.26450300000005,16.250329000000022,RK,CZ
"Podbřezí,,zámek Skalka",50.26362300000005,16.212775000000022,RK,CZ
"Podbřezí,,zámek Skalka",50.26361100000001,16.212423000000058,RK,CZ
"Podhorní Újezd a Vojice,,Brdík",50.38505100000004,15.515656000000035,JC,CZ
"Podhorní Újezd a Vojice,,Brdík",50.38465700000006,15.516338000000076,JC,CZ
"Podhorní Újezd a Vojice,Vojice,náves",50.390770000000025,15.510010000000023,JC,CZ
"Podhorní Újezd a Vojice,Vojice,náves",50.39071800000005,15.510040000000062,JC,CZ
"Podhorní Újezd a Vojice,Vojice,odb.",50.38883300000003,15.505572000000027,JC,CZ
"Podhorní Újezd a Vojice,Vojice,odb.",50.38852900000006,15.505893000000073,JC,CZ
"Podhradí,,odb.Veliš",50.418458000000044,15.309210000000064,JC,CZ
"Podhradí,,odb.Veliš",50.41854900000004,15.308836000000042,JC,CZ
"Podhradí,Čejkovice",50.41947700000002,15.346343000000045,JC,CZ
"Podhradí,Čejkovice",50.41944700000005,15.346136000000058,JC,CZ
"Podhradí,Hlásná Lhota",50.431056000000055,15.300541000000068,JC,CZ
"Podhradí,Hlásná Lhota",50.43115500000004,15.300568000000057,JC,CZ
"Podhradí,Hlásná Lhota,Karlov",50.43390700000004,15.29629200000005,JC,CZ
"Podhradí,Hlásná Lhota,Karlov",50.43390700000004,15.296417000000078,JC,CZ
"Podhradí,Hlásná Lhota,odb.Vokšice",50.429179000000026,15.30970400000007,JC,CZ
"Podhradí,Šlikova Ves",50.414513000000056,15.329531000000031,JC,CZ
"Podhradí,Šlikova Ves",50.41460300000006,15.329539000000066,JC,CZ
"Podhradí,Šlikova Ves,Smetalík",50.42003200000004,15.323467000000049,JC,CZ
"Podhradí,Šlikova Ves,Smetalík",50.420128000000034,15.323443000000056,JC,CZ
Podůlší,50.47153800000006,15.340167000000065,JC,CZ
Podůlší,50.47124100000008,15.340634000000023,JC,CZ
"Pohoří,,kovárna",50.29208600000003,16.090076000000067,RK,CZ
"Pohoří,,kovárna",50.29204200000004,16.088933000000054,RK,CZ
"Pohoří,,MŠ",50.292802000000044,16.101026000000047,RK,CZ
"Pohoří,,MŠ",50.29295100000007,16.101188000000036,RK,CZ
"Pohoří,,prodejna",50.29240900000007,16.099762000000055,RK,CZ
"Pohoří,,prodejna",50.292354000000046,16.09945300000004,RK,CZ
"Pohoří,,Puličky",50.29501500000004,16.107744000000025,RK,CZ
"Pohoří,,Puličky",50.29493700000005,16.10796000000005,RK,CZ
"Pohoří,,žel.zast.",50.29134100000004,16.080233000000078,RK,CZ
"Pohoří,,žel.zast.",50.29147900000004,16.079851000000076,RK,CZ
"Police n.Met.,,aut.st.",50.535101000000054,16.23314300000004,NA,CZ
"Police n.Met.,,aut.st.",50.53508600000002,16.232745000000023,NA,CZ
"Police n.Met.,,aut.st.",50.53526100000004,16.23251300000004,NA,CZ
"Police n.Met.,,aut.st.",50.53546300000006,16.23250900000005,NA,CZ
"Police n.Met.,,Nádražní",50.528488000000046,16.22481700000003,NA,CZ
"Police n.Met.,,Nádražní",50.53022100000004,16.226256000000035,NA,CZ
"Police n.Met.,,nákupní centrum",50.539605000000044,16.233276000000046,NA,CZ
"Police n.Met.,,Ostašská",50.542540000000024,16.23231000000004,NA,CZ
"Police n.Met.,,Ostašská",50.542855000000024,16.23247200000003,NA,CZ
"Police n.Met.,,škola",50.536128000000076,16.237113000000022,NA,CZ
"Police n.Met.,,škola",50.53663800000003,16.23679500000003,NA,CZ
"Police n.Met.,Hlavňov,chata Hvězda",50.56513400000006,16.266922000000022,NA,CZ
"Police n.Met.,Hlavňov,most",50.55887400000005,16.246249000000034,NA,CZ
"Police n.Met.,Hlavňov,most",50.55895000000003,16.24615700000004,NA,CZ
"Police n.Met.,Hlavňov,prodejna",50.558396000000066,16.252698000000066,NA,CZ
"Police n.Met.,Hlavňov,prodejna",50.557931000000046,16.253998000000024,NA,CZ
"Police n.Met.,Hlavňov,točna",50.55336900000004,16.256950000000074,NA,CZ
"Police n.Met.,Hlavňov,točna",50.55349200000006,16.25696800000003,NA,CZ
"Police n.Met.,Pěkov,Hony",50.574532000000026,16.241329000000064,NA,CZ
"Police n.Met.,Pěkov,Hony",50.57398700000004,16.24083200000007,NA,CZ
"Police n.Met.,Pěkov,Ostaš",50.55936300000007,16.224229000000037,NA,CZ
"Police n.Met.,Pěkov,Ostaš",50.55921800000005,16.223924000000068,NA,CZ
"Police n.Met.,Pěkov,Ostaš",50.558464000000065,16.22377300000005,NA,CZ
"Police n.Met.,Pěkov,Ostaš",50.55868900000007,16.223566000000062,NA,CZ
"Police n.Met.,Pěkov,střed",50.56764900000007,16.229878000000042,NA,CZ
"Police n.Met.,Pěkov,střed",50.56828500000006,16.230296000000067,NA,CZ
Polom,50.057835000000075,16.301848000000064,RK,CZ
Polom,50.05775700000003,16.301716000000056,RK,CZ
"Potštejn,,cukrárna",50.08222700000004,16.306160000000034,RK,CZ
"Potštejn,,cukrárna",50.082123000000074,16.306314000000043,RK,CZ
"Potštejn,,Černá skála",50.07726000000007,16.285866000000055,RK,CZ
"Potštejn,,Černá skála",50.07744300000006,16.285948000000076,RK,CZ
"Potštejn,,odb.žel.st.",50.083332000000034,16.310017000000073,RK,CZ
"Potštejn,,odb.žel.st.",50.083323000000064,16.309757000000047,RK,CZ
"Potštejn,,pila",50.07865300000002,16.316092000000026,RK,CZ
"Potštejn,,pila",50.07936000000006,16.315191000000027,RK,CZ
"Potštejn,,Velešov rozc.",50.08500200000003,16.293038000000024,RK,CZ
"Potštejn,,Velešov rozc.",50.08509000000004,16.293041000000073,RK,CZ
"Prasek,,Na Nové",50.235526000000036,15.556527000000074,HK,CZ
"Prasek,,Na Staré",50.24135800000004,15.542399000000046,HK,CZ
"Prasek,,Na Staré",50.24126300000005,15.542398000000048,HK,CZ
"Prasek,,odb.Zdechovice",50.23168200000003,15.569214000000045,HK,CZ
"Prasek,,odb.Zdechovice",50.231751000000024,15.56953500000003,HK,CZ
"Prasek,,škola",50.23304500000007,15.562715000000026,HK,CZ
"Prasek,,škola",50.23294100000004,15.562809000000073,HK,CZ
"Praskačka,,křiž.",50.175253000000055,15.740485000000035,HK,CZ
"Praskačka,,křiž.",50.175124000000025,15.740406000000062,HK,CZ
"Praskačka,,ObÚ",50.171468000000054,15.744364000000074,HK,CZ
"Praskačka,,ObÚ",50.17134900000008,15.744264000000044,HK,CZ
"Praskačka,Krásnice",50.14167700000008,15.724053000000026,HK,CZ
"Praskačka,Sedlice",50.15330800000004,15.729184000000032,HK,CZ
"Praskačka,Sedlice",50.15339000000006,15.728918000000023,HK,CZ
"Praskačka,Sedlice",50.15315500000003,15.729535000000055,HK,CZ
"Praskačka,Sedlice",50.15316800000005,15.729376000000059,HK,CZ
"Praskačka,Vlčkovice",50.18321600000007,15.755368000000033,HK,CZ
"Praskačka,Vlčkovice",50.18323900000008,15.75502400000005,HK,CZ
"Proruby,,dolní",50.07177700000005,16.287015000000054,RK,CZ
"Proruby,,dolní",50.07165800000007,16.286905000000047,RK,CZ
"Proruby,,horní",50.07011500000004,16.29508500000003,RK,CZ
"Proruby,,horní",50.06980000000005,16.294970000000035,RK,CZ
"Prosečné,,farma",50.56661000000002,15.679844000000058,TU,CZ
"Prosečné,,farma",50.56652200000007,15.67971300000005,TU,CZ
"Prosečné,,kult.dům",50.55501700000007,15.693624000000055,TU,CZ
"Prosečné,,kult.dům",50.55491400000005,15.693519000000038,TU,CZ
"Prosečné,,ObÚ",50.560230000000054,15.689333000000035,TU,CZ
"Prosečné,,ObÚ",50.56012500000003,15.689208000000065,TU,CZ
"Provodov-Šonov,,odb.Přibyslav",50.38430100000004,16.143418000000054,NA,CZ
"Provodov-Šonov,,odb.Přibyslav",50.38423400000005,16.14333300000004,NA,CZ
"Provodov-Šonov,Kleny",50.39698700000008,16.084691000000078,NA,CZ
"Provodov-Šonov,Kleny",50.396488000000026,16.08833400000003,NA,CZ
"Provodov-Šonov,Provodov,náves",50.38754600000003,16.10730600000005,NA,CZ
"Provodov-Šonov,Provodov,náves",50.38694600000007,16.10809400000005,NA,CZ
"Provodov-Šonov,Provodov,odb.Šeřeč",50.39032200000001,16.100461000000053,NA,CZ
"Provodov-Šonov,Provodov,odb.Šeřeč",50.390199000000045,16.100547000000063,NA,CZ
"Provodov-Šonov,Šonov,hostinec",50.37706000000002,16.120738000000074,NA,CZ
"Provodov-Šonov,Šonov,hostinec",50.37688100000002,16.120727000000045,NA,CZ
"Provodov-Šonov,Šonov,ObÚ",50.381648000000034,16.115212000000042,NA,CZ
"Provodov-Šonov,Šonov,ObÚ",50.38179800000005,16.11522300000007,NA,CZ
"Předměřice n.L.,,cukrovar",50.25265600000005,15.813569000000031,HK,CZ
"Předměřice n.L.,,cukrovar",50.252581000000085,15.813774000000024,HK,CZ
"Předměřice n.L.,,odb.Světí",50.252801000000034,15.801953000000024,HK,CZ
"Předměřice n.L.,,odb.Světí",50.25288000000006,15.801845000000071,HK,CZ
"Přepychy,,has.zbroj.",50.23745500000007,16.10679600000003,RK,CZ
"Přepychy,,has.zbroj.",50.23758600000007,16.106550000000027,RK,CZ
"Přepychy,,na kopci",50.23585300000007,16.118079000000023,RK,CZ
"Přepychy,,na kopci",50.23579900000004,16.118174000000067,RK,CZ
"Přepychy,,v domkách",50.24463600000007,16.10830100000004,RK,CZ
"Přepychy,,v domkách",50.24491700000004,16.10814800000003,RK,CZ
"Převýšov,,hřiště",50.15194600000006,15.41392600000006,HK,CZ
"Převýšov,,hřiště",50.15184400000004,15.414082000000064,HK,CZ
"Převýšov,,odb.žel.st.",50.15048900000005,15.40698800000007,HK,CZ
"Převýšov,,odb.žel.st.",50.150541000000025,15.407199000000048,HK,CZ
Přibyslav,50.37381900000001,16.168727000000047,NA,CZ
"Pšánky,,ObÚ",50.29394000000008,15.62165100000004,HK,CZ
Puchlovice,50.18524600000006,15.626829000000045,HK,CZ
"Račice n.Trotinou,,ObÚ",50.31605900000004,15.795858000000067,HK,CZ
"Račice n.Trotinou,,ObÚ",50.31607100000008,15.795589000000064,HK,CZ
"Račice n.Trotinou,,odb.Lužany",50.31301300000006,15.795004000000064,HK,CZ
"Račice n.Trotinou,,odb.Lužany",50.31285500000006,15.794893000000057,HK,CZ
"Račice n.Trotinou,,váha",50.31269500000007,15.794647000000055,HK,CZ
"Račice n.Trotinou,,váha",50.312494000000065,15.795462000000043,HK,CZ
"Radíkovice,,ObÚ",50.20947000000006,15.693188000000077,HK,CZ
"Radíkovice,,ObÚ",50.209591000000046,15.693155000000045,HK,CZ
"Radíkovice,,ZD",50.209006000000045,15.693076000000076,HK,CZ
"Radíkovice,,ZD",50.20901000000003,15.693220000000055,HK,CZ
Radim,50.45730200000001,15.42964500000005,JC,CZ
Radim,50.457300000000025,15.429768000000024,JC,CZ
"Radim,Lháň,farma",50.47363100000006,15.40847800000006,JC,CZ
"Radim,Studeňany",50.45017200000005,15.418513000000075,JC,CZ
"Radim,Studeňany",50.45018400000003,15.41866300000004,JC,CZ
Radostov,50.20899700000006,15.666592000000037,HK,CZ
"Radvanice,,aut.st.",50.56807300000002,16.062763000000075,TU,CZ
"Radvanice,,aut.st.",50.56776200000007,16.061996000000022,TU,CZ
"Radvanice,,žel.st.",50.57607100000007,16.057278000000053,TU,CZ
"Radvanice,,žel.st.",50.575833000000046,16.057465000000036,TU,CZ
Rasošky,50.322853000000066,15.906742000000065,NA,CZ
Rasošky,50.323173000000054,15.907215000000065,NA,CZ
Rašín,50.33299400000003,15.67756300000008,JC,CZ
Rašín,50.33299500000005,15.67768300000006,JC,CZ
"Rohenice,,bytovky",50.30607000000003,16.03147800000005,RK,CZ
"Rohenice,,bytovky",50.306075000000064,16.031616000000042,RK,CZ
"Rohenice,,has.zbroj.",50.30898200000008,16.032006000000024,RK,CZ
"Rohenice,,has.zbroj.",50.30869000000008,16.031738000000075,RK,CZ
"Rohenice,,ObÚ",50.30629800000003,16.03290000000004,RK,CZ
"Rohenice,,ObÚ",50.30611700000002,16.033449000000076,RK,CZ
"Rohenice,,Roheničky",50.30550900000003,16.050549000000046,RK,CZ
"Rohenice,,Roheničky",50.30549500000006,16.05011200000007,RK,CZ
"Rohoznice,,Horka",50.40625600000004,15.699190000000044,JC,CZ
"Rohoznice,,Horka",50.406163000000035,15.699211000000048,JC,CZ
"Rohoznice,,prodejna",50.396013000000025,15.695706000000031,JC,CZ
"Rohoznice,,prodejna",50.39585500000004,15.695808000000056,JC,CZ
"Rohoznice,,váha",50.39998900000006,15.68685800000003,JC,CZ
"Rohoznice,,váha",50.39995800000002,15.686734000000056,JC,CZ
"Rokytňany,Dolní Rokytňany",50.37706000000002,15.128210000000024,JC,CZ
"Rokytňany,Dolní Rokytňany",50.37737200000003,15.12813600000004,JC,CZ
"Rokytňany,Horní Rokytňany",50.37558100000007,15.138018000000043,JC,CZ
"Rokytňany,Horní Rokytňany",50.37571100000008,15.13788900000003,JC,CZ
"Rokytnice v Orl.h.,,bývalý mlýn",50.151993000000054,16.473529000000042,RK,CZ
"Rokytnice v Orl.h.,,bývalý mlýn",50.15204300000005,16.473596000000043,RK,CZ
"Rokytnice v Orl.h.,,Dolní Dvůr",50.14850000000007,16.47600600000004,RK,CZ
"Rokytnice v Orl.h.,,Dolní Dvůr",50.148528000000056,16.47618700000004,RK,CZ
"Rokytnice v Orl.h.,,nákupní středisko",50.16619600000007,16.466962000000024,RK,CZ
"Rokytnice v Orl.h.,,nákupní středisko",50.16570100000006,16.46663300000006,RK,CZ
"Rokytnice v Orl.h.,,odb.Kouty",50.19456500000007,16.467089000000044,RK,CZ
"Rokytnice v Orl.h.,,odb.Kouty",50.19453100000004,16.466924000000063,RK,CZ
"Rokytnice v Orl.h.,,odb.Říčky",50.186504000000056,16.474300000000028,RK,CZ
"Rokytnice v Orl.h.,,odb.Říčky",50.18652800000007,16.474038000000064,RK,CZ
"Rokytnice v Orl.h.,,odb.Říčky",50.18680500000006,16.473576000000037,RK,CZ
"Rokytnice v Orl.h.,,odb.Říčky",50.18669800000003,16.473524000000054,RK,CZ
"Rokytnice v Orl.h.,,pod zatáčkami",50.18637700000004,16.487621000000047,RK,CZ
"Rokytnice v Orl.h.,,Prostřední Rokytnice",50.17578800000006,16.46594200000004,RK,CZ
"Rokytnice v Orl.h.,,Prostřední Rokytnice",50.17584500000004,16.466197000000022,RK,CZ
"Rokytnice v Orl.h.,,Stříbrný vrch",50.161017000000065,16.468277000000057,RK,CZ
"Rokytnice v Orl.h.,,Stříbrný vrch",50.16109100000005,16.467460000000074,RK,CZ
"Rokytnice v Orl.h.,,U Medvěda",50.16503000000005,16.463599000000045,RK,CZ
"Rokytnice v Orl.h.,,Vánoční ozdoby",50.16542300000003,16.455540000000042,RK,CZ
"Rokytnice v Orl.h.,,Vánoční ozdoby",50.16539200000004,16.45578000000006,RK,CZ
"Rokytnice v Orl.h.,,žel.st.",50.162101000000064,16.465071000000023,RK,CZ
"Rokytnice v Orl.h.,,žel.st.",50.16226400000005,16.464924000000053,RK,CZ
"Rokytnice v Orl.h.,,žel.st.",50.16241100000007,16.464799000000028,RK,CZ
"Rokytnice v Orl.h.,Neb.Rybná,Hamernice",50.18180000000006,16.433080000000075,RK,CZ
"Rokytnice v Orl.h.,Neb.Rybná,Hamernice",50.18175100000007,16.433304000000078,RK,CZ
"Rokytnice v Orl.h.,Neb.Rybná,konečná",50.18809400000003,16.42044100000004,RK,CZ
"Rokytnice v Orl.h.,Neb.Rybná,konečná",50.187862000000045,16.42033900000007,RK,CZ
"Rokytnice v Orl.h.,Neb.Rybná,Roudná",50.19417000000004,16.405723000000023,RK,CZ
"Rokytnice v Orl.h.,Neb.Rybná,Roudná",50.19418700000004,16.405950000000075,RK,CZ
"Rokytnice v Orl.h.,Neb.Rybná,Roudná",50.19462900000007,16.406439000000034,RK,CZ
"Rokytnice v Orl.h.,Neb.Rybná,Roudná",50.19467800000006,16.406511000000023,RK,CZ
"Rokytnice v Orl.h.,Panské Pole,dolní",50.183624000000066,16.501442000000054,RK,CZ
"Rokytnice v Orl.h.,Panské Pole,dolní",50.183693000000055,16.50140200000004,RK,CZ
"Rokytnice v Orl.h.,Panské Pole,Hanička",50.18754800000005,16.508818000000076,RK,CZ
"Rokytnice v Orl.h.,Panské Pole,Hanička",50.18751900000006,16.508604000000048,RK,CZ
"Rokytnice v Orl.h.,Panské Pole,Údolíčko",50.179136000000035,16.520120000000077,RK,CZ
"Rokytnice v Orl.h.,Panské Pole,Údolíčko",50.179135000000024,16.520234000000073,RK,CZ
"Roudnice,,dolní",50.17646900000005,15.640542000000037,HK,CZ
"Roudnice,,dolní",50.17658800000004,15.640327000000072,HK,CZ
"Roudnice,,horní",50.17634300000003,15.669447000000048,HK,CZ
"Roudnice,,horní",50.17639800000006,15.669481000000077,HK,CZ
"Roudnice,,hřbitov",50.17224900000008,15.651029000000051,HK,CZ
"Roudnice,,hřbitov",50.17217500000003,15.650032000000065,HK,CZ
"Roudnice,,kovárna",50.175520000000056,15.674583000000041,HK,CZ
"Roudnice,,kovárna",50.17557800000003,15.674451000000035,HK,CZ
"Roudnice,,mlýn",50.17864600000007,15.629567000000067,HK,CZ
"Roudnice,,mlýn",50.178635000000035,15.629733000000046,HK,CZ
"Roudnice,,odb.",50.17060900000007,15.638798000000065,HK,CZ
"Roudnice,,odb.",50.17066300000004,15.63991500000003,HK,CZ
"Roudnice,,střed",50.17712900000004,15.65555100000006,HK,CZ
"Roudnice,,střed",50.17715300000003,15.654875000000061,HK,CZ
Rožnov,50.33840100000003,15.860466000000033,NA,CZ
Rožnov,50.33783400000004,15.860735000000034,NA,CZ
Rožnov,50.33783400000004,15.859987000000046,NA,CZ
"Rožnov,Neznášov",50.334844000000025,15.852143000000071,NA,CZ
"Rožnov,Neznášov",50.33490900000004,15.852021000000036,NA,CZ
"Rtyně v Podkr.,,aut.st.",50.50543700000002,16.070524000000034,TU,CZ
"Rtyně v Podkr.,,aut.st.",50.50528500000007,16.07049200000006,TU,CZ
"Rtyně v Podkr.,,Kampelička",50.49886300000003,16.084824000000026,TU,CZ
"Rtyně v Podkr.,,Kampelička",50.49873700000007,16.08473900000007,TU,CZ
"Rtyně v Podkr.,,Kostelecká",50.50034800000003,16.07128700000004,TU,CZ
"Rtyně v Podkr.,,Kostelecká",50.499499000000064,16.07135100000005,TU,CZ
"Rtyně v Podkr.,,Pančák",50.50195300000007,16.077604000000065,TU,CZ
"Rtyně v Podkr.,,Pančák",50.50225600000004,16.077305000000024,TU,CZ
"Rtyně v Podkr.,,Tmavý Důl",50.52643900000004,16.104956000000072,TU,CZ
"Rtyně v Podkr.,,u kříže",50.49671200000005,16.096398000000022,TU,CZ
"Rtyně v Podkr.,,u kříže",50.49665200000003,16.09622100000007,TU,CZ
"Rtyně v Podkr.,,u mlýna",50.51120700000007,16.059026000000074,TU,CZ
"Rtyně v Podkr.,,u mlýna",50.51103300000006,16.058304000000078,TU,CZ
"Rudník,,AKWEL",50.57867500000003,15.710309000000054,TU,CZ
"Rudník,,bělidlo",50.569171000000026,15.728527000000042,TU,CZ
"Rudník,,bělidlo",50.569242000000024,15.728743000000065,TU,CZ
"Rudník,,Lázně Fořt",50.586195000000025,15.702163000000041,TU,CZ
"Rudník,,Lázně Fořt",50.58629300000006,15.702406000000053,TU,CZ
"Rudník,,Leopoldov",50.580618000000065,15.756994000000079,TU,CZ
"Rudník,,Leopoldov",50.58067700000004,15.756838000000073,TU,CZ
"Rudník,,pivovar",50.59557300000005,15.732950000000072,TU,CZ
"Rudník,,pivovar",50.595639000000055,15.733068000000058,TU,CZ
"Rudník,,pod Justicí",50.585874000000054,15.73182900000006,TU,CZ
"Rudník,,pod Justicí",50.58593300000006,15.731891000000077,TU,CZ
"Rudník,,pošta",50.57805800000006,15.736934000000074,TU,CZ
"Rudník,,škola",50.57622500000008,15.72830300000004,TU,CZ
"Rudník,,Terezín",50.57276600000006,15.717282000000068,TU,CZ
"Rudník,,Terezín",50.57280200000007,15.717363000000036,TU,CZ
"Rudník,Arnultovice,kult.dům",50.55333700000005,15.722289000000044,TU,CZ
"Rudník,Arnultovice,kult.dům",50.553394000000026,15.722141000000022,TU,CZ
"Rudník,Arnultovice,tenisové kurty",50.546853000000056,15.722257000000072,TU,CZ
"Rudník,Arnultovice,tenisové kurty",50.54683500000004,15.722140000000024,TU,CZ
"Rudník,Arnultovice,U kaštanu",50.564837000000075,15.722275000000025,TU,CZ
"Rudník,Arnultovice,U kaštanu",50.56475900000003,15.722079000000063,TU,CZ
"Rudník,Javorník,hotel Zoja",50.58950300000003,15.788703000000057,TU,CZ
"Rudník,Javorník,hotel Zoja",50.58955800000005,15.788263000000027,TU,CZ
"Rudník,Javorník,rozc.",50.58295400000003,15.772536000000057,TU,CZ
"Rybná n.Zdob.,,Dvorek",50.11901100000005,16.384852000000024,RK,CZ
"Rybná n.Zdob.,,Dvorek",50.11894200000006,16.38468000000006,RK,CZ
"Rybná n.Zdob.,,kostel",50.10886800000002,16.36552800000004,RK,CZ
"Rybná n.Zdob.,,kostel",50.10836800000004,16.366548000000023,RK,CZ
"Rybná n.Zdob.,,Pekelec",50.117964000000036,16.36095000000006,RK,CZ
"Rybná n.Zdob.,,Pekelec",50.117891000000036,16.360898000000077,RK,CZ
"Rybná n.Zdob.,,Pekelec pila",50.12387400000005,16.348261000000036,RK,CZ
"Rybná n.Zdob.,,škola",50.10730100000007,16.36569000000003,RK,CZ
"Rybná n.Zdob.,,škola",50.10739900000005,16.365804000000026,RK,CZ
"Rybná n.Zdob.,,u Opletalů",50.11250000000007,16.376082000000054,RK,CZ
"Rybná n.Zdob.,,u Opletalů",50.11252000000007,16.37594100000007,RK,CZ
"Rybná n.Zdob.,,u stezky",50.11725600000005,16.353249000000062,RK,CZ
"Rybná n.Zdob.,,u stezky",50.116911000000066,16.353743000000065,RK,CZ
"Rychnov n.Kněž.,,Bezručova pošta",50.16518500000006,16.278106000000037,RK,CZ
"Rychnov n.Kněž.,,Dobrovského",50.167950000000076,16.27536900000007,RK,CZ
"Rychnov n.Kněž.,,Dobrovského",50.16682400000008,16.273716000000036,RK,CZ
"Rychnov n.Kněž.,,Ekologická",50.15400900000004,16.27593200000007,RK,CZ
"Rychnov n.Kněž.,,Ekologická",50.153964000000016,16.275752000000068,RK,CZ
"Rychnov n.Kněž.,,hotel Panorama",50.169851000000044,16.286471000000063,RK,CZ
"Rychnov n.Kněž.,,hřbitov",50.15540500000003,16.273042000000032,RK,CZ
"Rychnov n.Kněž.,,Kněžna",50.15902100000006,16.274833000000058,RK,CZ
"Rychnov n.Kněž.,,koupaliště Včelné",50.17072200000007,16.302726000000064,RK,CZ
"Rychnov n.Kněž.,,Lidické nám.",50.16230900000004,16.285488000000043,RK,CZ
"Rychnov n.Kněž.,,Lidické nám.",50.16181900000004,16.285824000000048,RK,CZ
"Rychnov n.Kněž.,,Masarykova-Sibiř",50.16849600000006,16.283852000000024,RK,CZ
"Rychnov n.Kněž.,,Městská Habrová",50.17468900000005,16.294271000000037,RK,CZ
"Rychnov n.Kněž.,,Městská Habrová",50.174616000000064,16.29385300000007,RK,CZ
"Rychnov n.Kněž.,,Městská knihovna",50.162100000000066,16.280224000000032,RK,CZ
"Rychnov n.Kněž.,,Městská knihovna",50.162195000000054,16.280261000000053,RK,CZ
"Rychnov n.Kněž.,,Mírová",50.15951400000006,16.284541000000047,RK,CZ
"Rychnov n.Kněž.,,Mírová",50.15955700000006,16.284929000000034,RK,CZ
"Rychnov n.Kněž.,,nemocnice",50.169234000000074,16.269438000000036,RK,CZ
"Rychnov n.Kněž.,,nemocnice",50.16888600000004,16.26939500000003,RK,CZ
"Rychnov n.Kněž.,,odb.Končiny",50.16487600000004,16.304985000000045,RK,CZ
"Rychnov n.Kněž.,,odb.Končiny",50.16497000000004,16.306044000000043,RK,CZ
"Rychnov n.Kněž.,,odb.Prorubky",50.18667300000004,16.29776300000003,RK,CZ
"Rychnov n.Kněž.,,odb.Prorubky",50.186947000000025,16.298199000000068,RK,CZ
"Rychnov n.Kněž.,,odb.Studánka",50.16450700000007,16.314711000000045,RK,CZ
"Rychnov n.Kněž.,,odb.Studánka",50.16463000000004,16.314778000000047,RK,CZ
"Rychnov n.Kněž.,,odb.Voříšek",50.16696900000005,16.22018900000006,RK,CZ
"Rychnov n.Kněž.,,odb.Voříšek",50.16688800000002,16.22005100000007,RK,CZ
"Rychnov n.Kněž.,,Penny market",50.15399100000008,16.279229000000043,RK,CZ
"Rychnov n.Kněž.,,Penny market",50.154093000000046,16.279109000000062,RK,CZ
"Rychnov n.Kněž.,,Pod Budínem",50.155244000000025,16.27857300000005,RK,CZ
"Rychnov n.Kněž.,,Pod Budínem",50.15494300000005,16.279214000000024,RK,CZ
"Rychnov n.Kněž.,,sídl.Draha",50.16223000000007,16.28381500000006,RK,CZ
"Rychnov n.Kněž.,,sídl.Draha",50.16223100000007,16.28339200000005,RK,CZ
"Rychnov n.Kněž.,,sídl.Nad Habrovou",50.17428400000005,16.297566000000074,RK,CZ
"Rychnov n.Kněž.,,Staré nám.",50.163234000000045,16.27402100000006,RK,CZ
"Rychnov n.Kněž.,,Strojnická",50.15786200000008,16.277644000000066,RK,CZ
"Rychnov n.Kněž.,,Strojnická",50.15752300000002,16.277811000000042,RK,CZ
"Rychnov n.Kněž.,,střed",50.16213400000003,16.27151900000007,RK,CZ
"Rychnov n.Kněž.,,střed",50.16196400000006,16.271566000000064,RK,CZ
"Rychnov n.Kněž.,,střed",50.16184400000003,16.271606000000077,RK,CZ
"Rychnov n.Kněž.,,střed",50.16363900000004,16.270903000000033,RK,CZ
"Rychnov n.Kněž.,,střed",50.16384300000004,16.270864000000074,RK,CZ
"Rychnov n.Kněž.,,střed",50.16398400000002,16.270864000000074,RK,CZ
"Rychnov n.Kněž.,,váha",50.17170600000002,16.28307600000005,RK,CZ
"Rychnov n.Kněž.,,váha",50.171641000000065,16.283732000000043,RK,CZ
"Rychnov n.Kněž.,,Zbuzany",50.15254800000008,16.273653000000024,RK,CZ
"Rychnov n.Kněž.,,Zbuzany",50.152632000000025,16.27388600000006,RK,CZ
"Rychnov n.Kněž.,,žel.st.",50.157600000000066,16.274388000000044,RK,CZ
"Rychnov n.Kněž.,,žel.st.",50.15743800000007,16.27450600000003,RK,CZ
"Rychnov n.Kněž.,,žel.st.",50.157279000000074,16.274621000000025,RK,CZ
"Rychnov n.Kněž.,,žel.st.",50.15712000000008,16.274736000000075,RK,CZ
"Rychnov n.Kněž.,,žel.st.",50.15694900000005,16.27485800000005,RK,CZ
"Rychnov n.Kněž.,,žel.st.",50.15728000000008,16.274366000000043,RK,CZ
"Rychnov n.Kněž.,,žel.st.",50.15745200000003,16.27423600000003,RK,CZ
"Rychnov n.Kněž.,,žel.st.",50.15762400000004,16.27411600000005,RK,CZ
"Rychnov n.Kněž.,,žel.st.",50.15776600000003,16.274284000000023,RK,CZ
"Rychnov n.Kněž.,Dlouhá Ves,has.zbroj.",50.14888700000005,16.297893000000045,RK,CZ
"Rychnov n.Kněž.,Dlouhá Ves,has.zbroj.",50.149306000000074,16.297611000000074,RK,CZ
"Rychnov n.Kněž.,Dlouhá Ves,kovovýroba",50.15166100000005,16.287408000000028,RK,CZ
"Rychnov n.Kněž.,Dlouhá Ves,kovovýroba",50.15169300000007,16.28725600000007,RK,CZ
"Rychnov n.Kněž.,Dlouhá Ves,sauna",50.15047400000003,16.290657000000067,RK,CZ
"Rychnov n.Kněž.,Dlouhá Ves,sauna",50.15060200000005,16.290613000000064,RK,CZ
"Rychnov n.Kněž.,Lipovka,bytovky",50.175426000000066,16.25015300000007,RK,CZ
"Rychnov n.Kněž.,Lipovka,bytovky",50.17484500000006,16.248350000000073,RK,CZ
"Rychnov n.Kněž.,Lipovka,bytovky",50.174815000000066,16.248610000000042,RK,CZ
"Rychnov n.Kněž.,Lipovka,hlavní silnice",50.18192400000004,16.258745000000033,RK,CZ
"Rychnov n.Kněž.,Lipovka,hlavní silnice",50.181839000000075,16.25852800000007,RK,CZ
"Rychnov n.Kněž.,Lipovka,Malá Lipovka",50.17383100000006,16.257907000000046,RK,CZ
"Rychnov n.Kněž.,Lipovka,Malá Lipovka",50.17365600000006,16.257919000000072,RK,CZ
"Rychnov n.Kněž.,Lipovka,MATRIX",50.18126000000006,16.258268000000044,RK,CZ
"Rychnov n.Kněž.,Lipovka,MATRIX",50.18122600000003,16.25849800000003,RK,CZ
"Rychnov n.Kněž.,Lipovka,Velká Lipovka",50.17820200000005,16.255561000000057,RK,CZ
"Rychnov n.Kněž.,Lipovka,Velká Lipovka",50.178401000000065,16.255801000000076,RK,CZ
"Rychnov n.Kněž.,Litohrady",50.18227500000006,16.24150000000003,RK,CZ
"Rychnov n.Kněž.,Litohrady",50.18215500000007,16.241397000000063,RK,CZ
"Rychnov n.Kněž.,Lokot",50.16355800000008,16.24306000000007,RK,CZ
"Rychnov n.Kněž.,Lokot",50.16339500000003,16.242462000000046,RK,CZ
"Rychnov n.Kněž.,Panská Habrová,most",50.17950700000005,16.29638600000004,RK,CZ
"Rychnov n.Kněž.,Panská Habrová,most",50.179558000000036,16.296271000000047,RK,CZ
"Rychnov n.Kněž.,Roveň,lípa",50.13522300000004,16.314374000000043,RK,CZ
"Rychnov n.Kněž.,Roveň,lípa",50.135398000000066,16.314501000000064,RK,CZ
"Rychnov n.Kněž.,Roveň,most",50.14336400000007,16.305322000000047,RK,CZ
"Rychnov n.Kněž.,Roveň,most",50.14372400000007,16.305080000000032,RK,CZ
"Rychnov n.Kněž.,Roveň,prodejna",50.14194200000002,16.30840500000005,RK,CZ
"Rychnov n.Kněž.,Roveň,prodejna",50.142027000000034,16.30848400000002,RK,CZ
"Rychnovek,,čerpací stanice",50.35532000000006,15.96920300000005,NA,CZ
"Rychnovek,,čerpací stanice",50.35533600000007,15.969635000000041,NA,CZ
"Rychnovek,,žel.zast.",50.360979000000036,15.969897000000058,NA,CZ
"Rychnovek,,žel.zast.",50.36097300000005,15.970009000000063,NA,CZ
"Rychnovek,Doubravice u České Skalice",50.38015100000006,15.999004000000069,NA,CZ
"Rychnovek,Zvole,náves",50.36318100000005,15.980324000000051,NA,CZ
"Říčky v Orl.h.,,křiž.",50.21066300000007,16.458876000000032,RK,CZ
"Říčky v Orl.h.,,křiž.",50.21069400000004,16.459021000000064,RK,CZ
"Říčky v Orl.h.,,Mezivrší",50.22932500000007,16.49080200000003,RK,CZ
"Říčky v Orl.h.,,Mezivrší",50.22935300000006,16.491062000000056,RK,CZ
"Říčky v Orl.h.,,Na Šafářce",50.19736800000005,16.460260000000062,RK,CZ
"Říčky v Orl.h.,,ObÚ",50.209163000000046,16.451194000000044,RK,CZ
"Říčky v Orl.h.,,parkoviště",50.215508000000064,16.46351100000004,RK,CZ
"Říčky v Orl.h.,,parkoviště",50.21577100000007,16.463498000000072,RK,CZ
"Říčky v Orl.h.,,SKI centrum",50.202669000000064,16.458923000000027,RK,CZ
"Říkov,,AGRO",50.379388000000056,16.029667000000074,NA,CZ
"Říkov,,AGRO",50.37879800000007,16.030211000000065,NA,CZ
"Říkov,,kaple",50.384338000000064,16.017364000000043,NA,CZ
"Říkov,,kaple",50.38440500000006,16.017273000000046,NA,CZ
"Říkov,,rozc.",50.38507700000008,16.02171800000002,NA,CZ
"Říkov,,rozc.",50.38516000000004,16.021798000000047,NA,CZ
"Sadová,,U Jabůrka",50.297268000000024,15.699557000000025,HK,CZ
"Sadová,,U Jabůrka",50.29752700000006,15.699348000000043,HK,CZ
"Sadová,,žel.st.",50.295507000000036,15.69326700000005,HK,CZ
"Sadová,,žel.st.",50.295488000000034,15.69336100000004,HK,CZ
"Samšina,,odb.",50.45328100000006,15.237141000000065,JC,CZ
"Samšina,,odb.",50.45301900000005,15.239247000000034,JC,CZ
"Samšina,Drštěkryje",50.45463500000004,15.24938100000003,JC,CZ
"Samšina,Drštěkryje",50.45448200000004,15.251025000000029,JC,CZ
Sběř,50.31435000000004,15.43224900000007,JC,CZ
Sběř,50.314254000000055,15.432201000000077,JC,CZ
"Sběř,,ObÚ",50.31972200000006,15.425726000000054,JC,CZ
"Sběř,,ObÚ",50.31957600000004,15.425771000000053,JC,CZ
"Sběř,Hrobičany",50.308767000000046,15.43475600000005,JC,CZ
"Sběř,Hrobičany",50.30865800000003,15.434785000000034,JC,CZ
"Sedliště,,Na Bahnech",50.39529600000002,15.224418000000073,JC,CZ
"Sedliště,,Na Bahnech",50.39523900000006,15.224495000000045,JC,CZ
"Sedliště,,ObÚ",50.39303000000007,15.21792000000005,JC,CZ
"Sedliště,,ObÚ",50.392992000000035,15.21807000000007,JC,CZ
"Sedloňov,,Dolní Sedloňov",50.33316300000006,16.28748900000005,RK,CZ
"Sedloňov,,Dolní Sedloňov",50.33325000000008,16.287371000000064,RK,CZ
"Sedloňov,,Horní Sedloňov",50.33245400000004,16.325568000000032,RK,CZ
"Sedloňov,,Horní Sedloňov",50.332693000000056,16.32558800000004,RK,CZ
"Sedloňov,,ObÚ",50.33890000000008,16.31389100000007,RK,CZ
"Sedloňov,,ObÚ",50.33898800000003,16.31395200000003,RK,CZ
"Sedloňov,,u Jána",50.33824300000003,16.300036000000034,RK,CZ
"Sedloňov,,u Jána",50.338224000000075,16.300434000000052,RK,CZ
"Sedloňov,Polom,kaplička",50.35399300000005,16.30526800000007,RK,CZ
"Sedloňov,Polom,kaplička",50.35404300000003,16.305363000000057,RK,CZ
"Sedloňov,Polom,lípa",50.35050000000006,16.31159100000002,RK,CZ
"Sedloňov,Polom,lípa",50.35052600000006,16.311683000000073,RK,CZ
Sekeřice,50.287792000000074,15.381625000000042,JC,CZ
Sekeřice,50.28771700000004,15.381445000000044,JC,CZ
"Semechnice,,kaple",50.26290300000006,16.141954000000055,RK,CZ
"Semechnice,,kaple",50.26270300000004,16.142037000000073,RK,CZ
"Semechnice,,škola",50.259796000000044,16.15011000000004,RK,CZ
"Semechnice,,škola",50.25951600000007,16.150302000000067,RK,CZ
"Semechnice,Kruhovka,drůbežárna",50.25730200000003,16.132202000000063,RK,CZ
"Semechnice,Kruhovka,drůbežárna",50.257248000000054,16.13225700000004,RK,CZ
Sendraž,50.36706400000002,16.202725000000044,NA,CZ
Sendraž,50.36715000000004,16.202711000000022,NA,CZ
"Sendražice,,autoservis",50.28849200000007,15.805969000000061,HK,CZ
"Sendražice,,autoservis",50.28857100000005,15.806112000000041,HK,CZ
"Sendražice,,hostinec",50.288957000000025,15.801809000000047,HK,CZ
"Sendražice,,hostinec",50.28906100000006,15.801701000000037,HK,CZ
"Sendražice,,hřiště",50.29185800000003,15.792923000000032,HK,CZ
"Sendražice,,hřiště",50.291957000000075,15.79298700000004,HK,CZ
"Skalice,,u Fabiánů",50.27769600000004,15.87535500000007,HK,CZ
"Skalice,,u Fabiánů",50.277657000000026,15.875528000000031,HK,CZ
"Skalice,,u Holečků",50.27514700000006,15.86790700000006,HK,CZ
"Skalice,,u Holečků",50.27509000000003,15.868501000000037,HK,CZ
"Skalice,Číbuz",50.28230700000007,15.884225000000072,HK,CZ
"Skalice,Číbuz",50.282264000000055,15.884366000000057,HK,CZ
"Skalice,Číbuz,Na Drahách",50.28390000000006,15.892851000000064,HK,CZ
"Skalice,Skalička",50.27252100000004,15.851748000000045,HK,CZ
"Skalice,Skalička",50.27280600000005,15.852291000000035,HK,CZ
"Skřivany,,škola",50.26724200000007,15.498750000000028,HK,CZ
"Skřivany,,škola",50.26716400000004,15.498980000000076,HK,CZ
"Skřivany,,továrna",50.26788000000004,15.502463000000034,HK,CZ
"Skřivany,,továrna",50.26774800000004,15.502587000000064,HK,CZ
"Skuhrov n.Bělou,,Klečkov",50.25368600000007,16.319277000000056,RK,CZ
"Skuhrov n.Bělou,,Klečkov",50.253766000000034,16.319301000000053,RK,CZ
"Skuhrov n.Bělou,,nákupní středisko",50.22883900000004,16.29230300000006,RK,CZ
"Skuhrov n.Bělou,,nákupní středisko",50.22809200000006,16.29144400000007,RK,CZ
"Skuhrov n.Bělou,,odb.Malý Uhřínov",50.238949000000055,16.316365000000076,RK,CZ
"Skuhrov n.Bělou,,odb.Malý Uhřínov",50.23891300000009,16.316689000000054,RK,CZ
"Skuhrov n.Bělou,,Růženina huť",50.23478800000004,16.30750800000004,RK,CZ
"Skuhrov n.Bělou,,Růženina huť",50.23490000000003,16.307570000000055,RK,CZ
"Skuhrov n.Bělou,,továrna",50.22506000000005,16.288622000000032,RK,CZ
"Skuhrov n.Bělou,,továrna",50.22485600000004,16.288309000000027,RK,CZ
"Skuhrov n.Bělou,Brocná",50.23507600000005,16.255039000000068,RK,CZ
"Skuhrov n.Bělou,Hraštice",50.22902900000002,16.283153000000027,RK,CZ
"Skuhrov n.Bělou,Hraštice",50.22916000000004,16.283378000000027,RK,CZ
"Skuhrov n.Bělou,Rybníčky,dřevovýroba",50.233776000000034,16.292403000000036,RK,CZ
"Skuhrov n.Bělou,Rybníčky,dřevovýroba",50.23378100000007,16.292314000000033,RK,CZ
"Skuhrov n.Bělou,Rybníčky,rybník",50.23794600000008,16.294547000000023,RK,CZ
"Skuhrov n.Bělou,Rybníčky,rybník",50.23780700000003,16.294580000000053,RK,CZ
"Skuhrov n.Bělou,Svinná",50.24201000000005,16.280228000000022,RK,CZ
"Skuhrov n.Bělou,Svinná",50.24197300000002,16.280252000000075,RK,CZ
"Skuhrov n.Bělou,Svinná,Svinecký Dvůr",50.24340600000004,16.26216900000003,RK,CZ
"Skuhrov n.Bělou,Svinná,Svinecký Dvůr",50.24339800000007,16.26204400000006,RK,CZ
"Slatina n.Úpou,,mlýn",50.45190500000006,16.049041000000045,NA,CZ
"Slatina n.Úpou,,mlýn",50.45103600000005,16.04948100000007,NA,CZ
"Slatina n.Úpou,,odb.Boušín",50.45245100000005,16.041532000000075,NA,CZ
"Slatina n.Úpou,,odb.Boušín",50.45208800000006,16.041805000000068,NA,CZ
"Slatina n.Úpou,,odb.Mečov",50.45490600000005,16.027747000000033,NA,CZ
"Slatina n.Úpou,,odb.Mečov",50.454845000000034,16.027865000000077,NA,CZ
"Slatina n.Úpou,,pošta",50.45413000000007,16.035937000000047,NA,CZ
"Slatina n.Zdob.,,has.zbroj.",50.12759900000002,16.424077000000068,RK,CZ
"Slatina n.Zdob.,,has.zbroj.",50.12953100000004,16.412386000000026,RK,CZ
"Slatina n.Zdob.,,Hůrka",50.12769600000008,16.424375000000055,RK,CZ
"Slatina n.Zdob.,,Hůrka",50.12759900000002,16.424077000000068,RK,CZ
"Slatina n.Zdob.,,mlékárna",50.135508000000065,16.395379000000048,RK,CZ
"Slatina n.Zdob.,,mlékárna",50.13537600000007,16.39537100000007,RK,CZ
"Slatina n.Zdob.,,rozc.Kameničná",50.127399000000025,16.432652000000076,RK,CZ
"Slatina n.Zdob.,,rozc.Kameničná",50.12726900000007,16.433012000000076,RK,CZ
"Slatina n.Zdob.,,škola",50.13626500000003,16.38783600000005,RK,CZ
"Slatina n.Zdob.,,škola",50.136186000000066,16.388082000000054,RK,CZ
"Slatina n.Zdob.,,u Kopeckých",50.132053000000035,16.405804000000046,RK,CZ
"Slatina n.Zdob.,,u Kopeckých",50.131965000000044,16.40580300000005,RK,CZ
"Slatina n.Zdob.,,žel.st.",50.13816200000009,16.37695400000007,RK,CZ
"Slatina n.Zdob.,,žel.st.",50.13803300000006,16.37707000000006,RK,CZ
"Slatiny,,AGRO",50.36985900000007,15.386837000000073,JC,CZ
"Slatiny,,AGRO",50.36984300000005,15.386623000000043,JC,CZ
"Slatiny,,náves",50.366329000000064,15.382974000000045,JC,CZ
"Slatiny,,náves",50.36627300000003,15.38264000000004,JC,CZ
"Slatiny,Milíčeves",50.37656000000003,15.392273000000047,JC,CZ
"Slatiny,Milíčeves",50.37652600000006,15.392120000000034,JC,CZ
Slavětín n.Met.,50.32906300000007,16.053183000000047,NA,CZ
Slavětín n.Met.,50.32900900000004,16.053031000000033,NA,CZ
Slavhostice,50.308872000000065,15.353105000000028,JC,CZ
Slavhostice,50.30887100000006,15.353256000000043,JC,CZ
"Slavoňov,,kostel",50.34433100000006,16.195246000000054,NA,CZ
"Slavoňov,,kostel",50.34401600000006,16.196116000000075,NA,CZ
"Slavoňov,,střed",50.34344900000007,16.202961000000073,NA,CZ
"Slavoňov,,střed",50.34322900000005,16.20258300000006,NA,CZ
"Slavoňov,Blažkov",50.345313000000026,16.187959000000035,NA,CZ
"Slavoňov,Blažkov",50.34522400000002,16.18802900000003,NA,CZ
"Slavoňov,Blažkov,rozc.",50.34575900000005,16.19219400000003,NA,CZ
"Slavoňov,Blažkov,rozc.",50.345796000000064,16.19214400000004,NA,CZ
Sloupno,50.258174000000054,15.494821000000059,HK,CZ
Sloupno,50.25835300000004,15.49511400000006,HK,CZ
Smidary,50.29147500000005,15.476399000000072,HK,CZ
"Smidary,,továrna",50.29390200000005,15.487329000000045,HK,CZ
"Smidary,,továrna",50.29387000000003,15.48741300000006,HK,CZ
"Smidary,Červeněves",50.28297100000002,15.487759000000038,HK,CZ
"Smidary,Červeněves",50.28282300000006,15.487662000000059,HK,CZ
"Smidary,Chotělice,has.zbroj.",50.30567600000006,15.466803000000029,HK,CZ
"Smidary,Chotělice,has.zbroj.",50.30571700000007,15.466729000000043,HK,CZ
"Smidary,Chotělice,hostinec",50.309176000000036,15.471689000000026,HK,CZ
"Smidary,Chotělice,hostinec",50.309158000000075,15.471513000000074,HK,CZ
"Smidary,Chotělice,odb.Vysoké Veselí",50.322899000000056,15.474571000000026,HK,CZ
"Smidary,Chotělice,odb.Vysoké Veselí",50.32282900000007,15.474489000000064,HK,CZ
"Smidary,Křičov",50.27246600000006,15.466220000000023,HK,CZ
"Smidary,Loučná Hora",50.301964000000055,15.499027000000071,HK,CZ
"Smidary,Loučná Hora",50.301883000000025,15.499129000000037,HK,CZ
"Smiřice,,MěÚ",50.299883000000065,15.869121000000064,HK,CZ
"Smiřice,,MěÚ",50.29979300000007,15.868020000000058,HK,CZ
"Smiřice,,žel.st.",50.30045200000006,15.858661000000042,HK,CZ
"Smiřice,,žel.st.",50.30059700000003,15.858637000000046,HK,CZ
"Smiřice,Rodov,hřiště",50.30510500000002,15.825614000000032,HK,CZ
"Smiřice,Rodov,hřiště",50.305132000000064,15.825500000000035,HK,CZ
"Smiřice,Rodov,Obecní dům",50.30443900000006,15.824510000000032,HK,CZ
"Smiřice,Rodov,Obecní dům",50.30459700000005,15.824970000000064,HK,CZ
"Smiřice,Trotina",50.289694000000054,15.83121200000005,HK,CZ
"Smiřice,Trotina",50.28964800000006,15.831425000000024,HK,CZ
Smržov,50.29688300000003,15.913469000000077,HK,CZ
Smržov,50.296939000000066,15.91364600000003,HK,CZ
"Smržov,Hubiles",50.29037300000004,15.90211500000004,HK,CZ
"Smržov,Hubiles",50.290403000000026,15.902332000000058,HK,CZ
"Sněžné,,dolní",50.339644000000064,16.26428100000004,RK,CZ
"Sněžné,,dolní",50.33967700000005,16.26408900000007,RK,CZ
"Sněžné,,Horalka",50.33997800000002,16.282237000000066,RK,CZ
"Sněžné,,Na Krahulci",50.33005900000006,16.273351000000048,RK,CZ
"Sněžné,,Na Krahulci",50.330125000000066,16.273014000000046,RK,CZ
"Sněžné,,ObÚ",50.33997800000002,16.282237000000066,RK,CZ
"Sněžné,,ObÚ",50.340089000000035,16.27458100000007,RK,CZ
"Sněžné,,odb.Dobřany",50.331833000000074,16.278231000000062,RK,CZ
"Sněžné,,odb.Dobřany",50.33197400000005,16.277954000000022,RK,CZ
Sobčice,50.37201900000007,15.514607000000069,JC,CZ
Sobčice,50.37198400000006,15.514724000000058,JC,CZ
"Sobčice,,odb.",50.38260500000007,15.522236000000078,JC,CZ
"Sobčice,,odb.",50.38233300000008,15.522563000000046,JC,CZ
Soběraz,50.465548000000055,15.40355000000005,JC,CZ
Soběraz,50.46547600000007,15.403530000000044,JC,CZ
"Soběraz,,haly",50.471141000000046,15.404891000000077,JC,CZ
"Sobotka,,koupaliště",50.47498300000006,15.169155000000046,JC,CZ
"Sobotka,,koupaliště",50.47492200000005,15.169096000000023,JC,CZ
"Sobotka,,Na Syrovandě",50.464533000000074,15.16843000000006,JC,CZ
"Sobotka,,Na Syrovandě",50.464447000000064,15.16844100000003,JC,CZ
"Sobotka,,nám.",50.467644000000064,15.176258000000077,JC,CZ
"Sobotka,,nám.",50.46754700000009,15.176859000000036,JC,CZ
"Sobotka,,škola",50.467788000000034,15.181539000000042,JC,CZ
"Sobotka,,škola",50.46790100000004,15.182020000000023,JC,CZ
"Sobotka,,žel.st.",50.46543000000002,15.168488000000025,JC,CZ
"Sobotka,Čálovice",50.47404500000005,15.184803000000045,JC,CZ
"Sobotka,Čálovice",50.474039000000055,15.18493900000004,JC,CZ
"Sobotka,Lavice,odb.",50.45492900000004,15.203433000000075,JC,CZ
"Sobotka,Lavice,odb.",50.45484300000004,15.203616000000066,JC,CZ
"Sobotka,Lavice,odb.",50.45502200000004,15.203692000000046,JC,CZ
"Sobotka,Lavice,Šalanda",50.45984100000003,15.211876000000075,JC,CZ
"Sobotka,Lavice,Šalanda",50.458989000000024,15.213723000000073,JC,CZ
"Sobotka,Lavice,škola",50.455419000000056,15.21111600000006,JC,CZ
"Sobotka,Lavice,škola",50.45537800000005,15.21117300000003,JC,CZ
"Sobotka,Staňkova Lhota",50.465198000000036,15.19463900000005,JC,CZ
"Sobotka,Staňkova Lhota",50.465268000000044,15.19467000000003,JC,CZ
"Sobotka,Stéblovice",50.48225400000007,15.198844000000065,JC,CZ
"Sobotka,Stéblovice",50.482222000000036,15.198918000000049,JC,CZ
"Sobotka,Zajakury,odb.",50.44861500000007,15.208149000000049,JC,CZ
"Solnice,,nám.",50.20401700000008,16.23731900000007,RK,CZ
"Solnice,,nám.",50.20441400000005,16.236564000000044,RK,CZ
"Solnice,,u hřbitova",50.197982000000074,16.244544000000076,RK,CZ
"Solnice,,u hřbitova",50.19777800000002,16.244631000000027,RK,CZ
"Solnice,Ještětice",50.224458000000034,16.230376000000035,RK,CZ
"Solnice,Ještětice",50.22460800000005,16.230098000000055,RK,CZ
"Solnice,Ještětice,u Königů",50.22801300000003,16.221119000000044,RK,CZ
"Solnice,Ještětice,u Königů",50.22764700000004,16.221621000000027,RK,CZ
"Sovětice,,váha",50.30694700000003,15.705332000000055,HK,CZ
"Sovětice,,váha",50.307026000000064,15.705554000000062,HK,CZ
"Sovětice,Horní Černůtky",50.31929700000006,15.691035000000056,HK,CZ
"Sovětice,Horní Černůtky",50.31937800000003,15.691134000000034,HK,CZ
"Stará Paka,,ČOV",50.519773000000036,15.487907000000064,JC,CZ
"Stará Paka,,ČOV",50.519818000000036,15.487721000000022,JC,CZ
"Stará Paka,,Josefa Tůmy",50.52298300000007,15.488626000000066,JC,CZ
"Stará Paka,,Josefa Tůmy",50.52299000000004,15.488510000000074,JC,CZ
"Stará Paka,,odb.žel.st.",50.514909000000046,15.490369000000044,JC,CZ
"Stará Paka,,odb.žel.st.",50.515081000000066,15.490329000000031,JC,CZ
"Stará Paka,,Sokolovna",50.51394500000003,15.491208000000027,JC,CZ
"Stará Paka,,Sokolovna",50.51413200000008,15.491150000000063,JC,CZ
"Stará Paka,,škola",50.51055400000006,15.493813000000046,JC,CZ
"Stará Paka,,škola",50.51074100000005,15.493796000000032,JC,CZ
"Stará Paka,,U Splavu",50.50511500000004,15.501400000000045,JC,CZ
"Stará Paka,,U Splavu",50.50515100000006,15.501532000000054,JC,CZ
"Stará Paka,,Zápříčnice",50.49760300000002,15.489878000000033,JC,CZ
"Stará Paka,,Zápříčnice",50.49768500000005,15.489913000000056,JC,CZ
"Stará Paka,,závod",50.50857500000006,15.496718000000044,JC,CZ
"Stará Paka,,závod",50.508656000000016,15.496790000000033,JC,CZ
"Stará Paka,,žel.st.",50.515941000000055,15.487326000000053,JC,CZ
"Stará Paka,Brdo",50.49685400000004,15.471141000000044,JC,CZ
"Stará Paka,Brdo",50.496818000000076,15.471209000000046,JC,CZ
"Stará Paka,Karlov,dolní",50.533164000000056,15.493633000000045,JC,CZ
"Stará Paka,Karlov,dolní",50.53319700000004,15.493713000000069,JC,CZ
"Stará Paka,Karlov,horní",50.53682400000008,15.494092000000023,JC,CZ
"Stará Paka,Karlov,horní",50.53686600000003,15.494125000000054,JC,CZ
"Stará Paka,Krsmol",50.50292700000006,15.45215600000006,JC,CZ
"Stará Paka,Roškopov,kult.dům",50.51778100000007,15.47856100000007,JC,CZ
"Stará Paka,Roškopov,kult.dům",50.51786600000002,15.478560000000073,JC,CZ
"Stará Paka,Roškopov,STS",50.51661800000005,15.471190000000034,JC,CZ
"Stará Paka,Roškopov,STS",50.51669400000002,15.471104000000025,JC,CZ
"Stará Paka,Ústí,točna",50.518133000000034,15.454021000000068,JC,CZ
"Stará Paka,Ústí,továrna",50.51589200000006,15.460255000000075,JC,CZ
"Stará Paka,Ústí,továrna",50.51598600000005,15.460143000000075,JC,CZ
"Stará Voda,,zvonice",50.15006500000003,15.530489000000046,HK,CZ
"Stará Voda,,zvonice",50.15003000000007,15.530596000000061,HK,CZ
"Staré Buky,Dolní Staré Buky,rybník",50.53747400000003,15.848164000000052,TU,CZ
"Staré Buky,Dolní Staré Buky,rybník",50.53730600000006,15.84825200000006,TU,CZ
"Staré Buky,Dolní Staré Buky,samoty",50.55631600000004,15.856864000000028,TU,CZ
"Staré Buky,Dolní Staré Buky,samoty",50.556428000000025,15.857242000000042,TU,CZ
"Staré Buky,Horní Staré Buky,točna",50.523357000000026,15.874406000000022,TU,CZ
"Staré Buky,Prostř.Staré Buky,bytovka",50.52702900000002,15.864824000000057,TU,CZ
"Staré Buky,Prostř.Staré Buky,bytovka",50.52700200000003,15.864575000000059,TU,CZ
"Staré Buky,Prostř.Staré Buky,hostinec",50.530563000000036,15.859767000000032,TU,CZ
"Staré Buky,Prostř.Staré Buky,hostinec",50.53032600000005,15.859708000000069,TU,CZ
"Staré Buky,Prostř.Staré Buky,zámek",50.53546600000004,15.855056000000046,TU,CZ
"Staré Buky,Prostř.Staré Buky,zámek",50.53534900000006,15.855024000000071,TU,CZ
"Staré Hrady,,rozc.",50.38085800000004,15.214141000000039,JC,CZ
"Staré Hrady,,rozc.",50.38091100000002,15.214199000000065,JC,CZ
"Staré Hrady,,zámek",50.386608000000074,15.214409000000046,JC,CZ
"Staré Hrady,,zámek",50.386272000000076,15.214427000000057,JC,CZ
Staré Místo,50.40370200000007,15.342131000000052,JC,CZ
Staré Místo,50.40368100000006,15.34190700000005,JC,CZ
Staré Smrkovice,50.33811400000007,15.494214000000056,JC,CZ
Staré Smrkovice,50.338064000000024,15.494098000000065,JC,CZ
"Stárkov,,Frolen",50.529173000000064,16.149136000000055,NA,CZ
"Stárkov,,Frolen",50.52928200000008,16.149289000000067,NA,CZ
"Stárkov,,mlékárna",50.53077900000005,16.16687600000006,NA,CZ
"Stárkov,,mlékárna",50.530680000000075,16.166874000000064,NA,CZ
"Stárkov,,nám.",50.533584000000076,16.15788100000003,NA,CZ
"Stárkov,Bystré",50.52315700000002,16.145255000000077,NA,CZ
"Stárkov,Bystré",50.523178000000016,16.145384000000035,NA,CZ
"Stárkov,Bystré,konzum",50.51615600000008,16.13870000000003,NA,CZ
"Stárkov,Bystré,konzum",50.51612300000004,16.138798000000065,NA,CZ
"Stárkov,Horní Dřevíč",50.52252900000007,16.17628700000006,NA,CZ
"Stárkov,Horní Dřevíč",50.52259700000007,16.17633500000005,NA,CZ
"Stárkov,Chlívce,odb.",50.51331900000008,16.129665000000045,NA,CZ
"Stárkov,Chlívce,odb.",50.51326800000003,16.12979400000006,NA,CZ
"Stárkov,Chlívce,odb.Krkavčina",50.507157000000056,16.132546000000048,NA,CZ
"Stárkov,Chlívce,odb.Krkavčina",50.50720200000007,16.132660000000044,NA,CZ
"Stárkov,Vápenka",50.54061900000004,16.136389000000065,NA,CZ
"Stárkov,Vápenka",50.54054100000008,16.136456000000067,NA,CZ
"Stárkov,Vápenka,Černý kout",50.54401100000007,16.130746000000045,NA,CZ
"Stárkov,Vápenka,Černý kout",50.54380400000007,16.130737000000067,NA,CZ
"Starý Bydžov,,hřbitov",50.26251600000006,15.455049000000031,HK,CZ
"Starý Bydžov,,hřbitov",50.26254700000004,15.454938000000027,HK,CZ
"Starý Bydžov,,ObÚ",50.25803300000006,15.454014000000027,HK,CZ
"Starý Bydžov,,ObÚ",50.25832300000007,15.453317000000027,HK,CZ
"Starý Bydžov,,ZD",50.25489200000003,15.458871000000045,HK,CZ
"Starý Bydžov,,ZD",50.255288000000064,15.457786000000054,HK,CZ
Stěžery,50.21193300000004,15.755566000000046,HK,CZ
"Stěžery,,kostel",50.21438400000005,15.75036600000004,HK,CZ
"Stěžery,,kostel",50.21475800000006,15.750072000000046,HK,CZ
"Stěžery,,na růžku",50.21099000000003,15.757145000000037,HK,CZ
"Stěžery,,na růžku",50.21107900000003,15.757113000000059,HK,CZ
"Stěžery,Hřibsko",50.19675700000004,15.735887000000048,HK,CZ
"Stěžery,Hřibsko",50.19685400000002,15.735713000000034,HK,CZ
"Stěžery,Stěžírky",50.22477800000007,15.737731000000052,HK,CZ
"Stěžery,Stěžírky",50.22488500000003,15.737811000000022,HK,CZ
"Stračov,,náves",50.30164500000006,15.641515000000027,HK,CZ
"Stračov,,u Jakuba křižovatka",50.292847000000044,15.638824000000058,HK,CZ
"Stračov,,u Jakuba křižovatka",50.29280400000005,15.63871100000006,HK,CZ
"Stračov,,u Jakuba křižovatka",50.29316900000003,15.638140000000021,HK,CZ
"Stračov,,u Jakuba křižovatka",50.29307800000003,15.638435000000072,HK,CZ
"Stračov,Klenice",50.31279000000007,15.663164000000052,HK,CZ
"Stračov,Klenice",50.31314000000004,15.662956000000065,HK,CZ
"Strážné,,Hořejší Vrchlabí",50.66197700000003,15.606365000000041,TU,CZ
"Strážné,,Hořejší Vrchlabí",50.66214700000006,15.606193000000076,TU,CZ
"Strážné,,lom",50.67798200000004,15.620511000000022,TU,CZ
"Strážné,,nám.",50.661707000000035,15.61527600000005,TU,CZ
"Strážné,,nám.",50.66184100000004,15.615405000000067,TU,CZ
"Střevač,,ObÚ",50.404342000000035,15.274657000000047,JC,CZ
"Střevač,,ObÚ",50.40414600000001,15.274786000000065,JC,CZ
"Střevač,,rybník",50.40728000000007,15.269224000000065,JC,CZ
"Střevač,,rybník",50.407235000000064,15.269118000000047,JC,CZ
"Střevač,Batín",50.41997400000008,15.231136000000049,JC,CZ
"Střevač,Batín",50.419899000000036,15.231182000000047,JC,CZ
"Střevač,Nadslav",50.42217100000005,15.261156000000028,JC,CZ
"Střevač,Nadslav",50.42208300000004,15.261025000000075,JC,CZ
"Střevač,Štidla",50.433014000000064,15.25616800000006,JC,CZ
"Střevač,Štidla",50.432945000000075,15.25607400000007,JC,CZ
"Střezetice,,pomník",50.25828900000004,15.71803600000004,HK,CZ
"Střezetice,,pomník",50.25838700000003,15.717935000000068,HK,CZ
"Studnice,,hostinec",50.421294000000046,16.08900600000004,NA,CZ
"Studnice,,hostinec",50.42148300000007,16.089068000000054,NA,CZ
"Studnice,Bakov",50.43503900000007,16.08623700000004,NA,CZ
"Studnice,Bakov",50.43517600000006,16.086125000000038,NA,CZ
"Studnice,Řešetova Lhota,hostinec",50.427904000000076,16.09974100000005,NA,CZ
"Studnice,Řešetova Lhota,hostinec",50.42785400000008,16.09961100000004,NA,CZ
"Studnice,Řešetova Lhota,hostinec",50.428600000000074,16.099462000000074,NA,CZ
"Studnice,Řešetova Lhota,hostinec",50.42857500000007,16.099348000000077,NA,CZ
"Studnice,Řešetova Lhota,Pastviště",50.43334300000003,16.093672000000026,NA,CZ
"Studnice,Řešetova Lhota,Pastviště",50.433404000000046,16.093635000000063,NA,CZ
"Studnice,Všeliby",50.44070600000002,16.075147000000072,NA,CZ
"Studnice,Všeliby",50.44060200000007,16.075064000000054,NA,CZ
"Studnice,Zblov",50.41267300000004,16.072676000000058,NA,CZ
"Studnice,Zblov",50.412609000000025,16.072415000000035,NA,CZ
"Suchovršice,,has.zbroj.",50.52369100000004,15.997355000000027,TU,CZ
"Suchovršice,,Lhotka",50.53528600000003,15.995960000000023,TU,CZ
"Suchovršice,,Lhotka",50.535254000000066,15.996266000000048,TU,CZ
"Suchovršice,,odb.žel.zast.",50.529602000000075,15.998391000000028,TU,CZ
"Suchovršice,,odb.žel.zast.",50.52944800000005,15.998065000000052,TU,CZ
"Suchovršice,,továrna",50.52273500000007,16.00073800000007,TU,CZ
"Suchovršice,,továrna",50.52208700000005,16.00170600000007,TU,CZ
"Suchý Důl,,dolní",50.53848800000002,16.25963100000007,NA,CZ
"Suchý Důl,,dolní",50.53839000000006,16.25963500000006,NA,CZ
"Suchý Důl,,MŠ",50.543279000000034,16.27736900000002,NA,CZ
"Suchý Důl,,MŠ",50.54347100000006,16.277393000000075,NA,CZ
"Suchý Důl,,Na Drahách",50.545293000000065,16.271375000000035,NA,CZ
"Suchý Důl,,Na Drahách",50.545310000000015,16.27125700000005,NA,CZ
"Suchý Důl,,ObÚ",50.540631000000076,16.26584900000006,NA,CZ
"Suchý Důl,,ObÚ",50.54062800000002,16.265644000000066,NA,CZ
"Suchý Důl,,ObÚ",50.54037800000003,16.26536100000004,NA,CZ
"Suchý Důl,Slavný",50.53700600000007,16.284700000000043,NA,CZ
Sukorady,50.32602900000006,15.58308900000003,JC,CZ
Sukorady,50.32599000000004,15.582909000000031,JC,CZ
"Sukorady,Kouty",50.319962000000025,15.561608000000033,JC,CZ
"Svatojanský Újezd,,náves",50.42638000000005,15.541881000000046,JC,CZ
"Svatojanský Újezd,,náves",50.42633300000006,15.541843000000028,JC,CZ
"Svatojanský Újezd,,Okrouhle",50.43100900000007,15.545727000000056,JC,CZ
"Svatojanský Újezd,,Okrouhle",50.431077000000066,15.545720000000074,JC,CZ
"Světí,,jih",50.254963000000025,15.780792000000076,HK,CZ
"Světí,,odb.",50.25583200000005,15.785248000000024,HK,CZ
"Světí,,odb.",50.25584700000007,15.785360000000024,HK,CZ
"Světí,,střed",50.25681100000002,15.77822100000003,HK,CZ
"Světí,,střed",50.25693500000005,15.77809200000007,HK,CZ
"Svídnice,,ObÚ",50.08694300000006,16.222551000000067,RK,CZ
"Svídnice,,ObÚ",50.08676900000006,16.222515000000044,RK,CZ
"Svídnice,,odb.Suchá Rybná",50.096512000000075,16.240827000000024,RK,CZ
"Svídnice,,odb.Suchá Rybná",50.09655700000006,16.240752000000043,RK,CZ
"Svoboda n.Úpou,,aut.st.",50.622145000000046,15.819753000000048,TU,CZ
"Svoboda n.Úpou,,aut.st.",50.622259000000035,15.819653000000073,TU,CZ
"Svoboda n.Úpou,,aut.st.",50.62254100000007,15.819456000000057,TU,CZ
"Svoboda n.Úpou,,hotel PROM",50.632709000000034,15.810543000000054,TU,CZ
"Svoboda n.Úpou,,hotel PROM",50.632887000000025,15.810344000000043,TU,CZ
"Svoboda n.Úpou,,Maršov I",50.63423900000003,15.812159000000065,TU,CZ
"Svoboda n.Úpou,,Maršov I",50.63376900000002,15.812254000000054,TU,CZ
"Svoboda n.Úpou,,Maršov II",50.642253000000046,15.814008000000058,TU,CZ
"Svoboda n.Úpou,,Maršov II",50.643316000000034,15.814401000000032,TU,CZ
"Svoboda n.Úpou,,nám.",50.625834000000054,15.815214000000024,TU,CZ
"Svoboda n.Úpou,,nám.",50.62600600000007,15.814977000000058,TU,CZ
"Synkov-Slemeno,Slemeno,kaple",50.14696200000002,16.230985000000032,RK,CZ
"Synkov-Slemeno,Slemeno,kaple",50.14703800000006,16.23087000000004,RK,CZ
"Synkov-Slemeno,Slemeno,mlýn",50.14981500000004,16.241967000000045,RK,CZ
"Synkov-Slemeno,Slemeno,mlýn",50.14990700000004,16.24201000000005,RK,CZ
"Synkov-Slemeno,Synkov,kovárna",50.14543300000002,16.220442000000048,RK,CZ
"Synkov-Slemeno,Synkov,kovárna",50.14548500000006,16.22032500000006,RK,CZ
"Synkov-Slemeno,Synkov,kříž",50.14211600000004,16.20548800000006,RK,CZ
"Synkov-Slemeno,Synkov,kříž",50.14218600000004,16.20540600000004,RK,CZ
"Syrovátka,,cukrovar",50.153860000000066,15.663637000000051,HK,CZ
"Syrovátka,,cukrovar",50.153767000000066,15.663559000000078,HK,CZ
"Syrovátka,,žel.st.Dobřenice",50.15937400000008,15.656444000000022,HK,CZ
"Syrovátka,,žel.st.Dobřenice",50.15929700000004,15.656616000000044,HK,CZ
"Šaplava,,hřiště",50.31474100000002,15.543934000000037,HK,CZ
"Šaplava,,hřiště",50.314873000000034,15.543618000000038,HK,CZ
"Šaplava,,točna",50.31540500000005,15.53581500000007,HK,CZ
"Šárovcova Lhota,,křiž.",50.40994400000005,15.551388000000033,JC,CZ
"Šárovcova Lhota,,křiž.",50.40989900000005,15.551492000000053,JC,CZ
"Šárovcova Lhota,,truhlárna",50.408669000000025,15.559348000000057,JC,CZ
Šestajovice,50.340532000000046,16.008049000000028,NA,CZ
Šestajovice,50.34061000000002,16.008255000000077,NA,CZ
"Šestajovice,Roztoky",50.336791000000055,16.038361000000066,NA,CZ
"Šestajovice,Roztoky",50.33689600000008,16.03820600000006,NA,CZ
"Šonov,,konečná",50.57070900000007,16.41687900000005,NA,CZ
"Šonov,,kult.dům",50.57795600000002,16.411891000000026,NA,CZ
"Šonov,,kult.dům",50.57796200000006,16.411786000000063,NA,CZ
"Šonov,,ObÚ",50.59031200000004,16.402675000000045,NA,CZ
"Šonov,,ObÚ",50.59014600000006,16.40265900000003,NA,CZ
"Šonov,,ZD",50.58486900000002,16.409058000000073,NA,CZ
"Šonov,,ZD",50.584798000000035,16.409024000000045,NA,CZ
"Špindlerův Mlýn,,aut.st.",50.72418400000004,15.604043000000047,TU,CZ
"Špindlerův Mlýn,,Bártlova lávka",50.68812500000006,15.578905000000075,TU,CZ
"Špindlerův Mlýn,,Bártlova lávka",50.68767200000007,15.57867100000004,TU,CZ
"Špindlerův Mlýn,,Davidova bouda rozc.",50.750336000000054,15.610303000000046,TU,CZ
"Špindlerův Mlýn,,Davidova bouda rozc.",50.75026700000006,15.610139000000062,TU,CZ
"Špindlerův Mlýn,,Dívčí lávky",50.74260000000003,15.60851400000007,TU,CZ
"Špindlerův Mlýn,,Dívčí lávky",50.74243000000007,15.608527000000036,TU,CZ
"Špindlerův Mlýn,,Jelení boudy rozc.",50.75234000000005,15.62204600000007,TU,CZ
"Špindlerův Mlýn,,Jelení boudy rozc.",50.752422000000074,15.622101000000043,TU,CZ
"Špindlerův Mlýn,,Malý Šišák",50.758340000000025,15.634480000000053,TU,CZ
"Špindlerův Mlýn,,Malý Šišák",50.75826300000004,15.634389000000056,TU,CZ
"Špindlerův Mlýn,,Medvědí koleno",50.74783400000007,15.600510000000044,TU,CZ
"Špindlerův Mlýn,,Medvědí koleno",50.747925000000066,15.600419000000043,TU,CZ
"Špindlerův Mlýn,,Michlův Mlýn",50.69994900000006,15.587653000000046,TU,CZ
"Špindlerův Mlýn,,Michlův Mlýn",50.69957000000005,15.588004000000069,TU,CZ
"Špindlerův Mlýn,,parkovací terminál",50.723952000000054,15.592159000000038,TU,CZ
"Špindlerův Mlýn,,parkovací terminál",50.72372200000007,15.592031000000077,TU,CZ
"Špindlerův Mlýn,,Parkoviště P3 - Medvědín",50.73517000000004,15.608832000000062,TU,CZ
"Špindlerův Mlýn,,Parkoviště P3 - Medvědín",50.73345200000004,15.608473000000062,TU,CZ
"Špindlerův Mlýn,,Špindlerova bouda",50.762593000000024,15.634363000000064,TU,CZ
"Špindlerův Mlýn,,Volský Důl Kukačka",50.68120600000003,15.58850300000006,TU,CZ
"Špindlerův Mlýn,,Volský Důl Kukačka",50.68122100000004,15.588849000000039,TU,CZ
"Špindlerův Mlýn,Labská",50.71500400000007,15.583000000000029,TU,CZ
"Špindlerův Mlýn,Labská",50.715273000000074,15.583489000000043,TU,CZ
"Těchlovice,,náves",50.20817100000004,15.711830000000079,HK,CZ
"Těchlovice,,náves",50.20828900000002,15.71178700000007,HK,CZ
"Teplice n.Met.,,Bučnice",50.60597300000006,16.149073000000044,NA,CZ
"Teplice n.Met.,,Bučnice",50.606044000000054,16.14901100000003,NA,CZ
"Teplice n.Met.,,Kamenec",50.59515200000004,16.16447800000003,NA,CZ
"Teplice n.Met.,,Kamenec",50.595084000000035,16.16448900000006,NA,CZ
"Teplice n.Met.,,nám.",50.59236800000007,16.171156000000053,NA,CZ
"Teplice n.Met.,,nám.",50.59251900000004,16.171303000000023,NA,CZ
"Teplice n.Met.,,pošta",50.59008700000003,16.17007600000005,NA,CZ
"Teplice n.Met.,,pošta",50.59044100000005,16.170169000000044,NA,CZ
"Teplice n.Met.,,sjezdovka",50.591905000000054,16.159654000000046,NA,CZ
"Teplice n.Met.,,skály",50.59484100000003,16.14901100000003,NA,CZ
"Teplice n.Met.,,skály",50.594660000000026,16.149197000000072,NA,CZ
"Teplice n.Met.,,žel.zast.město",50.59395200000006,16.170584000000076,NA,CZ
"Teplice n.Met.,,žel.zast.město",50.59382300000004,16.170570000000055,NA,CZ
"Teplice n.Met.,Bohdašín",50.59262300000005,16.196398000000045,NA,CZ
"Teplice n.Met.,Bohdašín",50.592698000000034,16.196348000000057,NA,CZ
"Teplice n.Met.,Bohdašín,žel.zast.",50.59722800000002,16.21061000000003,NA,CZ
"Teplice n.Met.,Bohdašín,žel.zast.",50.59709500000007,16.21038500000003,NA,CZ
"Teplice n.Met.,Dědov,kovárna",50.555246000000054,16.186366000000078,NA,CZ
"Teplice n.Met.,Dědov,kovárna",50.555273000000064,16.186698000000035,NA,CZ
"Teplice n.Met.,Dědov,most",50.56244600000007,16.186338000000035,NA,CZ
"Teplice n.Met.,Dědov,most",50.56255100000004,16.186316000000033,NA,CZ
"Teplice n.Met.,Dolní Teplice,Rybárna",50.58409200000005,16.17309800000004,NA,CZ
"Teplice n.Met.,Dolní Teplice,Rybárna",50.584235000000035,16.173152000000073,NA,CZ
"Teplice n.Met.,Dolní Teplice,žel.st.",50.58305100000007,16.18062100000003,NA,CZ
"Teplice n.Met.,Dolní Teplice,žel.st.",50.58326600000004,16.18059900000003,NA,CZ
"Teplice n.Met.,Javor,škola",50.56531300000006,16.177166000000057,NA,CZ
"Teplice n.Met.,Javor,škola",50.565515000000055,16.177080000000046,NA,CZ
"Teplice n.Met.,Javor,továrna",50.57325400000008,16.172476000000074,NA,CZ
"Teplice n.Met.,Javor,továrna",50.57342800000003,16.172642000000053,NA,CZ
"Teplice n.Met.,Zdoňov,kostel",50.63072600000004,16.138794000000075,NA,CZ
"Teplice n.Met.,Zdoňov,kostel",50.63085200000006,16.139130000000023,NA,CZ
"Teplice n.Met.,Zdoňov,točna",50.63897900000006,16.145613000000026,NA,CZ
"Tetín,,knihovna",50.425403000000074,15.633300000000075,JC,CZ
"Tetín,,knihovna",50.425546000000054,15.633080000000064,JC,CZ
"Tetín,,ZD",50.42388500000004,15.640210000000026,JC,CZ
"Tetín,,ZD",50.424019000000044,15.640171000000066,JC,CZ
"Tetín,Vidoň",50.422758000000044,15.646625000000029,JC,CZ
"Tetín,Vidoň",50.422856000000074,15.646581000000026,JC,CZ
"Trnov,,náves",50.24501900000007,16.165466000000038,RK,CZ
"Trnov,,náves",50.24528600000008,16.16558800000007,RK,CZ
"Trnov,Houdkovice",50.227265000000045,16.16931900000003,RK,CZ
"Trnov,Houdkovice",50.227491000000036,16.169301000000075,RK,CZ
"Trnov,Houdkovice,odb.Slavěnka",50.22249500000003,16.17602100000005,RK,CZ
"Trnov,Houdkovice,odb.Slavěnka",50.222404000000026,16.17611400000004,RK,CZ
"Trnov,Malá Záhornice",50.24414300000007,16.12831600000004,RK,CZ
"Trnov,Malá Záhornice",50.24404100000003,16.128131000000053,RK,CZ
"Trnov,Zádolí",50.242253000000055,16.148757000000046,RK,CZ
"Trnov,Zádolí",50.24223600000004,16.149113000000057,RK,CZ
"Trnov,Záhornice",50.23729600000007,16.129128000000037,RK,CZ
"Trnov,Záhornice",50.23717000000005,16.129064000000028,RK,CZ
"Trotina,,ObÚ",50.41008000000005,15.717805000000057,TU,CZ
"Trotina,,ObÚ",50.41018400000006,15.717689000000066,TU,CZ
"Trotina,,ObÚ",50.40987900000004,15.715568000000076,TU,CZ
"Trotina,,ObÚ",50.409843000000066,15.715486000000057,TU,CZ
"Trutnov,,Albert Hypermarket",50.56311100000005,15.897354000000066,TU,CZ
"Trutnov,,Albert Hypermarket",50.56323800000007,15.897275000000036,TU,CZ
"Trutnov,,aut.st.",50.56454800000005,15.909013000000073,TU,CZ
"Trutnov,,aut.st.",50.56449300000003,15.908506000000045,TU,CZ
"Trutnov,,aut.st.",50.56462700000003,15.908218000000033,TU,CZ
"Trutnov,,aut.st.",50.564708000000046,15.907962000000055,TU,CZ
"Trutnov,,aut.st.",50.56467700000007,15.908473000000072,TU,CZ
"Trutnov,,aut.st.",50.56475900000003,15.908205000000068,TU,CZ
"Trutnov,,aut.st.",50.564866000000045,15.907948000000035,TU,CZ
"Trutnov,,aut.st.",50.56474300000008,15.908577000000037,TU,CZ
"Trutnov,,aut.st.",50.564846000000045,15.908294000000069,TU,CZ
"Trutnov,,aut.st.",50.56496000000004,15.908020000000024,TU,CZ
"Trutnov,,Bojiště",50.54805400000003,15.90988900000008,TU,CZ
"Trutnov,,Bojiště",50.54763900000006,15.910724000000073,TU,CZ
"Trutnov,,Čs.armády",50.56248900000003,15.901768000000061,TU,CZ
"Trutnov,,Čs.armády",50.56264100000004,15.901785000000077,TU,CZ
"Trutnov,,Družba",50.55956600000007,15.899874000000068,TU,CZ
"Trutnov,,Družba",50.55950200000006,15.900811000000033,TU,CZ
"Trutnov,,hřbitov",50.555784000000074,15.903306000000045,TU,CZ
"Trutnov,,kino",50.561870000000056,15.917610000000023,TU,CZ
"Trutnov,,kino",50.561725000000074,15.917159000000028,TU,CZ
"Trutnov,,Lidl",50.56568400000004,15.92395800000003,TU,CZ
"Trutnov,,Lidl",50.56517800000006,15.923253000000047,TU,CZ
"Trutnov,,Na Struze",50.559301000000055,15.911835000000053,TU,CZ
"Trutnov,,Na Struze",50.559333000000024,15.909983000000068,TU,CZ
"Trutnov,,Náchodská",50.56667500000003,15.92743500000006,TU,CZ
"Trutnov,,Náchodská",50.566982000000046,15.929509000000055,TU,CZ
"Trutnov,,Polská",50.563733000000056,15.919667000000063,TU,CZ
"Trutnov,,Polská",50.56322100000005,15.91888300000005,TU,CZ
"Trutnov,,prům.zóna",50.55790200000006,15.89144200000004,TU,CZ
"Trutnov,,Rozcestí 1866",50.55383900000004,15.913948000000063,TU,CZ
"Trutnov,,Šestidomí",50.56792600000005,15.901512000000025,TU,CZ
"Trutnov,,Šestidomí",50.567189000000035,15.903385000000071,TU,CZ
"Trutnov,,žel.st.",50.56499100000008,15.910352000000046,TU,CZ
"Trutnov,,žel.st.",50.56481900000006,15.910323000000062,TU,CZ
"Trutnov,,žel.st.Kalná Voda",50.59972500000002,15.872156000000075,TU,CZ
"Trutnov,,žel.st.Kalná Voda",50.60007800000005,15.871657000000027,TU,CZ
"Trutnov,Adamov",50.54132500000002,15.97914700000007,TU,CZ
"Trutnov,Adamov",50.54126800000005,15.979025000000036,TU,CZ
"Trutnov,Babí,dolní",50.61188100000003,15.887012000000027,TU,CZ
"Trutnov,Babí,dolní",50.61214400000006,15.887660000000038,TU,CZ
"Trutnov,Babí,has.zbroj.",50.61571900000006,15.897144000000027,TU,CZ
"Trutnov,Babí,has.zbroj.",50.61575800000002,15.897504000000025,TU,CZ
"Trutnov,Babí,horní",50.62420700000006,15.906724000000054,TU,CZ
"Trutnov,Babí,horní",50.62379800000008,15.90653100000003,TU,CZ
"Trutnov,Babí,pevnost",50.63191800000004,15.905028000000073,TU,CZ
"Trutnov,Babí,pevnost",50.63161100000007,15.905512000000046,TU,CZ
"Trutnov,Babí,střed",50.61989500000004,15.905201000000034,TU,CZ
"Trutnov,Babí,střed",50.620340000000056,15.905285000000049,TU,CZ
"Trutnov,Bohuslavice",50.55043100000006,15.974736000000064,TU,CZ
"Trutnov,Bohuslavice",50.55013400000007,15.975143000000058,TU,CZ
"Trutnov,Dol.Staré Město,Autostyl",50.570216000000066,15.898222000000034,TU,CZ
"Trutnov,Dol.Staré Město,Autostyl",50.571413000000064,15.897825000000067,TU,CZ
"Trutnov,Dol.Staré Město,zahradnictví",50.575170000000064,15.896234000000048,TU,CZ
"Trutnov,Dol.Staré Město,zahradnictví",50.57575400000007,15.895987000000048,TU,CZ
"Trutnov,Hor.Staré Město,hřiště",50.587096000000024,15.885245000000053,TU,CZ
"Trutnov,Hor.Staré Město,hřiště",50.586814000000054,15.886118000000067,TU,CZ
"Trutnov,Hor.Staré Město,hřiště",50.586817000000046,15.885602000000063,TU,CZ
"Trutnov,Hor.Staré Město,Kolonky",50.59345300000007,15.87904800000007,TU,CZ
"Trutnov,Hor.Staré Město,Kolonky",50.593473000000074,15.879283000000045,TU,CZ
"Trutnov,Hor.Staré Město,kostel",50.589330000000075,15.883324000000073,TU,CZ
"Trutnov,Hor.Staré Město,Rýchorská",50.595899000000024,15.877925000000063,TU,CZ
"Trutnov,Hor.Staré Město,Rýchorská",50.595924000000075,15.878122000000076,TU,CZ
"Trutnov,Hor.Staré Město,STK",50.597883000000074,15.87358400000005,TU,CZ
"Trutnov,Hor.Staré Město,STK",50.59876800000006,15.871181000000034,TU,CZ
"Trutnov,Hor.Staré Město,Zelená Louka",50.58175100000004,15.890860000000032,TU,CZ
"Trutnov,Hor.Staré Město,Zelená Louka",50.58179700000004,15.891050000000066,TU,CZ
"Trutnov,Libeč,dolní",50.58974900000003,15.945549000000028,TU,CZ
"Trutnov,Libeč,dolní",50.58957900000007,15.945711000000074,TU,CZ
"Trutnov,Libeč,hřiště",50.596112000000055,15.94331200000005,TU,CZ
"Trutnov,Libeč,hřiště",50.59619600000008,15.943712000000064,TU,CZ
"Trutnov,Nový Rokytník",50.52633700000007,15.91817000000003,TU,CZ
"Trutnov,Nový Rokytník",50.52650800000003,15.918332000000076,TU,CZ
"Trutnov,Poříčí,Ekvita",50.56935900000007,15.936275000000023,TU,CZ
"Trutnov,Poříčí,Ekvita",50.56964500000004,15.938454000000036,TU,CZ
"Trutnov,Poříčí,elektrárna",50.575174000000054,15.959051000000045,TU,CZ
"Trutnov,Poříčí,elektrárna",50.57503000000001,15.95886100000007,TU,CZ
"Trutnov,Poříčí,Ječná",50.57130300000005,15.942038000000025,TU,CZ
"Trutnov,Poříčí,Ječná",50.57129100000002,15.942512000000022,TU,CZ
"Trutnov,Poříčí,Kladská",50.558010000000074,15.967872000000057,TU,CZ
"Trutnov,Poříčí,Kladská",50.557807000000075,15.967774000000077,TU,CZ
"Trutnov,Poříčí,nám.",50.57325300000008,15.949072000000058,TU,CZ
"Trutnov,Poříčí,nám.",50.57330200000007,15.949404000000074,TU,CZ
"Trutnov,Poříčí,Petříkovická",50.57955400000003,15.965182000000029,TU,CZ
"Trutnov,Poříčí,Petříkovická",50.58059800000007,15.968465000000036,TU,CZ
"Trutnov,Poříčí,Petříkovická",50.57976100000007,15.96522200000004,TU,CZ
"Trutnov,Poříčí,Porfix",50.56586300000004,15.966184000000055,TU,CZ
"Trutnov,Poříčí,Porfix",50.565352000000075,15.965998000000072,TU,CZ
"Trutnov,Poříčí,škola",50.575174000000054,15.95427600000005,TU,CZ
"Trutnov,Poříčí,škola",50.57507700000007,15.95465100000007,TU,CZ
"Trutnov,Poříčí,viadukty",50.57728300000007,15.962109000000057,TU,CZ
"Trutnov,Poříčí,viadukty",50.57756600000005,15.962843000000078,TU,CZ
"Trutnov,Poříčí,žel.st.střed",50.57860300000004,15.94539100000003,TU,CZ
"Trutnov,Poříčí,žel.st.střed",50.57782100000002,15.946482000000058,TU,CZ
"Trutnov,Starý Rokytník,Hůrka",50.54162000000007,15.936996000000022,TU,CZ
"Trutnov,Starý Rokytník,Hůrka",50.54150500000002,15.937003000000061,TU,CZ
"Trutnov,Starý Rokytník,Rubínovice",50.52814300000006,15.96192600000006,TU,CZ
"Trutnov,Starý Rokytník,Rubínovice",50.52807200000005,15.961793000000057,TU,CZ
"Trutnov,Starý Rokytník,střed",50.537769000000026,15.944338000000073,TU,CZ
"Trutnov,Starý Rokytník,střed",50.53817100000003,15.943660000000023,TU,CZ
"Trutnov,Starý Rokytník,školka",50.53476600000004,15.948031000000071,TU,CZ
"Trutnov,Starý Rokytník,školka",50.534063000000046,15.948952000000077,TU,CZ
"Trutnov,Střítež",50.51131800000007,15.910752000000059,TU,CZ
"Trutnov,Střítež",50.51134900000005,15.911045000000057,TU,CZ
"Trutnov,Střítež,rozc.",50.52023600000007,15.916098000000034,TU,CZ
"Trutnov,Střítež,rozc.",50.52010800000004,15.916258000000028,TU,CZ
"Trutnov,Studenec",50.50387100000005,15.942598000000032,TU,CZ
"Trutnov,Studenec",50.503567000000025,15.942489000000023,TU,CZ
"Trutnov,Volanov,dolní",50.55916800000006,15.879495000000079,TU,CZ
"Trutnov,Volanov,dolní",50.55930400000005,15.879507000000046,TU,CZ
"Trutnov,Volanov,horní",50.55759900000004,15.890048000000034,TU,CZ
"Trutnov,Volanov,horní",50.55770700000005,15.890516000000046,TU,CZ
"Trutnov,Volanov,točna",50.55791800000002,15.87191800000005,TU,CZ
"Trutnov,Volanov,točna",50.558098000000015,15.872058000000038,TU,CZ
"Trutnov,Voletiny,odb.Debrné",50.58477200000004,15.946555000000044,TU,CZ
"Trutnov,Voletiny,odb.Debrné",50.584445000000066,15.946691000000046,TU,CZ
"Třebechovice p.Oreb.,,Bor",50.196511000000044,16.00058000000007,HK,CZ
"Třebechovice p.Oreb.,,Bor",50.19604100000004,16.00076800000005,HK,CZ
"Třebechovice p.Oreb.,,Heldovo nám.",50.20136600000006,15.98580000000004,HK,CZ
"Třebechovice p.Oreb.,,Heldovo nám.",50.20126100000003,15.985871000000031,HK,CZ
"Třebechovice p.Oreb.,,Masarykovo nám.",50.200973000000026,15.993025000000047,HK,CZ
"Třebechovice p.Oreb.,,Masarykovo nám.",50.20083300000005,15.993357000000058,HK,CZ
"Třebechovice p.Oreb.,,škola",50.19827600000007,15.99524400000007,HK,CZ
"Třebechovice p.Oreb.,,škola",50.198218000000054,15.995097000000044,HK,CZ
"Třebechovice p.Oreb.,,Trčkova",50.20055600000006,16.004478000000063,HK,CZ
"Třebechovice p.Oreb.,,Trčkova",50.200411000000024,16.00525600000003,HK,CZ
"Třebechovice p.Oreb.,,žel.st.",50.20054700000003,15.983058000000028,HK,CZ
"Třebechovice p.Oreb.,Krňovice",50.19169900000003,15.979012000000067,HK,CZ
"Třebechovice p.Oreb.,Krňovice",50.191693000000036,15.979184000000032,HK,CZ
"Třebechovice p.Oreb.,Nepasice,restaurace",50.208661000000056,15.955085000000052,HK,CZ
"Třebechovice p.Oreb.,Nepasice,restaurace",50.20818200000007,15.957056000000021,HK,CZ
"Třebechovice p.Oreb.,Nepasice,škola",50.20996100000007,15.946143000000063,HK,CZ
"Třebechovice p.Oreb.,Nepasice,škola",50.20979200000005,15.946819000000062,HK,CZ
"Třebechovice p.Oreb.,Polánky,Mitrov",50.20976400000006,16.024279000000035,HK,CZ
"Třebechovice p.Oreb.,Polánky,Mitrov",50.210223000000035,16.025461000000064,HK,CZ
"Třebechovice p.Oreb.,Štěnkov,náves",50.18332900000007,15.998089000000048,HK,CZ
"Třebechovice p.Oreb.,Štěnkov,u křížku",50.188477000000034,15.997321000000056,HK,CZ
"Třebechovice p.Oreb.,Štěnkov,u křížku",50.18843300000003,15.997254000000055,HK,CZ
"Třebešov,,odb.Libel",50.16652000000005,16.193658000000028,RK,CZ
"Třebešov,,odb.Libel",50.16658700000005,16.193640000000073,RK,CZ
"Třebešov,,prodejna",50.168181000000054,16.204046000000062,RK,CZ
"Třebešov,,prodejna",50.16829900000004,16.20447500000006,RK,CZ
"Třebihošť,,has.zbroj.",50.43476000000003,15.707344000000035,TU,CZ
"Třebihošť,,has.zbroj.",50.43486200000007,15.707373000000075,TU,CZ
"Třebihošť,,koupaliště",50.431855000000034,15.714196000000074,TU,CZ
"Třebihošť,,koupaliště",50.43197400000008,15.71417500000007,TU,CZ
"Třebihošť,,točna",50.438530000000064,15.697179000000062,TU,CZ
"Třebihošť,,Zvičina",50.45471000000002,15.695407000000044,TU,CZ
"Třebihošť,Dolní Dehtov",50.423291000000056,15.726430000000052,TU,CZ
"Třebihošť,Dolní Dehtov",50.42349800000005,15.726434000000042,TU,CZ
"Třebihošť,Horní Dehtov",50.42449300000005,15.734519000000036,TU,CZ
"Třebihošť,Horní Dehtov",50.424591000000085,15.734405000000036,TU,CZ
"Třebihošť,Horní Dehtov,Zátluky",50.425592000000044,15.755263000000069,TU,CZ
"Třebihošť,Horní Dehtov,Zátluky",50.425699000000066,15.755356000000061,TU,CZ
"Třebnouševes,,náves",50.33971900000006,15.651873000000023,JC,CZ
"Třebnouševes,,náves",50.339592000000025,15.652154000000053,JC,CZ
"Třebnouševes,,prodejna",50.34046200000006,15.649670000000071,JC,CZ
"Třebnouševes,,prodejna",50.340382000000034,15.64949100000007,JC,CZ
"Třebnouševes,Ostrov,odb.",50.33713800000003,15.639430000000061,JC,CZ
"Třebnouševes,Ostrov,odb.",50.33709300000003,15.639294000000065,JC,CZ
"Třebnouševes,Vinice,náves",50.34240300000005,15.635596000000076,JC,CZ
"Třebnouševes,Vinice,náves",50.34247400000004,15.635501000000035,JC,CZ
"Třebnouševes,Vinice,odb.",50.341616000000045,15.630854000000056,JC,CZ
"Třebnouševes,Vinice,odb.",50.34292500000003,15.63078600000006,JC,CZ
"Třesovice,,odb.Mokrovousy",50.266715000000026,15.681970000000035,HK,CZ
"Třesovice,,odb.Mokrovousy",50.26673200000005,15.68186600000007,HK,CZ
"Třesovice,,prodejna",50.26442100000003,15.690308000000073,HK,CZ
"Třesovice,,prodejna",50.26459400000004,15.690134000000056,HK,CZ
"Třesovice,,točna",50.26422400000006,15.689711000000043,HK,CZ
"Třesovice,Popovice",50.255229000000035,15.68169100000006,HK,CZ
"Třesovice,Popovice",50.25512200000002,15.681643000000067,HK,CZ
Třtěnice,50.37786700000004,15.469491000000062,JC,CZ
Třtěnice,50.37779300000005,15.469287000000067,JC,CZ
Tuř,50.39496100000008,15.416767000000052,JC,CZ
Tuř,50.39520300000004,15.416653000000052,JC,CZ
"Tutleky,,hostinec",50.134030000000045,16.243936000000076,RK,CZ
"Tutleky,,hostinec",50.13390800000007,16.244177000000036,RK,CZ
"Tutleky,,u kříže",50.13423800000003,16.237467000000038,RK,CZ
"Tutleky,,u kříže",50.13414600000005,16.23768800000005,RK,CZ
"Tutleky,Dubí,odb.",50.13265600000005,16.258958000000064,RK,CZ
"Tutleky,Dubí,odb.",50.13256100000005,16.259011000000044,RK,CZ
"Týniště n.Orl.,,Elitex",50.15907200000003,16.064400000000035,RK,CZ
"Týniště n.Orl.,,Geriatrické centrum",50.15074400000004,16.07184200000006,RK,CZ
"Týniště n.Orl.,,Geriatrické centrum",50.150462000000054,16.07168400000006,RK,CZ
"Týniště n.Orl.,,hřbitov",50.15549400000003,16.067737000000022,RK,CZ
"Týniště n.Orl.,,hřbitov",50.15540200000003,16.067630000000065,RK,CZ
"Týniště n.Orl.,,knihovna",50.15675600000003,16.083311000000037,RK,CZ
"Týniště n.Orl.,,knihovna",50.15672700000004,16.083091000000024,RK,CZ
"Týniště n.Orl.,,koupaliště",50.15959200000003,16.087154000000055,RK,CZ
"Týniště n.Orl.,,Na Růžku",50.15281900000007,16.071312000000034,RK,CZ
"Týniště n.Orl.,,Na Růžku",50.15270300000003,16.071211000000062,RK,CZ
"Týniště n.Orl.,,nám.",50.14767400000005,16.07401200000004,RK,CZ
"Týniště n.Orl.,,nám.",50.14746800000006,16.07400400000006,RK,CZ
"Týniště n.Orl.,,nám.",50.14730700000006,16.073988000000043,RK,CZ
"Týniště n.Orl.,,Okružní",50.154990000000055,16.081544000000065,RK,CZ
"Týniště n.Orl.,,Okružní",50.15452900000009,16.081500000000062,RK,CZ
"Týniště n.Orl.,,Posádková správa",50.17663200000004,16.08959600000003,RK,CZ
"Týniště n.Orl.,,U Dubu",50.15598700000004,16.085253000000023,RK,CZ
"Týniště n.Orl.,,V Sítinách",50.15258000000006,16.08064900000005,RK,CZ
"Týniště n.Orl.,,V Sítinách",50.15249600000004,16.08037100000007,RK,CZ
"Týniště n.Orl.,,vodárenská věž",50.15205400000008,16.076377000000036,RK,CZ
"Týniště n.Orl.,,vodárenská věž",50.15213300000005,16.07645800000006,RK,CZ
"Týniště n.Orl.,,Voklik",50.144488000000074,16.085143000000073,RK,CZ
"Týniště n.Orl.,,Voklik",50.14451500000006,16.085368000000074,RK,CZ
"Týniště n.Orl.,,žel.st.",50.154819000000025,16.073458000000073,RK,CZ
"Týniště n.Orl.,,žel.st.",50.15454000000005,16.073814000000027,RK,CZ
"Týniště n.Orl.,Křivice,hostinec",50.17932600000005,16.111951000000033,RK,CZ
"Týniště n.Orl.,Křivice,hřiště",50.175583000000074,16.104482000000075,RK,CZ
"Týniště n.Orl.,Křivice,hřiště",50.17547700000005,16.104277000000025,RK,CZ
"Týniště n.Orl.,Petrovice,hlavní silnice",50.17333700000006,16.035091000000023,RK,CZ
"Týniště n.Orl.,Petrovice,hlavní silnice",50.172657000000065,16.035946000000024,RK,CZ
"Týniště n.Orl.,Petrovice,škola",50.17269900000007,16.039369000000022,RK,CZ
"Týniště n.Orl.,Petrovice,u Škopů",50.16862900000007,16.047759000000042,RK,CZ
"Týniště n.Orl.,Petrovice,zvonička",50.17231600000007,16.04247900000007,RK,CZ
"Týniště n.Orl.,Petrovičky,autoservis",50.16849400000006,16.03072000000003,RK,CZ
"Týniště n.Orl.,Petrovičky,u Matušků",50.17192100000005,16.032406000000037,RK,CZ
"Týniště n.Orl.,Rašovice,Prefa",50.136051000000066,16.129353000000037,RK,CZ
"Týniště n.Orl.,Rašovice,Prefa",50.136096000000066,16.129455000000064,RK,CZ
"Týniště n.Orl.,Rašovice,rozc.",50.15253200000006,16.129635000000064,RK,CZ
"Týniště n.Orl.,Rašovice,rozc.",50.15271100000006,16.129729000000054,RK,CZ
"Týniště n.Orl.,Rašovice,rozc.",50.15226100000007,16.129077000000052,RK,CZ
"Týniště n.Orl.,Rašovice,škola",50.14589200000006,16.130130000000065,RK,CZ
"Týniště n.Orl.,Rašovice,škola",50.14598100000006,16.130250000000046,RK,CZ
"Týniště n.Orl.,Štěpánovsko",50.150299000000075,16.056299000000024,RK,CZ
"Úbislavice,,kovárna",50.47022300000003,15.471352000000026,JC,CZ
"Úbislavice,,ObÚ",50.47810500000002,15.46526200000005,JC,CZ
"Úbislavice,,ObÚ",50.47815500000007,15.46522600000003,JC,CZ
"Úbislavice,Stav,has.zbroj.",50.46565200000004,15.474435000000028,JC,CZ
"Úbislavice,Stav,has.zbroj.",50.465776000000055,15.474499000000037,JC,CZ
"Úbislavice,Stav,u Knapů",50.45807600000006,15.469619000000021,JC,CZ
"Úbislavice,Stav,u Knapů",50.45806900000007,15.46973500000007,JC,CZ
"Úbislavice,Zboží,Chaloupky",50.48913700000002,15.456257000000052,JC,CZ
"Úbislavice,Zboží,Chaloupky",50.48918600000007,15.456285000000035,JC,CZ
"Úbislavice,Zboží,pomník",50.484812000000026,15.454309000000023,JC,CZ
"Úbislavice,Zboží,pomník",50.48478200000005,15.454413000000045,JC,CZ
"Údrnice,,náves",50.37435500000003,15.261113000000023,JC,CZ
"Údrnice,,náves",50.37447100000002,15.26081800000003,JC,CZ
"Údrnice,Bílsko",50.348114000000066,15.266167000000051,JC,CZ
"Údrnice,Bílsko",50.34814900000003,15.266301000000057,JC,CZ
"Údrnice,Únětice",50.36019900000007,15.265278000000022,JC,CZ
"Údrnice,Únětice",50.360157000000065,15.265406000000041,JC,CZ
"Úhlejov,,ObÚ",50.42308100000009,15.687408000000064,JC,CZ
"Úhlejov,Chroustov",50.42895500000003,15.674229000000025,JC,CZ
"Újezd p.Tr.,,hlavní silnice",50.508714000000055,15.263904000000025,JC,CZ
"Újezd p.Tr.,,hlavní silnice",50.50894200000005,15.263794000000077,JC,CZ
"Újezd p.Tr.,,ObÚ",50.506638000000066,15.26252900000003,JC,CZ
"Újezd p.Tr.,,ObÚ",50.506523000000065,15.26256600000005,JC,CZ
"Újezd p.Tr.,Čímyšl",50.50320400000004,15.284745000000045,JC,CZ
"Újezd p.Tr.,Čímyšl",50.50343000000004,15.284616000000028,JC,CZ
"Újezd p.Tr.,Hrdoňovice",50.49375300000002,15.25696000000005,JC,CZ
"Újezd p.Tr.,Hrdoňovice",50.49374400000005,15.257101000000034,JC,CZ
"Újezd p.Tr.,Hrdoňovice",50.49418000000003,15.257953000000043,JC,CZ
"Újezd p.Tr.,Hrdoňovice",50.493995000000034,15.257781000000023,JC,CZ
"Újezd p.Tr.,Hrdoňovice,pískovna",50.49690000000003,15.25481300000007,JC,CZ
"Újezd p.Tr.,Semínova Lhota",50.51535100000006,15.27975800000007,JC,CZ
"Újezd p.Tr.,Semínova Lhota",50.51532800000007,15.27985600000005,JC,CZ
"Úlibice,,hostinec",50.43360900000003,15.43879000000004,JC,CZ
"Úlibice,,hostinec",50.43364000000002,15.43803500000007,JC,CZ
"Úlibice,,Pyrám",50.43778800000006,15.431816000000024,JC,CZ
"Úlibice,,Pyrám",50.437687000000025,15.432287000000029,JC,CZ
"Úlibice,Řeheč",50.42155900000005,15.42673200000007,JC,CZ
"Úpice,,most F.L.Riegra",50.51440700000006,16.013366000000076,TU,CZ
"Úpice,,most F.L.Riegra",50.51414500000004,16.013862000000074,TU,CZ
"Úpice,,most F.L.Riegra",50.51393900000005,16.013971000000026,TU,CZ
"Úpice,,most II.odboje",50.51051500000005,16.021546000000058,TU,CZ
"Úpice,,most II.odboje",50.510253000000034,16.02155700000003,TU,CZ
"Úpice,,Pod Městem",50.50928700000002,16.018998000000067,TU,CZ
"Úpice,,Podrač",50.50926800000007,16.004136000000074,TU,CZ
"Úpice,,Podrač",50.509168000000045,16.005084000000068,TU,CZ
"Úpice,,Sychrov",50.50673100000005,16.026019000000076,TU,CZ
"Úpice,,Sychrov",50.506595000000054,16.026081000000033,TU,CZ
"Úpice,,v rokli",50.502742000000055,16.022189000000026,TU,CZ
"Úpice,,v rokli",50.502837000000056,16.021935000000042,TU,CZ
"Úpice,,Veselka",50.51369500000004,16.007712000000026,TU,CZ
"Úpice,,Veselka",50.51361300000007,16.008107000000052,TU,CZ
"Úpice,Radeč,horní",50.50518000000006,15.971309000000076,TU,CZ
"Úpice,Radeč,horní",50.505274000000036,15.971294000000059,TU,CZ
"Úpice,Radeč,kemp",50.506481000000065,15.994961000000046,TU,CZ
"Úpice,Radeč,kemp",50.50667700000008,15.995662000000038,TU,CZ
"Úpice,Radeč,odb.Hajnice",50.50732100000005,15.988381000000063,TU,CZ
"Úpice,Radeč,odb.Hajnice",50.50744300000007,15.987752000000055,TU,CZ
"Úpice,Radeč,střed",50.50772800000003,15.980228000000066,TU,CZ
"Úpice,Radeč,střed",50.50778800000005,15.980129000000034,TU,CZ
Urbanice,50.18240800000006,15.72445300000004,HK,CZ
Urbanice,50.182444000000025,15.72401800000006,HK,CZ
"Val,,horní",50.309094000000066,16.186942000000045,RK,CZ
"Val,,horní",50.30918700000006,16.187434000000053,RK,CZ
"Val,,střed",50.31045900000003,16.182192000000043,RK,CZ
"Val,,střed",50.31036400000004,16.182143000000053,RK,CZ
"Val,Provoz",50.299563000000035,16.193107000000055,RK,CZ
"Val,Provoz",50.29944500000005,16.193099000000075,RK,CZ
Valdice,50.45509800000008,15.384740000000022,JC,CZ
Valdice,50.45522100000005,15.384953000000053,JC,CZ
"Vamberk,,dolní závod",50.11515500000007,16.28031500000003,RK,CZ
"Vamberk,,most",50.118081000000075,16.284380000000056,RK,CZ
"Vamberk,,most",50.11807500000003,16.28427700000003,RK,CZ
"Vamberk,,nám.",50.117891000000036,16.290560000000028,RK,CZ
"Vamberk,,Sebranice",50.11978000000005,16.309376000000043,RK,CZ
"Vamberk,,Sebranice",50.11981100000001,16.309196000000043,RK,CZ
"Vamberk,,sídliště",50.115175000000086,16.29832700000003,RK,CZ
"Vamberk,,sídliště",50.11530400000003,16.298335000000066,RK,CZ
"Vamberk,,sokolovna",50.116071000000034,16.29076900000007,RK,CZ
"Vamberk,,sokolovna",50.11606800000003,16.29092000000003,RK,CZ
"Vamberk,Merklovice,dolní",50.10910600000006,16.304767000000027,RK,CZ
"Vamberk,Merklovice,dolní",50.109079000000065,16.304971000000023,RK,CZ
"Vamberk,Merklovice,horní",50.11039100000005,16.315454000000045,RK,CZ
"Vamberk,Merklovice,horní",50.11041800000004,16.31527600000004,RK,CZ
"Vamberk,Merklovice,prostřední",50.109154000000046,16.31152700000007,RK,CZ
"Vamberk,Merklovice,prostřední",50.10918700000008,16.31140800000003,RK,CZ
"Vamberk,Merklovice,točna",50.11105100000002,16.31829300000004,RK,CZ
"Vamberk,Peklo,horní",50.13119400000005,16.311188000000072,RK,CZ
"Vamberk,Peklo,horní",50.13112600000005,16.31098000000003,RK,CZ
"Vamberk,Peklo,Libštejn",50.12423600000005,16.322359000000063,RK,CZ
"Vamberk,Peklo,Libštejn",50.12431200000002,16.32241300000004,RK,CZ
"Vamberk,Peklo,škola",50.12639400000006,16.31036800000004,RK,CZ
"Vamberk,Peklo,škola",50.12630800000005,16.310284000000024,RK,CZ
"Vamberk,Peklo,žel.zast.",50.12234300000005,16.30662700000005,RK,CZ
"Vamberk,Peklo,žel.zast.",50.122314000000074,16.306373000000065,RK,CZ
"Velichovky,,lázně",50.356702000000034,15.847883000000026,NA,CZ
"Velichovky,,lázně",50.35659500000002,15.847951000000025,NA,CZ
"Velichovky,,točna",50.35559300000006,15.842188000000023,NA,CZ
"Velichovky,Hustířany,autoservis",50.35114500000003,15.814738000000034,NA,CZ
"Velichovky,Hustířany,autoservis",50.35117700000005,15.814471000000026,NA,CZ
"Velichovky,Hustířany,točna",50.35538100000008,15.805352000000028,NA,CZ
"Veliš,,ObÚ",50.40833200000002,15.31625900000006,JC,CZ
"Veliš,,ObÚ",50.40849000000003,15.316203000000028,JC,CZ
"Veliš,,odb.Vesec",50.403349000000034,15.327469000000066,JC,CZ
"Veliš,,odb.Vesec",50.403440000000046,15.327504000000033,JC,CZ
"Veliš,,škola",50.40926400000006,15.31414600000005,JC,CZ
"Veliš,,škola",50.40938300000004,15.313551000000077,JC,CZ
"Velká Jesenice,,Čeperka",50.35649100000006,16.044273000000032,NA,CZ
"Velká Jesenice,,Čeperka",50.356278000000025,16.044363000000033,NA,CZ
"Velká Jesenice,,škola",50.360597000000034,16.037792000000024,NA,CZ
"Velká Jesenice,,škola",50.360543000000064,16.037608000000034,NA,CZ
"Velká Jesenice,,u Voglů",50.36475800000005,16.03402600000004,NA,CZ
"Velká Jesenice,,u Voglů",50.36442600000003,16.03398500000003,NA,CZ
"Velká Jesenice,,žel.zast.",50.37547100000006,16.029417000000024,NA,CZ
"Velká Jesenice,,žel.zast.",50.37545500000004,16.029525000000035,NA,CZ
"Velká Jesenice,Volovka",50.35403200000008,16.00756800000005,NA,CZ
"Velká Jesenice,Volovka",50.35410100000007,16.007270000000062,NA,CZ
"Velká Jesenice,Volovka,Nový Dvůr",50.35547000000002,16.01911300000006,NA,CZ
"Velká Jesenice,Volovka,Nový Dvůr",50.35541100000005,16.019172000000026,NA,CZ
"Velké Petrovice,,hlavní silnice",50.52159000000005,16.214954000000034,NA,CZ
"Velké Petrovice,,hlavní silnice",50.52144700000007,16.21473700000007,NA,CZ
"Velké Petrovice,,Kozinek",50.50140500000003,16.204810000000066,NA,CZ
"Velké Petrovice,,Kozinek",50.501653000000026,16.205843000000073,NA,CZ
"Velké Petrovice,,most",50.521742000000074,16.214578000000074,NA,CZ
"Velké Petrovice,,most",50.521787000000074,16.214331000000072,NA,CZ
"Velké Petrovice,,ObÚ",50.517153000000064,16.205673000000047,NA,CZ
"Velké Poříčí,,ATAS",50.449584000000065,16.200108000000057,NA,CZ
"Velké Poříčí,,ATAS",50.44961300000005,16.200245000000052,NA,CZ
"Velké Poříčí,,hornické domy",50.46706800000004,16.181659000000025,NA,CZ
"Velké Poříčí,,hornické domy",50.467048000000034,16.181912000000068,NA,CZ
"Velké Poříčí,,Krausova",50.46317600000003,16.184142000000065,NA,CZ
"Velké Poříčí,,Krausova",50.463569000000064,16.184454000000073,NA,CZ
"Velké Poříčí,,nám.",50.46191300000004,16.18877200000003,NA,CZ
"Velké Poříčí,,nám.",50.46200100000004,16.189014000000043,NA,CZ
"Velké Poříčí,,odb.Malá Čermná",50.45305200000006,16.194264000000032,NA,CZ
"Velké Poříčí,,odb.Malá Čermná",50.453095000000076,16.194406000000072,NA,CZ
"Velké Poříčí,,odb.Zálesí",50.47432300000001,16.209741000000065,NA,CZ
"Velké Poříčí,,odb.Zálesí",50.47440700000004,16.209654000000057,NA,CZ
"Velké Poříčí,,U Hanušů",50.45473000000004,16.19340100000005,NA,CZ
"Velké Poříčí,,U Hanušů",50.45470400000004,16.193543000000034,NA,CZ
"Velké Poříčí,,Železňák",50.45199700000006,16.188329000000067,NA,CZ
"Velké Poříčí,,Železňák",50.45394300000004,16.188210000000026,NA,CZ
"Velké Svatoňovice,,pod kopečkem",50.53805300000005,16.025081000000057,TU,CZ
"Velké Svatoňovice,,pod kopečkem",50.537903000000014,16.024982000000023,TU,CZ
"Velké Svatoňovice,,pomník",50.528203000000076,16.032170000000065,TU,CZ
"Velké Svatoňovice,,pomník",50.52789800000005,16.032259000000067,TU,CZ
"Velké Svatoňovice,,Sedmidomí",50.54390600000004,15.992540000000076,TU,CZ
"Velké Svatoňovice,,Sedmidomí",50.543800000000026,15.992483000000052,TU,CZ
"Velké Svatoňovice,,Starý Sedloňov",50.54860300000007,16.00649500000003,TU,CZ
"Velké Svatoňovice,,Starý Sedloňov",50.54870300000004,16.00659600000006,TU,CZ
"Velké Svatoňovice,,škola",50.531004000000046,16.028913000000045,TU,CZ
"Velké Svatoňovice,,škola",50.531147000000026,16.028685000000053,TU,CZ
"Velké Svatoňovice,,U Buku",50.54732500000006,16.020997000000023,TU,CZ
"Velké Svatoňovice,,U Buku",50.54730300000005,16.020813000000032,TU,CZ
"Velké Svatoňovice,,Valy",50.52409400000004,16.038946000000067,TU,CZ
"Velké Svatoňovice,,Valy",50.524160000000045,16.038680000000056,TU,CZ
"Velké Svatoňovice,,žel.zast.",50.54110200000007,16.02152200000006,TU,CZ
"Velké Svatoňovice,,žel.zast.",50.54132100000004,16.02134200000006,TU,CZ
"Velké Svatoňovice,Markoušovice",50.55460300000003,16.00929000000002,TU,CZ
"Velké Svatoňovice,Markoušovice",50.55453600000004,16.009205000000065,TU,CZ
"Velký Třebešov,,cihelna",50.39935700000006,16.00104300000004,NA,CZ
"Velký Třebešov,,cihelna",50.39966400000003,16.000987000000066,NA,CZ
"Velký Třebešov,,hostinec",50.392644000000075,16.00696300000004,NA,CZ
"Velký Třebešov,,hostinec",50.39280100000007,16.006602000000044,NA,CZ
"Velký Třebešov,,hostinec",50.393046000000034,16.005959000000075,NA,CZ
"Velký Třebešov,,hostinec",50.393059000000044,16.006105000000048,NA,CZ
"Velký Třebešov,,škola",50.396156000000076,16.005688000000077,NA,CZ
"Velký Vřešťov,,nám.",50.35826000000003,15.751056000000062,TU,CZ
"Velký Vřešťov,,pila",50.34604400000006,15.752492000000077,TU,CZ
"Velký Vřešťov,,pila",50.34600400000004,15.752589000000059,TU,CZ
"Vernéřovice,,bytovka",50.61696200000005,16.232940000000042,NA,CZ
"Vernéřovice,,bytovka",50.616904000000034,16.23280100000005,NA,CZ
"Vernéřovice,,odb.Březová",50.60767900000007,16.220407000000023,NA,CZ
"Vernéřovice,,odb.Březová",50.60769100000004,16.220548000000065,NA,CZ
"Vernéřovice,,škola",50.615004000000056,16.22159400000004,NA,CZ
"Vernéřovice,,škola",50.61495900000005,16.221790000000055,NA,CZ
"Vestec,,Heřmanice",50.41553400000003,16.029265000000066,NA,CZ
"Vestec,,Heřmanice",50.41547900000007,16.029363000000046,NA,CZ
"Vestec,,Heřmanice",50.415075000000044,16.028876000000025,NA,CZ
"Vestec,,Heřmanice",50.41515000000005,16.02862700000003,NA,CZ
"Vestec,,Na Čekárně",50.422890000000045,16.02982300000002,NA,CZ
"Vestec,,Na Čekárně",50.42286300000006,16.029934000000026,NA,CZ
"Vestec,,odb.",50.41527700000006,16.021906000000058,NA,CZ
"Vestec,,odb.",50.41534100000007,16.021693000000027,NA,CZ
"Vestec,,odb.Pohodlí",50.42686700000007,16.028194000000042,NA,CZ
"Vestec,,odb.Pohodlí",50.42710600000003,16.02831100000003,NA,CZ
"Vestec,Větrník",50.419182000000035,16.010291000000052,NA,CZ
"Vestec,Větrník",50.41926100000006,16.010169000000076,NA,CZ
"Vidochov,,hlavní silnice",50.51515800000004,15.557353000000035,JC,CZ
"Vidochov,,hlavní silnice",50.515085000000056,15.557782000000033,JC,CZ
"Vidochov,,horní",50.51358300000003,15.560160000000053,JC,CZ
"Vidochov,,horní",50.513511000000044,15.560203000000056,JC,CZ
"Vidochov,,ObÚ",50.512594000000036,15.565878000000055,JC,CZ
"Vidochov,,ObÚ",50.51252400000003,15.565980000000025,JC,CZ
"Vidochov,,u rybníčka",50.51051500000005,15.574030000000048,JC,CZ
"Vidochov,,u rybníčka",50.51044600000005,15.574070000000065,JC,CZ
"Vidochov,Stupná,Supí vrch",50.50443900000005,15.581982000000039,JC,CZ
"Vidochov,Stupná,Supí vrch",50.50443900000005,15.58187900000007,JC,CZ
"Vidochov,Stupná,točna",50.493548000000025,15.582717000000061,JC,CZ
"Vidochov,Stupná,u mlejna",50.50104800000002,15.585149000000058,JC,CZ
"Vidochov,Stupná,u mlejna",50.50107100000008,15.585050000000024,JC,CZ
"Vilantice,,dolní křiž.",50.36290300000007,15.79795900000005,TU,CZ
"Vilantice,,dolní křiž.",50.36294900000006,15.797879000000023,TU,CZ
"Vilantice,,horní křiž.",50.36913400000002,15.773981000000049,TU,CZ
"Vilantice,,horní křiž.",50.368982000000074,15.77416100000005,TU,CZ
"Vilantice,,most",50.36497300000008,15.79037900000003,TU,CZ
"Vilantice,,most",50.36483000000004,15.79046200000005,TU,CZ
"Vilantice,,u Jarošových",50.368126000000075,15.777319000000032,TU,CZ
"Vilantice,,u Jarošových",50.368078000000025,15.777166000000022,TU,CZ
"Vinary,,has.zbroj.",50.28894000000008,15.430337000000064,HK,CZ
"Vinary,,has.zbroj.",50.28902800000003,15.430395000000033,HK,CZ
"Vinary,Janovice",50.273777000000045,15.424633000000028,HK,CZ
"Vinary,Janovice",50.27386400000007,15.424629000000039,HK,CZ
"Vinary,Kozojídky",50.29189400000006,15.408211000000053,HK,CZ
"Vinary,Kozojídky",50.29196800000006,15.408021000000078,HK,CZ
"Vinary,Smidarská Lhota",50.28628800000007,15.456913000000045,HK,CZ
"Vinary,Smidarská Lhota",50.28631000000007,15.45672300000007,HK,CZ
"Vítězná,Hájemství",50.48974600000009,15.771561000000077,TU,CZ
"Vítězná,Hájemství",50.48968000000008,15.771696000000077,TU,CZ
"Vítězná,Huntířov,Bukovina",50.46544400000005,15.814658000000065,TU,CZ
"Vítězná,Huntířov,Bukovina",50.46566300000006,15.814573000000053,TU,CZ
"Vítězná,Huntířov,bytovky",50.479832000000044,15.804976000000067,TU,CZ
"Vítězná,Huntířov,bytovky",50.47990600000002,15.805234000000041,TU,CZ
"Vítězná,Huntířov,has.zbroj",50.473998000000044,15.806102000000067,TU,CZ
"Vítězná,Huntířov,has.zbroj",50.47423100000002,15.806230000000028,TU,CZ
"Vítězná,Huntířov,truhlárna",50.470138000000084,15.809002000000076,TU,CZ
"Vítězná,Huntířov,truhlárna",50.47050600000005,15.808826000000067,TU,CZ
"Vítězná,Kocléřov,kašna",50.48829500000004,15.800542000000062,TU,CZ
"Vítězná,Kocléřov,škola",50.48603000000002,15.804377000000045,TU,CZ
"Vítězná,Kocléřov,škola",50.48679600000003,15.804302000000064,TU,CZ
"Vítězná,Kocléřov,U Studánky",50.49128300000006,15.78532000000007,TU,CZ
"Vítězná,Kocléřov,U Studánky",50.49122800000003,15.785266000000034,TU,CZ
"Vítězná,Komárov",50.46098800000004,15.824053000000049,TU,CZ
"Vítězná,Komárov",50.46122900000005,15.823837000000028,TU,CZ
"Vítězná,Záboří",50.47959800000006,15.825621000000067,TU,CZ
"Vitiněves,,Hradčany",50.401305000000036,15.38339600000006,JC,CZ
"Vitiněves,,Hradčany",50.40133800000007,15.383279000000071,JC,CZ
"Vitiněves,,ObÚ",50.39436500000005,15.378867000000072,JC,CZ
"Vitiněves,,ObÚ",50.39468600000003,15.379006000000063,JC,CZ
"Vlčice,,hostinec",50.56057300000003,15.822808000000064,TU,CZ
"Vlčice,,hostinec",50.56073800000007,15.822794000000044,TU,CZ
"Vlčice,,odb.Letná",50.54989100000006,15.830645000000061,TU,CZ
"Vlčice,,odb.Letná",50.549939000000045,15.830719000000045,TU,CZ
"Vlčice,,točna",50.565549000000026,15.819232000000056,TU,CZ
"Vlčice,,žel.zast.",50.54751600000002,15.83545300000003,TU,CZ
"Vlčice,,žel.zast.",50.54771100000005,15.835471000000041,TU,CZ
"Vlčice,,žel.zast.",50.54704800000007,15.834458000000039,TU,CZ
"Vlčice,,žel.zast.",50.54713000000004,15.834486000000027,TU,CZ
"Vlčkovice v Podkr.,,pošta",50.41108200000008,15.918342000000052,TU,CZ
"Vlčkovice v Podkr.,,pošta",50.41095800000005,15.918354000000024,TU,CZ
"Vlčkovice v Podkr.,Dolní Vlčkovice",50.41619400000007,15.902326000000071,TU,CZ
"Vlčkovice v Podkr.,Dolní Vlčkovice",50.41586600000005,15.902969000000041,TU,CZ
"Vlčkovice v Podkr.,Horní Vlčkovice",50.41068900000004,15.92772800000006,TU,CZ
"Vlčkovice v Podkr.,Horní Vlčkovice",50.41051300000004,15.927554000000043,TU,CZ
Vlkov,50.31386500000008,15.899492000000064,NA,CZ
Vlkov,50.31386800000006,15.899711000000025,NA,CZ
"Voděrady,,náves",50.20897300000006,16.149706000000037,RK,CZ
"Voděrady,,zastávka",50.20539100000007,16.153719000000024,RK,CZ
"Voděrady,,zastávka",50.205589000000025,16.153737000000035,RK,CZ
"Voděrady,Ježkovice",50.19105600000006,16.139474000000064,RK,CZ
"Voděrady,Ježkovice",50.19106900000002,16.139571000000046,RK,CZ
"Voděrady,Nová Ves",50.20673100000004,16.12145300000003,RK,CZ
"Voděrady,Nová Ves",50.20653800000009,16.12162900000004,RK,CZ
"Voděrady,Nová Ves,na pasekách",50.206144000000045,16.12595600000003,RK,CZ
"Voděrady,Nová Ves,na pasekách",50.20582100000007,16.125576000000024,RK,CZ
"Voděrady,Uhřínovice",50.19261000000006,16.16011000000003,RK,CZ
"Voděrady,Uhřínovice",50.19252500000004,16.16031300000003,RK,CZ
"Voděrady,Uhřínovice,odb.Ježkovice",50.188339000000035,16.162353000000053,RK,CZ
"Voděrady,Uhřínovice,odb.Ježkovice",50.18846300000008,16.16238100000004,RK,CZ
"Voděrady,Vojenice",50.21732000000003,16.13549100000006,RK,CZ
"Voděrady,Vojenice",50.21716900000006,16.135456000000033,RK,CZ
"Voděrady,Vyhnanice",50.19928200000003,16.114603000000045,RK,CZ
"Voděrady,Vyhnanice",50.19941900000003,16.114708000000064,RK,CZ
Volanice,50.33427800000003,15.399642000000028,JC,CZ
Volanice,50.33442300000006,15.399548000000038,JC,CZ
Vrbice,50.36906700000002,15.42855000000003,JC,CZ
Vrbice,50.36950300000006,15.428155000000062,JC,CZ
"Vrbice,,ObÚ",50.08957100000003,16.250992000000053,RK,CZ
"Vrbice,,ObÚ",50.089481000000035,16.250913000000025,RK,CZ
"Vrbice,Chlínky",50.08307700000005,16.244649000000038,RK,CZ
"Vrbice,Chlínky",50.08297700000003,16.24453200000005,RK,CZ
"Vrbice,Stříbrnice",50.35600000000005,15.45303000000007,JC,CZ
"Vrbice,Stříbrnice",50.356010000000026,15.453141000000072,JC,CZ
"Vrchlabí,,aut.st.",50.620563000000054,15.61925800000006,TU,CZ
"Vrchlabí,,aut.st.",50.62071700000006,15.619196000000045,TU,CZ
"Vrchlabí,,aut.st.",50.620850000000075,15.619116000000078,TU,CZ
"Vrchlabí,,aut.st.",50.62098100000002,15.619037000000048,TU,CZ
"Vrchlabí,,aut.st.",50.62119500000006,15.619082000000049,TU,CZ
"Vrchlabí,,aut.st.",50.620600000000074,15.619413000000065,TU,CZ
"Vrchlabí,,aut.st.",50.62074100000006,15.619334000000036,TU,CZ
"Vrchlabí,,aut.st.",50.62088000000005,15.619265000000041,TU,CZ
"Vrchlabí,,aut.st.",50.62129700000002,15.619356000000037,TU,CZ
"Vrchlabí,,aut.st.",50.62096100000007,15.619782000000043,TU,CZ
"Vrchlabí,,Berlín",50.611710000000066,15.604471000000048,TU,CZ
"Vrchlabí,,Bubákov",50.65358300000001,15.60379800000004,TU,CZ
"Vrchlabí,,Bubákov",50.653909000000056,15.603721000000062,TU,CZ
"Vrchlabí,,Bucharova",50.64043300000002,15.606876000000057,TU,CZ
"Vrchlabí,,Herlíkovice",50.66241900000006,15.596243000000074,TU,CZ
"Vrchlabí,,Herlíkovice",50.66311100000007,15.595324000000062,TU,CZ
"Vrchlabí,,Horská",50.640738000000056,15.608480000000041,TU,CZ
"Vrchlabí,,Horská",50.63948500000003,15.608584000000064,TU,CZ
"Vrchlabí,,Kablo",50.61829200000005,15.614959000000056,TU,CZ
"Vrchlabí,,Kablo",50.61801500000007,15.614817000000073,TU,CZ
"Vrchlabí,,Kamenná cesta",50.65796800000005,15.609237000000064,TU,CZ
"Vrchlabí,,Kamenná cesta",50.65821900000002,15.60946700000005,TU,CZ
"Vrchlabí,,Krkonošská",50.632055000000044,15.606095000000039,TU,CZ
"Vrchlabí,,Krkonošská",50.63191500000004,15.606197000000066,TU,CZ
"Vrchlabí,,Liščí kopec",50.61275200000004,15.61305100000004,TU,CZ
"Vrchlabí,,Liščí kopec",50.612731000000046,15.612754000000052,TU,CZ
"Vrchlabí,,nám.T.G.Masaryka",50.62828700000005,15.609699000000033,TU,CZ
"Vrchlabí,,nám.T.G.Masaryka",50.628326000000065,15.60997100000003,TU,CZ
"Vrchlabí,,nemocnice",50.62282900000008,15.612018000000036,TU,CZ
"Vrchlabí,,nemocnice",50.62257500000003,15.611529000000074,TU,CZ
"Vrchlabí,,Nerudova",50.613983000000076,15.607721000000026,TU,CZ
"Vrchlabí,,Nerudova",50.61370300000004,15.607885000000067,TU,CZ
"Vrchlabí,,odb.Kněžice",50.64193100000004,15.58063100000004,TU,CZ
"Vrchlabí,,odb.Kněžice",50.64203500000007,15.580545000000027,TU,CZ
"Vrchlabí,,odb.Strážné",50.64548400000006,15.607845000000056,TU,CZ
"Vrchlabí,,odb.Strážné",50.645983000000044,15.607881000000077,TU,CZ
"Vrchlabí,,Penzion pro seniory",50.615145000000034,15.60602700000004,TU,CZ
"Vrchlabí,,pivovar",50.61872500000004,15.610024000000069,TU,CZ
"Vrchlabí,,pivovar",50.61883500000005,15.609796000000074,TU,CZ
"Vrchlabí,,Pražská",50.61832000000004,15.608188000000041,TU,CZ
"Vrchlabí,,Pražská",50.61810000000003,15.60786600000006,TU,CZ
"Vrchlabí,,Střelnice",50.63167500000002,15.610051000000054,TU,CZ
"Vrchlabí,,Střelnice",50.631683000000066,15.610222000000022,TU,CZ
"Vrchlabí,,Škoda Auto",50.614427000000035,15.621435000000078,TU,CZ
"Vrchlabí,,Škoda Auto",50.61324400000006,15.620618000000038,TU,CZ
"Vrchlabí,,Valteřická",50.620793000000035,15.598359000000073,TU,CZ
"Vrchlabí,,žel.st.",50.618948000000046,15.621850000000052,TU,CZ
"Vrchlabí,,žel.st.",50.618907000000036,15.622128000000032,TU,CZ
"Vrchlabí,Podhůří,Harta",50.59835000000004,15.623608000000047,TU,CZ
"Vrchlabí,Podhůří,motorest",50.603621000000025,15.622680000000061,TU,CZ
"Vrchlabí,Podhůří,motorest",50.60389500000007,15.622580000000028,TU,CZ
"Vrchlabí,Podhůří,odb.Lipová",50.59830100000004,15.61813900000004,TU,CZ
"Vrchlabí,Podhůří,odb.Lipová",50.59843200000005,15.618112000000052,TU,CZ
Vrchovnice,50.323852000000045,15.757854000000066,HK,CZ
"Vršce,,farma",50.33198600000003,15.326237000000047,JC,CZ
"Vršce,,farma",50.33203100000002,15.326114000000073,JC,CZ
"Vršce,,ObÚ",50.32663900000004,15.322875000000069,JC,CZ
"Vršce,,ObÚ",50.32672700000006,15.32305400000007,JC,CZ
Vršovka,50.32287900000005,16.119809000000032,NA,CZ
Vřesník,50.437416000000034,15.627666000000033,JC,CZ
"Všestary,,odb.Rosnice",50.25345900000007,15.756143000000066,HK,CZ
"Všestary,,odb.Rosnice",50.25351800000003,15.756246000000035,HK,CZ
"Všestary,,zdravotní středisko",50.25726000000004,15.758651000000043,HK,CZ
"Všestary,,zdravotní středisko",50.25723100000005,15.758794000000023,HK,CZ
"Všestary,,žel.st.",50.252878000000045,15.762467000000072,HK,CZ
"Všestary,,žel.st.",50.25296600000007,15.762502000000042,HK,CZ
"Všestary,Bříza,hlavní silnice",50.245119000000045,15.773520000000074,HK,CZ
"Všestary,Bříza,hlavní silnice",50.24528900000007,15.773479000000066,HK,CZ
"Všestary,Bříza,náves",50.24122500000004,15.765274000000032,HK,CZ
"Všestary,Bříza,náves",50.24130900000005,15.765231000000028,HK,CZ
"Všestary,Bříza,odb.",50.24515200000006,15.77273800000006,HK,CZ
"Všestary,Bříza,odb.",50.24515700000006,15.772619000000077,HK,CZ
"Všestary,Chlum,kostel",50.27554400000007,15.74770200000006,HK,CZ
"Všestary,Chlum,kostel",50.27520700000008,15.74807000000004,HK,CZ
"Všestary,Chlum,točna",50.27905700000008,15.747645000000036,HK,CZ
"Všestary,Lípa,hlavní silnice",50.278835000000065,15.72871900000007,HK,CZ
"Všestary,Lípa,hlavní silnice",50.279211000000025,15.728602000000024,HK,CZ
"Všestary,Lípa,zvonička",50.279651000000065,15.731136000000049,HK,CZ
"Všestary,Lípa,zvonička",50.27966600000008,15.731279000000029,HK,CZ
"Všestary,Rosnice",50.24757100000005,15.753692000000056,HK,CZ
"Všestary,Rosnice",50.24745300000006,15.75396100000006,HK,CZ
"Všestary,Rozběřice,hlavní silnice",50.26383300000002,15.748198000000059,HK,CZ
"Všestary,Rozběřice,hlavní silnice",50.26305900000005,15.749506000000054,HK,CZ
"Všestary,Rozběřice,pomník",50.266901000000075,15.751721000000034,HK,CZ
"Všestary,Rozběřice,pomník",50.26689200000004,15.75181200000003,HK,CZ
"Výrava,,křiž.",50.27418600000004,15.972008000000073,HK,CZ
"Výrava,,křiž.",50.274074000000034,15.971963000000073,HK,CZ
"Výrava,,ObÚ",50.27019400000005,15.978502000000049,HK,CZ
"Vysoká n.L.,,hostinec",50.15574800000008,15.817906000000052,HK,CZ
"Vysoká n.L.,,hostinec",50.15499900000002,15.817884000000047,HK,CZ
"Vysoká Srbská,,hřbitov",50.48537500000003,16.22041900000005,NA,CZ
"Vysoká Srbská,,hřbitov",50.48532200000006,16.22056200000003,NA,CZ
"Vysoká Srbská,,ObÚ",50.48777800000005,16.227655000000027,NA,CZ
"Vysoká Srbská,,odb.",50.494032000000054,16.227782000000047,NA,CZ
"Vysoká Srbská,,odb.",50.494184000000075,16.22789000000006,NA,CZ
"Vysoká Srbská,Zlíčko,has.zbroj.",50.48361600000003,16.221096000000045,NA,CZ
"Vysoká Srbská,Zlíčko,has.zbroj.",50.48367300000006,16.22122600000006,NA,CZ
"Vysoké Veselí,,Družstevní",50.33189800000008,15.424014000000055,JC,CZ
"Vysoké Veselí,,Družstevní",50.33188100000007,15.423878000000059,JC,CZ
"Vysoké Veselí,,Dřevařské závody",50.330786000000046,15.423773000000041,JC,CZ
"Vysoké Veselí,,Dřevařské závody",50.33077600000006,15.423891000000028,JC,CZ
"Vysoké Veselí,,nám.",50.331493000000066,15.435082000000023,JC,CZ
"Vysoké Veselí,Veselská Lhota",50.34021000000007,15.439253000000065,JC,CZ
"Vysokov,,hostinec",50.40379900000005,16.117792000000065,NA,CZ
"Vysokov,,hostinec",50.403696000000075,16.117721000000074,NA,CZ
"Vysokov,,MESA",50.40027200000003,16.108423000000073,NA,CZ
"Vysokov,,MESA",50.40023300000008,16.108547000000044,NA,CZ
"Vysokov,,most",50.40701200000005,16.130709000000024,NA,CZ
"Vysokov,,most",50.407704000000074,16.131101000000058,NA,CZ
"Vysokov,,mydlárna",50.39651900000006,16.095275000000072,NA,CZ
"Vysokov,,mydlárna",50.39679900000004,16.09826300000003,NA,CZ
"Vysokov,,mydlárna",50.39598400000005,16.09656300000006,NA,CZ
Vysoký Újezd,50.241486000000066,16.023694000000035,HK,CZ
Vysoký Újezd,50.24138800000003,16.02368000000007,HK,CZ
"Zábrodí,,has.zbroj.",50.46236200000004,16.108569000000045,NA,CZ
"Zábrodí,,has.zbroj.",50.46228300000007,16.108654000000058,NA,CZ
"Zábrodí,,LIGO",50.45972600000004,16.11226300000004,NA,CZ
"Zábrodí,,LIGO",50.45957000000004,16.112217000000044,NA,CZ
"Zábrodí,,odb.Špinka",50.45564200000007,16.116637000000026,NA,CZ
"Zábrodí,,odb.Špinka",50.455500000000036,16.116652000000045,NA,CZ
"Zábrodí,Horní Rybníky,Čertovina",50.45322200000004,16.134600000000034,NA,CZ
"Zábrodí,Horní Rybníky,Čertovina",50.45313600000002,16.134488000000033,NA,CZ
"Zábrodí,Horní Rybníky,Košiny",50.44832500000006,16.138441000000057,NA,CZ
"Zábrodí,Horní Rybníky,Košiny",50.44832000000007,16.138310000000047,NA,CZ
"Zábrodí,Horní Rybníky,ObÚ",50.45316900000006,16.131921000000034,NA,CZ
"Zábrodí,Horní Rybníky,ObÚ",50.453116000000065,16.132209000000046,NA,CZ
"Zábrodí,Končiny",50.47045600000007,16.12881900000002,NA,CZ
"Zábrodí,Končiny",50.47033400000003,16.128914000000066,NA,CZ
"Zábřezí-Řečice,,odb.Řečice",50.40945400000003,15.742783000000031,TU,CZ
"Zábřezí-Řečice,Zábřezí",50.41140800000005,15.735404000000074,TU,CZ
"Zábřezí-Řečice,Zábřezí",50.41156100000007,15.735459000000047,TU,CZ
"Zachrašťany,,Agropodnik",50.21740600000004,15.481086000000062,HK,CZ
"Zachrašťany,,Agropodnik",50.21675200000005,15.480813000000069,HK,CZ
"Zachrašťany,,ObÚ",50.21105600000003,15.483736000000022,HK,CZ
"Zachrašťany,,ObÚ",50.21114700000003,15.483771000000049,HK,CZ
"Zachrašťany,,rozc.",50.21056100000004,15.480173000000036,HK,CZ
"Zachrašťany,,rozc.",50.210674000000026,15.480057000000045,HK,CZ
"Zaloňov,,kříž",50.37355600000006,15.888136000000031,NA,CZ
"Zaloňov,,kříž",50.37354300000003,15.888290000000039,NA,CZ
"Zaloňov,,ObÚ",50.37186400000008,15.88395500000007,NA,CZ
"Zaloňov,,ObÚ",50.37193200000007,15.883898000000045,NA,CZ
"Zaloňov,Horní Dolce",50.369963000000034,15.891618000000049,NA,CZ
"Zaloňov,Horní Dolce",50.37005900000002,15.89166300000005,NA,CZ
"Zaloňov,Horní Dolce,u zahrádek",50.358827000000076,15.89074000000005,NA,CZ
"Zaloňov,Horní Dolce,Vinice",50.360971000000056,15.906032000000037,NA,CZ
"Zaloňov,Horní Dolce,Vinice",50.360922000000066,15.905967000000032,NA,CZ
"Zaloňov,Rtyně,obec",50.362763000000015,15.871351000000061,NA,CZ
"Zaloňov,Rtyně,obec",50.36269600000002,15.871281000000067,NA,CZ
"Zaloňov,Rtyně,odb.",50.35687100000007,15.875053000000037,NA,CZ
"Zaloňov,Rtyně,odb.",50.35681400000004,15.87509600000004,NA,CZ
"Zaloňov,Vestec",50.36944600000004,15.876025000000027,NA,CZ
"Zaloňov,Vestec",50.36930500000004,15.875991000000056,NA,CZ
"Záměl,,prodejna",50.09703000000007,16.29828100000003,RK,CZ
"Záměl,,prodejna",50.09699600000005,16.298144000000036,RK,CZ
"Záměl,,rybník",50.09232800000006,16.30440600000003,RK,CZ
"Záměl,,rybník",50.09205100000002,16.30450600000006,RK,CZ
"Záměl,,žel.zast.",50.09861300000005,16.29976300000004,RK,CZ
"Záměl,,žel.zast.",50.09843400000005,16.29962400000005,RK,CZ
"Zámostí-Blata,,Maršov",50.465486000000055,15.268107000000045,JC,CZ
"Zámostí-Blata,,Maršov",50.465540000000026,15.268167000000062,JC,CZ
"Zámostí-Blata,Blata",50.47000900000006,15.263900000000035,JC,CZ
"Zámostí-Blata,Blata",50.47003600000004,15.264007000000051,JC,CZ
"Zámostí-Blata,Zámostí",50.47135300000007,15.253022000000042,JC,CZ
"Zámostí-Blata,Zámostí",50.471299000000045,15.25288000000006,JC,CZ
"Zdechovice,,obec",50.22561300000006,15.562821000000044,HK,CZ
"Zdechovice,,obec",50.22561400000005,15.562981000000036,HK,CZ
"Zdelov,,koupaliště",50.10457900000005,16.136856000000023,RK,CZ
"Zdelov,,Moravsko",50.11450200000007,16.125965000000065,RK,CZ
"Zdelov,,ObÚ",50.10131100000007,16.14213600000005,RK,CZ
"Zdelov,,ObÚ",50.101117000000045,16.141877000000022,RK,CZ
Zdobín,50.41524100000003,15.704747000000054,TU,CZ
Zdobín,50.41563900000005,15.704965000000074,TU,CZ
"Zdobnice,,hotel",50.245078000000035,16.406557000000078,RK,CZ
"Zdobnice,,ObÚ",50.23363100000005,16.40482300000002,RK,CZ
"Zdobnice,,ObÚ",50.23389800000007,16.40519500000005,RK,CZ
"Zdobnice,,Souvlastní",50.20088900000008,16.400979000000063,RK,CZ
"Zdobnice,,Souvlastní",50.201064000000024,16.400938000000053,RK,CZ
"Zdobnice,,u kříže",50.224061000000056,16.405381000000034,RK,CZ
"Zdobnice,,u kříže",50.22405200000002,16.405494000000033,RK,CZ
"Zdobnice,,u Šmídů",50.216905000000054,16.401751000000047,RK,CZ
"Zdobnice,,u Šmídů",50.21680900000006,16.401568000000054,RK,CZ
"Zdobnice,Kačerov,alej",50.22921900000005,16.36467200000004,RK,CZ
"Zdobnice,Kačerov,alej",50.229234000000076,16.36450700000006,RK,CZ
"Zdobnice,Kačerov,kostel",50.233167000000044,16.378657000000032,RK,CZ
"Zdobnice,Kačerov,kostel",50.23347600000005,16.378693000000055,RK,CZ
"Zdobnice,Kačerov,odb.Prorubky",50.24159900000006,16.380700000000047,RK,CZ
"Zdobnice,Kačerov,odb.Prorubky",50.241688000000075,16.380644000000075,RK,CZ
"Zdobnice,Kunčina Ves,bytovky",50.224458000000034,16.385432000000037,RK,CZ
"Zdobnice,Kunčina Ves,bytovky",50.22448200000008,16.385272000000043,RK,CZ
"Zdobnice,Kunčina Ves,garáž",50.220589000000075,16.390164000000027,RK,CZ
"Zdobnice,Kunčina Ves,garáž",50.22064000000006,16.390449000000046,RK,CZ
"Zdobnice,Kunčina Ves,Kovárna",50.20951100000008,16.38743500000004,RK,CZ
"Zdobnice,Kunčina Ves,Kovárna",50.20943600000003,16.387541000000056,RK,CZ
"Zdobnice,Kunčina Ves,MVE",50.211518000000055,16.39750600000002,RK,CZ
"Zdobnice,Kunčina Ves,MVE",50.211488000000024,16.397620000000074,RK,CZ
"Zdobnice,Kunčina Ves,odb.Kovárna",50.21424200000007,16.386097000000063,RK,CZ
"Zdobnice,Kunčina Ves,odb.Kovárna",50.21420400000005,16.386163000000067,RK,CZ
"Zelenecká Lhota,,hostinec",50.40158300000007,15.178629000000056,JC,CZ
"Zelenecká Lhota,,hostinec",50.40165300000007,15.178750000000035,JC,CZ
"Zelenecká Lhota,,odb.Záhuby",50.40530100000006,15.167092000000025,JC,CZ
"Zelenecká Lhota,,odb.Záhuby",50.40535400000004,15.167111000000034,JC,CZ
"Zelenecká Lhota,,rozc.",50.40464100000002,15.175849000000028,JC,CZ
"Zelenecká Lhota,,rozc.",50.404554000000076,15.175898000000075,JC,CZ
"Zelenecká Lhota,Záhuby",50.397688000000066,15.172773000000062,JC,CZ
"Zelenecká Lhota,Záhuby",50.397764000000045,15.172814000000075,JC,CZ
"Zelenecká Lhota,Záhuby,Milkovice",50.38370000000003,15.195873000000065,JC,CZ
"Zelenecká Lhota,Záhuby,Milkovice",50.38375400000007,15.195869000000073,JC,CZ
"Zlatá Olešnice,,dolní",50.61309900000003,15.949860000000058,TU,CZ
"Zlatá Olešnice,,dolní",50.613338000000056,15.949813000000063,TU,CZ
"Zlatá Olešnice,,horní",50.62001400000002,15.946833000000025,TU,CZ
"Zlatá Olešnice,,horní",50.62123800000006,15.948788000000036,TU,CZ
"Zlatá Olešnice,,střed",50.615395000000035,15.945580000000064,TU,CZ
"Zlatá Olešnice,,střed",50.61556400000006,15.94569000000007,TU,CZ
"Zlatá Olešnice,,u hájenky",50.60250400000007,15.950881000000038,TU,CZ
"Zlatá Olešnice,,u hájenky",50.60222800000008,15.950669000000062,TU,CZ
"Žacléř,,Hornický skanzen",50.66953500000005,15.926186000000028,TU,CZ
"Žacléř,,kolonie",50.66746900000004,15.913789000000063,TU,CZ
"Žacléř,,kolonie",50.66695900000007,15.913202000000068,TU,CZ
"Žacléř,,na jámě",50.67185500000005,15.928062000000066,TU,CZ
"Žacléř,,na jámě",50.671988000000056,15.92802000000006,TU,CZ
"Žacléř,,nám.",50.652259000000065,15.906487000000027,TU,CZ
"Žacléř,,nám.",50.65267800000004,15.906903000000057,TU,CZ
"Žacléř,,porcelánka",50.65975700000006,15.907792000000027,TU,CZ
"Žacléř,,porcelánka",50.659456000000034,15.907653000000039,TU,CZ
"Žacléř,,rozc.Bobr",50.673321000000044,15.918809000000067,TU,CZ
"Žacléř,,rozc.Bobr",50.67330500000003,15.918629000000067,TU,CZ
"Žacléř,,žel.st.",50.66396400000008,15.911001000000054,TU,CZ
"Žacléř,,žel.st.",50.66223300000007,15.909189000000028,TU,CZ
"Žacléř,Prkenný Důl",50.64994100000007,15.899587000000052,TU,CZ
"Žacléř,Prkenný Důl",50.64980900000006,15.899706000000036,TU,CZ
"Žďár n.Met.,,hřiště",50.53881200000005,16.207985000000065,NA,CZ
"Žďár n.Met.,,hřiště",50.53873600000003,16.20776600000005,NA,CZ
"Žďár n.Met.,,náves",50.53891600000002,16.21368300000006,NA,CZ
"Žďár n.Met.,,náves",50.53879700000003,16.21370500000006,NA,CZ
"Žďár n.Met.,,žel.zast.",50.53759700000005,16.204357000000073,NA,CZ
"Žďár n.Met.,,žel.zast.",50.53769000000005,16.204383000000064,NA,CZ
"Žďár n.Orl.,,hostinec",50.11951400000004,16.068907000000024,RK,CZ
"Žďár n.Orl.,,hostinec",50.119583000000034,16.069123000000047,RK,CZ
"Žďár n.Orl.,,odb.Horní Žďár",50.125966000000055,16.06579400000004,RK,CZ
"Žďár n.Orl.,,odb.Horní Žďár",50.126081000000056,16.06587200000007,RK,CZ
"Žďárky,,Brné",50.45315600000004,16.214836000000048,NA,CZ
"Žďárky,,Brné",50.453219000000026,16.21485000000007,NA,CZ
"Žďárky,,has.zbroj.",50.468384000000064,16.226202000000058,NA,CZ
"Žďárky,,has.zbroj.",50.468270000000075,16.226514000000066,NA,CZ
"Žďárky,,most",50.46518100000004,16.22429900000003,NA,CZ
"Žďárky,,most",50.46520400000002,16.22437700000006,NA,CZ
"Železnice,,škola",50.47218400000003,15.38686700000005,JC,CZ
"Železnice,,škola",50.47244000000006,15.386915000000045,JC,CZ
"Železnice,Cidlina,has.zbroj.",50.494287000000035,15.346051000000045,JC,CZ
"Železnice,Cidlina,has.zbroj.",50.49429300000002,15.346189000000038,JC,CZ
"Železnice,Cidlina,odb.Pekloves",50.49705200000005,15.345480000000066,JC,CZ
"Železnice,Cidlina,odb.Pekloves",50.497105000000026,15.345579000000043,JC,CZ
"Železnice,Cidlina,statek",50.49519400000002,15.351577000000077,JC,CZ
"Železnice,Doubravice",50.49064200000004,15.364783000000047,JC,CZ
"Železnice,Těšín",50.46552500000006,15.389724000000056,JC,CZ
"Železnice,Těšín",50.46557800000005,15.38990400000006,JC,CZ
"Železnice,Zámezí",50.47770900000006,15.35649600000005,JC,CZ
"Železnice,Zámezí",50.47776200000005,15.356573000000026,JC,CZ
"Žeretice,,náves",50.35428900000005,15.414699000000041,JC,CZ
"Žeretice,,náves",50.35434600000008,15.414580000000058,JC,CZ
"Žeretice,Hradíšťko,odb.",50.35543400000005,15.431052000000022,JC,CZ
"Žeretice,Hradíšťko,odb.",50.35548400000005,15.430958000000032,JC,CZ
"Žeretice,Vlhošť",50.34636200000005,15.419249000000038,JC,CZ
"Žeretice,Vlhošť",50.34634200000004,15.419141000000023,JC,CZ
Žernov,50.431471000000045,16.059045000000026,NA,CZ
Žernov,50.43155600000006,16.05911800000007,NA,CZ
Židovice,50.29510400000003,15.318166000000078,JC,CZ
Židovice,50.295039000000024,15.318190000000074,JC,CZ
Žlunice,50.30216600000006,15.383179000000043,JC,CZ
Žlunice,50.30220200000008,15.382758000000026,JC,CZ
