"Doloplazy, u lípy",49.568076,17.41385
"Kyselovice, rest.",49.377109,17.402292
"Hrubčice, Otonovice",49.4407,17.188856
"Slavětín, rozc.",49.679149,16.958972
"Mutkov, rozc.",49.791601,17.283703
"Malá Morava, Křivá Voda, rozc.",50.083137,16.859431
"Přemyslovice, Štarnov",49.571747,16.925557
"Kojetín, Ingstav",49.341361,17.293199
"Ludmírov, Milkov, farma",49.660492,16.873646
"Kladníky, Větrný mlýn",49.489456,17.591335
"Radotín, náves",49.480267,17.631157
"Skorošice, Petrovice, statek",50.312999,17.058035
"Rakov, rest.",49.491334,17.707387
"Chropyně, ZŠ Fučíkova",49.364823,17.364708
"Babice, čekárna",49.737896,17.261229
"Mladecko, žel.st.",49.89442,17.71231
"Otinoves, ObÚ",49.42130451,16.87117545
"Vidnava, nám.",50.372184,17.186126
"Štíty, žel.st.",49.970039,16.754401
"Nahošovice, náves",49.437347,17.578029
"Kladky, obchod",49.64995,16.840178
"Výkleky, dolní konec",49.555875,17.476052
"Koválovice-Osíčany, Osíčany, kaple",49.278262,17.173123
"Olomouc, Sigma",49.607556,17.289575
"Zábřeh, pod hřbitovem",49.880596,16.860999
"Stará Červ.Voda, statek",50.348383,17.197018
"Samotíšky, škola",49.629992,17.327502
"Bělotín, Lučice, rozc.",49.58059,17.821988
"Oldřichov, náves",49.499231,17.538235
"Bílá Lhota, Řimice, náves",49.722538,16.982869
"Dlouhá Loučka, Křivá",49.836502,17.199326
Bělotín,49.58354223,17.80028125
Ptení,49.52862413,16.9581776
"Domašov u Šternberka, nám.",49.705846,17.338086
"Charváty, Drahlov, náves",49.511351,17.250943
Třebčín,49.55081525,17.11819111
"Litovel, Unčovice, rozc.",49.664261,17.103129
"Šumvald, dol.konec",49.825925,17.119374
"Niva, čekárna",49.444117,16.852827
"Olomouc, U Lesa",49.629892,17.357189
"Velký Týnec, Čechovice, náves",49.554998,17.358842
"Zábřeh, nám.Masarykovo",49.882832,16.871231
"Vyškov, Sochorova",49.28593013,17.00612053
Vícov,49.488164,16.961413
"Lobodice, náves",49.397865,17.290365
"Olomouc, Černá cesta",49.599449,17.267181
"Velký Týnec, Vsisko, Olympia",49.559432,17.307752
"Nová Hradečná, pod kostelem",49.835745,17.079301
"Brodek u Prostějova, Sněhotice, pomník",49.37056,17.063222
"Skřípov, dol.konec",49.580383,16.812974
"Nezamyslice, Těšice",49.318533,17.154656
"Dub n.Mor., Bolelouc, náves",49.493977,17.271083
"Litovel, Palackého",49.692914,17.073937
"Horka n.Mor., U Přejezdu",49.63027,17.208481
"Suchdol, Jednov",49.547419,16.878928
Čelechovice na Hané,49.516422,17.092327
"Náklo, rozc.",49.650366,17.124683
"Mohelnice, Růžová",49.781904,16.924883
Ruda n.Moravou,49.98369595,16.88872337
"Lipová-lázně, Dolní Lipová",50.22846278,17.1719914
"Slatinice, lázně",49.562529,17.097875
"Olomouc, Hamerská Milo",49.585207,17.307623
"Babice, spín.st.",49.729162,17.271064
"Lipina, rozc.",49.74129919,17.3224682
"Mohelnice, Křemačov, obchod",49.791322,16.886471
"Spálov, Na Kocandě",49.69991,17.715124
"Červená Voda, ObÚ",50.040023,16.742732
"Vrchoslavice, Dlouhá Ves",49.332648,17.228344
"Potštát, rozc.Kyžlířov",49.626547,17.663786
"Olšany u Prostějova, u stavu",49.533859,17.17186
"Nemile, Lupěné, rozc.",49.869239,16.842542
"Přerov, HZS",49.435058,17.457834
"Příkazy, pomník padlým",49.642642,17.150413
"Hranice, Slávie",49.560571,17.7349
"Šumperk, hřbitov",49.950048,16.956545
"Šumperk, Lidická krytý bazén",49.959783,16.988802
"Bohuslávky, střed",49.556704,17.564021
"Přerov, Penčice, Penčičky náves",49.514109,17.417258
"Branná, rozc.",50.152591,17.00793
"Náklo, obchod",49.655368,17.131167
"Bruntál, bazén",49.99083586,17.46349381
"Křelov-Břuchotín, Břuchotín, rozc.",49.620631,17.180993
"Žulová, Tomíkovice, rest.",50.331155,17.108251
"Vlčice, Vojtovice, rozc.",50.320941,17.029091
"Bouzov, Jeřmaň, most",49.720867,16.895389
"Myslejovice, Kobylničky",49.393417,17.038733
"Rymice, Přerovská",49.34467,17.529558
"Vlčice, Bergov",50.337623,17.052275
"Senice na Hané, kult.dům",49.622946,17.084441
"Spálov, obecní úřad",49.704095,17.721997
"Olomouc, Pasteurova",49.599203,17.271997
"Olomouc, FN III. interní klinika",49.584047,17.239301
"Majetín, škola",49.5027,17.334456
"Kolšov, hájenka",49.905629,16.952691
"Náměšť na Hané, žel.st.",49.598719,17.069654
"Staré Město, rozc.Stříbrnice",50.18011,16.92505
"Drahanovice, Na Nové",49.584041,17.087035
"Mikulovice, Kolnovice, u Bláhů",50.321774,17.327498
"Lutín, ObÚ",49.558201,17.136379
"Přerov, Penčice, Penčičky mlýn",49.5088,17.414727
"Laškov, Kandia, čekárna",49.580576,16.994515
"Olomouc, Presbeton",49.601282,17.289609
"Lipina, Stachov",49.735341,17.327498
"Zlaté Hory, aut.st.",50.260576,17.398347
Velké Losiny zámek,50.02531563,17.03757094
"Paršovice, kostel",49.500221,17.711058
"Zlaté Hory, nám.hotel",50.265349,17.395726
"Olomouc, Aquapark",49.574017,17.222985
"Velká Bystřice, hor.konec",49.597288,17.367536
"Šternberk, Horní Žleb, kamenolom",49.765056,17.317018
"Chvalčov, Lhotka",49.39627,17.69503
"Prostějov, Dolní FTL",49.466226,17.127716
"Zábřeh, Olomoucká",49.870534,16.891514
"Moravský Beroun, Čabová",49.806447,17.469126
Tomíkovice,50.32267532,17.10769083
Stražisko,49.54239688,16.9287693
"Náměšť na Hané, u žel.přejezdu",49.600708,17.068472
"Olomouc, Nádraží město",49.595226,17.241994
"Prostějov, Agrostav",49.451499,17.110199
"Holešov, žel.st.",49.328129,17.570663
"Lužice, statek",49.715013,17.25572
"Hranice, pošta",49.552019,17.735363
"Hulín, spínačka",49.31544,17.449244
"Bílovice-Lutotín, Lutotín",49.519764,17.03126
"Lipník n.Bečvou, Novosady",49.526015,17.587833
"Uničov, Horní Sukolom, rest.",49.802053,17.139026
"Mohelnice, cukrovar",49.77877,16.945843
"Zábřeh, Pivonín, rozc.",49.887281,16.816831
"Olomouc, Centrum Haná",49.573928,17.229074
"Přerov, Penčice, Pomník padlých",49.51817534,17.42204649
"Černotín, Obecní úřad",49.532468,17.772464
"Vápenná, most",50.273815,17.102338
"Senice na Hané, žel.st.",49.621447,17.09964
"Huzová, Arnoltice",49.84537115,17.35464589
"Olomouc, Komenského",49.597362,17.26582
"Lipová-lázně, škola",50.227066,17.134289
"Dolany, Véska, náves",49.658498,17.355467
"Mostkovice, ObÚ",49.473114,17.045851
"Olomouc, Foerstrova pošta",49.591417,17.235485
"Kroměříž, Postoupky",49.317062,17.356943
Polomí,49.631327,16.949583
"Rozstání, křiž.Baldovec",49.397241,16.837976
"Kladníky, Vidláč",49.490271,17.616006
Dolní Orlice,50.065691,16.74746
"Litovel, Savín, Na Pindě",49.684126,16.995119
"Olomouc, Droždín, škola",49.616222,17.330796
"Lobodice, Prefa",49.402113,17.28746
"Brníčko, dol.zast.",49.88771,16.973696
"Neplachovice, Černý chodník",49.9956842,17.8103428
Nová Hradečná,49.83580314,17.07229716
"Huzová, myslivna",49.834047,17.330509
Lipová Lázně jeskyně,50.24466381,17.14335846
"Bělotín, střed",49.585627,17.799648
Ostružná,50.185403,17.052006
"Lipová, kaple",49.410428,17.607872
"Ruda n.Mor., Štědrákova Lhota, konečná",50.029358,16.872409
"Klopina, škola",49.821273,17.017853
"Šumperk, Zábřežská samoobsluha",49.963006,16.964714
"Prostějov, Dolní",49.468056,17.122715
"Velké Losiny, Žárová, most",50.06175,17.00434
"Bystřice p.Host., nám.",49.399175,17.673876
Klenovice na Hané,49.402497,17.212438
"Bratrušov, konečná",50.023689,16.945229
"Císařov, u křižovatky",49.468457,17.3507
"Stará Červ.Voda, Nová Červ.Voda, točna",50.304987,17.182895
"Zlaté Hory, Dolní Údolí, rozc.",50.239972,17.346137
"Olomouc, Nemilany",49.557202,17.248436
"Bystřice p.Host., Rychlov, točna",49.40820618,17.64005706
"Milotice n.Bečvou, u kaple",49.536604,17.840195
"Olomouc, Topolany, Bílkova",49.586363,17.179529
"Vilémov, Na Prátné",49.641435,17.003757
Čelčice,49.410466,17.193654
Prasklice,49.26896,17.186037
"Náměšť na Hané, Biskupství",49.605928,17.066918
"Šternberk, Hvězdné údolí",49.739737,17.299584
"Přerov, Kozlovice, u pomníku",49.465876,17.492243
"Prostějov, Železárny",49.465312,17.133334
Valašské Meziříčí,49.47451776,17.96081653
"Přerov, nem.Meopta",49.455351,17.471188
"Bezuchov, Zábraní",49.464068,17.612201
"Líšnice, náves",49.75581,16.876313
"Bělá p.Prad., Domašov, háj.",50.148449,17.20448
"Lipová-lázně, lázně",50.229033,17.147137
"Stříbrnice, rest.",49.327854,17.245412
"Brodek u Přerova, Masarykovo nám.",49.484302,17.339446
"Bludov, u zámku",49.941281,16.927011
"Myslejovice, točna",49.405735,17.024219
Luboměř p.Strážnou,49.688002,17.664655
Velká Kraš,50.36236329,17.12696155
Sobotín,50.01770965,17.06672417
"Olomouc, Nám.Republiky",49.596181,17.257192
"Červená Voda, odb.Králíky",50.045043,16.739512
"Staré Město, Chrastice, rozc.",50.14351,16.95299
"Ivaň, rozc.",49.433301,17.259279
"Zábřeh, Zubní odd.",49.884122,16.879764
"Dlouhá Loučka, rozc.",49.820554,17.200038
"Valšov, žel.st.",49.93341446,17.43799449
"Štěpánov, Leda",49.687179,17.212271
"Rohle, střední zast.",49.861837,17.012077
"Rohle, Janoslavice, kaple",49.849757,16.994513
"Troubelice, Lazce, náves",49.804043,17.103285
"Prostějov, Mubea",49.464983,17.146912
"Radslavice, náves",49.477288,17.516236
"Dolany, Pohořany, hor.konec",49.676297,17.383989
"Tištín, náměstí",49.306883,17.165289
"Kopřivná, hor.most",50.050616,16.944787
"Přerov, Palackého",49.454413,17.447059
"Zábřeh, poliklinika",49.88250448,16.88053142
"Olomouc, Bělidla",49.596692,17.278554
"Prostějov, Svatoplukova",49.472913,17.118249
"Šumperk, Husitská Jiráskovy sady",49.969361,16.975323
"Krčmaň, Olomoucká",49.52169,17.343811
"Kozlov, škola",49.602234,17.533506
"Dolní Újezd, rozc.",49.544753,17.538173
Velké Losiny,50.03178891,17.04260804
"Supíkovice, jeskyně",50.282362,17.253854
"Šumperk, Jiřího z Poděbrad 73",49.973324,16.973678
"Haňovice, náves",49.680789,17.04613
Teplice n.Bečvou,49.53000733,17.74848512
"Kopřivná, dol.most",50.058515,16.942625
"Jindřichov, obchod",50.10928,16.999171
"Troubelice, u Polákových",49.814854,17.087209
"Prostějov, Šárka lékárna",49.465441,17.122666
"Senice na Hané, škola",49.628706,17.086425
"Lukavice, náves",49.822965,16.919718
"Olomouc, Slavonín, Dům seniorů",49.569244,17.241967
"Jestřebí, kaple",49.852316,16.868331
"Potštát, Lipná, rozc.",49.658668,17.704973
"Zábřeh, NH",49.868022,16.899321
"Velká Kraš, Hukovice, zast.",50.361268,17.127213
"Zábřeh, ČSA",49.879309,16.881894
"Konice, žel.st.",49.59193879,16.88375295
"Karlova Studánka, rozc.Hvězda",50.06644942,17.30537581
"Hradec-Nová Ves, žel.st.",50.285899,17.273605
"Zábeštní Lhota, rest.",49.513321,17.430935
"Prostějov, Žešov, střed",49.43626,17.116614
"Bernartice, ObÚ",50.388733,17.078355
"Dolní Moravice, rozc.",49.97793493,17.32266052
"Moravský Beroun, U Sedmi Dvorů",49.783554,17.439001
"Litovel, aut.st.",49.69946535,17.07238056
"Loštice, Modrá hvězda",49.741831,16.938537
"Ptení, Ptenský Dvorek, rekr.stř.",49.532888,16.944204
Bystřička,49.41721278,17.95874679
"Bouzov, Olešnice, obchod",49.69753,16.935381
Olomouc-Nové Sady,49.57104314,17.26086985
"Olomouc, Olomouc CITY",49.601483,17.219915
"Kroměříž, aut.nádr.",49.301325,17.403332
Králíky zast.,50.08674,16.748946
"Jeseník, Lázně, Kalvodova",50.232773,17.189125
"Štíty, Březná, statek",49.995347,16.759139
"Malá Morávka, škola",50.02508941,17.31269904
"Stará Ves, Žďárský Potok, Jednota",49.96979,17.2072311
Hruška,49.358866,17.226304
"Bělotín, Lučice, dolní konec",49.59113,17.830318
Hradec-Nová Ves,50.28644145,17.27370719
"Ondratice, obec",49.363157,17.062822
"Bouzov, Podolí, rozc.náves",49.707816,16.92193
"Podivice, háj.",49.368286,17.042749
"Loučná n.Des., Kouty n.Des., sportovní areál",50.100617,17.116246
"Olšovec, škola",49.589913,17.71785
"Prostějov, nemocnice",49.475246,17.090031
"Moravský Beroun, N.Valteřice, rest.",49.841658,17.472886
"Dlouhá Loučka, rest.U Hvězdy",49.815991,17.178562
"Hradec n.Moravicí, žel.st.",49.8767769,17.8768389
"Bílá Lhota, škola",49.71161,16.974674
"Bílá Voda, rest.",50.441808,16.917691
"Mohelnice, obch.akademie",49.769656,16.918727
"Brodek u Konice, nám.",49.548604,16.832813
"Horní Město, Skály, rest.",49.9157539,17.2301675
"Horní Těšice, rozc.",49.493598,17.782064
"Zlín, aut.nádr.",49.22599614,17.66025
"Holčovice, Dětský domov",50.1565481,17.4945103
"Olomouc, Lipenská",49.589726,17.300008
"Olomouc, Svornosti",49.594144,17.234493
"Brníčko, pod lipami",49.898899,16.970751
Lukavice na Moravě,49.8250832,16.91664534
"Drahanovice, škola",49.575905,17.075121
"Radvanice, náves",49.50978,17.477064
"Líšnice, Vyšehorky, náves",49.767932,16.874765
"Olomouc, Chomoutov",49.635171,17.233964
"Štěpánov, kino",49.684078,17.220114
"Ludmírov, Na srdéčku",49.633927,16.888194
"Nová Hradečná, ObÚ",49.840602,17.088632
"Olšany, Dvůr",49.969768,16.863214
Drahany,49.434529,16.899254
"Javorník, Horní Hoštice, rozc.",50.424242,16.966062
"Radíkov, náves",49.596458,17.676089
"Prostějov, Žeranovská",49.469009,17.109553
Velká Bystřice z.,49.59787856,17.36505295
"Hranice, Tř.1.máje",49.555928,17.735287
"Prostějov, Svatoplukova DONA",49.47271,17.121756
"Přerov, Žeravice, hřiště",49.490481,17.399668
"Olomouc, Nedvězí",49.557793,17.209574
"Náměšť na Hané, Nové Dvory, točna",49.61947869,17.03623424
"Výšovice, u mostu",49.413552,17.142876
"Oskava, Václavov, rekr.stř.",49.901831,17.107893
"Hradčany-Kobeřice, Kobeřice",49.371813,17.113641
"Moravský Beroun, Ondrášov",49.787836,17.426911
"Hraběšice, obchod",49.976169,17.076368
"Přerov, Dvořákova",49.453623,17.46579
"Bílovice-Lutotín, Bílovice",49.511135,17.039634
"Olomouc, Kmochova",49.593096,17.231247
"Rapotín, U Ptáčka",49.989097,17.005825
"Uničov, u pomníku",49.773638,17.120403
"Maletín, dol.konec",49.796198,16.764564
"Olomouc, Řepčín, škola",49.607271,17.23083
"Ruda n.Mor., samoobsluha",49.978779,16.875183
"Olomouc, Lazce",49.607189,17.252201
"Vražné, Emauzy",49.637685,17.834617
"Přerov, sokolovna",49.457456,17.448389
"Litovel, Pošmýl",49.708922,17.086996
"Želeč, křiž.",49.347696,17.09283
"Malá Morava, Zlatý Potok, bytovky",50.083719,16.821623
"Ludmírov, Ospělov",49.665705,16.85748
"Milenov, Jednota",49.563698,17.66586
"Ruda n.Mor., Hostice, kartáčovna",49.997719,16.877768
"Bludov, konečná",49.957306,16.921748
"Štíty, Na pilníku",49.963219,16.771196
"Bouzov, Jeřmaň, náves",49.717802,16.895306
"Maletín, Javoří, rekr.stř.",49.805001,16.801887
"Olomouc, Peugeot",49.590053,17.315037
"Mladějovice, hor.kolonie",49.759671,17.209405
"Dolany, rest.",49.64964,17.320579
Hanušovice,50.07191453,16.92936893
"Branná, u žel.st.",50.148055,17.013743
"Velká Kraš, Hukovice, rozc.",50.362739,17.130035
"Prosenice, cukrovar",49.492068,17.488809
Bílá Voda,50.017342,16.747678
"Hluchov, na kopci",49.537349,17.001673
"Pustiměř, u kříže",49.31419885,17.02908557
"Hanušovice, Vysoké Žibř., prodejna",50.116967,16.922176
"Kladky, Trpín",49.660786,16.814028
"Břidličná, aut.st.",49.91277,17.37258
"Šubířov, Pod Košetínem",49.605467,16.806615
"Šléglov, ObÚ",50.152827,16.982269
"Skorošice, Sedmlánů",50.329638,17.068582
"Prostějov, Vápenice",49.474071,17.112668
"Rapotín, rest.U skláren",50.014445,17.033228
"Mohelnice, Květín, hor.konec",49.805925,16.89521
"Těšetice, Vojnice",49.597111,17.141579
"Hranice, Komenského",49.548868,17.736775
"Benešov, ZD střed",49.50339755,16.76416315
"Beňov, kostel",49.416573,17.500347
"Morkovice-Slížany, Morkovice, žel.st.",49.252521,17.211472
"Jaroměřice, Nadevsí",49.622976,16.756768
"Prosenice, žel.st.",49.503843,17.484846
"Staré Město, Stříbrnice, statek",50.177423,16.91027
"Bystrovany, Lidl sklad",49.592455,17.313367
"Vlkoš, průmysl.areál",49.397187,17.41619
"Ostrava, Svinov, mosty",49.82416421,18.21081454
"Česká Ves, Benzina",50.247201,17.213621
Protivanov,49.48203,16.83654
"Uničov, Benkov, rest.",49.767135,17.073987
"Maletín, točna",49.798774,16.778883
"Lazníčky, mlýn",49.533852,17.462149
"Drahany, kostel",49.435277,16.900024
"Ohrozim, obec",49.4865,17.019359
"Hrubčice, ObÚ",49.449964,17.192833
"Pavlovice u Přerova, hřbitov",49.470335,17.550729
"Bouzov, hřbitov",49.69672,16.904458
"Jeseník, žel.st.",50.227207,17.192519
"Olbramice, čekárna",49.613488,16.999969
Kostelec na Hané,49.50901522,17.065009
"Šumperk, Štefánikova centrum",49.964905,16.974253
Jeseník,50.22767742,17.19336245
"Ostružná, Ramzová, hotel Horská chata",50.193587,17.064547
"Veselíčko, kamenolom",49.529097,17.49445
"Šternberk, nem.",49.72308,17.297824
"Černá Voda, Rokliny",50.320888,17.175466
"Víceměřice, Jitřenka",49.343452,17.164277
"Radíkov, Kunzov",49.586187,17.689456
"Tučín, náves",49.45391,17.514116
"Císařov, u pomníku",49.464603,17.353215
"Olomouc, Povel škola",49.579986,17.248819
"Teplice n.Bečvou, Moravan",49.53026,17.742012
"Vernířovice, kostel",50.031266,17.130095
"Rovensko, Na rybníčku",49.90886,16.872502
"Hranice, Struhlovsko škola",49.552118,17.726968
"Olomouc, Gymnázium Hejčín",49.60091,17.23687
"Kostelec na Hané, Hospoda u pramene",49.512591,17.059177
"Kamenná, rozc.Veleboř",49.854677,17.02367
"Olšovec, samota",49.598793,17.697807
Prostějov hl.n.,49.47278585,17.1296126
"Žulová, nad žel.st.",50.307718,17.101442
"Troubelice, Dědinka, náves",49.805465,17.059643
"Velké Losiny, hřbitov",50.038839,17.050951
"Hynčina, rozc.Lupěné",49.846321,16.794587
"Jeseník, Dětřichov, konečná",50.205866,17.235156
"Vranovice-Kelčice, Kelčice, pod mostem",49.40312,17.105019
"Šternberk, Horní Žleb",49.772317,17.318669
"Lipová-lázně, konečná",50.22677,17.083605
"Suchý, u rybníka",49.487263,16.761268
"Bělotín, horní konec",49.603666,17.806073
"Lipová, Na příhoně",49.52105,16.862006
"Bělá p.Prad., Adolfovice, Mlýnky",50.198955,17.193918
"Bílá Lhota, nám.",49.709597,16.974721
"Olomouc, Droždín, Bukovanská",49.610718,17.337048
"Vyškov, aut.nádr.",49.27571477,16.99169575
Vápenná,50.28418177,17.09465873
"Boskovice, aut.st.",49.491553,16.653161
"Grymov, kaple",49.48187309,17.49946465
"Olomouc, Olma",49.587064,17.299891
Podlesí,50.090712,16.849487
"Střeň, obchod",49.691892,17.153909
"Rýmařov, GP závod",49.93115109,17.29749912
"Líšná, náves",49.412486,17.547946
Křemenec,49.57252613,16.90627783
"Přerov, Kopaniny, ZTŠ",49.463591,17.457515
"Prosenice, náves",49.489901,17.483356
"Dolany, škola",49.645284,17.323514
"Tovačov, Annín, rozc.",49.417408,17.282821
"Prostějov, Poděbradovo nám.",49.4698,17.110271
"Javorník, Bílý potok",50.408076,16.989302
"Skorošice, Petrovice, obchod",50.310859,17.047843
"Lipová-lázně, záv.",50.225077,17.113044
"Hranice, předměstí",49.551515,17.718407
"Lipová-lázně, jeskyně žel.st.",50.243384,17.143955
"Odry, Hvězdová",49.6862894,17.8580172
"Jindřichov, osada Františkov",50.133595,17.012637
"Radkovy, rest.",49.436081,17.614205
"Radkova Lhota, kult.dům",49.442261,17.621255
"Malá Morávka, Pod Kopřivnou",50.03479913,17.30990113
"Vrbno p.Prad., rozc.Ludvíkov",50.12324573,17.36327359
"Sobíšky, rest.",49.503938,17.451929
"Paseka, nad školou",49.795899,17.232559
"Bílá Lhota, Červená Lhota, rest.",49.714976,16.968925
Říkovice,49.37896852,17.45399508
Lipník n.Bečvou,49.52970914,17.57370004
"Zvole, Správa silnic",49.84398,16.912137
"Zábřeh, nem.",49.882437,16.865388
"Příkazy, hor.konec",49.643951,17.135736
"Daskabát, dol.zast.",49.577814,17.442467
"Přerov, U tenisu",49.454456,17.461166
"Olomouc, Tržnice plocha",49.58861,17.254518
"Troubky, Zavadilka",49.430599,17.340351
"Štíty, nám.",49.962031,16.763048
"Olomouc, U Rybářského stavu",49.576951,17.257826
Dobrochov,49.387066,17.099189
"Javorník, Travná, konečná",50.373632,16.935387
"Věrovany, Nenakonice, Jednota",49.470926,17.28479
"Klenovice na Hané, obchod",49.402257,17.211189
"Velký Týnec, sokolovna",49.551671,17.334826
"Brodek u Konice, hor.konec",49.553446,16.821887
"Jakartovice, Deštné, střed",49.89543893,17.67554565
Biskupice,49.462277,17.236043
"Uničov, Bezručovo nám.",49.769616,17.12501
"Opava, Východní nádraží",49.93445,17.90767
"Olomouc, Přichystalova",49.577511,17.269944
Drozdov,49.908047,16.787205
"Tovačov, Prostějovská",49.429885,17.285322
Žďárná,49.468476,16.754775
"Fryšták, Žabárna",49.2934285,17.65104356
"Hranice, Drahotuše, nám.",49.549179,17.694108
Červenka zast.,49.72115858,17.07645549
"Rozstání, ZŠ",49.398158,16.837074
"Luká, Veselíčko, náves",49.669306,16.93317
"Olomouc, Pavelkova Koyo",49.593446,17.300471
"Olšany, rozc.",49.964596,16.855069
"Velký Újezd, aut.st.",49.578669,17.480566
"Hraběšice, Krásné, u lomu",49.968483,17.059001
"Loučka, náves",49.654302,17.011715
Bousín,49.454871,16.889512
"Olomouc, Trnkova",49.579961,17.257214
"Uhelná, ObÚ",50.365473,17.027129
"Čechy p.Kosířem, pošta",49.551689,17.030852
"Prostějov, Arkáda",49.483452,17.123679
Rapotín,50.0144018,17.03257585
"Bělá p.Prad., Domašov, č.p.476",50.143806,17.207004
"Pustiměř, ZŠ",49.32235405,17.0297388
Petrov n.Desnou,50.00031152,17.03019327
"Štíty, Heroltice, rozc.",49.990045,16.747331
"Litovel, Rozvadovice, náves",49.676445,17.092578
"Krnov, žel.st.",50.0886194,17.6840436
Hačky,49.622216,16.937693
"Šumperk, Temenice Bohdíkovská 7",49.980209,16.947004
"Hranice, Masarykovo nám.",49.548602,17.734401
"Bludov, Pod lipami",49.951603,16.922858
"Lipník n.Bečvou, Trnávka",49.535827,17.554288
"Horní Moštěnice, Jednota",49.412592,17.460414
"Vápenná, rest.",50.26347,17.104767
"Dolní Studénky, rest.",49.935211,16.971447
"Doloplazy, hor.konec",49.571718,17.41408
"Hranice, žel.st.město",49.546099,17.741496
"Zábřeh, Havlíčkova",49.879347,16.867582
"Jindřichov, Pleče, mlýn",50.100761,16.979979
"Újezd, rest.Jednota",49.765283,17.179547
"Vrbátky, ZŠ",49.508285,17.201299
"Jakubovice, kostel",49.994822,16.828717
"Staré Město, Chrastice, žel.st.",50.143146,16.949502
"Lipník n.Bečvou, Podhoří, pila",49.559676,17.62379
"Ruda n.Mor., Hrabenov, kaple",49.976929,16.90695
"Zábřeh, Václavov, kult.dům",49.907012,16.837291
"Olomouc, Lazce, kaple",49.610306,17.251985
"Bouzov, Hvozdečko, čekárna",49.688846,16.929315
"Červená Voda, Kartáčovny",50.047829,16.743524
Třebětice,49.317772,17.518903
"Hvozd, Otročkov, rozc.0.2",49.652796,16.885769
"Paseka, hor.konec",49.795642,17.241741
"Vrbno p.Prad., Dřevokombinát",50.12255758,17.37313402
"Brodek u Přerova, Luková, náves",49.475771,17.368033
"Bystřice p.Host., žel.st.",49.393694,17.666396
"Šumperk, Lidická křiž.8.května",49.966768,16.984665
"Moravský Beroun, N.Valteřice, točna",49.84402389,17.47331277
"Němčice, rozc.",49.36962,17.50803
"Potštát, škola",49.638982,17.652258
"Ondratice, dol.konec",49.363026,17.067811
"Jeseník, Dětřichov, kolonka",50.215624,17.218706
"Kojetín, Kovalovice, střed",49.313726,17.290442
"Bezuchov, Rozhraní",49.462681,17.606966
"Šumperk, Lidická 13",49.971656,16.981617
"Svésedlice, rozc.",49.574872,17.374372
"Vrbátky, žel.přejezd",49.504144,17.199941
Uhřice,49.281333,17.203619
"Klopotovice, rozc.2.0",49.449843,17.27852
"Kopřivná, obchod",50.045441,16.947295
"Šternberk, Svatoplukova",49.723746,17.30276
Lhotka n.Bečvou,49.504077,17.933061
"Buková, hor.zast.",49.511733,16.824563
"Maletín, Javoří, osada",49.807506,16.809009
"Veselíčko, hřbitov",49.526589,17.509847
"Rakůvka, rozc.0.1",49.610218,16.941142
"Bohuslávky, lom",49.55417999,17.5566575
"Kroměříž, Hulínská",49.305159,17.403542
"Luká, Ješov, rozc.",49.666039,16.959671
Loučná n.Desnou-Filipová,50.05488662,17.08243132
"Zábřeh, Skalička, rozc.",49.868397,16.879457
"Křtomil, náves",49.409206,17.628257
"Lobodice, točna",49.395461,17.291715
Kojetín,49.34542828,17.30481898
"Rohle, Nedvězí, rozc.",49.869777,17.041847
"Krnov, aut.st.",50.08895646,17.69571804
"Město Albrechtice, Hynčice, rozc.Dl.Voda",50.1780011,17.5146167
"Milotice n.Bečvou, E-TECHNIK",49.537051,17.842505
"Olomouc, Holická Grapo",49.580795,17.278872
"Zlaté Hory, rozc.k areálu BOHEMA",50.247482,17.396763
Domašov n.Bystřicí,49.74030189,17.44474006
"Vrbno p.Prad., centrum",50.12084422,17.38289665
"Teplice n.Bečvou, sanatorium Janáček",49.534108,17.743167
"Medlov, Zadní Újezd",49.797882,17.045812
"Hranice, Velká, náves",49.569846,17.720172
"Stará Červ.Voda, Nová Červ.Voda, škola",50.311395,17.189154
"Mohelnice, Studená Loučka, Buková rozc.",49.762431,16.808891
"Dubčany, rozc.",49.648224,17.081597
"Moravský Beroun, Janáčkova",49.797357,17.447113
"Olšany u Prostějova, u parku",49.536362,17.16115
"Sobotín, koliba",50.01624063,17.07971718
Grygov,49.53399389,17.3052856
"Střítež n.Ludinou, rozc.",49.597625,17.735342
"Uničov, sídl.Moravské nám.",49.770676,17.114326
"Šternberk, Těšíkov, Kyselka rozc.",49.736337,17.376444
"Mladějovice, rozc.",49.75128,17.233148
"Kladky, ZŠ",49.650333,16.83379
"Kladky, dol.konec",49.64912,16.84758
"Velké Losiny, zámek",50.02484,17.034749
"Kozlov, kasárna",49.607509,17.541093
"Holčovice, Spálené, rozc.",50.1609994,17.4340142
"Konice, Ladín",49.610587,16.87642
"Lazníčky, kaple",49.545317,17.460181
"Postřelmov, ObÚ",49.907111,16.912063
"Olomouc, Šantovka",49.587758,17.257982
"Bílá Voda, Kamenička",50.43691,16.933096
"Brodek u Prostějova, křiž.",49.36921,17.080941
Hlubočky-Mar.Údolí,49.61331204,17.3948487
"Ludíkov, rozc.0.5",49.458227,16.737046
"Potštát, Lipná, dolní konec",49.673657,17.690961
"Štíty, Crhov, rest.",49.934338,16.752433
"Olomouc, Keplerova",49.569262,17.291253
"Bílá Voda, léčebna",50.440149,16.89418
"Černá Voda, pošta",50.307507,17.146454
"Lipník n.Bečvou, Jiráskova",49.527622,17.579073
Červenka,49.72398242,17.09102068
Myslechovice,49.67688548,17.04886661
"Lipník n.Bečvou, Loučka, střed",49.558994,17.589486
"Kostelec na Hané, sokolovna",49.514837,17.05829
"Malá Morava, Vojtíškov, zast.",50.104228,16.87551
"Lutín, Třebčín, škola",49.550995,17.110945
"Úsov, škola",49.80271,17.013133
"Lipová, Seč",49.524801,16.885367
"Nový Malín, Plechy",49.952179,17.003591
"Olomouc, Lošov, Svolinského",49.61997,17.364015
"Hlubočky, nad Orátem",49.640869,17.408999
"Cotkytle, Království",49.929326,16.743143
"Bělotín, rozc.Kunčice",49.581667,17.791484
"Budětsko, rozc.0.6",49.588245,16.913198
"Prostějovičky, čekárna",49.42822,16.997618
"Velký Týnec, Komárov",49.549448,17.343977
"Přerov, Bayerova",49.453795,17.456182
"Rajnochovice, Tesák",49.366401,17.773453
"Býškovice, rozc.Rakov",49.469052,17.713498
"Senice na Hané, Odrlice, rozc.",49.633032,17.067609
"Brumovice, Skrochovice, rozc.",50.01888,17.77436
Alojzov,49.42318119,17.04265456
"Sobotín, Rudoltice, myslivna",49.991892,17.125198
"Linhartice, odb.střelnice",49.760903,16.677444
"Polkovice, rozc.",49.388659,17.257822
"Přerov, Žeravice, náves",49.49133385,17.39598233
"Zlaté Hory, Jednota",50.253718,17.399094
"Ruda n.Mor., žel.st.",49.983483,16.888305
"Krnov, Krásné Loučky, Jednota",50.1239169,17.6378078
"Uničov, Horní Sukolom, rozc.",49.809838,17.125147
"Zábřeh, sídl.Výsluní",49.878911,16.865062
"Město Albrechtice, Hynčice, lesní závod",50.17587475,17.54296513
"Štíty, Březná, škola",49.98135,16.769513
"Mohelnice, Řepová, rozc.Mírov",49.806261,16.870498
"Těšetice, Rataje, rest.",49.587004,17.111147
"Olomouc, Výstaviště Flora",49.589391,17.24533
"Bohuslavice, ZD",49.623764,16.947447
"Šternberk, Těšíkov",49.737269,17.347571
"Lazníky, mlýn",49.52602,17.46298
"Zlaté Hory, poutní kostel",50.216262,17.404435
"Konice, U Štafů",49.587938,16.892256
Písečná,50.27881214,17.25992069
"Vrbátky, pošta",49.506124,17.197532
"Uhelná, Červený Důl, rozc.",50.353651,17.008133
"Olomouc, Kyselovská",49.564469,17.236569
Olomouc-Smetan.sady,49.58558145,17.25456562
"Teplice n.Bečvou, Zbrašov",49.52824,17.73944
"Prostějov, Hacarova DPS",49.478611,17.098144
"Staré Město, Kunčice, rozc.",50.17827312,16.93727267
"Zábřeh, Růžové údolí",49.88948,16.830894
"Vrbno p.Prad., Vidly, konečná",50.10518367,17.26889567
"Olomouc, Radíkov",49.63625,17.363077
"Olomouc, Panelárna",49.603108,17.292326
"Malhotice, náves",49.489541,17.763949
"Ústín, rest.",49.587081,17.158294
"Šišma, rest.",49.46379,17.587872
"Protivanov, hor.zast.",49.47836,16.83177
"Bělá p.Prad., Domašov, ObÚ",50.179598,17.199271
"Přerov, pivovar",49.451088,17.448395
"Přerov, Henčlov, rozc.u letiště",49.435757,17.392703
"Olomouc, Průmyslová",49.573528,17.290196
"Lipník n.Bečvou, Komenského-škola",49.528767,17.588664
"Plumlov, Ohrozimská",49.46766,17.014397
"Přerov, Předmostí, hřbitov",49.465968,17.437044
"Morkovice-Slížany, Morkovice, nám.",49.246915,17.205975
"Lukavice, papírny",49.824962,16.920068
"Koválovice-Osíčany, Osíčany",49.27673,17.173962
"Liboš, Na horním",49.691621,17.224931
"Velké Losiny, zast.",50.059478,17.056159
"Sušice, pomník",49.482622,17.542476
"Horní Újezd, Drholec",49.445876,17.745126
"Suchonice, náves",49.527608,17.383735
Červený Potok,50.104731,16.783842
"Přerov, most Legií",49.453431,17.441819
"Zábřeh, Třešňová",49.88182,16.883335
"Libina, žel.st.",49.878842,17.06243
Hrubčice,49.447163,17.189893
"Domašov u Šternberka, chat.oblast",49.708583,17.33083
"Stařechovice, Služín",49.540674,17.042815
"Červenka, žel.st.",49.723675,17.090805
"Oskava, Třemešek, konečná",49.921066,17.116801
"Přerov, Předmostí, Dům služeb",49.465098,17.438785
"Dolní Studénky, Králec, rozc.MK",49.942917,16.98006
"Němčice n.Hanou, nákup.stř.",49.34239,17.207939
"Hanušovice, Žleb, U kaple",50.102886,16.906048
"Chromeč, náves",49.934446,16.892505
"Soběchleby, Símře, rozc.",49.45868132,17.65438837
"Prostějov, Šárka",49.465045,17.118959
"Chvalčov, hotel Říka",49.385774,17.715544
"Olomouc, U kapličky",49.574196,17.248126
"Dubicko, škola",49.82854,16.961966
"Červenka, u váhy",49.719357,17.077398
"Hrubčice, Kralická",49.453791,17.190528
"Zábřeh, IV.škola",49.88719,16.882407
"Mikulovice, prodejna u Hynků",50.306971,17.337668
"Konice, Runářov",49.572838,16.877484
"Mladeč, Nové Zámky, křiž.",49.72066,17.032152
"Přerov, Újezdec, střed.",49.431488,17.471939
"Šumperk, TDK",49.952007,16.961932
"Olomouc, Jezírka",49.623107,17.246996
"Bruntál, žel.st.",49.99481731,17.47407304
"Vítonice, Větřák",49.44383,17.68653
"Držovice, cihelna",49.493534,17.133242
Senice na Hané,49.62148885,17.0999846
"Jindřichov, horní konec",49.651886,17.745156
"Troubelice, sídliště",49.825498,17.064849
"Prostějov, rybník",49.467545,17.104706
"Štíty, pila",49.954768,16.767705
"Uničov, Dukelská",49.769891,17.116
"Jezernice, rozc.",49.540877,17.628187
"Olomouc, 17.listopadu",49.594845,17.264942
"Olomouc, Pavlovická",49.602044,17.277788
"Prostějov, Krasice, u mýta",49.471805,17.086305
"Budětsko, bytovky",49.584823,16.933216
"Velké Losiny, Žárová, kostel",50.054175,17.014061
"Čechy, náves",49.429279,17.534111
"Olomouc, motel Prachárna",49.606916,17.213594
"Zábřeh, Strejcova",49.886911,16.878376
Litovel město,49.70139672,17.07083195
"Janoušov, kostel",50.013201,16.845023
"Bouzov, Blažov, náves",49.684265,16.882799
"Svésedlice, ObÚ",49.572463,17.380733
"Jakartovice, střed",49.9147406,17.6849849
"Zábřeh, krytý bazén",49.877397,16.867382
"Domašov n.Bystř., žel.st.",49.740797,17.446269
"Olšany, Klášterec",49.952887,16.866373
"Bílá Lhota, Hradečná, rozc.",49.703818,16.996902
"Šternberk, Olomoucká",49.71609814,17.2899866
"Staré Město, Kunčice, točna",50.188069,16.941693
"Šumperk, Jiřího z Poděbrad 28",49.971063,16.972814
"Čelechovice na Hané, ZŠ",49.513559,17.099533
Loučná n.Desnou,50.07123057,17.08644929
Horní Lapač,49.301879,17.614915
"Olomouc, Nová Ulice",49.577705,17.230744
"Oskava, hotel Rabštýn",49.895622,17.13212
"Kojetín, žel.st.",49.34593,17.304341
"Loštice, škola",49.745777,16.930466
"Písařov, Kocanda",49.991754,16.802927
"Smržice, kovárna",49.501258,17.099337
"Mohelnice, bazén",49.779803,16.929196
"Beňov, Prusy",49.425619,17.513209
Bohdíkov,50.0262551,16.90138243
"Lhotka, most",49.498328,17.415019
"Lipník n.Bečvou, sídl.Zahradní",49.523572,17.588381
"Brodek u Přerova, Vrchlického",49.481756,17.345213
"Štíty, Březná, rest.",49.97407,16.775758
"Lukavice, Slavoňov",49.820149,16.892077
"Zlín, Vysoká mez",49.23310188,17.68017212
"Přerov, most Míru",49.455777,17.44437
"Horní Štěpánov, u rybníka",49.553168,16.792908
"Dětřichov n.Bystř., Krahulčí, rozc.",49.794635,17.388148
"Loštice, Žádlovice, Na Pešti",49.74939191,16.91617325
"Lipník n.Bečvou, ČSAD",49.523944,17.592323
"Lipník n.Bečvou, Nové Dvory, náves",49.504329,17.57195
"Dobromilice, pohostinství",49.35807,17.136971
"Konice, aut.st.",49.590084,16.891313
"Přerov, Svisle",49.449658,17.458359
"Hanušovice, Vysoké Žibř., točna",50.121102,16.924854
"Šumvald, rozc.Horka",49.838388,17.136471
"Štíty, záv.",49.967127,16.756887
Černotín,49.5273891,17.77274593
"Střítež n.Ludinou, most",49.619824,17.747466
Zborov,49.943647,16.833784
Martinice,49.3101,17.601891
"Prostějov, Drozdovice",49.466574,17.095648
"Štěpánov, Březecká",49.67207,17.229721
"Janoušov, u Mezníku",50.006198,16.842778
"Červená Voda, Dolní Orlice",50.06411,16.753715
"Šternberk, Opavská MěÚ",49.728978,17.301556
"Hanušovice, Vysoké Žibř., rozc.",50.111545,16.930091
"Sušice, náves",49.483646,17.537554
"Velké Losiny, Maršíkov",50.034207,17.077024
Ramzová,50.19338844,17.06362766
Šternberk,49.72059712,17.28588542
"Vikantice, obchod",50.1374,16.995411
"Olomouc, Dopravní stavby",49.599383,17.289062
Bedihošť,49.448171,17.166206
"Tištín, Trávník",49.309144,17.167684
Nezamyslice,49.33573155,17.16145682
"Holešov, nám.",49.333841,17.576186
"Uničov, hřbitov",49.766773,17.116596
"Skalka, lázně",49.403417,17.171806
"Nemile, hor.konec",49.875601,16.846891
"Přerov, Henčlov, náves",49.43693,17.392363
"Mohelnice, Újezd",49.763547,16.903935
Chrastice,50.14330879,16.94954531
Hranice na Moravě,49.56542896,17.74133193
"Dvorce, U hřiště",49.83805142,17.55039027
"Přerov, Lýsky, u podjezdu",49.480142,17.453703
"Pěnčín, ZŠ",49.567345,17.012491
"Držovice, točna",49.489831,17.139387
"Pavlovice u Přerova, rozc.",49.467102,17.551138
"Jindřichov, Pleče",50.109021,16.981964
"Sudkov, u rybníka",49.915704,16.940294
"Břidličná, Vajglov, rest.",49.89736718,17.35908334
"Hlinsko, pož.zbroj.",49.493402,17.581618
"Velký Újezd, hřbitov",49.574501,17.486652
"Vřesovice, u mlýna",49.404977,17.137728
"Olomouc, Tabulový vrch",49.58334,17.222648
"Oskava, Nemrlov, kaple",49.883842,17.141054
"Boskovice, Lidická",49.487024,16.665445
"Dub n.Mor., Bolelouc, rozc.",49.49759,17.262845
"Potštát, Lipná, kaple",49.659625,17.693172
"Bystřice p.Host., ZŠ Bratrství",49.400613,17.681654
"Velký Týnec, Orlovna",49.547538,17.330947
Jesenec,49.60635724,16.861086
Drahanovice,49.58251884,17.07991458
"Hanušovice, č.62",50.087863,16.940747
"Police, obchod",49.817557,16.997465
"Hranice, domov seniorů",49.548603,17.750504
"Hustopeče n.Bečvou, křiž.k Porubě",49.529594,17.87986
"Hrabůvka, zvonice",49.577613,17.687201
Bohuňovice,49.66320384,17.28111377
"Červená Voda, Bílá Voda, odb.Mlýnický Dvůr",50.004623,16.750684
"Lipová-lázně, pošta",50.229039,17.151162
Tvorovice,49.375887,17.218739
"Branná, nám.",50.15222,17.010974
"Kamenná, ŽD",49.861654,17.033722
"Partutovice, horní konec",49.631001,17.707883
"Kelč, aut.st.",49.479016,17.818158
"Potštát, Kovářov, Jednota",49.649332,17.651685
"Olomouc, Ladova",49.602532,17.241961
"Boskovice, nemocnice",49.49166896,16.64469095
"Bratrušov, č.11",50.019441,16.945264
"Konice, Vyšehrad",49.589048,16.905622
"Oskava, Mostkov, kaple",49.879548,17.127784
"Bílovice-Lutotín, Bílovice, rozc.",49.508038,17.045884
"Rýmařov, Jamartice, hřbitov",0.0,0.0
"Velká Štáhle, nad výkupem",49.9183094,17.3614286
"Sobotín, rozc.Maršíkov",50.027766,17.088259
"Konice, čerp.st.",49.595952,16.882214
"Osek n.Bečvou, rest.Horák",49.507807,17.51301
Nový Malín,49.94591464,17.0344763
"Zábřeh, čistírna",49.873146,16.904791
"Loučná n.Des., Kouty n.Des., pošta",50.099919,17.107984
"Krnov, nem.",50.09421809,17.68615823
"Oskava, Třemešek, kaple",49.918881,17.120521
"Postřelmov, Nový dvůr, rozc.",49.887663,16.92086
"Bouzov, Kovářov, náves",49.685191,16.950741
"Rýmařov, 8.května křiž.",49.9342452,17.27679114
"Olomouc, Svatý Kopeček, ZOO",49.630438,17.348125
"Rozstání, Baldovec, točna",49.411691,16.82219
"Bílčice, obecní úřad",49.87030423,17.5669944
Jesenec,49.608819,16.86027
"Charváty, náves",49.518655,17.252119
"Veselíčko, Tupec, náves",49.538452,17.520884
"Bludov, Habermannova vila",49.927725,16.920489
"Hrabišín, Fibich",49.914022,17.018597
"Olomouc, Na Pile",49.604265,17.279743
"Dvorce, u Farmy",49.82944388,17.53814773
"Zlaté Hory, sídliště",50.257211,17.393278
"Petrov n.Des., rozc.k žel.st.",50.002777,17.030744
"Přerov, hřbitov",49.447444,17.459369
"Uhelná, Nové Vilémovice, č.80",50.336162,16.988672
Žulová,50.30788812,17.10279366
"Zlaté Hory, Dolní Údolí, háj.",50.251702,17.370885
"Úsov, Pančava",49.794911,17.009183
"Pravčice, rozc.0.5",49.318097,17.49647
"Pavlovice u Přerova, dol.zast.",49.471154,17.543958
"Javorník, háj.",50.382397,16.976245
"Hranice, Lhotka, náves",49.587873,17.706469
"Olomouc, Foerstrova",49.594878,17.232394
"Město Albrechtice, Hynčice, rest.",50.1791081,17.5335622
"Partutovice, dolní konec",49.624565,17.703411
"Prostějov, Rovná",49.462337,17.144924
"Rohle, samota",49.864434,17.020755
"Opava, Hradecká",49.9311742,17.8995989
"Olomouc, U Mlýna",49.575467,17.294862
"Žerotín, křiž.U zádruhy",49.728678,17.179459
"Sobotín, Rudoltice, lesní školka",50.012213,17.150139
"Lipník n.Bečvou, Loučka, revír",49.569697,17.582881
Bedihošť,49.44167568,17.16658115
"Olomouc, Technologický park",49.568392,17.205903
"Klokočí, náves",49.559136,17.683714
"Přerov, Polní",49.459216,17.437612
"Zábřeh, B.Němcové",49.883602,16.866494
"Šumvald, rozc.Libina",49.828864,17.122258
"Šumperk, Temenická ZŠ",49.972026,16.960447
"Olomouc, aut.nádr.podchod",49.588568,17.284825
"Opava, Těšínská",49.9329736,17.9191389
"Laškov, Zmoly",49.58745,17.002776
"Červenka, Na aleji Háj",49.737334,17.044794
"Olomouc, U Teplárny",49.585535,17.268554
"Zlaté Hory, Horní Údolí, Jednota",50.221857,17.346203
"Radotín, Čechův kříž",49.48148,17.625611
"Bělá p.Prad., konečná",50.130726,17.21732
"Týn n.Bečvou, náves",49.517386,17.618901
"Hnojice, nám.",49.7164,17.223692
"Prostějov, Krasice",49.468714,17.083625
"Valchov, rozc.",49.47166145,16.71974107
"Ruda n.Mor., Hostice, Na drahách",50.001458,16.873269
"Protivanov, dol.zast.",49.487377,16.837704
Malé Hradisko,49.49316,16.876302
"Hranice, Drahotuše, hřbitov",49.548352,17.685263
"Olomouc, Na Sezníku",49.616484,17.257666
"Brníčko, rest.",49.894928,16.968011
"Paseka, rozc.",49.797109,17.221929
"Stará Červ.Voda, ObÚ",50.329534,17.200896
"Otinoves, pohostinství",49.420852,16.871731
"Potštát, Kovářov, točna",49.653496,17.652532
"Kosov, ZD",49.882717,16.795376
"Dobrochov, pohostinství",49.385609,17.106052
"Olomouc, Domov seniorů",49.615834,17.296648
"Hranice, Cement záv.",49.56235988,17.75997302
"Staré Město, žel.st.",50.16247,16.942299
"Rýmařov, Hornoměstská nemocnice",49.93112,17.263145
"Rapotín, samota",50.008461,16.992081
"Loučná n.Des., kino",50.077803,17.088424
"Hlubočky, U továrny",49.649769,17.410259
Zábřeh na Moravě,49.87094796,16.88952535
"Olomouc, Na trati",49.602511,17.236149
"Držovice, autoopravna",49.48726385,17.12572189
Náměšť na Hané,49.59795306,17.07030553
"Hranice, Schäfer",49.566733,17.751631
"Jaroměřice, náves",49.625352,16.751803
"Hranice, nem.",49.555468,17.744757
"Bělkovice-Lašťany, Bělk.údolí rozc.",49.715248,17.35685
"Mohelnice, Mlýnská",49.778472,16.91653
"Měrotín, náves",49.694292,16.998629
"Velké Losiny, Horní Bohdíkov",50.065832,16.999558
"Šumperk, K.H.Máchy 20",49.968314,16.98118
"Moravský Beroun, žel.st.",49.7848,17.432267
"Vrbátky, Štětovice",49.49598008,17.20741441
"Olomouc, Konzum",49.581838,17.273409
"Jeseník, aut.nádr.",50.226092,17.207867
"Pustiměř, rozc.0.1",49.31896002,17.02618418
"Heřmanovice, rest.",50.1926478,17.3974567
"Hradčany-Kobeřice, Hradčany, hor.konec",49.365457,17.129733
"Bystřice p.Host., Lipnická",49.405225,17.666521
"Ostrava, ÚAN",49.83044634,18.27966229
"Olomouc, Pustatiny",49.628763,17.243049
"Prostějov, Plumlovská sídl.",49.472319,17.095088
Mladeč,49.70395563,17.00299068
"Klopina, Veleboř, hájenka",49.847451,17.019737
"Jindřichov, osada Rakousko",50.09516114,16.981168
"Jeseník, Lázně, P.Bezruč",50.240603,17.186787
"Olomouc, Slavonín, křiž.",49.568703,17.236862
"Tovačov, Annín, TOPOS",49.418415,17.285426
Buková,49.509115,16.83006
"Hlubočky, Mariánské Údolí, MORA",49.61583,17.393186
Litovel předm.,49.69425767,17.07131303
"Ostrava, Poruba, vozovna",49.83261743,18.17575784
"Čelechovice na Hané, Studenec, rozc.",49.515293,17.103228
"Nový Malín, obchod",49.947038,17.012434
"Hustopeče n.Bečvou, Poruba, točna",49.532525,17.900137
"Prostějov, Kostelecká",49.478886,17.105877
Hustopeče n.Bečvou,49.52351175,17.8641599
"Ruda n.Mor., Štědrákova Lhota, Lesanka",50.025978,16.870784
"Prostějov, Palackého",49.47167,17.106986
"Rejchartice, konečná",50.033725,16.974425
"Mohelnice, Studená Loučka, Buková",49.757542,16.800988
"Zábřeh, MEP",49.877233,16.884261
Osek nad Bečvou,49.51707328,17.52365866
"Javorník, MEZ",50.385262,16.984352
"Stará Červ.Voda, hřbitov",50.328592,17.211493
"Řídeč, MŠ",49.765212,17.254252
"Libina, u Cásků",49.85908,17.107052
"Dolní Újezd, Staměřice, Mokř",49.555923,17.516918
"Nový Malín, škola",49.94211356,17.02091405
"Olomouc, Rožňavská",0.0,0.0
"Březová, rozc.",49.7909486,17.8620317
"Jedlí, Na rovince",49.931152,16.81165
"Uničov, spínačka",49.789748,17.117391
"Hranice, Skalní",49.550637,17.743424
"Šumperk, Mototechna",49.963436,16.971215
"Přerov, Lověšice, podjezd",49.428389,17.449778
"Hrabišín, škola",49.91364,17.024206
"Karlova Studánka, dolní parkoviště",50.07386623,17.31164448
"Horka n.Mor., Obecní úřad",49.639226,17.209684
"Boskovice, U Kapličky",49.483209,16.673859
"Mohelnice, Květín, rozc.",49.806358,16.9074
"Olomouc, Radíkov, zahrádky",49.635461,17.357677
"Šumperk, ul.8.května 3.ZŠ",49.966213,16.992694
"Hlubočky, Obuv",49.622989,17.401828
Velenov,49.48702,16.7325
"Přáslavice, rozc.Mariánské Údolí",49.587985,17.391742
"Olomouc, U Kovárny",49.596484,17.228196
"Žulová, aut.st.",50.308498,17.09776
Bludov,49.92780686,16.93893801
"Přerov, Lýsky",49.480589,17.456767
Břest,49.348947,17.455354
"Lutín, Sigma",49.555704,17.144586
Vřesovice,49.40182,17.139136
"Lipník n.Bečvou, Hranická-škola",49.528784,17.597794
"Určice, hřbitov",49.430587,17.079343
"Prostějov, Čechovice",49.466908,17.076179
"Určice, has.zbroj.",49.429141,17.072758
"Oskava, Václavov, rozc.Libina",49.904646,17.09368
"Malá Morava, Vojtíškov, mlýn",50.091875,16.874425
"Bratrušov, obchod",50.009031,16.949111
"Vikýřovice, rozc.k letišti",49.964536,17.019458
"Olomouc, FN U lékárny",49.58316,17.239266
"Uhelná, hor.část",50.357601,17.020259
"Uničov, pekárna",49.774713,17.104117
Srbce,49.303527,17.229633
"Velké Kunětice, rest.",50.317111,17.265384
"Přerov, Šířava SOU",49.452172,17.454733
"Litovel, Rozvadovice, rozc.",49.675021,17.090413
"Písečná, rozc.",50.272659,17.250846
"Litovel, Nová Ves, rozc.",49.683457,17.022439
"Konice, Ladín, rozc.0.8",49.603984,16.873379
"Horní Studénky, rozc.",49.952468,16.812146
"Bystrovany, Horizont",49.602449,17.32436
"Hranice, ZZN",49.561944,17.734426
"Prostějov, Vrahovice, střed",49.478177,17.140293
"Tovačov, Dopravní stavby",49.411626,17.303972
"Pavlov, hřbitov",49.7441,16.886153
"Zábřeh, Motel",49.885157,16.8875
"Litovel, Tři Dvory, obchod",49.713251,17.10562
Stařechovice,49.532838,17.053901
"Horní Štěpánov, točna",49.547127,16.789944
"Šumperk, Revoluční obchodní dům",49.966535,16.97784
"Štěpánov, u Salvie",49.676673,17.226338
"Bystřice p.Host., aut.st.",49.399543,17.666049
"Velká Štáhle, rest.",49.92966955,17.35658192
"Holčovice, Spálené, točna",50.1575011,17.4484025
"Zlaté Hory, Velamos",50.268195,17.394595
"Malhotice, ZD",49.485705,17.759851
"Újezd, žel.st.",49.774864,17.187281
Stínava,49.495876,16.930801
"Kobylá n.Vidnavkou, kult.dům",50.339611,17.118946
"Šternberk, Dolní Žleb, autocamp",49.747645,17.305116
Nové Losiny,50.11635522,17.00546587
"Břidličná, Vajglov, sídliště",49.89045719,17.35920634
"Zlaté Hory, Rejvíz, zotavovna",50.229267,17.297654
"Hranice, sídl.CVH",49.558618,17.751068
"Potštát, Kyžlířov, točna",49.637499,17.674755
"Libina, u Lišáka",49.889549,17.073009
"Lipník n.Bečvou, žel.st.",49.528776,17.572869
"Sušice, osada Kudlov",49.491377,17.552696
"Bratrušov, škola",50.013929,16.949002
"Paseka, kult.dům",49.79625,17.222059
Střeň,49.69722605,17.156894
"Troubelice, žel.st.",49.804856,17.075754
"Kralice na Hané, Hrubčická",49.460282,17.184678
"Moravičany, most",49.755847,16.96226
Komňátka,50.00949068,16.89723374
"Suchdol, točna",49.546626,16.898736
"Vrbátky, Dubany",49.515294,17.190101
"Přerov, nem.brána",49.456523,17.471723
Čelčice,49.411849,17.19138269
"Uničov, Brníčko, Jednota",49.771792,17.140705
"Tršice, Vacanovice, náves",49.544247,17.389864
"Malé Hradisko, Okluky",49.498518,16.90741
"Přílepy, u zámku",49.320989,17.613318
"Daskabát, hor.zast.",49.578517,17.452984
"Litovel, Savín, náves",49.675294,16.986132
"Jestřebí, ObÚ",49.852751,16.86476
"Javorník, Zálesí rozc.",50.375074,16.957766
"Blazice, mlýn",49.449134,17.635165
Kožušany,49.54031211,17.24998407
"Vyšehoří, u kaple",49.932591,16.87996
"Nová Hradečná, Hradec",49.839546,17.098791
Milotice n.Bečvou,49.5342363,17.83549694
"Kojetín, Padlých hrdinů",49.340945,17.311764
"Šternberk, Jesenická",49.736229,17.294501
"Jeseník, u rybníčku",50.223761,17.191038
"Bohutín, hasičárna",49.952378,16.876387
"Javorník, aut.st.",50.390555,17.000203
"Libina, hor.škola",49.894961,17.067703
Branná,50.14691694,17.01504611
"Olomouc, Řepčín, železárny",49.612313,17.225724
"Jindřichov, pohostinství",49.645116,17.747973
"Písařov, točna",50.002912,16.802987
Vincencov,49.406029,17.06413
"Olomouc, Tomkova",49.604227,17.239512
"Uničov, sídl.Pionýrů",49.767455,17.112602
"Želatovice, ZD",49.442173,17.50586
"Lipník n.Bečvou, Za vodou",49.517468,17.589485
"Šumperk, Jesenická žel.st.",49.962393,16.98345
"Smržice, pohostinství",49.5074,17.10305
"Bělá p.Prad., Videlský kříž",50.114894,17.243744
"Dub n.Mor., nám.",49.481994,17.277777
Benešov,49.508778,16.767474
"Litovel, Nasobůrky, prům.zóna",49.69407,17.050808
"Přerov, Čechova EMOS",49.451849,17.456261
"Bělkovice-Lašťany, Lašťany, pod lipami",49.672932,17.31684
"Skalička, točna",49.516408,17.795659
"Šumperk, Temenice Hasičský dům",49.977615,16.951054
"Hynčina, Křižanov, zast.",49.836543,16.794955
"Klopina, rest.",49.814326,17.019511
"Drahanovice, žel.st.",49.58168,17.079001
"Olomouc, Droždín, Horní Úlehla",49.612817,17.334195
"Malá Štáhle, rozc.",49.95027,17.33677
"Černá Voda, lom",50.300921,17.133415
"Určice, pošta",49.430358,17.07375
"Stříbrnice, státní",49.326989,17.245496
Vlaské,50.087463,16.900161
"Mohelnice, Libivá, rest.",49.797636,16.914193
"Jindřichov, Skalka",49.638614,17.753606
"Drahanovice, Střížov, čekárna",49.583108,17.059449
"Lesnice, náves",49.883548,16.940865
"Žulová, Tomíkovice, žel.st.",50.326174,17.104912
"Hranice, Drahotuše, Prefa",49.552535,17.70589
Moravičany,49.75830011,16.96843528
"Prostějov, Okružní křiž.Určická",49.46408,17.103088
"Šumperk, Jiřího z Poděbrad 24",49.970314,16.97308
Pavlovice u Kojetína,49.302014,17.212125
"Přerov, Svépomoc III",49.457213,17.441306
Bohutín,49.95167597,16.87602133
"Olomouc, Okresní soud",49.591857,17.249545
"Javorník, rozc.k žel.st.",50.394294,17.012514
"Suchdol, Jednov, žleb",49.542638,16.880642
"Řídeč, točna",49.765768,17.258245
"Hustopeče n.Bečvou, Poruba, dvůr",49.539229,17.908832
"Loštice, nám.",49.744532,16.928278
"Bílovice-Lutotín, Lutotín, rozc.",49.522969,17.03597
"Mohelnice, nákladní vrátnice",49.777034,16.940076
"Uhelná, Nové Vilémovice, konečná",50.332999,16.986675
"Lutín, Třebčín, žel.st.",49.548808,17.117589
"Loštice, Vlčice, Markrabka",49.727456,16.896833
"Prostějov, Okružní",49.463765,17.110793
"Dlouhá Loučka, Valš.Důl, točna",49.836166,17.211835
"Hranice, Oseva",49.566891,17.730741
Cholina,49.65817337,17.06102889
"Olomouc, Erenburgova",49.599529,17.232164
"Dlouhá Loučka, u spálené hospody",49.811867,17.166425
"Jeseník, nemocnice",50.227403,17.198053
"Pavlov, Veselí, Vacetín rest.",49.741766,16.851516
"Pavlov, Zavadilka, rozc.Pavlov",49.74585,16.868084
"Vikýřovice, nové sídliště",49.972811,17.008656
"Konice, stř.SÚS",49.589211,16.907042
"Olomouc, Klášterní Hradisko",49.604502,17.264114
"Ústí, hřiště",49.518025,17.76704
"Mořice, sokolovna",49.330909,17.196161
Loučná n.Desnou-Rejhotice,50.08906355,17.09118757
"Lipová-lázně, rest.Selská světnička",50.228784,17.159534
"Šumperk, Reissova 27",49.977133,16.976907
"Kolšov, rest.",49.904039,16.946166
"Borušov, odb.",49.771546,16.728854
"Lipová, Hrochov, u rybníka",49.531367,16.86748
"Pěnčín, ObÚ",49.568462,17.007113
Moravský Karlov,50.025703,16.75322
"Pavlov, Veselí, Vacetín rozc.k mysl.",49.740304,16.844676
"Zlín, Kostelec, přehrada",49.26499665,17.69101108
"Mohelnice, hřbitov",49.773278,16.93695
"Bílsko, náves",49.644668,17.018229
"Soběchleby, škola",49.476617,17.656453
"Přerov, Čekyně, škola",49.492521,17.427111
"Bušín, Hartíkov, rozc.",49.994573,16.836168
"Červenka, podjezd",49.726986,17.082137
"Otinoves, pomník",49.420717,16.871166
"Jestřebí, Pobučí, kult.dům",49.843619,16.853676
"Velké Losiny, žel.zast.",50.03973,17.0548
"Šternberk, Dolní Žleb, rybník",49.75621,17.31498
"Haňovice, ZD",49.683927,17.043491
Raškov,50.0402607,16.91260523
"Šumperk, aut.st.",49.961965,16.981145
"Opava, Nákladní",49.9417319,17.9005561
"Přerov, KAUFLAND",49.463603,17.443796
"Pavlov, ObÚ",49.742479,16.879292
"Tršice, Přestavlky, křiž.",49.538218,17.378166
Horní Lipová,50.22459929,17.08343084
"Fryšták, Holešovská",49.29123267,17.67494161
"Olomouc, Černovír",49.618162,17.258069
"Prostějov, Krasice, rozc.",49.472248,17.08737
"Jeseník, lékárna",50.226028,17.199791
"Mrsklesy, kulturní dům",49.601802,17.400489
Olomouc-Řepčín,49.61646011,17.22403725
"Jindřichov, Habartice, č.61",50.111212,16.965001
Hrubá Voda-Smilov,49.69056795,17.4429248
"Štěpánov, Mor.Huzová, Benátky",49.673746,17.240127
"Lipník n.Bečvou, Husova",49.529194,17.596611
"Tvrdkov, Ruda, rest.",49.8628189,17.1876981
"Litultovice, točna",49.90415262,17.75083428
"Holešov, Sfinx",49.324758,17.548947
"Skřípov, hor.konec",49.586356,16.824877
"Strukov, rest.",49.731597,17.17706
"Olomouc, Lékařská fakulta",49.587649,17.23757
"Mohelnice, Řepová, obchod",49.812076,16.859329
"Horní Loděnice, u váhy",49.770484,17.374159
"Bratrušov, rest.U rychty",50.00361,16.950837
"Oskava, Mostkov, rozc.Václavov",49.888882,17.125694
"Mohelnice, PENNY MARKET",49.777427,16.921802
"Dlouhomilov, Medelské",49.901162,16.994703
"Šumperk, Temenická 33",49.969411,16.964351
"Přerov, Velká Dlážka",49.460028,17.442193
"Stará Ves, rest.",49.37851,17.487329
Dřínov,49.291172,17.233904
"Velký Týnec, Na Návsi",49.551883,17.336841
"Lužice, nám.",49.715788,17.259722
"Olomouc, Holice",49.570722,17.296279
"Brno, ÚAN Zvonařka",49.18581459,16.61662525
"Olomouc, Neředín, krematorium",49.595407,17.21714
"Jedlí, U Rýznarů",49.931913,16.801515
"Příkazy, žel.st.",49.638015,17.146041
Zlaté Hory,50.25935193,17.38323328
"Olšany u Prostějova, Hablov, rest.",49.529202,17.181306
"Dolní Studénky, Králec",49.939744,16.983264
"Uničov, Nová Dědina, rozc.",49.796975,17.113038
"Protivanov, ZŠ",49.480579,16.835145
"Bouzov, Obectov, pož.zbroj.",49.719542,16.932252
"Kobylá n.Vidnavkou, škola",50.343544,17.124924
"Zábřeh, Na Křtaltě",49.877023,16.886779
"Olomouc, Řepčín, Máchova",49.608414,17.228552
"Hranice, Fuskova prom.",49.536543,17.740739
"Hlubočky, Mariánské Údolí, Lesní",49.62100517,17.3955385
"Přerov, Lověšice, hřbitov",49.429334,17.456951
"Plumlov, Soběsuky",49.462485,16.995934
"Žďárná, škola",49.46818252,16.76065611
"Sušice, škola",49.485626,17.537429
"Prostějov, Sportovní",49.481702,17.108212
"Šternberk, Dvorská",49.73221,17.299174
"Hvozd, Vojtěchov, rozc.",49.645503,16.930118
"Němčice n.Hanou, žel.st.",49.344549,17.216444
Vysoké Žibřidovice,50.1164706,16.9376452
"Petrov n.Des., u konečné žel.st.",50.01756,17.067938
"Dolní Studénky, Třemešek",49.946899,17.001802
"Staré Město, Stříbrnice, Kralická chata",50.177749,16.917266
"Olomouc, Andělská",49.568778,17.260871
"Mikulovice, rozc.",50.302004,17.328946
"Prostějov, Trpínky",49.476577,17.155906
"Březová, Gručovice, rozc.",49.7735667,17.8634886
Prostějov místní n.,49.47895536,17.11139422
"Oskava, Bedřichov, Dlouhá voda",49.92144,17.148944
"Písečná, u lávky",50.265747,17.271017
"Hvozd, Vojtěchov",49.651498,16.90845
"Smržice, ZŠ",49.504112,17.101236
"Moravičany, Doubravice",49.746072,16.974635
Kouty n.Desnou,50.0989369,17.10489765
"Kroměříž, Milíčovo nám.",49.296571,17.390612
"Bernartice, Buková",50.366418,17.076476
"Rokytnice, žel.st.",49.4616193,17.37401548
Konice,49.59148189,16.88378227
"Jakartovice, Deštné, rozc.",49.89672567,17.68093021
"Hradčany-Kobeřice, Hradčany, dol.konec",49.364219,17.127745
"Litovel, Papcel",49.71204405,17.07515798
"Olomouc, U zlaté koule",49.59674,17.235744
"Ludmírov, Ponikev",49.625767,16.884531
"Soběchleby, Záhumení",49.478146,17.648807
"Potštát, Boškov, rozc.",49.62794,17.62207
"Potštát, Boškov, točna",49.624609,17.618503
"Medlov, Králová, náves",49.769193,17.034972
"Jeseník, Lázně, Priessnitz",50.241532,17.188454
Ochoz,49.599728,16.917181
"Senice na Hané, Cakov, rest.",49.626614,17.025882
"Hranice, Slavíč, škola",49.542171,17.655985
"Oskava, Třemešek, zast.",49.912466,17.126458
"Prostějov, Floriánské nám.",49.473808,17.107076
"Rapotín, Jesenická",50.00580965,17.02571627
"Prostějov, Valenty ZŠ",49.48086,17.113232
"Újezd, Rybníček, rozc.",49.764765,17.196785
"Kojetín, Popůvky, Jednota",49.331144,17.299221
"Lazníky, Svrčov",49.545513,17.478688
"Moravičany, náves",49.758061,16.957745
Mladeč jeskyně,49.70287488,17.01443999
"Přerov, Kojetínská TESCO",49.449852,17.444673
Lipovec,49.382792,16.807666
"Velké Losiny, škola",50.040752,17.049845
"Přerov, Přer.stroj.Henčlovská brána",49.444158,17.43087
Mladějovice,49.75831124,17.23535281
"Svébohov, obchod",49.919842,16.839644
"Bochoř, lázně",49.419788,17.427975
"Rapotín, u hřiště",49.99985768,17.01699767
"Prostějov, Olomoucká",49.479797,17.118746
"Velký Újezd, Lapač",49.574367,17.481609
"Teplice n.Bečvou, žel.st.",49.529624,17.748203
"Hranice, Středolesí, kostel",49.600075,17.635551
"Dzbel, Borová",49.615652,16.839996
"Hlubočky, ObÚ",49.629936,17.403189
"Mrlínek, křiž.",49.426112,17.684023
"Dlouhá Loučka, Plinkout, Jednota",49.837933,17.168915
"Norberčany, náves",49.75456,17.505921
"Loštice, Žádlovice, zámek",49.745809,16.910708
"Bludov, u radnice",49.94513,16.925008
"Střítež n.Ludinou, škola",49.60898,17.738766
Samotíšky,49.625588,17.326698
"Bouzov, Kadeřín, náves",49.669945,16.892069
"Červená Voda, odb.Moravský Karlov",50.02561,16.745225
"Bělotín, Nejdek, Sv.Jan Nepomucký",49.613929,17.779587
"Hranice, Drahotuše, žel.st.",49.552499,17.684201
"Olomouc, Řepčínská",49.606251,17.235294
"Křenovice, důl",49.330673,17.275041
"Lazníčky, Pančava",49.548581,17.468966
"Blatec, náves",49.526451,17.239553
Měrovice n.Hanou,49.34385292,17.24711035
"Hynčina, rest.",49.852034,16.783019
"Hanušovice, Potraviny",50.07742,16.932618
"Grygov, u parku",49.538788,17.308753
"Olomouc, Pod Letištěm",49.591702,17.200422
"Žulová, Tomíkovice, MŠ",50.335596,17.110189
Štěpánov,49.67095696,17.22122324
"Vidnava, záv.",50.369149,17.176703
"Olšovec, lom",49.597972,17.710009
"Olomouc, Šibeník",49.596737,17.237056
"Zábřeh, rozc.Kouty",49.885149,16.860654
"Jakartovice, Bohdanovice, střed",49.89937685,17.64098334
"Bludov, lázně",49.943081,16.908645
"Litovel, Unčovice, škola",49.665759,17.104051
"Velký Týnec, Vsisko, rozc.",49.553557,17.316514
Bernartice u Javorníka,50.39663251,17.08158279
"Olomouc, Za Poštou",49.582441,17.256688
"Protivanov, tábor Metra",49.471374,16.814855
"Huzová, sad",49.825432,17.307464
Brodek u Prostějova,49.370452,17.091073
"Olomouc, Dlouhá",49.600729,17.257631
Štarnov,49.68454171,17.28494121
"Boskovice, Sušilova ZŠ II",49.486062,16.663924
"Lipová-lázně, obchod",50.222619,17.105407
"Bílá Lhota, Pateřín, rozc.",49.707892,16.976493
"Držovice, kostel",49.491182,17.13459
Drahotuše,49.55240077,17.68233059
"Moravičany, žel.st.",49.758293,16.967641
"Kralice na Hané, U háje",49.465562,17.15453
"Úsov, Bezděkov, škola",49.837013,16.996774
"Senička, rest.",49.632366,17.055888
"Hranice, Čs.armády",49.548258,17.730373
"Česká Ves, ObÚ",50.251781,17.222051
"Laškov, čekárna",49.583373,17.003618
"Týn n.Bečvou, točna",49.521751,17.62812
"Hlubočky, Posluchov, náves",49.632976,17.393489
"Olomouc, Slavonínská",49.570603,17.252997
"Kralice na Hané, ObÚ",49.463194,17.180024
"Bouzov, Podolí, hala",49.706182,16.929059
"Horní Moštěnice, ZD",49.407994,17.461463
"Skorošice, Horní Skorošice, obchod",50.308768,17.083614
"Uničov, poliklinika",49.767044,17.120367
"Vápenná, ObÚ",50.283131,17.097507
"Troubelice, u kaple",49.81761533,17.08180405
"Přerov, Předmostí, Sportovní",49.468487,17.442222
"Plumlov, Žárovice",49.461917,16.985036
"Jakubovice, hor.konec",49.995867,16.824322
"Brodek u Konice, Lhota u Konice",49.557278,16.857383
"Jaroměřice, hřiště",49.627606,16.74633
"Staré Město, Stříbrnice, obchod",50.179148,16.901498
"Město Albrechtice, kult.dům",50.1702461,17.5587981
"Tršice, Hostkovice, náves",49.54878,17.374353
"Paseka, sanatorium",49.810831,17.221627
"Vernířovice, Sedm Dvorů, hájenka",50.042137,17.130506
"Uničov, Dětřichov, náves",49.735741,17.124245
"Šumvald, Břevenec, u háje",49.86702,17.134624
"Pavlov, Veselí, rest.",49.730227,16.846695
"Prostějov, Plumlovská",49.472447,17.101143
"Drahanovice, Lhota p.Kosířem",49.564834,17.05085
"Velká Kraš, rozc.",50.364153,17.146218
"Olomouc, Frajtovo nám.",49.612919,17.256173
"Přemyslovice, sokolovna",49.562528,16.963889
"Rajnochovice, Troják",49.353589,17.812723
"Olomouc, Slavonín, Cihelna",49.560723,17.242378
"Přerov, Tř.gen.Janouška",49.451997,17.468441
"Biskupice, hřbitov",49.458829,17.232573
Slatinice,49.5670651,17.10901965
"Dolany, Pod Kartouzkou",49.652611,17.333648
"Dolany, Dolánky, rozc.",49.65106,17.310712
"Rýmařov, Janovice, zámek",49.94764227,17.25143079
"Dlouhá Loučka, radnice",49.817917,17.188705
Horka n.Moravou,49.63761644,17.20155166
Lipina,49.742371,17.323439
"Věrovany, křiž.u pošty",49.463879,17.290927
"Žerotín, u kaple",49.724222,17.187603
"Přerov, Seliko",49.446689,17.438701
"Bruntál, nemocnice",49.99388,17.47155
"Přerov, rozc.k letišti",49.440477,17.407161
Velká Bystřice,49.59344858,17.34502969
"Zábřeh, Hněvkov, zahrádky",49.866354,16.822281
"Olomouc, U botanické zahrady",49.58426,17.249334
Valchov,49.471462,16.719315
"Olomouc, hl.nádr.",49.592798,17.27737
"Dobrčice, rest.",49.402042,17.480232
Olomouc hl.n.,49.59261216,17.27828002
"Mladeč, Sobáčov, rest.STOP",49.694495,17.037163
"Holčovice, Spálené, rest.",50.1599467,17.4588147
"Rejchartice, u mostu",50.024674,16.980025
Lešany,49.499697,17.023208
"Střeň, žel.st.",49.697593,17.156552
Šumperk,49.96186873,16.98287861
"Litovel, Žerotínova",49.707419,17.080089
"Vikýřovice, rozc.Nový Malín",49.964137,17.040673
"Ruda n.Mor., u kostela",49.982421,16.87886
"Krumsín, u kostela",49.445393,17.002576
"Šumperk, Štefánikova Lékařský dům",49.962534,16.976085
"Gruna, odb.",49.769766,16.739768
"Hranice, Pod farou",49.545362,17.734652
"Kostelec na Hané, Za branou",49.517467,17.053279
"Olomouc, Hněvotínská",49.58594,17.231236
"Hynčina, Dlouhá Ves",49.829568,16.796006
"Klenovice na Hané, ZŠ",49.405636,17.209698
"Šternberk, Dlouhá",49.727087,17.277338
"Hranice, Máchova",49.559517,17.73184
"Uničov, Nová Dědina, rest.",49.798664,17.12388
"Mikulovice, Myslivecká louka",50.284341,17.291163
"Vranovice-Kelčice, Kelčice",49.400533,17.111891
"Cotkytle, garáž",49.933723,16.730604
"Staré Město, Chrastice, točna",50.136037,16.930004
"Hranice, Sady",49.540868,17.736315
"Mírov, zast.",49.800594,16.852393
"Hanušovice, Potůčník, záv.",50.079256,16.96288
"Budětsko, pod Slavíkovem",49.58453,16.940121
"Lipník n.Bečvou, Osecká-škola",49.526147,17.580063
"Blatec, rozc.",49.529364,17.25152
"Mohelnice, Studená Loučka, motorest",49.772318,16.820083
"Česká Ves, konečná",50.265396,17.241982
"Sobotín, Rudoltice, Rychta",49.989405,17.10134
"Hanušovice, kamenolom",50.08826,16.920608
"Fulnek, žel.st.",49.71436233,17.91180901
Hlubočky zast.,49.62556336,17.40331354
"Víceměřice, rozc.0.1",49.342996,17.16238643
"Litovel, Chudobín, pošta",49.688701,17.036591
"Přerov, Kopaniny, výstaviště",49.460421,17.450723
"Boskovice, Podlesí",49.482282,16.685366
"Ludmírov, Milkov",49.656674,16.878857
"Velké Losiny, bytovky",50.041782,17.053874
"Libina, nám.1.máje",49.897983,17.063556
"Bludov, dol.konec",49.93426,16.92775
"Bernartice, č.7",50.374435,17.071354
"Loučná n.Des., Kouty n.Des., most",50.103053,17.136559
"Ruda n.Mor., č.221",49.975363,16.870862
"Jívová, Olomoucká",49.704848,17.389091
Stavenice,49.787595,16.971083
"Ruda n.Mor., Hrabenov, rozc.k myslivně",49.979816,16.927196
"Brodek u Konice, sušička",49.55938,16.819065
"Čelechovice na Hané, Světničky",49.51789,17.087358
"Prostějov, Brněnská křiž.Krokova",49.467891,17.111479
"Šubířov, Chobyně, rozc.1.0",49.61964,16.82824
Lupěné,49.86790102,16.84104811
"Nahošovice, Šebestián",49.429466,17.578483
"Kelč, Němetice, čekárna",49.50176,17.840283
"Lipník n.Bečvou, u kláštera",49.525068,17.58325
"Hulín, nám.",49.316564,17.466088
"Tovéř, kult.dům",49.639266,17.319373
"Mladeč, Vápenka",49.701959,17.008469
"Holešov, Količín, rozc.",49.322898,17.531924
"Přerov, Jižní čtvrť",49.4418,17.457047
"Protivanov, pila",49.476123,16.826368
"Staré Město, nám.",50.162157,16.946872
"Hraběšice, konečná",49.978612,17.085901
"Prostějov, Hřbitov",49.45545,17.112067
"Olomouc, Tyfloservis",49.579775,17.232816
"Držovice, hl.zast.",49.49024575,17.12849973
"Loštice, Vlčice, rest.",49.736958,16.906576
"Senice na Hané, pož.zbroj.",49.625646,17.088575
"Šumperk, Šumavská stř.odb.škola",49.971756,16.966441
"Šternberk, hřbitov",49.72473,17.275134
"Horní Újezd, točna",49.448502,17.72615
"Loštice, Vlčice, zast.",49.734467,16.902546
"Pavlovice u Přerova, Prusinky",49.474093,17.560832
"Kostelec u Holešova, nám.",49.375033,17.512752
"Slatinice, Lípy, rozc.u studánky",49.543586,17.103646
"Šubířov, Chobyně",49.62149,16.815379
"Zábřeh, Sladovna záv.",49.880998,16.87152
"Olomouc, Dvořákova",49.589242,17.238827
"Dub n.Mor., Tučapy, náves",49.489373,17.274029
"Olomouc, Topolany",49.585477,17.178592
"Vikýřovice, žel.zast.",49.977185,17.013498
"Štíty, Crhov, rozc.",49.936667,16.764777
"Liboš, u mostu",49.687534,17.225633
"Hlubočky, Mariánské Údolí, sídl.",49.62390112,17.39876572
"Týn n.Bečvou, u rybníka",49.519771,17.623212
"Rýmařov, Jamartice, rest.",49.9377577,17.32122375
Babice u Šternberka,49.74106682,17.26866045
Obědkovice,49.39738,17.226381
"Hrdibořice, vodárna",49.475187,17.235043
Horní Štěpánov,49.549445,16.79084497
"Libina, Svazarm",49.874276,17.086362
"Zábřeh, Pod Račicí",49.886373,16.851609
"Nemile, Lupěné, křiž. Jestřebí",49.859613,16.843355
"Provodovice, rozc.",49.45161,17.765772
Bezměrov,49.32694,17.334584
"Huzová, rest.",49.821655,17.298894
"Přerov, Přer.stroj.hl.brána",49.441823,17.439745
Hlásnice,49.752502,17.292705
"Malá Morava, Sklené, konečná",50.121146,16.840074
"Uničov, aut.st.",49.773759,17.11773
"Uničov, UNEX",49.778291,17.142692
"Uničov, žel.st.",49.77883,17.116302
"Supíkovice, Národní dům",50.301248,17.257926
"Sobotín, zdrav.stř.",50.021346,17.078492
"Březová, Lesní Albrechtice, střed",49.8076786,17.8644578
"Želatovice, rozc.",49.445334,17.502436
"Drahanovice, Kníničky, rozc.",49.576587,17.059633
"Prostějov, A.S.A.",49.467945,17.132752
"Náklo, Lhota n.Mor., náves",49.675805,17.143983
"Hluchov, rozc.Čechy p.Kosířem",49.543527,16.995164
"Uničov, Dolní Sukolom, rest.",49.789359,17.134429
"Jezernice, kostel",49.547235,17.625482
"Polkovice, rest.",49.391107,17.259415
"Jezernice, os.Familie",49.53579263,17.63409791
"Cholina, nám.",49.656297,17.054025
"Olomouc, FN Ředitelství",49.585739,17.240181
"Huzová, mlýn",49.8136,17.29168
"Město Albrechtice, rozc.Burkvíz",50.1458369,17.5806064
Mikulovice,50.30248277,17.32025669
"Zlaté Hory, Ondřejovice, rest.",50.263624,17.354186
"Příkazy, Hynkov, rest.",49.66911,17.173283
"Velké Kunětice, st.hr.",50.32959168,17.25425096
"Šumperk, ul.gen.Krátkého uč.škola",49.97329,16.977767
"Přerov, kino Hvězda",49.450737,17.454807
"Velká Bystřice, radnice",49.593399,17.360102
"Bělotín, Kunčice, střed",49.566567,17.801099
"Veselíčko, rest.",49.532493,17.50965
"Přerov, Čekyně, dolní konec",49.49839,17.422272
Kobylá n.Vidnavkou,50.33831795,17.12523565
"Kelč, rozc.",49.478208,17.822104
"Libina, pálenice",49.856603,17.116535
"Dolany, Véska, Dolní bouda",49.669566,17.36154
"Mostkovice, rozc.VOP",49.477357,17.043665
"Prostějov, Újezd",49.471454,17.117476
"Bruntál, Dukelská",49.99142627,17.46750108
"Moravský Beroun, nám.",49.793703,17.441482
"Vrchoslavice, kostel",49.333139,17.218891
"Šumperk, Lesostavby",49.957979,16.992142
"Štíty, nový záv.",49.965183,16.758519
"Prostějov, Domamyslice",49.467354,17.067275
"Litovel, Myslechovice, křiž.",49.676655,17.047972
"Jeseník, Lázně, bytovky",50.23639,17.188526
"Hanušovice, Žleb, rozc.",50.088353,16.914266
"Loučná n.Des., ObÚ",50.07185,17.090253
Hrdibořice,49.478058,17.219921
"Bludov, škola",49.944677,16.92359
"Bělotín, rozc.Nejdek",49.59421,17.807316
"Horní Město, Skály",49.91401834,17.22642772
"Hlubočky, Mariánské Údolí, potraviny",49.617451,17.394671
"Dolní Životice, U Sušárny",49.90630131,17.77954995
"Vikýřovice, vodní nádrž",49.966048,17.032831
"Skorošice, rozc.Dol.Skorošice",50.318765,17.095469
"Konice, ZŠ",49.593927,16.889154
"Bouzov, Podolí, v Boří",49.702675,16.942586
"Lipník n.Bečvou, stadion Míru",49.523786,17.573555
Dzbel,49.613448,16.848638
"Olomouc, Staškova",49.578669,17.298815
"Olomouc, Na Letné",49.600492,17.262436
"Brníčko, rozc.",49.891296,16.961524
"Fulnek, nám.",49.7122992,17.9031531
"Oskava, hor.záv.",49.900222,17.132351
"Hrabišín, náves",49.915349,17.032793
"Citov, Jednota",49.46992,17.326111
"Petrov n.Des., žel.st.",50.000915,17.030202
"Vranovice-Kelčice, Vranovice",49.403382,17.100384
"Ptení, Ptenský Dvorek, rest.",49.530707,16.953444
"Medlov, čekárna",49.78718,17.060754
"Hněvotín, WANZL",49.569421,17.188655
"Písečná, žel.st.",50.277832,17.257753
Uničov zast.,49.77754522,17.14483474
"Rokytnice, náves",49.465574,17.388939
"Skalička, škola",49.51837,17.793979
"Bělá p.Prad., Filipovice, Stará pošta",50.156671,17.172161
"Olomouc, Na Rohu",49.611382,17.287396
"Olomouc, Droždín, u cihelny",49.614543,17.328943
Rokytnice u Přerova,49.46084354,17.3736346
"Bystrovany, škola",49.596594,17.323762
"Olomouc, Civilní obrana",49.597534,17.298824
"Želatovice, náves",49.444807,17.503575
Raková u Konice,49.607565,16.950231
"Majetín, rest.",49.497884,17.333566
Jívová,49.71017992,17.44213203
"Hranice, Nová ul.",49.559207,17.747088
"Prostějov, koupelky",49.466441,17.090418
"Velké Kunětice, škola",50.325872,17.263804
Králíky,50.080606,16.7562
"Hranice, Hviezdoslavova",49.556364,17.729866
"Přerov, aut.st.",49.44684,17.448413
"Litultovice, střed",49.90419,17.75072
"Olomouc, aut.nádr.",49.58813,17.2857
Blatec,49.52546256,17.24614409
"Plumlov, Hamry",49.470747,16.968799
"Olomouc, Droždín, dol.konec",49.617233,17.328931
"Kroměříž, Kojetínská",49.300946,17.385696
Plumlov,49.465838,17.015255
"Čelčice, žel.st.",49.411427,17.191127
Špičky,49.53679036,17.81288936
"Bělá p.Prad., Domašov, kostel",50.189631,17.194744
"Písařov, u Davidů",49.996936,16.803533
"Oskava, Bedřichov, konečná",49.937115,17.158956
"Loštice, Metrie",49.748695,16.934324
Hranice na Moravě m.,49.54578185,17.74182335
"Pňovice, ObÚ",49.720719,17.160597
"Suchdol, Jednov, Na pořadí",49.547682,16.874518
"Mikulovice, Kolnovice, Terezín rozc.",50.313465,17.298493
"Němčice n.Hanou, Novosady",49.343525,17.203626
"Ruda n.Mor., Hostice, Pustá",50.008512,16.87109
Jablůnka,49.3767439,17.94737872
"Potštát, aut.st.",49.635754,17.651608
"Přerov, Lověšice, točna",49.425854,17.449501
"Radkova Lhota, Lhotsko, rozc.",49.451877,17.63036
"Bělá p.Prad., vodopády",50.136577,17.210248
Myslejovice,49.407122,17.030555
"Jindřichov, Habartice, č.82",50.113025,16.973099
"Vyškov, žel.st.",49.27808002,16.99208201
"Prostějov, Vrahovice, Hanačka",49.479956,17.146544
Nové Sady,49.408876,16.901849
"Oskava, Bedřichov, L.S.",49.927091,17.153112
"Vyškov, Remagg",49.29042679,17.01056968
"Křenovice, rest.",49.327616,17.270106
"Jeseník, Lipovská",50.226314,17.192533
"Býškovice, Obecní dům",49.46773343,17.71731282
"Mrsklesy, Kovákov",49.606515,17.397027
"Hranice, Wienerberger",49.56212916,17.75809745
"Úsov, Bezděkov, rest.",49.831746,17.000911
"Hranice, Slavíč, rest.",49.541173,17.656836
Rájec,49.857359,16.901756
"Zlaté Hory, RD",50.224493,17.404819
"Olomouc, Nový Svět",49.582381,17.274041
"Hlubočky, Dukla",49.645236,17.409664
"Norberčany, Stará Libavá, křiž.",49.778642,17.497629
"Všechovice, U Juhyně",49.458412,17.763049
Nezamyslice,49.324406,17.171851
Potůčník,50.08012365,16.96358277
"Supíkovice, ČMPK",50.293184,17.248583
"Troubelice, u Kropáčů",49.818195,17.078197
"Mohelnice, Pionýrů",49.780892,16.921265
"Oskava, Kauerův mlýn",49.915064,17.143879
"Šumperk, Nezvalova Na vyhlídce",49.973312,16.982563
"Loučná n.Des., Červenohorské sedlo",50.124498,17.153708
"Uničov, Šumperská",49.782242,17.122057
"Prostějov, Za Kosteleckou",49.484733,17.097749
"Horka n.Mor., Sedlisko",49.639861,17.217384
"Vranová Lhota, ObÚ",49.710437,16.825962
"Dlouhomilov, Benkov, lesní správa",49.892367,17.022791
"Nezamyslice, ZŠ",49.327031,17.172426
Hulín,49.316786,17.476202
"Uničov, Střelice, rozc.Renoty",49.749363,17.092188
"Šumvald, u Smrčků",49.828761,17.123471
"Oskava, Nemrlov, rozc.Mostkov",49.87398,17.140215
"Lazníky, náves",49.524087,17.465005
"Hustopeče n.Bečvou, škola",49.530967,17.867273
"Jindřichov, Nové Losiny, rozc.",50.115162,17.006559
"Malá Morávka, zast.",50.01410908,17.31550607
"Držovice, TESCO",49.483565,17.1281
"Ptení, Holubice, rozc.0.3",49.500441,16.942588
"Bernartice, Buková, most",50.356749,17.075976
"Luběnice, náves",49.576107,17.120557
"Kladníky, obec",49.485698,17.603961
"Lipová-lázně, ObÚ",50.227758,17.140347
"Odry, aut.st.",49.66713873,17.83233384
"Kyselovice, náves",49.376274,17.39923
"Bousín, Repechy, rozc.",49.463634,16.868304
"Prostějov, Průmyslová",49.473121,17.133909
"Olomouc, Topolany, křiž.",49.587855,17.179781
Nemilany,49.55873131,17.24429185
"Hrabová, Vitošov",49.860483,16.943624
"Konice, Nová Dědina, Na Pindě",49.581529,16.957432
"Kojetín, Vyškovská",49.350503,17.299411
Horka n.Mor.,49.637027,17.206497
"Horní Nětčice, rozc.",49.469865,17.684074
"Rýmařov, RD dopravní závod",49.93129789,17.29330881
"Mohelnice, Studená Loučka, škola",49.766261,16.817497
"Jevíčko, nám.",49.632608,16.711637
"Ptení, Holubice, Pohodlí",49.50976,16.926274
Postřelmov,49.9101149,16.92300414
"Štěpánov, Březce, kaple",49.667902,17.235235
Hrubá Voda zast.,49.66841783,17.42162475
"Písečná, kino",50.278207,17.261028
"Otaslavice, transformátor",49.3845,17.070855
"Přerov, Předmostí, Dluhonská",49.462865,17.436912
"Lipník n.Bečvou, Podhoří, náves",49.569507,17.627947
"Palonín, u kostela",49.728038,16.953069
"Staré Město, Chrastice, rozc.Hynčice",50.142374,16.935357
"Plumlov, přehrada",49.470969,17.026781
"Střítež n.Ludinou, Skalka",49.613225,17.745378
"Olomouc, Pražská",49.596551,17.231268
"Držovice, Arkáda",49.483512,17.124164
"Černá Voda, hřiště",50.312869,17.160876
"Fryšták, nám.",49.28486651,17.68374028
"Horní Štěpánov, Pohora",49.561355,16.756206
"Věžky, rozc.",49.406469,17.416702
"Štíty, Březná, rozc.",49.971379,16.779356
"Olomouc, Jižní",49.570626,17.247718
"Velké Losiny, kovárna",50.053625,17.054817
"Přerov, Dluhonice, konečná",49.453539,17.410025
"Vlčice, zast.",50.349134,17.05575
"Jakartovice, Hoř.Kunčice, U Mor.Harty",49.87487407,17.59870843
"Hranice, Šromotovo nám.",49.5509687,17.7334193
"Hanušovice, škola",50.075042,16.931809
"Javorník, kulturní dům",50.392391,17.004884
"Pavlovice u Kojetína, Unčice",49.299653,17.205003
"Buk, hasičská nádrž",49.502081,17.469732
"Bělá p.Prad., Domašov, záv.",50.171491,17.195817
Klopotovice,49.445495,17.251103
"Dolany, Nové sady",49.65309,17.350436
"Malá Morava, Vysoký Potok, prodejna",50.086492,16.843608
"Bystročice, Žerůvky, kaplička",49.541649,17.185875
"Žákovice, kult.dům",49.454262,17.659862
"Olomouc, Jablonského",49.607928,17.260014
"Výkleky, čekárna",49.558108,17.477579
"Svébohov, Chaloupky",49.916068,16.839404
Prosenice,49.50302344,17.48496626
"Medlov, Hlivice, náves",49.783583,17.039112
"Mikulovice, prodejna OKAL",50.290055,17.295156
"Hoštejn, pila",49.873869,16.771717
"Vikýřovice, BC MORAVA",49.971192,17.001274
"Město Albrechtice, Hynčice, pošta",50.1794928,17.5241547
"Hranice, CTP přední brána",49.556343,17.715567
"Mikulovice, st.hr.",50.307256,17.34491
"Zábřeh, Nemilská",49.876555,16.863704
"Niva, u mlýna",49.440802,16.855546
Uničov,49.77922587,17.11575866
"Tovačov, U učiliště",49.426103,17.28266
"Sobotín, škola",50.020105,17.077481
"Nový Malín, u křížku",49.936215,17.056785
"Malá Morava, pila",50.093412,16.854333
"Heřmanovice, hřeben",50.2026253,17.4033667
"Malá Morava, u Trundů",50.090107,16.834056
"Skalička, Větřák",49.513017,17.797216
Zvole,49.838408,16.914874
"Skorošice, Nýznerov, kaple",50.291869,17.07775
Jindřichov na Moravě,50.09904872,16.98922136
"Hranice, Albert hypermarket",49.557847,17.749682
"Šternberk, Aleš",49.701237,17.293332
"Domaželice, škola",49.427579,17.545322
"Vrbno p.Prad., Mnichov, Dom.důch.",50.13841777,17.37962015
"Prostějov, Žešov",49.437264,17.11263
"Štíty, samota",49.950455,16.738444
"Benešov, škola",49.5103036,16.7767028
"Vikýřovice, pod Holubím vrchem",49.973783,16.99759
"Šumperk, Rooseveltova 4",49.965699,16.982343
"Olomouc, Zora",49.585956,17.274789
"Rýmařov, 8.května RD",49.93230931,17.28576533
"Přáslavice, Bistro",49.587705,17.387736
"Hradčany, náves",49.452727,17.571561
"Kojetín, Popůvky, most",49.336624,17.294072
"Veselíčko, zámek",49.529887,17.50183
Hoštejn,49.87296642,16.77411348
Česká Ves bazén,50.26001974,17.22818681
"Kladky, Ošíkov",49.655058,16.818967
"Partutovice, lyž.vlek",49.619006,17.706679
Vsetín,49.33520968,17.99394572
"Hanušovice, viadukt",50.06952,16.930087
"Býkov, Láryšov, rozc.Dubnice",0.0,0.0
"Šternberk, Masarykova",49.7255986,17.2902993
"Úsov, nám.",49.799523,17.009943
"Srbce, rozc.",49.296368,17.228268
"Litovel, Chořelice, rozc.",49.68845,17.077617
"Dřevohostice, cukrovar",49.42903,17.585885
"Olomouc, Jílová",49.590345,17.232124
"Bohuslávky, Obecní úřad",49.554991,17.568046
"Dolany, Pohořany, garáž",49.672375,17.377554
"Prostějov, Vrahovice, Vrahovická",49.477163,17.136651
"Olomouc, ČSAD",49.586522,17.29026
"Malá Morava, pošta",50.095571,16.826714
"Veselíčko, u kovárny",49.534655,17.51589
"Norberčany, Stará Libavá, závod",49.774209,17.49758
Vitčice,49.311554,17.239631
Šubířov,49.60173,16.810818
"Slavětín, rest.",49.672878,16.965517
"Horní Město, kult.dům",49.908185,17.2116322
"Kozlov, Slavkov, osada",49.584132,17.565202
"Horní Loděnice, Nové Dvorce",49.763262,17.351534
"Olomouc, Poděbrady",49.623006,17.218677
Čehovice,49.432766,17.178301
"Rozstání, čekárna Na stráni",49.396672,16.848409
"Mikulovice, PLASTFORM",50.294487,17.311539
"Slavkov, škola",49.91897897,17.83624294
Mohelnice,49.77675728,16.94297852
"Hranice, gymnázium",49.552457,17.737561
Roštění,49.366171,17.533258
"Velká Kraš, koupaliště",50.365471,17.16444
"Vlčice, Vojtovice, Nové domky",50.319069,17.033185
"Libina, u kříže",49.865549,17.095934
"Velké Losiny, Maršíkov, rest.",50.036172,17.066914
"Rovensko, rozc.",49.907538,16.878769
"Vikýřovice, pošta",49.983551,17.014554
"Přáslavice, rozc.",49.58689,17.389133
"Stará Červ.Voda, pošta",50.324762,17.196441
"Bludov, zámek",49.940164,16.928218
"Veselíčko, Vicínov",49.527903,17.485791
"Dolní Studénky, kostel",49.930563,16.963687
Mírov,49.798253,16.847778
"Jindřichov, Pekařov, rozc.",50.08168,17.01082
"Dolní Újezd, kostel",49.545768,17.534891
"Loučná n.Des., zámek",50.064553,17.092212
"Rejchartice, rest.",50.028537,16.977821
"Mohelnice, Květín, náves",49.808637,16.894354
"Slatinky, náves",49.549109,17.093394
"Olomouc, Kaufland sklad",49.564083,17.307007
"Věrovany, Rakodavy",49.466709,17.288142
"Malá Morava, u kříže",50.104427,16.825501
Přerov,49.44718028,17.44517888
"Olomouc, Lošov",49.620824,17.362968
"Rokytnice, pálenice",49.464019,17.379853
Bludov lázně,49.94085423,16.90275346
"Černá Voda, u Ševčíků",50.304605,17.142386
"Šumvald, Břevenec, křiž.",49.855957,17.150945
"Šumperk, Krapkova 12",49.959695,16.986983
"Chropyně, hájovna",49.3666,17.385817
"Libina, u rybníčku",49.893395,17.09188
"Bernartice, Horní Heřm., žel.zast.",50.387239,17.107629
Horní Moštěnice,49.41525264,17.45247727
"Olomouc, Na Špici",49.599016,17.27433
"Mostkovice, VOP",49.480317,17.045463
"Nový Malín, u zdrav.stř.",49.944609,17.015959
"Štěpánov, rozc.Krnovská",49.690637,17.205619
"Uničov, TESCO",49.776021,17.120837
"Kralice na Hané, Biskupická",49.460865,17.184915
"Prostějov, Krasice, Moravská",49.466211,17.084104
"Bušín, hřbitov",49.980241,16.831079
"Přemyslovice, obchod",49.55341,16.954142
"Kobylá n.Vidnavkou, polní mlat",50.34915,17.124211
"Moravičany, Mitrovice rozc.",49.741149,16.97397
"Laškov, Krakovec",49.598378,16.990312
"Bušín, č.127",49.972565,16.843191
"Šumperk, Jeremenkova 17",49.965392,16.989044
"Šumperk, Temenice horní kaple",49.983864,16.940744
"Město Albrechtice, Linhartovy, rozc.",50.1339072,17.6185958
"Rohle, hor.zast.",49.869266,17.006843
"Šumperk, Krameriova 4",49.968526,16.989649
"Laškov, Kandia",49.579954,16.99436
Chvalkovice na Hané,49.3212951,17.11133337
"Prostějov, sídl.E.Beneše",49.480349,17.115907
"Hranice, Struhlovsko",49.554625,17.724854
"Blazice, rozc.",49.444076,17.644682
"Tvrdkov, kostel",49.89532682,17.17871276
"Myslejovice, Křenůvky",49.419085,17.019288
"Bělá p.Prad., Adolfovice, most",50.205214,17.196228
"Mohelnice, U Masaryčky",49.77375861,16.91949879
"Dlouhomilov, u Langrů",49.906969,16.991081
"Rozstání, křiž.",49.39728,16.836957
"Dolany, Hanácká zemědělská",49.654976,17.317531
"Hlubočky, Domov důchodců",49.659565,17.408868
"Nový Malín, Mladoňov, náves",49.922135,17.084521
"Nezamyslice, žel.st.",49.336002,17.161247
"Olomouc, Kosmonautů",49.591743,17.274996
"Bruntál, aut.st.",49.985,17.46313
"Vyškov, letiště",49.30246923,17.02223602
"Velké Losiny, Bukovice, konečná",50.074733,17.058625
"Ruda n.Mor., Hostice, dol.zast.",49.991011,16.884184
"Olomouc, Smetanovy sady",49.585503,17.253936
"Dětkovice, kaple",49.415531,17.082106
"Klopina, ObÚ",49.817728,17.018217
"Bystročice, obchod",49.535726,17.191023
"Luká, nám.",49.64929,16.949856
"Hranice, Partyzánská",49.541196,17.73908
"Kosov, rest.",49.88325,16.798643
"Zlaté Hory, žel.st.",50.258551,17.386175
"Holčovice, pošta",50.1568747,17.4855756
"Libina, u Blažků",49.898789,17.060741
Vrbátky,49.50167051,17.19799374
"Medlov, u mostu",49.782965,17.070115
"Zábřeh, Sušilova-škola",49.886485,16.866483
"Horní Studénky, kostel",49.957048,16.806411
"Jeseník, prům.zóna",50.221884,17.179647
"Hustopeče n.Bečvou, Váhala s.r.o.",49.527384,17.875352
"Maletín, kravín",49.800458,16.795486
"Červená Voda, Bílá Voda, žel.zast.",50.016645,16.747162
Hanušovice zast.,50.08921485,16.92011484
"Vranovice-Kelčice, Kelčice, motorest",49.404274,17.106658
"Horní Moštěnice, stadion",49.41685,17.459259
"Gruna, Žipotín",49.771617,16.764734
"Hranice, Drahotuše, autoservis",49.552254,17.711843
"Jeseník, Dětřichov, školka",50.213047,17.225442
"Pěnčín, Zastávka",49.572331,17.004311
Komárov,49.764045,17.24137
"Bernartice, Horní Heřm., statek",50.386967,17.117565
"Zámrsky, čekárna",49.505445,17.83065
"Špičky, rozc.",49.538506,17.81449
"Mohelnice, Zábřežská",49.7807608,16.91820126
Zdětín,49.505007,16.988412
"Těšetice, pošta",49.590736,17.130287
"Přerov, Dluhonice, náves",49.454241,17.414206
"Konice, Čunín",49.56199,16.91258
"Krumsín, u sv.Jana",49.447682,17.000535
Doloplazy,49.35274099,17.1616818
"Nová Hradečná, Hradec, u kaple",49.839146,17.097771
"Kroměříž, Na Lindovce",49.301419,17.379555
"Dobrčice, rozc.",49.398744,17.467895
"Jeseník, sídliště",50.23735659,17.20655943
"Velký Týnec, Čechovice, křiž.",49.551774,17.355879
"Sobotín, č.46",50.000132,17.094494
"Bystřice p.Host., Rychlov, rest.",49.403826,17.649307
"Javorník, Račí údolí rozc.",50.382927,17.01041
"Opatovice, dolní konec",49.504181,17.740126
"Mostkovice, kino",49.472381,17.039889
"Mohelnice, Pod bránou",49.777951,16.920878
"Laškov, Dvorek",49.577155,16.986842
"Hranice, Uhřínov, hájenka",49.573712,17.646309
"Říkovice, pošta",49.381631,17.451713
"Bouzov, Podolí, pož.zbroj.",49.707931,16.920688
Brodek u Přerova,49.48204499,17.33738814
"Hvozd, u mlýna",49.643793,16.894308
"Olomouc, Wolkerova",49.584975,17.242238
"Dobromilice, stolářství",49.355947,17.145106
"Olšany, Klášterec, rozc.",49.953942,16.865213
"Domaželice, rozc.",49.424393,17.544004
"Ludvíkov, rest.Stonožka",50.09684133,17.33689336
"Olomouc, Hotelový dům",49.582203,17.245532
"Pavlov, Radnice, dol.konec",49.728563,16.874011
"Olomouc, Palackého",49.595841,17.246063
"Zlaté Hory, Ondřejovice, dopr.stř.",50.258264,17.362931
"Šumvald, rozc.Dlouhá Loučka",49.831375,17.131581
"Medlov, Hlivice, VKPP",49.779066,17.047333
"Olomouc, Nový Dvůr",49.547911,17.278863
"Přerov, PřCHZ žel.nadjezd",49.45249,17.432422
"Špičky, točna",49.550664,17.806776
"Bušín, ObÚ",49.976305,16.837576
"Petrov n.Des., škola",49.997205,17.021147
"Bouzov, Doly, rozc.",49.709523,16.881365
Březsko,49.607881,16.892358
"Police, rozc.Bezděkov",49.821094,17.002483
"Přerov, Žeravice, sídl.",49.491323,17.407146
"Postřelmůvek, kaple",49.922083,16.879956
"Olomouc, Nám.Hrdinů",49.595573,17.247275
"Město Libavá, Heroltovice, sídliště",49.737284,17.485786
"Chropyně, závod",49.35728,17.369338
"Oplocany, rest.",49.409531,17.258094
"Maletín, rest.",49.799224,16.788586
"Přerov, bazén",49.459107,17.445652
"Oprostovice, obchod",49.471166,17.618376
"Nový Malín, Mladoňov, samota",49.933869,17.075118
"Loučany, čekárna",49.601506,17.082213
Věžky,49.40837622,17.41627046
"Horka n.Mor., areál Delta",49.627357,17.205348
"Štěpánov, Novoveská",49.69314,17.195724
"Brodek u Prostějova, Sněhotice, kaple",49.368295,17.058587
"Moravský Beroun, N.Valteřice, myslivna",49.815927,17.449129
"Lipová, samoobsluha",49.410045,17.617451
"Brodek u Přerova, škola",49.486618,17.336888
"Osek n.Bečvou, točna",49.511894,17.531462
"Petrov n.Des., zast.",50.006083,17.045351
"Čechy p.Kosířem, sokolovna",49.550383,17.034328
"Opava, Nemocnice",49.93408706,17.88143641
"Mohelnice, žel.st.",49.776808,16.94241
"Nová Hradečná, žel.st.",49.835846,17.072849
"Prostějov, Průmyslová zóna B",49.468487,17.148437
"Lhota, náves",49.496958,17.616066
Hlušovice,49.63897981,17.2811519
"Benešov, Pavlov",49.510604,16.780784
"Bělkovice-Lašťany, Lašťany, Hostinec",49.670494,17.316506
"Obědkovice, U křížku",49.39759,17.225201
"Brodek u Prostějova, zámek",49.369174,17.082435
"Nový Malín, kostel",49.942889,17.032721
"Olomouc, Zikova",49.577485,17.254725
"Lipová, Hrochov",49.533651,16.868817
"Říkovice, žel.st.",49.379154,17.453507
"Přerov, Předmostí, u podjezdu",49.464233,17.440203
"Tovačov, Olomoucká",49.4369,17.284457
"Rakůvka, obec",49.609664,16.938715
"Olomouc, V Kotlině",49.583451,17.259776
Příkazy,49.63802771,17.14533975
"Mohelnice, Podolí, rozc.Křemačov",49.781115,16.887702
"Olomouc, Zenit",49.5815,17.249023
"Čelechovice na Hané, Kaple",49.53092,17.101838
"Ruda n.Mor., Hrabenov, hor.konec",49.976216,16.912918
"Tvrdkov, Ruda, hájenka",49.8769206,17.1953219
Kaple,49.53114005,17.10466643
"Borušov, Svojanov, točna",49.782975,16.776097
Skalka,49.405515,17.168964
Ostružná,50.18360257,17.05073485
"Mladějovice, žel.st.",49.758113,17.235301
"Lipinka, ObÚ",49.8372,17.051177
"Kokory, točna",49.497264,17.373874
"Lukavice, Vlachov",49.820027,16.908205
"Zlaté Hory, Ondřejovice, záv.",50.281905,17.338656
"Lipovec, točna",49.388969,16.802228
"Dubicko, Textil",49.827882,16.961136
"Kojetín, nám.",49.352957,17.303466
"Uničov, Střelice, nám.",49.749821,17.091788
"Litovel, Savín, rozc.",49.681068,16.988545
"Prostějov, Určická",49.465062,17.102005
"Olomouc, Hodolanská",49.591554,17.286072
"Bělkovice-Lašťany, Lašťany, garáž",49.671451,17.324958
Budětsko,49.587433,16.924307
"Bílá Lhota, Řimice, rozc.Červ.Lhota",49.719807,16.97476
"Březsko, Michnov",49.605934,16.892973
"Všechovice, Přílesí, rozc.",49.452242,17.748744
"Lesnice, sokolovna",49.880917,16.940824
"Potštát, Lipná, točna",49.667131,17.692128
"Olomouc, Pekárny",49.582405,17.293182
"Hanušovice, rozc.Habartice",50.095191,16.95369
"Hradec-Nová Ves, střed",50.293544,17.283061
"Mikulovice, ObÚ",50.298119,17.321193
"Vrchy, rest.",49.7504217,17.8715175
"Červená Voda, Šanov",50.05049,16.747735
"Pavlov, Zavadilka, rest.",49.746455,16.864986
"Holešov, Masarykova",49.330524,17.583172
"Mohelnice, Podolí, u kaple",49.776835,16.891511
Hrabišín,49.90802561,17.03855717
"Zlaté Hory, Horní Údolí, točna",50.215586,17.354346
"Mořice, křiž.",49.327468,17.198296
Prostřední Lipka,50.099053,16.754116
"Domaželice, PLASTICO",49.426219,17.55029
"Dolní Životice, Hertice, rozc.",49.90835,17.79953
"Nelešovice, náves",49.510529,17.388434
"Brodek u Konice, Dešná",49.545188,16.847963
"Opava, Olbrichova",49.93571,17.90087
"Pavlov, hasičárna",49.743426,16.88047
"Ruda n.Mor., Hrabenov, obchod",49.977677,16.903129
Vikýřovice,49.97687776,17.01382459
"Střítež n.Ludinou, ZD",49.604111,17.736146
"Stará Ves, škola",49.9588675,17.2370689
"Hranice, Teplická",49.545918,17.736108
"Olomouc, Okružní",49.580897,17.22631
"Benešov, Pavlov, Dvůr",49.51532612,16.79132455
"Přerov, Želatovská",49.450853,17.466711
"Mikulovice, Široký Brod, pošta",50.273802,17.279704
"Vyškov, Dukelská nákup.stř.",49.28175851,17.00156438
"Bohdíkov, Alojzov, Olpa",49.991212,16.891971
"Olomouc, Fibichova",49.589406,17.27745
"Ruda n.Mor., zámek",49.976086,16.87502
Hrabová,49.845022,16.951725
"Libina, ZŠ",49.879931,17.078821
"Zábřeh, Dvořákova",49.880297,16.867241
"Suchdol, Labutice",49.547312,16.861958
"Otaslavice, Masna",49.389949,17.065351
"Hluchov, pohostinství",49.541915,16.996327
Odrlice,49.6438459,17.07184369
"Dolní Studénky, Králec, rozc.",49.942784,16.979448
Velké Losiny zast.,50.04004535,17.05579289
"Přerov, Čekyně, Borošín",49.499403,17.420223
Víceměřice,49.344015,17.169472
"Mostkovice, pomník",49.473028,17.054137
"Raková u Konice, farma",49.604995,16.958374
"Litovel, Nasobůrky, cihelna",49.688049,17.053913
Ptení,49.51186,16.962038
"Dolní Újezd, Staměřice, rest.",49.559439,17.507418
"Prostějovičky, točna",49.425949,16.996187
"Moravská Třebová, aut.nádr.",49.76069,16.664028
"Cotkytle, ObÚ",49.936461,16.723829
"Kožušany-Tážaly, křiž.",49.535534,17.253185
"Rýmařov, aut.st.",49.93055,17.27483
"Šumvald, Na klínku",49.84484302,17.14120731
"Hvozd, Klužínek",49.613695,16.917994
"Mohelnice, sokolovna",49.775821,16.922536
"Oprostovice, rest.",49.468717,17.620355
Polom,49.57427261,17.8558405
"Líšnice, rozc.",49.754429,16.881636
"Dolní Moravice, hotel Avalanche",49.98504982,17.31996649
"Olšany, Masna",49.964294,16.859273
Česká Ves,50.25345394,17.21564384
"Leština, u mostu",49.868645,16.924492
"Bystrovany, U Bystřičky",49.594026,17.32341
"Hrabůvka, rozc.Velká",49.57867,17.693365
"Olšany, záv.",49.960784,16.864139
"Olomouc, Karafiátová",49.586604,17.22996
"Šumperk, stadion",49.955783,16.977577
"Troubelice, u Krškových",49.822016,17.068004
"Mohelnice, Podolí, dol.konec",49.77853,16.900245
"Bílčice, hráz",0.0,0.0
"Beňov, Prusy, rozc.",49.430004,17.514158
"Loučany, Hliníky",49.600326,17.080789
"Rozstání, Baldovec, lom",49.407713,16.823232
"Náklo, Mezice, rozc.",49.656495,17.114045
"Černotín, Hluzov, pož.zbroj.",49.5435,17.778551
"Rozstání, hřbitov",49.399665,16.835122
"Turovice, náves",49.424969,17.580222
"Ludmírov, Dětkovice",49.647743,16.855922
"Olomouc, Droždínská zatáčka",49.619965,17.335049
"Police, kult.dům",49.814937,16.995673
"Olomouc, Pionýrská",49.577704,17.238372
"Písečná, záv.",50.269014,17.263361
"Vlkoš, sokolovna",49.393806,17.417041
"Hustopeče n.Bečvou, Hranické Loučky",49.549103,17.842471
"Tršice, Zákřov, pomník",49.546613,17.447617
"Stará Červ.Voda, rozc.",50.321189,17.191219
"Přerov, nem.",49.455419,17.470886
"Jeseník, Bukovice, lom",50.21426,17.202995
"Olomouc, Na Střelnici",49.59855,17.251477
Kraličky,49.48639504,17.1809458
"Bouzov, Bezděkov, rozc.",49.708925,16.87356
"Olomouc, Stupkova",49.5884,17.231056
"Černotín, rozc.",49.529279,17.77282
"Černotín, Hluzov, točna",49.546475,17.781118
Drysice,49.33464574,17.05783559
Suchý,49.481326,16.761884
"Jindřichov, Habartice, konečná",50.11013,16.952804
"Želatovice, kravín",49.442825,17.512973
"Prostějov, Sladkovského",49.478203,17.113469
"Luká, Javoříčko, jeskyně",49.672946,16.92038
"Hradec n.Moravicí, Kajlovec, střed",49.8563894,17.8799394
"Horní Újezd, škola",49.447601,17.732137
Červená Voda,50.046997,16.746574
Seloutky,49.441764,17.063505
"Lipovec, hor.konec",49.378909,16.813081
"Ivaň, sokolovna",49.423287,17.247141
"Hustopeče n.Bečvou, Vysoká, točna",49.552861,17.881404
"Mohelnice, kino",49.776354,16.923365
"Zlín, Kostelec, lázně rozc.",49.25423476,17.69202362
"Bouzov, Kozov, čekárna",49.704843,16.86582
"Horní Loděnice, rest.",49.770355,17.374864
"Jindřichov, dolní konec",49.63309,17.756152
"Oskava, ObÚ",49.892005,17.134916
Vikýřovice-Lesní,49.98533588,17.01977951
"Žďárná, horní zast.",49.468534,16.761918
"Jívová, č.126",49.706075,17.388076
"Přestavlky, náves",49.389406,17.478657
Ondřejovice zast.,50.26292337,17.35341878
"Velká Štáhle, rozc.",49.93682275,17.34217165
"Vernířovice, dol.zast.",50.025547,17.106099
"Krčmaň, náves",49.520734,17.343938
"Rovensko, rest.",49.906662,16.88021
"Uničov, Renoty, náves",49.740585,17.101923
"Leština, ObÚ",49.868997,16.931306
"Písařov, hasičárna",50.008431,16.798429
"Hněvotín, nám.",49.570229,17.177473
"Přáslavice, sušárna",49.594788,17.404879
"Bílčice, Májůvka",49.85382522,17.55511312
"Písařov, Bukovice, křiž.",49.989815,16.790899
"Všechovice, aut.st.",49.460954,17.757657
"Krnov, ČSAD",50.0998444,17.67438
"Býškovice, DESTA",49.466989,17.709959
"Přáslavice, Kocourovec",49.582546,17.411274
Ivaň,49.425022,17.251815
Rapotín zast.,50.00942589,17.03124913
"Prostějov, Pojišťovna",49.476662,17.107668
"Prostějov, Lidická",49.467917,17.117071
"Přerov, Žeravice, Lapač",49.48392,17.399119
"Bludov, Nealko",49.943815,16.915462
"Bernartice, Buková, statek",50.362808,17.07391
"Jedlí, záv.",49.930405,16.770069
"Holčovice, Komora, rest.Zátiší",50.16338686,17.47023682
"Stražisko, Maleny",49.548325,16.927216
"Rajnochovice, Bernádka",49.35262,17.797397
"Žalkovice, Jednota",49.370776,17.43473
"Lužice, rozc.",49.714135,17.24794
"Olomouc, Vejdovského",49.590502,17.269978
"Olomouc, Globus",49.600471,17.223993
"Ruda n.Mor., Štědrákova Lhota, dol.zast.",50.022266,16.869896
"Oskava, rozc.Třemešek",49.906302,17.135305
"Vrchy, hájenka",49.7489592,17.8861267
"Bernartice, hor.rest.",50.382885,17.072623
"Postřelmov, žel.st.",49.911536,16.924812
"Týn n.Bečvou, rest.",49.51641,17.615074
"Chvalčov, Valašky",49.372567,17.735606
"Vlkoš, u kostela",49.395053,17.418817
Bohuslavice,49.620673,16.954473
"Jeseník, rest.Slunce",50.218828,17.209946
"Bratrušov, Osíkov, rozc.",50.028537,16.945399
"Šumperk, Temenická křiž. U Koruny",49.96729,16.966411
"Hranice, aut.st.",49.563306,17.740262
"Červená Voda, MŠ II",50.031519,16.743738
"Zlaté Hory, Rejvíz, chata Svoboda",50.229701,17.311383
"Bezměrov, náves",49.32856,17.333761
"Milenov, horní konec",49.569237,17.664405
"Štíty, Heroltice",49.987459,16.734047
Lipová Lázně zast.,50.22956424,17.16075108
"Uničov, Nová Dědina, TEKRO",49.803019,17.122205
"Přemyslovice, pošta",49.556512,16.956177
"Bedihošť, ZŠ",49.449681,17.165376
"Zábřeh, žel.st.",49.872816,16.887054
"Lhota, rozc.Vidláč",49.491914,17.621541
"Olomouc, Selské nám.",49.61422,17.29299
"Rozstání, obchod",49.397505,16.844798
"Horní Nětčice, Pochyly",49.472014,17.686706
"Dub n.Mor., Tučapy, rozc.",49.48867,17.269351
"Vidnava, Stachlovice, osada",50.35693,17.181951
"Libina, nám.",49.877098,17.082771
"Litovel, škola",49.704555,17.079615
Hoštice-Heroltice,49.29163668,17.05959092
"Město Albrechtice, aut.st.",50.16389858,17.57226957
"Přílepy, u nádrže",49.317158,17.624081
"Štěpánov, Mor.Huzová, Stádlo",49.709879,17.245373
"Ryžoviště, nám.",49.87527,17.35902
"Bělá p.Prad., Domašov, polesí",50.153709,17.199088
"Olomouc, Velkomoravská",49.581126,17.256657
"Černá Voda, Bukáček",50.302085,17.120651
"Olomouc, FN Ortopedie",49.581859,17.23672
Vikýřovice u penzionu,49.96695368,17.00385544
"Paseka, u Elšíků",49.800861,17.220556
"Staré Město, sídl.Květná",50.167986,16.945135
"Rapotín, kostel",49.99812,17.018925
"Hustopeče n.Bečvou, nám.",49.530159,17.870079
"Zábřeh, nám.Osvobození",49.88123,16.87754
"Rýmařov, Ondřejov",49.91750004,17.28710276
"Třeština, náves",49.79536,16.964458
"Chropyně, Masarykova",49.357271,17.362129
Bartoňov,49.96835762,16.87494166
"Olomouc, Týnecká",49.575308,17.297127
Bukovany,49.605745,17.345496
"Pavlov, Radnice",49.725075,16.875611
"Přerov, nábř.PFB",49.454664,17.44518
"Lipová-lázně, pod Ramzovou",50.211776,17.09739
Staré Město p.Sněžníkem,50.16225641,16.94205908
"Kojetín, Popůvky, firma Hanák",49.327731,17.297842
"Senice na Hané, Odrlice, rest.",49.642686,17.061472
"Šumperk, PVT",49.951468,16.980661
"Hrdibořice, čekárna",49.478521,17.22018
"Teplice n.Bečvou, lázně",49.533075,17.747823
"Čelechovice, náves",49.509845,17.371494
"Olomouc, U Dómu",49.596942,17.260637
"Osek n.Bečvou, rozc.Oldřichov",49.512482,17.534745
"Šumperk, Šumavská křiž.Temenická",49.970288,16.964335
Brňov,49.43722319,17.96693149
"Radíkov, točna",49.595822,17.670792
"Sobotín, Rudoltice, motorest Skřítek",49.998801,17.154625
"Hustopeče n.Bečvou, žel.st.",49.523743,17.864385
Dzbel,49.61019299,16.84820755
"Olomouc, Finanční úřad",49.602776,17.252436
"Olšovec, rozc.",49.593576,17.712726
"Bílá Lhota, Hrabí, střed",49.712094,16.963049
Zábřeh na Moravě z.,49.8854882,16.88993762
"Olomouc, Kubatova",49.61432,17.29226
"Zábřeh, Na špici",49.876575,16.886824
"Loučany, kult.dům",49.604691,17.085784
"Olšany u Prostějova, sokolovna",49.537183,17.167561
"Přerov, Popovice, kovárna",49.477181,17.444262
"Písařov, Bukovice, č.4",49.984636,16.787911
"Prostějov, aut.st.",49.473829,17.128519
"Vlčice, ObÚ",50.345332,17.045994
"Heřmanovice, zast.",50.1822006,17.412285
"Kralice na Hané, Bedihošťská",49.460642,17.174648
"Velká Bystřice, Ferona",49.588023,17.334398
"Zlaté Hory, samota",50.255588,17.375192
"Bystřice p.Host., TON",49.401443,17.659742
"Olšovec, Boňkov, rozc.",49.604889,17.687606
"Bělotín, Lučice, škola",49.593573,17.832794
Hanušovice-Holba,50.05827055,16.92303791
"Lipník n.Bečvou, Podhoří, rozc.",49.566249,17.623758
"Hynčina, Popelák",49.864823,16.746043
"Šumperk, Jesenická",49.965007,16.993361
"Litovel, Březové, náves",49.679282,17.115725
"Hanušovice, žel.st.",50.071698,16.930172
"Rohle, dol.zast.",49.857378,17.016474
"Hranice, Studentská",49.551843,17.730062
"Jedlí, u kříže",49.931455,16.789196
"Šumperk, rozc.k sanatoriu",49.974584,16.973572
"Jedlí, rozc.Horní Studénky",49.930683,16.818039
"Horní Štěpánov, Nové Sady",49.558639,16.799391
"Lipinka, hájenka",49.837394,17.044898
"Rapotín, pila",49.995001,17.010541
"Kroměříž, Bílany, rozc.",49.31529,17.425071
"Olomouc, Kaufland",49.588092,17.271386
"Bohuslavice, Brodek",49.621269,16.966501
"Šumperk, nemocnice",49.959309,16.96301
"Štíty, Crhov, dol.konec",49.93191,16.749821
Pivín,49.38748871,17.18874965
"Dolní Nětčice, náves",49.477044,17.674031
"Javorník, Travná, háj.",50.373762,16.943273
"Hynčina, zast.",49.848994,16.771241
"Mohelnice, U bagru",49.782385,16.955272
"Ruda n.Mor., Hrabenov, dol.zast.",49.979584,16.89556
"Lipová-lázně, rozc.k žel.st.",50.226061,17.128992
"Olomouc, FN Zdravotníků",49.586987,17.238927
Zdětín u Prostějova,49.52792556,16.9867465
"Osek n.Bečvou, škola",49.510446,17.525139
"Jeseník, Stavební podnik",50.226897,17.183594
"Dolní Těšice, Obecní úřad",49.493743,17.806685
"Velké Losiny, rozc.k rekr.stř.",50.036424,17.025934
"Bystročice, u mostu",49.536359,17.188396
"Krchleby, dol.konec",49.81927,16.838628
"Olbramice, Hataše",49.613502,16.978715
Olomouc-Hejčín,49.60229344,17.23665393
"Lipník n.Bečvou, Pod horou lom",49.512597,17.593495
"Kokory, rest.U Dohnalů",49.496195,17.373018
Hlubočky,49.64720167,17.40808946
"Zábřeh, Ráječek",49.86616,16.895438
Čelechovice na Hané,49.51353589,17.09690623
"Třeština, rozc.",49.787583,16.96291
"Nový Malín, č.212",49.944687,17.050466
"Velká Bystřice, cukrovar",49.591749,17.352238
"Jestřebí, Jestřebíčko, rozc.",49.856988,16.864821
"Velké Losiny, Bukovice, škola",50.065518,17.058176
"Budětsko, Zavadilka",49.58263,16.911632
"Šumperk, Vančurova 16",49.962228,16.967997
"Petrov n.Des., ObÚ",50.016179,17.064908
"Hanušovice, Vysoké Žibř., osada Sokol",50.119183,16.939807
"Hranice, Motošín",49.546085,17.732057
"Jevíčko, hřiště SK",49.630251,16.729531
"Budětsko, Slavíkov",49.580992,16.944434
"Lipník n.Bečvou, Loučka, škola",49.552818,17.592973
"Věrovany, rest.Na vrchu",49.462374,17.286129
"Olomouc, Horecká",49.639218,17.231563
"Křelov-Břuchotín, Křelov, Regena",49.612856,17.189788
"Šumperk, Pramet",49.960111,16.981352
"Přerov, Kozlovice, náves",49.463133,17.48683
Chropyně,49.36955041,17.36111123
"Náměšť na Hané, nám.",49.603521,17.064635
"Medlov, u hřiště",49.788316,17.053343
"Česká Ves, most",50.241927,17.209926
"Olomouc, Šlechtitelů",49.574591,17.278642
"Libina, Domov důchodců",49.883518,17.079961
"Česká Ves, krytý bazén-Řetězárna",50.25744,17.227686
Želeč,49.346177,17.096524
"Malá Morava, pohostinství",50.087118,16.843257
"Doloplazy, ObÚ",49.350864,17.159798
"Troubelice, u Štoksových",49.810765,17.0962
"Újezd, u Číhalového",49.77033,17.18337
"Dvorce, nám.",49.83361305,17.54758982
"Domašov n.Bystř., lihovar",49.742962,17.453018
"Šternberk, Dolní Žleb, rest.",49.75186,17.307853
"Jakartovice, hor.konec",49.91460929,17.67487813
Vyškov na Moravě,49.27855981,16.99149544
Hrubá Voda,49.66962882,17.43841065
"Olomouc, Nové Sady",49.572195,17.259247
"Lipník n.Bečvou, aut.st.",49.52841,17.582511
Olomouc město,49.59409232,17.24123514
"Ptení, Holubice",49.502628,16.944224
"Hranice, Kaufland",49.55728,17.74061
"Vápenná, lesní čtvrť",50.257657,17.112432
"Olomouc, Slavonín, KOVO",49.569254,17.230146
"Libina, Obědné, kostel",49.88502,17.05319
Libina,49.87865887,17.06218328
"Bochoř, rozc.k lesu",49.414019,17.419112
"Hartinkov, rozc.",49.701607,16.837055
"Domašov n.Bystř., ÚNZ",49.744787,17.442495
"Tršice, Lipňany, náves",49.531566,17.400359
"Mohelnice, Třebovská",49.778148,16.908423
"Paseka, u mostu",49.79501,17.213696
"Otinoves, dol.konec",49.414793,16.865835
"Rýmařov, Hornoměstská KB",49.9323622,17.2681103
Podivice,49.366435,17.011911
"Hvozd, Skalka",49.646106,16.900989
"Olomouc, Stratilova",49.610999,17.259223
Uhřičice,49.371607,17.290488
"Hranice, Uhřínov, rest.",49.586532,17.648423
"Mrsklesy, křiž.",49.602826,17.401558
"Olšany u Prostějova, has.zbroj.",49.535882,17.167056
"Lipník n.Bečvou, Loučka, hřbitov",49.553886,17.590386
"Hranice, Velká, rozc.",49.571615,17.730005
"Týn n.Bečvou, mlýn",49.518846,17.598892
"Rohle, Nedvězí",49.873452,17.033809
"Loučná n.Des., Rejhotice, DŘEVOSTYL",50.086526,17.09062
"Polom, rozc.k žel.st.",49.57651931,17.85678688
"Lipník n.Bečvou, rest.Moravská brána",49.528043,17.590688
"Mohelnice, aut.st.",49.775458,16.917707
Čunín,49.56367308,16.91341831
Lipová Lázně,50.22836557,17.13077784
"Velké Kunětice, Františkov",50.311352,17.265669
"Paseka, VEPA",49.777295,17.234102
"Kroměříž, Hradisko",49.319758,17.347654
"Hoštejn, škola",49.874581,16.774909
"Oskava, hřbitov",49.892151,17.132885
"Staré Město, Nová Seninka, u mostu",50.198015,16.917548
"Králíky, aut.st.",50.082019,16.763558
"Mohelnice, Horní Krčmy",49.764,16.920392
"Vikýřovice, u penzionu",49.967276,17.002089
"Olomouc, Envelopa",49.58939,17.260686
"Olomouc, Žižkovo nám.",49.596068,17.265189
Vrchoslavice,49.332747,17.218234
Hvozd,49.636474,16.909694
"Plumlov, Hamry, točna",49.468237,16.970742
"Skorošice, Nýznerov, pila",50.30352,17.087503
"Město Libavá, nám.",49.720757,17.520194
"Hranice, Valšovice, náves",49.517257,17.709988
"Šternberk, Dalov",49.783913,17.338627
"Jindřichov, Pleče, č.44",50.096329,16.984997
"Šternberk, Krákořice",49.749471,17.263981
"Oskava, Bedřichov, obchod",49.931526,17.155709
"Dlouhá Loučka, Plinkout, dol.konec",49.835079,17.165212
"Bochoř, Na Zabrání",49.423088,17.426317
"Pňovice, Hrušov",49.7159,17.156249
"Velké Losiny, hájenka",50.047913,17.054083
"Dlouhomilov, rozc.",49.906184,16.991262
Pivín,49.38476,17.183969
"Mladějovice, farma",49.737081,17.225936
"Šumperk, Vančurova 41",49.961045,16.964942
Javorník ve Slezsku,50.3947914,17.01562996
"Víceměřice, ÚSP",49.345335,17.171227
"Olomouc, Kafkova",49.574762,17.227487
"Šumperk, U sanatoria domov důchodců",49.9781,16.975028
"Bouzov, nám.",49.704259,16.893437
"Olomouc, Týneček",49.62246,17.295322
"Krnov, Opavská",50.0871744,17.7166956
"Mohelnice, SIEMENS ul.1.máje",49.776392,16.931252
"Prostějov, Plumlovská OC",49.473133,17.079679
"Konice, Nová Dědina, čekárna",49.571316,16.93055
"Kralice na Hané, hřbitov",49.465771,17.182104
"Supíkovice, kolonky",50.307974,17.257672
"Vikýřovice, bývalá hasičárna",49.987607,17.014991
"Horka n.Mor., škola",49.638784,17.203736
"Vražné, Hynčice, Mendel",49.61897,17.835594
"Šumperk, Wolkerova 16",49.969272,16.984482
"Pěnčín, Tvar",49.574665,17.001124
"Hanušovice, U rychty",50.090886,16.944409
"Olomouc, Chválkovická-Epava",49.607113,17.282185
"Ludmírov, obchod",49.641308,16.874096
"Černá Voda, kult.dům",50.310252,17.155842
"Lutín, Neptun",49.558463,17.1426
"Lipník n.Bečvou, Bratrská",49.525157,17.577146
"Olomouc, U Sv. Mořice",49.59546,17.251213
"Radvanice, Obecní úřad",49.509723,17.479762
Červená Voda-Pod rozhlednou,50.036642,16.746081
"Olomouc, Technologická",49.577577,17.28321
"Bílá Lhota, Měník",49.710887,16.983176
"Hulín, u podjezdu",49.31954,17.47795
"Rokytnice, Hliníky",49.466135,17.396945
Petrov n.Desnou zast.,50.00516751,17.04285968
"Olomouc, tržnice",49.589532,17.25329
"Velké Losiny, Žárová, škola",50.057469,17.00844
"Přerov, Předmostí, Teličkova",49.466229,17.443599
"Žalkovice, rest.",49.371131,17.438038
"Šumperk, Temenice lom",49.987173,16.935339
"Velké Losiny, hotel Praděd",50.030691,17.039721
"Olomouc, Chomoutov, škola",49.643075,17.230888
"Staré Město, Chrastice, kostel",50.138665,16.93295
"Moravský Beroun, mlýn",49.79817,17.446454
"Hranice, CTP zadní brána",49.557532,17.726791
"Olomouc, Husův sbor",49.593687,17.283643
"Stará Červ.Voda, č.170",50.339433,17.20179
"Písařov, škola",50.013987,16.794219
"Olomouc, U Bristolu",49.598034,17.266806
"Bílá Lhota, Hradečná, náves",49.695144,16.984407
"Litovel, Nasobůrky, rozc.Víska",49.690773,17.05614
Litovel,49.71285472,17.07460498
"Šumperk, Temenice obch.stř.",49.975191,16.955521
"Šumperk, Temenice konečná",49.993384,16.933569
"Luboměř, farma",49.691898,17.705579
Němčice n.Hanou,49.34494858,17.21662063
"Prostějov, Čechůvky",49.473187,17.161727
Olomouc-Nová Ulice,49.58734627,17.24425611
"Postřelmov, lihovar",49.90989,16.913046
Újezd u Uničova,49.77535767,17.18422783
"Prosenice, rozc.",49.494486,17.484196
"Pavlov, Svinov, u kaple",49.753392,16.871471
"Velké Losiny, rozc.Ludvíkov",50.025063,17.029294
"Podolí, rest.",49.445544,17.530474
"Velký Újezd, rozc.Výkleky",49.567379,17.494325
"Malá Morava, Vojtíškov, OKÁL",50.09899,16.876487
"Hranice, Sklený kopec",49.553188,17.742634
"Hraničné Petrovice, rest.",49.738919,17.401207
"Mikulovice, Široký Brod, rozc.Hradec",50.279146,17.284282
"Brníčko, Strupšín, rest.",49.889293,16.99546
"Tovéř, kaple",49.639463,17.317577
"Ruda n.Mor., Hostice, has.zbroj.",49.994955,16.881721
"Křelov-Břuchotín, Křelov, náves",49.613392,17.198348
"Bouzov, ZD",49.700104,16.897253
"Jindřichov, Pusté Žibřidovice, kostel",50.090823,17.00173
"Šumperk, Šumavská DBV",49.970956,16.971434
"Kostelec u Holešova, Karlovice, rest.",49.384858,17.517308
"Hranice, Velká, škola",49.570299,17.719126
"Kostelec na Hané, žel.st.",49.509973,17.063948
"Přerov, Předmostí, škola",49.468405,17.440483
"Přerov, Kabelíkova",49.451368,17.474194
"Velký Újezd, vrchní pila",49.57255,17.505383
"Olomouc, Fakultní nem.",49.580803,17.24001
"Olomouc, Svatoplukova",49.605453,17.231716
"Sudkov, ObÚ",49.920195,16.945314
"Doloplazy, u hřiště",49.565257,17.414879
"Sobotín, Klepáčov, rekr.stř.",50.00694146,17.1347978
"Bělotín, Nejdek, Boží muka",49.611054,17.786036
"Troubelice, Pískov, náves",49.82145819,17.04890278
"Olomouc, AŽD",49.607948,17.286299
"Újezd, Haukovice, Jednota",49.782534,17.189636
"Vrbno p.Prad., Bílý Potok",50.12944582,17.31767266
"Konice, Nová Dědina, ZŠ",49.57595,16.939045
"Olomouc, Nové Sady, Čistička",49.565888,17.2621
"Bernartice, dopr.stř.",50.387876,17.066597
"Vápenná, hřiště",50.288563,17.09609
"Polom, pošta",49.577642,17.842958
"Brodek u Konice, Lhota u Konice, rozc.",49.560857,16.871794
"Vilémov, náves",49.635551,16.995207
Krchleby,49.820261,16.82911
"Rýmařov, STS",49.93275354,17.3062006
"Lipová-lázně, rekr.stř.Sigma",50.225026,17.091264
"Klokočí, sušička",49.557652,17.678258
"Olomouc, Farmak",49.611664,17.263305
"Pňovice, Papůvka",49.735104,17.157961
"Štěpánov, Mor.Huzová",49.694558,17.242856
"Hranice, Velká, most",49.571764,17.725493
"Přerov, Újezdec, kopec",49.433315,17.467186
"Vítonice, křiž.",49.448319,17.689634
"Malá Morava, Vlaské, dílny",50.089402,16.894654
"Opatovice, rest.",49.499699,17.739251
Lutotín,49.51861676,17.03079509
Ivanovice na Hané,49.3063191,17.08719105
"Odry, Potoční",49.6616397,17.8338381
"Dub n.Mor., Tyršova",49.482149,17.276422
"Želechovice, Jednota",49.753792,17.144308
"Medlov, u parku",49.787228,17.059737
"Kladky, Bělá, tábor",49.628676,16.815642
Skrbeň,49.64195,17.179304
"Kladky, Vyšehrad",49.651106,16.823258
"Uničov, Střelice, pošta",49.751279,17.088906
"Zábřeh, Hněvkov, obchod",49.866625,16.818126
"Heřmanovice, rozc.",50.19903686,17.3830811
"Slatinice, Větřák",49.552551,17.102881
Ondřejovice,50.27235893,17.3434325
"Rouské, náves",49.471549,17.778602
"Horní Štěpánov, rozc.Skřípov",49.573773,16.793101
"Lipová, u lípy",49.529188,16.861667
"Slatinice, Lípy, náves",49.546636,17.10373
"Klopina, Veleboř",49.834675,17.017428
"Šternberk, Chabičov",49.76584,17.296697
"Konice, Nová Dědina, obchod",49.578552,16.944976
"Moravský Beroun, Granitol",49.793485,17.449523
"Olomouc, Svatý Kopeček, bazilika",49.628787,17.340539
Výšovice,49.418027,17.137135
"Velká Štáhle, Kovohutě",49.93283571,17.35187872
"Mladeč, nám.",49.706165,17.0201
"Luboměř, obecní úřad",49.686556,17.703631
"Červenka, Nový Dvůr, střed",49.72956,17.05505
"Přerov, drůbežárny",49.441215,17.413989
"Nemile, kult.dům",49.87207,16.846157
"Tršice, nám.",49.542425,17.426206
"Olomouc, U Bystřičky",49.594522,17.270832
"Malá Morava, Podlesí, radnice",50.074878,16.860977
"Šumperk, rozc.k nem.",49.957199,16.961984
Dolní Lipka,50.089363,16.721309
"Šternberk, Sadová",49.726073,17.303049
"Odry, nám.",49.66184618,17.82970238
"Norberčany, Trhavice",49.747421,17.511853
"Moravský Beroun, Sedm Dvorů",49.777503,17.438445
"Olomouc, Pavlovičky",49.601546,17.276298
"Konice, Křemenec",49.571779,16.905361
"Slatinice, škola",49.5611,17.099317
"Pačlavice, Pornice",49.24977,17.182277
"Olomouc, Ahold",49.561722,17.261922
"Jindřichov, žel.st.",50.099758,16.991777
"Kroměříž, Postoupky, Miňůvky",49.314835,17.36317
"Luká, Březina, rozc.",49.665566,16.93534
"Skřípov, točna",49.582905,16.816894
"Prostějov, Brněnská",49.4647,17.111458
"Olomouc, FN Centrální příjem",49.584642,17.237897
Chudobín,49.69403352,17.04009681
"Bílá Lhota, Nové Mlýny rozc.",49.729988,16.980364
"Přáslavice, škola",49.585906,17.381797
"Bělotín, Nejdek, mlýn",49.606277,17.788824
"Kralice na Hané, Prostějovská",49.463943,17.174312
"Hněvotín, škola",49.574609,17.181717
"Hradec-Nová Ves, letiště",50.298289,17.287979
"Koválovice-Osíčany, Koválovice",49.284808,17.171121
"Křenovice, Na Zábraní",49.327923,17.271464
"Jindřichov, Pusté Žibřidovice, konečná",50.086583,17.008216
"Dřevohostice, nám.",49.424808,17.590745
"Vysoká, has.zbroj.",49.664607,16.808782
"Štíty, škola",49.961371,16.76546
"Černotín, Hluzov, dolní konec",49.539295,17.773242
"Zábřeh, Skalička, hřbitov",49.866449,16.873421
"Chvalčov, pošta",49.390767,17.70762
"Hranice, sport.areál",49.54505,17.724658
"Mutkov, střed",49.80322445,17.28853793
"Zlaté Hory, škola",50.255917,17.396624
"Buk, škola",49.505273,17.469264
"Otaslavice, pošta",49.388161,17.070739
"Zlaté Hory, Petrovy Boudy, hřeben",50.24238,17.427144
"Vítonice, škola",49.447681,17.689334
"Holešov, Újezd",49.327223,17.586435
"Jeseník, Dukelská",50.224439,17.19737
"Jívová, nám.",49.708072,17.393411
"Prosenice, rozvodna SME",49.502527,17.500752
"Hrabišín, u Ztratilů",49.913372,17.010209
"Drahanovice, Ludéřov, rest.",49.578752,17.049991
"Malá Morava, Vojtíškov, horní konec",50.108692,16.873395
Troubelice zast.,49.82563624,17.06732129
"Šumvald, Břevenec, škola",49.852054,17.148765
"Mladějovice, kostel",49.753107,17.230386
Moravský Beroun,49.78441669,17.43243207
Troubelice střed,49.81348652,17.07622378
"Sudkov, Moravolen",49.913224,16.934065
"Bělkovice-Lašťany, Bělkovice",49.66811255,17.31637174
"Olomouc, Hřbitovy",49.595946,17.222986
"Uhelná, Horní Fořt",50.378234,17.013979
"Skrbeň, rozc.",49.627909,17.167426
"Otinoves, hor.konec",49.426436,16.870216
Dřevnovice,49.328528,17.145473
"Boskovice, 17.listopadu",49.48946,16.66182
Stražisko,49.543314,16.929347
"Lipová, točna",49.523832,16.863249
"Troubky, dědina",49.432125,17.351505
"Mohelnice, U podjezdu",49.767068,16.918703
"Heřmanovice, hájenka",50.1750033,17.4229564
"Bystřice p.Host., Sovadina, náves",49.431631,17.652854
"Přerov, PřCHZ vrát.ZOK",49.451272,17.422091
"Brodek u Konice, dol.konec",49.54729,16.839291
Vrahovice,49.4828167,17.15070375
"Lipovec, kravín",49.386234,16.810867
"Olomouc, Hamerská",49.582984,17.303462
"Mikulovice, žel.st.",50.302969,17.322509
"Ústí, osada Mariánské Údolí",49.524992,17.752875
"Křelov-Břuchotín, Břuchotín, náves",49.623723,17.177789
"Holčovice, Hejnov, Jednota",50.1668744,17.5089236
"Blazice, hřbitov",49.439484,17.646829
"Skřípov, LINAPLAST",49.578972,16.834234
"Litovel, Nasobůrky, Alibona",49.690904,17.063206
"Malá Morava, Vysoký Potok, MŠ",50.076725,16.839105
Bystrovany,49.59879173,17.32255088
"Hranice, sídl.kpt.Jaroše",49.550822,17.730915
"Loučná n.Des., rozc.Maršíkov",50.055624,17.086671
Skrbeň,49.63877197,17.17479095
"Dolní Újezd, Skoky",49.551615,17.526289
"Suchdol, ZŠ",49.546647,16.89275
"Sobotín, u kostela",50.007811,17.091077
"Uničov, Brníčko, rozc.",49.772405,17.13944
"Držovice, Zelenina",49.484574,17.123225
"Vilémov, rozc.Olbramice",49.631109,16.996398
"Vyškov, u podchodu",49.27850084,16.99722896
"Bohuslavice, kaple",49.825753,16.940525
Dětkovice,49.415225,17.086625
"Mohelnice, SIEMENS aut.st.",49.776293,16.929445
"Kopřivná, Lužná",50.034035,16.937972
"Nový Malín, č.178",49.943523,17.04053
"Bochoř, včelín",49.417286,17.408796
"Bouzov, Svojanov, rozc.",49.695694,16.871963
"Tovačov, aut.st.",49.426878,17.291275
"Bystřice p.Host., u mostu",49.411169,17.655124
"Hanušovice, lesní a.s.",50.0805,16.937019
"Potštát, rozc.Kovářov",49.640871,17.655071
"Krnov, Chomýž, rozc.",50.1046458,17.6642414
"Linhartice, závod",49.760483,16.677119
Senice na Hané z.,49.63263492,17.08622597
"Brodek u Konice, rozc.Skřípov",49.565746,16.812183
"Hradec-Nová Ves, zast.",50.290261,17.277739
"Malá Morava, Vojtíškov, bytovky",50.101593,16.872371
"Kozlov, Slavkov, konečná",49.597601,17.57467
"Štíty, autoservis",49.965066,16.77798
"Olomouc, Rooseveltova",49.585486,17.255597
"Senice na Hané, stará pošta",49.624676,17.088902
Mlýnický Dvůr,50.003917,16.748059
"Odry, Skřivánčí",49.6644864,17.8374653
"Osek n.Bečvou, rest.Osečanka",49.509555,17.519612
"Příkazy, u sladovny",49.63848509,17.1465261
"Jakubovice, rozc.",49.988234,16.835852
"Přerov, Vinary, rest.",49.48407,17.447013
"Drozdov, rest.",49.908092,16.790597
"Jakartovice, Hoř.Kunčice, rozc.",49.88539,17.63678
Horní Heřmanice,50.387774,17.10745
"Litovel, rozc.k cukrovaru",49.7082203,17.07378368
"Litovel, hřbitov",49.681998,17.078024
"Hranice, Jungmannova",49.547544,17.743632
"Šternberk, aut.st.",49.721621,17.285547
Mořice,49.327761,17.197089
"Vernířovice, pila",50.025516,17.118876
"Zábřeh, aut.st.",49.884092,16.873303
"Lipník n.Bečvou, TOS",49.531809,17.592006
"Šumperk, nám.Republiky",49.967156,16.969517
"Skřípov, střed",49.584227,16.819173
"Jeseník, Dětřichov, lesní školka",50.218693,17.265436
"Soběchleby, kostel",49.477855,17.651824
"Skorošice, Horní Skorošice, rozc.",50.306765,17.076313
"Bělá p.Prad., Domašov, rozc.",50.16390333,17.19657825
"Zábřeh, Dolní Bušínov, rekr.stř.NH",49.832684,16.827502
"Němčice, náves",49.365097,17.498365
"Luká, Střemeníčko, pož.zbroj.",49.680285,16.93056
