"Jihlava,Popice,myslivna",49.3483804277091,15.5288349735763,JI,CZ
"Jihlava,Popice",49.3505116319946,15.5412201954868,JI,CZ
"Jihlava,Popice,rozc.",49.3564665438398,15.5414143099183,JI,CZ
"Jihlava,Vysoká,rozc.",49.365967728288,15.5483904321568,JI,CZ
"Jihlava,,Nad Pístovem",49.3686326599066,15.5518616773169,JI,CZ
"Jihlava,,V Ráji",49.3739576519486,15.5863161938869,JI,CZ
"Jihlava,,Ráj",49.3750497453898,15.5872987823117,JI,CZ
"Jihlava,Vysoká",49.371802768218,15.5348123754758,JI,CZ
"Jihlava,Pístov,Horní domky",49.3774415423055,15.5614722875569,JI,CZ
"Jihlava,,Nad Jihlávkou",49.38231951921,15.5928924229171,JI,CZ
"Jihlava,Kosov",49.3872463107787,15.6344546847389,JI,CZ
"Jihlava,Pístov,náves",49.3824397178164,15.5661108700948,JI,CZ
"Jihlava,,Dopravní podnik",49.3863709400482,15.5993082951265,JI,CZ
"Jihlava,,Tylova",49.3878404937065,15.596232522452,JI,CZ
"Jihlava,,Kosovská E.ON",49.3903575739443,15.6135633819699,JI,CZ
"Jihlava,,Znojemská ul.",49.3890071519042,15.5934588530623,JI,CZ
"Jihlava,,Brtnická ul.",49.3894675119455,15.5940119557315,JI,CZ
"Jihlava,,Kosovská KSÚS",49.391350125261,15.6067824405032,JI,CZ
"Jihlava,,Kosovská Colas",49.3926395121264,15.6025295402627,JI,CZ
"Jihlava,,Telečská ul.",49.390767409553,15.5786795801817,JI,CZ
"Jihlava,,CITYPARK",49.3934584800276,15.5959559804464,JI,CZ
"Jihlava,,Ke Skalce",49.3922857181213,15.5803746576142,JI,CZ
"Jihlava,,Zoologická zahrada",49.3948387783303,15.5992597506125,JI,CZ
"Jihlava,,Masarykovo nám.dolní",49.3946580759226,15.5914755600133,JI,CZ
"Jihlava,,Hradební",49.3945466772666,15.5863307177501,JI,CZ
"Jihlava,,Seifertova",49.3943500097215,15.5836094608037,JI,CZ
"Jihlava,,Fibichova",49.3947493592918,15.5844802682921,JI,CZ
"Jihlava,,Žižkova",49.3943856792695,15.5770566934346,JI,CZ
"Jihlava,,Masarykovo náměstí",49.3956495364677,15.5913000224443,JI,CZ
"Jihlava,,Brněnský kopec",49.3966353781362,15.6022276804467,JI,CZ
"Jihlava,,U hřbitova",49.3947979406709,15.5734489372859,JI,CZ
"Jihlava,,Masarykovo nám.horní",49.3963307212659,15.5906868378223,JI,CZ
"Jihlava,,Na Člunku",49.3982624042673,15.6109409574916,JI,CZ
"Jihlava,,Demlova",49.3989580535068,15.6078263291324,JI,CZ
"Jihlava,,Na Hliništi",49.3966753001349,15.5789724550059,JI,CZ
"Jihlava,Horní Kosov,Za Prachárnou",49.3962156881941,15.5650124894883,JI,CZ
"Jihlava,,poliklinika",49.3971552754786,15.5741769734163,JI,CZ
"Jihlava,,Dům zdraví",49.3976332121266,15.5734298421699,JI,CZ
"Jihlava,,17.listopadu",49.3982417139776,15.5806361991562,JI,CZ
"Jihlava,,Náměstí Svobody",49.3994489174697,15.5898807377872,JI,CZ
"Jihlava,,U autobusového nádraží",49.3988259237217,15.5806097576488,JI,CZ
"Jihlava,,Vysoká škola polytechnická",49.3991560081995,15.5845001673403,JI,CZ
"Jihlava,Horní Kosov,Rantířovská ul.",49.3974813258364,15.5608319819077,JI,CZ
"Jihlava,,Dům kultury",49.399696064854,15.5878805431858,JI,CZ
"Jihlava,,aut.nádr.",49.3994600016518,15.5815637607855,JI,CZ
"Jihlava,,Březinova",49.4020260523297,15.6046622425948,JI,CZ
"Jihlava,,Chlumova",49.4010400560726,15.5881547754049,JI,CZ
"Jihlava,,U městských domů",49.4004308971035,15.5778745943694,JI,CZ
"Jihlava,,Zátopkova",49.3996916644473,15.5676970593949,JI,CZ
"Jihlava,,Březinova konečná",49.4025241799606,15.6032134661078,JI,CZ
"Jihlava,,Lipová",49.3995304874227,15.5592186548725,JI,CZ
"Jihlava,,Škola Rošického",49.4011148791331,15.5724242754258,JI,CZ
"Jihlava,,Fritzova",49.4027076748205,15.5864130467241,JI,CZ
"Jihlava,,U Břízek",49.4044368958924,15.6005719120786,JI,CZ
"Jihlava,,Městské nádraží",49.4034183815051,15.5835493189961,JI,CZ
"Jihlava,,Na Helenínské",49.4052849612154,15.5959333269213,JI,CZ
"Jihlava,,Jiráskova ul.",49.4042064756134,15.5733399169382,JI,CZ
"Jihlava,Horní Kosov,kolonie",49.4021749583015,15.5446686496895,JI,CZ
"Jihlava,,Okružní",49.4059213058755,15.5916693588408,JI,CZ
"Jihlava,,Gorkého",49.4057118904117,15.5884542875384,JI,CZ
"Jihlava,Hruškové Dvory",49.4079841445106,15.6096973201204,JI,CZ
"Jihlava,Horní Kosov",49.4039371786237,15.5563025330186,JI,CZ
"Jihlava,,Škola Jarní",49.404562592192,15.5592027301302,JI,CZ
"Jihlava,,Zimní",49.404886484974,15.5612506653787,JI,CZ
"Jihlava,,Kaufland",49.4069486280807,15.5840480407969,JI,CZ
"Jihlava,,Swoboda-Stamping",49.4093497901984,15.6070909220136,JI,CZ
"Jihlava,,Pod Ján.kopečkem",49.4083563216215,15.5916871240934,JI,CZ
"Jihlava,,Romana Havelky",49.4084523180574,15.5812072574332,JI,CZ
"Jihlava,,Polenská ul.",49.4106676103948,15.5983848739755,JI,CZ
"Jihlava,,S.K.Neumanna",49.4082104450341,15.5673711617017,JI,CZ
"Jihlava,,Moravské kovárny",49.412162950599,15.6118861365634,JI,CZ
"Jihlava,,Královský vršek",49.4102992422001,15.5878148481742,JI,CZ
"Jihlava,,Jiřího z Poděbrad",49.4115331512366,15.5941143776467,JI,CZ
"Jihlava,,Masonite",49.4133417728852,15.6119039247789,JI,CZ
"Jihlava,,Na dolech",49.4099338449709,15.5677379980759,JI,CZ
"Jihlava,,Enviropol",49.4129001083183,15.604545308747,JI,CZ
"Jihlava,,Na Vyhlídce",49.4130381534012,15.5958619257506,JI,CZ
"Jihlava,,Na růžku",49.4131689586753,15.5905368148923,JI,CZ
"Jihlava,,Obalovna",49.4157984709724,15.6112283682189,JI,CZ
"Jihlava,,Hl.nádraží ČD",49.4148184516708,15.5987044147371,JI,CZ
"Jihlava,,Hybrálecká",49.4130491439725,15.5759144162689,JI,CZ
"Jihlava,,Staré Hory",49.4141072333327,15.5697856317943,JI,CZ
"Jihlava,,Swoboda CZ",49.4172161820322,15.6045016415155,JI,CZ
"Jihlava,,Motorpal hala",49.4149141379768,15.5627606485731,JI,CZ
"Jihlava,,Borovinka",49.4160101147555,15.5743317975149,JI,CZ
"Jihlava,,Ammeraal Beltech",49.4188435029255,15.609031551148,JI,CZ
"Jihlava,,Okrajová",49.4161347598789,15.5740481101009,JI,CZ
"Jihlava,,Slavíčkova",49.4173288554197,15.5888987633856,JI,CZ
"Jihlava,,Motorpal nová hala",49.4154424900188,15.5628482996253,JI,CZ
"Jihlava,,Ul.5.května",49.4196281709762,15.5952719653298,JI,CZ
"Jihlava,,Smrčenská",49.4218001526412,15.5888924113398,JI,CZ
"Jihlava,,Kronospan",49.423369586238,15.5980770988429,JI,CZ
"Jihlava,,Lesnov",49.4256828800693,15.5868216716764,JI,CZ
"Jihlava,,U Rybníka",49.4268413388513,15.5996229565321,JI,CZ
"Jihlava,,Krematorium",49.4278165990681,15.5828803766754,JI,CZ
"Jihlava,,Škola Bedřichov",49.4322575814701,15.6015592434756,JI,CZ
"Jihlava,Pístov,NC AVENTIN",49.3942911,15.5522508,JI,CZ
"Jihlava,,P + R Žižkova",49.3949508,15.5689525,JI,CZ
"Jihlava,Hosov,háj.",49.3840748380237,15.5226490544707,JI,CZ
"Jihlava,Hosov,náves",49.3868987924467,15.5380533358281,JI,CZ
"Jihlava,Hosov",49.3886370961592,15.537583411916,JI,CZ
"Jihlava,,Nemocnice",49.3985361,15.571125,JI,CZ
"Jihlava,,Strojírenská",49.4129,15.5663333,JI,CZ
"Jihlava,,Zadní Bedřichov",49.433425,15.6017028,JI,CZ
"Jihlava,,Škola Jungmannova",49.4184389,15.5930194,JI,CZ
"Jihlava,,Žitavská",49.4060611,15.5570639,JI,CZ
"Jihlava,,Purmerendská",49.4055417,15.5534472,JI,CZ
"Jihlava,,Dvořákova",49.39717177015402,15.583694016671574,JI,CZ
"Jihlava,,BOSCH Hruškové Dvory",49.4257408,15.6101428,JI,CZ
"Polná,,Jungmannova ul.",49.4820359182969,15.7219393649038,JI,CZ
"Polná,,Kateřinov",49.4825181143477,15.7169192320882,JI,CZ
"Polná,,Palackého",49.4862251354037,15.7282473285219,JI,CZ
"Polná,,kino",49.4869637671774,15.7153737358271,JI,CZ
"Polná,,aut.st.",49.4883796179278,15.7201027089947,JI,CZ
"Polná,,Tyršova",49.4875151468136,15.705267606735,JI,CZ
"Polná,,rozc.Hrbov",49.4913052336925,15.7207241920482,JI,CZ
"Polná,Nové Dvory",49.4979797630395,15.6784687083832,JI,CZ
"Polná,Hrbov",49.5058239871909,15.7451920369591,JI,CZ
Brzkov,49.5260734431526,15.726938276541,JI,CZ
"Brzkov,,Uranové doly",49.5363770122643,15.7330860175935,JI,CZ
"Polná,,rozc.Filipovské Chaloupky",49.4725375438446,15.6919609293768,JI,CZ
Věžnička,49.4604506584125,15.7047251625247,JI,CZ
Ždírec,49.454887837174,15.6760838410252,JI,CZ
Měšín,49.437562905508,15.6558514470915,JI,CZ
Střítež,49.4589678378468,15.6317073100673,JI,CZ
"Střítež,,has.zbroj.",49.4591280724802,15.6258618768483,JI,CZ
"Dobronín,,škola",49.4785575209232,15.651180509308,JI,CZ
"Dobronín,,žel.st.",49.4784112285654,15.6422065329497,JI,CZ
"Dobronín,,otočka",49.4793676527093,15.644074453437,JI,CZ
"Dobronín,,cihelna",49.4838145231034,15.6811029751518,JI,CZ
Kamenná,49.5089599688637,15.6545370256554,JI,CZ
"Polná,Janovice",49.4798777127864,15.7835923738315,JI,CZ
Záborná,49.4865929267816,15.7582451795206,JI,CZ
"Polná,Skrýšov",49.4918395921184,15.7732493958792,JI,CZ
"Jamné,Rytířsko",49.4281868140024,15.7022625514236,JI,CZ
Jamné,49.4314767711841,15.7225614245919,JI,CZ
"Jamné,Rytířsko,obchvat",49.4295083,15.7027825,JI,CZ
Rybné,49.4231810978863,15.7375249117282,JI,CZ
"Rybné,,rozc.",49.4239980070813,15.7416930186833,JI,CZ
Nadějov,49.4221327995196,15.7736151496722,JI,CZ
"Nadějov,,u křížku",49.424010790794,15.7675826140278,JI,CZ
Jersín,49.4215662148873,15.8299832081369,JI,CZ
"Jersín,,rozc.",49.4234752156025,15.8346613675704,JI,CZ
Arnolec,49.4367993804105,15.8217456384421,JI,CZ
Stáj,49.4557245769395,15.7998635773988,JI,CZ
Zhoř,49.4434900681634,15.7707730298954,JI,CZ
"Zhoř,,rozc.Lipina",49.4417758997326,15.7450509966942,JI,CZ
"Zhoř,,háj.",49.4500264429976,15.7798508755402,JI,CZ
"Jamné,Lipina",49.4492556087623,15.7437356260216,JI,CZ
"Dobroutov,,rozc.",49.466167257205,15.729179445491,JI,CZ
"Kamenice,Řehořov",49.3962353477265,15.7873776249364,JI,CZ
"Kamenice,Řehořov,nádrž",49.3971058557792,15.787555564028,JI,CZ
"Věžnice,,rozc.Kamenice I",49.3966872508938,15.7667736113509,JI,CZ
"Věžnice,,rozc.Kamenice",49.3971296127575,15.7653570301445,JI,CZ
Věžnice,49.4072595877288,15.7591004372218,JI,CZ
"Luka n.Jihlavou,Svatoslav",49.35525169563,15.6890183886213,JI,CZ
"Luka n.Jihlavou,,Pleas",49.3692856782061,15.7159842571063,JI,CZ
"Luka n.Jihlavou,,u lávky",49.3709982647144,15.7120937226227,JI,CZ
"Luka n.Jihlavou,,nám.",49.3730099646362,15.7033332180156,JI,CZ
"Luka n.Jihlavou,,sokolovna",49.3746183212486,15.6953811168282,JI,CZ
"Luka n.Jihlavou,,Staré Brno",49.3761591775802,15.699851899031,JI,CZ
"Luka n.Jihlavou,,cihelna",49.3817682146195,15.6995470631087,JI,CZ
"Luka n.Jihlavou,Otín",49.3864324272877,15.6880849809904,JI,CZ
"Velký Beranov,Jeclov",49.3854869887236,15.6723855687788,JI,CZ
"Velký Beranov,Bradlo",49.3935912129917,15.6564327277592,JI,CZ
"Luka n.Jihlavou,,Loudilka",49.4003079434888,15.681992863682,JI,CZ
"Velký Beranov,,zast.",49.4019689944619,15.6722438923364,JI,CZ
Velký Beranov,49.4022980098539,15.6661401500198,JI,CZ
"Velký Beranov,,škola",49.4038911735217,15.6634129222815,JI,CZ
"Velký Beranov,,obec",49.4049000898462,15.6678819038682,JI,CZ
"Velký Beranov,,Nové Domky",49.4047907310161,15.6496009265865,JI,CZ
"Velký Beranov,,dáln.cestmistrovství",49.4187870145757,15.6794944203151,JI,CZ
"Kozlov,,rozc.",49.3983829878771,15.7001669220805,JI,CZ
Kozlov,49.4119446874582,15.7004995592158,JI,CZ
Vysoké Studnice,49.394148380278,15.7302562505732,JI,CZ
"Bítovčice,,u lávky",49.3625407085481,15.7377355467234,JI,CZ
"Bítovčice,,rest.",49.3664110073312,15.7353249788533,JI,CZ
"Bítovčice,,rozc.Vržanov",49.3599674951804,15.7501394629137,JI,CZ
"Kamenice,,samota",49.3507878063908,15.8012199773952,JI,CZ
"Kamenice,,samota Krška",49.3563205769468,15.8243823038956,JI,CZ
"Kamenice,Brodek",49.3580505808212,15.8347326657598,JI,CZ
"Kamenice,Vržanov",49.3540380877021,15.7525908932418,JI,CZ
"Kamenice,,Zdarsák",49.3656654491579,15.7867280077896,JI,CZ
"Kamenice,,lom Meráno",49.3648991157595,15.7572569721557,JI,CZ
"Kamenice,,nám.",49.3667687092858,15.7812161017251,JI,CZ
"Kamenice,,u Řezaňků",49.3673286340611,15.7753073226442,JI,CZ
"Kamenice,,Strážka",49.3670591911209,15.7684159845807,JI,CZ
"Kamenice,,škola",49.367922919142,15.7782520997397,JI,CZ
"Kamenice,Kamenička",49.3722642510891,15.8023299720927,JI,CZ
"Kamenice,,výkrmna",49.3824673316248,15.7736767431757,JI,CZ
"Brtnice,Komárovice,rozc.Svatoslav",49.347112028112,15.6834940250822,JI,CZ
"Puklice,,lihovar",49.3539021257522,15.6700688465714,JI,CZ
"Puklice,,škola",49.3589994025057,15.6556977324954,JI,CZ
"Puklice,,zámek",49.3601899665303,15.6481300787105,JI,CZ
"Puklice,Studénky",49.3646432969791,15.6353082162155,JI,CZ
"Puklice,Studénky,rozc.",49.3664997976378,15.6170697955005,JI,CZ
"Brtnice,Komárovice,U lípy",49.3333777738378,15.6646196128292,JI,CZ
"Brtnice,Komárovice",49.3352308424428,15.6691380937821,JI,CZ
"Brtnice,Komárovice,rozc.",49.33793128532,15.6535626086343,JI,CZ
"Brtnice,Příseka",49.3411200676944,15.645436482649,JI,CZ
"Brtnice,Jestřebí",49.29013658637,15.6430428391459,JI,CZ
"Brtnice,Jestřebí,rozc.Kněžice",49.2892187508573,15.6254473294236,JI,CZ
"Brtnice,,Horní město",49.3017920569653,15.6719214368489,JI,CZ
"Brtnice,,nám.",49.3046759431503,15.6778332054403,JI,CZ
"Brtnice,,škola",49.3073305754449,15.6762024883096,JI,CZ
"Brtnice,,Školní ul.",49.3098335168069,15.6748098822019,JI,CZ
"Brtnice,,Nová čtvrť",49.3106847711989,15.6709626415052,JI,CZ
"Brtnice,,Snaha",49.3126428812553,15.6839150277514,JI,CZ
"Brtnice,Panská Lhota",49.3216351134889,15.7182657920976,JI,CZ
"Brtnice,Uhřínovice,obec",49.3195657430229,15.6450945108559,JI,CZ
"Brtnice,Uhřínovice,rozc.",49.3226555460391,15.6557326288656,JI,CZ
"Brtnice,Malé",49.3278284000802,15.6992051169085,JI,CZ
"Kněžice,Rychlov,rozc.1.3",49.2878462905908,15.6965125738783,JI,CZ
Hrutov,49.2554025684405,15.6799448989889,JI,CZ
"Kněžice,Brodce",49.2570981795089,15.6709165513701,JI,CZ
"Kněžice,,zámek",49.2657851697428,15.6719812732519,JI,CZ
Kněžice,49.2706524626704,15.6724107343072,JI,CZ
"Kněžice,Víska",49.2711760018489,15.6786918815403,JI,CZ
"Stonařov,,škola",49.2769099270365,15.5833666591809,JI,CZ
"Stonařov,,křiž.škola",49.2780297273502,15.5825900752189,JI,CZ
Stonařov,49.2817349966082,15.5868208817698,JI,CZ
"Stonařov,Sokolíčko,rozc.",49.2860969644568,15.5966397483702,JI,CZ
"Suchá,Prostředkovice",49.293821493077,15.5804673478123,JI,CZ
Suchá,49.300986552367,15.5781253517407,JI,CZ
"Suchá,Beranovec",49.3181246533302,15.575484264707,JI,CZ
"Vílanec,Loučky",49.3254951053598,15.5617630893412,JI,CZ
Vílanec,49.3337980085981,15.5762858845971,JI,CZ
"Vílanec,,škola",49.335473486226,15.5750822232089,JI,CZ
"Cerekvička-Rosice,,samota",49.328148785478,15.5764444510988,JI,CZ
"Cerekvička-Rosice,Rosice",49.3325931151944,15.6122600493472,JI,CZ
"Cerekvička-Rosice,Cerekvička",49.3347425594194,15.5885764541652,JI,CZ
Čížov,49.3523750116621,15.5840468678674,JI,CZ
Rančířov,49.3615344057813,15.5843565769484,JI,CZ
Otín,49.2656912315037,15.571183349983,JI,CZ
Pavlov,49.2424425517032,15.5607954414235,JI,CZ
"Pavlov,,hřbitov",49.2438397251709,15.5549952306398,JI,CZ
"Pavlov,Bezděkov,rozc.",49.2516788248032,15.5468646210212,JI,CZ
Brtnička,49.2369803999955,15.6264748456484,JI,CZ
"Brtnička,,u kaple",49.2374202245015,15.6226051000648,JI,CZ
Dlouhá Brtnice,49.2376529107934,15.6045266837012,JI,CZ
"Dlouhá Brtnice,,ObÚ",49.23746606370622,15.605952134359143,JI,CZ
Sedlatice,49.1926655047283,15.611949731844,JI,CZ
"Sedlatice,,rozc.",49.1971730234774,15.6217841271933,JI,CZ
Hladov,49.2163586507277,15.611030255108,JI,CZ
"Stará Říše,,rozc.Sedlatice",49.1948087436665,15.6049691701819,JI,CZ
Dvorce,49.374626705463,15.4897323939964,JI,CZ
"Dvorce,,osada Zastávka",49.3819994731955,15.4963230464128,JI,CZ
"Dvorce,,rozc.",49.3827032565238,15.4944681831838,JI,CZ
"Třešť,,Pouště",49.2838675201934,15.5204210996293,JI,CZ
"Třešť,,učiliště",49.2852038856195,15.4753802043795,JI,CZ
"Třešť,Čenkov",49.2827837511048,15.4409786090513,JI,CZ
"Třešť,,poliklinika",49.286362904395,15.4809934520772,JI,CZ
"Třešť,,žel.přejezd",49.2887232246986,15.4785131734834,JI,CZ
"Třešť,,nám.",49.2920343165716,15.4832273783013,JI,CZ
"Třešť,,rozc.k žel.st.",49.2959148046141,15.4779202466497,JI,CZ
"Třešť,,pila",49.3041446948463,15.4826382970848,JI,CZ
"Třešť,Buková,rozc.",49.3023061465136,15.448726260095,JI,CZ
"Třešť,Buková",49.3085110014603,15.447161682716,JI,CZ
"Pavlov,Bezděkov",49.2507426973407,15.5295469110295,JI,CZ
"Pavlov,Stájiště",49.2592590290288,15.5336038762669,JI,CZ
Panenská Rozsíčka,49.252817609867,15.5149746563105,JI,CZ
Hodice,49.2706659562755,15.4759174501064,JI,CZ
"Třeštice,,rozc.",49.2412533847491,15.4646114712422,JI,CZ
Třeštice,49.2459400741685,15.4521244031808,JI,CZ
Růžená,49.2707914047662,15.4275225378614,JI,CZ
Jezdovice,49.3214445091598,15.4815096508908,JI,CZ
"Třešť,Salavice",49.331599181345,15.4887220241694,JI,CZ
"Třešť,Salavice,žel.st.",49.3325955401781,15.485229557298,JI,CZ
"Třešť,Salavice,myslivna",49.3400106853307,15.5053620943391,JI,CZ
"Kostelec,,masna",49.3559914068479,15.489616674831,JI,CZ
"Kostelec,,rozc.",49.359775482895,15.4900923613113,JI,CZ
"Kostelec,,nám.",49.3618394194822,15.4918990076168,JI,CZ
"Cejle,,rozc.k žel.st.",49.3580597520649,15.4825178425783,JI,CZ
Cejle,49.3694337626189,15.475286616513,JI,CZ
"Hubenov,,Nový Hubenov",49.3922793824225,15.4696314000312,JI,CZ
"Hubenov,,Starý Hubenov obec",49.4002388801266,15.459528060226,JI,CZ
"Hubenov,,Starý Hubenov",49.4005661045969,15.4614204415914,JI,CZ
"Batelov,Rácov",49.2846573129058,15.3904880822869,JI,CZ
"Batelov,Nová Ves",49.2825697196233,15.357370423081,JI,CZ
"Batelov,Lovětín",49.2895055306556,15.4105178128061,JI,CZ
"Batelov,Rácov,samota",49.2968288858989,15.3922493489165,JI,CZ
"Batelov,,lihovar",49.3085664850652,15.39108270236,JI,CZ
"Batelov,,Motorpal",49.3130164399429,15.4041092153012,JI,CZ
"Batelov,,škola",49.3124639685275,15.3918507327508,JI,CZ
"Batelov,,nám.",49.3140183450792,15.3946532076017,JI,CZ
"Batelov,,žel.st.",49.3178502913107,15.3980705954122,JI,CZ
"Batelov,Bezděčín",49.3199656978919,15.3731019852143,JI,CZ
"Batelov,Bezděčín,obec",49.3216745657366,15.3749673103192,JI,CZ
"Rohozná,,mlýn",49.3458590668072,15.4091032848365,JI,CZ
Rohozná,49.3501200419828,15.3996367177162,JI,CZ
"Rohozná,,obec",49.3523531798853,15.3965137719599,JI,CZ
"Rohozná,,Kopaniny n.Rychnovem",49.3579210900739,15.387786433195,JI,CZ
Švábov,49.308605294813,15.358031457047,JI,CZ
"Horní Dubenky,,Janštejn",49.2499799791821,15.3216824996867,JI,CZ
"Horní Dubenky,,u Chadimů",49.2540354345624,15.3064491038655,JI,CZ
"Horní Dubenky,,škola",49.2579947634662,15.3132111943276,JI,CZ
Horní Dubenky,49.259723807931,15.3178034833758,JI,CZ
"Horní Dubenky,,Olší",49.2614768967636,15.3263463830747,JI,CZ
"Jihlávka,,žel.st.",49.2525554104908,15.2950010698878,JI,CZ
Jihlávka,49.2616931549063,15.2911723106231,JI,CZ
"Dolní Cerekev,Spělov,rozc.",49.3297957918043,15.4287462365374,JI,CZ
"Dolní Cerekev,,rozc.Rohozná",49.3299906870022,15.4276504369266,JI,CZ
"Dolní Cerekev,Spělov",49.3319110380288,15.4434005657615,JI,CZ
"Dolní Cerekev,,žel.st.",49.3427000417851,15.4625356218846,JI,CZ
"Dolní Cerekev,Nový Svět,č.15",49.3442931154372,15.4700247567267,JI,CZ
"Dolní Cerekev,Nový Svět",49.3453692732985,15.469548041915,JI,CZ
Dolní Cerekev,49.3447383598762,15.4576484615189,JI,CZ
Klatovec,49.2224407822763,15.2946608470506,JI,CZ
"Panské Dubenky,,Doubrava",49.2086854156885,15.2541160716721,JH,CZ
"Panské Dubenky,,Perka",49.2144614050868,15.2689153222032,JI,CZ
Panské Dubenky,49.2198855464151,15.2663760276988,JI,CZ
"Počátky,Prostý",49.230133375663,15.2376936164729,PE,CZ
"Panské Dubenky,,křiž.Studená",49.21811794753208,15.264661602414273,JI,CZ
"Panské Dubenky,,křiž.Počátky",49.221097380174086,15.267167789013564,JI,CZ
"Kaliště,Býkovec",49.2328254939074,15.2837338501453,JI,CZ
Kaliště,49.243489026089,15.2987360906591,JI,CZ
"Kaliště,,rozc.",49.2448032658948,15.2997573877312,JI,CZ
"Jihlava,,rozc. k Plandrům",49.4236436551239,15.5415960436549,JI,CZ
"Rantířov,,osada Damle",49.4051310366446,15.5217544741821,JI,CZ
Rantířov,49.4080303129895,15.5146962525793,JI,CZ
"Vyskytná n.Jihlavou,,odb.",49.4170151930582,15.5058923785362,JI,CZ
Plandry,49.4213372632307,15.5361107459571,JI,CZ
"Vyskytná n.Jihlavou,,škola",49.419909495538,15.5138428017595,JI,CZ
"Vyskytná n.Jihlavou,Jiřín,rozc.",49.4204271952621,15.4833773861928,JI,CZ
"Vyskytná n.Jihlavou,Jiřín",49.4327803735987,15.4704096835821,JI,CZ
"Vyskytná n.Jihlavou,Hlávkov",49.4369446674264,15.4909180349459,JI,CZ
"Hybrálec,,Šipnov",49.4285828681154,15.5328876657493,JI,CZ
Ježená,49.4165190080987,15.4655757559982,JI,CZ
"Ježená,,rozc.",49.4084094704705,15.4467435383687,JI,CZ
Dušejov,49.4084432002086,15.4322502851491,JI,CZ
"Dušejov,,rozc.",49.4099085952781,15.4378358258647,JI,CZ
"Dušejov,,u Mikšů",49.415753505137,15.4094501071011,JI,CZ
"Boršov,,kamenolom",49.3997924820574,15.4217160055704,JI,CZ
"Boršov,,rozc.",49.4024082958501,15.4215268250249,JI,CZ
Hojkov,49.3888445185027,15.4141365047183,JI,CZ
Milíčov,49.395223469935,15.391974360102,JI,CZ
Opatov,49.4295507635227,15.3938501734584,JI,CZ
"Opatov,,rozc.",49.423638330464,15.3884807205919,JI,CZ
"Šimanov,,rozc.Trojan",49.4499147862556,15.4716081235313,JI,CZ
"Šimanov,,samota",49.4537277548107,15.4400506490181,JI,CZ
Šimanov,49.4564126798497,15.4491322899396,JI,CZ
"Šimanov,,Na Březině",49.4586681434362,15.4421452261574,JI,CZ
"Šimanov,,U obrázku",49.4658309225513,15.4584835045854,JI,CZ
"Opatov,,rozc.I",49.4385170998426,15.4108204459212,JI,CZ
Zbilidy,49.4432348957843,15.4238309031901,JI,CZ
"Zbilidy,,Na padrti",49.4568043159513,15.4180527039957,JI,CZ
Dudín,49.4511301746378,15.3973506410345,JI,CZ
"Dudín,,Buková",49.4659128781752,15.3889757479398,JI,CZ
"Zbilidy,,has.zbroj.",49.44446677990081,15.423072173039493,JI,CZ
"Ústí,Branišov",49.4665157594936,15.43312051073,JI,CZ
Ústí,49.4734386881795,15.4141512380172,JI,CZ
"Ústí,,rozc.",49.4779710025853,15.4209332316703,JI,CZ
"Ústí,,Na Němečku",49.4891273678446,15.4059173791611,JI,CZ
"Větrný Jeníkov,,háj.v Horách",49.4630516655845,15.4995421554412,JI,CZ
"Větrný Jeníkov,,nám.",49.4755131624279,15.4794732131084,JI,CZ
"Větrný Jeníkov,,křiž.",49.479151148068,15.4721334375669,JI,CZ
Zbinohy,49.4867575611228,15.4802752734235,JI,CZ
"Větrný Jeníkov,Velešov",49.4862659517011,15.4514180577118,JI,CZ
"Zbinohy,,samota",49.4931817992526,15.4733950489274,JI,CZ
"Větrný Jeníkov,Velešov,hájenka",49.4952888548209,15.4447154705516,JI,CZ
Bílý Kámen,49.4370664960223,15.5130449200139,JI,CZ
"Bílý Kámen,,lom rozc.",49.444236150137,15.5140716328943,JI,CZ
"Kalhov,,samota",49.4752888261873,15.4601769636049,JI,CZ
"Kalhov,,rozc.",49.4782267178855,15.4462299484961,JI,CZ
Kalhov,49.4807706049249,15.4415819212414,JI,CZ
"Jihlava,Zborná,rozc.",49.4317868682259,15.5729612431874,JI,CZ
"Jihlava,Zborná",49.439020760431,15.5745785970989,JI,CZ
Hybrálec,49.4277862547407,15.5592241641753,JI,CZ
"Hybrálec,,U lyžaře",49.4322999530852,15.5717121958434,JI,CZ
"Jihlava,,Stříbrný Dvůr",49.444777499973,15.5614701393477,JI,CZ
"Jihlava,,hutě u Smrčné",49.4591326234414,15.5561226056097,JI,CZ
"Smrčná,,hřiště",49.4692405440559,15.5431211529286,JI,CZ
Smrčná,49.4716486898246,15.534766787231,JI,CZ
"Telč,,kačárna",49.1642092088018,15.465928302003,JI,CZ
"Telč,,výkrmna",49.165265735903,15.4401425236989,JI,CZ
"Telč,,Radkovská",49.1680024544046,15.4623838847181,JI,CZ
"Telč,,ČSAD rozc.",49.1761531195326,15.4543953061362,JI,CZ
"Telč,,rozc.Kostelní Myslová",49.1790140832716,15.4504526165906,JI,CZ
"Telč,,aut.nádr.",49.1822545602844,15.4639955350688,JI,CZ
"Telč,,Hradecká škola",49.1823950727234,15.4489151766666,JI,CZ
"Telč,,Interiér",49.186817085488,15.4713144226929,JI,CZ
"Telč,,kino",49.1880351387046,15.451853290378,JI,CZ
"Telč,,Laurova cihelna",49.198125356343,15.4402919244387,JI,CZ
Nevcehle,49.2251347997588,15.5342317518641,JI,CZ
"Dyjice,Stranná,rozc.",49.1923103176438,15.507679105072,JI,CZ
"Dyjice,Dolní Dvorce",49.1920718061651,15.4984792340277,JI,CZ
Žatec,49.2063741247185,15.5054742706353,JI,CZ
Urbanov,49.2150365560205,15.5139145900688,JI,CZ
Mysliboř,49.2100464729472,15.4847916409804,JI,CZ
"Volevčice,,rozc.",49.2086340272199,15.4537643211905,JI,CZ
"Volevčice,,obec",49.2110341762374,15.4439959414137,JI,CZ
"Volevčice,,rozc.I",49.2105918546025,15.4324791384612,JI,CZ
"Telč,Studnice",49.2239771078867,15.4567171709054,JI,CZ
Vanov,49.2077100292179,15.4165864228169,JI,CZ
"Vanov,,u lomu",49.2125831622553,15.4126356842902,JI,CZ
Hostětice,49.191154938472,15.4140819623035,JI,CZ
"Hostětice,Částkovice",49.194870245727,15.3948511388119,JI,CZ
Krahulčí,49.1811079559352,15.4138398683213,JI,CZ
Sedlejov,49.22734172823,15.4955068027563,JI,CZ
"Mrákotín,Dobrá Voda,obec",49.176360100231,15.3802475086675,JI,CZ
"Mrákotín,Praskolesy",49.1759224347616,15.3552661357616,JI,CZ
"Mrákotín,Dobrá Voda,",49.1778049353673,15.3750840524668,JI,CZ
"Mrákotín,Dobrá Voda,rozc.",49.1803608079438,15.3896383802356,JI,CZ
"Mrákotín,Praskolesy,rozc.",49.1822342559609,15.3746439629339,JI,CZ
Mrákotín,49.1895900851717,15.3766089967809,JI,CZ
"Mrákotín,,lom",49.1887563722726,15.3662444696206,JI,CZ
"Mrákotín,,Hamry",49.1903773405666,15.3581318813658,JI,CZ
Lhotka,49.2075065419824,15.3888854563697,JI,CZ
Řásná,49.2197476311021,15.3951215390596,JI,CZ
Vanůvek,49.2222707517924,15.4226522628843,JI,CZ
"Vanůvek,,rozc.",49.2242357464641,15.4222040075074,JI,CZ
"Řídelov,,rozc.",49.2306870087816,15.4080968827674,JI,CZ
Doupě,49.2363225668266,15.4349925875586,JI,CZ
Olší,49.1549738246379,15.3758919726083,JI,CZ
Mysletice,49.1425659771199,15.3886802313633,JI,CZ
"Kostelní Myslová,,rozc.Zadní Vydří",49.1464352322071,15.4059184798976,JI,CZ
Zadní Vydří,49.1337985512618,15.4177981243389,JI,CZ
Kostelní Myslová,49.1485200285401,15.4284742742499,JI,CZ
Horní Myslová,49.1653294409283,15.422243774075,JI,CZ
"Horní Myslová,,rozc.Borovná",49.1682071224124,15.4258507403706,JI,CZ
"Horní Myslová,,samota",49.1702600405315,15.4164579060769,JI,CZ
Borovná,49.164563420297,15.3949913506516,JI,CZ
"Nová Říše,,nám.",49.1399349125664,15.5624151037895,JI,CZ
"Nová Říše,,škola",49.1417628196644,15.5587421340147,JI,CZ
"Nová Říše,,vodní nádrž",49.1456730867467,15.5447706070732,JI,CZ
Dolní Vilímeč,49.1352767408531,15.5202259229264,JI,CZ
Vystrčenovice,49.1519784476543,15.5327444493833,JI,CZ
Bohuslavice,49.149577029582,15.5748774279547,JI,CZ
"Bohuslavice,,rozc.",49.1504305331144,15.573005209268,JI,CZ
Vápovice,49.1555909186834,15.5787149955949,JI,CZ
Jindřichovice,49.1379688114924,15.6372211928354,JI,CZ
Zdeňkov,49.1403036143379,15.6195136489204,JI,CZ
Krasonice,49.1157448451665,15.6154826666405,JI,CZ
Knínice,49.093823563243,15.603635006144,JI,CZ
Zvolenovice,49.163353754645,15.5056206975652,JI,CZ
"Dyjice,,rozc.",49.1715799155418,15.4876763615407,JI,CZ
"Stará Říše,,pila",49.1683179333567,15.5867759231939,JI,CZ
Stará Říše,49.1774169063474,15.5955419014186,JI,CZ
"Stará Říše,,u kapličky",49.1827253069865,15.5964407051855,JI,CZ
Markvartice,49.1769065781453,15.6172044486503,JI,CZ
"Markvartice,,Kasárna",49.1814299320339,15.631954485403,JI,CZ
Svojkovice,49.1657976377639,15.6347651577144,JI,CZ
"Svojkovice,,U anděla",49.1699490462953,15.6403680479809,JI,CZ
"Rozseč,,Otvrň",49.1476628319768,15.5952651801774,JI,CZ
Rozseč,49.1563444851194,15.6172836695481,JI,CZ
Olšany,49.1858230374831,15.5665607044596,JI,CZ
"Ořechov,,Pilka",49.1906788680965,15.5513623866711,JI,CZ
"Ořechov,,rozc.",49.1932852989509,15.5285402798287,JI,CZ
Ořechov,49.1973524067069,15.5296408152869,JI,CZ
Radkov,49.144731880041,15.4758167884582,JI,CZ
"Radkov,,statek",49.1497690779892,15.4694163481482,JI,CZ
Strachoňovice,49.1351849275455,15.4882943622628,JI,CZ
Černíč,49.1275900366195,15.4599357634716,JI,CZ
"Černíč,,rozc.",49.1306723693635,15.448199571061,JI,CZ
"Černíč,Slaviboř",49.1345694793445,15.465782097845,JI,CZ
"Černíč,Myslůvka",49.1410898201995,15.4453799097114,JI,CZ
"Třebíč,,Správa silnic",49.2025239141835,15.8978031903557,TR,CZ
"Třebíč,,Poliklinika Vltavínská",49.203619878004,15.8794124313394,TR,CZ
"Třebíč,,Kubišova",49.2056563680473,15.8868476459935,TR,CZ
"Třebíč,,U Kotelny",49.2064401920512,15.8940266035615,TR,CZ
"Třebíč,,Družstevní",49.2058880408255,15.8809066022339,TR,CZ
"Třebíč,,U lípy",49.2079499754932,15.8951995122614,TR,CZ
"Třebíč,,Znojemská",49.2073737390293,15.8861195722649,TR,CZ
"Třebíč,,Demlova",49.2071415876385,15.8828042369199,TR,CZ
"Třebíč,,Za Rybníkem",49.204984910017,15.8456910296296,TR,CZ
"Třebíč,,Václavské nám.",49.2077280777465,15.8796902993061,TR,CZ
"Třebíč,,Průmyslová čtvrť",49.2094233819497,15.8992601727051,TR,CZ
"Třebíč,,Kosmákova",49.2090481428932,15.8911128638556,TR,CZ
"Třebíč,,Koželužská",49.2063259434453,15.8554905864768,TR,CZ
"Třebíč,Borovina,Janův mlýn",49.2076889996747,15.8685300163442,TR,CZ
"Třebíč,,Dům dětí a mládeže",49.2073070024815,15.8615185538854,TR,CZ
"Třebíč,,Březinova",49.20946169809,15.8859438198827,TR,CZ
"Třebíč,,Křížkovského",49.2096331682665,15.8827781612368,TR,CZ
"Třebíč,,Hrotovická",49.2106829943937,15.8929735964722,TR,CZ
"Třebíč,,Jiráskova",49.2098054160216,15.8793933068941,TR,CZ
"Třebíč,,ZŠ Bartuškova",49.2087919571042,15.8660359810262,TR,CZ
"Třebíč,,Revoluční",49.2081088140337,15.8561283324396,TR,CZ
"Třebíč,,U Kapličky",49.2094301178447,15.8621863731074,TR,CZ
"Třebíč,,žel.st.",49.2116393801929,15.8863132841512,TR,CZ
"Třebíč,,Nemocnice",49.2118661013672,15.8886802997072,TR,CZ
"Třebíč,,Táborský mlýn",49.2150185349536,15.9278146676202,TR,CZ
"Třebíč,,Nádražní",49.21236787720147,15.88246013568579,TR,CZ
"Třebíč,Borovina,Pražská",49.2100664797601,15.8572619522162,TR,CZ
"Třebíč,,Bráfova",49.2125149441618,15.8855814741512,TR,CZ
"Třebíč,,Palečkův mlýn",49.2158141101391,15.9105336063397,TR,CZ
"Třebíč,,Sucheniova",49.2129867735031,15.8688735076473,TR,CZ
"Třebíč,,Cyrilometodějská",49.2148885049242,15.8899172031652,TR,CZ
"Třebíč,,Colas",49.2163113661815,15.9063039924952,TR,CZ
"Třebíč,,Kaufland",49.2156945346452,15.8951552571611,TR,CZ
"Třebíč,,u aut. nádr.",49.2142239415006,15.8759435364216,TR,CZ
"Třebíč,,aut.nádr.",49.2145919331664,15.8755145372773,TR,CZ
"Třebíč,,Mototechna",49.2165700317356,15.8997872329207,TR,CZ
"Třebíč,,Komenského nám.",49.2149018778099,15.8770684336837,TR,CZ
"Třebíč,,Karlovo náměstí",49.2157878358354,15.8815843749252,TR,CZ
"Třebíč,,Samešova",49.2174908791915,15.8966327892359,TR,CZ
"Třebíč,,ZŠ Na Kopcích",49.2180214609521,15.9011652908608,TR,CZ
"Třebíč,,Dřevařské závody",49.2178862084996,15.8920934214875,TR,CZ
"Třebíč,,Žerotínovo nám.",49.2168192467573,15.8760267723527,TR,CZ
"Třebíč,,Modřínová",49.2184174331238,15.8947506496632,TR,CZ
"Třebíč,,Hotel Atom",49.2187645476843,15.89049720599,TR,CZ
"Třebíč,,Poušov",49.2162024643767,15.8569107882202,TR,CZ
"Třebíč,Řípov,rozc.",49.21301384729364,15.854895314981706,TR,CZ
"Třebíč,,A.Kratochvíla",49.219762055519,15.8944486318117,TR,CZ
"Třebíč,,Zámek",49.2187208770754,15.8710002663951,TR,CZ
"Třebíč,,Poliklinika Hájek",49.220129950608,15.8856751231541,TR,CZ
"Třebíč,,Benešova",49.221895210195,15.8942249545178,TR,CZ
"Třebíč,,Sýpky",49.2200469920691,15.8691752135186,TR,CZ
"Třebíč,,U Pekárny",49.2225932371472,15.8940410637006,TR,CZ
"Třebíč,,Palackého",49.2212178979804,15.8727976338509,TR,CZ
"Třebíč,,M.Majerové",49.2222320634177,15.8823894681794,TR,CZ
"Třebíč,,Račerovická",49.2212596844389,15.8667459654646,TR,CZ
"Třebíč,,Gen.Svobody",49.2237658344773,15.8851063029661,TR,CZ
"Třebíč,Týn,Jednota",49.2232082518638,15.8710209313083,TR,CZ
"Třebíč,,Nová",49.2235850871498,15.8703286706847,TR,CZ
"Třebíč,,Míčova",49.2251219745823,15.8890560629993,TR,CZ
"Třebíč,Ptáčov",49.2292157235863,15.9264977795054,TR,CZ
"Třebíč,,Na Příkopech",49.224606320786,15.86339151475,TR,CZ
"Třebíč,,Koutkova",49.2253691231714,15.8731923321597,TR,CZ
"Třebíč,,Na Holečku",49.2258443611255,15.8763112595136,TR,CZ
"Třebíč,Týn",49.226981979735,15.8746007829168,TR,CZ
"Třebíč,,U Hřbitova",49.2288761840413,15.8832729498606,TR,CZ
"Třebíč,Sokolí",49.2267681179251,15.8305679491215,TR,CZ
"Třebíč,Sokolí,rozc.1.0",49.2294464420752,15.8387514640569,TR,CZ
"Třebíč,,Bažantnice",49.2350547288597,15.8502845804662,TR,CZ
"Třebíč,Sokolí,osada chat",49.2355801585348,15.8248027149709,TR,CZ
"Třebíč,,Dubina hájenka",49.2410819955366,15.867590954029,TR,CZ
"Kožichovice,,Požární útvar",49.2016393133059,15.901460509757,TR,CZ
"Kožichovice,,TIPAFROST",49.2036931950594,15.9054496056358,TR,CZ
"Kožichovice,,Jitona",49.2089249384348,15.9114163856325,TR,CZ
"Třebíč,,Stop shop",49.2010482743907,15.8901589557458,TR,CZ
"Třebíč,,Lavického",49.2270547,15.876975,TR,CZ
"Třebíč,,ZŠ Kpt.Jaroše",49.222480299652204,15.883700071669315,TR,CZ
"Třebíč,,Demlova školka",49.2070808,15.8852225,TR,CZ
"Třebíč,,Střítežská",49.201184,15.887887,TR,CZ
Vladislav,49.2103409002301,15.9871202488667,TR,CZ
"Vladislav,Hostákov",49.231964805891,15.9707615095539,TR,CZ
"Vladislav,Střížov",49.198001913414,15.979145411419,TR,CZ
Číměř,49.2006287550917,15.9971301054648,TR,CZ
Dolní Vilémovice,49.1531977562878,15.9781390362937,TR,CZ
"Dolní Vilémovice,,křiž.",49.1552196287296,15.9758188211761,TR,CZ
Kožichovice,49.2006289239967,15.9217070817147,TR,CZ
"Dolní Vilémovice,,rozc.3.0",49.1730121825646,15.9813514473042,TR,CZ
Slavičky,49.1763877679947,15.9698768348866,TR,CZ
"Slavičky,Okrašovice,rozc.1.5",49.1833967248183,15.9489851899192,TR,CZ
"Slavičky,Okrašovice",49.1852506736534,15.9584142518258,TR,CZ
"Slavičky,Pozďátky",49.2007539741929,15.9568874298064,TR,CZ
"Petrůvky,,rozc.1.0",49.1629978037715,15.8853147198767,TR,CZ
"Třebíč,Slavice",49.1760785962771,15.8773068168775,TR,CZ
"Třebíč,Slavice,rozc.1.0",49.1811680316278,15.8890804776835,TR,CZ
Střítež,49.1897357120677,15.8964603156288,TR,CZ
"Střítež,,rozc.",49.1922164959994,15.8893847283187,TR,CZ
"Klučov,,Lhotka",49.1537474030137,15.9411185366689,TR,CZ
Klučov,49.1656400595835,15.9339941539807,TR,CZ
Ostašov,49.1554562541172,15.9180042810419,TR,CZ
Petrůvky,49.1590919646601,15.9028478623745,TR,CZ
"Budišov,,Dvůr Holeje",49.2617983338498,16.0375720050106,TR,CZ
"Budišov,,ZD",49.2652818532658,16.0073558594133,TR,CZ
Budišov,49.2716184545162,16.003104504947,TR,CZ
"Budišov,Mihoukovice",49.2730699344817,16.0216224560766,TR,CZ
"Budišov,,Sv.Václav",49.2730523234889,16.0055376154619,TR,CZ
"Budišov,,škola",49.2746909251664,16.011392464808,TR,CZ
"Budišov,,Kundelov",49.2853005927735,16.0200294097361,TR,CZ
"Budišov,,Kundelov samoty",49.28766181606,16.0206946129994,TR,CZ
"Nárameč,,lihovar",49.2594776348579,15.9824901058394,TR,CZ
Nárameč,49.2641793214686,15.9758723125371,TR,CZ
"Nárameč,,rozc.",49.2652986715079,15.9824483943185,TR,CZ
"Nárameč,,Dvorek",49.2684849416819,15.9574007993781,TR,CZ
Trnava,49.2538183254778,15.9277075115254,TR,CZ
"Trnava,,rozc.",49.254414930555,15.9219963673675,TR,CZ
"Trnava,,zahradnictví",49.2607778,15.9273547,TR,CZ
Kamenná,49.27262765432,16.0588141685228,TR,CZ
"Kamenná,Klementice",49.2821574703756,16.0497006331914,TR,CZ
Pyšel,49.2503774716228,16.065639873937,TR,CZ
"Pyšel,Vaneč",49.2638624428962,16.0935398022876,TR,CZ
"Pyšel,Vaneč,u mostu",49.2665413595456,16.093992896263,TR,CZ
Pozďatín,49.2362556140233,16.0394545717217,TR,CZ
"Pozďatín,,myslivna",49.2417396814825,16.0413671971507,TR,CZ
Smrk,49.2271926236111,16.0026702180069,TR,CZ
Kojatín,49.2422435138445,16.0071076192867,TR,CZ
"Kojatín,,Spálený dvůr",49.2519466154112,16.0044820217124,TR,CZ
"Valdíkov,,drůbežárna",49.244828116007,15.9812725116989,TR,CZ
Valdíkov,49.2473352166804,15.9838584879078,TR,CZ
"Rudíkov,,Březiny",49.2748505716049,15.9437898651177,TR,CZ
"Rudíkov,,ZD",49.2832491100172,15.9431707485704,TR,CZ
"Rudíkov,,rozc.Hroznatín",49.2877201014307,15.9466375596921,TR,CZ
Rudíkov,49.2886544243386,15.9476996857578,TR,CZ
"Rudíkov,,škola",49.2896626501238,15.9504984905721,TR,CZ
"Rudíkov,,žel.st.",49.2979570404124,15.9497224536348,TR,CZ
"Hodov,,domky",49.2931519961678,15.9893401753155,TR,CZ
Hodov,49.2937654791288,15.9859637229802,TR,CZ
Studnice,49.2916506521815,16.0295574261907,TR,CZ
Rohy,49.3055546676417,16.003482232614,TR,CZ
"Rohy,,domky",49.3070015857694,15.9995427755575,TR,CZ
Vlčatín,49.3059111066963,15.9491293046675,TR,CZ
"Nový Telečkov,,MAVET",49.3216105682036,15.9467467615826,TR,CZ
Nový Telečkov,49.3210615332353,15.9377146134362,TR,CZ
Horní Heřmanice,49.3301494785948,15.9182319029031,TR,CZ
Hroznatín,49.2967150561791,15.910593181203,TR,CZ
Přeckov,49.2753363847473,15.9166921365135,TR,CZ
Horní Smrčné,49.3294088812939,15.7565542789876,TR,CZ
"Horní Smrčné,,samota",49.3383755774866,15.7646765350432,JI,CZ
Čechtín,49.2930297325498,15.8188723737257,TR,CZ
Červená Lhota,49.2852856073261,15.8070903044661,TR,CZ
"Červená Lhota,,sokolovna",49.2878946201272,15.8169617106933,TR,CZ
Číhalín,49.2698377103839,15.8123269092202,TR,CZ
"Číhalín,,rozc.1.0",49.2717001754892,15.8279425038238,TR,CZ
"Třebíč,Budíkovice,rozc.",49.2544841559435,15.8687896491106,TR,CZ
"Třebíč,Budíkovice",49.2561353048933,15.8749962884254,TR,CZ
Okřešice,49.2582824413586,15.8538242480603,TR,CZ
"Benetice,Věstoňovice",49.2892541219438,15.8700132651502,TR,CZ
Horní Vilémovice,49.2908788621569,15.8809550970567,TR,CZ
"Benetice,,škola",49.2954172229447,15.8677035430487,TR,CZ
Benetice,49.2970764666313,15.866808712602,TR,CZ
Svatoslav,49.3186714957794,15.8501467444562,TR,CZ
"Bochovice,Batouchovice",49.31195806282,15.9029782510776,TR,CZ
Bochovice,49.3207966695544,15.8966812701126,TR,CZ
"Bochovice,,odb.Horní Heřmanice",49.3204575,15.8983239,TR,CZ
Kouty,49.3148888008336,15.7928616517498,TR,CZ
"Radošov,,rozc.1.0",49.3342685963081,15.797637615119,TR,CZ
Radošov,49.3351719149452,15.7845609508673,TR,CZ
Číchov,49.2815618889466,15.7621241192545,TR,CZ
"Okříšky,,Loudilka",49.2282814640282,15.7533807922572,TR,CZ
"Okříšky,,cihelna",49.2436092612904,15.7611356803978,TR,CZ
"Okříšky,,aut.nádr.",49.2454838308464,15.7677086889125,TR,CZ
"Okříšky,,žel.st.",49.2477079137777,15.7722436635537,TR,CZ
"Okříšky,,pila",49.2501237207641,15.7810954270056,TR,CZ
"Okříšky,,hájenka",49.2497520079552,15.7474555248688,TR,CZ
Petrovice,49.2401201234813,15.7877111651253,TR,CZ
"Nová Ves,,MANN+HUMMEL",49.2535122737455,15.7885721494796,TR,CZ
"Přibyslavice,,kolonie",49.2563696324749,15.7829763329735,TR,CZ
"Přibyslavice,,závod",49.2561144457915,15.7784998954911,TR,CZ
"Přibyslavice,,hájenka",49.2600113811591,15.7648392242067,TR,CZ
Přibyslavice,49.2614798854777,15.7777642659793,TR,CZ
"Přibyslavice,,rozc.",49.2623080725004,15.7743797317914,TR,CZ
"Přibyslavice,,království",49.2632130601477,15.7464029143836,TR,CZ
"Číchov,,Hynkov rozc.",49.2743155462556,15.7666083039741,TR,CZ
Radonín,49.2797910123402,15.7236738940028,TR,CZ
"Třebíč,,Červený mlýn",49.2426335942041,15.8135969041348,TR,CZ
Nová Ves,49.2487479812313,15.8039110357649,TR,CZ
"Kněžice,,stř.Chaloupky",49.2666473286051,15.7029240962825,JI,CZ
Zašovice,49.2584157744994,15.7248330554609,TR,CZ
"Zašovice,,rozc.1.0",49.2613608863966,15.7118056024013,TR,CZ
"Zašovice,Nová Brtnice,rozc.1.0",49.2633191435386,15.710778532315,TR,CZ
"Zašovice,Nová Brtnice",49.2698163241383,15.7067481270223,TR,CZ
"Kněžice,,rozc.Radonín",49.2801784283832,15.7003566850512,JI,CZ
Bransouze,49.3025998062631,15.7519716348662,TR,CZ
"Bransouze,,žel.st.",49.3056068802759,15.7488502664771,TR,CZ
Chlum,49.3135501149916,15.76788272025,TR,CZ
"Stařeč,,Červená Hospoda",49.2132894256384,15.8305317504361,TR,CZ
"Krahulov,,žel.přejezd",49.2132211550131,15.8133918400857,TR,CZ
"Krahulov,,žel.st.",49.2158966660152,15.8052421241317,TR,CZ
"Krahulov,,rozc.",49.2196093819229,15.8101565884074,TR,CZ
Krahulov,49.2228971281267,15.8083936436499,TR,CZ
"Krahulov,,Steklý rybník 1.0",49.2226433020409,15.7864548984415,TR,CZ
"Stařeč,,nám.",49.19727208507135,15.826644557636495,TR,CZ
"Stařeč,,Tyršova",49.200691930754,15.8314447947387,TR,CZ
"Stařeč,,Tyršova dolní",49.1986542,15.8283531,TR,CZ
"Stařeč,,U Sanderů",49.1965217,15.8262758,TR,CZ
"Stařeč,,žel.st.",49.1952876545266,15.8049962849665,TR,CZ
"Stařeč,,rozc.Čechočovice",49.2000173480444,15.8025322652072,TR,CZ
Čechočovice,49.2024771085645,15.795256981479,TR,CZ
Rokytnice n.Rok.,49.1845472579246,15.7734758824979,TR,CZ
Markvartice,49.2002077286451,15.7694666618325,TR,CZ
"Rokytnice n.Rok.,,Veverka",49.1951132281273,15.752886828921373,TR,CZ
Chlístov,49.200697636699,15.7459261365997,TR,CZ
"Rokytnice n.Rok.,,rozc.Veverka",49.1958861,15.7520925,TR,CZ
Hvězdoňovice,49.2215986015861,15.7624716716899,TR,CZ
Pokojovice,49.2192278489594,15.7402670395473,TR,CZ
"Pokojovice,,rozc.Hvězdoňovice",49.2212651520583,15.7476193783338,TR,CZ
"Heraltice,,Podheraltice",49.2223416982689,15.72923470332,TR,CZ
Heraltice,49.2303522410276,15.7308280527746,TR,CZ
Mastník,49.1819026729055,15.8260469380817,TR,CZ
Loukovice,49.1368087355909,15.7932195757155,TR,CZ
"Čáslavice,,rozc.Loukovice",49.1491857694617,15.7915093234097,TR,CZ
Čáslavice,49.1520689398257,15.7718059877529,TR,CZ
"Čáslavice,,Sádek",49.1549114862606,15.7973037638625,TR,CZ
"Čáslavice,,Sádek zámek",49.1589072651575,15.7979978961584,TR,CZ
Mikulovice,49.161322297649,15.8479277864425,TR,CZ
"Kojetice,,žel.st.",49.1494154783885,15.8251985522725,TR,CZ
Kojetice,49.1571971924185,15.8223188572788,TR,CZ
Horní Újezd,49.1426603107885,15.8424073103191,TR,CZ
"Jaroměřice n.Rok.,Vacenovice,rozc.1.5",49.1306072154815,15.8565708574189,TR,CZ
"Šebkovice,,Milatice rozc.",49.1163426517433,15.820194743126,TR,CZ
Šebkovice,49.1212658531757,15.8168740223892,TR,CZ
"Šebkovice,,žel.st.",49.1215533100073,15.8342941051192,TR,CZ
"Čáslavice,,rozc.3.0",49.1612824080508,15.7354110634499,TR,CZ
"Římov,,rozc.",49.1671341035264,15.7428029148685,TR,CZ
Římov,49.1697146386919,15.7574242696875,TR,CZ
Štěměchy,49.19373384219,15.7131616013655,TR,CZ
"Předín,Hory",49.1858477801498,15.6539237795639,TR,CZ
Předín,49.1964589832065,15.6749815825136,TR,CZ
"Opatov,,zdrav.stř.",49.2222473573934,15.663520892516,TR,CZ
Opatov,49.2238901267191,15.6615501181359,TR,CZ
"Jaroměřice n.Rok.,,Poděbradova",49.0918133898329,15.8925996714137,TR,CZ
"Jaroměřice n.Rok.,,u mlékárny",49.0933161170366,15.8810531176349,TR,CZ
"Jaroměřice n.Rok.,Příložany,rozc.",49.0981257917716,15.9309648303917,TR,CZ
"Jaroměřice n.Rok.,,Snaha",49.0948271683083,15.8710236495835,TR,CZ
"Jaroměřice n.Rok.,,aut.nádr.",49.0962774193298,15.8887555954111,TR,CZ
"Jaroměřice n.Rok.,,žel.st.",49.0946289680571,15.8659831455304,TR,CZ
"Jaroměřice n.Rok.,Příložany",49.1025075146921,15.9300045525822,TR,CZ
"Jaroměřice n.Rok.,Popovice",49.0981349690969,15.8612441766364,TR,CZ
"Jaroměřice n.Rok.,Boňov,Ratibořická",49.1173474587553,15.9161144702511,TR,CZ
"Jaroměřice n.Rok.,Boňov",49.1180572485238,15.9185472138991,TR,CZ
"Jaroměřice n.Rok.,Boňov,rozc.1.0",49.1208966486103,15.9021012522405,TR,CZ
"Jaroměřice n.Rok.,Vacenovice",49.1207398264435,15.8632516721223,TR,CZ
Lesůňky,49.1068589081147,15.843363283891,TR,CZ
"Jaroměřice n.Rok.,Ratibořice",49.1322281865435,15.9046681550432,TR,CZ
"Výčapy,Štěpánovice",49.1243432414096,15.8826118292185,TR,CZ
Výčapy,49.1444310413956,15.8774836492316,TR,CZ
Lipník,49.1444149299337,15.948672588689,TR,CZ
"Myslibořice,,hájenka Ostré",49.1205643019795,15.9728444863527,TR,CZ
Zárubice,49.1252837751567,15.9814646180579,TR,CZ
"Zárubice,,rozc.0.5",49.1270909576973,15.9751069820652,TR,CZ
Myslibořice,49.1019066846053,15.9861178310303,TR,CZ
"Myslibořice,,chaloupky",49.1046345534269,15.9738778952452,TR,CZ
"Příštpo,,hájenka",49.059128508258,15.9429278534391,TR,CZ
Příštpo,49.0740714038434,15.934467807282,TR,CZ
"Příštpo,,mlýn",49.078028479022,15.9273238067841,TR,CZ
"Příštpo,,kamenolom",49.0827972416265,15.9154990363072,TR,CZ
Odunec,49.1214515342339,16.0154277906321,TR,CZ
Račice,49.1069397451153,16.0234476257497,TR,CZ
Krhov,49.0997129520912,16.0188307360975,TR,CZ
"Slatina,,ObÚ",49.0200117,16.0174561,ZN,CZ
"Slatina,Kratochvilka,křiž.",49.0298844,16.0278758,ZN,CZ
"Slatina,,horní zast.",49.0212022,16.0241947,ZN,CZ
"Slatina,Kratochvilka",49.0291022,16.0312289,ZN,CZ
"Hrotovice,,správa silnic",49.103962022944,16.0721018196597,TR,CZ
"Hrotovice,,aut.nádr.",49.1073578701383,16.060454855497,TR,CZ
"Dalešice,,rozc.",49.1249324144773,16.0741497310116,TR,CZ
"Dalešice,,škola",49.1296958266166,16.0817946627863,TR,CZ
Stropešín,49.1526798382837,16.0760003484643,TR,CZ
"Valeč,,u kostela",49.1447154890459,16.0357415558655,TR,CZ
Valeč,49.1477235105312,16.0381118509001,TR,CZ
"Třebenice,Chroustov",49.1611723929574,16.0506986412448,TR,CZ
"Třebenice,,na hl.silnici",49.1605176659733,16.0143936096593,TR,CZ
"Třebenice,Plešice",49.1626475046439,16.0365294380154,TR,CZ
Třebenice,49.1625394522148,16.0137959607405,TR,CZ
"Bačice,Udeřice,točna",49.0850553769063,16.0254876616232,TR,CZ
"Bačice,Udeřice,rozc.1.0",49.0867239496894,16.0019464490583,TR,CZ
Radkovice u Hrotovic,49.07064990136,16.0074469477643,TR,CZ
"Biskupice-Pulkov,Biskupice",49.036214953382,16.0109058723165,TR,CZ
"Biskupice-Pulkov,Pulkov",49.0391152221022,15.9881511663448,TR,CZ
"Biskupice-Pulkov,Pulkov,rozc.1.5",49.0423473651655,16.0052620339706,TR,CZ
"Rozkoš,,u kapličky",49.0285533,15.9768194,ZN,CZ
"Rozkoš,,Kníničky",49.0271072,15.9344939,ZN,CZ
"Rozkoš,,myslivna",49.0295181,15.9593839,ZN,CZ
"Rozkoš,,Zátiší",49.0284194,15.9951211,ZN,CZ
Bohušice,49.084738597042,15.8526337741602,TR,CZ
"Moravské Budějovice,Vesce",49.0225168524432,15.8332981190177,TR,CZ
"Moravské Budějovice,Lažínky",49.0352036947202,15.8331721621097,TR,CZ
"Moravské Budějovice,Jackov",49.0358866408121,15.7692515996989,TR,CZ
"Moravské Budějovice,,Urbánkova",49.04854063089,15.8121203881792,TR,CZ
"Moravské Budějovice,,Husova",49.0487149176264,15.8109818457394,TR,CZ
"Moravské Budějovice,,Tyršova",49.0490732824809,15.81511623437,TR,CZ
"Moravské Budějovice,,ZD",49.0558275265823,15.8247795516602,TR,CZ
"Moravské Budějovice,,aut.nádr.",49.0564882453721,15.8081252993737,TR,CZ
"Moravské Budějovice,,1.máje",49.0569057089992,15.8094450956092,TR,CZ
"Moravské Budějovice,,Chelčického",49.0600957452178,15.8158574412686,TR,CZ
"Blatnice,,rozc.1.0",49.0752376137114,15.8634946848103,TR,CZ
"Jaroměřice n.Rok.,Ohrazenice",49.0555296014948,15.8929325385031,TR,CZ
"Blatnice,,Dvorek",49.0458300333715,15.8772143627435,TR,CZ
Blatnice,49.0719191958484,15.8704606788081,TR,CZ
"Blatnice,,ObÚ",49.06983773983626,15.87125439782074,TR,CZ
Zvěrkovice,49.025472268117,15.8634370127025,TR,CZ
"Hostim,,nám.",49.0169634169651,15.8980292077131,ZN,CZ
"Lukov,,rozc.1.0",49.0693040287036,15.8435105755858,TR,CZ
Lukov,49.0735336511927,15.8241554443416,TR,CZ
Vícenice u Mor.Budějovic,49.0884552728063,15.8130539813589,TR,CZ
Dolní Lažany,49.099627394275,15.8216179618504,TR,CZ
"Nové Syrovice,,Spetice",49.0061524349196,15.7303791127962,TR,CZ
Nové Syrovice,49.0178982107213,15.7735087055092,TR,CZ
"Nové Syrovice,,sokolovna",49.0200214407343,15.7723055519602,TR,CZ
Nimpšov,49.0224736116922,15.749245328005,TR,CZ
"Nové Syrovice,Krnčice",49.0263777251633,15.7885404432684,TR,CZ
"Nové Syrovice,Krnčice,VÚ",49.0307052980185,15.7946581847519,TR,CZ
"Nové Syrovice,,rozc.Nimpšov",49.0278045181217,15.7550638697242,TR,CZ
"Nové Syrovice,,Mikálka",49.0282975718664,15.747304833701,TR,CZ
"Dešov,,Malý Dešov",48.9769221577973,15.6916716113362,TR,CZ
Dešov,48.9853716422042,15.7006304640222,TR,CZ
"Dešov,,jezera",48.9955794972938,15.716107085941,TR,CZ
"Vysočany,,prodejna",48.9405069,15.6891686,ZN,CZ
"Vysočany,,Svobodův mlýn",48.9613381,15.6791992,ZN,CZ
"Vysočany,,most",48.9372444,15.7039594,ZN,CZ
Hornice,48.9939764577141,15.6790886749826,TR,CZ
Kojatice,48.9990489956722,15.7021235587802,TR,CZ
"Kojatice,Velký Újezd",49.0079569762441,15.6949276391622,TR,CZ
Láz,49.0127123255869,15.7862642851332,TR,CZ
Lesná,49.1737412700583,15.6787031460518,TR,CZ
"Želetava,Šašovice",49.1213532001625,15.6710903678312,TR,CZ
"Želetava,Horky",49.1268863494695,15.6957604464299,TR,CZ
"Želetava,Šašovice,rozc.1.5",49.1336911791982,15.6857206146311,TR,CZ
Želetava,49.1422138933846,15.6729047810536,TR,CZ
"Želetava,Bítovánky",49.1454574474064,15.6914166667392,TR,CZ
"Želetava,,strojírny",49.1470467199443,15.6714314683464,TR,CZ
"Cidlina,,hájenka",49.1562962660018,15.7137632580215,TR,CZ
Cidlina,49.12773825672,15.7352020986093,TR,CZ
"Cidlina,,samota",49.1333858489982,15.7253648327593,TR,CZ
Babice,49.1232258146775,15.7695646048293,TR,CZ
"Babice,Bolíkovice",49.1345181061937,15.7683750143574,TR,CZ
"Lesonice,,Nové Dvory",49.1094203042656,15.7780430025919,TR,CZ
Lesonice,49.1091034659598,15.7589478645219,TR,CZ
Jakubov u Mor.Budějovic,49.08073244439,15.7616694300795,TR,CZ
Litohoř,49.066004622342,15.7691900714953,TR,CZ
"Moravské Budějovice,Vranín",49.0658505671788,15.7305262135063,TR,CZ
"Domamil,,Radvan",49.0726430786928,15.7097989239208,TR,CZ
Domamil,49.082573444306,15.6952122904398,TR,CZ
Martínkov,49.0953276865704,15.7151763170445,TR,CZ
"Martínkov,,rozc.1.0",49.1000725419685,15.7309617430709,TR,CZ
"Martínkov,,cihelna",49.1024778268507,15.7395211060408,TR,CZ
Komárovice,49.0698957002912,15.7015547366341,TR,CZ
"Budkov,,škola",49.052002692614,15.6654536542008,TR,CZ
Budkov,49.0540477585835,15.6594835905222,TR,CZ
Lomy,49.0664009723672,15.6018811897744,TR,CZ
"Chotěbudice,,samoty",49.0564409264913,15.5816201262697,TR,CZ
Chotěbudice,49.0573501512222,15.5749960434701,TR,CZ
"Jemnice,Louka,rozc.2.0",49.0409761725111,15.5652694348138,TR,CZ
"Jemnice,Louka",49.0492650879869,15.5557744939048,TR,CZ
Budeč,49.0869817905138,15.5897532057521,JH,CZ
Horní Slatina,49.0901642,15.5694886,JH,CZ
"Budeč,Borová",49.077755,15.5929728,JH,CZ
Meziříčko,49.1102038614042,15.6570894360448,TR,CZ
"Knínice,,rozc.",49.0867216961905,15.6054637454837,JI,CZ
Radkovice u Budče,49.0813646102486,15.6201377762915,TR,CZ
Štěpkov,49.0838879575791,15.649721369036,TR,CZ
"Mladoňovice,,Dobrá Voda",48.998720619799,15.6484721561216,TR,CZ
"Mladoňovice,,Dobrá Voda rozc.",48.9990897283383,15.648553154775,TR,CZ
Mladoňovice,49.0089377751058,15.6458406471535,TR,CZ
Třebelovice,49.0203746659242,15.6683458400289,TR,CZ
"Třebelovice,,žel.st.",49.0213522402505,15.65774597175,TR,CZ
"Třebelovice,,rozc.1.0",49.0216135653662,15.6515874859982,TR,CZ
Rácovice,49.0214419956956,15.6867485434495,TR,CZ
Oponešice,49.0379416998013,15.6519663039714,TR,CZ
Lhotice,49.0216022130447,15.6068773912757,TR,CZ
"Lhotice,,rozc.0.5",49.0226974702701,15.6031066041571,TR,CZ
Slavíkovice,49.0029387822384,15.6243961147928,TR,CZ
Kdousov,48.9872661242473,15.6488641365758,TR,CZ
Kostníky,48.9752232904052,15.6357002060149,TR,CZ
Dědice,49.029769879593,15.7287875223041,TR,CZ
"Jemnice,,Týnice",49.0007182917777,15.5812470422441,TR,CZ
"Jemnice,,U Černého mostu",49.0113095719041,15.5736527882319,TR,CZ
"Jemnice,,aut.nádr.",49.0150938555386,15.5747420099551,TR,CZ
"Jemnice,,žel.st.",49.0156291302506,15.5809179346919,TR,CZ
"Jemnice,,Motorpal",49.0208611246694,15.5831651808931,TR,CZ
"Jemnice,,Podolí",49.021515625668,15.5672769855794,TR,CZ
Jiratice,48.9827040194766,15.6130930820818,TR,CZ
Bačkovice,48.9676844161599,15.5884629393903,TR,CZ
Radotice,48.9786147287063,15.5875447871811,TR,CZ
"Kostníky,,Dvůr Kopka",48.9562919766329,15.6535742538104,TR,CZ
Police,48.9668437024648,15.6276288377196,TR,CZ
"Jemnice,,Bažantnice",49.018220356319,15.5304120374924,TR,CZ
"Jemnice,Panenská",49.0026305293492,15.5027678172141,TR,CZ
Pálovice,49.0061705479982,15.5359687016107,TR,CZ
"Pálovice,,rozc.1.0",49.0067462108357,15.5304999254033,TR,CZ
"Jemnice,Panenská,Hejnice",49.0041832174898,15.4921352951616,TR,CZ
"Pálovice,,náves",49.0053608,15.5373939,TR,CZ
"Lovčovice,,rozc.1.0",48.9789977225817,15.542624468237,TR,CZ
Lovčovice,48.9825292943521,15.5345618980199,TR,CZ
Menhartice,48.9919435846482,15.5532850822202,TR,CZ
Studenec,49.1997082928723,16.0627496190932,TR,CZ
"Okarec,,rozc.1.0",49.2036699863819,16.0992845871694,TR,CZ
Okarec,49.2060081860094,16.0869588440141,TR,CZ
"Studenec,,nádraží",49.2212481284871,16.0679862149832,TR,CZ
Kozlany,49.1800637349786,16.0640427442747,TR,CZ
Koněšín,49.1901877777809,16.0411016658678,TR,CZ
"Koněšín,,rozc.",49.1929519529176,16.0413695696814,TR,CZ
"Koněšín,,Dvůr Jindřich",49.2074005937078,16.0332622240116,TR,CZ
"Smrk,,rozc.1.2",49.2133892519711,16.0242786782067,TR,CZ
Hartvíkovice,49.1722572812558,16.0878104662817,TR,CZ
Třesov,49.1797502305608,16.0825449881089,TR,CZ
"Popůvky,,Sedlecký Dvůr",49.1503572420925,16.1401474137476,TR,CZ
"Popůvky,,rozc.Sedlecký Dvůr",49.1519237213917,16.1374039058011,TR,CZ
Popůvky,49.1595607566446,16.1295449654749,TR,CZ
Sedlec,49.1678336100174,16.1302860058965,TR,CZ
"Sedlec,,letiště",49.1728125934739,16.1263597723448,TR,CZ
"Sedlec,,ADW",49.1811683538702,16.122091582167,TR,CZ
"Vícenice u Náměště n.Osl.,,kasárna",49.1878623558624,16.1226098486774,TR,CZ
"Náměšť n.Osl.,Zňátky",49.191375569687,16.1425017172448,TR,CZ
Vícenice u Náměště n.Osl.,49.2027846126116,16.1263470772154,TR,CZ
"Vícenice u Náměště n.Osl.,,rozc.1.0",49.2084867796637,16.1194742044329,TR,CZ
"Vícenice u Náměště n.Osl.,,kamenolom",49.2120729924185,16.1202461952468,TR,CZ
"Náměšť n.Osl.,,Kamenný most",49.2066603345476,16.1595620470033,TR,CZ
"Náměšť n.Osl.,,aut.nádr.",49.2073433797585,16.1476220541737,TR,CZ
"Náměšť n.Osl.,,zámek",49.2109089963991,16.1642782569957,TR,CZ
"Náměšť n.Osl.,,U Rathanu",49.2108282196456,16.1412368812298,TR,CZ
"Náměšť n.Osl.,,sídliště",49.2113533128208,16.1432992173002,TR,CZ
"Náměšť n.Osl.,Otradice",49.2149025786006,16.1880164662692,TR,CZ
"Náměšť n.Osl.,,škola na sídlišti",49.2118098863191,16.144307667995,TR,CZ
"Náměšť n.Osl.,Jedov,rozc.1.0",49.2182083280187,16.1542694693239,TR,CZ
"Náměšť n.Osl.,Jedov",49.225558668481,16.1558679387489,TR,CZ
Naloučany,49.232781763419,16.1356547981557,TR,CZ
Ocmanice,49.2322540286931,16.1266679226935,TR,CZ
"Zahrádka,Častotice",49.2337468013028,16.0915980945151,TR,CZ
Zahrádka,49.2443064793111,16.0980927281544,TR,CZ
"Zahrádka,,hájenka",49.2507097396368,16.0846995927727,TR,CZ
"Náměšť n.Osl.,Otradice,samota",49.2198574705911,16.1940449631578,TR,CZ
"Jinošov,,ústav",49.2270676882615,16.1918179802412,TR,CZ
Jinošov,49.2306681546331,16.1935295677954,TR,CZ
"Jinošov,,ZD",49.2340551200306,16.1875776255237,TR,CZ
"Jinošov,,hájenka",49.2419808759929,16.2061352064501,TR,CZ
"Náměšť n.Osl.,,kompr.st.",49.2166695547078,16.2144794310914,TR,CZ
Hluboké,49.2259761706833,16.2270695244769,TR,CZ
Krokočín,49.2444630773801,16.2328918993965,TR,CZ
"Krokočín,,rozc.1.7",49.2534179902464,16.216156630876,TR,CZ
Pucov,49.2478122172856,16.1729187774813,TR,CZ
"Pucov,,rozc.",49.2486137614685,16.1717006957829,TR,CZ
Jasenice,49.2570125210881,16.1630378763673,TR,CZ
Čikov,49.2704204580256,16.1400188004508,TR,CZ
Mohelno,49.1142943175192,16.1899090392171,TR,CZ
"Mohelno,,sokolovna",49.1152255777871,16.1946068057053,TR,CZ
"Mohelno,,ZD",49.1229110714429,16.1974405521374,TR,CZ
"Kladeruby n.Osl.,,rozc.2.0",49.1341021192208,16.1994759293532,TR,CZ
Lhánice,49.111830243952,16.2174541401205,TR,CZ
Kramolín,49.1340271298345,16.1321766950805,TR,CZ
"Kramolín,,elektrárna",49.1232577139968,16.127969179701,TR,CZ
Kladeruby n.Osl.,49.141261292465,16.174739385428,TR,CZ
"Kladeruby n.Osl.,,Vlčí kopec",49.1450995779634,16.1585381902622,TR,CZ
"Kuroslepy,,u mlýna",49.1427004356606,16.2031912355132,TR,CZ
"Kuroslepy,,pila",49.1493248003441,16.2041621992959,TR,CZ
"Kuroslepy,,rozc.1.0",49.1507015895652,16.2038631637186,TR,CZ
Kuroslepy,49.1542197986166,16.2100628846168,TR,CZ
Březník,49.1716860982553,16.194711855443,TR,CZ
"Březník,,Horky",49.1778612368504,16.1971986670685,TR,CZ
"Kralice n.Osl.,,žel.st.",49.1930411152274,16.2025619291857,TR,CZ
"Kralice n.Osl.,,rozc.",49.1970024715836,16.2033642059821,TR,CZ
Kralice n.Osl.,49.1975536839911,16.2026705817998,TR,CZ
"Kralice n.Osl.,,u školy",49.1997632399317,16.2010900144423,TR,CZ
"Náměšť n.Osl.,,U obory",49.2001575768176,16.1672735064282,TR,CZ
"Kralice n.Osl.,Horní Lhotice",49.206333425686,16.2197175265079,TR,CZ
"Sudice,,Výhon",49.180386889935,16.2503743652086,TR,CZ
"Sudice,,rozc.1.0",49.1809204911257,16.2547657620784,TR,CZ
"Sudice,,škola",49.1810557303172,16.2421030598284,TR,CZ
"Sudice,,náves",49.1822378183884,16.2364026103056,TR,CZ
"Sudice,,rozc.2.0",49.1936267256774,16.2365507715272,TR,CZ
"Rapotice,,žel.st.",49.1847792287004,16.255043699532,TR,CZ
"Rapotice,,škola",49.190961770014,16.2552714924007,TR,CZ
Lesní Jakubov,49.2059054085358,16.2438249547511,TR,CZ
"Rouchovany,Šemíkovice",49.0531482241835,16.1126774202823,TR,CZ
"Rouchovany,,lihovar",49.0687163630146,16.1022467974867,TR,CZ
Rouchovany,49.0692404517573,16.1088601213111,TR,CZ
"Rouchovany,,učiliště",49.0721889932166,16.1013119186789,TR,CZ
"Dukovany,,obec",49.0794883169677,16.1911840739536,TR,CZ
"Dukovany,,rozc.2.0",49.0857997392414,16.1665414824505,TR,CZ
"Dukovany,,EDU",49.0905887161806,16.1446552243277,TR,CZ
"Slavětice,,rozc.2.0",49.101554913758,16.0845224862964,TR,CZ
Slavětice,49.1037059227313,16.1075212559943,TR,CZ
"Slavětice,,rozvodna",49.1060105548702,16.1107345616243,TR,CZ
Přešovice,49.0523461675736,16.0603446514895,TR,CZ
Litovany,49.0553025776583,16.0452753272021,TR,CZ
"Litovany,,Boříkovice",49.0682731731452,16.0678537043747,TR,CZ
"Tavíkovice,,host.",49.03220634733907,16.106665252491293,ZN,CZ
"Havlíčkův Brod,Baštinov",49.5784781906889,15.6062198579203,HB,CZ
"Havlíčkův Brod,Mírovka,Baštínov",49.5786215226953,15.6068469703299,HB,CZ
"Havlíčkův Brod,Mírovka",49.580254969897,15.6200009335877,HB,CZ
"Havlíčkův Brod,Baštinov,rozvodna",49.5801802504783,15.6048018809194,HB,CZ
"Havlíčkův Brod,,Okrouhličtí Dvořáci",49.580835075626,15.5793702268027,HB,CZ
"Havlíčkův Brod,,Futaba",49.5826069334093,15.6009901046612,HB,CZ
"Havlíčkův Brod,,lesní školka",49.5872333901795,15.6282162538593,HB,CZ
"Havlíčkův Brod,,Průmyslová",49.5900867162454,15.5899615711614,HB,CZ
"Havlíčkův Brod,,Herlify rozc.",49.5918201254805,15.6095492971592,HB,CZ
"Havlíčkův Brod,Šmolovy,rozc.",49.5870307192947,15.5407601040187,HB,CZ
"Havlíčkův Brod,Šmolovy,",49.5882711956994,15.5420118695597,HB,CZ
"Havlíčkův Brod,,STS rozc.0.3",49.5925788467153,15.5943415823602,HB,CZ
"Havlíčkův Brod,Šmolovy,Lipka",49.5883971992655,15.5416096638621,HB,CZ
"Havlíčkův Brod,,Barum",49.5931381708334,15.592385170999,HB,CZ
"Havlíčkův Brod,,Uhelné sklady",49.5936716435293,15.5907312424388,HB,CZ
"Havlíčkův Brod,,zem.škola",49.5932254189745,15.5789608259017,HB,CZ
"Havlíčkův Brod,,ZZN",49.5942270551402,15.5893171519232,HB,CZ
"Havlíčkův Brod,Poděbaby,Občiny",49.5915425048937,15.5482705705625,HB,CZ
"Havlíčkův Brod,,Vysočany II",49.5964436143601,15.6033100470004,HB,CZ
"Havlíčkův Brod,,Termesivy rozc.",49.5964589121341,15.6029710615045,HB,CZ
"Havlíčkův Brod,,Jihlavská",49.5947688639431,15.5787391483631,HB,CZ
"Havlíčkův Brod,,Havířská",49.5963455987529,15.5865821308687,HB,CZ
"Havlíčkův Brod,Termesivy",49.5999434482061,15.6173733145901,HB,CZ
"Havlíčkův Brod,,Vysočany I",49.5992437955078,15.5957807679346,HB,CZ
"Havlíčkův Brod,,letiště",49.5968586858154,15.5601999435872,HB,CZ
"Havlíčkův Brod,,BTV plast",49.6002466663114,15.6019291425728,HB,CZ
"Havlíčkův Brod,,Sekaninova",49.5989613196549,15.5787907309835,HB,CZ
"Havlíčkův Brod,,Strážná",49.5995809194471,15.5811912072108,HB,CZ
"Havlíčkův Brod,,Dopravní terminál",49.600680616735,15.5874956762661,HB,CZ
"Havlíčkův Brod,,Pleas",49.6004835199888,15.5831756079982,HB,CZ
"Havlíčkův Brod,,Poříč",49.6013629562837,15.590465595567,HB,CZ
"Havlíčkův Brod,,Čechova",49.6003386349071,15.5688128793298,HB,CZ
"Havlíčkův Brod,,Poliklinika",49.6017101479258,15.5816370863898,HB,CZ
"Havlíčkův Brod,,Zetor",49.6042497387626,15.6017960754657,HB,CZ
"Havlíčkův Brod,,stavba",49.601631772973,15.5669019877815,HB,CZ
"Havlíčkův Brod,,Stavební škola",49.6026373560809,15.5794285244315,HB,CZ
"Havlíčkův Brod,,Humpolecká",49.6026356419242,15.5755535832418,HB,CZ
"Havlíčkův Brod,,Bezručova",49.6030742240355,15.5783216140367,HB,CZ
"Havlíčkův Brod,,U prodejny",49.6020754061402,15.561869046497,HB,CZ
"Havlíčkův Brod,,Žižkova",49.6046165807896,15.5925035877083,HB,CZ
"Havlíčkův Brod,,Lipnická",49.6026347906944,15.5649063060774,HB,CZ
"Havlíčkův Brod,,Žižkov I",49.6050548514699,15.5932786656887,HB,CZ
"Havlíčkův Brod,,Masarykova",49.603886314343,15.5764184818272,HB,CZ
"Havlíčkův Brod,,U marketu",49.6058507049637,15.6004016543063,HB,CZ
"Havlíčkův Brod,,Penzion STARR",49.6048738037192,15.5873915718481,HB,CZ
"Havlíčkův Brod,,Pekárny",49.6063387815149,15.5992607371246,HB,CZ
"Havlíčkův Brod,,KD Ostrov",49.6052531392097,15.5826152905657,HB,CZ
"Havlíčkův Brod,,Prokopa Holého",49.6055488491257,15.5830596430561,HB,CZ
"Havlíčkův Brod,,Trocnovská",49.6061627313707,15.5884724013311,HB,CZ
"Havlíčkův Brod,,Kyjovská",49.6075295271939,15.5957692338019,HB,CZ
"Havlíčkův Brod,Horní Papšíkov",49.6040750139932,15.5475443810976,HB,CZ
"Havlíčkův Brod,,Žižkov II",49.6077725281755,15.5932898642223,HB,CZ
"Havlíčkův Brod,,Havlíčkovo nám.",49.6070089826291,15.5793440133754,HB,CZ
"Havlíčkův Brod,Poděbaby",49.6043101146538,15.5337303686984,HB,CZ
"Havlíčkův Brod,,Pohledští Dvořáci",49.6106871713314,15.6130933326061,HB,CZ
"Havlíčkův Brod,,Nad Kalvárií",49.6097547905723,15.5855072455205,HB,CZ
"Havlíčkův Brod,,Nemocnice",49.6087534402113,15.5704793524996,HB,CZ
"Havlíčkův Brod,,Havlíčkova",49.6087914644448,15.5702821697438,HB,CZ
"Havlíčkův Brod,,Husova",49.6093748955144,15.576776350426,HB,CZ
"Havlíčkův Brod,Klanečná,rozc.0.9",49.606069050427,15.5281684978394,HB,CZ
"Havlíčkův Brod,,Šubrtova",49.6097713972761,15.5740826859787,HB,CZ
"Havlíčkův Brod,,Bílý dům",49.6110128234278,15.5668055343105,HB,CZ
"Havlíčkův Brod,,sídl.Pražská",49.612012930934,15.5766872180305,HB,CZ
"Havlíčkův Brod,,VÚB",49.6123804939716,15.5789393606633,HB,CZ
"Havlíčkův Brod,,Psych.nemocnice",49.6122739770312,15.5638452937384,HB,CZ
"Havlíčkův Brod,,Pražská",49.6134760303976,15.5769756914954,HB,CZ
"Havlíčkův Brod,,Zahradnického",49.6137464853115,15.5720370483363,HB,CZ
"Havlíčkův Brod,,Vršovice I",49.6154296023821,15.590456971436,HB,CZ
"Havlíčkův Brod,,Vršovice",49.6163084546638,15.5875541027285,HB,CZ
"Havlíčkův Brod,,Rozkošská",49.6144376026712,15.5565167520876,HB,CZ
"Havlíčkův Brod,,Výšina",49.6162502691162,15.5765128957228,HB,CZ
"Havlíčkův Brod,,PENNY market",49.6173302084356,15.5744060265301,HB,CZ
"Havlíčkův Brod,,Perknov sídl.",49.6154952263587,15.5491889223143,HB,CZ
"Havlíčkův Brod,,Reynkova TS",49.6182483465562,15.5817177988369,HB,CZ
"Havlíčkův Brod,,Vršovice rozc.",49.6190968811639,15.5895481874782,HB,CZ
"Havlíčkův Brod,,Cihlář",49.6192382699809,15.5863189875107,HB,CZ
"Havlíčkův Brod,,Perknov",49.617371057655,15.5442378036644,HB,CZ
"Havlíčkův Brod,,nový hřbitov rozc.",49.6200060572932,15.5730092646854,HB,CZ
"Havlíčkův Brod,,Vršovice II",49.6227971391733,15.5979064506842,HB,CZ
"Havlíčkův Brod,,Nový hřbitov",49.6210535264371,15.5720437608252,HB,CZ
"Knyk,,rozc.0.7",49.6336789267068,15.5678974105884,HB,CZ
"Havlíčkův Brod,,Nový Svět",49.58972135527941,15.582396449949872,HB,CZ
"Havlíčkův Brod,,Ledečská",49.6068417,15.5686444,HB,CZ
"Havlíčkův Brod,,Králíčkova",49.6097111,15.5599472,HB,CZ
"Havlíčkův Brod,,Okrouhlická",49.6119528,15.5483361,HB,CZ
"Havlíčkův Brod,,Stříbrný Dvůr",49.6056194,15.6026778,HB,CZ
"Slavníč,,lom",49.5075210325895,15.448197681444,HB,CZ
"Herálec,Pavlov",49.5088826275637,15.4391250439493,HB,CZ
"Herálec,Pavlov,lom",49.5114695558708,15.4346438279499,HB,CZ
"Herálec,Mikulášov",49.5105119403222,15.4170216816028,HB,CZ
Slavníč,49.515887609909,15.4532745170666,HB,CZ
"Herálec,Kamenice",49.5216815335904,15.4269225167887,HB,CZ
"Herálec,,rozc.k žel.st.",49.5255316199809,15.4605608515558,HB,CZ
"Herálec,,křiž.",49.5293414666463,15.4619307016411,HB,CZ
"Herálec,,hřbitov",49.5313335308127,15.4682328322314,HB,CZ
Herálec,49.5306378147556,15.4575759132145,HB,CZ
"Herálec,,ZD",49.5323381698804,15.4515745020122,HB,CZ
"Herálec,,rybárna",49.5347761589323,15.4411001895026,HB,CZ
"Herálec,Dubí",49.5337427906291,15.4221003648847,HB,CZ
"Herálec,Koječín,Na jamách",49.5401335476939,15.4796051075404,HB,CZ
"Herálec,Dubí,U Šindláku",49.5350011721439,15.4122736660609,HB,CZ
"Herálec,Koječín",49.5450552800081,15.4833121906547,HB,CZ
Boňkov,49.5472624833028,15.447204554547,HB,CZ
"Květinov,Radňov",49.5559572717049,15.4992524738335,HB,CZ
Květinov,49.5643676003809,15.5084435533442,HB,CZ
"Květinov,,Svitálka",49.5706767289338,15.5035414127132,HB,CZ
"Herálec,Zdislavice,Velký Kanál",49.5517459440808,15.4208554012651,HB,CZ
"Herálec,Zdislavice,rozc.Leština",49.5535762995094,15.4293081270459,HB,CZ
"Věž,Skála",49.5572386245364,15.4385654142426,HB,CZ
"Věž,,záv.Kafilerie",49.565255846507,15.4851199809954,HB,CZ
Věž,49.5634472779796,15.45851239642,HB,CZ
"Michalovice,,odb.",49.5736152451139,15.5371689066829,HB,CZ
Michalovice,49.5786486391763,15.5249058834803,HB,CZ
Hurtova Lhota,49.5975921550764,15.5113480143892,HB,CZ
"Havlíčkův Brod,Březinka",49.6011347758483,15.4982821026527,HB,CZ
"Krásná Hora,Bezděkov",49.5828244421942,15.4870009923586,HB,CZ
"Havlíčkův Brod,Březinka,rozc.Bezděkov",49.5983711915632,15.4941285282185,HB,CZ
"Krásná Hora,,hřbitov",49.6018387181084,15.4759963341738,HB,CZ
Krásná Hora,49.6036782740076,15.4704854640133,HB,CZ
"Krásná Hora,Křemen,samota",49.6081661920039,15.4392489987495,HB,CZ
"Krásná Hora,Svitálka",49.6094096017365,15.4494256703632,HB,CZ
"Krásná Hora,Mozolov,rozc.0.3",49.6128629094915,15.4702633700167,HB,CZ
"Krásná Hora,Volichov,rozc.1.4",49.6123992348277,15.4597899181807,HB,CZ
"Krásná Hora,Volichov",49.619387247282,15.444703271605,HB,CZ
"Krásná Hora,Vitonín",49.6191440918466,15.4357004185388,HB,CZ
"Lipnice n.Sáz.,Dolní Dvůr",49.6079795140901,15.4286295771238,HB,CZ
"Lipnice n.Sáz.,,Lipnické nám.",49.6129543005129,15.4129804685495,HB,CZ
"Lipnice n.Sáz.,,bytovky",49.614518983891,15.407445990821,HB,CZ
"Lipnice n.Sáz.,,léčebna",49.6163424610428,15.4135439908937,HB,CZ
"Lipnice n.Sáz.,,SOU",49.6165505170539,15.4044452291734,HB,CZ
"Lipnice n.Sáz.,Vilémovec,rozc.0.3",49.6200159224085,15.42267652147,HB,CZ
"Skorkov,,samoty",49.501126336195,15.4737605836753,HB,CZ
Skorkov,49.508344583592,15.4760779381841,HB,CZ
"Štoky,,na kopci",49.4971576722946,15.5887159431062,HB,CZ
"Štoky,,nám.",49.5026718215715,15.5877158270634,HB,CZ
"Štoky,Petrovice",49.5007626611481,15.5380571163944,HB,CZ
"Štoky,,hřbitov",49.505603739806,15.5834116406133,HB,CZ
"Štoky,,osada Fikarka",49.5089371619273,15.5989275002005,HB,CZ
"Štoky,Pozovice",49.5165499953248,15.6191817507745,HB,CZ
"Štoky,,Na Vysočině",49.5202015754435,15.5920856923656,HB,CZ
"Štoky,Studénka",49.5186805680636,15.5659965587617,HB,CZ
"Štoky,Smilov",49.534897903886,15.6229063926537,HB,CZ
"Štoky,Smilov,samota",49.5366541956289,15.6310552459338,HB,CZ
"Šlapanov,,hřbitov",49.5342013373073,15.6604153618217,HB,CZ
"Šlapanov,,ZŠ",49.5409497594859,15.6625987026179,HB,CZ
"Šlapanov,Šachotín",49.5443560609295,15.6868893243815,HB,CZ
"Šlapanov,,nám.",49.5421745166202,15.6580290135245,HB,CZ
"Šlapanov,,žel.zast.",49.5419227269684,15.6533500547262,HB,CZ
"Šlapanov,Kněžská,rozc.1.9",49.5437552298702,15.657141420005,HB,CZ
"Šlapanov,,odb.Benzina",49.54857074385,15.6296306022282,HB,CZ
"Šlapanov,Kněžská",49.5564658869717,15.6659302013528,HB,CZ
"Věžnice,,horní",49.5133116479077,15.689655605102,HB,CZ
"Věžnice,,dolní",49.5182177260604,15.68005238344,HB,CZ
"Věžnice,,dolní samoty",49.5236791613184,15.6696902041279,HB,CZ
Vysoká,49.5630813568167,15.6213328107882,HB,CZ
"Havlíčkův Brod,Suchá,samoty",49.5450977300271,15.5688331364944,HB,CZ
Okrouhlička,49.5354405620509,15.5587096067676,HB,CZ
"Lípa,Dobrohostov,ZD",49.5373574611263,15.5139925662624,HB,CZ
"Lípa,Dobrohostov",49.5407106225983,15.5178822128422,HB,CZ
"Lípa,Dobrohostov,samota",49.5468097940221,15.5197275522182,HB,CZ
Lípa,49.5540058690044,15.5425799688798,HB,CZ
"Lípa,,ZŠ",49.5558504444942,15.5491868098671,HB,CZ
"Úhořilka,,samota",49.5202403858216,15.5290115132133,HB,CZ
Úhořilka,49.5237102467801,15.5319889829177,HB,CZ
Kochánov,49.534241219634,15.5406816466473,HB,CZ
"Lípa,Chválkov",49.5289550567062,15.5088184099171,HB,CZ
"Úsobí,Kosovy,rozc.Petrovice",49.4897583108474,15.5124474402983,HB,CZ
"Úsobí,Kosovy",49.4936362713565,15.5049775880474,HB,CZ
"Úsobí,,samota",49.4987496653877,15.4991470233039,HB,CZ
"Úsobí,Chýška,na kopci",49.5080774681172,15.5292049750929,HB,CZ
"Úsobí,Chýška",49.509649405945,15.5330829859096,HB,CZ
"Úsobí,,rozc.Skorkov",49.5077769228681,15.497583780198,HB,CZ
"Úsobí,,samota Maliny",49.5100520410672,15.5225171475304,HB,CZ
"Úsobí,,sklárna",49.5123717888299,15.5000669577372,HB,CZ
"Úsobí,,nám.",49.5146851833127,15.5022940425085,HB,CZ
"Úsobí,,ZŠ",49.5173067389956,15.50401823312,HB,CZ
"Česká Bělá,,horní",49.6423702295801,15.6900615234587,HB,CZ
"Česká Bělá,,rozc.Jilemník",49.6421516001399,15.6853011200082,HB,CZ
Česká Bělá,49.6445161745388,15.6919247760334,HB,CZ
"Česká Bělá,Vlachov",49.661683579102,15.6890845735991,HB,CZ
"Krátká Ves,,samota",49.6208669717799,15.6726862933858,HB,CZ
Krátká Ves,49.6250319305992,15.6840239212847,HB,CZ
Stříbrné Hory,49.601224480952,15.6902044307536,HB,CZ
"Stříbrné Hory,,Spálený mlýn",49.5996428615284,15.7031529242084,HB,CZ
"Pohled,Simtany",49.6013303945655,15.6662844486104,HB,CZ
"Pohled,",49.6033234795108,15.6480320498613,HB,CZ
"Pohled,,rozc.1.0",49.6112769521273,15.6429951492928,HB,CZ
"Kyjov,,rozc.2.4",49.6132438142888,15.6234719829927,HB,CZ
"Pohled,,Svatá Anna",49.6163286187905,15.6567510377908,HB,CZ
"Pohled,Rouštany",49.6150272699266,15.6388763062232,HB,CZ
"Pohled,Rouštany,obchvat",49.6152890935377,15.637702543549,HB,CZ
"Ždírec,,rozc.0.9",49.6240082956273,15.6457437894266,HB,CZ
Ždírec,49.6293145096199,15.6420359603067,HB,CZ
"Havlíčkův Brod,Jilemník",49.6364335743604,15.6586247165348,HB,CZ
"Přibyslav,Česká Jablonná",49.5451193125341,15.744806507033,HB,CZ
"Přibyslav,Česká Jablonná,rozc.1.6",49.5552165899034,15.7403154373905,HB,CZ
"Přibyslav,Dolní Jablonná,obec",49.5568465403414,15.7239270799628,HB,CZ
"Přibyslav,Dolní Jablonná,rozc.0.7",49.5593621926041,15.7261921687872,HB,CZ
"Přibyslav,Poříčí",49.5669607097711,15.7505871281588,HB,CZ
"Přibyslav,Ronov n.Sáz.",49.5699891042202,15.7705909450299,HB,CZ
"Přibyslav,Dvorek",49.5651019736173,15.7071895822952,HB,CZ
"Přibyslav,,žel.st.",49.5703295874523,15.7430069283045,HB,CZ
"Přibyslav,Dolní Jablonná,rozc.2.9",49.5699513484775,15.7238046113984,HB,CZ
"Přibyslav,,žel.st.rozc.0.1",49.5716567799949,15.743354662329,HB,CZ
"Přibyslav,,Hesovská",49.5759008015715,15.7321474461804,HB,CZ
"Přibyslav,,Bechyňovo nám.",49.5770655253833,15.7392447357791,HB,CZ
"Přibyslav,,Tržiště",49.5786559514278,15.7347914543421,HB,CZ
"Přibyslav,,Agrozet",49.5820043680629,15.743501065619,HB,CZ
"Přibyslav,Dobrá",49.5821913677416,15.7372239821337,HB,CZ
"Přibyslav,Hesov",49.5805512457547,15.7143201859509,HB,CZ
"Přibyslav,Hřiště",49.5860037223885,15.7758503514668,HB,CZ
"Přibyslav,Dvorek,odb.",49.5844703006863,15.7013132163798,HB,CZ
"Přibyslav,,rozc.Modlíkov 2.0",49.5936826605063,15.7624642138318,HB,CZ
"Přibyslav,Keřkov",49.5907771948468,15.7186738398203,HB,CZ
Modlíkov,49.607189829173,15.7682879916133,HB,CZ
Havlíčkova Borová,49.6365946728266,15.7811546239644,HB,CZ
"Havlíčkova Borová,Peršíkov,rozc.2.0",49.6410964453826,15.7729250514697,HB,CZ
"Havlíčkova Borová,,odb.Železné Horky",49.646121348774,15.7570345035362,HB,CZ
"Havlíčkova Borová,Peršíkov",49.6516982552914,15.7746750494412,HB,CZ
"Havlíčkova Borová,Peršíkov,odb.0.6",49.6518063727265,15.770333268812,HB,CZ
Žižkovo Pole,49.6100573704592,15.7359419357481,HB,CZ
"Žižkovo Pole,,rozc.Železné Horky",49.6201129761498,15.734429636917,HB,CZ
"Žižkovo Pole,Macourov",49.6208948516511,15.7226253096444,HB,CZ
"Žižkovo Pole,Samotín,rozc.0.8",49.6272688172423,15.7179470208551,HB,CZ
"Havlíčkova Borová,Železné Horky",49.6343488190795,15.7457321867078,HB,CZ
Olešenka,49.5496371402578,15.7651330378911,HB,CZ
"Dlouhá Ves,,samota",49.5773679322425,15.6618539129664,HB,CZ
Dlouhá Ves,49.5790613372603,15.6739264067758,HB,CZ
"Dlouhá Ves,,transf.",49.583113996868,15.6716453471561,HB,CZ
"Přibyslav,Utín",49.5859510800541,15.6918708779713,HB,CZ
Bartoušov,49.5807324781101,15.6464188683935,HB,CZ
"Rozsochatec,,u hřiště",49.6696660705585,15.6291283688619,HB,CZ
"Rozsochatec,,pošta",49.6735826731887,15.6347780098759,HB,CZ
Rozsochatec,49.6739744738815,15.632769556844,HB,CZ
"Kojetín,,hájenka",49.6448118637973,15.6406163318239,HB,CZ
Kojetín,49.6570319034023,15.6567663260848,HB,CZ
"Kojetín,Pouch,rozc.0.9",49.6669010459492,15.6469368998306,HB,CZ
Břevnice,49.6312442856257,15.6122050718979,HB,CZ
"Kojetín,,lesní školka",49.6386908340457,15.6208520643952,HB,CZ
"Knyk,Český Dvůr",49.6387517941062,15.5906214455532,HB,CZ
"Knyk,Rozňák,horní",49.6380554541031,15.564268895508,HB,CZ
"Knyk,,osada",49.6417522734309,15.5720729931943,HB,CZ
"Knyk,Rozňák",49.6430412409037,15.5613402580862,HB,CZ
Knyk,49.6465690573313,15.5764102631729,HB,CZ
"Havlíčkův Brod,Zbožice,odb.",49.6577229371069,15.5779083298689,HB,CZ
"Havlíčkův Brod,Zbožice",49.6566896959514,15.5644415772035,HB,CZ
"Dolní Krupá,,Chrast rozc.0.7",49.6494068319636,15.6007948198365,HB,CZ
Dolní Krupá,49.6611190329915,15.6043449035627,HB,CZ
"Dolní Krupá,,u rybníka",49.6632769917411,15.6038208143267,HB,CZ
"Dolní Krupá,,pila",49.6664740448386,15.6008247547231,HB,CZ
Horní Krupá,49.671707306686,15.586586317364,HB,CZ
"Horní Krupá,,MŠ",49.6740185485659,15.5908608064436,HB,CZ
"Horní Krupá,Údolí",49.6761984687336,15.6048089491047,HB,CZ
"Horní Krupá,,rozc.Lysá",49.6757759797614,15.5949914555377,HB,CZ
"Horní Krupá,Údolí,odb.",49.6803099165601,15.6011995433722,HB,CZ
Radostín,49.6617060826925,15.5452738640448,HB,CZ
"Olešná,,rozc.1.0",49.6795301295284,15.536755469541,HB,CZ
"Olešná,,obec",49.6813844278949,15.5476669093013,HB,CZ
"Olešná,,lihovar",49.6820622394141,15.5433057755815,HB,CZ
Skuhrov,49.6851473252299,15.5318523410605,HB,CZ
"Vepříkov,Miřátky,rozc.Proseč",49.745788425577,15.5172062516023,HB,CZ
"Habry,Lubno",49.7431884496562,15.4494630969239,HB,CZ
"Habry,,lihovar",49.7482641998149,15.5086050314234,HB,CZ
"Bačkov,,rozc.Lubno",49.745804466471,15.4695493984762,HB,CZ
"Habry,,drůb.závod",49.7505541921607,15.4776696917516,HB,CZ
"Habry,,na Páchu",49.7548008782925,15.4921770011334,HB,CZ
"Habry,Kysibl,rozc.0.6",49.7528362899508,15.453078420141,HB,CZ
"Habry,,aut.st.",49.7556824895203,15.484852622603,HB,CZ
"Habry,,sokolovna",49.7578537796913,15.4871338358977,HB,CZ
"Habry,,zem.závod",49.7624266919093,15.4813508119134,HB,CZ
"Habry,Frýdnava,obec",49.7800176922664,15.4862320995937,HB,CZ
"Habry,Frýdnava,podchod",49.7813891334389,15.488517060621,HB,CZ
Rybníček,49.7691222987086,15.5092270151139,HB,CZ
Leškovice,49.7630883756611,15.5337937611154,HB,CZ
"Kámen,,rozc.Tis",49.7030342931037,15.5244683803205,HB,CZ
Kámen,49.7111327686333,15.520148889915,HB,CZ
"Kámen,,obec",49.7118411803442,15.5197571893256,HB,CZ
"Tis,Nový Dvůr,rozc.1.6",49.732675404498,15.4972661927546,HB,CZ
"Tis,,I",49.7049011726659,15.4958698156201,HB,CZ
"Tis,,II",49.7085370682277,15.492264715819,HB,CZ
"Tis,,hájenka",49.7134077069912,15.4709248093337,HB,CZ
"Tis,Kněž",49.7189951950581,15.4852583382434,HB,CZ
"Tis,Nový Dvůr",49.7273172418938,15.4955045997353,HB,CZ
"Habry,Zboží,závod",49.7164200842415,15.4612931758589,HB,CZ
"Habry,Zboží",49.719808436364,15.454836437436,HB,CZ
"Habry,Zboží,rozc.0.8",49.7250731658836,15.4477533961074,HB,CZ
"Bačkov,,II",49.732381878228,15.4575003992348,HB,CZ
"Bačkov,,I",49.733974422093,15.4610139813016,HB,CZ
Chrtníč,49.7674875925774,15.4433172033198,HB,CZ
"Golčův Jeníkov,Kobylí Hlava",49.7840527424155,15.454623465292,HB,CZ
"Golčův Jeníkov,Chlumek",49.7910069855642,15.4393109869478,HB,CZ
"Golčův Jeníkov,Dolík",49.7938617310413,15.4429740115796,HB,CZ
"Golčův Jeníkov,Olšinky",49.7973666902464,15.4787752316668,HB,CZ
"Golčův Jeníkov,Nasavrky",49.8001514434433,15.4917382095326,HB,CZ
"Golčův Jeníkov,Římovice,Budka",49.8015161957841,15.4483980641328,HB,CZ
"Golčův Jeníkov,Vrtěšice,rozc.",49.80751696443,15.5025817808335,HB,CZ
"Golčův Jeníkov,Římovice",49.805201840441,15.4468265983158,HB,CZ
"Golčův Jeníkov,,park",49.8106343479305,15.4798069265566,HB,CZ
"Golčův Jeníkov,,nám.TGM",49.8157731134526,15.4775956393648,HB,CZ
"Golčův Jeníkov,,žel.zast.",49.8215930875785,15.4739227977948,HB,CZ
"Golčův Jeníkov,,Ráj",49.8286911965824,15.4696362704414,HB,CZ
"Golčův Jeníkov,Stupárovice",49.830993649525,15.4831090610907,HB,CZ
"Golčův Jeníkov,,žel.st.rozc.",49.8362113461816,15.4657664234676,HB,CZ
"Golčův Jeníkov,Sirákovice",49.8268470968534,15.5096427914534,HB,CZ
"Golčův Jeníkov,Sirákovice,rozc.",49.8316045525666,15.5025656612875,HB,CZ
"Skryje,,dvůr Křemen",49.8392247079359,15.4900636685162,HB,CZ
"Skryje,Hostačov",49.843018876608,15.4924136341769,HB,CZ
"Vilémov,Spytice,odb.",49.8382044981058,15.519079437294,HB,CZ
Zvěstovice,49.8475040485405,15.5112733172682,HB,CZ
Podmoky,49.8311416772039,15.4417285868809,HB,CZ
Nová Ves u Leštiny,49.7860790817088,15.4054109684088,HB,CZ
"Nová Ves u Leštiny,,Kamenná Lhota",49.7881194607985,15.4134538984905,HB,CZ
"Chotěboř,Počátky",49.6790419891544,15.6876114796992,HB,CZ
"Chotěboř,Dobkov",49.6965373721463,15.6756713421195,HB,CZ
"Chotěboř,,ACHP",49.7084838658306,15.7018187308746,HB,CZ
"Chotěboř,,výkupní podnik",49.7104420346962,15.6930436399519,HB,CZ
"Chotěboř,,u hřbitova",49.7108347042152,15.6719265124518,HB,CZ
"Chotěboř,,žel.st.",49.7120868239116,15.6828708235024,HB,CZ
"Chotěboř,,záv.ČSAD",49.7126510609265,15.6829145944575,HB,CZ
"Chotěboř,,TESCO",49.7121977050135,15.6629921558889,HB,CZ
"Chotěboř,,Letná",49.7135814799456,15.6785896745566,HB,CZ
"Chotěboř,,Havlíčkova",49.7140064290421,15.666076352543,HB,CZ
"Chotěboř,,poliklinika",49.716383372349,15.6707305541881,HB,CZ
"Chotěboř,Svinný",49.7139928845219,15.6344132787981,HB,CZ
"Chotěboř,,sídl.Cihelna",49.7166557628881,15.6610637202509,HB,CZ
"Chotěboř,Rankov",49.7134298537425,15.616888989561,HB,CZ
"Chotěboř,Rankov,před křiž.",49.7134128543022,15.613428177684,HB,CZ
"Chotěboř,,Tyršova",49.7181422863876,15.6715726049981,HB,CZ
"Chotěboř,,nám.TGM",49.7201960918173,15.6699025206317,HB,CZ
"Chotěboř,,samota",49.7200446157876,15.6435095903985,HB,CZ
"Chotěboř,,zámek",49.7232246659329,15.6719994488821,HB,CZ
"Chotěboř,,rest.u Zámku",49.7253640386719,15.6726849912097,HB,CZ
"Nová Ves u Chotěboře,Zastrání",49.7440544290045,15.6674896350689,HB,CZ
Čachotín,49.6949284322775,15.6095056274708,HB,CZ
"Čachotín,,hřbitov",49.6990998708566,15.6083818783062,HB,CZ
"Jilem,,samota",49.7129106506847,15.5941769882223,HB,CZ
Jilem,49.7131419385721,15.5835292010588,HB,CZ
Sedletín,49.7084285752269,15.5639520903884,HB,CZ
"Sedletín,Veselá",49.7085081454903,15.5570785231425,HB,CZ
"Chotěboř,Střížov",49.6775976111988,15.72163880258,HB,CZ
"Česká Bělá,Cibotín",49.6425977329263,15.7356963085002,HB,CZ
"Česká Bělá,Cibotín,most",49.6433778396075,15.744559997759,HB,CZ
Jitkov,49.6633528875983,15.7283915189726,HB,CZ
"Jitkov,,rozc.0.5",49.6671092300906,15.7261227678553,HB,CZ
"Jitkov,,odb.Střížov",49.6682032490235,15.7277711608377,HB,CZ
"Oudoleň,,křiž.",49.6484212607628,15.7517742244559,HB,CZ
"Oudoleň,,dolní",49.6553716996069,15.7544570424736,HB,CZ
"Oudoleň,,váha",49.6591715348755,15.7558814064659,HB,CZ
"Oudoleň,,střední",49.6612493875441,15.7553434211054,HB,CZ
"Oudoleň,,horní",49.6670660032543,15.758144809854,HB,CZ
"Oudoleň,,odb.",49.6751131950404,15.7540383129995,HB,CZ
"Slavětín,,čekárna",49.6688659055031,15.771190204148,HB,CZ
"Ždírec n.Doubr.,Nové Ransko",49.691771842889,15.7969113039235,HB,CZ
"Ždírec n.Doubr.,,pošta",49.6961144417763,15.8187592104804,HB,CZ
"Ždírec n.Doubr.,,ZŠ",49.6980801335043,15.8157897466949,HB,CZ
"Ždírec n.Doubr.,,cukrárna DIPP",49.6978522464403,15.8090848328495,HB,CZ
"Ždírec n.Doubr.,,rozc.k žel.st.",49.6982517244151,15.8093343300585,HB,CZ
"Ždírec n.Doubr.,,žel.st.",49.6997782635358,15.8043189120826,HB,CZ
"Ždírec n.Doubr.,Kohoutov",49.702263075907,15.8257125454099,HB,CZ
"Ždírec n.Doubr.,Benátky",49.7088659739175,15.8450026619078,HB,CZ
"Ždírec n.Doubr.,Horní Studenec,rozc.1.7",49.7099775520288,15.8117903608078,HB,CZ
"Ždírec n.Doubr.,Horní Studenec,hřbitov",49.7107395186686,15.8093135541267,HB,CZ
"Ždírec n.Doubr.,Horní Studenec,horní",49.7146631455257,15.8023651462893,HB,CZ
"Ždírec n.Doubr.,Horní Studenec,střed",49.7172815704097,15.7947244116944,HB,CZ
"Ždírec n.Doubr.,Horní Studenec,samota",49.7199732986591,15.8132124789584,HB,CZ
"Ždírec n.Doubr.,Nový Studenec",49.7198527453736,15.7848365540595,HB,CZ
"Krucemburk,Hluboká",49.6615860507961,15.8542771966921,HB,CZ
"Krucemburk,Hluboká,Chepos",49.6644661863981,15.8555157283735,HB,CZ
"Krucemburk,Staré Ransko",49.6821365662893,15.8304339172647,HB,CZ
"Krucemburk,,Hlubocká",49.6879055105203,15.8531769839726,HB,CZ
"Krucemburk,,nám.Jana Zrzavého",49.6883025983776,15.8527728286161,HB,CZ
"Krucemburk,,odb.Staré Ransko",49.6904302105317,15.840651860452,HB,CZ
"Krucemburk,,u parku",49.6905641220037,15.8419279625418,HB,CZ
"Krucemburk,,sokolovna",49.6909911073181,15.8403127776674,HB,CZ
Sobíňov,49.7012333564047,15.7673012293185,HB,CZ
Podmoklany,49.7207812296374,15.7728851749691,HB,CZ
"Podmoklany,Hudeč,odb.1.1",49.7211780584025,15.7775555738683,HB,CZ
"Libice n.Doubr.,,Číhadla",49.7414506327015,15.7086173016033,HB,CZ
"Libice n.Doubr.,Hůrka,",49.7402386221553,15.6869666039228,HB,CZ
Libice n.Doubr.,49.7447037577679,15.7029427724076,HB,CZ
"Libice n.Doubr.,,rozc.0.3",49.7468494312275,15.6992481285212,HB,CZ
"Libice n.Doubr.,,rozc.Lány",49.7494722242396,15.7162557984364,HB,CZ
"Libice n.Doubr.,Libická Lhotka",49.7368394,15.7034836,HB,CZ
"Dolní Sokolovec,Horní Sokolovec,rozc.0.3",49.7242785187837,15.7033187422413,HB,CZ
"Dolní Sokolovec,,Chata Doubravka",49.725211993196,15.7083244704533,HB,CZ
Dolní Sokolovec,49.7268465329955,15.715049178633,HB,CZ
Bezděkov,49.7326210863364,15.7301237204464,HB,CZ
"Bezděkov,Štěpánov,rozc.1.1",49.7343877042121,15.741773373526,HB,CZ
"Bezděkov,Štěpánov,SOU",49.7349050464054,15.7400340425173,HB,CZ
"Sloupno,,lom",49.7358522561507,15.7607669753329,HB,CZ
Sloupno,49.7352209470252,15.7466538719272,HB,CZ
"Libice n.Doubr.,Kladruby",49.7439204639827,15.7447976599174,HB,CZ
"Slavíkov,Rovný",49.7355861916137,15.7989454338653,HB,CZ
"Slavíkov,Štikov,rozc.0.8",49.7368167753994,15.773441612881,HB,CZ
"Slavíkov,Zálesí",49.73988045457,15.7885093206275,HB,CZ
Slavíkov,49.743244780539,15.7808777887255,HB,CZ
"Slavíkov,Dolní Vestec",49.743657792976,15.7623126706769,HB,CZ
"Slavíkov,Dolní Vestec,rozc.1.8",49.7476741809351,15.7755663501566,HB,CZ
"Slavíkov,Horní Vestec",49.7475729394803,15.7652473557726,HB,CZ
"Slavíkov,,Čtvrť",49.750592030304,15.7723836422808,HB,CZ
"Lány,Suchá",49.7526608975508,15.7177432521935,HB,CZ
Lány,49.7587980182025,15.7134358291934,HB,CZ
"Maleč,Předboř",49.7646821536264,15.7102363047611,HB,CZ
"Libice n.Doubr.,Lhůta",49.7574142210102,15.7356202716512,HB,CZ
"Libice n.Doubr.,Barovice",49.7605794728357,15.7497474051115,HB,CZ
"Libice n.Doubr.,Křemenice",49.7720792569456,15.7669195257337,HB,CZ
"Libice n.Doubr.,Chloumek",49.7745705612459,15.7434880266252,HB,CZ
"Horní Bradlo,,aut.st.",49.8036881,15.7420617,CR,CZ
"Horní Bradlo,Velká Střítež",49.7862969,15.7348269,CR,CZ
"Horní Bradlo,Malá Střítež",49.7981414,15.7417728,CR,CZ
"Nová Ves u Chotěboře,Bezlejov",49.7526539836555,15.6690151749073,HB,CZ
"Maleč,Hranice,rozc.Bezlejov",49.7570419212036,15.6780043370618,HB,CZ
"Maleč,Hranice,samota",49.7612061913853,15.6827309735908,HB,CZ
"Maleč,Hranice",49.7647691482943,15.6899026214472,HB,CZ
"Maleč,Jeníkovec",49.7677295377271,15.6929492831619,HB,CZ
"Maleč,,pošta",49.7705805358964,15.6819569297284,HB,CZ
"Maleč,,ZŠ",49.7728296508024,15.6738731980673,HB,CZ
"Maleč,,ZD",49.7731945327861,15.6653377870065,HB,CZ
"Maleč,,rozc.0.6",49.7758732641157,15.6698727387952,HB,CZ
"Maleč,Horní Lhotka",49.7772542681809,15.6843703261085,HB,CZ
"Rušinov,Hostětinky",49.7874809655118,15.7024830543542,HB,CZ
"Rušinov,Modletín,ZŠ",49.7908056003113,15.7055921142292,HB,CZ
"Rušinov,Modletín",49.7914562909048,15.7120214264746,HB,CZ
Rušinov,49.7909173760624,15.685949456836,HB,CZ
"Rušinov,,pohostinství",49.7921152940095,15.6820173331243,HB,CZ
"Klokočov,,cihelna",49.7993837811651,15.6737726758586,HB,CZ
Klokočov,49.8035093088301,15.6727365171901,HB,CZ
"Jeřišno,,odb.Podhořice",49.8030294001843,15.6488673214766,HB,CZ
Čečkovice,49.7822989659783,15.6639343715402,HB,CZ
Jeřišno,49.7921823985999,15.6419757944659,HB,CZ
"Jeřišno,Chuchel,chalupy",49.8002050260785,15.6336179748234,HB,CZ
"Jeřišno,Chuchel,host.",49.8048888624253,15.6292588569985,HB,CZ
"Jeřišno,Chuchel,Strakov",49.8075650138037,15.6251053646978,HB,CZ
"Uhelná Příbram,Jarošov",49.7554052780109,15.5788368441838,HB,CZ
"Uhelná Příbram,,Tři dvory",49.7568030807283,15.5904702132274,HB,CZ
Uhelná Příbram,49.7647205578909,15.5857159938661,HB,CZ
"Uhelná Příbram,,ZŠ",49.767353974635,15.5851141218547,HB,CZ
"Uhelná Příbram,Pukšice",49.7715257541267,15.6100040142922,HB,CZ
"Uhelná Příbram,Petrovice",49.7742137561655,15.5606513793422,HB,CZ
"Chotěboř,Nový Dvůr",49.7292813221806,15.6257844087887,HB,CZ
"Chotěboř,Klouzovy",49.7364329219062,15.6170957316702,HB,CZ
Nejepín,49.7436669073003,15.6017855292107,HB,CZ
Víska,49.7703420647695,15.6529016182295,HB,CZ
"Uhelná Příbram,Přísečno",49.7794017993829,15.6180601815319,HB,CZ
"Uhelná Příbram,Pukšice,Samoty",49.7856793104479,15.6019061609604,HB,CZ
"Borek,,hotel",49.7923038369155,15.5885961388861,HB,CZ
"Borek,,rozc.",49.792877217153,15.5883352317517,HB,CZ
"Borek,Ostružno",49.8055746886421,15.6036629726974,HB,CZ
Kraborovice,49.8004618333466,15.5668569746863,HB,CZ
"Vilémov,Košťany,rozc.1.6",49.7807298630215,15.5593401159458,HB,CZ
"Vilémov,Dálčice",49.7862619941489,15.5618836853514,HB,CZ
"Vilémov,Hostovlice",49.7848582953315,15.5280682822559,HB,CZ
"Vilémov,Jakubovice",49.7872776646917,15.5191996293302,HB,CZ
"Vilémov,Ždánice",49.7940768338112,15.5540638644311,HB,CZ
"Vilémov,Točice",49.8037002916654,15.5584657317726,HB,CZ
"Vilémov,,ZŠ",49.8108193451108,15.5301487573972,HB,CZ
"Vilémov,,dílny ZD",49.8119235470374,15.5412264079614,HB,CZ
"Vilémov,,záv.Mars",49.8119825515534,15.5392500277099,HB,CZ
"Vilémov,Klášter",49.8112262414214,15.5268113136988,HB,CZ
"Vilémov,,nám.",49.8154339171333,15.5360667323262,HB,CZ
"Vilémov,,odb.Hedvikov",49.8158999501464,15.536036511808,HB,CZ
Heřmanice,49.8246911302636,15.5468628907654,HB,CZ
"Kámen,Jiříkov",49.7296924284853,15.5343652158497,HB,CZ
"Kámen,Proseč",49.7352516092035,15.5199390356698,HB,CZ
"Vepříkov,Miřátky,rozc.Jiříkov",49.7386775705626,15.5348368682414,HB,CZ
"Vepříkov,,spoje",49.7419881625764,15.5647307097215,HB,CZ
Vepříkov,49.7434889874583,15.571180464132,HB,CZ
"Vepříkov,,rozc.Uhelná Příbram",49.7444914017619,15.5726455154885,HB,CZ
"Vepříkov,,samota",49.7435603479405,15.557619101283,HB,CZ
"Vepříkov,Miřátky",49.7431623399379,15.5264773794626,HB,CZ
"Vepříkov,,u Bártů",49.7429562672266,15.5178792375302,HB,CZ
"Uhelná Příbram,Pukšice,rozc.Víska",49.7718956367126,15.6252905048258,HB,CZ
Nová Ves u Chotěboře,49.7555641101595,15.6477621191313,HB,CZ
"Nová Ves u Chotěboře,Nový Dvůr,rozc.",49.7620438747538,15.6332543319851,HB,CZ
"Světlá n.Sáz.,,Haškova",49.6659332810557,15.4060460059467,HB,CZ
"Světlá n.Sáz.,,Bohemia",49.6667871588898,15.4143388444972,HB,CZ
"Světlá n.Sáz.,,Sázavská",49.6667460939221,15.4030145120959,HB,CZ
"Světlá n.Sáz.,,nám.Trčků z Lípy",49.6679824944504,15.4043271592509,HB,CZ
"Světlá n.Sáz.,,Na Sídlišti",49.6684231640129,15.3992272455224,HB,CZ
"Světlá n.Sáz.,,žel.st.",49.6700374774026,15.4165596232068,HB,CZ
"Světlá n.Sáz.,,hotel Koruna",49.6710510718148,15.4117933685538,HB,CZ
"Světlá n.Sáz.,,Komenského",49.6711684150689,15.4046371055104,HB,CZ
"Světlá n.Sáz.,,pila",49.6721335031167,15.4128626342415,HB,CZ
"Světlá n.Sáz.,,Nová čtvrť",49.6729589277827,15.4047347549884,HB,CZ
"Světlá n.Sáz.,Rozkoš",49.6727434262912,15.3923363620619,HB,CZ
"Světlá n.Sáz.,,Panuškova",49.6736333094977,15.3940408260078,HB,CZ
"Světlá n.Sáz.,,Bohušice",49.6772417164304,15.4055811681078,HB,CZ
"Světlá n.Sáz.,Horní Březinka",49.6766225297552,15.3809292876302,HB,CZ
"Světlá n.Sáz.,,Bohušice rozc.1.1",49.6804523208161,15.3922869533997,HB,CZ
"Světlá n.Sáz.,,Hlavňov hájenka",49.6831649590225,15.4188801247353,HB,CZ
"Světlá n.Sáz.,Benetice,hájenka",49.6815478534918,15.3609267932023,HB,CZ
"Světlá n.Sáz.,Benetice",49.6834274170738,15.3555581359172,HB,CZ
"Světlá n.Sáz.,Žebrákov,rozc.2.2",49.6900843233872,15.3807813181906,HB,CZ
"Nová Ves u Světlé,Dobrá,závod",49.6462038247954,15.458934731086,HB,CZ
"Nová Ves u Světlé,Dobrá,domky",49.6476243375258,15.4524993920244,HB,CZ
"Nová Ves u Světlé,,obec",49.6486909668757,15.4357654343163,HB,CZ
Druhanov,49.6987904427937,15.4105368596678,HB,CZ
"Světlá n.Sáz.,Dlužiny,rozc.0.9",49.7094028636854,15.3997993274344,HB,CZ
"Světlá n.Sáz.,Dlužiny,Nový Dvůr",49.7106572887758,15.3881396287077,HB,CZ
"Ovesná Lhota,,U Malinů",49.7163153547492,15.3848257692574,HB,CZ
Ovesná Lhota,49.7228883617044,15.3834394970734,HB,CZ
"Leština u Světlé,Vrbice",49.7466001652149,15.3864227590426,HB,CZ
"Leština u Světlé,Štěpánov",49.7551148598572,15.4131654589305,HB,CZ
"Leština u Světlé,,závod",49.756428675652,15.3960593205296,HB,CZ
"Leština u Světlé,,žel.zast.",49.7610187351477,15.3974797643934,HB,CZ
"Leština u Světlé,Dobrnice",49.7596005398263,15.3793726472989,HB,CZ
"Leština u Světlé,,osada",49.7675087054666,15.3991516901388,HB,CZ
"Sázavka,,rozc.",49.7317363875689,15.41809636888,HB,CZ
Sázavka,49.7345646486552,15.411380606229,HB,CZ
"Světlá n.Sáz.,Josefodol",49.6909101042079,15.4235673931342,HB,CZ
Kunemil,49.7073969956999,15.431719516129,HB,CZ
"Kunemil,,Na Obci",49.7166030722072,15.4271046784602,HB,CZ
Kynice,49.7395236345413,15.3610856972712,HB,CZ
"Číhošť,,rozc.1.8",49.7289550390944,15.3447527683204,HB,CZ
Číhošť,49.7416048202967,15.3372903317294,HB,CZ
"Číhošť,Hroznětín",49.7500090100387,15.3466228697663,HB,CZ
"Číhošť,Tunochody",49.7584535061461,15.3337908022439,HB,CZ
Vlkanov,49.715849224284,15.3568861280056,HB,CZ
"Prosíčka,Nezdín,rozc.",49.7191454451729,15.3272033809237,HB,CZ
"Hradec,,rozc.Prosíčka",49.7186092756488,15.3199475092541,HB,CZ
"Ledeč n.Sáz.,,Havlíčkova",49.6889126374727,15.2825798425896,HB,CZ
"Ledeč n.Sáz.,,sídl.Plácky",49.6890366692076,15.2770706280456,HB,CZ
"Ledeč n.Sáz.,,Husovo nám.",49.6944724198222,15.2752236514362,HB,CZ
"Ledeč n.Sáz.,,Horní Ledeč",49.6960313723689,15.2826444787907,HB,CZ
"Ledeč n.Sáz.,,hotel Sázava",49.696666439869,15.2782085360295,HB,CZ
"Ledeč n.Sáz.,,rozc.k žel.st.",49.6975930835655,15.2738664803776,HB,CZ
"Ledeč n.Sáz.,,Podolí",49.697703872719,15.263591914253,HB,CZ
"Ledeč n.Sáz.,,sídliště",49.7015786831341,15.271003906511,HB,CZ
"Ledeč n.Sáz.,,sušárna",49.7052535309536,15.2800280943727,HB,CZ
"Ledeč n.Sáz.,Obrváň",49.7071057680399,15.2606454969793,HB,CZ
"Ledeč n.Sáz.,Habrek",49.7146110625626,15.266825808583,HB,CZ
"Ledeč n.Sáz.,Habrek,rozc.",49.7147599324621,15.2654831255041,HB,CZ
"Ledeč n.Sáz.,Souboř",49.7190037588054,15.2670610012482,HB,CZ
Ostrov,49.6918895627073,15.3017842161313,HB,CZ
"Ostrov,,horní",49.6930424619883,15.3019566320271,HB,CZ
"Vilémovice,Pavlíkov",49.676758580552,15.3309648225109,HB,CZ
Vilémovice,49.6868092642128,15.3214620642723,HB,CZ
"Pavlov,,lom",49.6991202572419,15.3393695325053,HB,CZ
Pavlov,49.699335972768,15.3318469344156,HB,CZ
"Pavlov,,u kříže",49.6987234996059,15.322419997276,HB,CZ
Hradec,49.707156953991,15.2953326024275,HB,CZ
"Hradec,Horní Hradec",49.7121411828245,15.3057132088696,HB,CZ
"Hradec,Hamry,rozc.0.7",49.7170353217019,15.2807650553197,HB,CZ
"Kozlov,Olešná",49.7213514297503,15.2916070912085,HB,CZ
Kozlov,49.7347460554462,15.2929923501836,HB,CZ
"Kozlov,Vrbka,rozc.0.3",49.7449176949025,15.2776431953968,HB,CZ
"Kozlov,Leština",49.7490899510239,15.299933335502,HB,CZ
"Kozlov,Vrbka",49.7495638464747,15.2791184454321,HB,CZ
"Kozlov,Vrbka,rozc.Třebětín",49.7554040469665,15.2802533986494,HB,CZ
"Jedlá,Horečky",49.7310906824921,15.2455537649493,HB,CZ
Jedlá,49.7381148266462,15.2364122473169,HB,CZ
Chřenovice,49.716797774514,15.2170440860135,HB,CZ
Bělá,49.753848606737,15.239594564174,HB,CZ
"Bělá,Tasice",49.760657555442,15.2522421822168,HB,CZ
"Dolní Město,,Kamenná trouba samoty",49.6170607071559,15.3866183890278,HB,CZ
"Dolní Město,,u mostu",49.6229934611075,15.3873770745851,HB,CZ
"Dolní Město,Dobrá Voda Lipnická",49.620303107717,15.3258010424757,HB,CZ
"Dolní Město,,pošta",49.6275769873525,15.3828482546148,HB,CZ
"Dolní Město,Loukov,na Filípku",49.6262964041682,15.3379579998728,HB,CZ
"Dolní Město,,Na Čechách",49.6321269777182,15.3896497331226,HB,CZ
"Dolní Město,Loukov",49.6289418919955,15.3454064274454,HB,CZ
"Dolní Město,,rozc.0.8",49.6319593029172,15.3735912774576,HB,CZ
"Dolní Město,,Fadom",49.6339961770167,15.3704378310555,HB,CZ
"Světlá n.Sáz.,Radostovice",49.6376447254873,15.3996313260135,HB,CZ
"Dolní Město,Meziklasí,odb.",49.6381209849174,15.3571141721608,HB,CZ
"Dolní Město,Meziklasí",49.6394470149942,15.3546185366498,HB,CZ
"Dolní Město,Smrčensko",49.642496272966,15.3644582026679,HB,CZ
"Dolní Město,Meziklasí,II",49.641953256992,15.3478468161637,HB,CZ
"Trpišovice,Koňkovice",49.648316293059,15.3365694301907,HB,CZ
Trpišovice,49.6552914259951,15.3320498368809,HB,CZ
"Trpišovice,Bilantova Lhota",49.6601646261979,15.326742487711,HB,CZ
"Trpišovice,Dobrovítova Lhota",49.6644234915732,15.3163592881937,HB,CZ
"Bojiště,,rozc.Veliká",49.6774662100568,15.286500181279,HB,CZ
"Bojiště,Mstislavice,",49.6603845976969,15.3057583058668,HB,CZ
"Bojiště,,Malé Bojiště",49.6635029851707,15.2834278585542,HB,CZ
"Bojiště,Mstislavice,rozc.1.1",49.66817897944,15.2998208562698,HB,CZ
"Bojiště,Veliká",49.6687649038266,15.3025248643599,HB,CZ
Bojiště,49.6678440628528,15.2867367329175,HB,CZ
"Bojiště,Háj,rozc.k nem.",49.672736541894,15.2918966234445,HB,CZ
"Bojiště,,samoty",49.6736714559651,15.2860833992785,HB,CZ
"Bojiště,Háj",49.6751778151481,15.2976447458972,HB,CZ
"Bojiště,,rozc.",49.6773285009346,15.2863013692753,HB,CZ
"Ledeč n.Sáz.,,nem.Háj",49.6827981689352,15.3039104032987,HB,CZ
"Dolní Město,Rejčkov",49.6233249619273,15.3115023917586,HB,CZ
"Horní Paseka,,u Prokopů",49.6250887079867,15.2964807651078,HB,CZ
Horní Paseka,49.6291461070037,15.2931104321819,HB,CZ
"Horní Paseka,,u Benešů",49.6336976262983,15.2939905457158,HB,CZ
"Kouty,,Stavoservis IPS",49.6435759738517,15.2998948015124,HB,CZ
"Kouty,,chalupy",49.6451110110895,15.2963357558398,HB,CZ
Kouty,49.6481692731904,15.2933959095156,HB,CZ
"Kouty,,statek Melechov",49.6523684757984,15.2845128598161,HB,CZ
"Kouty,,rozc.Kamenná Lhota",49.6539350389159,15.2776649162615,HB,CZ
"Horní Paseka,,Zahrádka rozc.",49.623425637571,15.255505106066,HB,CZ
"Kamenná Lhota,Dolní Paseka",49.6376783496191,15.2616232182888,HB,CZ
Kamenná Lhota,49.6459354421343,15.2734402423307,HB,CZ
"Kamenná Lhota,,rozc.",49.6496616909081,15.272311313572,HB,CZ
"Kamenná Lhota,,rozc.u hřiště",49.6519650827845,15.2716509972492,HB,CZ
"Bojiště,,koup.",49.6593164401349,15.2661971109376,HB,CZ
Kožlí,49.6703085911178,15.2531198682355,HB,CZ
"Kožlí,,Březina",49.672174298486,15.2572476637468,HB,CZ
"Kožlí,,rozc.1.5",49.6799363642005,15.2430281496625,HB,CZ
"Kožlí,Přemilovsko",49.687759037575,15.2368101032213,HB,CZ
"Kožlí,Bohumilice",49.6931572819755,15.2535587305113,HB,CZ
"Kožlí,Sechov",49.6978795508496,15.2385557254305,HB,CZ
"Kožlí,Sechov,II",49.6990943660588,15.2435440681044,HB,CZ
"Kožlí,,has.zbroj.",49.6693911,15.2530375,HB,CZ
"Hněvkovice,,Ostřice rozc.1.0",49.6823761107595,15.2200548996535,HB,CZ
"Hněvkovice,Habrovčice,rozc.",49.6832762137078,15.2123728723391,HB,CZ
Hněvkovice,49.6856318353934,15.2037182242494,HB,CZ
"Hněvkovice,Chotěměřice",49.6870645512054,15.1862030155801,HB,CZ
"Hněvkovice,Nová Ves,rozc.1.0",49.6906484794238,15.1917348715901,HB,CZ
"Loket u Čechtic,Bezděkov",49.6858519,15.1630603,BN,CZ
"Okrouhlice,Vadín",49.618796075352,15.4964525131913,HB,CZ
"Okrouhlice,Chlístov,horní",49.6227159674997,15.5281871547427,HB,CZ
"Okrouhlice,Chlístov,dolní",49.6245074155638,15.5178095012316,HB,CZ
"Okrouhlice,,most",49.628312428203,15.4899921700826,HB,CZ
Okrouhlice,49.6307349980691,15.492161546525,HB,CZ
"Okrouhlice,Babice",49.6337531157821,15.4769337827181,HB,CZ
"Okrouhlice,Olešnice",49.6388546573547,15.4803584404455,HB,CZ
"Okrouhlice,Valečov",49.64438535769,15.49818781547,HB,CZ
"Okrouhlice,,sokolovna",49.6308619,15.4895778,HB,CZ
"Malčín,Komárov,rozc.0.9",49.6779659611367,15.4878502373248,HB,CZ
Malčín,49.6878934564629,15.4666923522031,HB,CZ
Pohleď,49.6584471510385,15.4574336904405,HB,CZ
"Pohleď,,horní",49.6588756830434,15.4522237767543,HB,CZ
"Příseka u Světlé n.Sáz.,,samota",49.6693356200749,15.4392127024168,HB,CZ
Příseka u Světlé n.Sáz.,49.6709474499289,15.4255716156082,HB,CZ
"Služátky,,rozc.0.9",49.6784652956362,15.4338858701031,HB,CZ
"Příseka u Světlé n.Sáz.,,ObÚ",49.6694628,15.4226892,HB,CZ
"Lučice,,Na Závisti",49.6567388846434,15.502811564765,HB,CZ
"Lučice,,I",49.6604857863407,15.4989656224792,HB,CZ
"Lučice,,II",49.6626850860839,15.4949957290017,HB,CZ
"Lučice,,rozc.0.4",49.6622638388407,15.4873013513513,HB,CZ
"Lučice,Janovec",49.6746824836289,15.4874469111317,HB,CZ
"Veselý Žďár,,Kundrát",49.6352154614372,15.5315871773774,HB,CZ
"Veselý Žďár,,obec",49.6392880930805,15.5273001982997,HB,CZ
"Veselý Žďár,,Žamberk",49.6420991627533,15.5219827111134,HB,CZ
"Veselý Žďár,,rozc.Valečov",49.6475033082549,15.5128348328633,HB,CZ
"Žďár n.Sáz.,Radonín",49.5437905665796,15.9336137964039,ZR,CZ
"Žďár n.Sáz.,,Jihlavská HETTICH",49.549541478947,15.9421055624799,ZR,CZ
"Žďár n.Sáz.,,Jamská II",49.5530392476611,15.9602422787788,ZR,CZ
"Žďár n.Sáz.,,Grejdy",49.5535625168321,15.9659987966435,ZR,CZ
"Žďár n.Sáz.,,Brněnská",49.5532424953764,15.95224205958,ZR,CZ
"Žďár n.Sáz.,,aut.nádr.",49.554209257433,15.9411691057248,ZR,CZ
"Žďár n.Sáz.,,Jihlavská ZDAR",49.5552042364061,15.9466923815239,ZR,CZ
"Žďár n.Sáz.,,Jamská I",49.556323347486,15.9581162156222,ZR,CZ
"Žďár n.Sáz.,,Brněnská Nákupní park",49.5568508241104,15.949970221365,ZR,CZ
"Žďár n.Sáz.,,Jamská",49.5575000051897,15.9551523556531,ZR,CZ
"Žďár n.Sáz.,,Brněnská policie",49.557146449943,15.9473870844174,ZR,CZ
"Žďár n.Sáz.,,Strojírenská ŽĎAS",49.5560142828328,15.9304090946017,ZR,CZ
"Žďár n.Sáz.,,Strojírenská u Hajčmanů",49.5578553712337,15.934116185417,ZR,CZ
"Žďár n.Sáz.,,Nádražní",49.5601964990688,15.9391945008371,ZR,CZ
"Žďár n.Sáz.,,Convent",49.5607659049085,15.9459467760501,ZR,CZ
"Žďár n.Sáz.,,Horní",49.5609617094611,15.9425326290298,ZR,CZ
"Žďár n.Sáz.,,Novoměstská",49.5614000428349,15.9478866493615,ZR,CZ
"Žďár n.Sáz.,,Strojírenská u mostu",49.5606655963344,15.9315550993624,ZR,CZ
"Žďár n.Sáz.,,Dagmarky",49.5620070258805,15.9322790949938,ZR,CZ
"Žďár n.Sáz.,,Vodojem Jamborova",49.5643298658581,15.9535009560306,ZR,CZ
"Žďár n.Sáz.,,Havlíčkovo náměstí",49.5636337593268,15.9396269085455,ZR,CZ
"Žďár n.Sáz.,,Okružní dolní",49.563202890863,15.9289680961832,ZR,CZ
"Žďár n.Sáz.,,Neumannova",49.5648467570611,15.946563478459,ZR,CZ
"Žďár n.Sáz.,,Žižkova",49.564674636141,15.9373249537831,ZR,CZ
"Žďár n.Sáz.,,Studentská",49.5665097348698,15.9421605555067,ZR,CZ
"Žďár n.Sáz.,,Okružní rozc.Hamry",49.5656334887765,15.9242209865876,ZR,CZ
"Žďár n.Sáz.,,Libická",49.5665727138301,15.931164687728,ZR,CZ
"Žďár n.Sáz.,,Okružní horní",49.5667175629725,15.9275305338377,ZR,CZ
"Žďár n.Sáz.,,Libušínská",49.5681721505726,15.9379406835102,ZR,CZ
"Žďár n.Sáz.,,Wonkova",49.5686431665708,15.941977483921,ZR,CZ
"Žďár n.Sáz.,,Vnitřní",49.570401642548,15.9474431783797,ZR,CZ
"Žďár n.Sáz.,Vysočany",49.5717532084166,15.9507223597006,ZR,CZ
"Žďár n.Sáz.,,Sázavská",49.5714957720798,15.9321989070143,ZR,CZ
"Žďár n.Sáz.,,Květná",49.5725228605619,15.9455529875055,ZR,CZ
"Žďár n.Sáz.,,Bezručova stadion",49.5729895177701,15.9416192999364,ZR,CZ
"Žďár n.Sáz.,,Nová",49.5741737416546,15.9432869193484,ZR,CZ
"Žďár n.Sáz.,,Vejmluvova",49.5763552485171,15.9415192588958,ZR,CZ
"Žďár n.Sáz.,,Bezručova u pily",49.5770686764352,15.9382931560729,ZR,CZ
"Žďár n.Sáz.,,Sychrova",49.5800123585149,15.9371971057254,ZR,CZ
"Žďár n.Sáz.,,Zelená hora hřbitov",49.5821718144514,15.9439409445297,ZR,CZ
"Žďár n.Sáz.,,Brodská",49.5643367,15.9307653,ZR,CZ
"Vojnův Městec,Borky",49.6645211786543,15.9006934144388,ZR,CZ
"Vojnův Městec,Borky,rekr.stř.",49.6692657135631,15.8963778591003,ZR,CZ
"Vojnův Městec,,ZD",49.6757006060765,15.8841979464713,ZR,CZ
"Vojnův Městec,,pošta",49.6793839050713,15.8766341587706,ZR,CZ
"Vojnův Městec,,křiž.0.8",49.6796751240471,15.8747766144552,ZR,CZ
"Krucemburk,,odb.",49.7014962993926,15.8852191150423,HB,CZ
Radostín,49.6537753046996,15.8747626383887,ZR,CZ
"Karlov,,II",49.6388458629097,15.9194768624769,ZR,CZ
Karlov,49.6477718489272,15.9114883336667,ZR,CZ
"Karlov,Skalka",49.6559409245947,15.9043811014056,ZR,CZ
"Škrdlovice,,Velké Dářko",49.632885221369,15.9219229313901,ZR,CZ
Škrdlovice,49.6348435910649,15.9259325758622,ZR,CZ
Světnov,49.6201478976466,15.9543491978054,ZR,CZ
"Světnov,,kopaniny",49.6356478381041,15.9631541991423,ZR,CZ
"Světnov,,u mostu",49.6194447,15.9531317,ZR,CZ
"Polnička,,Obecní úřad",49.6062501810555,15.9135542089598,ZR,CZ
"Polnička,,u mostku",49.6066925877139,15.9175281325286,ZR,CZ
"Polnička,,u kříže",49.6078348178566,15.8923423068154,ZR,CZ
"Polnička,,rozc.Světnov",49.6133331972707,15.931387197965,ZR,CZ
Račín,49.6175317486265,15.8676730896574,ZR,CZ
Vepřová,49.6129718362285,15.8266806104366,ZR,CZ
"Vepřová,,rozc.1.0",49.6175941898281,15.8151053704786,ZR,CZ
"Svratka,,Cikánka",49.7086465016733,16.0505590389605,ZR,CZ
"Svratka,,škola",49.7092063079178,16.0276155558721,ZR,CZ
"Svratka,,Mars",49.7105554153739,16.0415209557926,ZR,CZ
"Svratka,,rozc.Chlumětín",49.708954722627,16.0060316228451,ZR,CZ
"Svratka,,aut.st.",49.7117351487283,16.0353316137935,ZR,CZ
"Chlumětín,,Krejcar",49.719681964424,15.9820675576242,ZR,CZ
Chlumětín,49.7271626303751,16.0035865230853,ZR,CZ
"Chlumětín,,paseky",49.7313443251163,15.9983546741313,ZR,CZ
"Herálec,Kocanda,II",49.6737522804729,15.9887844767458,ZR,CZ
"Herálec,Kocanda,I",49.6801460032275,15.989951114901,ZR,CZ
Herálec,49.6908729228483,15.99160295764,ZR,CZ
"Herálec,Familie",49.694311147277,15.9821281397993,ZR,CZ
"Herálec,Chaloupky",49.6957033163935,15.9937796496505,ZR,CZ
"Herálec,,hájenka",49.6948389429039,15.9739467409556,ZR,CZ
"Herálec,Stará Huť,odb.",49.6949007048051,15.9600918782957,ZR,CZ
Cikháj,49.6460784934054,15.968344527702,ZR,CZ
"Křižánky,,dolní konec",49.6758996391016,16.0800489283466,ZR,CZ
"Křižánky,České Milovy",49.6794244587774,16.0942999951932,ZR,CZ
"Křižánky,,střed",49.6830704562255,16.0685060545697,ZR,CZ
"Křižánky,,u mostu",49.6888556037205,16.0630104383881,ZR,CZ
Spělkov,49.674989300868,16.1610080766427,ZR,CZ
Krásné,49.6776606961013,16.1467033385162,ZR,CZ
"Krásné,,nad řekou",49.6847606880095,16.1458151677475,ZR,CZ
Daňkovice,49.6540880354687,16.1489170296636,ZR,CZ
"Velká Losenice,,u křížku",49.5767553809794,15.8418314797561,ZR,CZ
"Velká Losenice,Pořežín",49.5776559185612,15.8058213753947,ZR,CZ
Velká Losenice,49.5801981104912,15.8358200079929,ZR,CZ
"Velká Losenice,,škola",49.5831733273332,15.8281497650751,ZR,CZ
Malá Losenice,49.5988339698987,15.7966437435427,ZR,CZ
"Malá Losenice,,rozc.",49.6024733541478,15.7931592726932,ZR,CZ
"Malá Losenice,,samota",49.6065494243293,15.7976841925655,ZR,CZ
"Sázava,Česká Mez,rozc.2.0",49.5587602834499,15.8894452315684,ZR,CZ
"Hamry n.Sáz.,,Horní",49.5617489264048,15.9126720186366,ZR,CZ
"Hamry n.Sáz.,,u Kybkových",49.562164246214,15.9121220500517,ZR,CZ
"Hamry n.Sáz.,,Leskovice",49.5619750198446,15.9023854003812,ZR,CZ
"Hamry n.Sáz.,,Frendlovský rybník",49.5659541333075,15.9084963794705,ZR,CZ
"Hamry n.Sáz.,,U hasičské zbrojnice Hamry",49.5661268951767,15.9019472873284,ZR,CZ
"Hamry n.Sáz.,,kult.dům",49.5667765399642,15.8967727195611,ZR,CZ
"Hamry n.Sáz.,Najdek",49.5675766814352,15.8896981283573,ZR,CZ
"Hamry n.Sáz.,Šlakhamry",49.5724909299243,15.8795877040454,ZR,CZ
"Sázava,Kopaniny",49.5454025071996,15.839181766503,ZR,CZ
"Sázava,,rozc.0.9",49.5514905112728,15.8469940515361,ZR,CZ
"Sázava,,hotel",49.557279604432,15.8765287176888,ZR,CZ
"Sázava,,nemocnice",49.55825630364,15.8709775667433,ZR,CZ
"Sázava,,škola",49.5572935584695,15.8531216514852,ZR,CZ
Sázava,49.5601965755217,15.8625361489908,ZR,CZ
Nové Dvory,49.5642939219811,15.808680897335,ZR,CZ
"Nížkov,,u hřbitova",49.5276392396059,15.8079921746026,ZR,CZ
Nížkov,49.5321345915324,15.8052736175428,ZR,CZ
"Nížkov,,u vepřína",49.5337297217138,15.8219943759043,ZR,CZ
"Nížkov,,ZD",49.5331566113724,15.8136088398045,ZR,CZ
"Nížkov,,bramborárna",49.5369778032403,15.8261864959064,ZR,CZ
"Nížkov,Špinov",49.5337652094731,15.7817286971181,ZR,CZ
"Nížkov,Buková",49.543699419359,15.7915198476813,ZR,CZ
"Nížkov,Buková,náves",49.5430414,15.7903669,ZR,CZ
Poděšín,49.5089273608618,15.8003579276993,ZR,CZ
Sirákov,49.5045895492127,15.817572578669,ZR,CZ
Rosička,49.5377430948414,15.8538475799732,ZR,CZ
"Sázava,Česká Mez",49.5485848219176,15.8734009315493,ZR,CZ
"Matějov,,VKK",49.5263163531926,15.8692865749346,ZR,CZ
Matějov,49.5292756375434,15.863421340174,ZR,CZ
"Nové Veselí,,rozc.Matějov",49.5169796785435,15.8956252316138,ZR,CZ
"Nové Veselí,,rozc.Újezd",49.5176711514352,15.8938698228073,ZR,CZ
"Nové Veselí,,Obecní úřad",49.5195671600474,15.9091376157097,ZR,CZ
Nové Veselí,49.5197208908485,15.9073119236912,ZR,CZ
"Nové Veselí,,ZDT",49.5238467366918,15.9097826627588,ZR,CZ
"Újezd,,hájenka",49.4996596575773,15.8890203691325,ZR,CZ
Budeč,49.5354778707509,15.9154082467198,ZR,CZ
"Březí n.Osl.,,Rendlíček",49.4952738891261,15.922339657439,ZR,CZ
Březí n.Osl.,49.5022825111153,15.936264763364,ZR,CZ
"Březí n.Osl.,,křiž.Pokojov",49.5048204382927,15.9334056930226,ZR,CZ
Kotlasy,49.4930281342592,15.9456464773735,ZR,CZ
Pokojov,49.4812090869259,15.9074892590364,ZR,CZ
"Pokojov,,Obecní úřad",49.483187759001,15.9070071454583,ZR,CZ
"Bohdalov,Chroustov",49.4554082298395,15.8556997343472,ZR,CZ
"Bohdalov,Chroustov,sever",49.4599756263805,15.8545609043748,ZR,CZ
"Bohdalov,,PT Radost",49.4688648558303,15.8605927404361,ZR,CZ
"Bohdalov,Chroustov,rozc.3.0",49.4756406237425,15.8710909265733,ZR,CZ
"Bohdalov,,zdrav.stř.",49.4792174219208,15.8787175970241,ZR,CZ
Bohdalov,49.4790170961486,15.8752946903589,ZR,CZ
"Stáj,,rozc.Chroustov",49.4609346370556,15.8234354800651,JI,CZ
Rudolec,49.4772640336593,15.8308104678351,ZR,CZ
Kyjov,49.4430363446261,15.8805690346455,ZR,CZ
"Rudolec,,u hájenky Blažkov",49.507036503833,15.846367953482,ZR,CZ
Újezd,49.5099254319929,15.8709783096935,ZR,CZ
"Vatín,,výzk.ústav",49.5181511943534,15.9728220687092,ZR,CZ
Vatín,49.5264157499394,15.9687657435551,ZR,CZ
"Ostrov n.Osl.,Suky,rozc.0.5",49.4741950272659,16.0082534202692,ZR,CZ
"Ostrov n.Osl.,,hájenka",49.4821926163376,16.0216188835288,ZR,CZ
Ostrov n.Osl.,49.4892120746143,15.9879204416336,ZR,CZ
Radostín n.Osl.,49.4616901110369,15.9657191830238,ZR,CZ
"Radostín n.Osl.,,škola",49.4641532932119,15.9588722405883,ZR,CZ
"Radostín n.Osl.,,ZD",49.4652865465233,15.9693787177863,ZR,CZ
Kněževes,49.4565684837355,15.9816399261313,ZR,CZ
Krásněves,49.4442911256212,15.9818796305605,ZR,CZ
Znětínek,49.4695184649076,15.9259410206586,ZR,CZ
"Znětínek,,hájenka",49.4727089145238,15.9213170961901,ZR,CZ
"Radostín n.Osl.,,rozc.Zadní Zhořec",49.4340176568472,15.9506020419682,ZR,CZ
"Radostín n.Osl.,Zahradiště",49.4409884445175,15.9446801310997,ZR,CZ
"Pavlov,,hájenka",49.4410300303646,15.8987822626152,ZR,CZ
"Pavlov,,II",49.4484092787571,15.9191731525648,ZR,CZ
"Pavlov,,I",49.4508437710896,15.9150404257097,ZR,CZ
"Pavlov,,rozc.Znětínek",49.4547355649947,15.9276727136629,ZR,CZ
Bohdalec,49.4736332770199,16.0611476834632,ZR,CZ
"Bohdalec,,Horní konec",49.476803813397,16.054145501422,ZR,CZ
"Hodíškov,,Křiby",49.4886621764218,16.0425967150484,ZR,CZ
"Hodíškov,,škrobárna",49.4991755063015,16.0383472376175,ZR,CZ
Hodíškov,49.5037518388852,16.0353208724799,ZR,CZ
"Obyčtov,,horní",49.5004651968619,16.0032448875973,ZR,CZ
Obyčtov,49.5010387514736,15.997408766971,ZR,CZ
"Sazomín,,rozc.Obyčtov",49.5029733720225,15.984728393633,ZR,CZ
Sazomín,49.5080014044241,15.9823456227362,ZR,CZ
Jámy,49.5302276553329,16.0050829023973,ZR,CZ
"Jámy,,u hřbitova",49.5331456038894,16.0060300561514,ZR,CZ
"Bobrová,,rozc.Mirošov",49.4671693333368,16.1318874524259,ZR,CZ
"Bobrová,Dolní Bobrová",49.4752170740386,16.1189387718889,ZR,CZ
"Bobrová,Horní Bobrová",49.4793675358454,16.1151246967574,ZR,CZ
"Bobrová,Horní Bobrová,kravín",49.4849455044272,16.1210296628514,ZR,CZ
"Bobrová,,rozc.Račice",49.4879211625068,16.1254341965116,ZR,CZ
"Mirošov,,lom",49.4650183636442,16.1618466392463,ZR,CZ
Mirošov,49.4651485258108,16.1492443262858,ZR,CZ
"Mirošov,,statek",49.4657031793947,16.1434862190206,ZR,CZ
Podolí,49.4836202838041,16.0822850055331,ZR,CZ
Radešínská Svratka,49.5085349873078,16.084668439513,ZR,CZ
"Radešínská Svratka,,Pusty",49.5158339569133,16.0805647096257,ZR,CZ
"Řečice,,škola",49.5127718136811,16.0683380113968,ZR,CZ
Řečice,49.5179035535566,16.0638185018302,ZR,CZ
"Nové Město na Mor.,Hlinné",49.5280618931215,16.0378340598098,ZR,CZ
Radešín,49.4692015043859,16.0914856847255,ZR,CZ
"Bobrůvka,,Tisy",49.4444939181823,16.1002937209702,ZR,CZ
Bobrůvka,49.4483399772883,16.0960323479011,ZR,CZ
"Bobrůvka,,ObÚ",49.4476261,16.0969483,ZR,CZ
Račice,49.4969976820684,16.1380423056555,ZR,CZ
Dlouhé,49.5093264959964,16.1246808672318,ZR,CZ
"Dlouhé,,Kamenec rozc.0.9",49.5213062514408,16.1141561309309,ZR,CZ
Křídla,49.5269658864169,16.12309180836,ZR,CZ
"Dlouhé,,rozc.Křídla",49.528794644212,16.1052688886857,ZR,CZ
"Nové Město na Mor.,Petrovice",49.5468134986005,16.0637288541155,ZR,CZ
"Nové Město na Mor.,Petrovice,LOU",49.5484987545538,16.0542559173871,ZR,CZ
"Nové Město na Mor.,,budova ZD",49.5529822281685,16.0711948211462,ZR,CZ
"Nové Město na Mor.,,Palackého nám.",49.5594956202007,16.0728502791598,ZR,CZ
"Nové Město na Mor.,,BILLA",49.561137657649,16.07815376861,ZR,CZ
"Nové Město na Mor.,,centrum",49.5610500344592,16.0762399208416,ZR,CZ
"Nové Město na Mor.,,v nemocnici",49.5613062764536,16.0623436774209,ZR,CZ
"Nové Město na Mor.,,pod nemocnicí",49.5622793629968,16.065173854824,ZR,CZ
"Nové Město na Mor.,,Tyršova ulice",49.5631345041191,16.073287601003,ZR,CZ
"Nové Město na Mor.,,nemocnice",49.562652607909,16.06030556319,ZR,CZ
"Nové Město na Mor.,,KD",49.5637434545614,16.0741818661876,ZR,CZ
"Nové Město na Mor.,,Dukelská",49.5636774197815,16.0682162709555,ZR,CZ
"Nové Město na Mor.,,Masarykova",49.5653580342463,16.0791837897494,ZR,CZ
"Nové Město na Mor.,,katolický hřbitov",49.5669398501202,16.075938641732,ZR,CZ
"Nové Město na Mor.,,Dopravní terminál",49.5680717617809,16.0809997187584,ZR,CZ
"Nové Město na Mor.,,MEDIN",49.5670150852918,16.0583269589538,ZR,CZ
"Nové Město na Mor.,,Bělisko",49.5690616216884,16.0721350631912,ZR,CZ
"Nové Město na Mor.,,Sporten a.s.",49.5708502865184,16.0870719411058,ZR,CZ
"Nové Město na Mor.,,Holubka",49.5708528992999,16.0786721272599,ZR,CZ
"Nové Město na Mor.,Pohledec,Jednota",49.5765585051119,16.0954384989903,ZR,CZ
"Nové Město na Mor.,,Maršovská",49.5756780713356,16.0775538564257,ZR,CZ
"Nové Město na Mor.,Pohledec",49.5789854521817,16.1001733021476,ZR,CZ
"Nové Město na Mor.,,hotel SKI rozc.",49.5765927136277,16.0506869929539,ZR,CZ
"Nové Město na Mor.,Maršovice",49.5800553644067,16.0775547636534,ZR,CZ
"Nové Město na Mor.,,Pohledecká skála",49.5900397185324,16.127155953311,ZR,CZ
"Nové Město na Mor.,,samota u Vlachovic",49.5873396243964,16.0389974408725,ZR,CZ
"Nové Město na Mor.,,Blažíčkova",49.5589444,16.0648892,ZR,CZ
"Nové Město na Mor.,,Německého",49.5604667,16.0675125,ZR,CZ
"Nové Město na Mor.,,Polní",49.5696603,16.0676594,ZR,CZ
"Nové Město na Mor.,,Karníkova",49.573185,16.0809136,ZR,CZ
"Nové Město na Mor.,Slavkovice",49.5531380357977,16.0272946885916,ZR,CZ
Radňovice,49.5637139278196,16.0327517513416,ZR,CZ
"Radňovice,,na návsi",49.565300492751,16.0335202235786,ZR,CZ
"Nové Město na Mor.,Jiříkovice",49.5778044948414,16.0315643925655,ZR,CZ
Zubří,49.5710998578569,16.1237945344774,ZR,CZ
Nová Ves u N.Města na Mor.,49.5398173160687,16.0854481883876,ZR,CZ
"Nová Ves u N.Města na Mor.,,rozc.",49.5419774499596,16.0808003721386,ZR,CZ
"Bystřice n.Pern.,Rovné",49.5465281879093,16.1678786978407,ZR,CZ
"Bystřice n.Pern.,Divišov",49.5484258187714,16.1585267606237,ZR,CZ
"Sněžné,Vříšť",49.6349543300131,16.1182332529673,ZR,CZ
"Sněžné,Vříšť,dolní",49.63683600062,16.1305171503383,ZR,CZ
"Líšná,,rozc.Sněžné",49.6378580354735,16.1198181287268,ZR,CZ
"Sněžné,,u Štursů",49.6411728833287,16.1197258693875,ZR,CZ
"Sněžné,Krátká",49.6415828119979,16.0965365962278,ZR,CZ
"Sněžné,,hotel Záložna",49.6458974910027,16.1211603806428,ZR,CZ
"Daňkovice,,Buchtův kopec sanat.",49.6513227536191,16.1350740002075,ZR,CZ
"Sněžné,,STS",49.653141892549,16.1195330485495,ZR,CZ
"Sněžné,Podlesí",49.6623837908072,16.1110070198029,ZR,CZ
"Sněžné,Blatiny,rozc.",49.6633592288323,16.0979630202739,ZR,CZ
"Sněžné,Milovy",49.6678672599462,16.09121597497,ZR,CZ
"Nové Město na Mor.,,rozc.Kadov",49.616722117703,16.0925733690456,ZR,CZ
Kuklík,49.6293858653352,16.1130020081949,ZR,CZ
"Nové Město na Mor.,Studnice,Kuklík dvůr",49.6220742,16.1029244,ZR,CZ
"Kadov,Kadůvek,rozc.0.5",49.6279008336864,16.0726011221508,ZR,CZ
Kadov,49.6320176423246,16.0810837858145,ZR,CZ
"Fryšava,,hotel Medlov",49.6164110528345,16.0550799576989,ZR,CZ
"Fryšava,,u jedle",49.6228055557164,16.035928662165,ZR,CZ
"Fryšava,,pošta",49.6270862820388,16.0369860639564,ZR,CZ
"Fryšava,,u Peňázů",49.630726947323,16.0490512153278,ZR,CZ
Fryšava,49.6302542809671,16.0424106140102,ZR,CZ
Tři Studně,49.6136649181809,16.0358012478522,ZR,CZ
"Tři Studně,,rozc.0.2",49.6165688098861,16.0336039035465,ZR,CZ
Vlachovice,49.5970325442405,16.0409780431216,ZR,CZ
"Vlachovice,,autokemp",49.6080665171638,16.0432092807908,ZR,CZ
"Sklené,Čtvrtě,rozc.0.5",49.6075631253984,15.9949790288012,ZR,CZ
Sklené,49.6094982417555,16.005561259073,ZR,CZ
Vysoké,49.5820377496458,15.9661197170736,ZR,CZ
"Vysoké,,dolní",49.5832888843125,15.968090130644,ZR,CZ
Počítky,49.5871820289732,15.9713253680658,ZR,CZ
Lhotka,49.5819691177049,16.0036044716556,ZR,CZ
"Jimramov,,zahradnictví",49.6247963613946,16.2254737740997,ZR,CZ
"Jimramov,,nové domky",49.6306272299685,16.2171832349253,ZR,CZ
"Jimramov,,GAMA",49.6315876484749,16.2245350944546,ZR,CZ
"Jimramov,Trhonice",49.6338794822461,16.2491601857917,ZR,CZ
"Jimramov,Trhonice,VKK",49.6378088278318,16.2512710615791,ZR,CZ
"Jimramov,,Obecní úřad",49.6371779079873,16.2258577473666,ZR,CZ
"Jimramov,Trhonice,odb.",49.6418649273486,16.2498805507496,ZR,CZ
"Jimramov,Sedliště",49.6477178956643,16.2293881721121,ZR,CZ
Nový Jimramov,49.6343340667256,16.1863444458242,ZR,CZ
"Nový Jimramov,Rabuňka",49.6341147324413,16.1795866357431,ZR,CZ
"Nový Jimramov,,rozc.Javorek",49.6413577989695,16.1754343879547,ZR,CZ
Javorek,49.6502945844043,16.1736321822809,ZR,CZ
"Nový Jimramov,Jimramovské Paseky",49.6441160494054,16.1634772751477,ZR,CZ
"Líšná,,horní",49.6397277834525,16.1514900622736,ZR,CZ
"Líšná,,u hájenky",49.63635474344076,16.140794304691973,ZR,CZ
"Líšná,,dolní",49.63477823928244,16.150230341317844,ZR,CZ
"Věcov,Koníkov",49.6007160273583,16.1441695492911,ZR,CZ
"Věcov,Koníkov,u památníku",49.6019567231983,16.1497842578375,ZR,CZ
"Věcov,Míchov",49.6048990470569,16.1880521639579,ZR,CZ
"Věcov,Roženecké Paseky",49.6047205859752,16.1579043967713,ZR,CZ
"Věcov,Roženecké Paseky,Štarkov",49.6094997795309,16.1662143463949,ZR,CZ
"Věcov,Jimramovské Pavlovice",49.6168559883593,16.2014362759044,ZR,CZ
Věcov,49.6155347631567,16.1718062920256,ZR,CZ
"Věcov,Odranec",49.6133364094837,16.1382037058003,ZR,CZ
"Borovnice,,hor.zast.",49.6659451400909,16.2049635309791,ZR,CZ
Borovnice,49.6692525734294,16.2014806704266,ZR,CZ
Strachujov,49.613444475896,16.2278670368986,ZR,CZ
Unčín,49.607103169324,16.2455610366944,ZR,CZ
"Velké Meziříčí,Mostiště,nemocnice rozc.",49.3874871990651,16.0043569332935,ZR,CZ
"Velké Meziříčí,Mostiště,nemocnice",49.3905725303848,16.007778875475,ZR,CZ
"Velké Meziříčí,Olší n.Osl.",49.4038404804105,15.9934098905876,ZR,CZ
"Velké Meziříčí,Olší n.Osl.,rybníky",49.4067253655654,15.9769503007537,ZR,CZ
"Velké Meziříčí,,lihovar",49.3391772434837,16.0315129016985,ZR,CZ
"Velké Meziříčí,,Průmyslová II",49.342231366232,16.0378448455497,ZR,CZ
"Velké Meziříčí,,Průmyslová I",49.3439837703743,16.0404857908189,ZR,CZ
"Velké Meziříčí,Dolní Radslavice,domky",49.3479221407561,16.0448085040935,ZR,CZ
"Velké Meziříčí,Dolní Radslavice",49.3488814788926,16.0574362803829,ZR,CZ
"Velké Meziříčí,Františkov",49.3466951241786,16.0276470101041,ZR,CZ
"Velké Meziříčí,,u hřbitova",49.3481331183976,16.0337904469037,ZR,CZ
"Velké Meziříčí,,aut.nádr.",49.3477328579673,16.0216178139701,ZR,CZ
"Velké Meziříčí,,Draka Kabely",49.3461255204138,15.996122753929,ZR,CZ
"Velké Meziříčí,,Oslavická škola",49.348257543663,16.0072106178847,ZR,CZ
"Velké Meziříčí,Kúsky",49.3539315289606,16.0733938914098,ZR,CZ
"Velké Meziříčí,,Třebíčská",49.3484095790445,15.9993123862817,ZR,CZ
"Velké Meziříčí,,U Kozů",49.3503248710187,16.0222105286579,ZR,CZ
"Velké Meziříčí,,katastrální úřad",49.3490321681964,16.0004786897199,ZR,CZ
"Velké Meziříčí,,Staré nádraží",49.3506559856751,16.0056919328569,ZR,CZ
"Velké Meziříčí,,Bezděkov",49.3530238186043,16.0186126076692,ZR,CZ
"Velké Meziříčí,,Třebíčská u Balinky",49.3527989330366,16.0118143210574,ZR,CZ
"Velké Meziříčí,Lhotky",49.3569175831873,16.0610320612342,ZR,CZ
"Velké Meziříčí,,u kaple",49.3504949294363,15.9740465996335,ZR,CZ
"Velké Meziříčí,Lhotky,Na výsluní",49.3574441677007,16.0625376675467,ZR,CZ
"Velké Meziříčí,,Novosady",49.3539015627995,16.0155053150296,ZR,CZ
"Velké Meziříčí,,Zámecké schody",49.356050406829,16.0114396908855,ZR,CZ
"Velké Meziříčí,,Hornoměstská",49.356179897916,16.005411953929,ZR,CZ
"Velké Meziříčí,,Zahradní",49.3562957890548,15.9985392334212,ZR,CZ
"Velké Meziříčí,,Fr.Stránecké",49.3568118392269,16.0009747186287,ZR,CZ
"Velké Meziříčí,,Fajtův kopec",49.3594504800802,16.0261092280376,ZR,CZ
"Velké Meziříčí,,U Floumových",49.3585903489966,16.0143681264024,ZR,CZ
"Velké Meziříčí,,U Statku",49.3573760102221,15.9910698169199,ZR,CZ
"Velké Meziříčí,,U Elektrárny",49.3585691689349,15.9961661708445,ZR,CZ
"Velké Meziříčí,,Pod Sýpkami",49.3596452948628,16.0071192922419,ZR,CZ
"Velké Meziříčí,,Správa silnic",49.3617297007647,15.9914409472403,ZR,CZ
"Velké Meziříčí,,Motorpal",49.3643770848581,16.0158972340299,ZR,CZ
"Velké Meziříčí,,Jestřábec kemp",49.3651529173373,15.9840965002572,ZR,CZ
"Velké Meziříčí,,Výtahy",49.3708232354472,16.0156678150858,ZR,CZ
"Velké Meziříčí,Mostiště",49.3774841031696,16.0178570494178,ZR,CZ
"Velké Meziříčí,Mostiště,u mostku",49.3788743981704,16.0155193549035,ZR,CZ
"Velké Meziříčí,,žel.st.",49.3459511,16.0225503,ZR,CZ
"Velké Meziříčí,,Zdenky Vorlové",49.347196217551016,16.01006563687868,ZR,CZ
"Velké Meziříčí,Hrbov",49.365771121004,15.9544090417107,ZR,CZ
"Stránecká Zhoř,Frankův Zhořec",49.3640570173504,15.9266898909832,ZR,CZ
"Velké Meziříčí,Svařenov",49.3664246804719,15.9495836547472,ZR,CZ
"Velké Meziříčí,,rozc.Frankův Zhořec",49.367896535447,15.9471454808883,ZR,CZ
"Lavičky,,rozc.",49.3724580098044,15.9615175461346,ZR,CZ
"Lavičky,,domky",49.3766528896662,15.9628122280174,ZR,CZ
Lavičky,49.3800194702412,15.967379590978,ZR,CZ
"Lavičky,Závist",49.3900147245784,15.9735799140023,ZR,CZ
Netín,49.4132035115876,15.9511205519219,ZR,CZ
"Netín,Záseka",49.4265247657296,15.9542144906661,ZR,CZ
"Netín,,křiž.",49.412065402188944,15.949820295097592,ZR,CZ
Zadní Zhořec,49.431331480285,15.9435763606426,ZR,CZ
"Oslavice,,I",49.3388073560476,15.9996916206989,ZR,CZ
Oslavice,49.3409474228924,15.9906173321536,ZR,CZ
Osové,49.3249380354426,16.0155831610488,ZR,CZ
Baliny,49.3343425333255,15.9542241416378,ZR,CZ
"Oslavička,,rozc.Baliny",49.3304169594894,15.9724683595094,ZR,CZ
"Oslavička,,",49.3141133950811,15.9666851659442,ZR,CZ
"Oslavička,,hájenka",49.3187434729724,15.9756443317148,ZR,CZ
"Oslavička,,rozc.1.0",49.3199128684151,15.9682770067221,ZR,CZ
"Baliny,,rozc.2.0",49.3487300689854,15.9615897302156,ZR,CZ
Uhřínov,49.3483957064833,15.9415479365578,ZR,CZ
"Uhřínov,,MŠ",49.349946016172,15.9376003501253,ZR,CZ
"Uhřínov,,GP",49.3505231654544,15.9336729720478,ZR,CZ
"Měřín,,rozc.Geršov",49.3785624202709,15.8896112325325,ZR,CZ
"Měřín,,Pustina nám.",49.3849798435457,15.9013934648688,ZR,CZ
"Měřín,,hřbitov",49.3856415780373,15.8877956960493,ZR,CZ
"Měřín,,Pustina",49.3872044554098,15.9027570728809,ZR,CZ
"Měřín,,Dřevo",49.3900306033966,15.8930503585279,ZR,CZ
"Měřín,,nám.",49.3926210988338,15.8838226241351,ZR,CZ
"Měřín,,cihelna Černá",49.4087009033554,15.8688583797011,ZR,CZ
"Meziříčko,,rozc.",49.4004360609081,15.8470722384509,ZR,CZ
"Meziříčko,,háj.Řehořov",49.40139436521,15.8068659962508,ZR,CZ
"Meziříčko,,obec",49.4052394926211,15.8441028585964,ZR,CZ
"Meziříčko,,křiž.Černá",49.4153585040084,15.8485319755001,ZR,CZ
Černá,49.4256224880357,15.8633211765728,ZR,CZ
"Černá,,u ZD",49.4323473142037,15.8673176734125,ZR,CZ
"Černá,Milíkov",49.4335754661451,15.87955022959,ZR,CZ
Blízkov,49.400998153842,15.9092037444955,ZR,CZ
"Blízkov,Dědkov,rozc.1.5",49.4013559986768,15.912522742705,ZR,CZ
"Blízkov,Dědkov",49.4162339192974,15.9125202706427,ZR,CZ
"Velké Meziříčí,Svařenov,rozc.1.5",49.3759254313366,15.9473333034958,ZR,CZ
Stránecká Zhoř,49.3803923260777,15.92694449374,ZR,CZ
"Stránecká Zhoř,Kochánov",49.3865110019804,15.9512976336604,ZR,CZ
"Otín,Pohořílky",49.3523385254822,15.9013217996437,ZR,CZ
"Otín,Pohořílky,rozc.",49.3559068739522,15.9052424606217,ZR,CZ
Otín,49.3618254731944,15.9080959228677,ZR,CZ
"Otín,Geršov",49.3658961722012,15.8825416316729,ZR,CZ
"Stránecká Zhoř,Nová Zhoř",49.3719245038035,15.9095696224159,ZR,CZ
"Stránecká Zhoř,Nová Zhoř,rozc.1.0",49.3734786426268,15.892563720279,ZR,CZ
Horní Radslavice,49.3384387239892,15.9032152214325,ZR,CZ
Pavlínov,49.3481622612549,15.8787192845993,ZR,CZ
Chlumek,49.3746942706874,15.8546495441067,ZR,CZ
Sviny,49.3641188495847,16.0856797881195,ZR,CZ
"Heřmanov,,rozc.Bojanov",49.388292892035,16.1413907609733,ZR,CZ
"Křižanov,,rozc.Kadolec",49.3871693557507,16.1185390971893,ZR,CZ
"Křižanov,,domky",49.3860399713309,16.1012215762704,ZR,CZ
"Křižanov,,nám.",49.3880998349637,16.1109779765662,ZR,CZ
"Křižanov,,pod radnicí",49.3886474485529,16.1099146028464,ZR,CZ
"Křižanov,,Katolický dům",49.3895165904918,16.1114567194798,ZR,CZ
"Křižanov,,pila",49.3922262775086,16.1134402798468,ZR,CZ
"Křižanov,,škola",49.3919194259088,16.1033090817973,ZR,CZ
"Jívoví,,Jakubovský dvůr",49.408703266934,16.1191281384171,ZR,CZ
"Kozlov,,rozc.0.5",49.381328808394,16.0777629135575,ZR,CZ
"Křižanov,,žel.st.rozc.0.3",49.3828570120504,16.082347303512,ZR,CZ
"Křižanov,,žel.st.",49.3841243695478,16.0819546928778,ZR,CZ
"Velké Meziříčí,,cihelna",49.3690946831227,16.0267478876782,ZR,CZ
Martinice,49.3717201183082,16.0387086969672,ZR,CZ
"Martinice,,hájenka",49.373668021182,16.0567778733514,ZR,CZ
Vídeň,49.3908124800998,16.0305879660946,ZR,CZ
"Vídeň,,SZP",49.3924115238947,16.0477071108869,ZR,CZ
"Bory,Cyrilov",49.413900798117,16.0470857806629,ZR,CZ
"Bory,Dolní Bory,rozc.0.5",49.4229244965082,16.0262196503703,ZR,CZ
"Bory,Horní Bory,V parku",49.425073695529,16.0284172587009,ZR,CZ
"Bory,Horní Bory",49.4254691284367,16.0286702577434,ZR,CZ
"Bory,Dolní Bory,škola",49.4255340341021,16.024821420071,ZR,CZ
"Bory,Dolní Bory",49.4277585178954,16.020657352736,ZR,CZ
"Dobrá Voda,,žel.přejezd",49.3953749997953,16.0792553630021,ZR,CZ
Dobrá Voda,49.39458910611,16.0641463834804,ZR,CZ
"Kadolec,,rozc.1.0",49.3689404946573,16.1220460838085,ZR,CZ
Kadolec,49.3750479027659,16.1413538511809,ZR,CZ
Heřmanov,49.3797352600662,16.1818312770139,ZR,CZ
Nová Ves,49.3909856386243,16.1969651733197,ZR,CZ
"Dolní Heřmanice,Oslava,chaty",49.2859988711787,16.0694468102726,ZR,CZ
"Dolní Heřmanice,Oslava",49.2864888229659,16.0611198019847,ZR,CZ
"Velká Bíteš,Ludvíkov",49.2541316342953,16.2579978407875,ZR,CZ
"Velká Bíteš,Jindřichov",49.2654812478118,16.2000977778483,ZR,CZ
"Velká Bíteš,Košíkov",49.2689924413955,16.2386577979507,ZR,CZ
"Velká Bíteš,Košíkov,rozc.",49.270726482123905,16.236895564822355,ZR,CZ
"Velká Bíteš,Jestřabí,rozc.",49.2755856413864,16.2020136531602,ZR,CZ
"Velká Bíteš,,Hybešova",49.283208942271,16.2305819044924,ZR,CZ
"Velká Bíteš,,cihelna",49.284520912794,16.2417441729649,ZR,CZ
"Velká Bíteš,,nám.",49.2882172582347,16.2266363439165,ZR,CZ
"Velká Bíteš,,Jihlavská",49.2886725871308,16.2107225850641,ZR,CZ
"Velká Bíteš,,škola",49.2907310842041,16.2268551236347,ZR,CZ
"Velká Bíteš,,Vlkovská",49.2933995293581,16.2239314547154,ZR,CZ
"Velká Bíteš,,Lánice",49.292773957511,16.2145413748156,ZR,CZ
"Velká Bíteš,,BDS",49.2968745324074,16.2196383953045,ZR,CZ
"Velká Bíteš,,PBS",49.2996133550373,16.2137904979329,ZR,CZ
"Velká Bíteš,,samota",49.303326005337,16.2311714166865,ZR,CZ
"Velká Bíteš,Jestřabí",49.2717536,16.1904836,ZR,CZ
"Velká Bíteš,,průmyslová zóna Košíkov",49.2702828,16.2238178,ZR,CZ
"Březské,,Krevlice",49.3019773979091,16.2039685657907,ZR,CZ
"Velká Bíteš,Březka",49.2849653350133,16.1631378676623,ZR,CZ
"Velká Bíteš,Březka,rozc.",49.2880004690569,16.1626056869078,ZR,CZ
"Velká Bíteš,Holubí Zhoř",49.2910072406172,16.1413174106014,ZR,CZ
Petráveč,49.3288031283,16.0415579006139,ZR,CZ
"Petráveč,,U Lípy",49.3321368352349,16.040419737856,ZR,CZ
"Petráveč,,rozc.",49.3327681403915,16.0398465742499,ZR,CZ
"Petráveč,,hájenka",49.3302713246064,16.0467890417532,ZR,CZ
"Dolní Heřmanice,,obecní dům",49.3022261985774,16.0629979362336,ZR,CZ
Dolní Heřmanice,49.304405476097,16.060834394786,ZR,CZ
Tasov,49.2878761678335,16.09540859526,ZR,CZ
"Tasov,,mlýn",49.2876761180925,16.0777062983384,ZR,CZ
"Tasov,,domky",49.292615347435,16.0859987784398,ZR,CZ
"Ruda,Lhotka",49.3049835662683,16.115962384392,ZR,CZ
"Velká Bíteš,Bezděkov",49.2996499326787,16.1728799770268,ZR,CZ
"Záblatí,,rozc.Jáchymov",49.3046869050816,16.1613968647284,ZR,CZ
Nové Sady,49.29090020357,16.1928079766529,ZR,CZ
"Nové Sady,,rozc.",49.2915311,16.1931697,ZR,CZ
Jabloňov,49.3264605138603,16.0908785602078,ZR,CZ
"Ruda,Křeptov",49.3185390466317,16.1390484719802,ZR,CZ
"Ruda,,škola",49.3236416365309,16.1273211283544,ZR,CZ
Ruda,49.3241472491285,16.1202823948286,ZR,CZ
"Křoví,,II",49.3060607146697,16.2641206948677,ZR,CZ
"Křoví,,I",49.3103058982487,16.2632385018378,ZR,CZ
"Velká Bíteš,Pánov,rozc.",49.3124672263805,16.2840237075686,ZR,CZ
"Křoví,,pila",49.3139991679176,16.2488372542276,ZR,CZ
"Křoví,,rozc.0.5",49.3167665431391,16.2612556377185,ZR,CZ
"Březejc,,Chlostov 0.5",49.3455693022037,16.1156691735771,ZR,CZ
Březejc,49.3458898214526,16.0925475640789,ZR,CZ
"Osová Bítýška,Osová",49.3271509270584,16.1954887145728,ZR,CZ
Osová Bítýška,49.325972717099,16.1711672333534,ZR,CZ
"Osová Bítýška,,rozc.Skřinářov",49.3312945365399,16.1653146694168,ZR,CZ
"Osová Bítýška,,u kostela",49.3239978,16.1678678,ZR,CZ
"Záblatí,,SZP",49.3123311429524,16.1631969803165,ZR,CZ
Záblatí,49.3211942954879,16.167409244613,ZR,CZ
"Vlkov,,žel.st.",49.322888792291,16.2114756535473,ZR,CZ
Vlkov,49.3250121763006,16.1999525933943,ZR,CZ
"Vlkov,,ObÚ",49.3256269,16.2000792,ZR,CZ
"Březské,,rozc.1.0",49.3213960975055,16.2364663774431,ZR,CZ
Březské,49.3294092437906,16.2396275399217,ZR,CZ
"Březí,Ondrušky",49.3430373836815,16.2083354482493,ZR,CZ
Březí,49.3437958624933,16.2145518784058,ZR,CZ
Rozseč,49.3601428027,16.221841624403,ZR,CZ
Radňoves,49.3888335451209,16.2134240554161,ZR,CZ
Milešín,49.3681063897477,16.2023294038154,ZR,CZ
"Vidonín,,rozc.1.0",49.375890152866,16.2200488997285,ZR,CZ
Vidonín,49.37909121076,16.2224592225626,ZR,CZ
Skřinářov,49.3472994717582,16.1724227732734,ZR,CZ
"Ořechov,,u lomu",49.3487707161533,16.1393168178005,ZR,CZ
Ořechov,49.349935339639,16.1386797834598,ZR,CZ
"Ořechov,Ronov",49.3494704876201,16.1321539750926,ZR,CZ
Radkov,49.4228988328042,16.1606439254957,ZR,CZ
"Radkov,Radkovičky",49.4278477949703,16.1658809959526,ZR,CZ
"Moravec,,Bažantnice",49.4349329561356,16.1577149153371,ZR,CZ
"Moravec,,charitní domy",49.4350863656407,16.1381953748907,ZR,CZ
"Moravec,,rozc.Radkov",49.4386289033954,16.1538357206877,ZR,CZ
Moravec,49.4392918226705,16.1432280320466,ZR,CZ
"Moravec,,Pod kopcem",49.4444797592469,16.1420869864058,ZR,CZ
"Pikárec,,Martin",49.4191516740712,16.1218699643667,ZR,CZ
Pikárec,49.4318663377024,16.1255892083385,ZR,CZ
"Pikárec,,U Křibu",49.4336967650232,16.1195935786227,ZR,CZ
Kundratice,49.400008419851,16.1320171954692,ZR,CZ
"Kundratice,,I",49.4026009089139,16.1347949614911,ZR,CZ
Horní Libochová,49.4076865120824,16.1491924819067,ZR,CZ
"Dolní Libochová,,u mlýna",49.4070420578974,16.189305851426,ZR,CZ
Dolní Libochová,49.4079321714419,16.1800794722037,ZR,CZ
Jívoví,49.4056778905211,16.0902870490781,ZR,CZ
"Jívoví,,domky",49.4099033110748,16.0824658526769,ZR,CZ
Radenice,49.4270963356319,16.0658926410213,ZR,CZ
"Radenice,,rozc.0.5",49.431339291289,16.067677664947,ZR,CZ
Sklené n.Osl.,49.4386463227081,16.0567279340403,ZR,CZ
"Sklené n.Osl.,,myslivna",49.4468642963825,16.0445716627291,ZR,CZ
Rousměrov,49.4564791749883,16.0334607778931,ZR,CZ
"Rousměrov,Laštovičky",49.4660741352988,16.0174188686343,ZR,CZ
"Strážek,,rozc.Radkovičky",49.4273431652706,16.2025710677971,ZR,CZ
"Strážek,,u kostela",49.4400043780863,16.1941127752729,ZR,CZ
Strážek,49.4408738625563,16.1925152702089,ZR,CZ
"Strážek,Jemnice",49.4396717056632,16.172669910133,ZR,CZ
"Strážek,Mitrov",49.4421403313556,16.2171037347618,ZR,CZ
"Milasín,,rozc.0.5",49.4711503792784,16.2192719948118,ZR,CZ
"Dolní Rožínka,,dílny",49.471877818114,16.2092454192678,ZR,CZ
"Dolní Rožínka,,aut.st.",49.4751064224039,16.2067292157989,ZR,CZ
"Dolní Rožínka,,sídliště",49.4771447235098,16.2102723497273,ZR,CZ
"Rožná,,šachta KHB",49.4820534645961,16.2175863610363,ZR,CZ
"Dolní Rožínka,,R IV",49.4852564154958,16.2106691387945,ZR,CZ
"Blažkov,,rozc.Jasan",49.4932297808692,16.2091831281788,ZR,CZ
"Dolní Rožínka,Horní Rozsíčka",49.4558591860596,16.2033225579813,ZR,CZ
"Blažkov,Dolní Rozsíčka",49.4581720820176,16.194781181319,ZR,CZ
"Dolní Rožínka,Horní Rozsíčka,rozc.",49.4632946218342,16.1988084080087,ZR,CZ
Blažkov,49.4725568907658,16.1877124146537,ZR,CZ
"Blažkov,,prodejna",49.47301314281404,16.185273527907555,ZR,CZ
"Zvole,Olešinky",49.4844358136765,16.1584284588444,ZR,CZ
"Zvole,Olešinky,kult.dům",49.4856983988195,16.1583551193793,ZR,CZ
"Zvole,Olešinky,rozc.0.5",49.4883147825514,16.158552810595,ZR,CZ
"Zvole,,u školy",49.4939693559653,16.1769481256941,ZR,CZ
Zvole,49.4944251219615,16.1757324956742,ZR,CZ
"Zvole,,konvent",49.4945497912487,16.1720571764985,ZR,CZ
Horní Rožínka,49.5003066416048,16.1920395337594,ZR,CZ
"Zvole,Branišov",49.5158214942781,16.152100167235,ZR,CZ
Bukov,49.4546472757653,16.223840919467,ZR,CZ
"Bukov,,rozc.1.0",49.4612652159836,16.2273426259872,ZR,CZ
"Rožná,,Diamo",49.4960567822254,16.2283768795769,ZR,CZ
"Rožná,,drtírna R III",49.4966898208415,16.2170878985254,ZR,CZ
"Rodkov,,rozc.Rozsochy",49.5002778806775,16.2088058207606,ZR,CZ
"Rodkov,,rozc.2.0",49.5005575259687,16.2081308043261,ZR,CZ
Rodkov,49.5041736093419,16.2280402873908,ZR,CZ
"Rozsochy,Blažejovice",49.5167368685458,16.2036880934283,ZR,CZ
Rozsochy,49.520485553131,16.1995652672996,ZR,CZ
"Rozsochy,,obecní úřad",49.5204511374113,16.1968219444177,ZR,CZ
"Rozsochy,Kundratice,rozc.2.0",49.5212783496607,16.1986500248627,ZR,CZ
"Rozsochy,Albrechtice",49.5209864671947,16.1861712792286,ZR,CZ
"Rozsochy,Kundratice",49.5326879147324,16.181363917418,ZR,CZ
"Rozsochy,,žel.st.",49.5368328491347,16.1972924184184,ZR,CZ
"Rozsochy,,Domanínský ryb.rozc.",49.5409277124798,16.1992985052143,ZR,CZ
"Rozsochy,,rozc.u nádr.",49.5445316498085,16.1911242654215,ZR,CZ
"Bystřice n.Pern.,,Agroslužby",49.50981103273,16.246467370552,ZR,CZ
"Bystřice n.Pern.,Kozlov,rozc.1.0",49.5149558580484,16.3129475697798,ZR,CZ
"Bystřice n.Pern.,,rozc.Věchnov 3.0",49.5124042806842,16.2605595374925,ZR,CZ
"Bystřice n.Pern.,Bratrušín,",49.5147301059309,16.2745799084138,ZR,CZ
"Bystřice n.Pern.,,u záv.",49.5131489152065,16.2527401131191,ZR,CZ
"Bystřice n.Pern.,,žel.st.",49.5138029228537,16.2476828828507,ZR,CZ
"Bystřice n.Pern.,Lesoňovice",49.5183814913415,16.3081694471449,ZR,CZ
"Bystřice n.Pern.,,Výrobní",49.5140759562652,16.2441760365127,ZR,CZ
"Bystřice n.Pern.,,sídliště I",49.5162619048834,16.2605625641277,ZR,CZ
"Bystřice n.Pern.,Pivonice,rozc.2.0",49.5208441462402,16.3017421217684,ZR,CZ
"Bystřice n.Pern.,,gymnázium",49.5182597238753,16.2591235684381,ZR,CZ
"Bystřice n.Pern.,,kotelna",49.5193962729115,16.2620473766115,ZR,CZ
"Bystřice n.Pern.,,u mostu",49.5217936585633,16.2681260506933,ZR,CZ
"Bystřice n.Pern.,,lihovar",49.5217129178394,16.2608256933867,ZR,CZ
"Bystřice n.Pern.,,rozc.Kobylnice 1.0",49.5261980379412,16.3214393972038,ZR,CZ
"Bystřice n.Pern.,,Voldán",49.5234045387061,16.266436087872,ZR,CZ
"Bystřice n.Pern.,,Masarykovo nám.",49.5234149341626,16.2600871290857,ZR,CZ
"Bystřice n.Pern.,,kulturní dům",49.5232105444878,16.254270378744,ZR,CZ
"Bystřice n.Pern.,,poliklinika",49.5245729239787,16.262316757485,ZR,CZ
"Bystřice n.Pern.,,zahradnictví",49.5257062642779,16.2594969125861,ZR,CZ
"Bystřice n.Pern.,,DPS",49.5252654487029,16.2503810854748,ZR,CZ
"Bystřice n.Pern.,,hřbitov",49.5258089349274,16.2555791469194,ZR,CZ
"Bystřice n.Pern.,,aut.nádr.",49.5263217441082,16.2608613569963,ZR,CZ
"Bystřice n.Pern.,Pivonice",49.5312550315127,16.3203670188488,ZR,CZ
"Bystřice n.Pern.,,Novoměstská",49.5265377923902,16.2527948665246,ZR,CZ
"Bystřice n.Pern.,,sídliště II",49.5270321585663,16.2508877136151,ZR,CZ
"Bystřice n.Pern.,,Rovinky",49.5273885715667,16.2456749401727,ZR,CZ
"Bystřice n.Pern.,Dvořiště,",49.5315196049325,16.2933285110063,ZR,CZ
"Bystřice n.Pern.,,Černý vršek",49.5285159909824,16.2440852869691,ZR,CZ
"Bystřice n.Pern.,Domanínek",49.5283807687496,16.2409784988531,ZR,CZ
"Bystřice n.Pern.,Domanín,rozc.2.0",49.5292438658183,16.2459030351353,ZR,CZ
"Bystřice n.Pern.,Dvořiště,rozc.0.5",49.5327966573181,16.285230838346,ZR,CZ
"Bystřice n.Pern.,Domanínek,rozc.",49.5295570635191,16.2402065440163,ZR,CZ
"Bystřice n.Pern.,,RBR",49.5319488421489,16.2511008651008,ZR,CZ
"Bystřice n.Pern.,Domanín,u Šejnohů",49.5379902936151,16.2385133605539,ZR,CZ
"Bystřice n.Pern.,,PT Jitřenka",49.5452415756412,16.2920344021782,ZR,CZ
"Bystřice n.Pern.,Domanín,Jednota",49.5410989033879,16.2352806943811,ZR,CZ
"Bystřice n.Pern.,Domanín",49.5455082327234,16.2283940552101,ZR,CZ
"Bystřice n.Pern.,,rozc.Janovičky",49.5540554155303,16.2174898783075,ZR,CZ
"Bohuňov,,",49.5602938986161,16.2026402695944,ZR,CZ
"Bohuňov,Janovičky",49.5628471072658,16.2158706558862,ZR,CZ
"Lísek,,Skalský Dvůr",49.5648075062074,16.1782716342373,ZR,CZ
"Lísek,Vojtěchov",49.5673927388965,16.1611334805382,ZR,CZ
Lísek,49.5785765549223,16.1888059399318,ZR,CZ
"Lísek,,u Smrčků",49.5836906195812,16.1865176691107,ZR,CZ
"Lísek,,samota",49.5932770841407,16.1845332807249,ZR,CZ
Ždánice,49.546988460417,16.2623585743687,ZR,CZ
"Ždánice,,rozc.Karasín 2.0",49.553977865617,16.2616677735962,ZR,CZ
"Bystřice n.Pern.,Karasín",49.5586202359229,16.272752724987,ZR,CZ
"Bystřice n.Pern.,Vítochov",49.567259534756,16.2542810606165,ZR,CZ
Písečné,49.5671547374008,16.2375270807318,ZR,CZ
"Písečné,,rozc.Velké Janovice",49.575759958331,16.233003804581,ZR,CZ
Velké Janovice,49.5867621771172,16.2221714750514,ZR,CZ
"Dalečín,Veselí",49.5910329591392,16.2757316835137,ZR,CZ
"Dalečín,,náves",49.5916160884801,16.2446695151354,ZR,CZ
Dalečín,49.5925481350088,16.2400146308605,ZR,CZ
"Dalečín,Veselí,rozc.",49.5930645886502,16.2462418469037,ZR,CZ
"Dalečín,,rozc.k záv.0.3",49.596255159516,16.2425722356351,ZR,CZ
"Dalečín,,záv.",49.5972422398985,16.2472444842178,ZR,CZ
"Dalečín,Hluboké,rozc.",49.5828182613985,16.2994458532163,ZR,CZ
"Chlum-Korouhvice,Chlum,rozc.",49.5725431378477,16.3150572716164,ZR,CZ
"Chlum-Korouhvice,Chlum",49.5743297437971,16.3206816245064,ZR,CZ
"Chlum-Korouhvice,Korouhvice",49.5782870951423,16.3118502810427,ZR,CZ
"Nedvědice,,nám.",49.4570769,16.3344611,BO,CZ
"Nedvědice,,u zdrav.stř.",49.4541053,16.3308297,BO,CZ
"Nedvědice,,škola",49.4560167,16.3325347,BO,CZ
"Nedvědice,,žel.st.",49.4546394,16.3365269,BO,CZ
"Nedvědice,,rozc.Skorotice",49.4664003,16.3391017,BO,CZ
"Štěpánov n.Svratkou,,záv.",49.5009186758216,16.331322759411,ZR,CZ
"Štěpánov n.Svratkou,,záv.rozc.0.2",49.5027508974077,16.3358163774151,ZR,CZ
"Štěpánov n.Svratkou,,nám.",49.5046714763866,16.3390457955427,ZR,CZ
"Štěpánov n.Svratkou,,škola",49.5089570190837,16.3392104997549,ZR,CZ
"Štěpánov n.Svratkou,,Hamry",49.5156182439208,16.3358440106654,ZR,CZ
"Koroužné,,Záskalí",49.5175596502456,16.3423273530784,ZR,CZ
"Koroužné,Švařec",49.5200206004139,16.3444119692995,ZR,CZ
Koroužné,49.5280053724585,16.3484209965687,ZR,CZ
"Koroužné,,u mostu",49.531088524083,16.3523570215877,ZR,CZ
"Koroužné,,rozc.Bolešín",49.5332552511529,16.3532584661942,ZR,CZ
"Prosetín,,rozc.1.0",49.523544922013,16.4135888266421,ZR,CZ
"Prosetín,Čtyři Dvory",49.5230009087893,16.3842613822345,ZR,CZ
Prosetín,49.5260328014838,16.3950410694834,ZR,CZ
"Prosetín,Brťoví,rozc.1.0",49.5265311141367,16.390207905395,ZR,CZ
"Prosetín,Brťoví",49.5304344530557,16.3702219014046,ZR,CZ
"Ujčov,,Bořinov",49.4698375691343,16.3439889935975,ZR,CZ
"Ujčov,Dolní Čepí",49.4763929741565,16.347100841616,ZR,CZ
"Ujčov,Kasany",49.477161951532,16.3340775355436,ZR,CZ
"Ujčov,Lískovec",49.4816335544625,16.316802226971,ZR,CZ
"Ujčov,,u hřiště",49.4831905304253,16.3344022599737,ZR,CZ
Ujčov,49.4887108203545,16.331678970802,ZR,CZ
Skorotice,49.457184300168,16.3592716846854,ZR,CZ
"Skorotice,Chlébské,rozc.2.0",49.4618924815823,16.3518570570885,ZR,CZ
"Skorotice,Chlébské",49.4683531859563,16.3610325691721,ZR,CZ
"Rožná,,žel.st.",49.4743587353047,16.2445188344591,ZR,CZ
"Rožná,Josefov,",49.4789899192487,16.2623429124807,ZR,CZ
"Rožná,,Jednota",49.4786254888238,16.2383973583576,ZR,CZ
"Rožná,Josefov,rozc.2.0",49.4836264895264,16.2461315486833,ZR,CZ
"Rožná,Zlatkov,u rybníka",49.4892448890818,16.2558082519032,ZR,CZ
"Rovečné,,sušárna ZD",49.5743347035344,16.3500044751793,ZR,CZ
Rovečné,49.5775433228,16.3630237217129,ZR,CZ
"Rovečné,,u školy",49.57621659327032,16.35946565045544,ZR,CZ
"Rovečné,,rozc.",49.5879884169971,16.3716706944844,ZR,CZ
"Rovečné,,zdrav.stř.",49.5778464,16.3595619,ZR,CZ
"Věstín,Bolešín",49.541804836516,16.3598138490671,ZR,CZ
"Věstín,Věstínek",49.5630886476201,16.3491883231381,ZR,CZ
Věstín,49.5689414082163,16.3445822479275,ZR,CZ
"Vír,,dol.přehrada",49.5484845832685,16.338597584605,ZR,CZ
"Vír,Hrdá Ves",49.5532443985826,16.3091553293135,ZR,CZ
"Vír,,u Šťastných",49.5547931223859,16.3286931847113,ZR,CZ
"Vír,,rozc.k Dalečínu",49.5566959648629,16.3162329015601,ZR,CZ
"Vír,,u mostu",49.556761117283,16.3153200642125,ZR,CZ
"Vír,,u záv.",49.5599230186141,16.3120204141542,ZR,CZ
"Vír,,na hrázi",49.5639017229865,16.3130458972209,ZR,CZ
"Velké Tresné,,záv.",49.5692550587668,16.3859762624838,ZR,CZ
Velké Tresné,49.5742350323596,16.381659586256,ZR,CZ
"Velké Tresné,,rozc.",49.5834002896525,16.3839642381712,ZR,CZ
"Olešnice,,nám.",49.5578956,16.4223519,BK,CZ
"Olešnice,Lamberk",49.5691528,16.4092942,BK,CZ
Nyklovice,49.6044861859718,16.3475630606829,ZR,CZ
"Nyklovice,,u kapličky",49.6042744,16.3449036,ZR,CZ
"Bystré,,MěÚ",49.6282158,16.3472806,SY,CZ
"Sulkovec,Polom,",49.5996709530412,16.3102913342927,ZR,CZ
"Sulkovec,",49.6088542990903,16.310559473114,ZR,CZ
"Jimramov,Ubušín",49.619215065613,16.2615078002499,ZR,CZ
Ubušínek,49.6113253723763,16.2816838666384,ZR,CZ
"Ubušínek,,rozc.1.0",49.6176172246947,16.2862815427384,ZR,CZ
"Pelhřimov,,ACHP",49.404349670236,15.2287311001743,PE,CZ
"Pelhřimov,Myslotín",49.402132385106,15.198908640063,PE,CZ
"Pelhřimov,,Lhotka I",49.4056052669231,15.221236547585,PE,CZ
"Pelhřimov,,Lhotka II",49.4061341575584,15.224990247896,PE,CZ
"Pelhřimov,,STS",49.4080892058529,15.2278348184352,PE,CZ
"Pelhřimov,,silo",49.4092480505597,15.2236030067946,PE,CZ
"Pelhřimov,,Kartáčovny",49.4093536447625,15.2161845809531,PE,CZ
"Pelhřimov,,SBD",49.4099297493152,15.2208101731542,PE,CZ
"Pelhřimov,,u Nezy",49.4109701538227,15.2180344031885,PE,CZ
"Pelhřimov,Skrýšov",49.4139638086963,15.2414334402144,PE,CZ
"Pelhřimov,,Strabag",49.4134188601481,15.2201364107977,PE,CZ
"Pelhřimov,,Rynárecká",49.4146114386871,15.2227354719021,PE,CZ
"Pelhřimov,,ICOM",49.4166219860645,15.2280550734458,PE,CZ
"Pelhřimov,,Modřínová",49.4171954977406,15.2308590088074,PE,CZ
"Pelhřimov,,žel.st.",49.4194505013954,15.2232558927349,PE,CZ
"Pelhřimov,,Pod Hájkem",49.4220345355502,15.2305678843345,PE,CZ
"Pelhřimov,,Agrostroj",49.422746204776,15.2214886706219,PE,CZ
"Pelhřimov,,aut.nádr.",49.425305901505,15.2233608014664,PE,CZ
"Pelhřimov,,Říčanského I",49.4257935752728,15.22386090107,PE,CZ
"Pelhřimov,,Říčanského II",49.4259747450491,15.2236416703224,PE,CZ
"Pelhřimov,,Říčanského III",49.4260453367835,15.2235217211036,PE,CZ
"Pelhřimov,,Říčanského IV",49.4261704819314,15.2233090805333,PE,CZ
"Pelhřimov,,Pod Floriánem I",49.4256622700954,15.2146165851608,PE,CZ
"Pelhřimov,,Křemešnická",49.4270983720467,15.2273270435099,PE,CZ
"Pelhřimov,,požární zbrojnice",49.4265301657351,15.2166728819081,PE,CZ
"Pelhřimov,,hřbitov",49.4279893627929,15.2304569810589,PE,CZ
"Pelhřimov,,u školy",49.4285357804966,15.2215961152018,PE,CZ
"Pelhřimov,,Pod Floriánem II",49.4283598785066,15.213005621611,PE,CZ
"Pelhřimov,,Dobiášova",49.4305952774644,15.2341536654418,PE,CZ
"Pelhřimov,,Příkopy",49.4303520798317,15.2248077801583,PE,CZ
"Pelhřimov,,DUP",49.4308921642932,15.231143436804,PE,CZ
"Pelhřimov,,Stráž",49.4299555390974,15.2133084027464,PE,CZ
"Pelhřimov,,hotel REKREA",49.4314376299697,15.2275310225578,PE,CZ
"Pelhřimov,,Pod Dolní branou",49.432357677393,15.2256411860087,PE,CZ
"Pelhřimov,,Karlovo nám.",49.4324747589657,15.2248519182717,PE,CZ
"Pelhřimov,,Strachovská",49.4319523298361,15.2172982677667,PE,CZ
"Pelhřimov,,nem.II",49.433217479547,15.2293916251732,PE,CZ
"Pelhřimov,,nem.I",49.4331730135782,15.2272041538798,PE,CZ
"Pelhřimov,,Čajkovského",49.4341755219547,15.2341932778762,PE,CZ
"Pelhřimov,,Architekta Janáka",49.434624345615,15.2149480129584,PE,CZ
"Pelhřimov,,Pražská",49.4354184270755,15.218318195432,PE,CZ
"Pelhřimov,,Táborská",49.436799611117,15.206683649497,PE,CZ
"Pelhřimov,,Osvobození I",49.4377059204913,15.212545956282,PE,CZ
"Pelhřimov,,Kaufland",49.4387415675484,15.2110304767341,PE,CZ
"Pelhřimov,Starý Pelhřimov",49.4390416187678,15.1969665670968,PE,CZ
"Pelhřimov,Radětín,rozc.0.7",49.4479619182356,15.2328825143526,PE,CZ
"Pelhřimov,Hodějovice,rozc.",49.4464632495338,15.1964236675006,PE,CZ
"Pelhřimov,Radětín",49.4505877673892,15.2313748749961,PE,CZ
"Pelhřimov,Čakovice,rozc.",49.4581588283806,15.1842668945679,PE,CZ
"Pelhřimov,Skrýšov,kaplička",49.4104611,15.241184,PE,CZ
"Nová Cerekev,Částkovice",49.4036450397152,15.1465862543954,PE,CZ
"Nová Cerekev,Proseč-Obořiště",49.4081251827397,15.1289257347565,PE,CZ
"Nová Cerekev,Proseč-Obořiště,samoty",49.4133115661303,15.124494912383,PE,CZ
"Nová Cerekev,,nám.",49.416897142112,15.1169666932803,PE,CZ
"Nová Cerekev,,žel.st.",49.4245409594725,15.116282219448,PE,CZ
"Nová Cerekev,,hřbitov",49.4262141823574,15.126897066576,PE,CZ
"Nová Cerekev,Myslov",49.3937258380303,15.112786563186,PE,CZ
"Nová Cerekev,Chmelná",49.3993563181006,15.1120322502734,PE,CZ
"Nová Cerekev,Stanovice,rozc.",49.4410616028405,15.1434554238764,PE,CZ
"Pelhřimov,Pejškov,rozc.",49.4411715738953,15.1388842873591,PE,CZ
"Nová Cerekev,Stanovice",49.4339641064415,15.1382955492656,PE,CZ
Čížkov,49.4407072267354,15.1184379470207,PE,CZ
"Pelhřimov,Bitětice",49.465854341456,15.148310581264,PE,CZ
"Bácovice,,rozc.0.5",49.4797352905885,15.160906224395,PE,CZ
"Bácovice,,rozc.1.0",49.4827379015447,15.1806615309371,PE,CZ
"Červená Řečice,Milotičky",49.4827331614217,15.1495259660766,PE,CZ
"Červená Řečice,Zmišovice,rozc.",49.4969370441261,15.1794896469048,PE,CZ
Červená Řečice,49.5115734366709,15.1785165873498,PE,CZ
"Útěchovice,,samota",49.4762251791249,15.1042873078173,PE,CZ
Útěchovice,49.4772408535535,15.116074417463,PE,CZ
"Červená Řečice,,rozc.Mašovice",49.4804074165568,15.1422882752644,PE,CZ
"Útěchovičky,,rozc.2.0",49.4741836316799,15.0982838116525,PE,CZ
"Litohošť,,rozc.1.0",49.448360818489,15.1059809905806,PE,CZ
Útěchovičky,49.4609091998561,15.0985857479889,PE,CZ
Litohošť,49.449362204328,15.0904741176099,PE,CZ
"Leskovice,,obec",49.42922863725508,15.080332411946126,PE,CZ
"Pošná,Nesvačily,rozc.0.5",49.438343027737,15.0597643581971,PE,CZ
"Košetice,Nová Ves,rozc.",49.5533519369356,15.0892498714105,PE,CZ
"Košetice,,škola",49.55591672913,15.1118138020222,PE,CZ
"Košetice,,Malá strana",49.5578658916699,15.1149267548138,PE,CZ
Košetice,49.5592222369649,15.1158137078929,PE,CZ
"Košetice,,rozc.Martinice u Onšova",49.5687581588018,15.1072238527337,PE,CZ
"Křelovice,,záv.Červená Řečice",49.5293769839597,15.1720862975773,PE,CZ
Křelovice,49.5369780237777,15.1663339312787,PE,CZ
"Křelovice,Jiřičky,st.sil.",49.545871530579,15.1552747985832,PE,CZ
"Křelovice,Jiřičky,rozc.",49.5519172033467,15.1607451316299,PE,CZ
"Křelovice,Číhovice",49.5536686916514,15.1667314566108,PE,CZ
"Arneštovice,,křiž.0.2",49.5299780853115,15.1214986370637,PE,CZ
Arneštovice,49.5318628470449,15.1181111119887,PE,CZ
"Arneštovice,,rozc.Krasolesí",49.5414663831923,15.109966937548,PE,CZ
"Hořepník,Březina",49.4981446734135,15.0887210598503,PE,CZ
Hořepník,49.5124711536826,15.1069592043977,PE,CZ
"Hořepník,,pletárna",49.5146270395748,15.1022283216188,PE,CZ
"Hořepník,,hřbitov",49.5167128087121,15.0990256458614,PE,CZ
"Hořepník,,rozc.Kyjov",49.5251569785496,15.0889912315726,PE,CZ
Rovná,49.5095170793276,15.1268422888223,PE,CZ
"Bořetice,,samota",49.4843237499873,15.1016280943382,PE,CZ
"Samšín,Přáslavice,",49.4862276581585,15.0868307679933,PE,CZ
Bořetice,49.4964546189837,15.1096872075098,PE,CZ
Martinice u Onšova,49.579551412459,15.1154892412138,PE,CZ
Onšov,49.5785608831396,15.1361189659128,PE,CZ
"Onšov,Těškovice",49.587560420789,15.1304296597837,PE,CZ
"Onšov,Těškovice,rozc.",49.5920528086793,15.130423264962,PE,CZ
"Chýstovice,,rozc.Chyšná",49.577906767728,15.092136506395,PE,CZ
Chyšná,49.5863885670367,15.0993376643568,PE,CZ
"Černovice,Panské Mlýny,cihelny",49.350389509564,14.9344913480326,PE,CZ
"Černovice,Rytov",49.3551477548907,14.9853621752761,PE,CZ
"Černovice,Panské Mlýny",49.3542024295994,14.9417792051388,PE,CZ
"Černovice,Dobešov",49.3587158952843,14.9604735303759,PE,CZ
"Černovice,,ústav zámek",49.3688062544741,14.9625355896135,PE,CZ
"Černovice,Svatava",49.374135059437,14.9943762343356,PE,CZ
"Černovice,,sokolovna",49.3727543347807,14.9663629893445,PE,CZ
"Černovice,,nám.",49.3725831136632,14.9595544890841,PE,CZ
"Černovice,Vackov",49.3745380731169,14.9803258708051,PE,CZ
"Černovice,Střítež",49.3839185806215,14.9422768436855,PE,CZ
"Obrataň,Moudrov",49.3904326247963,14.9792181964856,PE,CZ
"Černovice,,rozc.Bohutín",49.3756799405644,15.0121620513696,PE,CZ
Lidmaň,49.3818622127412,15.0371743047589,PE,CZ
"Lidmaň,Lidmaňka",49.3898447369801,15.0520439287392,PE,CZ
"Moraveč,,rozc.Žlíbek",49.399455533522,15.0637731916982,PE,CZ
Moraveč,49.4093878156698,15.0755190742804,PE,CZ
"Moraveč,,rybník Primus",49.4122680484789,15.0896202890031,PE,CZ
"Křeč,,rozc. k Vlčevsi",49.3810288905039,14.8941811205157,PE,CZ
"Křeč,,ZD",49.3895856978952,14.9231229516194,PE,CZ
Křeč,49.3890665141442,14.9152342400281,PE,CZ
"Černovice,Benešov",49.3377255103668,15.0012047189564,PE,CZ
Hojovice,49.3289900665026,14.9194957821856,PE,CZ
"Hojovice,,Ovčín",49.337308215346,14.9267531065858,PE,CZ
Bořetín,49.3099463250846,14.9481265048797,PE,CZ
Mnich,49.2995258187003,14.965605228499,PE,CZ
"Mnich,,kult.dům",49.3016642048436,14.9623534056593,PE,CZ
"Mnich,Mirotín",49.3086256580451,14.9876737457544,PE,CZ
"Černovice,Vlkosovice",49.3404545971648,14.9587672774473,PE,CZ
"Bořetín,,hájek",49.3166803537164,14.9611553044887,PE,CZ
"Mnich,Chválkov,Dvořiště",49.3208402104612,14.9862713875725,PE,CZ
"Mnich,Chválkov,Rutov",49.3233330060583,14.9769610309176,PE,CZ
"Mnich,Chválkov",49.3270336577909,14.9673596647211,PE,CZ
"Mnich,Chválkov,háj.",49.3287959366278,14.9569507552617,PE,CZ
"Božejov,Nová Ves",49.3499464771121,15.1395308836632,PE,CZ
Božejov,49.36194441411,15.1563021956694,PE,CZ
"Božejov,,obchvat",49.3617799848678,15.150398768548,PE,CZ
"Božejov,,ZD",49.364707073985,15.1593523733365,PE,CZ
Střítež,49.3645176782502,15.1289061948144,PE,CZ
"Střítež,Krumvald",49.3636285760983,15.109128196557,PE,CZ
"Těmice,Knížata",49.3640506651151,15.0955964354041,PE,CZ
"Střítež,Bor",49.3807134807001,15.1268487380057,PE,CZ
"Těmice,Dráchov",49.3283512762109,15.0667137794563,PE,CZ
"Těmice,Babín",49.3405929475532,15.080869194993,PE,CZ
"Těmice,Babín,váha",49.3421389181906,15.0806778615279,PE,CZ
Těmice,49.3506355402433,15.0613197323733,PE,CZ
"Těmice,Drahoňov",49.3590756929421,15.0845969434032,PE,CZ
"Těmice,Drahoňov,rozc.",49.3657730162386,15.0528640939179,PE,CZ
"Nová Cerekev,Markvarec",49.3778276409757,15.0898160272878,PE,CZ
"Ústrašín,,obchvat",49.382148801091,15.1750688113033,PE,CZ
Ústrašín,49.3828798735267,15.1672754248953,PE,CZ
Libkova Voda,49.3768134028555,15.1911547966872,PE,CZ
"Libkova Voda,,samoty",49.3829082883327,15.1978721769864,PE,CZ
"Ondřejov,,obchvat",49.3924506495921,15.183507349704,PE,CZ
Ondřejov,49.3926107080182,15.1776460666693,PE,CZ
Vokov,49.3957325746239,15.2175873517925,PE,CZ
"Vokov,,rozc.0.5",49.3968064298949,15.2304863290042,PE,CZ
"Kamenice n.Lipou,Vodná,I",49.2774660460363,15.0685149142819,PE,CZ
"Kamenice n.Lipou,Vodná,II",49.2834305618051,15.0662563274111,PE,CZ
"Kamenice n.Lipou,Gabrielka",49.2877854775958,15.0649933150446,PE,CZ
"Kamenice n.Lipou,,Bradlo",49.2909279773228,15.0746687264826,PE,CZ
"Kamenice n.Lipou,,žel.st.",49.2949608368979,15.0754967423644,PE,CZ
"Kamenice n.Lipou,,aut.nádr.",49.2999902285838,15.0757307210021,PE,CZ
"Kamenice n.Lipou,,U zámku",49.302655494201,15.078419576388,PE,CZ
"Kamenice n.Lipou,Březí",49.3022929772442,15.0538528779263,PE,CZ
"Kamenice n.Lipou,,Družstevní",49.3042903217184,15.0725220320288,PE,CZ
"Kamenice n.Lipou,,škola",49.3046399437914,15.0744564282922,PE,CZ
"Kamenice n.Lipou,Antonka",49.3093144370864,15.1014070813478,PE,CZ
"Kamenice n.Lipou,,Heřmaň",49.317041002045,15.0836315674145,PE,CZ
"Kamenice n.Lipou,,Štičí",49.3217242588361,15.0886093995378,PE,CZ
"Kamenice n.Lipou,Pravíkov",49.3330325006053,15.1006457316818,PE,CZ
Včelnička,49.304883740707,15.0422087275721,PE,CZ
"Včelnička,,sklárna",49.3060351115015,15.039285517957,PE,CZ
"Kamenice n.Lipou,Nová Ves",49.3128895287273,15.0521474608659,PE,CZ
"Mnich,Mirotín,rozc.",49.3132663623428,15.0003192620629,PE,CZ
"Bohdalín,,rozc.",49.3080683981548,15.0262967550619,PE,CZ
Bohdalín,49.3078114210489,15.0155113506573,PE,CZ
Žďár,49.256493386636,15.075644854372,JH,CZ
"Vlčetínec,,rozc.2.0",49.2712889164436,15.0688549057151,JH,CZ
"Nová Včelnice,,TEBO a.s.",49.2315926213272,15.069907247751,JH,CZ
"Nová Včelnice,,žel.st.",49.2365234068708,15.0677561832122,JH,CZ
"Nová Včelnice,,nám.",49.2381786748233,15.0725496822222,JH,CZ
Rodinov,49.2812697989629,15.1006794525814,PE,CZ
"Lhota-Vlasenice,Vlasenice",49.3028962681184,15.1243119814326,PE,CZ
"Lhota-Vlasenice,Vlasenice,rozc.",49.3139680696832,15.1212084028005,PE,CZ
"Častrov,Pelec",49.3192319198532,15.139666122839,PE,CZ
"Častrov,Jakubín",49.2866092162543,15.1976601238949,PE,CZ
"Častrov,Ctiboř",49.2934037212903,15.2136435143164,PE,CZ
"Častrov,Metánov",49.2939896354341,15.1699960592894,PE,CZ
"Častrov,Perky",49.3047886519213,15.1954061456715,PE,CZ
"Častrov,,Větrník",49.3086958813366,15.1883624217736,PE,CZ
Častrov,49.3081173617699,15.1801221074685,PE,CZ
"Častrov,,Drážďany",49.3255833377408,15.171539560171,PE,CZ
"Žirovnice,Vlčetín",49.2333893801392,15.1590496791062,PE,CZ
"Žirovnice,Vlčetín,rozc.",49.2373277506926,15.1535287644026,PE,CZ
"Žirovnice,,Budín",49.2488452659408,15.201000306767,PE,CZ
"Žirovnice,,u hřbitova",49.2472837730505,15.1739439602044,PE,CZ
"Žirovnice,,Nový Svět",49.2519462607422,15.1954966567175,PE,CZ
"Žirovnice,,st.statek",49.2511900831952,15.1787181403475,PE,CZ
"Žirovnice,,nám.",49.2529297974691,15.1873720051429,PE,CZ
"Žirovnice,,Počátecká",49.2544265337271,15.1946066139709,PE,CZ
"Žirovnice,,rozc.1.0",49.2542825597863,15.1801391614578,PE,CZ
"Žirovnice,Lítkovice",49.2572191555319,15.14761724637,PE,CZ
"Žirovnice,Štítné",49.2563296406736,15.1185998627074,PE,CZ
"Žirovnice,Cholunná",49.2655345910262,15.2019886051117,PE,CZ
"Žirovnice,Stranná,rozc.1.0",49.265624423977,15.1735229675194,PE,CZ
"Žirovnice,Stranná",49.2726110161887,15.1525700180266,PE,CZ
"Počátky,Horní Vilímeč,žel.st.",49.2348163529311,15.258584764746,PE,CZ
"Počátky,Horní Vilímeč",49.2415127685876,15.2573894910111,PE,CZ
"Počátky,Vesce,rozc.0.5",49.254860920854,15.2412440268275,PE,CZ
"Počátky,,Lázně Sv.Kateřiny křiž.",49.2607822131189,15.2738261546088,PE,CZ
"Počátky,,U nem.",49.2596902240832,15.2354281746028,PE,CZ
"Počátky,,st.statek rozc.",49.2628297312578,15.2561569282202,PE,CZ
"Počátky,,u nádraží",49.261584585531,15.2384142444316,PE,CZ
"Počátky,,aut.nádr.",49.2616023263271,15.2370126414904,PE,CZ
"Počátky,,U Smrčků",49.268541186421,15.2515436550032,PE,CZ
"Počátky,Heřmaneč,rozc.1.0",49.2753355383542,15.2615214429288,PE,CZ
"Počátky,,Lázně Sv.Kateřiny rozc.",49.2767723293808,15.2683603006315,PE,CZ
"Počátky,,Volmanec rozc.",49.2795997535791,15.2404253903174,PE,CZ
"Počátky,Léskovec",49.2857104245215,15.2799985170572,PE,CZ
"Stojčín,,zbrojnice",49.2380540292283,15.221777693083,PE,CZ
"Stojčín,,žel.st.",49.2373797634852,15.212278227217,PE,CZ
"Stojčín,,škola",49.2387518119942,15.2163402392815,PE,CZ
Polesí,49.2936604336513,15.2469617260119,PE,CZ
Horní Ves,49.2933393878475,15.3073384639329,PE,CZ
Bělá,49.3125423863806,15.2616626643757,PE,CZ
"Horní Cerekev,Turovka",49.3068248567249,15.2766360020895,PE,CZ
"Bělá,,rozc.1.0",49.3097850524688,15.2461392145198,PE,CZ
"Veselá,,rozc.",49.3157837699342,15.2263568094221,PE,CZ
Veselá,49.3180514121171,15.226778550229,PE,CZ
"Veselá,,hřbitov",49.322538016774,15.2304238704302,PE,CZ
"Horní Cerekev,,žel.st.",49.3109884006668,15.3252675866631,PE,CZ
"Horní Cerekev,,STS",49.31571537287,15.3266548576544,PE,CZ
"Horní Cerekev,Hříběcí",49.3170631137982,15.2984106243041,PE,CZ
"Horní Cerekev,,nám.",49.319619790404,15.3286764839056,PE,CZ
"Horní Cerekev,,Modeta",49.3207718946011,15.3242646371301,PE,CZ
"Horní Cerekev,Hříběcí,žel.zast.",49.3204470895584,15.3089075185809,PE,CZ
"Horní Cerekev,,škola",49.3225114889195,15.3243225500572,PE,CZ
"Horní Cerekev,,Brajnerov",49.3440400527182,15.3464954138815,PE,CZ
"Horní Cerekev,Těšenov",49.3511825224389,15.355350252147,PE,CZ
"Zajíčkov,Rovná,rozc.1.0",49.371208679017,15.2376372097337,PE,CZ
Rynárec,49.3895912169296,15.2344519758771,PE,CZ
Zajíčkov,49.3783139314993,15.2581191216346,PE,CZ
"Dobrá Voda,Rohovka",49.3400762710792,15.2704355288318,PE,CZ
"Dobrá Voda,,obec",49.357891726417,15.2698148644234,PE,CZ
"Dobrá Voda,Letny,rozc.",49.3671531392874,15.2754675313886,PE,CZ
"Dobrá Voda,,Dlouhá Ves",49.3731058858404,15.268976742319,PE,CZ
"Horní Cerekev,Chrástov",49.3548682306414,15.3234471375749,PE,CZ
"Horní Cerekev,Chrástov,lesní mlýn",49.3631754112555,15.324562604536,PE,CZ
"Černov,,rozc.",49.3352399946668,15.3118777879803,PE,CZ
Černov,49.3439114255913,15.3133873397532,PE,CZ
Nová Buková,49.3458256254329,15.2961234905905,PE,CZ
Čelistná,49.3601289326121,15.20699346371,PE,CZ
"Čelistná,,rozc.Matouš",49.3701143805931,15.2100066936661,PE,CZ
Mezná,49.3469789121313,15.211118725676,PE,CZ
"Pelhřimov,Drbohlavy,rozc.Mezná",49.3477270285478,15.1936017806859,PE,CZ
"Pelhřimov,Drbohlavy",49.347735274692,15.185063174727,PE,CZ
"Mezná,Vratišov",49.3606148905006,15.2259157154465,PE,CZ
"Pelhřimov,Janovice",49.3303418722928,15.2522539378153,PE,CZ
"Pelhřimov,Ostrovec",49.3334840207993,15.2598966385371,PE,CZ
"Pelhřimov,Ostrovec,rozc.",49.3335180804743,15.2552122563081,PE,CZ
"Pelhřimov,Benátky",49.3461091671007,15.2509126759612,PE,CZ
"Pelhřimov,Houserovka",49.3553924436146,15.2390486329018,PE,CZ
Střítež p.Křemešníkem,49.4344076828869,15.3196040174211,PE,CZ
"Zachotín,,Kladiny rozc.1.0",49.442168802516,15.3314645135583,PE,CZ
"Zachotín,,Kladiny hl.sil.",49.4426278486372,15.3307428255752,PE,CZ
"Olešná,Plevnice",49.4376737393592,15.2900675740358,PE,CZ
"Olešná,Plevnice,rozc.",49.4473235843297,15.2845149317363,PE,CZ
Olešná,49.4455799829788,15.2625510859804,PE,CZ
"Olešná,,cihelna",49.446829627608,15.2755972352879,PE,CZ
"Pelhřimov,Služátky",49.4577854472058,15.2517987963411,PE,CZ
"Pelhřimov,Chvojnov",49.4607346578143,15.2748855750859,PE,CZ
"Pelhřimov,Rybníček,rozc.1.5",49.4480145109444,15.294953801313,PE,CZ
"Pelhřimov,Strměchy,rozc.",49.444199626148,15.3124200238463,PE,CZ
"Pelhřimov,Strměchy",49.4450836988186,15.305719635483,PE,CZ
"Pelhřimov,Jelcovy Lhotky",49.451331689569,15.3158883483364,PE,CZ
"Pelhřimov,Kocourovy Lhotky",49.4560272792939,15.3177943256927,PE,CZ
"Pelhřimov,Rybníček,samota",49.4551384637099,15.2929117389856,PE,CZ
Žirov,49.4640835791411,15.3238152900614,PE,CZ
"Pelhřimov,Rybníček",49.4628032519415,15.2974180387878,PE,CZ
"Pelhřimov,Útěchovičky",49.4673159273246,15.2868519399658,PE,CZ
"Pelhřimov,Strměchy,obec",49.4462631,15.3067206,PE,CZ
"Vyskytná,Branišov",49.4222741882379,15.3368670368521,PE,CZ
"Vyskytná,,samoty",49.4151334089991,15.3675188852347,PE,CZ
Vyskytná,49.4294324051747,15.3665878473549,PE,CZ
"Vyskytná,,bytovky",49.4313174343585,15.3631479026326,PE,CZ
"Vyskytná,,rozc.",49.4337215211605,15.3652087677519,PE,CZ
"Vyskytná,Sedliště",49.4377615076485,15.3399099558248,PE,CZ
"Jankov,,obec",49.4145148561835,15.386014315652,PE,CZ
"Putimov,,rozc.",49.4143346807225,15.278594304431,PE,CZ
Putimov,49.4155199585704,15.2661995698463,PE,CZ
"Olešná,Řemenov",49.4268439434935,15.2675940055616,PE,CZ
"Střítež p.Křemešníkem,,Kamenicko",49.4196353752614,15.3154126172436,PE,CZ
"Pelhřimov,Lešov,rozc.1.0",49.4003009719739,15.2922387087561,PE,CZ
"Proseč p.Křemešníkem,,rozc.Hory",49.4072799929908,15.2837974962768,PE,CZ
Proseč p.Křemešníkem,49.4150530958461,15.2952764344096,PE,CZ
"Proseč p.Křemešníkem,,samoty",49.4172019177243,15.3020284872202,PE,CZ
"Vokov,,rozc.Pavlov",49.3986941625619,15.2308570130694,PE,CZ
Pavlov,49.3980070552411,15.2440126854199,PE,CZ
"Pelhřimov,Nemojov,mlýn",49.3975595922306,15.2621392758628,PE,CZ
"Pelhřimov,Radňov,U Doubků",49.3832061148491,15.2898264347822,PE,CZ
"Pelhřimov,Radňov,pila",49.3837536439752,15.2818034434669,PE,CZ
"Pelhřimov,Lešov,",49.3855419957988,15.2978160422051,PE,CZ
"Pelhřimov,Radňov,mlýn",49.3880819526197,15.2778196909815,PE,CZ
"Pelhřimov,Nemojov",49.3992470399562,15.2727333112044,PE,CZ
"Nový Rychnov,,háj.",49.3730030161752,15.3085054033099,PE,CZ
"Nový Rychnov,Čejkov",49.3752158012483,15.3216093076211,PE,CZ
"Nový Rychnov,,Staré Hamry",49.368099818142,15.3777096891934,PE,CZ
"Nový Rychnov,Řeženčice",49.3683533933251,15.3564144204936,PE,CZ
"Nový Rychnov,,Losy samota",49.3798249879909,15.3382830282852,PE,CZ
Nový Rychnov,49.3835856661565,15.365202506262,PE,CZ
"Nový Rychnov,,U Tomanů",49.3858653708972,15.3824125243221,PE,CZ
"Nový Rychnov,,hřbitov",49.3853856094783,15.3625014724077,PE,CZ
"Nový Rychnov,,Sítiny",49.3909318319016,15.3389186910873,PE,CZ
"Nový Rychnov,Sázava",49.3931170620992,15.3306400696288,PE,CZ
"Nový Rychnov,Chaloupky,rozc.",49.4042324372462,15.3658025863343,PE,CZ
"Nový Rychnov,Křemešník,rozc.",49.4004879754641,15.3190037586728,PE,CZ
"Nový Rychnov,,Korec",49.4013674374593,15.3130045423431,PE,CZ
"Pelhřimov,Služátky,rozc.1.0",49.4600815579587,15.2439190348341,PE,CZ
"Kojčice,,rozc.1.0",49.4687651844582,15.2594273742138,PE,CZ
Kojčice,49.4759878738326,15.2561384880718,PE,CZ
"Dehtáře,,rozc.1.9",49.479330544227,15.2796596456362,PE,CZ
Dehtáře,49.4855386737723,15.2755670584659,PE,CZ
"Dehtáře,Onšovice,hl.sil.",49.4890194472825,15.2905108657226,PE,CZ
"Dehtáře,Onšovice,obec",49.4895813985794,15.2894303491228,PE,CZ
"Dehtáře,Vadčice,rozc.1.0",49.4908792878921,15.2657730016949,PE,CZ
"Velký Rybník,,hl.sil.",49.4957500231544,15.3071026386477,PE,CZ
"Velký Rybník,,obec",49.4908639,15.3071708,PE,CZ
"Mladé Bříště,Záhoří,hl.sil.",49.4993986699114,15.3265369143853,PE,CZ
"Pelhřimov,Hodějovice",49.4653687085862,15.2077040441835,PE,CZ
Krasíkovice,49.4612220567045,15.2300980532103,PE,CZ
"Krasíkovice,Rožkov,rozc.0.5",49.4691802793917,15.2236593571209,PE,CZ
"Pelhřimov,Pobistrýce",49.4776130243263,15.2328552148451,PE,CZ
"Svépravice,,Prasatka",49.4866016752765,15.233276352157,PE,CZ
Svépravice,49.4954664091508,15.2323855794618,PE,CZ
"Svépravice,,samoty",49.4960646289446,15.2289661542837,PE,CZ
"Červená Řečice,Popelištná,rozc.",49.4997051509979,15.2095145742385,PE,CZ
"Humpolec,,Šamanova háj.",49.5144953112922,15.3935326322123,PE,CZ
"Humpolec,Plačkov",49.5291483170196,15.3988515672099,PE,CZ
"Humpolec,,háj.",49.5286435821162,15.3712544067247,PE,CZ
"Humpolec,Hněvkovice,háj.",49.5257796730763,15.3053502540574,PE,CZ
"Humpolec,,dálnice",49.5299732114825,15.3499963700385,PE,CZ
"Humpolec,Hněvkovice,II",49.5299703550881,15.3225828025672,PE,CZ
"Humpolec,Vilémov,U Dominů",49.5357017698197,15.3819687437888,PE,CZ
"Humpolec,Vilémov",49.5358826328101,15.3839468827857,PE,CZ
"Humpolec,Hněvkovice,I",49.5321059756984,15.3285120244596,PE,CZ
"Humpolec,,ČML tírna",49.5384336102785,15.3718805352496,PE,CZ
"Humpolec,,zem.podnik",49.5362650344832,15.3438693865556,PE,CZ
"Humpolec,,Poliklinika",49.5381073824808,15.35640644736,PE,CZ
"Humpolec,Rozkoš",49.5410837830321,15.3853924302883,PE,CZ
"Humpolec,,nem.",49.5395772617756,15.3648153881325,PE,CZ
"Humpolec,Rozkoš,lesní záv.",49.5417810419059,15.3898421665966,PE,CZ
"Humpolec,,aut.nádr.",49.5399531414906,15.3454444171956,PE,CZ
"Humpolec,,ICOM",49.5400212128287,15.3458217844488,PE,CZ
"Humpolec,,pošta",49.5410697368553,15.3546733622451,PE,CZ
"Humpolec,,strojírny",49.5414801242593,15.3380519654572,PE,CZ
"Humpolec,,Trucbaba",49.5413817740997,15.3291360898451,PE,CZ
"Humpolec,,Kuchařov",49.544129796255,15.3561972437755,PE,CZ
"Humpolec,,rozvodna",49.5467449756412,15.3379742549897,PE,CZ
"Humpolec,,Litochleby",49.5486224205001,15.349804887438,PE,CZ
"Humpolec,,Lužická",49.5511793259553,15.3591465251636,PE,CZ
"Humpolec,,Dusilov",49.5527529233975,15.3712220433968,PE,CZ
"Humpolec,Hadina",49.5608604292857,15.3599224986431,PE,CZ
"Humpolec,Brunka",49.5633411197255,15.3379169945965,PE,CZ
"Humpolec,Světlice",49.5664243160021,15.3553230185632,PE,CZ
"Humpolec,Světlice,II",49.5693170814682,15.3528168301938,PE,CZ
"Želiv,Brtná",49.5088153995123,15.2136737544196,PE,CZ
"Želiv,,škola",49.5263539946874,15.2223830245103,PE,CZ
"Želiv,Vřesník",49.5320092573737,15.2540942949985,PE,CZ
"Želiv,,rest.Na Želivce",49.5303456792944,15.2256780757619,PE,CZ
"Želiv,,klášter",49.5307861686325,15.2131598487299,PE,CZ
"Želiv,,ZD",49.5328302205336,15.2350987781492,PE,CZ
"Želiv,Vřesník,rozc.0.5",49.535684137986,15.2565625621357,PE,CZ
"Želiv,Bolechov,rozc.1.0",49.5316183659297,15.2063592956155,PE,CZ
"Želiv,Vitice,rozc.1.0",49.5356554134531,15.237215420974,PE,CZ
"Želiv,Vitice",49.5423547653175,15.2404828029235,PE,CZ
"Humpolec,Petrovice",49.5401245169303,15.2792546260436,PE,CZ
"Jiřice,,rozc.1.5",49.5398728515124,15.3088395435817,PE,CZ
"Jiřice,Močidla",49.539083793287,15.2941173551219,PE,CZ
Jiřice,49.5533608329607,15.3180057455056,PE,CZ
"Jiřice,,Rokosky",49.5558207864405,15.2914107053607,PE,CZ
"Jiřice,,Radostín",49.566355493371,15.2993817151361,PE,CZ
"Jiřice,Speřice,rozc.Holušice",49.570947506917,15.2910633313674,PE,CZ
"Jiřice,Speřice",49.5719286339785,15.2856548024569,PE,CZ
"Humpolec,Kletečná",49.5064181121494,15.2972058570338,PE,CZ
"Humpolec,Kletečná,U křížku",49.5094905050289,15.2928166185659,PE,CZ
"Humpolec,Kletečná,Smrdov",49.5107144427698,15.3020654665156,PE,CZ
"Sedlice,,koupaliště",49.5139312809777,15.2708537731664,PE,CZ
"Humpolec,Kletečná,háj.Ptáček",49.5171643364909,15.3005564436426,PE,CZ
"Svépravice,,rozc.k Brtné",49.5089353009746,15.2441898037421,PE,CZ
Sedlice,49.515286020312,15.2560429942767,PE,CZ
"Sedlice,,Kordovsko",49.5168451164849,15.267299967692,PE,CZ
"Koberovice,Lohenice,rozc.",49.577399572684,15.2784420279255,PE,CZ
"Koberovice,,Podolí",49.5830109135678,15.269080918111,PE,CZ
Koberovice,49.5877013416269,15.2632236176853,PE,CZ
"Koberovice,,u Pavlánů",49.5901080021822,15.2533196577298,PE,CZ
Hojanovice,49.5975110818102,15.2654926922604,PE,CZ
"Hojanovice,,V Osinách",49.6096928132242,15.2563205551016,PE,CZ
Vojslavice,49.593058355227,15.2286154604027,PE,CZ
"Vojslavice,,Na chalupách",49.5947758470945,15.2337444876282,PE,CZ
Čejov,49.5635745502433,15.3784324594731,PE,CZ
"Čejov,,ZD",49.565880110177,15.3796750074611,PE,CZ
"Kejžlice,,Orlovy",49.5860611466751,15.3951974416745,PE,CZ
"Kejžlice,,Chaloupky",49.5870945245524,15.3897133473562,PE,CZ
Kejžlice,49.5903273562507,15.3920835250797,PE,CZ
"Budíkov,Malý Budíkov",49.5876076859158,15.382101203643,PE,CZ
"Řečice,,Kamenná Trouba",49.609220074732,15.3837788041694,HB,CZ
"Řečice,Záběhlice",49.6077703534151,15.3467436674425,PE,CZ
"Řečice,Bystrá",49.6108974139827,15.3663692204768,PE,CZ
"Řečice,Bystrá,rozc.",49.6123039586508,15.3597837687111,PE,CZ
"Řečice,Křepiny",49.6155585216726,15.3557296708295,PE,CZ
Proseč,49.6016912417548,15.3286918693349,PE,CZ
Kaliště,49.5923739188402,15.3051268881501,PE,CZ
"Kaliště,,hřbitov",49.5951657511063,15.3068960873329,PE,CZ
"Kaliště,Podivice,rozc.",49.6077483004332,15.2921611846614,PE,CZ
Horní Rápotice,49.5754534561429,15.3200709491905,PE,CZ
Budíkov,49.5793712288385,15.3627089418123,PE,CZ
"Senožaty,,Mochny",49.5589928679052,15.1804772340536,PE,CZ
"Senožaty,Otavožaty,rozc.0.5",49.5685371945864,15.2285825518402,PE,CZ
"Senožaty,,ZD",49.5655536777121,15.1923365969406,PE,CZ
"Senožaty,Otavožaty,Okoun",49.5680691214826,15.216021032308,PE,CZ
"Senožaty,,ObÚ",49.5674815593712,15.1970783755803,PE,CZ
"Senožaty,,ZŠ",49.5691795228137,15.2045992304736,PE,CZ
"Senožaty,,fara",49.5693068017412,15.1982228703577,PE,CZ
Syrov,49.5777796992636,15.1775731270679,PE,CZ
"Hořice,Hroznětice",49.5864067585783,15.206792684748,PE,CZ
"Hořice,,samoty",49.5936830335671,15.1945843218325,PE,CZ
"Hořice,,kult.dům",49.598653446304,15.1856202982043,PE,CZ
"Hořice,,rozc.",49.6014523189718,15.1898714706724,PE,CZ
Píšť,49.6031537621575,15.2043502206917,PE,CZ
"Píšť,Vranice",49.6066169340448,15.2124599148775,PE,CZ
"Píšť,,Rachyně",49.6072283195001,15.1900323476785,PE,CZ
Ježov,49.6129340153449,15.233717530394,PE,CZ
Dunice,49.6020278,15.1531047,BN,CZ
Studený,49.608245,15.1281444,BN,CZ
"Komorovice,,ZD",49.502405374267,15.3419437719569,PE,CZ
Komorovice,49.5083170669273,15.3445886825645,PE,CZ
"Komorovice,,hl.sil.",49.5118181309887,15.3417688085927,PE,CZ
Vystrkov,49.5195182765043,15.3495944642433,PE,CZ
"Vystrkov,,obec",49.5214726844534,15.3494937062534,PE,CZ
"Vystrkov,,zadní Vystrkov",49.5242162865591,15.3490200418699,PE,CZ
"Bystrá,,Březina",49.5021699497054,15.362418679235,PE,CZ
Bystrá,49.5081071198654,15.3708224739821,PE,CZ
"Bystrá,,háj.",49.5082819976827,15.3575431147694,PE,CZ
Staré Bříště,49.4903580032929,15.3595207789968,PE,CZ
"Mladé Bříště,Hojkovy",49.4905918205018,15.3393433146167,PE,CZ
Mladé Bříště,49.4918126012926,15.3353073913565,PE,CZ
"Staré Bříště,,U Válů",49.493356932202,15.3533414264745,PE,CZ
"Mysletín,,háj.",49.4666803689034,15.3659331191067,PE,CZ
Mysletín,49.4767516080617,15.3679454695499,PE,CZ
"Humpolec,Krasoňov",49.5008520936743,15.3992449649307,PE,CZ
"Humpolec,Krasoňov,u Kampů",49.5052128911639,15.397914525273,PE,CZ
"Zachotín,,Kladiny",49.4464913209386,15.3369005652361,PE,CZ
"Zachotín,Petrkov",49.4592517937203,15.3608672512781,PE,CZ
"Zachotín,,Kladiny samota",49.4582145926224,15.343064299539,PE,CZ
Zachotín,49.4621691311884,15.3477851222924,PE,CZ
"Pacov,,Propad",49.4567470740173,14.9896446479888,PE,CZ
"Pacov,,žel.st.",49.4602129013756,15.0172304466036,PE,CZ
"Pacov,,strojírny",49.4650278026417,15.0149578141064,PE,CZ
"Pacov,,statek",49.4674546387494,15.0203004779497,PE,CZ
"Pacov,,škola",49.4673641188898,15.0084947209069,PE,CZ
"Pacov,,Kozimberk",49.4673283073046,14.9985582200223,PE,CZ
"Pacov,,aut.nádr.",49.4699515792132,15.0035754241445,PE,CZ
"Pacov,,Na růžku",49.4723516371524,14.9999940145252,PE,CZ
"Pacov,,Poláček",49.4741148588626,15.0061391143881,PE,CZ
"Pacov,,škola Za branou Starodvorská",49.4743456247103,15.0018696214413,PE,CZ
"Pacov,,škola Za branou sídl.",49.475022713422,15.0025087860929,PE,CZ
"Pacov,Roučkovice,rozc.",49.480483647309,15.0378794460077,PE,CZ
"Pacov,,Jetřichovská ul.křiž.",49.4782169366878,15.0029814667832,PE,CZ
"Pacov,,Trucbaba",49.4778254015782,14.9952925957667,PE,CZ
"Pacov,,ČSAD",49.4814607778456,15.0068736836452,PE,CZ
"Pacov,,Hrádek statek",49.4918610273479,15.0255638773479,PE,CZ
"Pacov,,Hrádek SOMPO",49.494165739325,15.0324354356699,PE,CZ
"Důl,Nová Ves",49.4639831550461,15.0249089130712,PE,CZ
Obrataň,49.4243557760577,14.9490511798233,PE,CZ
"Obrataň,,žel.st.",49.4286672518142,14.9544172343735,PE,CZ
"Obrataň,Hrobská Zahrádka",49.4378904664263,14.9303859784602,PE,CZ
"Obrataň,Hrobská Zahrádka,rozc.",49.4414049714792,14.9274933404489,PE,CZ
Cetoraz,49.4546868843454,14.9571790242621,PE,CZ
"Obrataň,Vintířov",49.4012999034858,14.986344339138,PE,CZ
Věžná,49.4123511155091,14.9881369322356,PE,CZ
"Věžná,,Dvořiště rozc.0.6",49.4224390369434,14.9798178085833,PE,CZ
Eš,49.4348640820079,15.0012441632954,PE,CZ
"Eš,,Červený Mlýn",49.4432140361266,14.9992124806056,PE,CZ
Kámen,49.4236964048451,15.0135222403347,PE,CZ
"Kámen,,hl.sil.",49.4260206481862,15.0023665417129,PE,CZ
"Kámen,,rozc.1.0",49.4264240920809,15.0006068206486,PE,CZ
Dobrá Voda u Pacova,49.4052908887394,15.0282499313944,PE,CZ
Vysoká Lhota,49.4162418990483,15.0422193594287,PE,CZ
"Vysoká Lhota,,rozc.1.0",49.4247416614483,15.0414816445596,PE,CZ
Zlátenka,49.4214586033359,15.0576631912397,PE,CZ
"Pošná,Proseč u Pošné,Ovčín",49.4411963723561,15.0524885210993,PE,CZ
"Pošná,Proseč u Pošné",49.4434484948893,15.0463762271976,PE,CZ
"Pošná,,Pazderna",49.449331804751,15.0466414378133,PE,CZ
Důl,49.4514962877842,15.0302619172013,PE,CZ
"Důl,,rozc.0.8",49.4577630910379,15.0322370417481,PE,CZ
Pošná,49.4587759612496,15.0412710193115,PE,CZ
Zhořec,49.4899386546151,14.9630470699847,PE,CZ
"Zhořec,,mlýn",49.490867322602,14.9516661404267,PE,CZ
"Pacov,Zhoř,rozc.",49.4931641785293,14.9414899438213,PE,CZ
"Pacov,Zhoř",49.4950319532148,14.9419036824652,PE,CZ
"Zhořec,,Neckář",49.4989930152619,14.9919020233059,PE,CZ
"Zhořec,,rozc.Jetřichovec",49.4955225981097,14.9855830403013,PE,CZ
"Pacov,Jetřichovec",49.5021647247306,14.974460016699,PE,CZ
"Pacov,Jetřichovec,Hladov pila",49.5063701511677,14.9886192908834,PE,CZ
"Těchobuz,,lom",49.5075594266759,14.9545893273768,PE,CZ
Těchobuz,49.5102297975371,14.9309922264476,PE,CZ
Smilovy Hory,49.537735,14.878315,TA,CZ
"Smilovy Hory,Františkov",49.5215644,14.8659506,TA,CZ
"Smilovy Hory,Malý Ježov",49.5368653,14.9090947,TA,CZ
"Smilovy Hory,Velký Ježov",49.5307389,14.9187022,TA,CZ
"Mladá Vožice,,aut.st.",49.5311011,14.8082561,TA,CZ
"Mladá Vožice,,Jeníka z Bratřic",49.5286142,14.81147,TA,CZ
"Mladá Vožice,Janov",49.5256156,14.8279925,TA,CZ
"Mladá Vožice,Dolní Kouty,rozc.1.0",49.5260697,14.8330575,TA,CZ
"Mladá Vožice,Staniměřice",49.5285719,14.8506383,TA,CZ
Velká Chyška,49.5116894463488,15.0370365517224,PE,CZ
"Velká Chyška,,samota",49.5248283429822,15.0276811691824,PE,CZ
Útěchovice p.Stražištěm,49.5386367460103,15.0291164876841,PE,CZ
"Bratřice,,rozc.",49.5087162349526,14.9859053656443,PE,CZ
Bratřice,49.5162352036179,14.999893778205,PE,CZ
Salačova Lhota,49.5242943805337,14.9795512989111,PE,CZ
Samšín,49.4873992705515,15.0601429273472,PE,CZ
"Samšín,Přáslavice,rozc.1.5",49.4940007164071,15.0777145002253,PE,CZ
Lesná,49.5178718220563,15.0580705916283,PE,CZ
"Lukavec,,samota",49.5530423299173,14.9659963238505,PE,CZ
"Lukavec,Týmova Ves,rozc.",49.5588060501503,14.9794615172174,PE,CZ
"Lukavec,,záv.",49.5606054241474,14.9840878853777,PE,CZ
Lukavec,49.5657277326473,14.9906243127479,PE,CZ
"Lukavec,Velká Ves",49.5683375913428,14.9535702870782,PE,CZ
"Lukavec,Bezděkov",49.5730864192368,14.9686651507571,PE,CZ
"Lukavec,Velká Ves,rozc.",49.5756307775286,14.9643951950082,PE,CZ
"Mezilesí,,Karbanův mlýn",49.5365099286689,14.9608427094879,PE,CZ
Mezilesí,49.5410243939877,14.9490694431739,PE,CZ
"Mezilesí,Zelená Ves",49.5454814510112,14.9585748203324,PE,CZ
"Mezilesí,Holýšov",49.5497280145024,14.9374359598694,PE,CZ
"Vyklantice,,rozc.1.0",49.5516422896284,15.0374658497232,PE,CZ
"Vyklantice,Kateřinky",49.5545047198599,15.0230433619386,PE,CZ
"Buřenice,Radějov",49.5355223890398,15.0866070528055,PE,CZ
"Buřenice,,Dobroměřice rozc.",49.5367782828606,15.0806256857465,PE,CZ
Buřenice,49.5520088957093,15.0666387657469,PE,CZ
"Čáslavsko,Štědrovice",49.5823825336409,15.0165214266476,PE,CZ
"Čáslavsko,,Šebířův mlýn",49.5825286717946,14.9994113428399,PE,CZ
"Čáslavsko,Kopaniny",49.5870154284615,14.9868293151186,PE,CZ
"Čáslavsko,Kopaniny,Hájenka",49.5903534847112,14.9910321449458,PE,CZ
Čáslavsko,49.5923102437208,15.004288920754,PE,CZ
"Čáslavsko,Štědrovice,rozc.",49.5948603706955,15.007263991335,PE,CZ
Křešín,49.5812875952599,15.0451829447994,PE,CZ
"Křešín,,u kostela",49.5812916790062,15.0424373811293,PE,CZ
"Křešín,Mohelnice",49.5885989501544,15.0350329503197,PE,CZ
"Chýstovice,Jedlina,rozc.0.5",49.5831103500646,15.0710810533643,PE,CZ
Chýstovice,49.5857896103638,15.0775884901066,PE,CZ
"Chýstovice,,rozc.0.5",49.5879415786604,15.0789691519366,PE,CZ
"Křešín,Čeněnice,rozc.1.0",49.5909408806201,15.0725903876024,PE,CZ
"Slavíkov,Rovný,rozc.1.5",49.7296743261377,15.8151919637545,HB,CZ
"Ždírec n.Doubr.,Údavy",49.7347171510798,15.8209114097292,HB,CZ
"Ždírec n.Doubr.,Údavy,odb.",49.7420860413203,15.8225175859944,HB,CZ
"Slavíkov,Dlouhý",49.7532353050821,15.8173445639408,HB,CZ
"Čechtice,Práchňany",49.6025231,15.0163203,BN,CZ
"Čechtice,Staré Práchňany",49.6023025,15.0178806,BN,CZ
"Horní Meziříčko,,rozc.2.0",49.16819,15.2444639,JH,CZ
Jilem,49.1767386,15.2696675,JH,CZ
"Studená,,U lékárny",49.1877328,15.2858372,JH,CZ
"Studená,,ul.1.máje aut.st.",49.185215,15.2863456,JH,CZ
"Studená,Horní Bolíkov",49.1910247,15.3138142,JH,CZ
"Studená,Horní Bolíkov,rozc.0.1",49.1883506,15.3189269,JH,CZ
"Studená,,Masokombinát",49.1812211,15.2935628,JH,CZ
"Studená,Sumrakov,Lísky",49.1743814,15.32757,JH,CZ
"Studená,Sumrakov",49.1744081,15.3209172,JH,CZ
"Studená,,škola",49.183895,15.2844678,JH,CZ
"Studená,Domašín",49.2045975,15.2734328,JH,CZ
Vlčeves,49.3588753,14.9002531,TA,CZ
"Vlčeves,,cihelny",49.3527564,14.9242619,TA,CZ
"Vlčeves,Svatá Anna",49.3720817,14.89886,TA,CZ
"Brno,,Nemocnice Bohunice",49.176087369267464,16.56460661207277,BM,CZ
"Brno,,ÚAN Zvonařka",49.1855086,16.6143494,BM,CZ
"Čechtice,Malá Paseka",49.6051828,15.058915,BN,CZ
Čechtice,49.6231803,15.0487728,BN,CZ
"Čechtice,,prodejna",49.6248017,15.0479175,BN,CZ
"Čechtice,Otročice,rozc.",49.6374397,15.0251597,BN,CZ
"Čechtice,Černičí",49.6199111,15.0751172,BN,CZ
"Čechtice,,škola",49.6246794,15.0455131,BN,CZ
"Dačice,Velký Pěčín",49.1199722,15.4460719,JH,CZ
"Dačice,,aut.nádr.",49.0836706,15.4371883,JH,CZ
"Dačice,,Strojírenská",49.0825806,15.4526472,JH,CZ
"Dačice,,U Trojice",49.0787317,15.4493256,JH,CZ
"Dačice,,Komenského",49.0815506,15.4331083,JH,CZ
"Dačice,,ZOU",49.0822906,15.4327325,JH,CZ
"Dačice,Borek",49.0750197,15.4618472,JH,CZ
"Dačice,,Strojírenská rozc.",49.0802156,15.4525919,JH,CZ
"Dačice,Karlov",49.0813789,15.46165,JH,CZ
"Dačice,,Jednota LSD",49.0751114,15.4380217,JH,CZ
"Dačice,Hradišťko",49.0600931,15.4386367,JH,CZ
"Budíškovice,Ostojkovice,Vlažínka",49.0527611,15.4865867,JH,CZ
"Budíškovice,Ostojkovice",49.0325281,15.5033158,JH,CZ
"Třebětice,,rozc.0.5",49.0394553,15.5197467,JH,CZ
Třebětice,49.0472297,15.5219356,JH,CZ
"Budíškovice,Ostojkovice,rozc.2.0",49.0193747,15.5134517,JH,CZ
"Bítov,,Cornštejn",48.9358483,15.7114058,ZN,CZ
"Bítov,,most",48.9372444,15.7039594,ZN,CZ
"Bítov,,nám.",48.937355,15.7291269,ZN,CZ
Červený Hrádek,49.1227847,15.5396536,JH,CZ
"Červený Hrádek,,rozc.Dolní Vilímeč",49.1244203,15.5296994,JH,CZ
"Trhová Kamenice,,nám.",49.7866172,15.8163347,CR,CZ
"Trhová Kamenice,,odb.Zubří",49.7819328,15.8047894,CR,CZ
"Trhová Kamenice,,sokolovna",49.7839889,15.8122931,CR,CZ
Kostelní Vydří,49.1084747,15.4222403,JH,CZ
"Kostelní Vydří,,klášter",49.1029281,15.4178581,JH,CZ
"Dačice,Prostřední Vydří",49.1228639,15.4124308,JH,CZ
"Horky,,křiž.",49.8704186,15.4353094,KH,CZ
Okřesaneč,49.8480378,15.4660492,KH,CZ
"Okřesaneč,,Písek",49.8444139,15.4608964,KH,CZ
"Okřesaneč,,rozc.",49.8486289,15.4617947,KH,CZ
"Hostovlice,,ObÚ",49.8604814,15.4651394,KH,CZ
"Bratčice,,křiž.",49.8583717,15.4475908,KH,CZ
Potěhy,49.8690492,15.4205381,KH,CZ
"Potěhy,,škola",49.8687744,15.4166328,KH,CZ
Tupadly,49.8696136,15.4027794,KH,CZ
Horky,49.8689728,15.4372872,KH,CZ
"Bratčice,,rozc.Potěhy",49.85577,15.4268569,KH,CZ
Bratčice,49.8549233,15.4301547,KH,CZ
Adamov,49.8581047,15.4081344,KH,CZ
"Horky,,Skalka",49.8718261,15.4348603,KH,CZ
"Hostovlice,,u hřiště",49.8611756,15.4638139,KH,CZ
"Čáslav,,aut.st.",49.9120256,15.3967381,KH,CZ
Drobovice,49.8891031,15.4122944,KH,CZ
"Čáslav,,nem.",49.9047547,15.3994503,KH,CZ
"Čáslav,,Hudební škola",49.9069022,15.3965483,KH,CZ
"Čáslav,,žel.st.",49.9144822,15.3949108,KH,CZ
Třebětín,49.7705917,15.2693128,KH,CZ
Bohdaneč,49.7786142,15.2228356,KH,CZ
"Bohdaneč,,Sáhy",49.7774278,15.2361258,KH,CZ
"Bohdaneč,,u kapličky",49.7841989,15.2166206,KH,CZ
"Bohdaneč,Prostřední Ves",49.7906647,15.2148742,KH,CZ
"Trhová Kamenice,Hluboká",49.7843667,15.7846908,CR,CZ
"Trhová Kamenice,Hluboká,Polom",49.7796822,15.7726642,CR,CZ
Borovník,49.3558578,16.2295131,BO,CZ
"Načeradec,Novotinky",49.5838203,14.9695044,BN,CZ
"Načeradec,Dolní Lhota",49.5805511,14.9626789,BN,CZ
"Střítež,,JIPOCAR",49.4591664592963,15.6151838280053,JI,CZ
"Jihlava,,BOSCH Pávov",49.4418349492089,15.6160167943257,JI,CZ
"Jihlava,,Překladiště Pávov",49.4416564623562,15.610118833905,JI,CZ
"Jihlava,,Starý Pávov",49.4428002876715,15.6031639927707,JI,CZ
"Jihlava,,Nový Pávov",49.4488733886798,15.6015777499489,JI,CZ
"Jihlava,Červený Kříž,zast.",49.4577056964635,15.6020573256608,JI,CZ
"Jihlava,,U Červeného Kříže",49.4581222744802,15.603553631028,JI,CZ
"Jihlava,Červený Kříž",49.4626600780567,15.601021837084,JI,CZ
"Jihlava,Antonínův Důl",49.4665309735814,15.5997122630248,JI,CZ
"Štoky,Zvonějov",49.4749282309667,15.5936976529627,HB,CZ
"Jihlava,Henčov",49.4142618984762,15.6349691660349,JI,CZ
"Jihlava,Henčov,letiště",49.4242575090985,15.6299568920289,JI,CZ
"Jihlava,Heroltice,rozc.",49.4292143207301,15.6364565968176,JI,CZ
"Jihlava,Heroltice,Švábka",49.4294330878576,15.636019318547,JI,CZ
"Jihlava,Heroltice",49.4335186517746,15.6324866297517,JI,CZ
Malý Beranov,49.396356231919,15.6378567195315,JI,CZ
"Malý Beranov,,zast.",49.3963794102132,15.6339547629491,JI,CZ
"Malý Beranov,,Nové stavení",49.4001950259735,15.6316942475285,JI,CZ
"Jihlava,,Helenín",49.4021072144208,15.6265388766019,JI,CZ
"Jihlava,,Helenín zast.",49.4042222590388,15.6314426665765,JI,CZ
"Brtnice,Dolní Smrčné",49.3234389815651,15.7394134827351,JI,CZ
"Brtnice,Přímělkov,I",49.3404958422512,15.7312736793444,JI,CZ
"Brtnice,Přímělkov,II",49.3410031730075,15.7364787777158,JI,CZ
"Brtnice,Střížov,II",49.3426261976056,15.7043377208237,JI,CZ
"Brtnice,Střížov,I",49.3445302868959,15.6991251287876,JI,CZ
"Třebíč,Račerovice",49.2478426613504,15.8353309603697,TR,CZ
"Třebíč,Račerovice,náves",49.2496402747975,15.8321873712245,TR,CZ
"Třebíč,Pocoucov",49.2402568287246,15.8968464868324,TR,CZ
"Strážek,Moravecké Janovice,rozc.",49.4054122099555,16.2294947161317,ZR,CZ
"Strážek,Meziboří,u školy",49.4052432789586,16.2214141049249,ZR,CZ
"Strážek,Meziboří,za rybníkem",49.4086985642041,16.2135835617488,ZR,CZ
"Strážek,Moravecké Janovice",49.4110175080462,16.2448896942312,ZR,CZ
"Strážek,Meziboří",49.4104918716011,16.2209260843021,ZR,CZ
"Strážek,Meziboří,rozc.1.0",49.4151245888152,16.2220141556468,ZR,CZ
"Strážek,Krčma,",49.419241222822,16.2172226349683,ZR,CZ
"Nové Město na Mor.,Rokytno",49.5998296152841,16.0710702509257,ZR,CZ
"Nové Město na Mor.,,hotel Medlov rozc.",49.6076879741395,16.0742303737069,ZR,CZ
"Nové Město na Mor.,Studnice,rozc.",49.610242959676,16.0782027020645,ZR,CZ
"Nové Město na Mor.,,Paseky",49.6144875759771,16.0885560107192,ZR,CZ
"Nové Město na Mor.,Olešná",49.5464594167603,16.1267477352826,ZR,CZ
"Nové Město na Mor.,Olešná,rozc.",49.5494424271823,16.1093707177238,ZR,CZ
"Žďár n.Sáz.,Veselíčko",49.5555993391714,16.0042047623061,ZR,CZ
"Žďár n.Sáz.,Mělkovice",49.5586529039631,15.987561707804,ZR,CZ
"Žďár n.Sáz.,Mělkovice,mech.stř.",49.558105337339,15.9742409109366,ZR,CZ
"Žďár n.Sáz.,Mělkovice,rozc.0.4",49.5619241859104,15.982706055758,ZR,CZ
"Nové Město na Mor.,,rozc.Veselíčko",49.5623581891554,16.0135262975878,ZR,CZ
"Žďár n.Sáz.,,zámek",49.5827049441338,15.9355992985912,ZR,CZ
"Žďár n.Sáz.,,Tokoz",49.5865632911595,15.9338904125811,ZR,CZ
"Žďár n.Sáz.,,Tokoz I",49.5867049235629,15.9342398778087,ZR,CZ
"Žďár n.Sáz.,,Pilská nádrž",49.5886982041839,15.932884405016,ZR,CZ
"Žďár n.Sáz.,Stržanov",49.6022962028329,15.935713839971,ZR,CZ
"Havlíčkův Brod,Květnov",49.5429227465131,15.5898342330772,HB,CZ
"Havlíčkův Brod,Suchá,rozc.1.0",49.5537626532022,15.5869672153015,HB,CZ
"Havlíčkův Brod,Suchá",49.5551984894863,15.5745265784945,HB,CZ
"Havlíčkův Brod,Svatý Kříž",49.5683459092025,15.5782841865216,HB,CZ
"Havlíčkův Brod,Svatý Kříž,rozc.0.5",49.5690228957762,15.5817832655736,HB,CZ
"Okrouhlička,,Skřivánek",49.5334949701025,15.5924075651979,HB,CZ
"Lípa,Petrkov,lázně",49.5684069243727,15.567765274347,HB,CZ
"Lípa,Petrkov",49.5677933977404,15.5590924601438,HB,CZ
"Havlíčkův Brod,Svatý Kříž,u pomníku",49.5678411,15.5777322,HB,CZ
"Chotěboř,Marieves,",49.692709189528,15.7051842811033,HB,CZ
"Chotěboř,Příjemky",49.6960440145301,15.7061760829218,HB,CZ
"Chotěboř,Bílek",49.7031020060088,15.7294138349912,HB,CZ
"Chotěboř,Příjemky,rozc.1.5",49.703863407502,15.7226120355035,HB,CZ
"Chotěboř,,drůbežárna Křivý",49.706064680256,15.7332732589967,HB,CZ
"Libice n.Doubr.,Malochyně,odb.",49.7062206867021,15.7382115961564,HB,CZ
"Světlá n.Sáz.,Benetice,rozc.1.7",49.6965242237121,15.3610617788804,HB,CZ
"Světlá n.Sáz.,Opatovice",49.7000718282262,15.3568345981186,HB,CZ
"Pavlov,,samoty",49.69981015154,15.348439869882,HB,CZ
"Světlá n.Sáz.,Dolní Březinka",49.6614353885707,15.3856414390147,HB,CZ
"Světlá n.Sáz.,Mrzkovice",49.6614887243363,15.3701781761583,HB,CZ
"Světlá n.Sáz.,Leštinka",49.6649880698856,15.3508297650104,HB,CZ
"Nová Ves u Světlé,,Horní lesy",49.6390691278511,15.4152032219885,HB,CZ
"Světlá n.Sáz.,Závidkovice,zem.závod",49.6464862273807,15.4043546245931,HB,CZ
"Světlá n.Sáz.,Závidkovice",49.6502523435271,15.4087372690735,HB,CZ
"Světlá n.Sáz.,Kochánov,lesní školka",49.6490428870586,15.370247928123,HB,CZ
"Světlá n.Sáz.,Kochánov,rozc.0.6",49.652330783181,15.3787194231949,HB,CZ
"Světlá n.Sáz.,Františkodol",49.6551982922064,15.3829011168812,HB,CZ
"Světlá n.Sáz.,,Lipnička",49.6568910806069,15.3877783207487,HB,CZ
"Světlá n.Sáz.,Březinka,rozc.0.4",49.6577551991281,15.3846073005079,HB,CZ
"Lipnice n.Sáz.,Vilémovec",49.6215929107827,15.4227383171197,HB,CZ
"Krásná Hora,Broumova Lhota,Říhovka",49.6250171722557,15.4314630565669,HB,CZ
"Krásná Hora,Broumova Lhota",49.6288171486029,15.4374662119475,HB,CZ
"Želiv,Lhotice",49.5583125337882,15.2518127403048,PE,CZ
"Želiv,Lhotice,křiž.0.6",49.5648323674733,15.2588773324247,PE,CZ
"Želiv,Miletín",49.5675698590409,15.2482987639394,PE,CZ
"Humpolec,Lhotka,",49.5579858503873,15.2740033785935,PE,CZ
"Senožaty,,Závodí",49.5697555289629,15.2393344034345,PE,CZ
"Pacov,,Mlýn Brožka",49.4722512205811,14.9512069747344,PE,CZ
"Pacov,Bedřichov",49.4741922786577,14.9628408126773,PE,CZ
"Pacov,Velká Rovná,Ovčín",49.4724146899601,14.9258327231875,PE,CZ
"Pacov,Velká Rovná",49.4740048378641,14.9382327147544,PE,CZ
Dubovice,49.4328586546226,15.1739478154318,PE,CZ
"Dubovice,,rozc.1.0",49.4388725016698,15.173270027878,PE,CZ
"Nová Cerekev,,rozc.Lipice",49.4397408765907,15.1597712984336,PE,CZ
"Pelhřimov,Lipice,Farma",49.4449682419172,15.1624706381512,PE,CZ
"Pelhřimov,Lipice",49.4565187896902,15.1572134698199,PE,CZ
"Pelhřimov,Vlásenice,nádr.",49.4161416110707,15.158747774583,PE,CZ
"Pelhřimov,Vlásenice",49.419260749726,15.1666988605253,PE,CZ
"Pelhřimov,,chaty",49.420909506036,15.1794527339349,PE,CZ
Přibyslavice,49.2785989,16.2599811,BO,CZ
"Strmilov,,škola",49.1625708,15.2041319,JH,CZ
"Strmilov,,aut.st.",49.1589622,15.2020522,JH,CZ
Zahrádky,49.2003822,15.2417258,JH,CZ
"Zahrádky,Horní Dvorce",49.1853142,15.2412022,JH,CZ
"Strmilov,Palupín,rozc.0.2",49.180725,15.2323475,JH,CZ
"Bořetín,,rozc.0.2",49.1873969,15.2133581,JH,CZ
"Strmilov,Palupín",49.1802825,15.2259092,JH,CZ
"Hříšice,,obec",49.1031075,15.4934503,JH,CZ
"Hříšice,Jersice",49.1056975,15.5291147,JH,CZ
"Hříšice,Jersice,rozc.2.0",49.1202508,15.5170603,JH,CZ
Drunče,49.2962608,14.9361792,JH,CZ
"Drunče,,samoty",49.2937356,14.9286661,JH,CZ
"Březina,,ČSAD",49.2902031,14.9136992,JH,CZ
Březina,49.2918167,14.9103144,JH,CZ
"Deštná,,rozc.Budislav",49.2930908,14.875145,JH,CZ
"Deštná,Lipovka",49.2862244,14.8858156,JH,CZ
"Deštná,Nový Dvůr",49.2774619,14.8994228,JH,CZ
"Deštná,,areál ZD",49.2705917,14.9150658,JH,CZ
"Deštná,,Táborská",49.2671356,14.9224786,JH,CZ
"Deštná,,nám.",49.2656058,14.9247933,JH,CZ
"Deštná,,lázně",49.2700578,14.9315281,JH,CZ
"Dobrohošť,,Helenin Dvůr",49.0742911,15.4810925,JH,CZ
"Dačice,Bílkov",49.0848542,15.4775628,JH,CZ
Dobrohošť,49.0783194,15.4888353,JH,CZ
Budíškovice,49.0760917,15.5309906,JH,CZ
"Budíškovice,Vesce",49.0802803,15.5561056,JH,CZ
"Budíškovice,Manešovice,rozc.1.0",49.0731811,15.5191594,JH,CZ
"Budíškovice,Zavadilka",49.0732689,15.5081111,JH,CZ
"Budíškovice,Manešovice",49.0619622,15.51904,JH,CZ
Dešná,48.9584275,15.5464431,JH,CZ
"Dešná,Plačovice",48.9634094,15.5436011,JH,CZ
"Dešná,,velkovýkrmna",48.9493867,15.5383167,JH,CZ
"Vlašim,,Obora",49.6915017,14.9131689,BN,CZ
"Vlašim,,žel.st.",49.7000694,14.8986997,BN,CZ
"Vlašim,,záv.",49.6948547,14.9082814,BN,CZ
"Borovnice,,rozc.",49.6487275,15.0133753,BN,CZ
Kuňovice,49.6597214,14.9992419,BN,CZ
"Miřetice,,rozc.",49.6652489,14.9801894,BN,CZ
"Vlašim,Bolina,rozc.",49.6804428,14.9478103,BN,CZ
"Vlašim,,Bolinka - hájovna",49.6876908,14.92978,BN,CZ
"Vlašim,,Bolinka",49.68683724810484,14.937052154625942,BN,CZ
"Křivsoudov,,rozc.Lhota Bubeneč",49.6375656,15.0953703,BN,CZ
"Křivsoudov,,u kostela",49.6349525,15.0864858,BN,CZ
Křivsoudov,49.6310806,15.0874206,BN,CZ
"Loket u Čechtic,,motorest",49.6587411,15.1238583,BN,CZ
Loket u Čechtic,49.6547433,15.1133728,BN,CZ
"Loket u Čechtic,Alberovice",49.6455192,15.1059522,BN,CZ
"Bernartice,,most",49.6762428,15.1450731,BN,CZ
Bernartice,49.6762428,15.1293192,BN,CZ
"Bernartice,,rozc.",49.6757317,15.12354,BN,CZ
"Loket u Čechtic,Brzotice,rozc.II",49.6616783,15.1273022,BN,CZ
"Loket u Čechtic,Brzotice",49.6623306,15.1298228,BN,CZ
"Loket u Čechtic,Brzotice,rozc.I",49.6610717,15.1281394,BN,CZ
"Dolní Kralovice,Střítež,rozc.",49.6617089,15.1568575,BN,CZ
Tomice,49.6454583,15.1551303,BN,CZ
"Tomice,,u mostu",49.6429175,15.1568689,BN,CZ
"Dolní Kralovice,,záv.",49.6412619,15.1735467,BN,CZ
Dolní Kralovice,49.6442261,15.1783094,BN,CZ
"Dolní Kralovice,Zahrádčice",49.6586686,15.1943903,BN,CZ
"Dolní Kralovice,Martinice",49.6393814,15.2056961,BN,CZ
"Šetějovice,,Nechyba",49.6481286,15.2163906,BN,CZ
Šetějovice,49.6450425,15.2220536,BN,CZ
"Šetějovice,Dolní Rápotice",49.6380539,15.2335186,BN,CZ
Snět,49.6265756,15.2272167,BN,CZ
Blažejovice,49.6195908,15.2001933,BN,CZ
"Blažejovice,Vítonice,rozc.",49.6223258,15.1860875,BN,CZ
"Zbraslavice,Radvančice",49.8041572,15.2082872,KH,CZ
"Zbraslavice,Radvančice,rozc.",49.8017922,15.2046614,KH,CZ
"Zbraslavice,,nám.",49.8117447,15.1838389,KH,CZ
"Zbraslavice,,žel.st.",49.81559,15.1921319,KH,CZ
"Zbraslavice,letiště",49.8185347,15.1978961,KH,CZ
Štipoklasy,49.8244781,15.2133103,KH,CZ
"Třebětín,Hostkovice",49.7681581,15.2905036,KH,CZ
"Třebětín,Hostkovice,rozc.",49.7725372,15.2934617,KH,CZ
"Třebětín,,rozc.Hlohov",49.7743911,15.2997836,KH,CZ
Choustník,49.3333436,14.8381347,TA,CZ
"Choustník,Předboř",49.3177453,14.8583097,TA,CZ
"Psárov,Tříklasovice",49.3169936,14.8931322,TA,CZ
Psárov,49.3186761,14.9057589,TA,CZ
"Světce,,ObÚ",49.2736892,14.9414483,JH,CZ
"Světce,,rozc.Rosička 1.2",49.2793236,14.9461517,JH,CZ
Rosička,49.2792358,14.9538642,JH,CZ
"Rosička,,cihelna",49.2865258,14.9519864,JH,CZ
Mlýny,49.3360633,14.8779583,TA,CZ
Staré Hobzí,49.0123328,15.4524383,JH,CZ
"Staré Hobzí,Nové Dvory,rozc.1.0",49.0138703,15.46515,JH,CZ
"Dačice,Hradišťko,autocamp",49.04591,15.4397164,JH,CZ
"Staré Hobzí,Vnorovice",49.0359344,15.4438392,JH,CZ
Báňovice,49.0117569,15.4900703,JH,CZ
