"Horní Újezd,Víska",49.81189,16.241598,SY,CZ
Hořenice,50.370502,15.910234,NA,CZ
"Hořice,,Betlém",50.377144,15.630367,JC,CZ
"Hořice,Chvalina,Hořické strojírny",50.35206,15.639426,JC,CZ
"Hořice,,Doubravka",50.36792,15.647619,JC,CZ
"Hořice,,Karlova",50.369736,15.6334715,JC,CZ
"Hořice,,Mileta",50.35823,15.631674,JC,CZ
"Hořice,,Na Špici",50.36331,15.631383,JC,CZ
"Hořice,,nám.",50.36799,15.632242,JC,CZ
"Hořice,,PENTAS",50.35357,15.635409,JC,CZ
"Hořice,,zámek",50.369854,15.635087,JC,CZ
"Hořice,,Věž samostatnosti",50.376854,15.640405,JC,CZ
"Hořice,,zemědělská škola",50.368774,15.643326,JC,CZ
"Hořice,,ZEZ",50.360023,15.64259,JC,CZ
"Hořice,,žel.st.",50.356663,15.634792,JC,CZ
"Hořice,Březovice",50.358624,15.668567,JC,CZ
"Hořice,,Dachova",50.38494,15.63913,JC,CZ
"Hořice,,Hrachovec",50.374023,15.614342,JC,CZ
"Hořice,Chlum",50.380726,15.603893,JC,CZ
"Hořice,Chvalina,odb.",50.35566,15.650326,JC,CZ
"Hořice,Libonice",50.36827,15.621807,JC,CZ
"Hořičky,,nám.",50.443874,15.992455,NA,CZ
"Hořičky,Nový Dvůr,odb.",50.43321,15.993986,NA,CZ
"Hořičky,Chlístov",50.445698,15.983445,NA,CZ
"Brzice,,odb.Mezilečí",50.445583,15.977636,NA,CZ
"Hořiněves,,hospoda U Šáfrů",50.30896,15.768037,HK,CZ
"Hořiněves,,odb.žel.zast.",50.312187,15.759269,HK,CZ
"Hořiněves,,zdravotní středisko",50.31228,15.762674,HK,CZ
"Hořiněves,Žíželeves,odb.Jeřičky",50.335667,15.757094,HK,CZ
"Hostinné,,aut.st.",50.539597,15.725182,TU,CZ
"Hostinné,,Husitská",50.54379,15.712153,TU,CZ
"Hostinné,,Karla Čapka",50.538544,15.733131,TU,CZ
"Hostinné,,žel.st.",50.53644,15.73688,TU,CZ
"Pardubice,Hostovice",50.002964,15.866775,PA,CZ
"Bernartice,,Juta",50.650528,15.967997,TU,CZ
"Bernartice,,nám.",50.64624,15.9650545,TU,CZ
Hošťalovice,49.935135,15.577014,CR,CZ
"Hošťalovice,Březinka",49.931828,15.56454,CR,CZ
"Bernartice,Křenov",50.640915,15.9352865,TU,CZ
"Hradec Králové,,Lipky",50.207836,15.818618,HK,CZ
"Hradec Králové,,Na Brně",50.192245,15.848528,HK,CZ
"Hradec Králové,,nadjezd",50.22074,15.808342,HK,CZ
"Hradec Králové,Plačice,prodejna",50.19304,15.77423,HK,CZ
"Hradec Králové,Plotiště n.L.,rondel ČKD",50.232914,15.790919,HK,CZ
"Hradec Králové,,Pospíšilova",50.214855,15.8454485,HK,CZ
"Hradec Králové,Pouchov,žel.zast.",50.223167,15.84227,HK,CZ
"Hradec Králové,,Silnice",50.21703,15.872872,HK,CZ
"Hradec Králové,,Stoletá",50.215427,15.85772,HK,CZ
"Hradec Králové,,Šimkova",50.21326,15.834173,HK,CZ
"Hradec Králové,,Koutníkova",50.22659,15.79984,HK,CZ
"Hradec Králové,Pouchov,odb.Piletice",50.239784,15.8597765,HK,CZ
"Hradec Králové,Rusek,prodejna",50.25471,15.850885,HK,CZ
"Hradec Králové,Rusek,škola",50.2557,15.854727,HK,CZ
"Hradec Králové,Slatina",50.234238,15.897564,HK,CZ
"Hradec Králové,Svinary,Škvárovka",50.205753,15.926063,HK,CZ
"Hradec n.Svit.,,odb.ČOV",49.724327,16.48281,SY,CZ
"Hradec n.Svit.,,čerpací stanice",49.717957,16.482616,SY,CZ
"Hradec n.Svit.,,ObÚ",49.7116,16.480322,SY,CZ
"Hradec n.Svit.,,odb.žel.zast.",49.701714,16.486609,SY,CZ
"Hradec n.Svit.,,MOVOS",49.730835,16.481192,SY,CZ
"Hradec n.Svit.,,kostel",49.704422,16.480639,SY,CZ
"Hrádek,,obec",50.21818,15.676021,HK,CZ
"Nechanice,,hájovna",50.227158,15.653476,HK,CZ
"Hrádek,,zámek",50.22568,15.668261,HK,CZ
"Hrádek,,Jednota",49.96836,16.3381,UO,CZ
"Hrádek,,pod Hrádkem",49.972992,16.34329,UO,CZ
"Běrunice,Vlkov n.Lesy",50.204712,15.385636,NB,CZ
"Lužec n.Cidl.,,odb.Vlkov",50.20067,15.398095,HK,CZ
"Běstvina,,zámek",49.836784,15.595404,CR,CZ
Hrobice,50.10656,15.7886305,PA,CZ
"Běstvina,,MŠ",49.83362,15.593875,CR,CZ
"Hrochův Týnec,,nám.",49.96003,15.91401,CR,CZ
"Hrochův Týnec,,MěÚ",49.959095,15.9110155,CR,CZ
"Běstvina,,Drhotín",49.81948,15.616349,CR,CZ
"Hrochův Týnec,Stíčany,odb.žel.st.",49.9655,15.906229,CR,CZ
"Hrochův Týnec,Blansko",49.9477,15.939364,CR,CZ
"Hrochův Týnec,Blížňovice,Psotnov",49.95463,15.941051,CR,CZ
"Hrochův Týnec,Blížňovice",49.953938,15.950917,CR,CZ
"Hrochův Týnec,Stíčany,hostinec",49.968124,15.903005,CR,CZ
"Třemošnice,Kubíkovy Duby,Křížovka",49.845943,15.588482,CR,CZ
"Běstvina,,Malejov",49.831543,15.589734,CR,CZ
"Běstvina,Pařížov",49.835335,15.567495,CR,CZ
"Hronov,,aut.st.",50.479237,16.182327,NA,CZ
"Hronov,Zbečník,Wikov",50.480526,16.177074,NA,CZ
"Žďárky,,Brné",50.453194,16.214815,NA,CZ
"Hronov,Malá Čermná",50.44772,16.232723,NA,CZ
"Hronov,,Příčnice",50.4789,16.194569,NA,CZ
"Hronov,Rokytník,Draha",50.499416,16.17001,NA,CZ
"Hronov,Rokytník,Turov",50.50213,16.150827,NA,CZ
"Hronov,Rokytník,škola",50.49871,16.162865,NA,CZ
"Hronov,Velký Dřevíč,hostinec",50.49728,16.182257,NA,CZ
"Hronov,Velký Dřevíč,pila",50.506218,16.185036,NA,CZ
"Hronov,Velký Dřevíč,pošta",50.498615,16.184076,NA,CZ
"Hronov,,Zálesí",50.476692,16.213629,NA,CZ
"Hronov,Zbečník,hostinec",50.4826,16.155382,NA,CZ
"Hronov,Zbečník,škola",50.480534,16.16883,NA,CZ
"Běstvina,Rostejn",49.81458,15.62028,CR,CZ
"Hronov,Zbečník,Pustiny",50.484318,16.146976,NA,CZ
"Hronov,Zbečník,U dvou líp",50.481434,16.16165,NA,CZ
"Hronov,Žabokrky,slévárna",50.493942,16.194284,NA,CZ
"Hronov,Žabokrky,žel.zast.",50.489723,16.185822,NA,CZ
"Běstvina,Spačice",49.819115,15.595929,CR,CZ
"Běstvina,,Zbohov",49.821926,15.62217,CR,CZ
Hroubovice,49.88379,15.990887,CR,CZ
"Hrubá Skála,Borek",50.53711,15.231015,SM,CZ
"Hrubá Skála,Hnanice",50.54363,15.222639,SM,CZ
"Hrubá Skála,Rokytnice",50.525368,15.2323265,SM,CZ
"Hrušová,,prodejna",49.9138,16.195457,UO,CZ
"Hrušová,,pekárna",49.9052,16.204506,UO,CZ
"Hřibiny-Ledská,Hřibiny,ObÚ",50.14809,16.175776,RK,CZ
"Hřibiny-Ledská,,odb.Malá Ledská",50.14854,16.182758,RK,CZ
"Hřibiny-Ledská,,Velká Ledská",50.15918,16.180517,RK,CZ
"Hřibojedy,,prodejna",50.390327,15.834933,TU,CZ
"Hřibojedy,Hvězda",50.382137,15.820327,TU,CZ
"Hřibojedy,,Malé Hřibojedy",50.384983,15.826125,TU,CZ
Humburky,50.22527,15.511869,HK,CZ
Hvozdnice,50.191322,15.711057,HK,CZ
"Bezděkov,,ObÚ",50.00731,15.645091,PA,CZ
"Bezděkov,,Luhy",50.0005,15.64226,PA,CZ
"Hynčice,,žel.zast.",50.623806,16.288208,NA,CZ
"Bezděkov n.Met.,,pohostinství",50.51,16.229801,NA,CZ
"Velké Petrovice,,Kozinek",50.501522,16.205372,NA,CZ
"Bezděkov n.Met.,,Mýto",50.507076,16.214502,NA,CZ
"Bezděkov n.Met.,,na otáčce",50.507984,16.22834,NA,CZ
"Bezděkov n.Met.,,žel.st.Police n.Met.",50.513958,16.212786,NA,CZ
Chleny,50.078033,16.243528,RK,CZ
Chlístov,50.32238,16.16986,RK,CZ
"Chlumec n.Cidl.,,DESPA",50.166855,15.461929,HK,CZ
"Chlumec n.Cidl.,,Kovoplast",50.160343,15.46058,HK,CZ
"Chlumec n.Cidl.,,nám.",50.154057,15.462363,HK,CZ
"Chlumec n.Cidl.,,nemocnice",50.146957,15.450172,HK,CZ
"Chlumec n.Cidl.,,sokolovna",50.157936,15.459288,HK,CZ
"Chlumec n.Cidl.,,stará brána",50.154007,15.458938,HK,CZ
"Chlumec n.Cidl.,,OSEVA",50.148743,15.483751,HK,CZ
"Chlumec n.Cidl.,,žel.st.",50.16323,15.456402,HK,CZ
"Chlumec n.Cidl.,Kladruby",50.146866,15.467396,HK,CZ
Chlumětín,49.72666,16.004047,ZR,CZ
"Chlumětín,,Krejcar",49.72019,15.981532,ZR,CZ
"Chlumětín,,paseky",49.731335,15.998393,ZR,CZ
"Chmelík,,dolní",49.775414,16.329819,SY,CZ
"Chmelík,,pod kostelem",49.77253,16.33536,SY,CZ
"Choceň,,kino",49.99797,16.222727,UO,CZ
"Choceň,,evang.kostel",50.00195,16.226511,UO,CZ
"Choceň,,Tocháčkův kopec",50.006393,16.22229,UO,CZ
"Choceň,,Lhota",49.99082,16.213795,UO,CZ
"Sruby,,rozc.Dvořisko",49.989964,16.186256,UO,CZ
"Choceň,,Vysokomýtská",49.98875,16.213274,UO,CZ
"Choceň,,žel.st.",49.99413,16.22643,UO,CZ
"Běstovice,,prodejna",50.018677,16.211885,UO,CZ
"Běstovice,,silo",50.01327,16.214268,UO,CZ
"Choceň,Březenice",50.006527,16.23893,UO,CZ
"Choceň,Dvořisko",49.978184,16.20242,UO,CZ
"Choceň,Hemže",50.009884,16.244871,UO,CZ
"Choceň,,odb.Podrážek",49.97114,16.195545,UO,CZ
Cholenice,50.32495,15.279696,JC,CZ
"Choltice,,Cyklos",49.99088,15.637925,PA,CZ
"Choltice,,nám.",49.987267,15.618658,PA,CZ
"Choltice,,škola",49.986572,15.611024,PA,CZ
"Choltice,,hřbitov",49.989502,15.625185,PA,CZ
"Choltice,Ledec,odb.",49.973602,15.60105,PA,CZ
"Choltice,,odb.Podhorky",49.98598,15.599395,PA,CZ
Chomutice,50.359436,15.496904,JC,CZ
"Chomutice,,Obora",50.360428,15.504637,JC,CZ
"Choteč,,hostinec",50.43259,15.515054,JC,CZ
Choteč,50.083157,15.880046,PA,CZ
"Choteč,,odb.",50.079098,15.866108,PA,CZ
"Choteč,,škola",50.082233,15.888373,PA,CZ
"Chotěnov,,ObÚ",49.825672,16.187374,SY,CZ
"Chotěnov,Olšany",49.825287,16.178793,SY,CZ
"Chotěšice,Nouzov",50.273457,15.246565,NB,CZ
"Chotěvice,,bytovky",50.52235,15.780726,TU,CZ
"Chotěvice,,Amerika",50.527405,15.743981,TU,CZ
"Chotěvice,,horní",50.524933,15.790732,TU,CZ
"Chotěvice,,kostel",50.521465,15.766076,TU,CZ
"Chotěvice,,odb.Čermná",50.52275,15.777109,TU,CZ
"Chotěvice,,Malá Amerika",50.51802,15.743215,TU,CZ
"Chotěvice,,hřiště",50.51866,15.757564,TU,CZ
"Chotovice,,Charita",49.850216,16.16989,SY,CZ
"Chotovice,,rozc.",49.846382,16.164177,SY,CZ
"Chotovice,,Pod Křížkem",49.85082,16.170944,SY,CZ
"Anenská Studánka,,Domov u studánky",49.850758,16.551836,UO,CZ
Choustníkovo Hradiště,50.423893,15.877277,TU,CZ
"Chrast,,Tylova-u sokolovny",49.90261,15.9285,CR,CZ
"Chrast,,nám.",49.90134,15.935522,CR,CZ
"Chrast,,obecní domy",49.904896,15.9395685,CR,CZ
"Chrast,,sokolovna",49.90326,15.92918,CR,CZ
"Chrast,,Tylova",49.90266,15.919793,CR,CZ
"Chrast,,Osady Ležáků",49.89922,15.93153,CR,CZ
"Chrast,,žel.st.",49.901688,15.910944,CR,CZ
"Chrast,Chacholice",49.88536,15.952491,CR,CZ
"Chrast,Podlažice",49.895927,15.952192,CR,CZ
"Chrast,Podlažice,odb.Luže",49.89269,15.95954,CR,CZ
"Chrast,Podlažice,most",49.89201,15.949802,CR,CZ
"Chrast,Skála",49.868004,15.949048,CR,CZ
"Anenská Studánka,,rozc.",49.850605,16.541231,UO,CZ
Chroustov,50.287247,15.347146,NB,CZ
"Chroustovice,,nám.",49.955475,15.990788,CR,CZ
"Chroustovice,Březovice,odb.",49.960526,15.969818,CR,CZ
"Chroustovice,Holešovice",49.958187,15.9758625,CR,CZ
"Chroustovice,Lhota u Chr.",49.942413,16.003628,CR,CZ
"Chroustovice,Mentour",49.950577,16.030727,CR,CZ
"Chroustovice,Městec",49.97399,16.007452,CR,CZ
"Chroustovice,Městec,hlavní silnice",49.97107,16.007969,CR,CZ
"Chroustovice,Poděčely",49.946815,16.01567,CR,CZ
"Chroustovice,Poděčely,odb.",49.945614,16.01169,CR,CZ
"Chroustovice,Pošívalka",49.9431,16.011923,CR,CZ
"Chrtníky,,zvonička",49.982277,15.606563,PA,CZ
"Chrudim,,aut.st.",49.949554,15.786179,CR,CZ
"Chrudim,,autoservis",49.936657,15.796667,CR,CZ
"Chrudim,,dětský domov",49.951454,15.775183,CR,CZ
"Chrudim,,Dopravní terminál",49.948307,15.787423,CR,CZ
"Chrudim,,Masarykovo nám.",49.953007,15.789636,CR,CZ
"Chrudim,,městské sady",49.954937,15.788399,CR,CZ
"Chrudim,,nemocnice",49.94288,15.806006,CR,CZ
"Chrudim,,Václavská-nemocnice",49.941795,15.806041,CR,CZ
"Chrudim,,Novoměstská",49.94705,15.801402,CR,CZ
"Chrudim,Píšťovy",49.931072,15.802197,CR,CZ
"Chrudim,,Poděbradova",49.953773,15.791516,CR,CZ
"Chrudim,Podhůra",49.924767,15.784529,CR,CZ
"Chrudim,Presy",49.930817,15.817789,CR,CZ
"Chrudim,,Topolská",49.95112,15.81047,CR,CZ
"Chrudim,,Čáslavská",49.95256,15.786158,CR,CZ
"Chrudim,,Borzna",49.947613,15.791507,CR,CZ
"Chrudim,Vlčí Hora",49.936882,15.81944,CR,CZ
"Chrudim,Vlčnov",49.931995,15.828232,CR,CZ
"Chrudim,Markovice,Vaňkova",49.951813,15.764654,CR,CZ
"Chrudim,Markovice,hřiště",49.956554,15.757891,CR,CZ
"Chrudim,Markovice,Okružní",49.954857,15.761676,CR,CZ
"Chrudim,Markovice,prodejna",49.95355,15.755824,CR,CZ
"Chrudim,Medlešice",49.980877,15.774085,CR,CZ
"Chrudim,Topol",49.959908,15.840174,CR,CZ
"Chrudim,Topol,MŠ",49.95788,15.839875,CR,CZ
"Chrudim,Vestec",49.969044,15.807462,CR,CZ
"Damníkov,,žel.zast.Anenská Studánka",49.85439,16.556002,UO,CZ
"Chudeřice,,ObÚ",50.148743,15.550645,HK,CZ
"Chudeřice,,MŠ",50.151897,15.551029,HK,CZ
"Chvaleč,,dolní",50.59738,16.026148,TU,CZ
"Chvaleč,,horní",50.591698,16.043327,TU,CZ
"Chvaleč,,obchod",50.59651,16.03852,TU,CZ
"Chvaleč,Petříkovice,hřiště",50.60067,15.996882,TU,CZ
"Chvaleč,Petříkovice,dolní",50.58898,15.985678,TU,CZ
"Chvaleč,Petříkovice,sjezdovka",50.59535,15.990198,TU,CZ
"Chvaletice,,u městského úřadu",50.03432,15.418059,PA,CZ
"Chvaletice,,elektrárna",50.03082,15.447249,PA,CZ
"Chvaletice,Hornická Čtvrť",50.02147,15.430563,PA,CZ
"Chvaletice,,u parkoviště",50.035908,15.414452,PA,CZ
"Chvalkovice,,hostinec",50.41589,15.97971,NA,CZ
"Chvalkovice,,kostel",50.41447,15.9730425,NA,CZ
"Chvalkovice,,prodejna",50.414085,15.980464,NA,CZ
"Chvalkovice,Malá Bukovina,odb.",50.41723,15.960465,NA,CZ
"Chvalkovice,Miskolezy",50.408394,15.992955,NA,CZ
"Velký Třebešov,,cihelna",50.399532,16.000986,NA,CZ
"Chvalkovice,Velká Bukovina",50.415947,15.953228,NA,CZ
"Chvojenec,,rybníček",50.11094,15.949727,PA,CZ
"Chvojenec,,obecní úřad",50.1094,15.938398,PA,CZ
"Chvojenec,,odb.Drahoš",50.11289,15.910944,PA,CZ
"Chvojenec,,hřiště",50.1109,15.92883,PA,CZ
"Chvojenec,,odb.Svoboda",50.113464,15.9097595,PA,CZ
"Chvojenec,,Střídeň",50.114227,15.930925,PA,CZ
"Chyjice,,hostinec",50.392944,15.287209,JC,CZ
"Chyjice,,škola",50.38696,15.296289,JC,CZ
Chýšť,50.127377,15.540864,PA,CZ
"Bílá Třemešná,,U Kaiserů",50.442432,15.74711,TU,CZ
"Bílá Třemešná,,u kostela",50.44586,15.738579,TU,CZ
"Bílá Třemešná,,žel.st.",50.45155,15.733874,TU,CZ
Dolní Brusnice,50.457905,15.728397,TU,CZ
"Horní Brusnice,,odb.Souvrať",50.463913,15.719353,TU,CZ
"Bílá Třemešná,Nové Lesy",50.439648,15.768013,TU,CZ
"Bílá Třemešná,,Spořilov",50.4432,15.757527,TU,CZ
"Jablonné n.Orl.,,aut.st.",50.028957,16.596388,UO,CZ
"Jablonné n.Orl.,,Kolonie",50.020634,16.587933,UO,CZ
"Jablonné n.Orl.,,žel.st.",50.026405,16.59397,UO,CZ
"Jablonné n.Orl.,,U Dubu",50.031475,16.602303,UO,CZ
"Jablonné n.Orl.,,vodárny",50.03373,16.60285,UO,CZ
"Jablonné n.Orl.,,Českých bratří",50.027447,16.601513,UO,CZ
"Jablonné n.Orl.,,zdrav.stř.",50.029205,16.604185,UO,CZ
"Jahodov,,křiž.",50.1501,16.33481,RK,CZ
"Jahodov,,v kopci",50.14762,16.31876,RK,CZ
Bílé Podolí,49.95601,15.490894,KH,CZ
"Jamné n.Orl.,,dol.",50.03958,16.611868,UO,CZ
"Jamné n.Orl.,,konzum",50.0397,16.625998,UO,CZ
"Jamné n.Orl.,,konzum hor.",50.044502,16.645222,UO,CZ
"Jamné n.Orl.,,Na brodě",50.043884,16.648703,UO,CZ
"Jamné n.Orl.,,Pod kaplí",50.041958,16.638258,UO,CZ
"Jamné n.Orl.,,škola",50.03936,16.632597,UO,CZ
"Jamné n.Orl.,,vodojem",50.03855,16.618158,UO,CZ
"Jamné n.Orl.,,žel.zast.",50.040207,16.602488,UO,CZ
"Bílé Podolí,Zaříčany,rozc.",49.947983,15.477866,KH,CZ
"Jankovice,,ObÚ",50.006447,15.527765,PA,CZ
"Jankovice,,rozc.Kozašice",50.010593,15.532042,PA,CZ
"Jankovice,,rozc.Seník",49.99801,15.519765,PA,CZ
"Bílé Poličany,,ObÚ",50.390842,15.732664,TU,CZ
"Bílé Poličany,,u Ervů",50.390747,15.745324,TU,CZ
Janov,50.33267,16.250553,RK,CZ
"Janov,Tis",50.338528,16.245539,RK,CZ
"Janov,Tis,odb.Sněžné",50.3461,16.253086,RK,CZ
"Janov,,pošta",49.840416,16.382933,SY,CZ
"Janov,,pila",49.835182,16.38689,SY,CZ
"Janov,,transf.",49.850056,16.37626,SY,CZ
"Janov,Gajer",49.82411,16.404509,SY,CZ
"Kladruby n.L.,Bílé Vchynice,točna",50.09787,15.435952,PA,CZ
"Kladruby n.L.,Bílé Vchynice,has.zbroj.",50.09426,15.439281,PA,CZ
"Janské Lázně,,Hoffmanova bouda",50.63235,15.756182,TU,CZ
"Janské Lázně,,kolonáda",50.630596,15.782366,TU,CZ
"Janské Lázně,,Lesní dům",50.63367,15.784178,TU,CZ
"Janské Lázně,,Zátiší",50.63292,15.770233,TU,CZ
"Jaroměř,,pod náměstím",50.35684,15.922068,NA,CZ
"Zaloňov,Horní Dolce",50.369995,15.891696,NA,CZ
"Jaroměř,,hřbitov",50.362656,15.93178,NA,CZ
"Jaroměř,,Jakubské předm.",50.35871,15.928422,NA,CZ
"Jaroměř,Jezbiny",50.337032,15.896926,NA,CZ
"Jaroměř,,Juta",50.35687,15.913476,NA,CZ
"Jaroměř,Cihelny",50.352337,15.908515,NA,CZ
"Jaroměř,,Na Špici",50.345974,15.909091,NA,CZ
"Jaroměř,,nemocnice",50.356243,15.907032,NA,CZ
"Jaroměř,Starý Ples,odb.",50.33661,15.950145,NA,CZ
"Jaroměř,,Růžová",50.35946,15.923932,NA,CZ
"Jaroměř,,Sv.Čecha",50.34689,15.915654,NA,CZ
"Jaroměř,,Husova",50.355015,15.9141,NA,CZ
"Zaloňov,Horní Dolce,u zahrádek",50.358814,15.89071,NA,CZ
"Zaloňov,Horní Dolce,Vinice",50.36094,15.906004,NA,CZ
"Jaroměř,,Zátiší",50.36768,15.937152,NA,CZ
"Jaroměř,,Terminál HD",50.342552,15.90968,NA,CZ
"Jaroměř,Josefov,Dělnický dům",50.34002,15.929407,NA,CZ
"Jaroměř,Josefov,Dolík",50.337,15.922786,NA,CZ
"Jaroměř,Josefov,Korunní hradby",50.34299,15.924505,NA,CZ
"Jaroměř,Josefov,letiště",50.335533,15.936923,NA,CZ
"Jaroměř,Josefov,nám.",50.338333,15.930535,NA,CZ
"Jaroměř,Josefov,odb.Dolní Ples",50.33353,15.9110365,NA,CZ
"Jaroměř,Josefov,sady",50.335407,15.917016,NA,CZ
"Jaroměř,Josefov,škola",50.334305,15.922218,NA,CZ
"Jaroměř,,Nádražní",50.345455,15.915908,NA,CZ
"Jaroměř,Semonice",50.332977,15.880709,NA,CZ
"Jaroměř,Starý Ples,has.zbroj.",50.336536,15.965614,NA,CZ
"Jaroměř,Starý Ples,Kopeček",50.32818,15.973665,NA,CZ
"Jaroměř,Starý Ples,točna",50.336964,15.975431,NA,CZ
"Jaroměř,Starý Ples,rybník",50.337578,15.957773,NA,CZ
"Jaroslav,,náves",50.01184,16.07824,PA,CZ
"Jarošov,,rozc.",49.825016,16.162897,SY,CZ
"Jarošov,,u bytovky",49.825348,16.170816,SY,CZ
"Jasenná,,bytovky",50.313877,15.99754,NA,CZ
"Jasenná,,rozc.",50.320824,15.992602,NA,CZ
"Jasenná,,škola",50.316975,15.992316,NA,CZ
"Jasenná,,točna",50.308853,16.001862,NA,CZ
"Javornice,,Betlém",50.156216,16.36336,RK,CZ
"Javornice,,hájovna",50.149384,16.367573,RK,CZ
"Javornice,,škola",50.170593,16.34899,RK,CZ
"Javornice,,u Krupičkových",50.166683,16.356888,RK,CZ
"Javornice,,sokolovna",50.162807,16.360092,RK,CZ
"Javornice,,socha sv.Jana",50.177944,16.34134,RK,CZ
"Javornice,,Blatiny",50.16484,16.333002,RK,CZ
"Javornice,Jaroslav,odb.",50.185722,16.324621,RK,CZ
"Javornice,Přím,odb.",50.16227,16.392027,RK,CZ
"Javornice,,Staňky",50.163956,16.380596,RK,CZ
"Javorník,,škola",49.783222,16.42686,SY,CZ
"Javorník,,u Jelena",49.77385,16.436686,SY,CZ
"Javorník,,hor.",49.887196,16.151907,UO,CZ
"Javorník,,křiž.",49.887516,16.154474,UO,CZ
"Javorník,,nová",49.88996,16.155626,UO,CZ
"Javorník,Lopatov",49.8901,16.158728,UO,CZ
"Jedousov,,kaple",49.995438,15.6103115,PA,CZ
"Jedousov,,Loděnice",50.003407,15.581708,PA,CZ
"Jehnědí,,ObÚ",49.970802,16.314215,UO,CZ
"Jehnědí,,odb.Sloupnice",49.962425,16.326412,SY,CZ
"Jehnědí,,sokolovna",49.970814,16.306267,UO,CZ
Jeníkov,49.74307,15.957225,CR,CZ
"Jeníkovice,,kostel",50.230236,16.003065,HK,CZ
"Jeníkovice,,Polsko",50.23693,16.005497,HK,CZ
"Jeníkovice,,hřiště",50.22271,16.001421,HK,CZ
Jeníkovice,49.983093,15.658923,PA,CZ
"Jenišovice,,ObÚ",49.930077,16.031416,CR,CZ
"Jenišovice,,odb.Martinice",49.926983,16.017351,CR,CZ
"Jenišovice,Martinice",49.927464,16.022734,CR,CZ
"Jenišovice,Mravín",49.941486,16.057415,CR,CZ
"Jenišovice,Štěnec",49.933884,16.053196,CR,CZ
"Jenišovice,Zalažany",49.932472,16.017576,CR,CZ
Jeřice,50.34453,15.6809225,JC,CZ
"Jeřice,Dolní Černůtky",50.329903,15.695763,JC,CZ
Jestřebí,50.35995,16.182814,NA,CZ
"Jestřebí,,Liščí bouda",50.357513,16.163807,NA,CZ
"Jestřebí,,Peklo",50.378933,16.186401,NA,CZ
"Jetřichov,,Barum",50.614788,16.266603,NA,CZ
"Jetřichov,,rozc.",50.593933,16.264553,NA,CZ
"Jetřichov,,Lučná",50.622135,16.266357,NA,CZ
Jezbořice,49.97981,15.6939535,PA,CZ
"Jezbořice,,Na Račanech",49.974697,15.692029,PA,CZ
"Jičín,,aut.st.",50.434135,15.355387,JC,CZ
"Jičín,,Dental",50.444206,15.346762,JC,CZ
"Jičín,,Hradecká",50.434097,15.37051,JC,CZ
"Jičín,,Husova",50.435043,15.361942,JC,CZ
"Jičín,,Komenského nám.",50.438805,15.351063,JC,CZ
"Jičín,,Koněvova",50.44147,15.344187,JC,CZ
"Jičín,Nové Město,letiště",50.43404,15.332086,JC,CZ
"Jičín,,lípy",50.43966,15.359484,JC,CZ
"Jičín,,Na Tobolce",50.44032,15.346242,JC,CZ
"Jičín,Nové Město,Lidické nám.",50.43111,15.348099,JC,CZ
"Jičín,,Popovická",50.42457,15.3608,JC,CZ
"Jičín,Nové Město,Raisova",50.43395,15.346813,JC,CZ
"Jičín,Sedličky",50.45016,15.3785515,JC,CZ
"Jičín,Soudná",50.44409,15.367997,JC,CZ
"Jičín,,Vrchlického",50.435696,15.361333,JC,CZ
"Jičín,,žel.st.",50.430656,15.360614,JC,CZ
"Jičín,Popovice,škola",50.414658,15.372876,JC,CZ
"Jičín,Popovice,odb.Tuř",50.412647,15.3765,JC,CZ
"Jičín,Robousy,socha sv.Vojtěcha",50.41777,15.405511,JC,CZ
"Jičín,Robousy,hostinec",50.433746,15.390275,JC,CZ
"Jičín,Robousy,hlavní silnice",50.431152,15.396531,JC,CZ
"Jičín,Robousy,U Dvorecké louže",50.432648,15.3980665,JC,CZ
"Jičín,Robousy,ulice",50.42577,15.400194,JC,CZ
"Jičíněves,,hostinec",50.37286,15.3372345,JC,CZ
"Jičíněves,,škola",50.37498,15.336456,JC,CZ
"Jičíněves,Bartoušov,zelenina",50.356533,15.310397,JC,CZ
"Jičíněves,Dolany",50.37708,15.316263,JC,CZ
"Jičíněves,Labouň",50.34571,15.329721,JC,CZ
"Jičíněves,Žitětín",50.35401,15.330982,JC,CZ
"Jilemnice,,K Javorku",50.598297,15.520779,SM,CZ
"Jilemnice,,aut.nádr.",50.60687,15.506765,SM,CZ
"Jilemnice,,odb.nemocnice",50.608585,15.495527,SM,CZ
"Jilemnice,,pod žel.st.",50.60396,15.513355,SM,CZ
"Jilemnice,,Vejrychovsko",50.600918,15.517767,SM,CZ
"Jilemnice,,Hilding Anders",50.60267,15.519716,SM,CZ
"Jilemnice,,Pod Kozincem",50.614323,15.507104,SM,CZ
"Jilemnice,Hrabačov,Devro",50.624084,15.500061,SM,CZ
"Jilemnice,Hrabačov,křiž.",50.62109,15.50779,SM,CZ
Jílovice,50.24944,16.013447,HK,CZ
"Jílovice,,odb.Vysoký Újezd",50.24208,16.011791,HK,CZ
Jinolice,50.478226,15.328645,JC,CZ
"Libuň,Březka,Jinolické rybníky",50.475018,15.309683,JC,CZ
"Jinolice,,Malá Jinolice",50.475784,15.322083,JC,CZ
Bílsko u Hořic,50.36976,15.6009035,JC,CZ
"Jívka,Horní Vernéřovice,aut.st.",50.558475,16.105186,TU,CZ
"Jívka,Dolní Vernéřovice",50.548805,16.10754,TU,CZ
"Jívka,Horní Vernéřovice,horní",50.56696,16.103724,TU,CZ
"Jívka,,odb.SKJ",50.555748,16.086807,TU,CZ
"Jívka,,SKJ",50.550232,16.092104,TU,CZ
"Jívka,Hodkovice",50.601715,16.077208,TU,CZ
"Jívka,Janovice,hostinec",50.588215,16.087563,TU,CZ
"Jívka,Janovice,pila",50.576805,16.0957,TU,CZ
Kacákova Lhota,50.40957,15.417711,JC,CZ
"Bílý Újezd,,motorest",50.23915,16.225546,RK,CZ
"Kamenec u Poličky,,horní",49.711014,16.246222,SY,CZ
"Kamenec u Poličky,,ObÚ",49.70958,16.237104,SY,CZ
"Bílý Újezd,Hroška",50.232506,16.205418,RK,CZ
Kameničky,49.73137,15.973499,CR,CZ
"Kameničky,,pošta",49.737328,15.975559,CR,CZ
"Kameničky,,škola",49.738853,15.972648,CR,CZ
"Kameničky,Filipov",49.74706,15.989153,CR,CZ
"Kameničky,Ovčín",49.75067,15.977426,CR,CZ
"Kameničná,,u Veverků",50.121376,16.434671,UO,CZ
"Kamenná Horka,,bytovky",49.73921,16.520317,SY,CZ
"Kamenná Horka,,horní",49.74068,16.564053,SY,CZ
"Kamenná Horka,,kostel",49.73989,16.53101,SY,CZ
"Kamenná Horka,,zahrádky",49.74106,16.552576,SY,CZ
"Kamenná Horka,,dolní",49.7401,16.514727,SY,CZ
Biskupice,49.87538,15.5137,CR,CZ
"Káranice,,Mramorit",50.152546,15.555009,HK,CZ
"Karle,,pož.zbroj.",49.765125,16.355497,SY,CZ
"Karle,,škola",49.766933,16.369099,SY,CZ
"Karle,,u rybníka",49.76549,16.38293,SY,CZ
"Karle,Ostrý Kámen",49.754997,16.392824,SY,CZ
"Karlovice,Radvánovice",50.550194,15.214905,SM,CZ
"Karlovice,Sedmihorky",50.5602,15.201187,SM,CZ
Kasalice,50.11823,15.606353,PA,CZ
Kbelnice,50.45533,15.346643,JC,CZ
"Bítovany,,kostel",49.897327,15.864673,CR,CZ
"Bítovany,,u rybníčka",49.89791,15.860077,CR,CZ
"Bítovany,,MŠ",49.896946,15.861298,CR,CZ
"Bítovany,Bítovánky",49.896492,15.874166,CR,CZ
Kladno,49.771828,15.982589,CR,CZ
"Kladno,,křiž.",49.777668,15.980307,CR,CZ
"Kladruby n.L.,,hostinec U Černého koně",50.05727,15.491682,PA,CZ
"Kladruby n.L.,,hřebčín",50.058502,15.48487,PA,CZ
"Kladruby n.L.,,Chaloupky",50.069324,15.482791,PA,CZ
"Kladruby n.L.,Kolesa",50.086708,15.479403,PA,CZ
"Kladruby n.L.,Komárov",50.089085,15.491075,PA,CZ
Klamoš,50.123962,15.503347,HK,CZ
"Klamoš,,hájovna",50.120197,15.514354,HK,CZ
"Klamoš,Rtánov",50.13268,15.493788,HK,CZ
"Klamoš,Štít",50.116898,15.47634,HK,CZ
"Klášterec n.Orl.,,Jedlina",50.11582,16.577972,UO,CZ
"Klášterec n.Orl.,,Korek",50.10766,16.536484,UO,CZ
"Klášterec n.Orl.,,pod Jedlinou",50.117966,16.572084,UO,CZ
"Klášterec n.Orl.,,škola",50.110687,16.556305,UO,CZ
"Klášterec n.Orl.,,Lhotka",50.104702,16.559011,UO,CZ
"Klášterec n.Orl.,,Zbudov",50.10976,16.540627,UO,CZ
"Klášterská Lhota,,pod smrkem",50.562836,15.660617,TU,CZ
"Klášterská Lhota,,u mostu",50.55828,15.668442,TU,CZ
Klešice,49.962456,15.685015,CR,CZ
"Klešice,Nákle",49.963158,15.655166,CR,CZ
"Svinčany,Dolní Raškovice,odb.",49.95796,15.648414,PA,CZ
"Ústí n.Orl.,Knapovec,odb.Skuhrov",49.957874,16.439165,UO,CZ
"Ústí n.Orl.,Knapovec,Avena",49.956367,16.45022,UO,CZ
"Ústí n.Orl.,Dolní Houžovec",49.967815,16.473581,UO,CZ
"Ústí n.Orl.,Horní Houžovec,točna",49.95804,16.47395,UO,CZ
"Ústí n.Orl.,Horní Houžovec,rozc.",49.95648,16.459026,UO,CZ
Kněžice,49.862392,15.527302,CR,CZ
"Kněžice,,bytovky",49.85805,15.529895,CR,CZ
"Chroustov,Dvořiště",50.276413,15.356541,NB,CZ
"Kněžice,Osek",50.267174,15.366652,NB,CZ
Kněžnice,50.492348,15.323922,JC,CZ
"Kněžnice,,obec",50.495213,15.321474,JC,CZ
"Kocbeře,,škola",50.454502,15.858602,TU,CZ
"Kocbeře,,odb.Vítězná",50.450222,15.842622,TU,CZ
"Kocbeře,,závod",50.460873,15.861412,TU,CZ
"Koclířov,,pošta",49.761787,16.557793,SY,CZ
"Koclířov,,spáleniště",49.768887,16.517231,SY,CZ
"Koclířov,,škola",49.766666,16.538195,SY,CZ
"Kočí,,hlavní silnice",49.950092,15.852799,CR,CZ
"Kočí,,OSEVA",49.944412,15.868846,CR,CZ
"Kočí,,kostel",49.946846,15.855028,CR,CZ
"Kohoutov,,Nový Kohoutov",50.460617,15.892243,TU,CZ
"Kohoutov,,pekárna",50.45449,15.900116,TU,CZ
"Kohoutov,,křiž.",50.447376,15.913177,TU,CZ
"Kohoutov,,ObÚ",50.450283,15.908502,TU,CZ
"Kohoutov,,Kladruby",50.4418,15.919157,TU,CZ
Kojice,50.04245,15.389351,PA,CZ
Koldín,50.03679,16.251253,UO,CZ
"Koldín,,Hradiště",50.037453,16.245575,UO,CZ
"Konecchlumí,,MŠ",50.400932,15.481545,JC,CZ
"Konecchlumí,Kamenice,odb.",50.41068,15.469331,JC,CZ
"Kopidlno,,nám.",50.3308,15.270462,JC,CZ
"Kopidlno,,žel.st.",50.333755,15.261121,JC,CZ
"Kopidlno,Pševes",50.34958,15.291397,JC,CZ
"Koruna,,ObÚ",49.846703,16.714573,SY,CZ
"Koruna,,točna",49.845047,16.722082,SY,CZ
Kosice,50.18011,15.537098,HK,CZ
Kosičky,50.17967,15.554927,HK,CZ
"Kosičky,,Třesice",50.171696,15.546759,HK,CZ
"Babice,,kostel",50.192184,15.586594,HK,CZ
"Babice,,Nová Ves",50.191498,15.58189,HK,CZ
"Kosořín,,obec",49.978844,16.234762,UO,CZ
"Kosořín,,drůbežárna",49.98351,16.230974,UO,CZ
"Kostelec,,odb.",50.37686,15.330879,JC,CZ
"Kostelec n.Orl.,,na obci",50.126007,16.217314,RK,CZ
"Kostelec n.Orl.,,Na Skále",50.11734,16.198784,RK,CZ
"Kostelec n.Orl.,,Na Skále škola",50.118763,16.197918,RK,CZ
"Kostelec n.Orl.,,nám.",50.1227,16.212118,RK,CZ
"Kostelec n.Orl.,,Povidlov",50.120293,16.223804,RK,CZ
"Kostelec n.Orl.,,zemědělská škola",50.124374,16.204596,RK,CZ
"Kostelec n.Orl.,,žel.zast.",50.11953,16.20515,RK,CZ
"Kostelec n.Orl.,Koryta",50.09933,16.20964,RK,CZ
"Kostelec n.Orl.,Kost.Lhota,prodejna",50.10323,16.210835,RK,CZ
"Kostelec n.Orl.,Kost.Lhota,Slavětín",50.10922,16.206434,RK,CZ
"Kostelec n.Orl.,Kost.Lhota,zahradnictví",50.095116,16.218418,RK,CZ
"Kostelec n.Orl.,Kozodry",50.09045,16.205261,RK,CZ
"Kostelec u Heřm.Městce,,pila",49.93482,15.656434,CR,CZ
"Kostelec u Heřm.Městce,,ObÚ",49.926594,15.651462,CR,CZ
"Kostelec u Heřm.Městce,,žel.zast.",49.921707,15.649011,CR,CZ
"Kostelec u Heřm.Městce,Tasovice",49.90611,15.640187,CR,CZ
Kostelecké Horky,50.05159,16.206676,RK,CZ
"Kostěnice,,ObÚ",50.009018,15.903428,PA,CZ
"Kostěnice,,žel.st.",50.01327,15.897437,PA,CZ
"Košťálov,,křiž.k lomu",50.576378,15.383669,SM,CZ
"Košťálov,,nám.",50.5722,15.403702,SM,CZ
"Košťálov,,u Kosinů",50.57491,15.3911295,SM,CZ
"Košťálov,,záv.Trevos",50.57212,15.410212,SM,CZ
"Košťálov,Čikvásky,Bosna",50.57957,15.369979,SM,CZ
"Blešno,,ObÚ",50.21397,15.93078,HK,CZ
"Třebechovice p.Oreb.,Nepasice,škola",50.209866,15.946485,HK,CZ
"Kounov,,hostinec",50.298363,16.258226,RK,CZ
"Kounov,Nedvězí,Končiny",50.317314,16.299824,RK,CZ
"Kounov,Hluky",50.29561,16.28308,RK,CZ
"Kounov,Nedvězí,odb.",50.315586,16.28492,RK,CZ
"Kounov,Rozkoš,Olšiny",50.29389,16.272766,RK,CZ
"Kounov,Rozkoš",50.292652,16.265278,RK,CZ
"Kounov,Šediviny,odb.Prázova Bouda",50.300568,16.296524,RK,CZ
"Kounov,Šediviny,Panská cesta",50.307568,16.30025,RK,CZ
"Kounov,Šediviny,u Bláhovců",50.311394,16.301786,RK,CZ
"Kovač,,zvonice",50.395363,15.47145,JC,CZ
"Kovač,,žel.zast.",50.392406,15.469583,JC,CZ
"Česká Třebová,Kozlov,háj.",49.874325,16.416529,UO,CZ
"Česká Třebová,Kozlov,křiž.",49.882603,16.418283,UO,CZ
"Kozojedy,,ObÚ",50.316765,15.374187,JC,CZ
"Kozojedy,,cihelna",50.321484,15.358031,JC,CZ
"Kozojedy,,odb.Volanice",50.31638,15.379223,JC,CZ
Krakovany,50.068607,15.368015,KO,CZ
"Krakovany,,křiž.",50.06628,15.372797,KO,CZ
"Krakovany,Božec",50.07435,15.364864,KO,CZ
"Králíky,,náves",50.25949,15.535849,HK,CZ
"Králíky,Podoliby,náves",50.27824,15.555183,HK,CZ
"Králíky,Řehoty",50.257874,15.5481825,HK,CZ
"Králíky,,aut.st.",50.081783,16.763702,UO,CZ
"Králíky,,Hradecká",50.083282,16.748505,UO,CZ
"Králíky,,Pivovarská",50.086044,16.75658,UO,CZ
"Králíky,,škola",50.08334,16.755732,UO,CZ
"Králíky,,žel.st.",50.08095,16.756615,UO,CZ
"Králíky,Boříkovice,hájovna",50.056736,16.715624,UO,CZ
"Králíky,Boříkovice,horní konec",50.067413,16.71161,UO,CZ
"Králíky,Dolní Lipka,rozc.celnice",50.089035,16.708633,UO,CZ
"Králíky,Boříkovice,kostel",50.076733,16.710762,UO,CZ
"Králíky,Boříkovice,has.zbroj.",50.072052,16.71115,UO,CZ
"Králíky,Boříkovice,hřiště",50.08333,16.70742,UO,CZ
"Králíky,Červený Potok,kostel",50.101326,16.799961,UO,CZ
"Králíky,Dolní Lipka,žel.st.",50.08883,16.72108,UO,CZ
"Králíky,Heřmanice",50.124866,16.74794,UO,CZ
"Králíky,Horní Lipka,konečná",50.124176,16.774063,UO,CZ
"Králíky,Horní Lipka,rozc.",50.102238,16.771118,UO,CZ
"Králíky,Horní Lipka,has.zbroj.",50.117035,16.77029,UO,CZ
"Králíky,Horní Lipka,transformátor",50.108948,16.769932,UO,CZ
"Králíky,Prostřední Lipka,prodejna",50.10117,16.752571,UO,CZ
"Králova Lhota,,prodejna",50.294636,16.00061,RK,CZ
"Královec,,ObÚ",50.677876,15.97451,TU,CZ
"Kramolna,,MŠ",50.422802,16.136211,NA,CZ
"Kramolna,,odb.Lhotky",50.420067,16.12488,NA,CZ
"Kramolna,,rozc.",50.418762,16.142424,NA,CZ
"Kramolna,,Sýkorova kaple",50.419125,16.133663,NA,CZ
"Kramolna,Lhotky",50.424526,16.113811,NA,CZ
"Kramolna,Trubějov",50.43483,16.114592,NA,CZ
"Kramolna,Trubějov,Pruty",50.429253,16.129478,NA,CZ
"Krasíkov,,prodejna",49.857,16.694395,UO,CZ
"Krasíkov,,vodní elektrárna",49.8505,16.696201,UO,CZ
"Krasíkov,,žel.st.",49.849297,16.694313,SY,CZ
"Krásné,,náves",49.821255,15.74552,CR,CZ
"Krásné,,TV vysílač",49.821793,15.740881,CR,CZ
"Krásné,Chlum,zvonice",49.844658,15.736193,CR,CZ
"Krásné,Polánka,zvonice",49.834213,15.73086,CR,CZ
"Kratonohy,,hlavní silnice",50.166634,15.604672,HK,CZ
"Kratonohy,,ObÚ",50.168224,15.605916,HK,CZ
"Obědovice,,motorest",50.164906,15.582595,HK,CZ
Krchleby,50.07899,16.23446,RK,CZ
"Krouna,,kampelička",49.77827,16.02935,CR,CZ
"Krouna,,ObÚ",49.772343,16.025972,CR,CZ
"Krouna,,most",49.765076,16.024122,CR,CZ
"Krouna,,žel.přejezd",49.78588,16.03387,CR,CZ
"Krouna,Čachnov,žel.st.",49.752285,16.062185,CR,CZ
"Krouna,Františky",49.763508,16.102823,CR,CZ
"Krouna,Oldřiš,has.zbroj.",49.77864,16.009167,CR,CZ
"Krouna,Oldřiš,odb.",49.77501,16.003258,CR,CZ
"Krouna,Rychnov",49.773117,16.071655,CR,CZ
"Krouna,Rychnov,odb.",49.767204,16.070812,CR,CZ
Křičeň,50.108887,15.651791,PA,CZ
"Křičeň,,odb.",50.110363,15.651639,PA,CZ
"Křičeň,,Agro",50.115044,15.654047,PA,CZ
"Křinice,,kompostárna",50.574337,16.295681,NA,CZ
"Křinice,,dolní",50.569473,16.324312,NA,CZ
"Boháňka,,ObÚ",50.36348,15.708053,JC,CZ
"Křinice,,horní",50.57645,16.288214,NA,CZ
"Křinice,,konečná",50.575447,16.277607,NA,CZ
"Křinice,,kovárna",50.56978,16.316492,NA,CZ
"Křinice,,Krymz",50.570045,16.332748,NA,CZ
"Křinice,,škola",50.57155,16.30616,NA,CZ
"Boháňka,Chloumek",50.365345,15.690628,JC,CZ
"Boháňka,Skála",50.356346,15.72013,JC,CZ
"Křižanovice,,ObÚ",49.85938,15.762467,CR,CZ
"Křižanovice,,has.zbroj.",49.86013,15.758806,CR,CZ
"Boháňka,Votuz",50.357613,15.697693,JC,CZ
Boharyně,50.203667,15.631722,HK,CZ
"Boharyně,Homyle,kříž",50.201668,15.640773,HK,CZ
Puchlovice,50.185238,15.626601,HK,CZ
"Boharyně,Trnava",50.192394,15.6031065,HK,CZ
Ktová,50.518185,15.249677,SM,CZ
"Ktová,,Pyrám",50.52579,15.243346,SM,CZ
"Boharyně,Trnava,odb.Malé Babice",50.197403,15.605184,HK,CZ
"Boharyně,Zvíkov",50.21169,15.607932,HK,CZ
Kudowa Zdrój,50.442577,16.248194,,PL
"Kudowa Zdrój,,dw.kol.",50.43069,16.244661,,PL
Kukle,49.791298,16.426004,SY,CZ
"Kuks,,odb.",50.404236,15.889334,TU,CZ
"Kunčice,,ObÚ",50.21636,15.635369,HK,CZ
"Kunčice,,socha sv.Václava",50.223095,15.634383,HK,CZ
"Kunčice n.L.,,pošta",50.581905,15.619756,TU,CZ
"Kunčice n.L.,,u Mejsnarů",50.57327,15.639068,TU,CZ
"Kunčice n.L.,,vápenka",50.56947,15.643782,TU,CZ
"Kunčice n.L.,,žel.přejezd",50.58882,15.614886,TU,CZ
"Kunčice n.L.,,závod",50.578648,15.62904,TU,CZ
"Kunčina,,bytovky",49.789333,16.640388,SY,CZ
"Kunčina,,dolní",49.785686,16.647795,SY,CZ
"Kunčina,,Samoty",49.78183,16.661207,SY,CZ
"Kunčina,,obecní úřad",49.79418,16.631983,SY,CZ
"Kunčina,,škola",49.792683,16.636578,SY,CZ
"Kunčina,,u kříže",49.79503,16.617132,SY,CZ
"Kunčina,Nová Ves,dolní",49.79588,16.607618,SY,CZ
"Kunčina,Nová Ves,kult.dům",49.795906,16.596527,SY,CZ
"Kunčina,Nová Ves,točna",49.797817,16.58767,SY,CZ
Kunětice,50.07044,15.826926,PA,CZ
"Kunvald,,horní",50.138844,16.500244,UO,CZ
"Kunvald,,pomník J.A.Komenského",50.121033,16.501894,UO,CZ
"Kunvald,,Kampelička",50.12821,16.499468,UO,CZ
"Kunvald,,prodejna",50.114094,16.494946,UO,CZ
"Kunvald,,suška",50.132328,16.50454,UO,CZ
"Kunvald,,dolní",50.1092,16.496325,UO,CZ
"Kunvald,,u Kytliců",50.13395,16.49997,UO,CZ
"Kunvald,Bubnov",50.13915,16.515764,UO,CZ
"Kunvald,,Zadní Důl",50.140873,16.485287,UO,CZ
"Kunvald,Zaječiny,hájovna",50.145733,16.528366,UO,CZ
"Kunvald,Zaječiny,kříž",50.150414,16.531061,UO,CZ
"Kvasiny,,konzum",50.208893,16.253649,RK,CZ
"Kvasiny,,has.zbroj.",50.21271,16.264051,RK,CZ
"Kvasiny,,U Soudku",50.217827,16.277525,RK,CZ
"Kvasiny,,zámek",50.206223,16.250708,RK,CZ
"Květná,,hostinec",49.73373,16.350594,SY,CZ
"Květná,,Borová Krčma",49.73374,16.374878,SY,CZ
"Kyje,,dolní",50.49521,15.372976,JC,CZ
"Kyje,,ObÚ",50.493847,15.378183,JC,CZ
Bohdašín,50.338085,16.224348,RK,CZ
"Bohdašín,,Bydlo",50.353916,16.22937,RK,CZ
"Bohdašín,,V Propasti",50.34649,16.233643,RK,CZ
"Bohdašín,,Rokole",50.347034,16.239073,RK,CZ
"Bohdašín,Vanovka",50.32933,16.20198,RK,CZ
Labské Chrčice,50.051586,15.412333,PA,CZ
"Lampertice,,dolní",50.65396,15.953223,TU,CZ
"Lampertice,,kolonie",50.669903,15.935447,TU,CZ
"Lampertice,,u Krakonoše",50.665894,15.948341,TU,CZ
"Lampertice,,Domov důchodců",50.660435,15.954852,TU,CZ
"Lánov,,u statku",50.610577,15.658496,TU,CZ
"Lánov,,aut.st.",50.620697,15.656165,TU,CZ
"Lánov,,továrna",50.626015,15.6574955,TU,CZ
"Lánov,Horní Lánov,most",50.638714,15.658169,TU,CZ
"Lánov,Horní Lánov,hostinec",50.632137,15.660043,TU,CZ
"Dolní Lánov,,Kovársko",50.61461,15.682944,TU,CZ
"Lanškroun,,aut.nádr.",49.909004,16.607458,UO,CZ
"Lanškroun,,Dělnický dům",49.91358,16.614796,UO,CZ
"Lanškroun,,mlékárna",49.91006,16.616482,UO,CZ
"Lanškroun,,pivovar",49.91214,16.608221,UO,CZ
"Lanškroun,,U města Milána",49.914726,16.616543,UO,CZ
"Lanškroun,,u Olšového rybníku",49.92364,16.584644,UO,CZ
"Lanškroun,,Vodovody a kanalizace",49.907528,16.622461,UO,CZ
"Lanškroun,,zahradnictví",49.918434,16.624739,UO,CZ
"Lanškroun,,záv.",49.91671,16.599205,UO,CZ
"Lanškroun,Dolní Třešňovec,u st.hosp.",49.932777,16.607716,UO,CZ
"Lanškroun,Dolní Třešňovec,zem.škola",49.925014,16.611492,UO,CZ
"Lány,,horní",49.94201,15.720135,CR,CZ
"Lány,,dolní",49.94691,15.72729,CR,CZ
Lány u Dašic,50.043156,15.888988,PA,CZ
"Lanžov,,koupaliště",50.387745,15.758708,TU,CZ
"Lanžov,,odb.Červený Dvůr",50.389595,15.755637,TU,CZ
"Lanžov,,has.zbroj.",50.385757,15.76013,TU,CZ
"Lanžov,Lhotka",50.376774,15.738501,TU,CZ
"Lanžov,Miřejov",50.381203,15.7576275,TU,CZ
"Lanžov,,Nebesa",50.389286,15.764755,TU,CZ
"Lanžov,Sedlec",50.370575,15.759954,TU,CZ
"Lázně Bělohrad,,lázně",50.42904,15.588022,JC,CZ
"Lázně Bělohrad,,nám.",50.42917,15.582586,JC,CZ
"Lázně Bělohrad,,odb.žel.st.",50.428936,15.576742,JC,CZ
"Lázně Bělohrad,Brtev,Brdík",50.428967,15.612178,JC,CZ
"Lázně Bělohrad,Dolní N.Ves,has.zbroj.",50.42296,15.586015,JC,CZ
"Lázně Bělohrad,Horní N.Ves,Jiskra",50.44244,15.581774,JC,CZ
"Lázně Bělohrad,Horní N.Ves,továrna",50.449314,15.57744,JC,CZ
"Lázně Bělohrad,Hřídelec",50.44853,15.536456,JC,CZ
"Lázně Bělohrad,Lány,odb.",50.44366,15.557533,JC,CZ
"Lázně Bělohrad,Prostřední N.Ves",50.436092,15.5832,JC,CZ
"Lázně Bělohrad,Uhlíře",50.46456,15.572566,JC,CZ
"Lázně Bohdaneč,,aut.nádr.",50.072895,15.681922,PA,CZ
"Lázně Bohdaneč,,Na Pískách",50.0824,15.671606,PA,CZ
"Ledce,,pivovar",50.22358,16.042446,HK,CZ
"Ledce,Klášter n.Děd.",50.234985,16.037632,HK,CZ
Lejšovka,50.29754,15.942156,HK,CZ
Leština,49.86901,16.117735,UO,CZ
"Leština,,u hřbitova",49.863007,16.111824,UO,CZ
"Leština,Doubravice",49.875713,16.097689,UO,CZ
"Leština,Doubravice,odb.",49.868767,16.09803,UO,CZ
"Leština,Dvořiště",49.877247,16.115768,UO,CZ
"Leština,Podhořany u N.Hradů",49.868225,16.135494,UO,CZ
Leštinka,49.848434,15.959935,CR,CZ
"Letohrad,,nám.",50.036255,16.49871,UO,CZ
"Letohrad,,odb.Červená",50.024532,16.484554,UO,CZ
"Letohrad,,průmyslová škola",50.037415,16.4925,UO,CZ
"Letohrad,,tělocvična",50.035175,16.500532,UO,CZ
"Letohrad,,U Dvora",50.03541,16.505007,UO,CZ
"Letohrad,,OEZ",50.038322,16.508467,UO,CZ
"Letohrad,,aut.nádr.",50.03206,16.506767,UO,CZ
"Letohrad,Kunčice,prodejna",50.022144,16.52219,UO,CZ
"Letohrad,Kunčice,kolonie",50.024086,16.51431,UO,CZ
"Letohrad,Kunčice,kříž",50.00844,16.539581,UO,CZ
"Letohrad,Kunčice,mlýn",50.026745,16.509155,UO,CZ
"Letohrad,Kunčice,Poříč",50.013153,16.535105,UO,CZ
"Letohrad,Kunčice,most",50.020363,16.529428,UO,CZ
"Letohrad,Orlice,Kolonie",50.03161,16.512644,UO,CZ
"Letohrad,Orlice,tělocvična",50.028282,16.522552,UO,CZ
"Letohrad,Orlice,kostel",50.0228,16.529465,UO,CZ
"Levínská Olešnice,,bytovky",50.52988,15.548951,SM,CZ
"Levínská Olešnice,,kult.dům",50.528145,15.541152,SM,CZ
"Levínská Olešnice,,ObÚ",50.526012,15.532398,SM,CZ
"Levínská Olešnice,Žďár",50.535923,15.514906,SM,CZ
"Levínská Olešnice,Žďár,Smýto",50.536125,15.504797,SM,CZ
"Bohuňovice,,odb.Cerekvice",49.911972,16.258825,SY,CZ
"Bohuňovice,,točna",49.907345,16.263151,SY,CZ
Lhota p.Hořičkami,50.422714,16.002268,NA,CZ
"Lhota p.Hořičkami,Světlá",50.432156,16.018232,NA,CZ
"Vestec,,odb.Pohodlí",50.426975,16.028252,NA,CZ
"Lhota p.Hořičkami,Újezdec",50.42298,15.992503,NA,CZ
"Lhota p.Libčany,,Roudnická",50.17484,15.67956,HK,CZ
"Lhota p.Libčany,,odb.Hubenice",50.159485,15.696059,HK,CZ
"Lhota p.Libčany,,škola",50.172318,15.695787,HK,CZ
"Lhota p.Libčany,Hubenice",50.159,15.703981,HK,CZ
"Osice,Trávník,odb.",50.151535,15.684892,HK,CZ
"Bohuslavice,,ČOV",50.304512,16.091446,NA,CZ
"Bohuslavice,,Horkalen",50.32465,16.091074,NA,CZ
"Bohuslavice,,ZEPO",50.319233,16.085838,NA,CZ
"Bohuslavice,,Marijánka",50.307907,16.088247,NA,CZ
"Lhoty u Potštejna,,náves",50.055305,16.268715,RK,CZ
"Lhoty u Potštejna,,Homole",50.05565,16.25969,RK,CZ
"Vysoké Mýto,Lhůta",49.920387,16.134798,UO,CZ
"Vysoké Mýto,Lhůta,Knířov",49.928963,16.142633,UO,CZ
"Bohuslavice,,Na Ostrém",50.313805,16.088173,NA,CZ
"Libáň,Křešice",50.33883,15.200568,JC,CZ
"Libáň,Psinice,kostel",50.354618,15.214561,JC,CZ
"Libáň,Psinice,transformátor",50.349903,15.21137,JC,CZ
"Libčany,,horní",50.19227,15.698226,HK,CZ
"Libčany,,pošta",50.19046,15.693667,HK,CZ
"Libčany,,sklad",50.19657,15.692096,HK,CZ
"Libčany,Želí",50.198128,15.676237,HK,CZ
"Libecina,,kaple",49.882572,16.118818,UO,CZ
"Libecina,Javorníček,rozc.",49.883633,16.136827,UO,CZ
"Leština,,rozc.Vysoká",49.87439,16.13707,UO,CZ
"Libecina,Javorníček,Pustinky",49.877426,16.137878,UO,CZ
"Libel,,dolní",50.15954,16.197462,RK,CZ
"Libel,,hlavní silnice",50.152794,16.203989,RK,CZ
"Libel,,ObÚ",50.15416,16.20251,RK,CZ
"Liberk,,K baště",50.195923,16.344606,RK,CZ
"Liberk,,ObÚ",50.199123,16.342192,RK,CZ
"Liberk,Bělá",50.185562,16.380169,RK,CZ
"Liberk,Hláska",50.197224,16.364185,RK,CZ
"Liberk,,rozc.Hláska",50.193966,16.351318,RK,CZ
"Liberk,Prorubky",50.211945,16.338547,RK,CZ
"Liberk,Rampuše",50.21024,16.380777,RK,CZ
"Liberk,Uhřínov,hájovna",50.26533,16.327566,RK,CZ
"Skuhrov n.Bělou,,Klečkov",50.253716,16.319307,RK,CZ
"Liberk,Uhřínov,Pádolí",50.266014,16.36048,RK,CZ
"Liberk,Uhřínov,obec",50.25089,16.350632,RK,CZ
"Liberk,Uhřínov,Antoniino údolí",50.270557,16.340921,RK,CZ
"Liberk,Uhřínov,Hutě",50.271225,16.349918,RK,CZ
"Liberk,Uhřínov,Statek",50.251312,16.355537,RK,CZ
"Liberk,Uhřínov,Zámeček",50.269005,16.35917,RK,CZ
"Libchavy,Horní Libchavy,Děl.dům",50.016476,16.38019,UO,CZ
"Libchavy,Horní Libchavy,na Dařilce",50.023254,16.369701,UO,CZ
"Libchavy,Dolní Libchavy,pošta",50.003376,16.390333,UO,CZ
"Libchavy,Horní Libchavy,pož.zbroj.",50.009636,16.385862,UO,CZ
"Libchavy,Dolní Libchavy,SOR",49.996323,16.395636,UO,CZ
"Libchavy,Dolní Libchavy,žel.zast.",49.99065,16.396433,UO,CZ
Libchyně,50.356575,16.188953,NA,CZ
Libišany,50.153385,15.756665,PA,CZ
Libkov,49.841152,15.756495,CR,CZ
"Libňatov,,dolní",50.4821,16.00935,TU,CZ
"Libňatov,,horní",50.482304,15.992587,TU,CZ
"Libňatov,,prodejna",50.481915,16.001081,TU,CZ
Libníkovice,50.241962,15.993066,HK,CZ
"Libníkovice,Borovice",50.24191,15.985651,HK,CZ
Liboměřice,49.872353,15.742116,CR,CZ
"Liboměřice,Nové Lhotice",49.861275,15.721787,CR,CZ
"Liboměřice,Pohořalka,odb.",49.88303,15.740471,CR,CZ
"Liboměřice,Samařov",49.859337,15.736697,CR,CZ
Libotov,50.40032,15.811374,TU,CZ
"Libotov,,Malý Libotov",50.407734,15.804149,TU,CZ
"Librantice,,horní",50.239998,15.967154,HK,CZ
"Librantice,,dolní",50.242004,15.951441,HK,CZ
"Librantice,,škola",50.24248,15.960054,HK,CZ
"Libřice,,kostel",50.287334,15.96482,HK,CZ
"Libřice,,Lejšovská",50.287518,15.9565115,HK,CZ
"Libštát,,nám.",50.5597,15.415359,SM,CZ
"Libštát,,zdrav.stř.",50.567093,15.4114685,SM,CZ
"Libuň,,ObÚ",50.498035,15.299183,JC,CZ
"Libuň,,odb.žel.st.",50.494076,15.295891,JC,CZ
"Libuň,Březka",50.47934,15.298713,JC,CZ
"Libuň,Březka,odb.",50.47571,15.30049,JC,CZ
"Libuň,Libunec",50.4933,15.275162,JC,CZ
"Licibořice,,kostel",49.87681,15.75985,CR,CZ
"Licibořice,,Šiškovice",49.880203,15.7684355,CR,CZ
"Lično,,náves",50.17828,16.170765,RK,CZ
"Lično,,Draha",50.17732,16.16697,RK,CZ
"Lično,,odb.Černíkovice",50.174755,16.183207,RK,CZ
"Lično,Ostašovice,odb.Radostovice",50.177395,16.146795,RK,CZ
"Lično,,Podstránský mlýn",50.180653,16.18661,RK,CZ
"Lično,Ostašovice",50.17645,16.140577,RK,CZ
"Lichkov,,horní",50.095093,16.687954,UO,CZ
"Lichkov,,ObÚ",50.097145,16.662964,UO,CZ
"Linhartice,,dolní",49.756065,16.708015,SY,CZ
"Linhartice,,odb.střelnice",49.76084,16.677433,SY,CZ
"Linhartice,,škola",49.758144,16.694408,SY,CZ
"Linhartice,,závod",49.760498,16.677206,SY,CZ
"Lípa n.Orl.,,motorest",50.132133,16.117975,RK,CZ
"Lípa n.Orl.,,kovárna",50.13921,16.100958,RK,CZ
Lipec,50.08359,15.364896,KO,CZ
"Lipoltice,,stará has.zbroj.",49.98774,15.570059,PA,CZ
"Lipoltice,,hřbitov",49.985043,15.569455,PA,CZ
"Lipoltice,Pelechov,hřiště",49.993366,15.548657,PA,CZ
"Lipoltice,Sovoluská Lhota",49.983894,15.542078,PA,CZ
"Lipoltice,Sovoluská Lhota,rybník",49.980263,15.539847,PA,CZ
Lipovec,49.91755,15.543205,CR,CZ
"Lipovec,Licoměřice",49.9171,15.553993,CR,CZ
"Bojanov,,kostel",49.844215,15.707919,CR,CZ
"Bojanov,,prodejna",49.841866,15.705944,CR,CZ
"Bojanov,,Technolen",49.83944,15.701911,CR,CZ
"Bojanov,Horní Bezděkov",49.838123,15.699169,CR,CZ
Lískovice,50.33549,15.553113,JC,CZ
"Lískovice,Tereziny Dary",50.340397,15.529642,JC,CZ
"Bojanov,Hrbokov,točna",49.865494,15.688864,CR,CZ
"Lišice,,ObÚ",50.182297,15.404276,HK,CZ
"Lišice,,Lišičky",50.19125,15.39382,HK,CZ
"Bojanov,Hrbokov,hájovna",49.869812,15.685177,CR,CZ
"Líšnice,,dolní",50.08333,16.498692,UO,CZ
"Bojanov,Kovářov,dolní",49.856026,15.688694,CR,CZ
"Líšnice,,horní",50.070488,16.53029,UO,CZ
"Líšnice,,prodejna",50.081017,16.505695,UO,CZ
"Líšnice,,u mostu",50.078968,16.514183,UO,CZ
"Líšnice,,transformátor",50.073658,16.524506,UO,CZ
"Líšnice,,Zakopanka",50.09702,16.51734,UO,CZ
"Bojanov,Kovářov,Mezný",49.85062,15.674027,CR,CZ
"Bojanov,,Nový mlýn",49.849796,15.729829,CR,CZ
"Bojanov,Horní Bezděkov,Padrťský mlýn",49.842163,15.678658,CR,CZ
"Bojanov,,Petrkov",49.849,15.7206955,CR,CZ
"Litíč,,ObÚ",50.375668,15.848225,TU,CZ
Litoboř,50.45057,16.015402,NA,CZ
"Litomyšl,,aut.nádr.",49.86669,16.311178,SY,CZ
"Litomyšl,,Havlíčkova",49.874985,16.307955,SY,CZ
"Litomyšl,,Černá Hora",49.868813,16.345968,SY,CZ
"Litomyšl,Nedošín,Rybářství",49.879528,16.294674,SY,CZ
"Litomyšl,Záhradí,Invekta",49.87645,16.330906,SY,CZ
"Litomyšl,,Husova čtvrť",49.874355,16.297867,SY,CZ
"Litomyšl,,DUKOR",49.860954,16.325247,SY,CZ
"Litomyšl,,sokolovna",49.864502,16.31858,SY,CZ
"Litomyšl,Záhradí,socha sv.Prokopa",49.8738,16.321709,SY,CZ
"Litomyšl,,zámek",49.87192,16.313896,SY,CZ
"Litomyšl,Nedošín,hlavní silnice",49.886612,16.281189,SY,CZ
"Litomyšl,Nová Ves u Litomyšle",49.830376,16.306839,SY,CZ
"Litomyšl,Pazucha",49.87675,16.366898,SY,CZ
"Litomyšl,Pohodlí,autoservis",49.820187,16.29606,SY,CZ
"Litomyšl,Suchá",49.87675,16.349863,SY,CZ
Litošice,49.98402,15.514023,PA,CZ
"Lodín,,prodejna",50.27105,15.609844,HK,CZ
"Lomnice n.Pop.,,aut.nádr.",50.533024,15.371399,SM,CZ
"Lomnice n.Pop.,,rozc.",50.52593,15.378463,SM,CZ
"Lomnice n.Pop.,,rozc.k žel.st.",50.527733,15.377578,SM,CZ
"Lomnice n.Pop.,,rozc.ke stadionu",50.53536,15.37476,SM,CZ
"Lomnice n.Pop.,Ploužnice",50.513374,15.387319,SM,CZ
"Lomnice n.Pop.,Želechy",50.546852,15.393838,SM,CZ
"Svatý Jiří,Loučky",49.982136,16.25978,UO,CZ
"Lovčice,,škola",50.167995,15.382078,HK,CZ
"Lovčice,,U Černých",50.16504,15.384505,HK,CZ
Lozice,49.915646,16.022932,CR,CZ
"Lubná,,hájovna",49.773148,16.191483,SY,CZ
"Lubná,,horní",49.76719,16.203419,SY,CZ
"Lubná,,ObÚ",49.77423,16.224768,SY,CZ
"Lubná,,Skalka",49.773277,16.218449,SY,CZ
"Lubná,,lípa",49.7697,16.210707,SY,CZ
"Lubná,,most",49.77419,16.232988,SY,CZ
"Lubník,,nádrž",49.8952,16.656534,UO,CZ
"Lubník,,ObÚ",49.888706,16.661232,UO,CZ
"Lubník,,odb.Žichlínek",49.883945,16.661446,UO,CZ
"Chlumec n.Cidl.,Lučice",50.137226,15.462795,HK,CZ
"Lukavec u Hořic,,horní",50.39035,15.61746,JC,CZ
"Lukavec u Hořic,,Lucerna",50.394688,15.617301,JC,CZ
"Lukavec u Hořic,,odb.Dobeš",50.3994,15.614617,JC,CZ
"Lukavec u Hořic,Černín",50.402897,15.601638,JC,CZ
"Bolehošť,,pošta",50.213444,16.077028,RK,CZ
"Bolehošť,,škola",50.20739,16.079178,RK,CZ
Lukavice,49.888878,15.838863,CR,CZ
"Lukavice,,Na Mýtě",49.89192,15.825001,CR,CZ
"Lukavice,Vížky,Loučky",49.863056,15.847045,CR,CZ
"Lukavice,,Lukavička",49.88531,15.84323,CR,CZ
"Lukavice,Výsonín,Skalka",49.882244,15.819684,CR,CZ
"Lukavice,Vížky",49.872463,15.844646,CR,CZ
"Bolehošť,Bolehošťská Lhota",50.204517,16.087486,RK,CZ
"Lukavice,,horní",50.21324,16.301086,RK,CZ
"Lukavice,,bytovky",50.20364,16.295425,RK,CZ
"Lukavice,,lípa",50.208122,16.299734,RK,CZ
"Lukavice,,most",50.189846,16.296318,RK,CZ
"Lukavice,,škola",50.19745,16.294218,RK,CZ
"Lukavice,,kostel",50.051098,16.484907,UO,CZ
"Lukavice,,kaplička",50.069485,16.480734,UO,CZ
"Lukavice,,ObÚ",50.062347,16.4819,UO,CZ
"Lukavice,,váha",50.05681,16.481953,UO,CZ
"Luková,,dvůr",49.871407,16.61814,UO,CZ
"Luková,,nám.",49.872345,16.596651,UO,CZ
"Luková,,pomník",49.876865,16.605927,UO,CZ
"Luková,,pod pahorkem",49.87421,16.613493,UO,CZ
"Luková,,most",49.870144,16.586887,UO,CZ
"Luková,,žel.zast.",49.881508,16.60334,UO,CZ
"Luková,Květná",49.852707,16.59174,UO,CZ
"Lupenice,,horní",50.133423,16.286451,RK,CZ
"Lupenice,,ObÚ",50.133034,16.27636,RK,CZ
"Lužany,,odb.Račice",50.33261,15.793582,HK,CZ
"Lužany,,točna",50.33656,15.790517,HK,CZ
"Lužany,,ObÚ",50.430782,15.469897,JC,CZ
"Lužany,,odb.",50.421364,15.455752,JC,CZ
"Lužany,,u č.200",50.423492,15.461896,JC,CZ
"Lužany,,u křížku",50.43757,15.482423,JC,CZ
"Luže,,aut.st.",49.894985,16.031343,CR,CZ
"Luže,Štěpánov,hájovna",49.88177,16.01436,CR,CZ
"Luže,,Voletický rybník",49.901638,16.035181,CR,CZ
"Luže,,ALFA",49.89418,16.024784,CR,CZ
"Luže,Bělá,rozc.",49.89331,16.004974,CR,CZ
"Luže,Bělá,hostinec",49.892403,15.998739,CR,CZ
"Luže,Bělá,hřbitov",49.893806,16.01423,CR,CZ
"Luže,Brdo",49.862434,16.064198,CR,CZ
"Luže,Dobrkov",49.89885,15.993947,CR,CZ
"Luže,Doly,rozc.",49.87136,16.053646,CR,CZ
"Luže,Doly,odb.Zdislav",49.876713,16.052801,CR,CZ
"Luže,Domanice",49.9058,16.057728,CR,CZ
"Luže,Domanice,odb.Střemošice",49.902016,16.058956,CR,CZ
"Luže,,Košumberk",49.888126,16.037365,CR,CZ
"Luže,Radim,cihelna",49.905144,16.022596,CR,CZ
"Luže,Radim,muzeum",49.90046,16.018503,CR,CZ
"Luže,Radim,horní",49.897278,16.016811,CR,CZ
"Luže,Radim,odb.Bělá",49.89497,16.02164,CR,CZ
"Luže,Srbce",49.9134,16.055408,CR,CZ
"Luže,Voletice",49.90717,16.038462,CR,CZ
"Lužec n.Cidl.,,Skochovická",50.21538,15.405995,HK,CZ
"Lužec n.Cidl.,,kaple",50.213387,15.413542,HK,CZ
"Machov,,Bor",50.498466,16.271221,NA,CZ
"Machov,Nízká Srbská,stará škola",50.498447,16.257074,NA,CZ
"Machov,Machovská Lhota",50.498455,16.28666,NA,CZ
"Machov,,nám.",50.49927,16.276236,NA,CZ
"Machov,,mlýn",50.499603,16.274801,NA,CZ
"Machov,,pod Končinami",50.49795,16.266878,NA,CZ
"Machov,Bělý",50.512253,16.270842,NA,CZ
"Machov,Nízká Srbská,U Božky",50.498184,16.248116,NA,CZ
Makov,49.85605,16.192667,SY,CZ
"Malá Morava,,pila",50.093742,16.8538,SU,CZ
"Malá Morava,,pohostinství",50.087147,16.843344,SU,CZ
"Malá Morava,Vlaské,dílny",50.089382,16.894672,SU,CZ
"Malá Morava,Vojtíškov,mlýn",50.091927,16.875648,SU,CZ
"Malá Morava,Zlatý Potok,bytovky",50.083714,16.821497,SU,CZ
"Malé Svatoňovice,,žel.st.",50.52977,16.049768,TU,CZ
"Malé Svatoňovice,,Polytex",50.52679,16.042292,TU,CZ
"Malé Svatoňovice,,J.Masaryka",50.53172,16.050352,TU,CZ
"Malé Svatoňovice,Odolov",50.52726,16.089275,TU,CZ
"Rtyně v Podkr.,,Tmavý Důl",50.526497,16.104794,TU,CZ
"Jívka,,odb.Tmavý Důl",50.527176,16.098396,TU,CZ
"Malé Svatoňovice,Petrovice",50.53547,16.067738,TU,CZ
"Malé Svatoňovice,,odb.Kyselá hora",50.533054,16.061996,TU,CZ
"Malé Svatoňovice,Strážkovice",50.532074,16.079737,TU,CZ
Malé Výkleky,50.119045,15.53835,PA,CZ
"Malíkov,,náves",49.731182,16.695402,SY,CZ
"Malíkov,,rozc.",49.734177,16.715857,SY,CZ
Bor u Skutče,49.82268,16.127625,CR,CZ
"Markvartice,Hřmenín",50.409122,15.213397,JC,CZ
"Markvartice,Příchvoj,Netolice",50.439404,15.240862,JC,CZ
"Markvartice,Příchvoj,kaple",50.44067,15.225849,JC,CZ
"Markvartice,Rakov,Čakan",50.44113,15.211274,JC,CZ
"Markvartice,Rakov",50.428642,15.220006,JC,CZ
"Maršov u Úpice,,dolní",50.485737,15.980783,TU,CZ
"Maršov u Úpice,,garáž",50.482063,15.968227,TU,CZ
"Maršov u Úpice,,Pustiny",50.483406,15.962314,TU,CZ
"Martinice v Krk.,,křiž.",50.58521,15.529717,SM,CZ
"Martinice v Krk.,,Kult.dům",50.579624,15.530698,SM,CZ
"Martínkovice,,Chmelnice",50.55817,16.36058,NA,CZ
"Martínkovice,,rozc.",50.547935,16.342075,NA,CZ
"Martínkovice,,váha",50.544456,16.329739,NA,CZ
"Borek,,ObÚ",50.43901,15.654246,JC,CZ
"Borek,Bezník,V Lukách",50.43877,15.639014,JC,CZ
"Borek,Bezník,odb.",50.44237,15.646556,JC,CZ
"Borek,Želejov",50.430798,15.66187,JC,CZ
Borek,50.126934,15.85638,PA,CZ
"Bukovina n.L.,,odb.Borek",50.128468,15.824367,PA,CZ
"Měník,,zvonice",50.21526,15.528182,HK,CZ
"Měník,,odb.Hořejší rybník",50.216087,15.521868,HK,CZ
"Měník,Barchůvek",50.210106,15.543729,HK,CZ
"Měník,Barchůvek,REKOM",50.207912,15.545415,HK,CZ
"Měník,Bydžovská Lhotka",50.203537,15.536901,HK,CZ
"Měník,Libeň",50.225677,15.539287,HK,CZ
"Městec Králové,,nám.",50.2073,15.297908,NB,CZ
"Městec Králové,,u přejezdu",50.209045,15.3097105,NB,CZ
"Městec Králové,Nový",50.21597,15.337363,NB,CZ
"Městečko Trnávka,,kult.dům",49.70893,16.72499,SY,CZ
"Městečko Trnávka,,škola",49.710197,16.726992,SY,CZ
"Borohrádek,,aut.st.",50.095768,16.090954,RK,CZ
"Městečko Trnávka,Bohdalov",49.743477,16.782711,SY,CZ
"Městečko Trnávka,Borová",49.70844,16.696985,SY,CZ
"Městečko Trnávka,Mezihoří",49.705494,16.741621,SY,CZ
"Městečko Trnávka,Pacov",49.70276,16.688446,SY,CZ
"Městečko Trnávka,Pěčíkov",49.718918,16.781761,SY,CZ
"Městečko Trnávka,Pěčíkov,odb.Bohdalov",49.719147,16.781263,SY,CZ
"Městečko Trnávka,Petrůvka,hostinec",49.71341,16.759909,SY,CZ
"Městečko Trnávka,Petrůvka",49.7131,16.756573,SY,CZ
"Městečko Trnávka,Plechtinec",49.71103,16.762861,SY,CZ
"Borohrádek,,Havlíčkova",50.10026,16.08948,RK,CZ
"Městečko Trnávka,Stará Roveň",49.70124,16.787758,SY,CZ
"Borohrádek,,škola",50.09436,16.097256,RK,CZ
"Borohrádek,Šachov",50.097786,16.121523,RK,CZ
"Hořičky,,vodojem",50.451904,15.993212,NA,CZ
"Mezilečí,,kovovýroba",50.453377,15.983518,NA,CZ
"Hořičky,Křižanov",50.462624,15.996915,NA,CZ
"Mezilečí,Posadov",50.461758,15.990287,NA,CZ
"Mezilesí,,hostinec",50.356293,16.217007,NA,CZ
"Mezilesí,,na Drahách",50.36212,16.213392,NA,CZ
"Meziměstí,,Bělidlo",50.620575,16.249357,NA,CZ
"Meziměstí,Starostín,celnice",50.638374,16.220343,NA,CZ
"Meziměstí,,škola",50.627666,16.247145,NA,CZ
"Meziměstí,Ruprechtice,hostinec",50.630856,16.271029,NA,CZ
"Meziměstí,Ruprechtice,pod Špičákem",50.64289,16.268726,NA,CZ
"Meziměstí,Ruprechtice,kostel",50.62602,16.26982,NA,CZ
"Meziměstí,Ruprechtice,kovárna",50.638577,16.269064,NA,CZ
"Meziměstí,Ruprechtice,točna",50.646145,16.270779,NA,CZ
"Meziměstí,Vižňov,dolní",50.63953,16.23913,NA,CZ
"Meziměstí,Vižňov,konečná",50.656013,16.243942,NA,CZ
"Meziměstí,Vižňov,odb.Pomeznice",50.64603,16.24009,NA,CZ
"Míčov-Sušice,Jetonice",49.91472,15.588365,CR,CZ
"Třemošnice,Podhradí,Lovětín",49.88688,15.594636,CR,CZ
"Míčov-Sušice,Míčov,točna",49.905594,15.601591,CR,CZ
"Míčov-Sušice,Rudov,odb.",49.890182,15.592881,CR,CZ
"Míčov-Sušice,Sušice",49.907574,15.611879,CR,CZ
"Míčov-Sušice,Zbyslavec,odb.",49.902527,15.586985,CR,CZ
Mikuleč,49.8064,16.425262,SY,CZ
Mikulovice,49.990227,15.774127,PA,CZ
"Mikulovice,Blato",49.99033,15.763854,PA,CZ
Borová,50.38626,16.254986,NA,CZ
"Borová,,u jedle",50.37619,16.261078,NA,CZ
"Borová,,pletárna",49.74817,16.150621,SY,CZ
"Miletín,,nám.",50.404087,15.682514,JC,CZ
"Miletín,,Podháj",50.419262,15.661763,JC,CZ
"Rohoznice,,Horka",50.406216,15.699256,JC,CZ
"Borová,,žel.st.",49.742664,16.161758,SY,CZ
"Borová,,Svatá Kateřina",49.75539,16.140533,SY,CZ
"Milovice u Hořic,,náves",50.329067,15.631226,JC,CZ
"Milovice u Hořic,,motorest",50.32918,15.634211,JC,CZ
"Miřetice,,aut.st.",49.843983,15.886539,CR,CZ
"Miřetice,,Na Perku",49.858067,15.88971,CR,CZ
"Miřetice,,pošta",49.83831,15.882018,CR,CZ
"Miřetice,Bošov",49.850677,15.873023,CR,CZ
"Miřetice,Bošov,odb.",49.844975,15.868185,CR,CZ
"Miřetice,,Majlant",49.83462,15.877971,CR,CZ
"Miřetice,Dubová",49.844234,15.896538,CR,CZ
"Miřetice,Havlovice,odb.",49.847496,15.902742,CR,CZ
"Miřetice,,Holčí",49.842693,15.878169,CR,CZ
"Miřetice,Krupín",49.840897,15.844688,CR,CZ
"Miřetice,Krupínské Paseky",49.838158,15.845024,CR,CZ
"Miřetice,Švihov",49.843334,15.862819,CR,CZ
"Mistrovice,,horní",50.03198,16.572691,UO,CZ
"Mistrovice,,tělocvična",50.02591,16.569921,UO,CZ
"Mistrovice,,lom",50.01577,16.57944,UO,CZ
"Mistrovice,,ObÚ",50.02354,16.571953,UO,CZ
"Mistrovice,,U sloupku odb.",50.0395,16.575274,UO,CZ
"Mistrovice,,ZD",50.02132,16.568722,UO,CZ
"Mladé Buky,,střední škola",50.601746,15.858717,TU,CZ
"Mladé Buky,,Faltisova",50.60286,15.853277,TU,CZ
"Mladé Buky,,MŠ",50.60364,15.841852,TU,CZ
"Mladé Buky,,prádelna",50.61333,15.8227215,TU,CZ
"Mladé Buky,,rozc.",50.608303,15.83008,TU,CZ
"Mladé Buky,,střed",50.604942,15.853374,TU,CZ
"Mladé Buky,,škola",50.60656,15.832745,TU,CZ
"Mladé Buky,,žel.zast.",50.606808,15.841641,TU,CZ
"Mladé Buky,Hertvíkovice,dolní zast.",50.59763,15.813798,TU,CZ
"Mladé Buky,Hertvíkovice,horní zast.",50.59756,15.825822,TU,CZ
"Mladé Buky,Kalná Voda,GRUND",50.600502,15.864737,TU,CZ
"Mladějov,,knihovna",50.48201,15.232902,JC,CZ
"Mladějov,,odb.Bacov",50.482746,15.224622,JC,CZ
"Mladějov,Hubojedy,odb.",50.47351,15.238641,JC,CZ
"Mladějov,,Vydalov",50.47373,15.245541,JC,CZ
"Mladějov,Roveň",50.493847,15.200915,JC,CZ
"Mladějov,Střeleč,odb.",50.49015,15.252517,JC,CZ
"Mladkov,,dílny",50.098392,16.637424,UO,CZ
"Mladkov,,kostel",50.09775,16.628162,UO,CZ
"Mladkov,Vlčkovice",50.089325,16.596651,UO,CZ
Mladoňovice,49.88759,15.723282,CR,CZ
"Mladoňovice,Čejkovice",49.90566,15.739676,CR,CZ
"Mladoňovice,Deblov",49.894382,15.736372,CR,CZ
"Mladoňovice,Čejkovice,Habrovka",49.903763,15.731384,CR,CZ
"Mladoňovice,Lipina",49.8871,15.744956,CR,CZ
"Mladoňovice,Petříkovice",49.875935,15.729106,CR,CZ
"Mladoňovice,Pohled",49.897045,15.721223,CR,CZ
"Mladoňovice,Pohled,AGRO",49.892548,15.72271,CR,CZ
"Mladoňovice,Rtenín",49.87706,15.710163,CR,CZ
"Mladoňovice,Rtenín,Zlatnice",49.869408,15.713234,CR,CZ
"Borovnice,,u kapličky",50.062428,16.246279,RK,CZ
"Mlázovice,,nám.",50.411682,15.521594,JC,CZ
"Mlékosrby,,prodejna",50.192184,15.501224,HK,CZ
"Mlékosrby,,les",50.1752,15.501981,HK,CZ
"Borovnice,Přestavlky",50.068054,16.231815,RK,CZ
"Borovnice,Rájec",50.052113,16.23431,RK,CZ
"Borovnice,Homole,Závrší",50.04705,16.246859,UO,CZ
"Borovnice,,prodejna",50.509254,15.620669,TU,CZ
"Borovnice,,škola",50.50939,15.612491,TU,CZ
"Borovnice,,has.zbroj.",50.50783,15.632281,TU,CZ
"Borovnice,,Walraven",50.511295,15.60524,TU,CZ
"Borovnička,,kostel",50.500553,15.668726,TU,CZ
"Borovnička,,samota",50.497314,15.68345,TU,CZ
"Borovnička,,žel.zast.",50.503304,15.655699,TU,CZ
"Mohelnice,,aut.st.",49.77552,16.917715,SU,CZ
"Mohelnice,,SIEMENS aut.st.",49.775536,16.929585,SU,CZ
"Mohelnice,,Třebovská",49.778168,16.908379,SU,CZ
"Mohelnice,,žel.st.",49.77683,16.942438,SU,CZ
"Mohelnice,Podolí,rozc.Křemačov",49.781113,16.887772,SU,CZ
"Mohelnice,Studená Loučka,Buková rozc.",49.762505,16.80891,SU,CZ
"Mohelnice,Studená Loučka,motorest",49.77235,16.82008,SU,CZ
"Mohelnice,Studená Loučka,škola",49.76628,16.817513,SU,CZ
Mokošín,50.01457,15.571306,PA,CZ
"Mokré,,ObÚ",50.25904,16.066143,RK,CZ
"Mokré,,U Váhy",50.25006,16.078299,RK,CZ
"Mokré,,V Lípách",50.26727,16.063145,RK,CZ
Mokrovousy,50.275402,15.685782,HK,CZ
Morašice,49.9341,15.707897,CR,CZ
"Morašice,,Dubina",49.928097,15.713415,CR,CZ
"Morašice,,Práchovna",49.937786,15.714161,CR,CZ
"Morašice,Holičky",49.915478,15.702199,CR,CZ
"Morašice,Janovice,dolní",49.917423,15.712016,CR,CZ
"Morašice,Janovice,horní",49.912086,15.713459,CR,CZ
"Morašice,Zbyhněvice,Palučiny",49.908268,15.717728,CR,CZ
"Morašice,Skupice",49.92468,15.721259,CR,CZ
"Morašice,Zbyhněvice",49.89954,15.710437,CR,CZ
Morašice,50.002186,15.486118,PA,CZ
"Morašice,,škola",49.868916,16.235113,SY,CZ
"Morašice,,ObÚ",49.867863,16.232046,SY,CZ
"Morašice,Lažany,náves",49.86191,16.243395,SY,CZ
"Morašice,Lažany,odb.Sedlišťka",49.87138,16.251598,SY,CZ
"Morašice,Říkovice,rozc.",49.863297,16.255997,SY,CZ
"Morašice,Říkovice,Višňáry",49.872604,16.263817,SY,CZ
"Moravany,,hřiště",49.99878,15.944211,PA,CZ
"Moravany,,Smetanova",49.998096,15.950197,PA,CZ
"Moravany,Čeradice",49.998383,15.986,PA,CZ
"Moravany,Moravanský",50.012657,15.917086,PA,CZ
"Moravany,Turov",49.989048,15.995344,PA,CZ
"Moravská Třebová,,aut.nádr.",49.76068,16.663769,SY,CZ
"Moravská Třebová,,Brněnská",49.75636,16.66038,SY,CZ
"Moravská Třebová,,nemocnice",49.757637,16.654976,SY,CZ
"Moravská Třebová,Boršov,hájovna",49.743668,16.61215,SY,CZ
"Moravská Třebová,Boršov,hostinec",49.74446,16.621725,SY,CZ
"Moravská Třebová,Boršov,dolní",49.744053,16.642122,SY,CZ
"Moravská Třebová,Boršov,odb.",49.744934,16.65554,SY,CZ
"Moravská Třebová,Boršov,drůbežárna",49.742073,16.602678,SY,CZ
"Moravská Třebová,Boršov,MŠ",49.74494,16.63481,SY,CZ
"Moravská Třebová,,Sušice",49.773415,16.662718,SY,CZ
"Mostek,,aut.st.",50.487747,15.695597,TU,CZ
"Mostek,,koupaliště",50.483597,15.692632,TU,CZ
"Mostek,Debrné,most",50.49668,15.739578,TU,CZ
"Mostek,Debrné,hájovna",50.490757,15.730622,TU,CZ
"Mostek,Debrné,studánka",50.494976,15.728014,TU,CZ
"Mostek,Souvrať,Josefská výšina",50.476963,15.706955,TU,CZ
"Mostek,Souvrať,u mostu",50.46991,15.721478,TU,CZ
Mostek,50.00715,16.268175,UO,CZ
"Mostek,,prodejna",50.009335,16.264921,UO,CZ
"Mostek,Sudličkova Lhota,has.zbroj.",50.014687,16.255394,UO,CZ
"Mostek,Sudličkova Lhota,ZD",50.013065,16.259287,UO,CZ
"Borušov,,náves",49.77597,16.735224,SY,CZ
"Borušov,,odb.",49.771553,16.728844,SY,CZ
"Borušov,,točna",49.781254,16.744368,SY,CZ
"Borušov,,rozc.",49.773224,16.727846,SY,CZ
"Mrákotín,,ObÚ",49.81411,15.9564085,CR,CZ
"Mrákotín,,křiž.",49.81793,15.957702,CR,CZ
"Mrákotín,,Oflenda",49.80648,15.9575815,CR,CZ
"Bořice,Podbor",49.976025,15.914655,CR,CZ
Myštěves,50.296272,15.557223,HK,CZ
"Mžany,,ObÚ",50.29645,15.674747,HK,CZ
"Stračov,,u Jakuba křižovatka",50.292866,15.638777,HK,CZ
"Mžany,Dub,odb.",50.30752,15.672935,HK,CZ
"Mžany,Stračovská Lhota",50.29146,15.651255,HK,CZ
"Mžany,Stračovská Lhota,Zavadilka",50.288284,15.657482,HK,CZ
Nabočany,49.9434,15.887552,CR,CZ
"Nabočany,,odb.",49.95154,15.88789,CR,CZ
"Načešice,,MŠ",49.940197,15.622289,CR,CZ
"Načešice,,ObÚ",49.94244,15.630887,CR,CZ
"Načešice,Licomělice",49.93662,15.596107,CR,CZ
Nahořany,50.352695,16.082756,NA,CZ
"Nahořany,,odb.Dolsko",50.350094,16.07302,NA,CZ
"Nahořany,Městec,odb.Roztoky",50.33629,16.048454,NA,CZ
"Nahořany,Lhota,rozc.Doubravice",50.360928,16.08912,NA,CZ
"Nahořany,Městec",50.352226,16.054014,NA,CZ
"Náchod,,aut.st.",50.41743,16.170185,NA,CZ
"Náchod,Babí,továrna",50.433735,16.19049,NA,CZ
"Náchod,Babí,Třešňová",50.434734,16.176937,NA,CZ
"Náchod,Babí,Vrška",50.429325,16.173607,NA,CZ
"Náchod,Běloves,celní deklarant",50.428524,16.189373,NA,CZ
"Náchod,Běloves,Ida",50.423515,16.185102,NA,CZ
"Náchod,Běloves,stadion",50.41813,16.183699,NA,CZ
"Náchod,Běloves,škola",50.420013,16.188644,NA,CZ
"Náchod,,Branka sídliště",50.403168,16.146948,NA,CZ
"Náchod,Staré Město,Bartoň",50.39833,16.157837,NA,CZ
"Náchod,Bražec,odb.Peklo",50.394493,16.154776,NA,CZ
"Náchod,Bražec,točna",50.39465,16.14943,NA,CZ
"Náchod,Staré Město,škola",50.40128,16.160583,NA,CZ
"Náchod,,restaurace Sport",50.41669,16.17064,NA,CZ
"Náchod,,Hamra",50.41024,16.160984,NA,CZ
"Náchod,Staré Město,hřbitov",50.40768,16.154398,NA,CZ
"Náchod,,Klínek",50.41364,16.148481,NA,CZ
"Náchod,,Komenského",50.410767,16.156927,NA,CZ
"Náchod,Lipí",50.392704,16.174854,NA,CZ
"Náchod,Lipí,Buček",50.393387,16.181726,NA,CZ
"Náchod,Malé Poříčí",50.444393,16.191244,NA,CZ
"Náchod,,Montace",50.417667,16.17893,NA,CZ
"Náchod,Staré Město,Skalka",50.40497,16.167128,NA,CZ
"Náchod,,Nemastova",50.40628,16.147001,NA,CZ
"Náchod,,sídliště SUN",50.405945,16.164394,NA,CZ
"Náchod,,Okresní soud",50.413902,16.166088,NA,CZ
"Náchod,Pavlišov",50.446335,16.173647,NA,CZ
"Náchod,Pavlišov,točna",50.448685,16.168642,NA,CZ
"Náchod,,Plhov",50.42168,16.16755,NA,CZ
"Náchod,,Za Kapličkou",50.423565,16.170965,NA,CZ
"Náchod,,pod Brankou",50.407055,16.137642,NA,CZ
"Náchod,Staré Město,prádelna",50.405544,16.153492,NA,CZ
"Náchod,,Rybárna",50.406506,16.148445,NA,CZ
"Náchod,,sokolovna",50.414852,16.159937,NA,CZ
"Náchod,Staré Město,rozc.",50.40766,16.156723,NA,CZ
"Náchod,,školy TGM",50.409912,16.165022,NA,CZ
"Náchod,Dobrošov",50.402664,16.200127,NA,CZ
"Náchod,Dobrošov,Polsko",50.402634,16.21056,NA,CZ
"Náchod,Jizbice",50.391537,16.192421,NA,CZ
"Nasavrky,,náměstí",49.843594,15.802178,CR,CZ
"Nasavrky,,SOU",49.848362,15.808708,CR,CZ
"Nasavrky,Libáň",49.86161,15.8214655,CR,CZ
"Nasavrky,Nová Ves",49.826656,15.828042,CR,CZ
"Nasavrky,Nová Ves,křižovatka",49.827156,15.821283,CR,CZ
"Nasavrky,,odb.Obořice",49.846054,15.8312025,CR,CZ
"Nasavrky,Ochoz",49.84812,15.816186,CR,CZ
"Nasavrky,Podlíšťany,dolní",49.85381,15.843508,CR,CZ
"Nasavrky,Podlíšťany,horní",49.852734,15.846007,CR,CZ
"Nasavrky,Podlíšťany,křiž.",49.846344,15.846626,CR,CZ
Nasavrky,50.024216,16.257181,UO,CZ
"Nasavrky,,odb.",50.02683,16.24445,UO,CZ
Neděliště,50.275517,15.78518,HK,CZ
"Nechanice,,nám.",50.239285,15.633936,HK,CZ
"Nechanice,,nemocnice",50.23621,15.63569,HK,CZ
"Nechanice,,odb.Komárov",50.24287,15.640331,HK,CZ
"Nechanice,,hřbitov",50.230804,15.632583,HK,CZ
"Nechanice,Lubno,prodejna",50.242813,15.661552,HK,CZ
"Nechanice,Lubno,kašna",50.241207,15.656241,HK,CZ
"Třesovice,Popovice",50.255188,15.681654,HK,CZ
"Nechanice,Staré Nechanice,prodejna",50.24351,15.6179,HK,CZ
"Nechanice,Staré Nechanice,zkušebna",50.24141,15.625902,HK,CZ
"Nechanice,Staré Nechanice,ZD",50.241444,15.623811,HK,CZ
"Nechanice,Tůně",50.256493,15.648252,HK,CZ
"Nechanice,Tůně,odb.",50.251976,15.651158,HK,CZ
"Nekoř,,u mostu směr Pastviny",50.065464,16.541,UO,CZ
"Nekoř,,horní",50.05121,16.561348,UO,CZ
"Nekoř,,rozc.U Lehků",50.06361,16.54054,UO,CZ
"Nekoř,,náměstíčko",50.060825,16.546206,UO,CZ
"Nekoř,,přehrada",50.073566,16.553669,UO,CZ
"Nekoř,,škola",50.055775,16.551384,UO,CZ
"Nekoř,,továrna",50.063305,16.534977,UO,CZ
"Nekoř,,Vejrov",50.067745,16.547117,UO,CZ
"Nekoř,,Bredůvka",50.045773,16.561005,UO,CZ
"Němčice,,most",50.092964,15.806023,PA,CZ
"Němčice,,chaloupky",50.08754,15.804964,PA,CZ
"Němčice,,dolní odb.",49.89302,16.330343,SY,CZ
"Němčice,,transformátor",49.891373,16.3484,SY,CZ
"Němčice,,škola",49.89065,16.345976,SY,CZ
"Němčice,,Člupek",49.89686,16.356354,SY,CZ
"Němčice,Zhoř",49.904152,16.383974,SY,CZ
"Nemojov,Nový Nemojov,ozdravovna",50.460934,15.766489,TU,CZ
"Nemojov,Dolní Nemojov",50.467243,15.753245,TU,CZ
"Nemojov,Starobucké Debrné",50.477985,15.751973,TU,CZ
"Nemyčeves,,Letná",50.389576,15.386026,JC,CZ
Nepolisy,50.191586,15.464881,HK,CZ
"Nepolisy,,VÚ",50.182346,15.463776,HK,CZ
"Nepolisy,Zadražany",50.199448,15.472471,HK,CZ
"Neratov,,ObÚ",50.080162,15.648904,PA,CZ
"Neratov,,odb.Novinsko",50.082283,15.658077,PA,CZ
"Nechanice,Nerošov,odb.",50.282055,15.634837,HK,CZ
Nevratice,50.3483,15.496058,JC,CZ
Bošín,50.033684,16.203873,UO,CZ
"Bošín,,odb.Kostelecké Horky",50.038067,16.197334,UO,CZ
Bousov,49.901867,15.537212,CR,CZ
"Nová Paka,,aut.st.",50.495193,15.518332,JC,CZ
"Nová Paka,,poliklinika",50.489944,15.520674,JC,CZ
"Nová Paka,,Přibyslavská",50.48555,15.525457,JC,CZ
"Nová Paka,,Slovany",50.496128,15.505395,JC,CZ
"Nová Paka,,gymnázium",50.49533,15.510436,JC,CZ
"Nová Paka,,Lomnická",50.499973,15.508794,JC,CZ
"Stará Paka,,Zápříčnice",50.49764,15.489854,JC,CZ
"Nová Paka,,ZPA",50.486736,15.508729,JC,CZ
"Nová Paka,Heřmanice,kříž",50.47765,15.522076,JC,CZ
"Nová Paka,Heřmanice,stavebniny",50.484577,15.521653,JC,CZ
"Nová Paka,Kumburský Újezd",50.47045,15.500248,JC,CZ
"Nová Paka,Přibyslav",50.475025,15.546799,JC,CZ
"Nová Paka,Radkyně",50.47458,15.556756,JC,CZ
"Pecka,Bělá u Pecky,odb.Radkyně",50.47465,15.572154,JC,CZ
"Božanov,,kemp",50.52408,16.353317,NA,CZ
"Nová Paka,Studénka",50.476208,15.501989,JC,CZ
"Nová Paka,Štikov,dolní",50.483093,15.544126,JC,CZ
"Nová Paka,Štikov,autoservis",50.485317,15.531897,JC,CZ
"Nová Paka,Valdov",50.466167,15.531958,JC,CZ
"Nová Paka,Vrchovina,hlavní silnice",50.50505,15.533868,JC,CZ
"Nová Paka,Vrchovina,has.zbroj.",50.50413,15.541617,JC,CZ
"Božanov,,horní",50.518715,16.34624,NA,CZ
"Božanov,,ObÚ",50.526226,16.364866,NA,CZ
Nová Sídla,49.884846,16.235767,SY,CZ
"Nová Sídla,,Sedlišťka",49.876987,16.2445,SY,CZ
"Nová Ves,,u křížku",50.1294,16.054266,RK,CZ
"Albrechtice n.Orl.,,odb.Nová Ves",50.133507,16.05896,RK,CZ
"Nová Ves,,transformátor",50.13024,16.050068,RK,CZ
Nová Ves u Jarošova,49.837307,16.159653,SY,CZ
"Nové Hrady,,Na Šárovci",49.858555,16.146605,UO,CZ
"Nové Hrady,,nám.",49.851955,16.143646,UO,CZ
"Nové Hrady,,Dudychov",49.83729,16.13439,UO,CZ
"Nové Hrady,Mokrá Lhota",49.85691,16.131294,UO,CZ
"Nové Hrady,,Polanka",49.845272,16.128038,UO,CZ
"Nové Hrady,,Roudná",49.849216,16.13314,UO,CZ
"Nové Hrady,,Rybníček",49.858395,16.139227,UO,CZ
"Nové Město,,prodejna",50.148563,15.497206,HK,CZ
"Nové Město,,rybník",50.14629,15.494538,HK,CZ
"Nové Město,,škola",50.147667,15.494909,HK,CZ
"Nové Město n.Met.,,Dům hasičů",50.35385,16.149075,NA,CZ
"Nové Město n.Met.,,František U Lípy",50.358578,16.154352,NA,CZ
"Nové Město n.Met.,,Hradiště",50.3495,16.164442,NA,CZ
"Nové Město n.Met.,,Husovo nám.",50.343918,16.151701,NA,CZ
"Nové Město n.Met.,Krčín,Dobrušská",50.343952,16.135305,NA,CZ
"Nové Město n.Met.,Krčín,kostel",50.352215,16.124567,NA,CZ
"Nové Město n.Met.,Krčín,most",50.350536,16.13358,NA,CZ
"Nové Město n.Met.,Krčín,Na Strážnici",50.352703,16.1288,NA,CZ
"Nové Město n.Met.,Krčín,Osma",50.342796,16.121758,NA,CZ
"Nové Město n.Met.,Krčín,U Letiště",50.353138,16.12146,NA,CZ
"Nové Město n.Met.,Krčín,Luštinec",50.354324,16.122028,NA,CZ
"Nové Město n.Met.,Krčín,U Zvonice",50.353153,16.12443,NA,CZ
"Nové Město n.Met.,Krčín,Žižkovo nám.",50.34936,16.129614,NA,CZ
"Nové Město n.Met.,,Malecí nemocnice",50.357567,16.14935,NA,CZ
"Nové Město n.Met.,,Na Rychtě",50.3514,16.150234,NA,CZ
"Nové Město n.Met.,,Žďár",50.33736,16.166033,NA,CZ
"Nové Město n.Met.,,Náchodská",50.354103,16.135723,NA,CZ
"Nové Město n.Met.,,nám.17.listopadu",50.355843,16.156206,NA,CZ
"Nové Město n.Met.,,nám.Republiky",50.34559,16.150295,NA,CZ
"Nové Město n.Met.,,Papírny",50.341106,16.1557,NA,CZ
"Nové Město n.Met.,,Rezek",50.342793,16.172443,NA,CZ
"Nové Město n.Met.,,Sepský most",50.340244,16.157349,NA,CZ
"Nové Město n.Met.,,slévárna",50.352367,16.14388,NA,CZ
"Nové Město n.Met.,,Slza",50.357258,16.135595,NA,CZ
"Nové Město n.Met.,,AMMANN",50.3586,16.132782,NA,CZ
"Nové Město n.Met.,,bazén",50.35759,16.137077,NA,CZ
"Nové Město n.Met.,,Rezecký most",50.34534,16.153534,NA,CZ
"Nové Město n.Met.,,sokolovna",50.350983,16.153933,NA,CZ
"Nové Město n.Met.,,Studýnka",50.3519,16.171337,NA,CZ
"Nové Město n.Met.,,žel.st.",50.35353,16.138237,NA,CZ
"Nové Město n.Met.,Spy,Halínská",50.329037,16.147802,NA,CZ
"Nové Město n.Met.,Spy,Chlístovská",50.33127,16.154139,NA,CZ
"Nové Město n.Met.,Vrchoviny,dolní",50.36595,16.141119,NA,CZ
"Nové Město n.Met.,Vrchoviny,rozc.",50.36625,16.144318,NA,CZ
Bradlecká Lhota,50.488537,15.395468,SM,CZ
"Nové Město n.Met.,Vrchoviny,hřbitov",50.370228,16.138487,NA,CZ
"Nový Bydžov,,nemocnice",50.243298,15.482046,HK,CZ
"Nový Bydžov,,AGRA",50.250072,15.49244,HK,CZ
"Nový Bydžov,,Prefa",50.22889,15.494312,HK,CZ
"Nový Bydžov,,škola",50.237972,15.489702,HK,CZ
"Nový Bydžov,,Hvězda",50.240982,15.4953575,HK,CZ
"Nový Bydžov,Chudonice,prodejna",50.23228,15.486908,HK,CZ
"Nový Bydžov,,Metličany",50.242245,15.509386,HK,CZ
"Nový Bydžov,,Metličany křižovatka",50.239872,15.506551,HK,CZ
"Nový Bydžov,Nová Skřeněř",50.24045,15.428127,HK,CZ
"Nový Bydžov,Skochovice,hřiště",50.22638,15.40101,HK,CZ
"Nový Bydžov,Skochovice,odb.Žantov",50.229122,15.394224,HK,CZ
Sloupno,50.25823,15.4949665,HK,CZ
"Nový Bydžov,Stará Skřeněř,hřiště",50.24581,15.440181,HK,CZ
"Starý Bydžov,,ObÚ",50.258167,15.453674,HK,CZ
"Starý Bydžov,,hřbitov",50.262543,15.454996,HK,CZ
"Starý Bydžov,,ZD",50.25512,15.458198,HK,CZ
"Nový Bydžov,Vysočany",50.216442,15.496644,HK,CZ
"Nový Bydžov,Zábědov",50.224953,15.480859,HK,CZ
"Zachrašťany,,Agropodnik",50.21713,15.48095,HK,CZ
"Zachrašťany,,ObÚ",50.211105,15.483664,HK,CZ
"Zachrašťany,,rozc.",50.21064,15.4801235,HK,CZ
"Nový Bydžov,Žantov",50.241386,15.395132,HK,CZ
"Nový Hrádek,,nám.",50.357697,16.243835,NA,CZ
"Nový Hrádek,,odb.Doly",50.348515,16.240627,NA,CZ
"Nový Hrádek,,škola",50.359562,16.247236,NA,CZ
"Nový Hrádek,Rzy,u Andršů",50.357452,16.266407,NA,CZ
Nový Ples,50.322018,15.949466,NA,CZ
"Nový Ples,,myslivna",50.313198,15.951654,NA,CZ
"Nowa Ruda,,dw.aut.",50.579525,16.508015,,PL
"Bačetín,,ObÚ",50.30024,16.235304,RK,CZ
"Brandýs n.Orl.,,splav",50.001556,16.280344,UO,CZ
"Brandýs n.Orl.,,žel.st.",50.000782,16.284075,UO,CZ
"Brandýs n.Orl.,,rehab.ústav",50.002853,16.28235,UO,CZ
"Bačetín,,Brtva",50.298862,16.22097,RK,CZ
Očelice,50.243053,16.067675,RK,CZ
"Očelice,Městec n.Děd.",50.2442,16.049023,RK,CZ
"Bačetín,,odb.Sudín",50.296524,16.239923,RK,CZ
Ohařice,50.454327,15.258993,JC,CZ
Ohaveč,50.45052,15.309868,JC,CZ
"Ohnišov,,hostinec U potoka",50.319965,16.215517,RK,CZ
"Ohnišov,,U Jelena",50.32515,16.211689,RK,CZ
"Ohnišov,,Zákraví",50.329838,16.187042,RK,CZ
"Ohnišťany,,ObÚ",50.329777,15.512234,HK,CZ
"Ohnišťany,,žel.přejezd",50.340622,15.51368,HK,CZ
"Oldřiš,Babka,II",49.742237,16.187284,SY,CZ
"Bačetín,Sudín,farma",50.296394,16.24694,RK,CZ
"Olešnice,,ObÚ",50.142666,15.445191,HK,CZ
"Olešnice,Levín",50.13426,15.430873,HK,CZ
"Olešnice,,hostinec",50.144016,16.148773,RK,CZ
"Olešnice,,kampelička",50.158806,16.157045,RK,CZ
"Olešnice,,prodejna",50.153915,16.153692,RK,CZ
"Olešnice,Hoděčín",50.163277,16.161854,RK,CZ
"Olešnice v Orl.h.,,dolní",50.372257,16.298767,RK,CZ
"Olešnice v Orl.h.,,nám.",50.373116,16.310387,RK,CZ
"Opatov,,rozc.Helvíkov 3.0",49.836353,16.507177,SY,CZ
"Opatov,,samoobsluha",49.83066,16.506031,SY,CZ
"Opatov,,obecní úřad",49.82418,16.50469,SY,CZ
"Opatov,,u Vidláku",49.81945,16.495699,SY,CZ
"Opatovec,,hostinec",49.80401,16.481161,SY,CZ
"Opatovec,,Košíře",49.79895,16.476223,SY,CZ
"Opatovec,,mlýn",49.804432,16.470957,SY,CZ
"Opatov,,rozc.Opatovec",49.80794,16.492378,SY,CZ
"Opatovec,,žel.přejezd",49.80844,16.488123,SY,CZ
"Opatovice n.L.,,elektrárna",50.12392,15.7881565,PA,CZ
"Opatovice n.L.,,ObÚ",50.147182,15.791866,PA,CZ
"Opatovice n.L.,Pohřebačka",50.160294,15.782106,PA,CZ
"Opatovice n.L.,Pohřebačka,odb.žel.st.",50.16169,15.787948,PA,CZ
"Opočno,,Hradecká",50.26588,16.10901,RK,CZ
"Opočno,,Jordánek",50.27244,16.103386,RK,CZ
"Opočno,,Podzámčí",50.275593,16.09258,RK,CZ
"Opočno,,nám.",50.26751,16.11474,RK,CZ
"Opočno,,koupaliště",50.27009,16.128012,RK,CZ
"Opočno,,hřbitov",50.270676,16.119635,RK,CZ
"Opočno,,Nádražní",50.270737,16.109552,RK,CZ
"Opočno,,žel.st.",50.278217,16.086222,RK,CZ
"Opočno,Čánka,rozc.",50.256966,16.093971,RK,CZ
"Opočno,Čánka,kaplička",50.260067,16.086092,RK,CZ
"Opočno,Dobříkovec",50.251293,16.107069,RK,CZ
"Opočno,,Vodětín",50.268677,16.086212,RK,CZ
Orel,49.91935,15.83897,CR,CZ
"Orlické Podhůří,Dobrá Voda",50.003185,16.351082,UO,CZ
"Orlické Podhůří,Rozsocha",50.02157,16.334051,UO,CZ
"Orlické Podhůří,Rviště",50.00887,16.339586,UO,CZ
"Orlické Podhůří,Říčky",49.989845,16.356634,UO,CZ
"Orlické Podhůří,Říčky,odb.",49.99638,16.364347,UO,CZ
"Orlické Záhoří,,odb.hřebenovka",50.256207,16.488735,RK,CZ
"Orlické Záhoří,,pila",50.27047,16.479792,RK,CZ
"Orlické Záhoří,,kostel",50.278072,16.475676,RK,CZ
"Orlické Záhoří,,Bedřichovka",50.29968,16.442892,RK,CZ
"Orlické Záhoří,,Černá Voda",50.250786,16.496439,RK,CZ
"Orlické Záhoří,,Jadrná",50.28478,16.45633,RK,CZ
"Orlické Záhoří,,Kunštát",50.280834,16.467169,RK,CZ
"Orlické Záhoří,,Zelenka",50.295082,16.447613,RK,CZ
"Orličky,,odb.Jamné n.Orl.",50.02673,16.662333,UO,CZ
"Orličky,,obecní úřad",50.030567,16.680735,UO,CZ
"Orličky,,starý hostinec",50.0279,16.671831,UO,CZ
Osečnice,50.25724,16.308434,RK,CZ
"Osečnice,Lomy",50.27157,16.317177,RK,CZ
"Osečnice,Proloh",50.24736,16.302404,RK,CZ
"Osice,,kostel",50.142918,15.685769,HK,CZ
"Osice,,Škroupův dům",50.14697,15.682807,HK,CZ
"Osičky,,ObÚ",50.143253,15.676397,HK,CZ
"Osičky,,Agrodružstvo",50.14612,15.677853,HK,CZ
"Osík,,cihelna",49.847855,16.288864,SY,CZ
"Osík,,drůbežárna",49.858784,16.300087,SY,CZ
"Osík,,ins.st.",49.837738,16.27397,SY,CZ
"Osík,,pošta",49.842426,16.28383,SY,CZ
"Osík,,u mostu",49.853573,16.29297,SY,CZ
"Ostroměř,,T.G.Masaryka",50.37272,15.547992,JC,CZ
"Ostroměř,,Nádražní",50.3723,15.549189,JC,CZ
"Ostroměř,,škola",50.375584,15.543913,JC,CZ
"Ostroměř,,žel.st.",50.369377,15.544622,JC,CZ
"Ostroměř,Domoslavice",50.36009,15.551728,JC,CZ
"Ostroměř,Nové Smrkovice",50.359886,15.542416,JC,CZ
Ostrov,49.97247,16.030968,CR,CZ
"Ostrov,,hájovna",49.928562,16.535448,UO,CZ
"Ostrov,,horní",49.94261,16.521997,UO,CZ
"Ostrov,,Karlíkovy kopce",49.937016,16.52968,UO,CZ
"Ostrov,,pošta",49.928883,16.542326,UO,CZ
"Ostrov,,váha",49.92271,16.55381,UO,CZ
Ostružno,50.44241,15.289317,JC,CZ
Ostřetín,50.05319,16.013073,PA,CZ
"Ostřetín,,bytovky",50.045097,16.026585,PA,CZ
"Ostřetín,,u Hubáčků",50.04342,16.053082,PA,CZ
"Ostřetín,,u Vlachých",50.045746,16.04068,PA,CZ
"Ostřetín,,u Vosáhlů",50.04762,16.019962,PA,CZ
"Ostřetín,Vysoká u Holic,Dašická",50.026684,16.054941,PA,CZ
"Ostřetín,Vysoká u Holic,motorest",50.026096,16.05474,PA,CZ
"Otovice,,celnice",50.55089,16.409052,NA,CZ
"Otovice,,křiž.",50.56322,16.36656,NA,CZ
"Otovice,,prodejna",50.557064,16.387383,NA,CZ
"Otovice,,točna",50.553825,16.39715,NA,CZ
Otradov,49.79247,16.042337,CR,CZ
"Oucmanice,,rybník",49.990147,16.279882,UO,CZ
"Oucmanice,,ZD",49.98644,16.287893,UO,CZ
"Chlumec n.Cidl.,Pamětník",50.12368,15.450234,HK,CZ
"Klamoš,Štít,Chárovna",50.120514,15.466668,HK,CZ
"Pardubice,Černá za Bory,pošta",50.02571,15.823036,PA,CZ
"Pardubice,Černá za Bory,odb.žel.zast.",50.028107,15.829709,PA,CZ
"Pardubice,Dubina,centrum",50.045074,15.806515,PA,CZ
"Pardubice,,k nemocnici",50.031487,15.789692,PA,CZ
"Pardubice,,Karla IV.",50.035217,15.779843,PA,CZ
"Pardubice,Kokešov",50.019596,15.65651,PA,CZ
"Pardubice,,K Letišti",50.021347,15.735034,PA,CZ
"Pardubice,,Na Drážce",50.03709,15.798499,PA,CZ
"Pardubice,Ohrazenice,škola",50.061817,15.757449,PA,CZ
"Pardubice,,Terminál Univerzita",50.04947,15.765645,PA,CZ
"Pardubice,Slovany,Spojilská",50.031887,15.8035755,PA,CZ
"Pardubice,,Staňkova škola",50.02313,15.764976,PA,CZ
"Pardubice,,Štrossova",50.033924,15.788697,PA,CZ
"Pardubice,,zdravotnická škola",50.01991,15.806566,PA,CZ
"Pardubice,,17.listopadu",50.033382,15.770192,PA,CZ
"Pardubice,,Zámeček",50.026184,15.804072,PA,CZ
"Pardubice,,závodiště",50.025204,15.747171,PA,CZ
"Pardubice,,Zborovské nám.",50.022198,15.7712145,PA,CZ
"Pardubice,Žižín",50.019066,15.846694,PA,CZ
"Pardubice,Dražkovice",50.000355,15.7718935,PA,CZ
"Pardubice,Semtín,hl.brána",50.061123,15.728551,PA,CZ
"Pardubice,Semtín,žel.zast.",50.062008,15.744069,PA,CZ
"Pardubice,Trnová,křiž.",50.058334,15.757748,PA,CZ
"Pastviny,,Bublačka",50.098534,16.564058,UO,CZ
"Pastviny,,autocamp",50.083344,16.555037,UO,CZ
"Pastviny,,centrum",50.09514,16.566076,UO,CZ
"Pastviny,,Na pláži",50.090237,16.559076,UO,CZ
"Pastviny,,kanál odb.",50.088573,16.55165,UO,CZ
"Pastviny,,Vitanov",50.09337,16.579937,UO,CZ
"Pec p.Sněžkou,,aut.st.",50.694756,15.735115,TU,CZ
"Horní Maršov,Temný Důl,odb.Malá Úpa",50.67497,15.793768,TU,CZ
"Pec p.Sněžkou,Velká Úpa,Barrandov",50.68882,15.778593,TU,CZ
"Pec p.Sněžkou,Velká Úpa,nám.",50.68945,15.767016,TU,CZ
"Pec p.Sněžkou,Velká Úpa,Tetřívek",50.691063,15.753226,TU,CZ
"Pec p.Sněžkou,Velká Úpa,Vavřincův Důl",50.68201,15.784462,TU,CZ
"Horní Maršov,Temný Důl,Myslivna",50.681435,15.804789,TU,CZ
"Pecka,,nám.",50.480217,15.608129,JC,CZ
"Pecka,,nové domy",50.47805,15.598923,JC,CZ
"Pecka,Bělá u Pecky",50.473614,15.582026,JC,CZ
"Pecka,Bukovina u Pecky",50.45581,15.609838,JC,CZ
"Pecka,,Popluží",50.473007,15.615297,JC,CZ
"Pecka,Kal",50.464108,15.6349125,JC,CZ
"Pecka,Kal,odb.",50.471657,15.625613,JC,CZ
"Pecka,,Lhota u Pecky",50.479675,15.61859,JC,CZ
"Pecka,Staňkov",50.48469,15.632075,JC,CZ
"Pecka,Vidonice",50.477036,15.646828,JC,CZ
"Pěčín,,Hradčany",50.162815,16.402452,RK,CZ
"Pěčín,,hostinec",50.153435,16.4247,RK,CZ
"Pěčín,,na kopci",50.16369,16.412708,RK,CZ
"Pěčín,,odb.",50.1542,16.42416,RK,CZ
"Pěčín,,most",50.15775,16.394754,RK,CZ
"Pěčín,,u Slavíkových",50.158722,16.416515,RK,CZ
Perálec,49.82598,16.082848,CR,CZ
"Perálec,,Kutřín",49.821316,16.062702,CR,CZ
"Petrovice,,ObÚ",50.289856,15.597482,HK,CZ
"Petrovice,,hřbitov",50.29034,15.602741,HK,CZ
"Petrovice,Kanice",50.299377,15.578328,HK,CZ
Petrovice,49.989048,16.546633,UO,CZ
"Petrovice,,rozc.",49.989983,16.558966,UO,CZ
"Pilníkov,,nám.",50.53145,15.817724,TU,CZ
"Pilníkov,,odb.Staré Buky",50.540867,15.831519,TU,CZ
"Pilníkov,,čerpací stanice",50.530052,15.804411,TU,CZ
"Písečná,,Růženka",50.044834,16.455095,UO,CZ
"Písečná,,pomník",50.044445,16.448816,UO,CZ
"Písek,,ObÚ",50.155655,15.501424,HK,CZ
"Písek,,Oktaviánov",50.16234,15.4999485,HK,CZ
Plch,50.13071,15.704962,PA,CZ
Plchovice,50.04625,16.183353,UO,CZ
"Plchovice,Smetana",50.051712,16.180096,UO,CZ
"Poběžovice u Holic,,točna",50.097332,16.000637,PA,CZ
"Poběžovice u Holic,,závodiště",50.09164,16.003944,PA,CZ
Poběžovice u Přelouče,49.991695,15.582611,PA,CZ
"Poběžovice u Přelouče,,rozc.",49.985558,15.58642,PA,CZ
"Podbřezí,,Nad ovčínem odb.Masty",50.26396,16.242386,RK,CZ
"Podbřezí,,Škutina",50.26448,16.25032,RK,CZ
"Podbřezí,,Lhota",50.26323,16.23275,RK,CZ
"Podbřezí,,Netřeba",50.266056,16.224113,RK,CZ
"Podbřezí,,motel Skalka",50.25916,16.210314,RK,CZ
"Podbřezí,,zámek Skalka",50.263615,16.212599,RK,CZ
"Podhorní Újezd a Vojice,,Brdík",50.384888,15.515906,JC,CZ
"Sobčice,,odb.",50.38246,15.522432,JC,CZ
"Podhorní Újezd a Vojice,Vojice,odb.",50.388683,15.505699,JC,CZ
"Podhořany u Ronova,,hostinec",49.935852,15.536982,CR,CZ
"Podhořany u Ronova,Bílý Kámen",49.931137,15.550246,CR,CZ
"Podhořany u Ronova,Nový Dvůr",49.944035,15.5502,CR,CZ
"Podhradí,,odb.Veliš",50.418514,15.309003,JC,CZ
"Podhradí,Šlikova Ves,Smetalík",50.420063,15.323483,JC,CZ
"Podhradí,Čejkovice",50.419483,15.346266,JC,CZ
"Podhradí,Hlásná Lhota",50.431118,15.300556,JC,CZ
"Podhradí,Hlásná Lhota,Karlov",50.43393,15.29638,JC,CZ
"Podhradí,Šlikova Ves",50.41456,15.329553,JC,CZ
"Podhradí,Hlásná Lhota,odb.Vokšice",50.42921,15.30971,JC,CZ
"Podlesí,Němčí",50.016777,16.281708,UO,CZ
"Podlesí,Olešná",50.01974,16.290781,UO,CZ
"Podlesí,Turov",50.023243,16.278286,UO,CZ
Podůlšany,50.13072,15.734193,PA,CZ
Podůlší,50.47145,15.3403635,JC,CZ
Brloh,50.00184,15.556534,PA,CZ
"Pohledy,,Na Samotě",49.703915,16.548155,SY,CZ
"Brloh,Benešovice",50.014378,15.558815,PA,CZ
"Pohoří,,MŠ",50.29284,16.100983,RK,CZ
"Pohoří,,prodejna",50.29232,16.099522,RK,CZ
"Pohoří,,kovárna",50.292046,16.090466,RK,CZ
"Pohoří,,žel.zast.",50.29141,16.08002,RK,CZ
"Pohoří,,Puličky",50.294983,16.107893,RK,CZ
Pokřikov,49.796783,15.98825,CR,CZ
"Pokřikov,,odb.",49.805164,15.979901,CR,CZ
"Police n.Met.,,aut.st.",50.535324,16.2325,NA,CZ
"Police n.Met.,,Ostašská",50.542667,16.23239,NA,CZ
"Police n.Met.,,škola",50.536407,16.23691,NA,CZ
"Police n.Met.,Hlavňov,prodejna",50.55796,16.253933,NA,CZ
"Police n.Met.,Hlavňov,točna",50.55313,16.257065,NA,CZ
"Police n.Met.,Hlavňov,most",50.55891,16.246212,NA,CZ
"Police n.Met.,Pěkov,Hony",50.574608,16.24129,NA,CZ
"Police n.Met.,Pěkov,střed",50.568077,16.230173,NA,CZ
"Police n.Met.,Pěkov,Ostaš",50.55926,16.224037,NA,CZ
"Police n.Met.,,Nádražní",50.529243,16.225002,NA,CZ
"Polička,,aut.st.",49.718468,16.262934,SY,CZ
"Polička,,Hegerova",49.71577,16.269623,SY,CZ
"Polička,,most",49.71437,16.26872,SY,CZ
"Polička,,odb.masokombinát",49.725136,16.231115,SY,CZ
"Polička,,prodejna",49.718845,16.28264,SY,CZ
"Polička,,provozovna ČSAD",49.719036,16.25601,SY,CZ
"Polička,,Starohradská",49.71583,16.251709,SY,CZ
"Polička,,u divadla",49.713818,16.261631,SY,CZ
"Polička,,Zákrejsova",49.71023,16.262249,SY,CZ
"Polička,Lezník,dolní",49.755825,16.266178,SY,CZ
"Polička,Lezník,Haná",49.743076,16.268234,SY,CZ
"Polička,Lezník,škola",49.7512,16.26794,SY,CZ
"Polička,Střítež",49.747215,16.243168,SY,CZ
Polom,50.05789,16.301777,RK,CZ
"Polom,,odb.Sudslava",50.047825,16.294437,UO,CZ
"Pomezí,,lesní správa",49.705128,16.342136,SY,CZ
"Pomezí,,ObÚ",49.710186,16.33012,SY,CZ
"Pomezí,,Pomezský rybník",49.71743,16.29011,SY,CZ
"Pomezí,,odb.Květná",49.709885,16.321867,SY,CZ
"Pomezí,,hřiště",49.710888,16.31452,SY,CZ
"Pomezí,,škola",49.714523,16.302555,SY,CZ
Poříčí u Litomyšle,49.79829,16.191998,SY,CZ
"Poříčí u Litomyšle,Mladočov",49.802376,16.202808,SY,CZ
"Poříčí u Litomyšle,Zrnětín,kaple",49.791492,16.197733,SY,CZ
"Poříčí u Litomyšle,Zrnětín,rozc.",49.786327,16.197903,SY,CZ
"Potštejn,,Černá skála",50.07736,16.285912,RK,CZ
"Potštejn,,odb.žel.st.",50.083324,16.309885,RK,CZ
"Potštejn,,pila",50.078983,16.315664,RK,CZ
"Potštejn,,cukrárna",50.082035,16.306135,RK,CZ
"Prachovice,,Chrudimská",49.891094,15.624048,CR,CZ
"Prachovice,,záv.",49.892708,15.632137,CR,CZ
"Prachovice,,ZŠ",49.893433,15.627959,CR,CZ
"Prasek,,Na Nové",50.235508,15.556467,HK,CZ
"Prasek,,Na Staré",50.241314,15.542404,HK,CZ
"Prasek,,odb.Zdechovice",50.231762,15.569437,HK,CZ
Kobylice,50.24441,15.589696,HK,CZ
"Zdechovice,,obec",50.22558,15.562836,HK,CZ
"Praskačka,,křiž.",50.175167,15.740447,HK,CZ
"Praskačka,,ObÚ",50.171383,15.744336,HK,CZ
"Praskačka,Krásnice",50.141785,15.724172,HK,CZ
"Praskačka,Sedlice",50.153343,15.729304,HK,CZ
"Urbanice,,hlavní silnice",50.18242,15.724048,HK,CZ
"Praskačka,Vlčkovice",50.183224,15.755211,HK,CZ
Pravy,50.131317,15.62504,PA,CZ
"Proruby,,dolní",50.071693,16.286959,RK,CZ
"Proruby,,horní",50.069984,16.295021,RK,CZ
"Proseč,,nám.",49.806404,16.116648,CR,CZ
"Proseč,,DIPRO",49.80915,16.117508,CR,CZ
"Proseč,,škola",49.80658,16.112797,CR,CZ
"Proseč,,Borka",49.806625,16.127798,CR,CZ
"Proseč,Česká Rybná",49.800777,16.071697,CR,CZ
"Proseč,Česká Rybná,horní",49.799374,16.076227,CR,CZ
"Proseč,Miřetín",49.80722,16.051844,CR,CZ
"Otradov,,odb.Miřetín",49.80723,16.043644,CR,CZ
"Proseč,Miřetín,Rovinka",49.80694,16.060022,CR,CZ
"Proseč,Paseky,rozhledna",49.7839,16.124481,CR,CZ
"Proseč,Paseky,les",49.767483,16.129091,CR,CZ
"Proseč,Paseky,pomník",49.78978,16.120182,CR,CZ
"Proseč,Podměstí",49.81026,16.111862,CR,CZ
"Proseč,,Posekanec",49.803135,16.145206,CR,CZ
"Proseč,Záboří,odb.",49.797188,16.115995,CR,CZ
"Prosečné,,farma",50.566536,15.679805,TU,CZ
"Prosečné,,ObÚ",50.560184,15.689295,TU,CZ
"Prosečné,,kult.dům",50.55497,15.693584,TU,CZ
"Hostinné,,žel.zast.Prosečné",50.54745,15.699211,TU,CZ
"Prosetín,,lom Dukla",49.832363,15.949757,CR,CZ
"Prosetín,,lom Mikšov",49.833427,15.976819,CR,CZ
"Prosetín,,škola",49.83284,15.957982,CR,CZ
"Prosetín,Horní Prosetín",49.82993,15.955928,CR,CZ
"Prosetín,Malinné",49.82498,15.970014,CR,CZ
"Prosetín,Mokrýšov",49.831326,15.937549,CR,CZ
"Vysokov,,mydlárna",50.39642,16.096525,NA,CZ
"Provodov-Šonov,,odb.Přibyslav",50.38425,16.143377,NA,CZ
"Provodov-Šonov,Provodov,odb.Šeřeč",50.39029,16.100422,NA,CZ
"Provodov-Šonov,Kleny",50.39674,16.086498,NA,CZ
"Provodov-Šonov,Provodov,náves",50.387093,16.107876,NA,CZ
"Provodov-Šonov,Šonov,hostinec",50.37696,16.120699,NA,CZ
"Provodov-Šonov,Šonov,ObÚ",50.381714,16.115232,NA,CZ
Předhradí,49.830826,16.03504,CR,CZ
"Přelouč,,Pernštýnské náměstí",50.038605,15.565072,PA,CZ
"Přelouč,,hřbitov",50.03584,15.574206,PA,CZ
"Přelouč,,nám.17.listopadu",50.033253,15.562391,PA,CZ
"Přelouč,,Masarykovo nám.",50.03918,15.560784,PA,CZ
"Přelouč,,Pražská",50.037952,15.5502405,PA,CZ
"Přelouč,,Račanská",50.035522,15.565863,PA,CZ
"Přelouč,,Chrudimská",50.034252,15.578133,PA,CZ
"Přelouč,,Jaselská",50.037407,15.580372,PA,CZ
"Přelouč,,žel.st.",50.039433,15.573787,PA,CZ
"Přelouč,Klenovka",50.02387,15.60127,PA,CZ
"Jankovice,Kozašice",50.011936,15.523391,PA,CZ
"Přelouč,Lhota",50.03331,15.528269,PA,CZ
"Přelouč,Lohenice",50.04469,15.599099,PA,CZ
"Přelouč,Mělice",50.03571,15.61838,PA,CZ
"Přelouč,Škudly",50.02542,15.526183,PA,CZ
"Přelouč,Štěpánov",50.01608,15.585591,PA,CZ
"Jedousov,,Horecký Dvůr",50.00342,15.597481,PA,CZ
"Přelouč,Tupesy,Podvrdy",49.997627,15.566361,PA,CZ
Přelovice,50.072235,15.61396,PA,CZ
"Přelovice,,hájovna",50.061634,15.618468,PA,CZ
"Přelovice,,odb.",50.060093,15.60323,PA,CZ
Přepychy,50.10629,15.520116,PA,CZ
"Přepychy,,has.zbroj.",50.237595,16.106651,RK,CZ
"Přepychy,,na kopci",50.235836,16.11814,RK,CZ
"Přepychy,,v domkách",50.244564,16.108208,RK,CZ
"Přestavlky,,kaple",49.9379,15.925956,CR,CZ
"Převýšov,,odb.žel.st.",50.150497,15.407024,HK,CZ
"Převýšov,,hřiště",50.151913,15.413878,HK,CZ
"Broumov,,žel.st.",50.581455,16.338999,NA,CZ
"Broumov,,MěÚ",50.588287,16.328913,NA,CZ
"Broumov,,Soukenická",50.58752,16.335588,NA,CZ
Přibyslav,50.373825,16.168781,NA,CZ
"Broumov,,nemocnice",50.579693,16.333973,NA,CZ
"Broumov,,pila",50.573208,16.335733,NA,CZ
"Broumov,,hotel Veba",50.58243,16.33111,NA,CZ
"Broumov,,stavebniny",50.5941,16.333961,NA,CZ
"Příluka,,Přílucký dům",49.864822,16.157326,SY,CZ
"Příluka,,has.zbroj.",49.864483,16.159887,SY,CZ
"Hejtmánkovice,,u rybníků",50.593597,16.28831,NA,CZ
"Broumov,Benešov,penzion",50.610764,16.3447,NA,CZ
"Broumov,Benešov,točna",50.61643,16.34812,NA,CZ
"Broumov,Olivětín,hostinec",50.603046,16.333488,NA,CZ
"Přívrat,,Na Presích",49.932213,16.388859,UO,CZ
"Broumov,Olivětín,Veba",50.601154,16.333195,NA,CZ
"Pšánky,,ObÚ",50.293915,15.621649,HK,CZ
"Broumov,Olivětín,žel.st.",50.60858,16.329668,NA,CZ
"Broumov,Rožmitál,rozc.",50.589615,16.373497,NA,CZ
"Broumov,Rožmitál,točna",50.604557,16.368435,NA,CZ
"Broumov,Rožmitál,prodejna",50.599335,16.371023,NA,CZ
"Pustá Kamenice,,točna",49.757202,16.08184,SY,CZ
"Pustá Kamenice,Pec,odb.",49.761574,16.068642,CR,CZ
"Pustá Rybná,,hostinec",49.707928,16.137968,SY,CZ
"Pustá Rybná,,Pavlásky",49.713886,16.148668,SY,CZ
Pustina,49.899338,16.105133,UO,CZ
"Vysoké Mýto,Brteč",49.9251,16.117529,UO,CZ
"Ráby,,Perníková chaloupka",50.07842,15.804346,PA,CZ
"Ráby,,prodejna",50.074757,15.803377,PA,CZ
"Ráby,,křiž.",50.07062,15.801997,PA,CZ
"Ráby,,Kunětická hora",50.082172,15.80501,PA,CZ
"Račice n.Trotinou,,odb.Lužany",50.312973,15.794969,HK,CZ
"Račice n.Trotinou,,ObÚ",50.316113,15.7956,HK,CZ
Radhošť,49.988853,16.074865,UO,CZ
"Radhošť,Sedlíšťka",49.989155,16.064892,UO,CZ
"Radíkovice,,ObÚ",50.20953,15.69318,HK,CZ
Radim,50.45731,15.42972,JC,CZ
"Radim,Studeňany",50.45022,15.418579,JC,CZ
"Radiměř,,host.",49.700294,16.406101,SY,CZ
"Radiměř,,točna",49.700974,16.396511,SY,CZ
"Radiměř,,transformátor",49.700836,16.417065,SY,CZ
"Radiměř,,u kostela",49.700367,16.428467,SY,CZ
"Radiměř,Nový Svět",49.70297,16.463202,SY,CZ
Radkov,49.73526,16.741478,SY,CZ
Radostov,50.20909,15.666438,HK,CZ
"Libčany,Želí,odb.Radostov",50.199955,15.667885,HK,CZ
Radovesnice II,50.105858,15.368359,KO,CZ
"Radovesnice II,,u mostu",50.10247,15.369469,KO,CZ
"Radvanice,,aut.st.",50.56789,16.062416,TU,CZ
"Radvanice,,žel.st.",50.575943,16.057384,TU,CZ
"Raná,,Hyvel",49.792324,15.963956,CR,CZ
"Raná,,křiž.",49.798374,15.964495,CR,CZ
"Raná,Oldřetice",49.80993,15.975715,CR,CZ
Rasošky,50.32307,15.906959,NA,CZ
Rašín,50.332993,15.677563,JC,CZ
"Rohenice,,bytovky",50.306023,16.031527,RK,CZ
"Rohenice,,ObÚ",50.306183,16.033222,RK,CZ
"Rohenice,,has.zbroj.",50.308853,16.031855,RK,CZ
"Rohovládova Bělá,,BUS terminál",50.108322,15.603979,PA,CZ
"Rohovládova Bělá,,odb.k Vlčí Habřině",50.10378,15.609321,PA,CZ
"Rohoznice,,prodejna",50.395943,15.695697,JC,CZ
"Rohoznice,,váha",50.39998,15.686794,JC,CZ
"Rohoznice,,křiž.",50.12691,15.664618,PA,CZ
"Rokytnice v Orl.h.,,Dolní Dvůr",50.148544,16.475992,RK,CZ
"Rokytnice v Orl.h.,,odb.Kouty",50.19468,16.466927,RK,CZ
"Rokytnice v Orl.h.,,odb.Říčky",50.18646,16.473818,RK,CZ
"Rokytnice v Orl.h.,,pod zatáčkami",50.186398,16.48768,RK,CZ
"Rokytnice v Orl.h.,,Prostřední Rokytnice",50.175793,16.466036,RK,CZ
"Rokytnice v Orl.h.,,bývalý mlýn",50.152023,16.473558,RK,CZ
"Rokytnice v Orl.h.,,Vánoční ozdoby",50.165424,16.455753,RK,CZ
"Rokytnice v Orl.h.,Neb.Rybná,Hamernice",50.181778,16.433115,RK,CZ
"Rokytnice v Orl.h.,Neb.Rybná,konečná",50.188057,16.420397,RK,CZ
"Rokytnice v Orl.h.,Neb.Rybná,Roudná",50.194416,16.40598,RK,CZ
"Rokytnice v Orl.h.,Panské Pole,dolní",50.18364,16.501348,RK,CZ
"Rokytnice v Orl.h.,Panské Pole,Hanička",50.187584,16.508785,RK,CZ
"Rokytnice v Orl.h.,Panské Pole,Údolíčko",50.17916,16.52018,RK,CZ
"Rokytno,,střed",50.105095,15.890567,PA,CZ
"Rokytno,,les",50.109577,15.8978195,PA,CZ
"Rokytno,Bohumileč",50.104908,15.857864,PA,CZ
"Rokytno,Bohumileč,odb.Dražkov",50.097904,15.857853,PA,CZ
"Rokytno,Bohumileč,kanál",50.095043,15.868145,PA,CZ
"Rokytno,Bohumileč,Zástava",50.11185,15.835111,PA,CZ
"Ronov n.Doubr.,,Chvalovická",49.890873,15.536977,CR,CZ
"Ronov n.Doubr.,,nám.",49.888718,15.530887,CR,CZ
"Ronov n.Doubr.,,hřbitov",49.876083,15.539253,CR,CZ
"Ronov n.Doubr.,,žel.st.",49.893803,15.529369,CR,CZ
"Ronov n.Doubr.,Mladotice",49.868114,15.545811,CR,CZ
"Ronov n.Doubr.,Moravany",49.84575,15.544483,CR,CZ
"Bousov,,Tuchov",49.908966,15.541789,CR,CZ
"Žlebské Chvalovice,Žlebská Lhotka,odb.",49.894646,15.549377,CR,CZ
"Rosice,,hlavní silnice",49.917713,15.945668,CR,CZ
"Rosice,,cihelna",49.91658,15.943922,CR,CZ
"Rosice,,Plynostav",49.92298,15.947354,CR,CZ
"Rosice,,pošta",49.922935,15.952257,CR,CZ
"Rosice,Bor u Chroustovic",49.93004,15.988602,CR,CZ
"Rosice,Brčekoly",49.93317,15.970349,CR,CZ
"Rosice,Synčany",49.926968,15.961926,CR,CZ
"Roudnice,,dolní",50.17652,15.640463,HK,CZ
"Roudnice,,horní",50.176388,15.6693735,HK,CZ
"Roudnice,,střed",50.17715,15.655383,HK,CZ
"Roudnice,,mlýn",50.178646,15.629647,HK,CZ
"Rovensko p.Tr.,,nám.",50.53489,15.259917,SM,CZ
"Rovensko p.Tr.,,u školy",50.538895,15.258217,SM,CZ
"Všestary,Rozběřice,pomník",50.266907,15.751764,HK,CZ
"Všestary,Rozběřice,hlavní silnice",50.263466,15.748829,HK,CZ
"Rozhovice,,ObÚ",49.967556,15.712874,CR,CZ
"Rozstání,,horní",49.737957,16.712492,SY,CZ
"Rozstání,,žel.zast.",49.728592,16.730682,SY,CZ
Brzice,50.4414,15.963113,NA,CZ
"Brzice,Proruby",50.46239,15.958297,NA,CZ
Rožnov,50.33786,15.860613,NA,CZ
"Rožnov,Neznášov",50.33487,15.852061,NA,CZ
"Rtyně v Podkr.,,aut.st.",50.505337,16.070595,TU,CZ
"Rtyně v Podkr.,,u kříže",50.49667,16.096352,TU,CZ
"Rtyně v Podkr.,,u mlýna",50.511105,16.05866,TU,CZ
"Rtyně v Podkr.,,Pančák",50.50211,16.07746,TU,CZ
"Rtyně v Podkr.,,Kostelecká",50.499958,16.0713,TU,CZ
"Rtyně v Podkr.,,Kampelička",50.49881,16.084827,TU,CZ
"Rudník,,bělidlo",50.56922,15.728642,TU,CZ
"Rudník,,pod Justicí",50.58591,15.731864,TU,CZ
"Rudník,,Leopoldov",50.580643,15.756838,TU,CZ
"Rudník,,pivovar",50.595596,15.733014,TU,CZ
"Rudník,,pošta",50.57806,15.736895,TU,CZ
"Rudník,,Terezín",50.5728,15.7172785,TU,CZ
"Rudník,,škola",50.576164,15.728272,TU,CZ
"Rudník,,AKWEL",50.578808,15.710327,TU,CZ
"Rudník,Arnultovice,U kaštanu",50.56476,15.722143,TU,CZ
"Rudník,Arnultovice,tenisové kurty",50.54686,15.7221775,TU,CZ
"Rudník,Arnultovice,kult.dům",50.553337,15.7222185,TU,CZ
"Rudník,Javorník,rozc.",50.583023,15.77261,TU,CZ
"Rudník,Javorník,hotel Zoja",50.58952,15.788394,TU,CZ
"Rudoltice,,křiž.",49.89477,16.575705,UO,CZ
"Rudoltice,,točna",49.907917,16.55327,UO,CZ
"Rudoltice,,škola",49.89785,16.570099,UO,CZ
"Rybitví,,Uma",50.06282,15.710722,PA,CZ
"Rybitví,,závod",50.059853,15.7160225,PA,CZ
"Rybná n.Zdob.,,škola",50.10737,16.365767,RK,CZ
"Rybná n.Zdob.,,Pekelec",50.117916,16.360937,RK,CZ
"Rybná n.Zdob.,,Pekelec pila",50.123863,16.348124,RK,CZ
"Rybná n.Zdob.,,kostel",50.10845,16.366423,RK,CZ
"Rybná n.Zdob.,,u stezky",50.117153,16.353327,RK,CZ
"Rybná n.Zdob.,,Dvorek",50.118977,16.38479,RK,CZ
"Rybník,,prodejna",49.890675,16.469513,UO,CZ
"Rybník,,kovárna",49.88444,16.481611,UO,CZ
"Rybník,,Srnov",49.891964,16.464153,UO,CZ
"Rybník,,MŠ",49.886665,16.477644,UO,CZ
"Rybník,,ObÚ",49.888973,16.473993,UO,CZ
"Rychnov na Moravě,,dolní",49.847763,16.647984,SY,CZ
"Rychnov na Moravě,,horní",49.827614,16.624273,SY,CZ
"Rychnov na Moravě,,koupaliště",49.839767,16.642656,SY,CZ
"Rychnov na Moravě,,kostel",49.82781,16.639673,SY,CZ
"Rychnov na Moravě,,okály",49.833866,16.639101,SY,CZ
"Rychnov na Moravě,,zbrojnice",49.827522,16.63783,SY,CZ
"Rychnov n.Kněž.,,hotel Panorama",50.169704,16.286457,RK,CZ
"Rychnov n.Kněž.,,Kněžna",50.158966,16.274614,RK,CZ
"Rychnov n.Kněž.,,Městská Habrová",50.174927,16.294514,RK,CZ
"Rychnov n.Kněž.,,nemocnice",50.168976,16.269476,RK,CZ
"Rychnov n.Kněž.,,odb.Studánka",50.164543,16.314774,RK,CZ
"Rychnov n.Kněž.,,Pod Budínem",50.155087,16.278927,RK,CZ
"Rychnov n.Kněž.,,odb.Prorubky",50.186684,16.297861,RK,CZ
"Rychnov n.Kněž.,,sídl.Draha",50.162266,16.283665,RK,CZ
"Rychnov n.Kněž.,,odb.Končiny",50.164917,16.305534,RK,CZ
"Rychnov n.Kněž.,,Dobrovského",50.167404,16.274334,RK,CZ
"Rychnov n.Kněž.,,váha",50.17179,16.282993,RK,CZ
"Rychnov n.Kněž.,,Bezručova pošta",50.165012,16.278034,RK,CZ
"Rychnov n.Kněž.,,žel.st.",50.157566,16.27428,RK,CZ
"Rychnov n.Kněž.,Dlouhá Ves,has.zbroj.",50.149242,16.29756,RK,CZ
"Rychnov n.Kněž.,Dlouhá Ves,sauna",50.15054,16.290634,RK,CZ
"Rychnov n.Kněž.,Lipovka,hlavní silnice",50.181904,16.258642,RK,CZ
"Rychnov n.Kněž.,Litohrady",50.18216,16.241472,RK,CZ
"Rychnov n.Kněž.,Lokot",50.16342,16.242271,RK,CZ
"Rychnov n.Kněž.,Panská Habrová,most",50.179497,16.296326,RK,CZ
"Rychnov n.Kněž.,Roveň,prodejna",50.142006,16.30843,RK,CZ
"Rychnov n.Kněž.,Roveň,lípa",50.135265,16.314453,RK,CZ
"Rychnov n.Kněž.,Roveň,most",50.14352,16.305225,RK,CZ
"Rychnovek,,čerpací stanice",50.355297,15.969354,NA,CZ
"Rychnovek,Doubravice u České Skalice",50.380104,15.999008,NA,CZ
"Řečany n.L.,,křiž.",50.035824,15.47773,PA,CZ
"Řečany n.L.,Labětín,odb.",50.03436,15.48771,PA,CZ
"Řepníky,,Libecinská",49.898186,16.084414,UO,CZ
"Řepníky,,Pěšická",49.90239,16.081835,UO,CZ
"Řepníky,,kult.dům",49.90129,16.079603,UO,CZ
"Řepníky,Pěšice",49.91778,16.070284,UO,CZ
"Řepníky,Popovec",49.93825,16.077969,UO,CZ
Řestoky,49.922413,15.917308,CR,CZ
"Řetová,,dolní",49.949387,16.370775,UO,CZ
"Řetová,,horní",49.940323,16.388798,UO,CZ
"Řetová,,kampelička",49.946217,16.377748,UO,CZ
"Řetová,,Na Mandlu",49.94126,16.373178,UO,CZ
"Řetůvka,,křiž.",49.953247,16.360535,UO,CZ
"Říčky v Orl.h.,,ObÚ",50.20918,16.45127,RK,CZ
"Říčky v Orl.h.,,Na Šafářce",50.197403,16.460264,RK,CZ
"Říčky v Orl.h.,,parkoviště",50.215424,16.463474,RK,CZ
"Říčky v Orl.h.,,křiž.",50.210697,16.458956,RK,CZ
"Říčky v Orl.h.,,u křížku",50.202667,16.458979,RK,CZ
Řídký,49.89388,16.245977,SY,CZ
"Říkov,,kaple",50.384377,16.017326,NA,CZ
"Říkov,,rozc.",50.385155,16.021742,NA,CZ
"Sadová,,U Jabůrka",50.297394,15.699476,HK,CZ
"Samšina,,odb.",50.453117,15.238329,JC,CZ
"Samšina,Drštěkryje",50.454556,15.250229,JC,CZ
"Sobotka,Lavice,Šalanda",50.459454,15.212761,JC,CZ
"Sázava,,dol.",49.89677,16.632366,UO,CZ
"Sázava,,záv.",49.904392,16.637466,UO,CZ
Sběř,50.314293,15.432231,JC,CZ
"Sběř,,ObÚ",50.319622,15.425772,JC,CZ
"Sběř,Hrobičany",50.308712,15.434789,JC,CZ
"Sebranice,,ObÚ",49.772507,16.24665,SY,CZ
"Sebranice,Střítež,Široký Důl",49.760544,16.236053,SY,CZ
"Sebranice,Kaliště,odb.",49.778797,16.270748,SY,CZ
"Sebranice,Pohora,horní",49.762295,16.260303,SY,CZ
"Sebranice,Pohora,ZD",49.770115,16.255074,SY,CZ
"Sebranice,,Třemošná",49.77145,16.250443,SY,CZ
"Sebranice,Pohora,odb.Vysoký Les",49.768997,16.26893,SY,CZ
"Seč,,Čáslavské chaty",49.834587,15.636332,CR,CZ
"Seč,,nám.",49.84753,15.656564,CR,CZ
"Seč,,u kapličky",49.845146,15.651375,CR,CZ
"Seč,,Podměstí",49.852352,15.653799,CR,CZ
"Seč,,přehrada",49.837196,15.656953,CR,CZ
"Seč,,Veselka",49.847958,15.660504,CR,CZ
"Seč,Hoješín",49.81344,15.64349,CR,CZ
"Seč,Hoješín,Leškova Hůrka",49.82503,15.632798,CR,CZ
"Seč,Hoješín,odb.Horní Ves",49.81728,15.644021,CR,CZ
"Seč,Javorka,rozc.",49.829727,15.62931,CR,CZ
"Seč,,Kamenná obec",49.8393,15.641382,CR,CZ
"Seč,Kraskov",49.868664,15.625391,CR,CZ
"Seč,Horní Počátky",49.853355,15.618339,CR,CZ
"Seč,Dolní Počátky",49.858215,15.616204,CR,CZ
"Seč,Proseč",49.824757,15.678299,CR,CZ
"Seč,Prosíčka",49.82091,15.695937,CR,CZ
"Seč,Proseč,odb.Ústupky",49.827667,15.662776,CR,CZ
"Seč,Žďárec u Seče",49.85578,15.636625,CR,CZ
"Seč,Žďárec u Seče,odb.",49.859493,15.641944,CR,CZ
Seč,50.02591,16.293995,UO,CZ
"Břehy,,Festovna",50.055206,15.584541,PA,CZ
"Břehy,,hostinec",50.050533,15.577385,PA,CZ
"Břehy,,ObÚ",50.05206,15.57756,PA,CZ
"Břehy,,Výrov",50.058395,15.594779,PA,CZ
"Sedliště,,ObÚ",50.393024,15.218012,JC,CZ
"Sedliště,,Na Bahnech",50.395275,15.22449,JC,CZ
Sedliště,49.89413,16.274931,SY,CZ
"Sedloňov,,Dolní Sedloňov",50.33323,16.287258,RK,CZ
"Sedloňov,,ObÚ",50.33895,16.313932,RK,CZ
"Sedloňov,,Horní Sedloňov",50.33265,16.325562,RK,CZ
Sekeřice,50.287766,15.38151,JC,CZ
Selmice,50.050346,15.440659,PA,CZ
"Semechnice,Kruhovka,drůbežárna",50.257244,16.132206,RK,CZ
"Semechnice,,škola",50.259674,16.150158,RK,CZ
"Semechnice,,kaple",50.26283,16.141962,RK,CZ
"Semily,,Luční",50.602386,15.329026,SM,CZ
"Semín,,ObÚ",50.053135,15.519571,PA,CZ
"Semín,,U štiky",50.056477,15.527189,PA,CZ
"Kladruby n.L.,,Semínská Vrata",50.05448,15.501726,PA,CZ
"Semín,,Vyhnálov",50.056072,15.539739,PA,CZ
Semtěš,49.958767,15.512922,KH,CZ
Sendraž,50.36707,16.202791,NA,CZ
"Sendražice,,hostinec",50.29189,15.792966,HK,CZ
"Sendražice,,hřiště",50.289032,15.801651,HK,CZ
Senice,50.183403,15.207346,NB,CZ
"Březina,,Březinka",50.434895,15.318766,JC,CZ
"Březina,,náves",50.434155,15.313241,JC,CZ
"Sezemice,,pošta",50.066284,15.852685,PA,CZ
"Sezemice,,Havlíčkova",50.06489,15.853256,PA,CZ
"Sezemice,,zámostí",50.060005,15.848738,PA,CZ
"Sezemice,Dražkov",50.091175,15.835917,PA,CZ
"Sezemice,Kladina",50.06205,15.875045,PA,CZ
"Sezemice,,Malé Koloděje",50.045223,15.871424,PA,CZ
"Sezemice,Velké Koloděje",50.052452,15.876061,PA,CZ
"Sezemice,Lukovna",50.079487,15.843596,PA,CZ
"Sezemice,Počaply,Chalupy",50.055958,15.837137,PA,CZ
"Sezemice,Veská,Dětské centrum",50.03837,15.862868,PA,CZ
"Skalice,,u Fabiánů",50.277676,15.875498,HK,CZ
"Skalice,,u Holečků",50.275074,15.868083,HK,CZ
"Skalice,Číbuz",50.28228,15.884268,HK,CZ
"Skalice,Číbuz,Na Drahách",50.283894,15.892911,HK,CZ
"Skalice,Skalička",50.272633,15.852041,HK,CZ
"Sklené,,dolní",49.707577,16.51671,SY,CZ
"Sklené,,horní",49.70645,16.536236,SY,CZ
"Sklené,,ObÚ",49.706387,16.528788,SY,CZ
"Skořenice,,náves",50.031002,16.221825,UO,CZ
"Skořenice,Vrchovina,závod",50.020847,16.232342,UO,CZ
"Choceň,,odb.Vrchovina",50.017666,16.232018,UO,CZ
"Skřivany,,škola",50.267174,15.498883,HK,CZ
"Skřivany,,továrna",50.2678,15.502536,HK,CZ
"Česká Třebová,Skuhrov,Jednota",49.93262,16.495737,UO,CZ
"Česká Třebová,Skuhrov,křiž.",49.937954,16.504303,UO,CZ
"Česká Třebová,Skuhrov,vodárna",49.92488,16.489256,UO,CZ
"Skuhrov n.Bělou,,nákupní středisko",50.228687,16.29206,RK,CZ
"Skuhrov n.Bělou,,továrna",50.224987,16.288475,RK,CZ
"Skuhrov n.Bělou,,odb.Malý Uhřínov",50.23888,16.316723,RK,CZ
"Skuhrov n.Bělou,,Růženina huť",50.23487,16.307608,RK,CZ
"Skuhrov n.Bělou,Rybníčky,dřevovýroba",50.23376,16.292355,RK,CZ
"Skuhrov n.Bělou,Rybníčky,rybník",50.237938,16.294464,RK,CZ
"Skuhrov n.Bělou,Brocná",50.235092,16.2551,RK,CZ
"Skuhrov n.Bělou,Svinná,Svinecký Dvůr",50.24341,16.26211,RK,CZ
"Skuhrov n.Bělou,Hraštice",50.22907,16.283182,RK,CZ
"Skuhrov n.Bělou,Svinná",50.241962,16.280172,RK,CZ
"Skuteč,,nám.",49.84302,15.996202,CR,CZ
"Skuteč,Bílý Kopeček",49.851765,15.990637,CR,CZ
"Skuteč,,Botas",49.84867,15.994805,CR,CZ
"Skuteč,,Dr.Znojemského",49.844868,16.000374,CR,CZ
"Skuteč,,gymnázium",49.839043,15.991696,CR,CZ
"Skuteč,,koupaliště",49.84661,15.987786,CR,CZ
"Skuteč,Skutíčko",49.852173,15.972654,CR,CZ
"Skuteč,,Vítězslava Nováka",49.834145,15.98501,CR,CZ
"Skuteč,Borek",49.840744,16.06023,CR,CZ
"Skuteč,Hněvětice",49.832863,16.052944,CR,CZ
"Skuteč,Hněvětice,odb.",49.832317,16.060568,CR,CZ
"Skuteč,Lažany",49.83656,16.01747,CR,CZ
"Skuteč,Lešany",49.816154,16.03187,CR,CZ
"Skuteč,Lešany,hájovna",49.82067,16.035246,CR,CZ
"Předhradí,,Pangrotka",49.818832,16.041374,CR,CZ
"Skuteč,Lhota u Skutče",49.857883,16.042,CR,CZ
"Skuteč,Přibylov",49.862465,15.9851885,CR,CZ
"Skuteč,Nová Ves,odb.",49.866776,15.983608,CR,CZ
"Skuteč,Radčice",49.81818,15.98465,CR,CZ
"Skuteč,Štěpánov",49.860657,15.999991,CR,CZ
"Skuteč,Zbožnov,prodejna",49.85239,16.020561,CR,CZ
"Skuteč,Zhoř",49.853485,16.051882,CR,CZ
"Skuteč,Lhota u Skutče,Oborský Mlýn",49.84703,16.045544,CR,CZ
"Skuteč,Žďárec u Skutče,prodejna",49.82662,15.988292,CR,CZ
"Skuteč,Žďárec u Skutče,žel.st.",49.826393,15.978731,CR,CZ
Slaná,50.580784,15.330329,SM,CZ
"Slaná,Bořkov",50.58663,15.348232,SM,CZ
"Slaná,Bořkov,Blaživky",50.584995,15.360313,SM,CZ
"Slaná,Hořensko",50.57685,15.316218,SM,CZ
"Slaná,Nedvězí",50.581554,15.341271,SM,CZ
"Slaná,Poříčí,u lávky",50.58928,15.333788,SM,CZ
"Slatina,,hor.",49.983154,16.165255,UO,CZ
"Slatina,,odb.",49.97846,16.164343,UO,CZ
"Slatina n.Úpou,,odb.Boušín",50.452164,16.041824,NA,CZ
"Slatina n.Úpou,,mlýn",50.451427,16.049301,NA,CZ
"Slatina n.Úpou,,pošta",50.454098,16.035982,NA,CZ
"Slatina n.Úpou,,odb.Mečov",50.45488,16.027807,NA,CZ
"Slatina n.Zdob.,,mlékárna",50.13542,16.395405,RK,CZ
"Slatina n.Zdob.,,has.zbroj.",50.12966,16.412228,RK,CZ
"Slatina n.Zdob.,,rozc.Kameničná",50.127327,16.432852,RK,CZ
"Slatina n.Zdob.,,škola",50.136215,16.38786,RK,CZ
"Slatina n.Zdob.,,u Kopeckých",50.131992,16.405872,RK,CZ
"Slatina n.Zdob.,,žel.st.",50.13809,16.37705,RK,CZ
"Slatina n.Zdob.,,Hůrka",50.127644,16.424204,RK,CZ
"Slatiňany,,prodejna",49.92118,15.814179,CR,CZ
"Slatiňany,,Sokolovo",49.913208,15.817484,CR,CZ
"Slatiňany,,hřebčín",49.92191,15.80726,CR,CZ
"Slatiňany,Škrovád",49.906784,15.812884,CR,CZ
"Slatiňany,Kunčí,rybník",49.903053,15.831474,CR,CZ
"Slatiňany,Kunčí,odb.",49.899666,15.825704,CR,CZ
"Slatiňany,Trpišov",49.890278,15.797645,CR,CZ
"Slatiny,,náves",50.36634,15.38285,JC,CZ
"Slatiny,,AGRO",50.36992,15.38677,JC,CZ
"Slatiny,Milíčeves",50.376415,15.392094,JC,CZ
Slavětín n.Met.,50.32903,16.052938,NA,CZ
Slavhostice,50.308884,15.3531685,JC,CZ
"Slavíkov,Dlouhý",49.751694,15.818452,HB,CZ
"Slavoňov,,střed",50.343353,16.202885,NA,CZ
"Slavoňov,,kostel",50.344143,16.195797,NA,CZ
"Slavoňov,Blažkov",50.345276,16.187965,NA,CZ
"Slavoňov,Blažkov,rozc.",50.34577,16.192202,NA,CZ
Slepotice,49.991516,15.961142,PA,CZ
"Slepotice,,křiž.",49.992573,15.961971,PA,CZ
"Slepotice,Bělešovice,rozc.",49.980427,15.960878,PA,CZ
"Slepotice,Lipec",49.97351,15.966542,PA,CZ
"Sloupnice,,aut.st.",49.92076,16.310854,SY,CZ
"Sloupnice,,na mostě",49.92724,16.289692,SY,CZ
"Sloupnice,,škola",49.92114,16.315876,SY,CZ
"Sloupnice,,Na Džbánovci",49.942554,16.32145,SY,CZ
"Sloupnice,,ObÚ",49.920887,16.330507,SY,CZ
"Sloupnice,,transformátor",49.921387,16.338577,SY,CZ
"Sloupnice,,u kina",49.919746,16.324419,SY,CZ
"Sloupnice,,lihovar",49.92572,16.296263,SY,CZ
"Sloupnice,,zdrav.stř.",49.921654,16.303968,SY,CZ
"Sloupnice,Vesnička",49.92704,16.346975,SY,CZ
"Sloveč,Střihov",50.22502,15.369622,NB,CZ
Smidary,50.291466,15.476428,HK,CZ
"Smidary,,továrna",50.293896,15.487372,HK,CZ
"Smidary,Červeněves",50.282932,15.48771,HK,CZ
"Smidary,Chotělice,has.zbroj.",50.305706,15.466779,HK,CZ
"Smidary,Chotělice,hostinec",50.309196,15.471651,HK,CZ
"Smidary,Chotělice,odb.Vysoké Veselí",50.322723,15.474554,HK,CZ
"Smidary,Křičov",50.272503,15.466191,HK,CZ
"Smidary,Loučná Hora",50.302006,15.499242,HK,CZ
"Smiřice,,MěÚ",50.29985,15.8691025,HK,CZ
"Holohlavy,,JIPA",50.30319,15.85702,HK,CZ
"Smiřice,,žel.st.",50.300545,15.858627,HK,CZ
"Smiřice,Rodov,hřiště",50.305115,15.825543,HK,CZ
"Smiřice,Trotina",50.289677,15.831286,HK,CZ
Smrček,49.866417,15.896424,CR,CZ
Smržov,50.296947,15.913506,HK,CZ
"Smržov,Hubiles",50.29041,15.902183,HK,CZ
"Sněžné,,ObÚ",50.3401,16.274456,RK,CZ
"Sněžné,,dolní",50.339684,16.264345,RK,CZ
"Sněžné,,Na Krahulci",50.33009,16.273388,RK,CZ
"Sněžné,,odb.Dobřany",50.331905,16.27808,RK,CZ
Sobčice,50.372013,15.514647,JC,CZ
Soběraz,50.465515,15.403563,JC,CZ
"Radim,Lháň,farma",50.47373,15.408504,JC,CZ
Sobětuchy,49.93284,15.762442,CR,CZ
"Rabštejnská Lhota,Rabštejn",49.9053,15.756687,CR,CZ
Rabštejnská Lhota,49.915825,15.7692,CR,CZ
"Rabštejnská Lhota,Smrkový Týnec",49.895924,15.761266,CR,CZ
"Rabštejnská Lhota,Smrkový Týnec,křiž.",49.90078,15.759419,CR,CZ
"Sobětuchy,,Vrcha",49.935745,15.767774,CR,CZ
"Nechanice,Sobětuš,kříž",50.253864,15.665786,HK,CZ
"Nechanice,Sobětuš,socha sv.Václava",50.255726,15.672067,HK,CZ
"Jamné n.Orl.,,odb.Sobkovice",50.046997,16.610107,UO,CZ
"Sobkovice,,závod",50.04708,16.607086,UO,CZ
"Sobkovice,,kostel",50.0476,16.595036,UO,CZ
"Sobotka,Lavice,odb.",50.45498,15.203535,JC,CZ
"Sobotka,Zajakury,odb.",50.44855,15.208133,JC,CZ
"Solnice,,nám.",50.204235,16.236994,RK,CZ
"Solnice,,u hřbitova",50.19795,16.244467,RK,CZ
"Solnice,Ještětice",50.22455,16.230225,RK,CZ
"Sopotnice,,odb.I",50.04454,16.358473,UO,CZ
"Sopotnice,,odb.II",50.04888,16.35448,UO,CZ
"Sopotnice,,pož.zbroj.",50.059166,16.345024,UO,CZ
"Sopotnice,,Orličan",50.06631,16.331114,UO,CZ
"Sopřeč,,socha sv.Václava",50.090416,15.556655,PA,CZ
"Sopřeč,,hřiště",50.0981,15.556435,PA,CZ
"Sopřeč,,odb. Strašov",50.07788,15.547329,PA,CZ
"Sovětice,,váha",50.307026,15.705554,HK,CZ
"Sovětice,Horní Černůtky",50.319363,15.691065,HK,CZ
Sovolusky,49.96951,15.537632,PA,CZ
"Srch,,ObÚ",50.085205,15.762736,PA,CZ
"Sruby,,horní",49.99605,16.173883,UO,CZ
"Sruby,,dolní",49.991707,16.17196,UO,CZ
"Sruby,,Hluboká",50.002,16.15398,UO,CZ
"Stará Paka,,Sokolovna",50.51405,15.491177,JC,CZ
"Stará Paka,,Josefa Tůmy",50.523026,15.488591,JC,CZ
"Stará Paka,,odb.žel.st.",50.515022,15.490321,JC,CZ
"Stará Paka,,škola",50.510628,15.493807,JC,CZ
"Stará Paka,,ČOV",50.519806,15.487821,JC,CZ
"Stará Paka,,U Splavu",50.50515,15.501462,JC,CZ
"Stará Paka,,závod",50.508617,15.496749,JC,CZ
"Stará Paka,,žel.st.",50.51594,15.487327,JC,CZ
"Stará Paka,Brdo",50.496834,15.471155,JC,CZ
"Stará Paka,Karlov,horní",50.53683,15.494088,JC,CZ
"Stará Paka,Karlov,dolní",50.53319,15.493681,JC,CZ
"Stará Paka,Krsmol",50.503017,15.452106,JC,CZ
"Stará Paka,Roškopov,kult.dům",50.51782,15.478567,JC,CZ
"Stará Paka,Roškopov,STS",50.516674,15.471117,JC,CZ
"Stará Paka,Ústí,točna",50.51813,15.4540205,JC,CZ
"Stará Paka,Ústí,továrna",50.515953,15.460189,JC,CZ
"Stará Voda,,zvonice",50.150047,15.530504,HK,CZ
"Staré Buky,Dolní Staré Buky,rybník",50.53737,15.848251,TU,CZ
"Staré Buky,Prostř.Staré Buky,zámek",50.53541,15.855071,TU,CZ
"Staré Buky,Horní Staré Buky,točna",50.523357,15.874406,TU,CZ
"Staré Buky,Prostř.Staré Buky,hostinec",50.53045,15.859741,TU,CZ
"Staré Buky,Prostř.Staré Buky,bytovka",50.527054,15.864628,TU,CZ
"Staré Hradiště,,host.",50.06354,15.775986,PA,CZ
"Staré Hradiště,,ObÚ",50.065063,15.774838,PA,CZ
"Staré Hradiště,Psinek",50.066715,15.783481,PA,CZ
"Staré Hradiště,,Na Hledíku",50.063026,15.766391,PA,CZ
"Staré Hradiště,Brozany",50.064938,15.796687,PA,CZ
"Staré Hradiště,Hradiště na Písku",50.079052,15.78104,PA,CZ
"Staré Hrady,,zámek",50.386265,15.214366,JC,CZ
"Staré Hrady,,rozc.",50.380898,15.214179,JC,CZ
Staré Jesenčany,49.998745,15.755045,PA,CZ
Bříšťany,50.31701,15.621414,JC,CZ
"Staré Město,,aut.st.",49.79427,16.675102,SY,CZ
"Staré Město,,u Dětřichova",49.788883,16.698301,SY,CZ
"Staré Město,,odb.Bílá Studně",49.791943,16.682917,SY,CZ
"Staré Město,Radišov",49.80488,16.662586,SY,CZ
Staré Místo,50.4037,15.342014,JC,CZ
Staré Smrkovice,50.338108,15.49415,JC,CZ
"Staré Ždánice,,hřiště",50.12481,15.714833,PA,CZ
"Staré Ždánice,,křiž.",50.119587,15.725022,PA,CZ
"Staré Ždánice,,Lihovar",50.115234,15.732159,PA,CZ
"Staré Ždánice,,střed",50.124065,15.720269,PA,CZ
"Staré Ždánice,,ZD",50.124462,15.722469,PA,CZ
Starkoč,49.93739,15.507712,KH,CZ
"Stárkov,,Frolen",50.52919,16.149212,NA,CZ
"Stárkov,,mlékárna",50.530724,16.166885,NA,CZ
"Stárkov,,nám.",50.533592,16.157875,NA,CZ
"Stárkov,Chlívce,odb.Krkavčina",50.507133,16.132627,NA,CZ
"Stárkov,Bystré",50.52317,16.145313,NA,CZ
"Stárkov,Bystré,konzum",50.51614,16.138746,NA,CZ
"Stárkov,Horní Dřevíč",50.522575,16.176321,NA,CZ
"Stárkov,Chlívce,odb.",50.513294,16.129723,NA,CZ
"Stárkov,Vápenka",50.54058,16.136438,NA,CZ
"Stárkov,Vápenka,Černý kout",50.543808,16.130789,NA,CZ
"Starý Mateřov,,náves",50.001797,15.715881,PA,CZ
"Starý Mateřov,,odb.",50.00188,15.708724,PA,CZ
"Stéblová,,ObÚ",50.092922,15.7489395,PA,CZ
"Stéblová,,odb.",50.09382,15.759761,PA,CZ
"Stéblová,,žel.st.",50.104553,15.756354,PA,CZ
"Stěžery,,na růžku",50.21104,15.757093,HK,CZ
"Stěžery,,kostel",50.214546,15.750228,HK,CZ
"Bučina,,náves",49.89669,16.19284,UO,CZ
"Stěžery,Hřibsko",50.19684,15.736108,HK,CZ
"Stěžery,Stěžírky",50.22498,15.737564,HK,CZ
"Bučina,,hřbitov",49.895473,16.190825,UO,CZ
"Stojice,,hlavní silnice",49.95519,15.616795,PA,CZ
"Stojice,,hřbitov",49.95822,15.61128,PA,CZ
"Stolany,,Na paloučku",49.92944,15.751978,CR,CZ
"Stolany,,rybník",49.930763,15.744863,CR,CZ
"Stračov,,náves",50.301655,15.641573,HK,CZ
"Stračov,Klenice",50.31302,15.663006,HK,CZ
Stradouň,49.96927,16.062565,UO,CZ
"Stradouň,,rozc.Vraclav",49.973213,16.074738,UO,CZ
Strakov,49.866493,16.366686,SY,CZ
"Strašov,,křiž.",50.08594,15.52354,PA,CZ
"Strašov,,Na Rozkoši",50.090275,15.522629,PA,CZ
"Strážná,,dol.konec",49.908276,16.706568,UO,CZ
"Strážná,,ObÚ",49.91252,16.709326,UO,CZ
"Strážná,,samota",49.900116,16.699938,UO,CZ
"Strážná,,škola",49.92153,16.70718,UO,CZ
"Strážné,,nám.",50.661774,15.615376,TU,CZ
Budčeves,50.3096,15.253895,JC,CZ
"Stružinec,,host.na Stařině",50.55079,15.357827,SM,CZ
"Stružinec,,u rybníka",50.559116,15.3647585,SM,CZ
"Stružinec,,odb.",50.548717,15.356614,SM,CZ
"Stružinec,Pohoří",50.566288,15.364126,SM,CZ
"Stružinec,Pohoří,u vrtu",50.573536,15.3703,SM,CZ
"Stružinec,Tuhaň,odb.",50.55599,15.329629,SM,CZ
"Stružinec,Tuhaň,Zelený háj",50.564915,15.31218,SM,CZ
Střemošice,49.8923,16.071102,CR,CZ
"Střemošice,Bílý Kůň,kaple",49.88153,16.068409,CR,CZ
"Střevač,,rybník",50.407276,15.269157,JC,CZ
"Střevač,,ObÚ",50.40424,15.274719,JC,CZ
"Střevač,Batín",50.41995,15.23118,JC,CZ
"Střevač,Nadslav",50.422108,15.261084,JC,CZ
"Střevač,Štidla",50.432964,15.256136,JC,CZ
"Střezetice,,pomník",50.25836,15.7179575,HK,CZ
"Studené,,ObÚ",50.06941,16.591146,UO,CZ
"Těchonín,,odb.Vlčkovice",50.075512,16.604973,UO,CZ
"Studené,,SONIX",50.06582,16.58888,UO,CZ
"Studené,,Bořitov",50.058914,16.585752,UO,CZ
"Studenec,,Na špici",50.563187,15.545019,SM,CZ
"Studenec,,Pod Táborem",50.5551,15.545081,SM,CZ
"Studenec,,pošta",50.547543,15.557166,SM,CZ
"Studenec,,škola",50.552586,15.549316,SM,CZ
"Studenec,,u lípy",50.547794,15.546534,SM,CZ
"Studenec,,u Trojice",50.55545,15.547818,SM,CZ
"Studenec,Rovnáčov",50.57009,15.539445,SM,CZ
"Studenec,Zálesní Lhota,dol.část",50.55914,15.585455,SM,CZ
"Studenec,Zálesní Lhota,křiž.",50.573162,15.557311,SM,CZ
"Studenec,Zálesní Lhota,továrna",50.569355,15.562224,SM,CZ
"Studenec,Zálesní Lhota,u has.zbroj.",50.567932,15.565394,SM,CZ
"Studenec,Zálesní Lhota,u Kynčlů",50.56548,15.577684,SM,CZ
Studnice,49.73793,15.901499,CR,CZ
"Hlinsko,,odb.Studnice",49.750565,15.8990555,CR,CZ
"Studnice,Košinov",49.709732,15.890075,CR,CZ
"Studnice,Košinov,dolní",49.71328,15.892962,CR,CZ
"Studnice,Zalíbené,odb.",49.719,15.896042,CR,CZ
"Studnice,,hostinec",50.42126,16.089165,NA,CZ
"Studnice,Bakov",50.43511,16.086182,NA,CZ
"Studnice,Řešetova Lhota,Pastviště",50.43337,16.093641,NA,CZ
"Studnice,Řešetova Lhota,hostinec",50.427853,16.099657,NA,CZ
"Studnice,Všeliby",50.440678,16.075214,NA,CZ
"Studnice,Zblov",50.412643,16.07252,NA,CZ
"Budislav,,pošta",49.803806,16.16808,SY,CZ
"Budislav,,has.zbroj.",49.801167,16.173183,SY,CZ
"Budislav,,Borek",49.80567,16.156301,SY,CZ
Sudislav n.Orl.,49.98974,16.311476,UO,CZ
"Sudslava,,ObÚ",50.040703,16.286077,UO,CZ
"Nechanice,Suchá",50.27215,15.63415,HK,CZ
Suchá Lhota,49.877384,16.173294,SY,CZ
"Suchovršice,,továrna",50.522465,16.001156,TU,CZ
"Suchovršice,,odb.žel.zast.",50.52954,15.998281,TU,CZ
"Suchovršice,,Lhotka",50.535286,15.996099,TU,CZ
"Suchý Důl,,dolní",50.538437,16.259668,NA,CZ
"Suchý Důl,,ObÚ",50.54064,16.265762,NA,CZ
"Suchý Důl,,Na Drahách",50.54529,16.271317,NA,CZ
"Suchý Důl,,MŠ",50.543354,16.277374,NA,CZ
"Suchý Důl,Slavný",50.536976,16.284718,NA,CZ
Sukorady,50.325985,15.582974,JC,CZ
"Sukorady,Kouty",50.320004,15.561599,JC,CZ
"Vysoké Mýto,Svařeň",49.922478,16.095451,UO,CZ
"Vysoké Mýto,Svařeň,Sítinka",49.9189,16.107695,UO,CZ
"Svatojanský Újezd,,náves",50.426373,15.541865,JC,CZ
"Svatojanský Újezd,,Okrouhle",50.431057,15.545708,JC,CZ
"Svatý Jiří,,hlavní silnice",49.97434,16.271313,UO,CZ
"Svatý Jiří,,Sitiny",49.96541,16.27429,UO,CZ
"Světí,,střed",50.25691,15.778018,HK,CZ
"Světí,,odb.",50.255787,15.7853365,HK,CZ
Svídnice,49.889492,15.813889,CR,CZ
"Svídnice,,horní",49.883762,15.810391,CR,CZ
"Svídnice,,Práčov",49.87566,15.811007,CR,CZ
"Svídnice,,ObÚ",50.086803,16.222586,RK,CZ
"Svídnice,,odb.Suchá Rybná",50.096516,16.240719,RK,CZ
Svinčany,49.975807,15.641589,PA,CZ
"Svinčany,Dolní Raškovice",49.959126,15.644523,PA,CZ
"Svinčany,Horní Raškovice",49.962734,15.639697,PA,CZ
"Svitavy,,aut.nádr.",49.7546,16.466516,SY,CZ
"Svitavy,,Lačnov host.",49.78651,16.479504,SY,CZ
"Svitavy,,Lačnov MŠ",49.77175,16.47382,SY,CZ
"Svitavy,,Lačnov náves",49.77919,16.47707,SY,CZ
"Opatovec,,Český Lačnov",49.793636,16.483786,SY,CZ
"Svitavy,,Lačnov škola",49.776012,16.47579,SY,CZ
"Svitavy,,Lačnov VKUS",49.768677,16.475012,SY,CZ
"Svitavy,,Lány MŠ",49.743614,16.479107,SY,CZ
"Svitavy,,Lány samoobsluha",49.751434,16.474562,SY,CZ
"Svitavy,,Lány škola",49.73549,16.480425,SY,CZ
"Svitavy,,Lány u kříže",49.739937,16.479794,SY,CZ
"Svitavy,,Národní dům",49.758026,16.461113,SY,CZ
"Svitavy,,Orlík",49.767666,16.44501,SY,CZ
"Svitavy,,Poličská",49.7568,16.45545,SY,CZ
"Svitavy,,rozvodna",49.759792,16.495247,SY,CZ
"Svitavy,,st.statek",49.755478,16.484108,SY,CZ
"Svitavy,,STS",49.759308,16.474796,SY,CZ
"Svitavy,,Vigona 02",49.76391,16.452621,SY,CZ
"Svitavy,,žel.st.",49.75847,16.479063,SY,CZ
"Svoboda n.Úpou,,aut.st.",50.62234,15.81959,TU,CZ
"Svoboda n.Úpou,,Maršov I",50.63408,15.812227,TU,CZ
"Svoboda n.Úpou,,Maršov II",50.64285,15.814173,TU,CZ
"Svoboda n.Úpou,,nám.",50.625935,15.814971,TU,CZ
Svojšice,49.965786,15.601184,PA,CZ
"Chrtníky,,Cihelna",49.97477,15.60576,PA,CZ
"Svratka,,aut.st.",49.711773,16.034973,ZR,CZ
"Svratka,,škola",49.709198,16.027569,ZR,CZ
"Svratka,,Mars",49.710697,16.040487,ZR,CZ
"Svratka,,Cikánka",49.70873,16.050402,ZR,CZ
"Svratouch,,dolní",49.72053,16.035416,CR,CZ
"Svratouch,,horní",49.731842,16.028496,CR,CZ
"Svratouch,,střed",49.72486,16.033453,CR,CZ
"Synkov-Slemeno,Slemeno,kaple",50.147026,16.230993,RK,CZ
"Synkov-Slemeno,Slemeno,mlýn",50.149834,16.241905,RK,CZ
"Synkov-Slemeno,Synkov,kříž",50.142147,16.205456,RK,CZ
"Synkov-Slemeno,Synkov,kovárna",50.145447,16.220392,RK,CZ
"Šaplava,,točna",50.315414,15.535887,HK,CZ
"Šárovcova Lhota,,truhlárna",50.40867,15.559348,JC,CZ
"Šárovcova Lhota,,křiž.",50.409863,15.551243,JC,CZ
"Lukavec u Hořic,Černín,Hamry",50.40589,15.5876045,JC,CZ
Šedivec,50.05104,16.536858,UO,CZ
"Šedivec,,odb.0.3",50.053696,16.536053,UO,CZ
Šestajovice,50.340576,16.008152,NA,CZ
"Šestajovice,Roztoky",50.336834,16.03828,NA,CZ
"Široký Důl,,kulturní dům",49.7456,16.2222,SY,CZ
"Široký Důl,Babka",49.73924,16.205608,SY,CZ
"Šonov,,konečná",50.570663,16.416897,NA,CZ
"Šonov,,kult.dům",50.57796,16.411839,NA,CZ
"Šonov,,ObÚ",50.590027,16.402815,NA,CZ
"Špindlerův Mlýn,,aut.st.",50.724224,15.603872,TU,CZ
"Špindlerův Mlýn,,Bártlova lávka",50.687965,15.578862,TU,CZ
"Špindlerův Mlýn,Labská",50.715115,15.583225,TU,CZ
"Špindlerův Mlýn,,Michlův Mlýn",50.69971,15.587853,TU,CZ
"Špindlerův Mlýn,,Volský Důl Kukačka",50.68122,15.588655,TU,CZ
"Štíty,,Na pilníku",49.96327,16.771257,SU,CZ
"Štíty,,nám.",49.962055,16.762964,SU,CZ
"Štíty,,záv.",49.967186,16.75683,SU,CZ
"Štíty,Březná,rest.",49.97403,16.775814,SU,CZ
"Štíty,Březná,statek",49.995415,16.759052,SU,CZ
"Štíty,Březná,škola",49.981266,16.769533,SU,CZ
Bukovice,50.54916,16.227592,NA,CZ
Bukovina n.L.,50.12431,15.822795,PA,CZ
Bukovina u Čisté,50.54429,15.572552,SM,CZ
"Bukovina u Čisté,,zbrojnice",50.542988,15.581839,SM,CZ
Bukovina u Přelouče,49.94836,15.565674,PA,CZ
Bukovka,50.100803,15.627597,PA,CZ
Bukvice,50.412323,15.29489,JC,CZ
"Tatenice,,točna",49.87464,16.695982,UO,CZ
"Tatenice,,odb.Zábřeh",49.862144,16.699543,UO,CZ
"Tatenice,,škola",49.86924,16.69776,UO,CZ
"Těchlovice,,náves",50.208233,15.711803,HK,CZ
"Těchonín,,hostinec",50.070927,16.612848,UO,CZ
"Těchonín,,kostel",50.064426,16.61792,UO,CZ
"Těchonín,Celné,kaple",50.080948,16.616581,UO,CZ
"Těchonín,Celné,odb.Studené",50.08001,16.61431,UO,CZ
"Těchonín,,Stanovník",50.06015,16.616556,UO,CZ
"Telecí,,Lukásova lípa",49.701336,16.175507,SY,CZ
"Telecí,,Lucký Vrch",49.709736,16.16045,SY,CZ
"Telecí,,Landráty",49.704952,16.170004,SY,CZ
"Teplice n.Met.,,Kamenec",50.595116,16.16439,NA,CZ
"Teplice n.Met.,Dolní Teplice,Rybárna",50.584156,16.173155,NA,CZ
"Teplice n.Met.,,nám.",50.592426,16.17123,NA,CZ
"Teplice n.Met.,,pošta",50.590366,16.170063,NA,CZ
"Teplice n.Met.,,skály",50.594757,16.149084,NA,CZ
"Teplice n.Met.,Dolní Teplice,žel.st.",50.582993,16.180351,NA,CZ
"Teplice n.Met.,Bohdašín",50.59268,16.196392,NA,CZ
"Teplice n.Met.,Bohdašín,žel.zast.",50.59702,16.210367,NA,CZ
"Teplice n.Met.,,Bučnice",50.604504,16.149,NA,CZ
"Teplice n.Met.,Javor,škola",50.56537,16.177166,NA,CZ
"Teplice n.Met.,Dědov,kovárna",50.555523,16.186537,NA,CZ
"Teplice n.Met.,Dědov,most",50.56251,16.18632,NA,CZ
"Teplice n.Met.,Javor,továrna",50.573257,16.172527,NA,CZ
"Teplice n.Met.,Zdoňov,kostel",50.63073,16.1389,NA,CZ
"Teplice n.Met.,Zdoňov,točna",50.639004,16.145628,NA,CZ
Butoves,50.386543,15.427118,JC,CZ
"Tetín,,knihovna",50.4255,15.633124,JC,CZ
"Tetín,,ZD",50.42397,15.640173,JC,CZ
"Tetín,Vidoň",50.422794,15.646626,JC,CZ
"Tetov,,hostinec",50.07978,15.44442,PA,CZ
"Tisová,,horní",49.935013,16.231762,UO,CZ
"Tisová,,Pekárka",49.94204,16.21676,UO,CZ
"Tisová,,škola",49.936,16.224037,UO,CZ
Tisovec,49.825104,15.915594,CR,CZ
"Tisovec,Dřeveš",49.83107,15.923334,CR,CZ
"Tisovec,Kvasín",49.842545,15.932526,CR,CZ
"Včelákov,Střítež,u sloupku",49.8192,15.916478,CR,CZ
"Tisovec,Vrbětice,Boučí",49.836678,15.923834,CR,CZ
"Bylany,,hlavní silnice",49.956554,15.733878,CR,CZ
"Bylany,,hostinec",49.95714,15.733297,CR,CZ
"Bylany,,odb.",49.959873,15.732089,CR,CZ
Bystré,50.321983,16.256226,RK,CZ
"Trhová Kamenice,,nám.",49.78673,15.816333,CR,CZ
"Trhová Kamenice,Kubatka",49.79772,15.781628,CR,CZ
"Trhová Kamenice,,odb.Kameničky",49.79405,15.790742,CR,CZ
"Trhová Kamenice,Rohozná",49.8061,15.813679,CR,CZ
Trnávka,50.031853,15.459105,PA,CZ
"Trnov,,náves",50.245117,16.165535,RK,CZ
"Trnov,Houdkovice",50.22738,16.169306,RK,CZ
"Trnov,Malá Záhornice",50.244114,16.1282,RK,CZ
"Trnov,Zádolí",50.242214,16.148903,RK,CZ
"Trnov,Záhornice",50.237225,16.129147,RK,CZ
"Bystřec,,Jednota",50.0114,16.604506,UO,CZ
"Bystřec,,kostel",50.010788,16.622147,UO,CZ
"Bystřec,,lom",50.004044,16.597898,UO,CZ
"Bystřec,,rozc. Bystříčko",50.006786,16.58928,UO,CZ
"Trojovice,,hřiště",49.933205,15.919967,CR,CZ
"Trojovice,,ObÚ",49.935257,15.918965,CR,CZ
"Troskovice,Jivina",50.51226,15.22042,SM,CZ
"Troskovice,Křenovy",50.50764,15.22679,SM,CZ
"Troskovice,Tachov,Trosky",50.515923,15.223636,SM,CZ
"Bystřec,,u mlékárny",50.011345,16.615665,UO,CZ
"Trotina,,ObÚ",50.410114,15.717814,TU,CZ
Trpík,49.85171,16.570108,UO,CZ
"Damníkov,,odb.Anenská Studánka",49.8641,16.563131,UO,CZ
"Trstěnice,,dolní",49.803967,16.343029,SY,CZ
"Trstěnice,,has.zbroj.",49.798317,16.343468,SY,CZ
"Trstěnice,,u Prostřední",49.794605,16.348715,SY,CZ
"Trstěnice,,škola",49.792194,16.339733,SY,CZ
"Trstěnice,,u Sajdlových",49.790318,16.342968,SY,CZ
"Trstěnice,,u Zachrových",49.786743,16.343975,SY,CZ
Trusnov,50.000053,16.044243,PA,CZ
"Trusnov,Opočno,odb.",49.988266,16.043442,PA,CZ
"Trutnov,,aut.st.",50.56467,15.90832,TU,CZ
"Trutnov,,Bojiště",50.547768,15.9103985,TU,CZ
"Trutnov,,kino",50.56175,15.917365,TU,CZ
"Trutnov,,Lidl",50.565327,15.923495,TU,CZ
"Trutnov,Dol.Staré Město,zahradnictví",50.57555,15.8960285,TU,CZ
"Trutnov,,ZŠ Komenského",50.559544,15.900336,TU,CZ
"Trutnov,Hor.Staré Město,Kolonky",50.59351,15.879121,TU,CZ
"Trutnov,Hor.Staré Město,Rýchorská",50.595886,15.87801,TU,CZ
"Trutnov,Hor.Staré Město,hřiště",50.586956,15.885518,TU,CZ
"Trutnov,Hor.Staré Město,kostel",50.58932,15.88348,TU,CZ
"Trutnov,Hor.Staré Město,Zelená Louka",50.581783,15.890966,TU,CZ
"Trutnov,,Šestidomí",50.567596,15.902354,TU,CZ
"Trutnov,,Na Struze",50.559357,15.910943,TU,CZ
"Trutnov,,Náchodská",50.56686,15.92854,TU,CZ
"Trutnov,,Polská",50.56343,15.919179,TU,CZ
"Trutnov,Babí,dolní",50.611988,15.887284,TU,CZ
"Trutnov,Babí,horní",50.623974,15.90662,TU,CZ
"Trutnov,Babí,pevnost",50.631744,15.905278,TU,CZ
"Trutnov,Babí,has.zbroj.",50.615738,15.897309,TU,CZ
"Trutnov,Bohuslavice",50.550278,15.974898,TU,CZ
"Trutnov,Adamov",50.541283,15.979165,TU,CZ
"Trutnov,Hor.Staré Město,STK",50.598434,15.872338,TU,CZ
"Trutnov,,žel.st.Kalná Voda",50.59991,15.871865,TU,CZ
"Trutnov,Libeč,hřiště",50.596146,15.943511,TU,CZ
"Trutnov,Poříčí,Petříkovická",50.57976,15.965218,TU,CZ
"Trutnov,Libeč,dolní",50.58966,15.94562,TU,CZ
"Trutnov,Nový Rokytník",50.52649,15.918235,TU,CZ
"Trutnov,Poříčí,Kladská",50.557877,15.96786,TU,CZ
"Trutnov,Poříčí,viadukty",50.577423,15.962431,TU,CZ
"Trutnov,Poříčí,nám.",50.573277,15.949238,TU,CZ
"Trutnov,Poříčí,Porfix",50.565636,15.966078,TU,CZ
"Trutnov,Poříčí,elektrárna",50.575104,15.959031,TU,CZ
"Trutnov,Poříčí,Ekvita",50.569427,15.937085,TU,CZ
"Trutnov,Poříčí,Ječná",50.57128,15.942251,TU,CZ
"Trutnov,Starý Rokytník,Hůrka",50.541576,15.936967,TU,CZ
"Trutnov,Starý Rokytník,Rubínovice",50.5281,15.961877,TU,CZ
"Trutnov,Starý Rokytník,školka",50.534435,15.948468,TU,CZ
"Trutnov,Střítež",50.511295,15.910867,TU,CZ
"Trutnov,Střítež,rozc.",50.52019,15.916152,TU,CZ
"Trutnov,Studenec",50.503742,15.94255,TU,CZ
"Trutnov,Volanov,dolní",50.55919,15.879314,TU,CZ
"Trutnov,Volanov,točna",50.558086,15.871816,TU,CZ
"Trutnov,Voletiny,odb.Debrné",50.584625,15.946621,TU,CZ
"Tržek,,host.",49.886536,16.258987,SY,CZ
"Tržek,,rozc.",49.890182,16.261656,SY,CZ
"Třebařov,,horní",49.81908,16.696733,SY,CZ
"Třebařov,,dolní prodejna",49.842987,16.6974,SY,CZ
"Třebařov,,ObÚ",49.823906,16.70306,SY,CZ
"Třebařov,,klášter",49.847782,16.697247,SY,CZ
"Třebařov,,odb.Koruna",49.8462,16.698257,SY,CZ
"Třebařov,,škola",49.83232,16.702097,SY,CZ
"Třebechovice p.Oreb.,,Masarykovo nám.",50.200912,15.993119,HK,CZ
"Třebechovice p.Oreb.,,Heldovo nám.",50.20134,15.98575,HK,CZ
"Třebechovice p.Oreb.,,Trčkova",50.200497,16.004646,HK,CZ
"Třebechovice p.Oreb.,,Bor",50.196384,16.000624,HK,CZ
"Třebechovice p.Oreb.,Krňovice",50.19164,15.979061,HK,CZ
"Běleč n.Orl.,,Borek",50.19545,15.963757,HK,CZ
"Třebechovice p.Oreb.,Nepasice,restaurace",50.208412,15.955913,HK,CZ
"Třebechovice p.Oreb.,Polánky,Mitrov",50.210133,16.025087,HK,CZ
"Třebešov,,prodejna",50.168266,16.20422,RK,CZ
"Třebešov,,odb.Libel",50.166527,16.193523,RK,CZ
"Třebihošť,,točna",50.4383,15.697268,TU,CZ
"Třebihošť,,koupaliště",50.43193,15.714149,TU,CZ
"Třebihošť,,has.zbroj.",50.4348,15.707388,TU,CZ
"Třebihošť,Dolní Dehtov",50.423405,15.726452,TU,CZ
"Třebihošť,Horní Dehtov",50.424534,15.734447,TU,CZ
"Třebihošť,Horní Dehtov,Zátluky",50.42576,15.755292,TU,CZ
"Třebnouševes,,náves",50.33968,15.651883,JC,CZ
"Třebnouševes,,prodejna",50.340427,15.6495695,JC,CZ
"Třebnouševes,Ostrov,odb.",50.33703,15.639324,JC,CZ
"Třebnouševes,Vinice,náves",50.33998,15.640799,JC,CZ
"Třebnouševes,Vinice,odb.",50.34224,15.630833,JC,CZ
Třebosice,49.99713,15.734846,PA,CZ
"Třebovice,,hostinec č.p.14",49.861942,16.501019,UO,CZ
"Třebovice,,pila",49.86071,16.51638,UO,CZ
"Třebovice,,rozc.žel.st.",49.858486,16.502909,UO,CZ
"Třebovice,,paletárna",49.866577,16.496273,UO,CZ
"Třebovice,,podkova",49.87109,16.49369,UO,CZ
"Třemošnice,,aut.st.",49.871143,15.577687,CR,CZ
"Třemošnice,Kubíkovy Duby,Skalka",49.850727,15.585224,CR,CZ
"Třemošnice,Podhradí,Dívčí kámen",49.88144,15.587906,CR,CZ
"Třemošnice,Podhradí,odb.",49.876896,15.595644,CR,CZ
"Třemošnice,Podhradí,Žižkův dub",49.877502,15.589231,CR,CZ
"Třemošnice,Skoranov",49.879795,15.620951,CR,CZ
"Prachovice,,hájovna",49.886543,15.617304,CR,CZ
"Třemošnice,Starý Dvůr",49.87568,15.606553,CR,CZ
"Třemošnice,Závratec",49.87858,15.5672035,CR,CZ
"Třemošnice,,čerpací stanice",49.87599,15.575107,CR,CZ
"Třesovice,,prodejna",50.264515,15.690225,HK,CZ
"Třesovice,,odb.Mokrovousy",50.266632,15.681892,HK,CZ
Třibřichy,49.970413,15.738478,CR,CZ
"Třibřichy,,host.",49.965786,15.73696,CR,CZ
Třtěnice,50.37785,15.469413,JC,CZ
"Bystřice,,hřiště",50.39459,15.244,JC,CZ
Tuněchody,49.978985,15.83995,CR,CZ
"Bystřice,,transformátor",50.393646,15.243554,JC,CZ
"Tuněchody,,cihelna",49.979786,15.85361,CR,CZ
"Turkovice,,ObÚ",49.95167,15.547208,PA,CZ
"Turkovice,,odb.Sovolusky",49.95529,15.546602,PA,CZ
"Turkovice,Bumbalka",49.94866,15.541959,PA,CZ
Tuř,50.39509,15.416706,JC,CZ
"Jičín,Popovice,Popovičky",50.405144,15.396467,JC,CZ
"Tutleky,,hostinec",50.13396,16.244095,RK,CZ
"Tutleky,,u kříže",50.134193,16.237547,RK,CZ
"Tutleky,Dubí,odb.",50.132603,16.259018,RK,CZ
"Týnec n.L.,,prům.areál",50.05099,15.363128,KO,CZ
"Týnec n.L.,,nám.",50.042072,15.358231,KO,CZ
"Týnec n.L.,,u mostu",50.03945,15.357572,KO,CZ
"Týniště n.Orl.,,Elitex",50.159054,16.064537,RK,CZ
"Týniště n.Orl.,,Na Růžku",50.15277,16.071268,RK,CZ
"Týniště n.Orl.,,nám.",50.147495,16.073933,RK,CZ
"Týniště n.Orl.,,Posádková správa",50.176834,16.089327,RK,CZ
"Týniště n.Orl.,,U Dubu",50.155922,16.085054,RK,CZ
"Týniště n.Orl.,,vodárenská věž",50.152004,16.076605,RK,CZ
"Týniště n.Orl.,,žel.st.",50.154713,16.073515,RK,CZ
"Týniště n.Orl.,Křivice,hostinec",50.179367,16.11217,RK,CZ
"Týniště n.Orl.,Křivice,hřiště",50.175575,16.104427,RK,CZ
"Týniště n.Orl.,Petrovice,hlavní silnice",50.172977,16.035543,RK,CZ
"Týniště n.Orl.,Rašovice,Prefa",50.136,16.129461,RK,CZ
"Týniště n.Orl.,Rašovice,rozc.",50.152637,16.129694,RK,CZ
"Týniště n.Orl.,Rašovice,škola",50.14598,16.130215,RK,CZ
"Týnišťko,,hlavní silnice",50.002747,16.099955,UO,CZ
"Úbislavice,,ObÚ",50.478134,15.465237,JC,CZ
"Úbislavice,,kovárna",50.47024,15.4714,JC,CZ
"Úbislavice,Stav,has.zbroj.",50.46471,15.47405,JC,CZ
"Úbislavice,Stav,u Knapů",50.45808,15.469694,JC,CZ
"Úbislavice,Zboží,pomník",50.4848,15.454364,JC,CZ
"Úbislavice,Zboží,Chaloupky",50.489178,15.456241,JC,CZ
"Údrnice,,náves",50.37442,15.260979,JC,CZ
"Údrnice,Bílsko",50.34814,15.26624,JC,CZ
"Údrnice,Únětice",50.360184,15.265355,JC,CZ
Úherčice,49.919903,15.677875,CR,CZ
Uhersko,49.99273,16.01826,PA,CZ
"Uhersko,,žel.st.",49.98701,16.015305,CR,CZ
"Miletín,,odb.Brodek",50.419197,15.686104,JC,CZ
"Miletín,,odb.Úhlejov",50.409595,15.675212,JC,CZ
"Úhlejov,Chroustov",50.428974,15.674227,JC,CZ
Úhřetice,49.978672,15.866825,CR,CZ
Úhřetická Lhota,49.989304,15.873184,PA,CZ
"Újezd p.Tr.,,hlavní silnice",50.508827,15.26383,JC,CZ
"Újezd p.Tr.,,ObÚ",50.506668,15.262512,JC,CZ
"Újezd p.Tr.,Čímyšl",50.503307,15.284696,JC,CZ
"Újezd p.Tr.,Hrdoňovice",50.493954,15.257281,JC,CZ
"Újezd p.Tr.,Hrdoňovice,pískovna",50.496918,15.2547245,JC,CZ
"Újezd u Chocně,,has.zbroj.",50.027798,16.16832,UO,CZ
"Újezd u Chocně,,kostel",50.027084,16.161604,UO,CZ
"Běstovice,,Darebnice",50.01802,16.19228,UO,CZ
"Újezd u Chocně,Chloumek",50.020924,16.18691,UO,CZ
"Újezd u Chocně,Prochody,rybník",50.03237,16.154066,UO,CZ
Újezd u Přelouče,50.101913,15.495349,PA,CZ
Újezd u Sezemic,50.114315,15.85558,PA,CZ
"Újezdec,,U tří kocourů",49.865387,16.201447,SY,CZ
"Úlibice,,Pyrám",50.437748,15.432104,JC,CZ
"Úlibice,,hostinec",50.433617,15.438505,JC,CZ
"Úpice,,Pod Městem",50.509228,16.0189,TU,CZ
"Úpice,,most F.L.Riegra",50.514297,16.013626,TU,CZ
"Úpice,,most II.odboje",50.51042,16.021524,TU,CZ
"Úpice,,Podrač",50.509228,16.004719,TU,CZ
"Úpice,,v rokli",50.502502,16.022213,TU,CZ
"Úpice,Radeč,horní",50.505222,15.971296,TU,CZ
"Úpice,Radeč,kemp",50.506535,15.995273,TU,CZ
"Úpice,Radeč,odb.Hajnice",50.507404,15.988054,TU,CZ
"Úpice,Radeč,střed",50.507767,15.980198,TU,CZ
"Úpice,,Sychrov",50.506657,16.026022,TU,CZ
"Úpice,,Veselka",50.51364,16.007929,TU,CZ
Urbanice,49.97351,15.567642,PA,CZ
"Urbanice,,odb.",49.976215,15.56387,PA,CZ
"Ústí n.Orl.,,Andrlův Chlum",49.96468,16.38235,UO,CZ
"Ústí n.Orl.,,aut.nádr.",49.9759,16.39504,UO,CZ
"Ústí n.Orl.,,Rieter",49.969242,16.396763,UO,CZ
"Ústí n.Orl.,Hylváty,sídliště",49.958454,16.405697,UO,CZ
"Ústí n.Orl.,Kerhartice,pošta",49.969994,16.369562,UO,CZ
"Ústí n.Orl.,Kerhartice,Pod lesem",49.968452,16.374771,UO,CZ
"Ústí n.Orl.,Kerhartice,střed",49.970814,16.366701,UO,CZ
"Ústí n.Orl.,Kerhartice,Pražská",49.97158,16.359472,UO,CZ
"Ústí n.Orl.,Oldřichovice,Na Tiché Orlici",49.986168,16.417091,UO,CZ
"Ústí n.Orl.,,nemocnice",49.970737,16.401192,UO,CZ
"Ústí n.Orl.,Hylváty,Perla",49.962593,16.400896,UO,CZ
"Ústí n.Orl.,,Letohradská",49.975895,16.401342,UO,CZ
"Ústí n.Orl.,Hylváty,Dukla",49.966915,16.409704,UO,CZ
"Ústí n.Orl.,,STK",49.979183,16.405422,UO,CZ
"Ústí n.Orl.,,Tvardkova",49.974773,16.400984,UO,CZ
"Ústí n.Orl.,,U Václava",49.97261,16.390015,UO,CZ
"Ústí n.Orl.,Hylváty,U Tří mostů",49.954338,16.412216,UO,CZ
"Ústí n.Orl.,,žel.st.",49.970737,16.37911,UO,CZ
"Ústí n.Orl.,,žel.zast.město",49.969307,16.395422,UO,CZ
"Ústí n.Orl.,Černovír,točna",49.98378,16.434568,UO,CZ
"Ústí n.Orl.,Černovír,žel.zast.",49.987263,16.427074,UO,CZ
"Ústí n.Orl.,Černovír,Václavov",49.987194,16.437727,UO,CZ
Útěchov,49.73074,16.643135,SY,CZ
"Býšť,,hostinec",50.131645,15.910485,PA,CZ
"Býšť,,střed",50.126385,15.908505,PA,CZ
"Býšť,,škola",50.132317,15.912048,PA,CZ
"Býšť,Bělečko",50.153465,15.952041,PA,CZ
"Býšť,Hoděšovice",50.145374,15.920288,PA,CZ
"Býšť,Hoděšovice,hájovna",50.143524,15.926652,PA,CZ
"Býšť,Koliba,vysílač",50.142548,15.895015,PA,CZ
"Býšť,Hrachoviště",50.123917,15.883188,PA,CZ
"Býšť,,Svoboda",50.120804,15.908283,PA,CZ
"Adršpach,Dolní Adršpach,zámek",50.618652,16.10848,NA,CZ
"Val,,střed",50.310436,16.182144,RK,CZ
"Val,,horní",50.30909,16.187061,RK,CZ
"Val,Provoz",50.299515,16.193039,RK,CZ
Valdice,50.45519,15.384843,JC,CZ
"Valy,,Pardubická",50.029865,15.617761,PA,CZ
"Valy,,Veselská",50.02726,15.616361,PA,CZ
"Vamberk,,nám.",50.117947,16.28991,RK,CZ
"Vamberk,,sídliště",50.115227,16.29835,RK,CZ
"Vamberk,,Sebranice",50.119797,16.309298,RK,CZ
"Vamberk,,most",50.11806,16.284344,RK,CZ
"Vamberk,Merklovice,prostřední",50.109165,16.311441,RK,CZ
"Vamberk,Merklovice,dolní",50.10915,16.304787,RK,CZ
"Vamberk,Peklo,horní",50.131184,16.311127,RK,CZ
"Vamberk,Peklo,Libštejn",50.12427,16.322453,RK,CZ
"Vamberk,Peklo,škola",50.12632,16.31034,RK,CZ
"Vamberk,Peklo,žel.zast.",50.122322,16.3065,RK,CZ
Vápenný Podol,49.887077,15.6672735,CR,CZ
"Vápenný Podol,Nerozhovice",49.900555,15.664672,CR,CZ
Vápno,50.104336,15.532976,PA,CZ
Byzhradec,50.213467,16.190687,RK,CZ
Včelákov,49.818333,15.887158,CR,CZ
"Včelákov,,odb.",49.817028,15.8811865,CR,CZ
"Včelákov,Dolní Babákov",49.809586,15.89796,CR,CZ
"Holetín,Dolní Holetín",49.81313,15.919954,CR,CZ
"Včelákov,Střítež",49.817608,15.908473,CR,CZ
"Včelákov,Vyhnánov",49.818306,15.898785,CR,CZ
"Trnov,Houdkovice,odb.Slavěnka",50.22245,16.176039,RK,CZ
Vejvanovice,49.970764,15.880993,CR,CZ
"Velichovky,,točna",50.355553,15.842204,NA,CZ
"Velichovky,,lázně",50.356632,15.847947,NA,CZ
"Velichovky,Hustířany,autoservis",50.351154,15.814609,NA,CZ
"Veliny,,dolní zastávka",50.07057,16.063974,PA,CZ
"Veliny,,obecní úřad",50.071,16.053905,PA,CZ
"Veliny,,horní zastávka",50.073395,16.044147,PA,CZ
"Veliš,,ObÚ",50.408424,15.316257,JC,CZ
"Veliš,,odb.Vesec",50.403385,15.327515,JC,CZ
"Velká Jesenice,,Čeperka",50.356384,16.044292,NA,CZ
"Velká Jesenice,,škola",50.36059,16.037674,NA,CZ
"Velká Jesenice,,u Voglů",50.36472,16.033966,NA,CZ
"Velká Jesenice,,žel.zast.",50.375446,16.029484,NA,CZ
"Velká Jesenice,Volovka,Nový Dvůr",50.355427,16.019114,NA,CZ
"Velká Jesenice,Volovka",50.354065,16.007483,NA,CZ
"Velká Skrovnice,,u kaple",50.03148,16.317516,UO,CZ
"Velká Skrovnice,,u křížku",50.02806,16.323118,UO,CZ
"Velká Skrovnice,,Malá Skrovnice",50.03818,16.310726,UO,CZ
"Velké Petrovice,,hlavní silnice",50.521435,16.214857,NA,CZ
"Velké Poříčí,,ATAS",50.449554,16.200249,NA,CZ
"Velké Poříčí,,hornické domy",50.467133,16.181705,NA,CZ
"Velké Poříčí,,nám.",50.461952,16.18884,NA,CZ
"Velké Poříčí,,Krausova",50.463367,16.184319,NA,CZ
"Velké Poříčí,,U Hanušů",50.454674,16.193474,NA,CZ
"Velké Poříčí,,Železňák",50.457893,16.18625,NA,CZ
"Velké Svatoňovice,,pod kopečkem",50.537952,16.025074,TU,CZ
"Velké Svatoňovice,,škola",50.531303,16.028694,TU,CZ
"Velké Svatoňovice,,pomník",50.52821,16.032055,TU,CZ
"Velké Svatoňovice,,žel.zast.",50.541195,16.021473,TU,CZ
"Velké Svatoňovice,Markoušovice",50.55456,16.00925,TU,CZ
"Velké Svatoňovice,,Starý Sedloňov",50.548706,16.006529,TU,CZ
"Velké Svatoňovice,,Sedmidomí",50.543842,15.99259,TU,CZ
"Velké Svatoňovice,,U Buku",50.54741,16.020844,TU,CZ
"Velké Svatoňovice,,Valy",50.524235,16.038692,TU,CZ
"Adršpach,Dolní Adršpach,odb.Zdoňov",50.616474,16.132797,NA,CZ
"Velký Třebešov,,hostinec",50.392723,16.006657,NA,CZ
"Velký Vřešťov,,nám.",50.35826,15.751317,TU,CZ
"Velký Vřešťov,,pila",50.34601,15.7525015,TU,CZ
"Vendolí,,dolní",49.734497,16.42972,SY,CZ
"Vendolí,,kříž u bytovky",49.73935,16.425053,SY,CZ
"Vendolí,,pod žel.zast.",49.73469,16.398397,SY,CZ
"Vendolí,,škola",49.739616,16.412788,SY,CZ
"Vendolí,,točna",49.730938,16.436487,SY,CZ
"Vendolí,,ZD",49.739956,16.423996,SY,CZ
"Verměřovice,,kostel",50.005386,16.562624,UO,CZ
"Verměřovice,,žel.zast.",50.011204,16.558262,UO,CZ
"Vernéřovice,,bytovka",50.61693,16.232893,NA,CZ
"Vernéřovice,,odb.Březová",50.60769,16.220486,NA,CZ
"Vernéřovice,,škola",50.614887,16.221455,NA,CZ
Veselí,50.012466,15.618455,PA,CZ
"Veselí,,pomník",50.01089,15.61914,PA,CZ
"Benátky n.Bystř.,,Čepro",50.32054,15.733686,HK,CZ
"Cerekvice n.Bystř.,,Hrádek",50.329945,15.726489,JC,CZ
"Cerekvice n.Bystř.,,náves",50.333744,15.723679,JC,CZ
"Cerekvice n.Bystř.,,škola",50.33491,15.722549,JC,CZ
"Vestec,,Na Čekárně",50.415314,16.021633,NA,CZ
"Vestec,,odb.",50.42283,16.029886,NA,CZ
"Vestec,Větrník",50.41922,16.010246,NA,CZ
"Cerekvice n.Bystř.,Čenice",50.342606,15.738152,TU,CZ
"Cerekvice n.Bystř.,Třebovětice",50.332844,15.712695,JC,CZ
"Cerekvice n.Loučnou,,hostinec",49.899178,16.21606,SY,CZ
"Cerekvice n.Loučnou,,hlavní silnice",49.90186,16.220009,SY,CZ
"Cerekvice n.Loučnou,,škola vchod",49.902,16.207497,SY,CZ
"Vidlatá Seč,,náves",49.835587,16.203535,SY,CZ
"Vidlatá Seč,,ZD",49.83999,16.212326,SY,CZ
"Vidochov,,hlavní silnice",50.515114,15.557558,JC,CZ
"Vidochov,,ObÚ",50.51257,15.56588,JC,CZ
"Vidochov,,u rybníčka",50.51048,15.57405,JC,CZ
"Vidochov,Stupná,Supí vrch",50.504436,15.581948,JC,CZ
"Vidochov,Stupná,u mlejna",50.50107,15.585106,JC,CZ
"Vidochov,Stupná,točna",50.49355,15.582717,JC,CZ
"Vilantice,,horní křiž.",50.36903,15.774165,TU,CZ
"Vilantice,,u Jarošových",50.3681,15.777307,TU,CZ
"Vilantice,,most",50.364918,15.79041,TU,CZ
"Vinary,,zvonička",49.959503,16.060095,UO,CZ
"Vinary,,has.zbroj.",50.288967,15.430394,HK,CZ
"Vinary,Janovice",50.27383,15.424625,HK,CZ
"Vinary,Kozojídky",50.291946,15.408045,HK,CZ
"Vinary,Smidarská Lhota",50.286304,15.4568,HK,CZ
Vinaře,49.90821,15.50099,KH,CZ
"Vinaře,Vinice",49.919582,15.49034,KH,CZ
Vítanov,49.749687,15.883603,CR,CZ
"Vítanov,Stan",49.752434,15.873125,CR,CZ
"Vítězná,Huntířov,Bukovina",50.46556,15.814651,TU,CZ
"Vítězná,Huntířov,truhlárna",50.47037,15.808851,TU,CZ
"Vítězná,Kocléřov,U Studánky",50.49119,15.785524,TU,CZ
"Vítězná,Huntířov,bytovky",50.479866,15.805086,TU,CZ
"Vítězná,Kocléřov,kašna",50.488262,15.80055,TU,CZ
"Vítězná,Huntířov,has.zbroj",50.474148,15.806215,TU,CZ
"Vítězná,Komárov",50.46107,15.823997,TU,CZ
"Vítězná,Kocléřov,škola",50.48628,15.804475,TU,CZ
"Vítězná,Hájemství",50.489716,15.771621,TU,CZ
"Vitiněves,,ObÚ",50.394855,15.379296,JC,CZ
"Vitiněves,,Hradčany",50.401333,15.383368,JC,CZ
Vlčí Habřina,50.086357,15.595329,PA,CZ
"Vlčí Habřina,,host.",50.085155,15.592062,PA,CZ
"Vlčice,,točna",50.56552,15.819276,TU,CZ
"Vlčice,,hostinec",50.560673,15.822769,TU,CZ
"Vlčice,,žel.zast.",50.547115,15.834413,TU,CZ
Vlčkov,49.90683,16.349297,SY,CZ
"Sloupnice,,odb.Vlčkov",49.910492,16.336025,SY,CZ
"Vlčkovice v Podkr.,Dolní Vlčkovice",50.415936,15.902935,TU,CZ
"Vlčkovice v Podkr.,Horní Vlčkovice",50.41052,15.927382,TU,CZ
"Vlčkovice v Podkr.,,pošta",50.411034,15.918314,TU,CZ
Vlkov,50.313885,15.899539,NA,CZ
"Voděrady,,zastávka",50.205605,16.153656,RK,CZ
"Voděrady,,náves",50.209023,16.149754,RK,CZ
"Voděrady,Ježkovice",50.19107,16.139532,RK,CZ
"Voděrady,Nová Ves",50.206596,16.121616,RK,CZ
"Voděrady,Uhřínovice",50.192715,16.160097,RK,CZ
"Voděrady,Vojenice",50.21717,16.135515,RK,CZ
"Voděrady,Vyhnanice",50.199345,16.11468,RK,CZ
"Voděrady,,hřiště",49.95176,16.281303,UO,CZ
"Voděrady,,has.zbroj.",49.948563,16.288301,UO,CZ
"Adršpach,Horní Adršpach,žel.zast.",50.624233,16.083868,NA,CZ
Vojtěchov,49.787174,15.976032,CR,CZ
"Vojtěchov,,prodejna",49.789696,15.971492,CR,CZ
Volanice,50.33433,15.399647,JC,CZ
"Voleč,,ObÚ",50.11754,15.572428,PA,CZ
"Voleč,,Třídeň",50.11506,15.581432,PA,CZ
Vortová,49.712845,15.936184,CR,CZ
"Vortová,,točna",49.71443,15.936229,CR,CZ
"Vortová,Staré Hutě",49.704643,15.941767,CR,CZ
"Vortová,Lhoty,odb.Lány",49.724953,15.935899,CR,CZ
"Vraclav,,náves",49.967594,16.090523,UO,CZ
"Vraclav,Sedlec",49.947876,16.093704,UO,CZ
"Vraclav,Sedlec,odb. V Limpuších",49.939114,16.10854,UO,CZ
Vračovice-Orlov,49.95203,16.252722,UO,CZ
"Vranová Lhota,,ObÚ",49.710445,16.82597,SY,CZ
"Vranová Lhota,Hraničky",49.71999,16.79734,SY,CZ
"Vranová Lhota,Vranová",49.717518,16.825527,SY,CZ
Vrbatův Kostelec,49.856236,15.940877,CR,CZ
"Vrbatův Kostelec,Louka",49.8467,15.922728,CR,CZ
Vrbice,50.369198,15.428375,JC,CZ
"Vrbice,Stříbrnice",50.35602,15.453102,JC,CZ
"Vrbice,,ObÚ",50.089527,16.250952,RK,CZ
"Vrbice,Chlínky",50.083057,16.244612,RK,CZ
"Vrdy,,kult.dům",49.922047,15.471687,KH,CZ
"Vrdy,Dolní Bučice,Zbyslavská",49.928394,15.466155,KH,CZ
"Vrdy,Dolní Bučice",49.925262,15.46437,KH,CZ
"Vrdy,Horní Bučice",49.92236,15.44494,KH,CZ
"Vrdy,Horní Bučice,rozc.",49.92979,15.453394,KH,CZ
"Vrdy,,Koudelov rozc.",49.917507,15.424255,KH,CZ
"Vrdy,Zbyslav",49.943882,15.471508,KH,CZ
"Vrdy,Zbyslav,u mlýna",49.9419,15.467243,KH,CZ
"Vrchlabí,,aut.st.",50.620754,15.619334,TU,CZ
"Vrchlabí,,Berlín",50.61171,15.604471,TU,CZ
"Strážné,,Hořejší Vrchlabí",50.662136,15.606137,TU,CZ
"Vrchlabí,,Kamenná cesta",50.657787,15.609161,TU,CZ
"Vrchlabí,,Liščí kopec",50.612747,15.612885,TU,CZ
"Vrchlabí,,nám.T.G.Masaryka",50.6283,15.609838,TU,CZ
"Vrchlabí,,pivovar",50.618786,15.609955,TU,CZ
"Vrchlabí,,Valteřická",50.62073,15.598405,TU,CZ
"Vrchlabí,,Herlíkovice",50.66281,15.595668,TU,CZ
"Vrchlabí,,odb.Kněžice",50.64199,15.580601,TU,CZ
"Cotkytle,,ObÚ",49.93648,16.723883,UO,CZ
"Vršce,,ObÚ",50.32674,15.322955,JC,CZ
"Cotkytle,,Lázek",49.928383,16.712631,UO,CZ
"Vršce,,farma",50.332035,15.326178,JC,CZ
Vršovka,50.32289,16.119743,NA,CZ
"Cotkytle,,odb.Janoušov",49.93242,16.72117,UO,CZ
Vřesník,50.437336,15.627542,JC,CZ
"Cotkytle,Mezilesí,odb.",49.936478,16.674355,UO,CZ
"Cotkytle,Herbortice,točna",49.93098,16.694653,UO,CZ
"Cotkytle,Herbortice,kaple",49.935673,16.70411,UO,CZ
"Cotkytle,Herbortice,rozc.",49.937733,16.713028,UO,CZ
"Cotkytle,Janoušov",49.917187,16.734636,UO,CZ
"Cotkytle,,Stráně",49.92866,16.72559,UO,CZ
Všeradov,49.747147,15.834848,CR,CZ
"Všeradov,,Králova pila",49.751842,15.858307,CR,CZ
"Všeradov,,Milesimov",49.74924,15.844892,CR,CZ
Ctětín,49.829784,15.839666,CR,CZ
"Ctětín,Bratroňov",49.840363,15.8345,CR,CZ
"Všestary,,zdravotní středisko",50.257236,15.758728,HK,CZ
"Všestary,,žel.st.",50.252922,15.7625065,HK,CZ
"Všestary,Bříza,náves",50.24127,15.765301,HK,CZ
"Všestary,Rosnice",50.247505,15.753926,HK,CZ
"Všestary,,odb.Rosnice",50.253536,15.7562065,HK,CZ
"Ctětín,Ctětínek",49.825607,15.838843,CR,CZ
"Ctětín,Vranov",49.81975,15.840028,CR,CZ
"Výprachtice,,hoblovna",49.996128,16.671343,UO,CZ
"Výprachtice,,Pod Převáží",50.002083,16.679575,UO,CZ
"Výprachtice,,kovárna",49.98083,16.661592,UO,CZ
"Výprachtice,,škola",49.987957,16.664352,UO,CZ
"Výprachtice,,Halda",49.973953,16.650383,UO,CZ
"Výprachtice,Halda,háj.",49.96833,16.637735,UO,CZ
"Výprachtice,Koburk",49.972797,16.66807,UO,CZ
"Výrava,,křiž.",50.274136,15.9720125,HK,CZ
"Výrava,,ObÚ",50.27025,15.978591,HK,CZ
"Vysočina,Dřevíkov,Veselý Kopec",49.764664,15.828955,CR,CZ
"Vysočina,Dřevíkov,křiž.",49.761353,15.815403,CR,CZ
"Vysočina,Možděnice",49.764812,15.795115,CR,CZ
"Vysočina,Petrkov 1.díl,odb.",49.773895,15.846373,CR,CZ
"Vysočina,Rváčov",49.769745,15.857422,CR,CZ
"Vysočina,Svobodné Hamry",49.774796,15.833584,CR,CZ
"Vysočina,Svobodné Hamry,Hrobky",49.771015,15.831675,CR,CZ
"Vysočina,Svobodné Hamry,odb.",49.779034,15.833691,CR,CZ
"Vysoká n.L.,,hostinec",50.155365,15.817889,HK,CZ
"Vysoká Srbská,,odb.",50.494083,16.227894,NA,CZ
"Vysoká Srbská,,ObÚ",50.487766,16.22769,NA,CZ
"Vysoká Srbská,,hřbitov",50.48534,16.220507,NA,CZ
"Vysoká Srbská,Zlíčko,has.zbroj.",50.483658,16.221127,NA,CZ
"Hronov,,U Rozmichů",50.477375,16.22346,NA,CZ
"Vysoké Chvojno,,Pod Kopcem",50.104855,15.970685,PA,CZ
"Vysoké Chvojno,,Soběslavova",50.10923,15.9719515,PA,CZ
"Vysoké Chvojno,,V Chalupách",50.10098,15.967669,PA,CZ
"Vysoké Mýto,,aut.nádr.",49.95301,16.155975,UO,CZ
"Vysoké Mýto,,Na Vinicích",49.963108,16.181545,UO,CZ
"Vysoké Mýto,,nám.Jablonského",49.95251,16.168343,UO,CZ
"Vysoké Mýto,,u penzionu",49.94846,16.159721,UO,CZ
"Vysoké Mýto,,u žel.přejezdu",49.945744,16.15667,UO,CZ
"Vysoké Mýto,,Karosa",49.95574,16.16145,UO,CZ
"Vysoké Mýto,,ČSAD",49.943165,16.164968,UO,CZ
"Vysoké Mýto,,žel.st.",49.95465,16.148153,UO,CZ
"Vysoké Mýto,Lipová",49.960583,16.165865,UO,CZ
"Vysoké Mýto,Vanice",49.936954,16.126844,UO,CZ
"Vysoké Mýto,Vinice",49.95484,16.19395,UO,CZ
"Vysoké Mýto,Voštice",49.92396,16.185844,UO,CZ
"Vysoké Mýto,Voštice,křiž.",49.93022,16.17683,UO,CZ
"Vysoké Mýto,Vrcha",49.949482,16.12573,UO,CZ
"Tisová,Zaháj,odb.",49.955265,16.212996,UO,CZ
"Tisová,Zaháj,has.zbroj.",49.9555,16.215595,UO,CZ
"Vysoké Veselí,,nám.",50.33146,15.435028,JC,CZ
"Vysoké Veselí,,Družstevní",50.331917,15.423943,JC,CZ
"Vysoké Veselí,,Dřevařské závody",50.331116,15.423684,JC,CZ
"Vysoké Veselí,Veselská Lhota",50.34023,15.439289,JC,CZ
"Vysokov,,hostinec",50.403748,16.117697,NA,CZ
"Vysokov,,most",50.40749,16.131052,NA,CZ
Vysoký Újezd,50.2415,16.023613,HK,CZ
Vyšehněvice,50.1021,15.582765,PA,CZ
"Adršpach,Dolní Adršpach,skály",50.617123,16.1214,NA,CZ
Vyžice,49.924088,15.621242,CR,CZ
"Vyžice,,Slavkovice",49.922615,15.598231,CR,CZ
"Záboří n.L.,,Na Písku",50.024654,15.351435,KH,CZ
"Záboří n.L.,,žel.st.",50.029594,15.3503,KH,CZ
"Zábrodí,,has.zbroj.",50.46232,16.108633,NA,CZ
"Zábrodí,Končiny",50.470398,16.12881,NA,CZ
"Zábrodí,,odb.Špinka",50.455536,16.116724,NA,CZ
"Zábrodí,Horní Rybníky,Košiny",50.4483,16.1384,NA,CZ
"Zábrodí,Horní Rybníky,ObÚ",50.45313,16.132053,NA,CZ
"Zábrodí,Horní Rybníky,Čertovina",50.4533,16.1345,NA,CZ
"Zábřezí-Řečice,,odb.Řečice",50.40948,15.742808,TU,CZ
"Zábřezí-Řečice,Zábřezí",50.41143,15.735483,TU,CZ
"Zádolí,Stříhanov",49.90278,16.130138,UO,CZ
"Záchlumí,,MŠ",50.09643,16.375715,UO,CZ
"Záchlumí,Bohousová,horní",50.08511,16.385118,UO,CZ
"Záchlumí,Bohousová,žel.zast.",50.090546,16.379944,UO,CZ
Zaječice,49.911022,15.882251,CR,CZ
"Zaječice,,škola",49.90989,15.88428,CR,CZ
"Zaječice,,zdrav.stř.",49.909954,15.880042,CR,CZ
Zájezdec,49.931244,15.926863,CR,CZ
"Zaloňov,,ObÚ",50.37191,15.883966,NA,CZ
"Zaloňov,Rtyně,odb.",50.356857,15.875074,NA,CZ
"Zaloňov,,kříž",50.37358,15.888201,NA,CZ
"Zaloňov,Vestec",50.36938,15.87605,NA,CZ
"Zálší,,pož.zbroj.",49.960606,16.24453,UO,CZ
"Zálší,,rozc.do Nořína",49.963467,16.234032,UO,CZ
"Zálší,,škola",49.965042,16.240976,UO,CZ
"Záměl,,rybník",50.092197,16.304432,RK,CZ
"Záměl,,žel.zast.",50.098526,16.299685,RK,CZ
"Zámostí-Blata,Zámostí",50.4713,15.25298,JC,CZ
"Zámostí-Blata,Blata",50.47004,15.263933,JC,CZ
"Zámostí-Blata,,Maršov",50.46553,15.268137,JC,CZ
"Zámrsk,Janovičky,žel.st.",49.993267,16.107267,UO,CZ
"Zámrsk,Nová Ves",49.984745,16.118286,UO,CZ
"Zářecká Lhota,,Draha",49.991165,16.24078,UO,CZ
"Zářecká Lhota,,obecní úřad",49.99297,16.245838,UO,CZ
Zdechovice,50.012947,15.471153,PA,CZ
"Zdechovice,,lom",50.013165,15.45527,PA,CZ
"Zdechovice,Spytovice",50.021008,15.494474,PA,CZ
"Zdelov,,ObÚ",50.10127,16.142056,RK,CZ
"Zdelov,,Moravsko",50.114513,16.126083,RK,CZ
"Zderaz,,ObÚ",49.825283,16.095415,CR,CZ
"Zderaz,,lom",49.816685,16.09929,CR,CZ
"Čankovice,,kaple",49.963573,15.93723,CR,CZ
"Čankovice,,bytovky",49.966362,15.925513,CR,CZ
"Hrochův Týnec,,odb.bytovky Čankovice",49.961792,15.925637,CR,CZ
Zdobín,50.41548,15.704661,TU,CZ
"Zdobnice,,hotel",50.245106,16.406546,RK,CZ
"Zdobnice,,ObÚ",50.23372,16.405008,RK,CZ
"Zdobnice,Kunčina Ves,Kovárna",50.209476,16.38753,RK,CZ
"Zdobnice,,u kříže",50.22408,16.405434,RK,CZ
"Zdobnice,Kačerov,kostel",50.233242,16.378674,RK,CZ
"Zdobnice,Kačerov,odb.Prorubky",50.241623,16.38074,RK,CZ
"Zdobnice,Kunčina Ves,bytovky",50.224472,16.385376,RK,CZ
"Zdobnice,Kunčina Ves,garáž",50.220577,16.390232,RK,CZ
"Zdobnice,Kunčina Ves,odb.Kovárna",50.214237,16.386148,RK,CZ
"Zdobnice,,Souvlastní",50.200916,16.401056,RK,CZ
"Čáslav,,aut.st.",49.912006,15.396702,KH,CZ
"Čáslav,,Chrudimská",49.912464,15.403102,KH,CZ
"Zlatá Olešnice,,dolní",50.61325,15.949782,TU,CZ
"Zlatá Olešnice,,horní",50.620518,15.947833,TU,CZ
"Čáslav,,nem.",49.904766,15.39945,KH,CZ
"Čáslav,,žel.st.",49.914505,15.394908,KH,CZ
"Čáslav,Filipov",49.900055,15.422479,KH,CZ
"Čáslav,Filipov,VÚ",49.902225,15.414573,KH,CZ
"Častolovice,,nám.",50.129456,16.184156,RK,CZ
"Častolovice,,ORSIL",50.127846,16.162607,RK,CZ
"Častolovice,,park",50.13312,16.18504,RK,CZ
"Častolovice,,žel.zast.",50.127792,16.189829,RK,CZ
"Žacléř,,na jámě",50.67192,15.928021,TU,CZ
"Žacléř,,nám.",50.65244,15.906694,TU,CZ
"Žacléř,,porcelánka",50.65965,15.907687,TU,CZ
"Žacléř,Prkenný Důl",50.649857,15.899662,TU,CZ
"Žacléř,,rozc.Bobr",50.67332,15.918736,TU,CZ
"Žacléř,,žel.st.",50.663055,15.910148,TU,CZ
"Žamberk,,aut.nádr.",50.084877,16.460972,UO,CZ
"Žamberk,,divadlo",50.082466,16.46328,UO,CZ
"Žamberk,,Agro",50.073925,16.458298,UO,CZ
"Žamberk,,koupaliště",50.08596,16.473372,UO,CZ
"Žamberk,,Masarykovo nám.",50.087208,16.465248,UO,CZ
"Žamberk,,Draha",50.089485,16.46847,UO,CZ
"Žamberk,,Na Skalách",50.0898,16.454865,UO,CZ
"Žamberk,,Na Vrších",50.091667,16.475395,UO,CZ
"Žamberk,,U Kunvaldu",50.103657,16.484035,UO,CZ
"Žamberk,,odb.Kněžství",50.096878,16.479206,UO,CZ
"Žamberk,,sídliště",50.07937,16.466116,UO,CZ
"Žamberk,,knihovna",50.07896,16.46148,UO,CZ
"Žamberk,,žel.přejezd",50.074974,16.441042,UO,CZ
"Žamberk,,VEMAS",50.08998,16.485176,UO,CZ
"Žamberk,,ZEZ",50.083565,16.48957,UO,CZ
"Žamberk,,žel.st.",50.074177,16.449865,UO,CZ
"Žampach,,zámecký park",50.03659,16.431805,UO,CZ
"Žampach,,rozc.Hlavná",50.03794,16.405401,UO,CZ
"Žampach,,škola",50.038452,16.425095,UO,CZ
"Žampach,Hlavná,točna",50.02975,16.411299,UO,CZ
"Žampach,Hlavná,škola",50.033134,16.409458,UO,CZ
Žáravice,50.1036,15.558345,PA,CZ
Časy,50.069313,15.8984785,PA,CZ
"Žďár n.Met.,,náves",50.538857,16.213749,NA,CZ
"Žďár n.Met.,,hřiště",50.53877,16.207912,NA,CZ
"Žďár n.Orl.,,odb.Horní Žďár",50.12599,16.065866,RK,CZ
"Žďár n.Orl.,,hostinec",50.11952,16.06902,RK,CZ
"Žďárky,,has.zbroj.",50.468323,16.226364,NA,CZ
"Žďárky,,most",50.465134,16.224308,NA,CZ
"Ždírec n.Doubr.,Benátky",49.708908,15.845079,HB,CZ
"Ždírec n.Doubr.,Kohoutov",49.702225,15.825629,HB,CZ
"Ždírec n.Doubr.,Údavy",49.735275,15.821565,HB,CZ
"Ždírec n.Doubr.,Údavy,odb.",49.742092,15.822489,HB,CZ
"Železnice,,škola",50.472397,15.386847,JC,CZ
"Železnice,Cidlina,has.zbroj.",50.49428,15.346139,JC,CZ
"Železnice,Doubravice",50.490677,15.3646965,JC,CZ
"Železnice,Těšín",50.4656,15.389849,JC,CZ
"Železnice,Zámezí",50.477757,15.356534,JC,CZ
"Žeretice,,náves",50.35434,15.414673,JC,CZ
"Žeretice,Hradíšťko,odb.",50.355427,15.4309225,JC,CZ
Žernov,50.431522,16.059074,NA,CZ
"Česká Skalice,Zlíč,pod Žernovem",50.422523,16.061161,NA,CZ
Židovice,50.295082,15.318168,JC,CZ
"Žichlínek,,hostinec",49.881916,16.638035,UO,CZ
"Žichlínek,,odb.Sázava",49.89385,16.628368,UO,CZ
"Žichlínek,,prodejna",49.887455,16.632322,UO,CZ
"Žichlínek,,dolní",49.874283,16.643278,UO,CZ
"Žichlínek,,žel.st.",49.861164,16.656576,UO,CZ
"Živanice,,sokolovna",50.06334,15.647733,PA,CZ
"Živanice,,odb.Mělice",50.05688,15.630142,PA,CZ
"Živanice,Dědek,křiž.",50.067776,15.662918,PA,CZ
"Živanice,,odb.Nerad",50.060276,15.639013,PA,CZ
"Hořiněves,Žíželeves",50.3322,15.758155,HK,CZ
Vrchovnice,50.32389,15.757878,HK,CZ
"Hořiněves,Želkovice",50.328236,15.74969,HK,CZ
"Žiželice,,nám.",50.131737,15.39278,KO,CZ
"Žiželice,Hradišťko II",50.117977,15.42106,KO,CZ
"Žiželice,Končice",50.132927,15.385771,KO,CZ
"Žiželice,Loukonosy",50.12671,15.42261,KO,CZ
Žlebské Chvalovice,49.894615,15.564704,CR,CZ
"Žlebské Chvalovice,,žel.zast.",49.882793,15.558135,CR,CZ
"Žleby,,Šumava",49.89122,15.490054,KH,CZ
"Žleby,,nám.",49.88916,15.484407,KH,CZ
"Žleby,,Sibiř",49.889206,15.471181,KH,CZ
"Žleby,,Hráz",49.88859,15.481348,KH,CZ
"Žleby,,škola",49.889347,15.488779,KH,CZ
"Žleby,Markovice,lom",49.896126,15.459556,KH,CZ
Žlunice,50.302193,15.382977,JC,CZ
"Žumberk,,křiž.",49.872017,15.86279,CR,CZ
"Žumberk,,nám.",49.87288,15.857872,CR,CZ
"Luže,,nám.",49.893814,16.028593,CR,CZ
"Slatiňany,,střed",49.91988,15.813933,CR,CZ
"Sudslava,,odb.Lhoty",50.046288,16.29385,UO,CZ
"Čenkovice,,ObÚ",50.011868,16.68421,UO,CZ
"Čenkovice,,st.sil.křiž.",50.01709,16.678692,UO,CZ
"Čeperka,,ObÚ",50.133053,15.775477,PA,CZ
"Čeperka,,odb.",50.130524,15.786911,PA,CZ
"Čeperka,Malá Čeperka,Diton",50.112877,15.74231,PA,CZ
Čepí,49.982937,15.71988,PA,CZ
"Čepí,,křiž.",49.98541,15.716339,PA,CZ
"Vračovice-Orlov,,u Morávků",49.955135,16.249552,UO,CZ
"Voděrady,Džbánov",49.952168,16.308361,UO,CZ
"Čermná,,most",50.554256,15.764359,TU,CZ
"Čermná,,konečná",50.565975,15.76794,TU,CZ
"Čermná,,ObÚ",50.549416,15.769758,TU,CZ
"Čermná,,Podhájí",50.5476,15.750926,TU,CZ
"Čermná n.Orl.,Velká Čermná,ObÚ",50.080276,16.1431,RK,CZ
"Čermná n.Orl.,Malá Čermná,pošta",50.077072,16.133581,RK,CZ
"Čermná n.Orl.,Malá Čermná,hřiště",50.077602,16.125227,RK,CZ
"Čermná n.Orl.,Velká Čermná,u lesa",50.07921,16.149878,RK,CZ
"Čermná n.Orl.,Číčová",50.070984,16.160421,RK,CZ
Černčice,50.332874,16.105173,NA,CZ
"Černíkovice,,pomník",50.187355,16.19328,RK,CZ
"Černíkovice,,zámek",50.188675,16.21296,RK,CZ
"Černíkovice,,ZD",50.187397,16.202095,RK,CZ
"Černíkovice,Domašín",50.180866,16.222841,RK,CZ
"Černilov,,U Šulců",50.268154,15.908369,HK,CZ
"Černilov,,u Ciprů",50.263298,15.914505,HK,CZ
"Černilov,,kino",50.262646,15.931371,HK,CZ
"Černilov,,Beta",50.26416,15.938373,HK,CZ
"Černilov,,škola",50.262226,15.922682,HK,CZ
"Černilov,Bukovina",50.265858,15.885579,HK,CZ
"Černilov,Újezd",50.27429,15.893326,HK,CZ
"Černožice,,kombinát",50.32701,15.874635,HK,CZ
"Černý Důl,,nám.",50.63474,15.71002,TU,CZ
"Černý Důl,Čistá,koupaliště",50.611614,15.696581,TU,CZ
"Černý Důl,Čistá,křiž.",50.608868,15.706394,TU,CZ
"Rudník,,Lázně Fořt",50.5863,15.702257,TU,CZ
"Černý Důl,Čistá,u Dufků",50.62427,15.7121315,TU,CZ
"Černý Důl,Čistá,škola",50.615005,15.707165,TU,CZ
"Černý Důl,Fořt",50.599354,15.694565,TU,CZ
"Červená Hora,,kaplička",50.450054,16.05897,NA,CZ
"Lanškroun,,Skleněný vrch",49.911816,16.603342,UO,CZ
"Červená Třemešná,,bytovky",50.396683,15.651893,JC,CZ
"Červená Třemešná,,náves",50.39944,15.643459,JC,CZ
"Červená Třemešná,,Jahodná",50.394028,15.660673,JC,CZ
"Červená Voda,,Dom.důch.",50.047047,16.732967,UO,CZ
"Červená Voda,,Kartáčovny",50.047825,16.743507,UO,CZ
"Červená Voda,,ObÚ",50.040066,16.742727,UO,CZ
"Červená Voda,,odb.Králíky",50.04504,16.739504,UO,CZ
"Červená Voda,,odb. Boříkovice",50.044598,16.73835,UO,CZ
"Červená Voda,,pila",50.026752,16.748045,UO,CZ
"Červená Voda,,MŠ II",50.03117,16.743881,UO,CZ
"Červená Voda,Bílá Voda,odb.Mlýnický Dvůr",50.00469,16.750628,UO,CZ
"Červená Voda,,horní konec",50.049232,16.727379,UO,CZ
"Orličky,,pila",50.026733,16.681839,UO,CZ
"Červená Voda,Bílá Voda,žel.zast.",50.01667,16.747143,UO,CZ
"Červená Voda,,odb.Moravský Karlov",50.025646,16.745224,UO,CZ
"Červená Voda,Dolní Orlice",50.064213,16.753788,UO,CZ
"Červená Voda,Moravský Karlov,dolní konec",50.027515,16.768564,UO,CZ
"Červená Voda,Moravský Karlov,točna",50.027473,16.778498,UO,CZ
"Červená Voda,Šanov",50.05046,16.747675,UO,CZ
"Štíty,,nový záv.",49.965256,16.758486,SU,CZ
"Červený Kostelec,,aut.st.",50.475803,16.091595,NA,CZ
"Červený Kostelec,,Bedna",50.472725,16.104229,NA,CZ
"Červený Kostelec,,odb.Čertovina",50.46884,16.11852,NA,CZ
"Červený Kostelec,,Elitex",50.480904,16.070608,NA,CZ
"Červený Kostelec,,kino",50.4726,16.095034,NA,CZ
"Červený Kostelec,,koupaliště Brodský",50.465294,16.100525,NA,CZ
"Červený Kostelec,,kovovýroba",50.480312,16.098698,NA,CZ
"Červený Kostelec,,Luko",50.472145,16.089409,NA,CZ
"Dolany,,hájovna",50.101643,15.711916,PA,CZ
"Holice,,kulturní dům",50.070724,15.988552,PA,CZ
"Červený Kostelec,,Jiráskova",50.47744,16.096027,NA,CZ
"Červený Kostelec,,Devět křížů",50.48888,16.067835,NA,CZ
"Kostelec n.Orl.,,Ferodo",50.120693,16.2072,RK,CZ
"Červený Kostelec,,žel.st.",50.48365,16.075901,NA,CZ
"Červený Kostelec,Bohdašín,odb.",50.49464,16.107777,TU,CZ
"Červený Kostelec,Hor.Kostelec,pneuservis",50.48581,16.106302,NA,CZ
"Červený Kostelec,Hor.Kostelec,kovárna",50.491776,16.121307,NA,CZ
"Červený Kostelec,Hor.Kostelec,škola",50.48864,16.109367,NA,CZ
"Červený Kostelec,Hor.Kostelec,V Ráji",50.489246,16.131674,NA,CZ
"Červený Kostelec,,obalovna",50.483463,16.069828,NA,CZ
"Červený Kostelec,,odb.žel.st.",50.48151,16.077677,NA,CZ
"Červený Kostelec,Olešnice,dolní",50.446224,16.08983,NA,CZ
"Červený Kostelec,Olešnice,horní",50.461357,16.080374,NA,CZ
"Červený Kostelec,Olešnice,u Bašů",50.45756,16.076138,NA,CZ
"Červený Kostelec,Olešnice,škola",50.453915,16.087433,NA,CZ
"Červený Kostelec,Olešnice,Víska",50.442165,16.096205,NA,CZ
"Červený Kostelec,Stolín",50.46992,16.075819,NA,CZ
"Bystřec,,Jednota hor.",50.007217,16.631428,UO,CZ
"Přívrat,,křiž.",49.927338,16.39504,UO,CZ
"Voděrady,Uhřínovice,odb.Ježkovice",50.18842,16.16234,RK,CZ
"Chrudim,,Kalábrie",49.946114,15.79359,CR,CZ
"Javornice,,Jaroslav",50.1852,16.322052,RK,CZ
"Libuň,,náves",50.497704,15.298446,JC,CZ
"Pardubice,,Teplého",50.02685,15.761191,PA,CZ
"Prasek,,škola",50.233006,15.562767,HK,CZ
"Rychnov n.Kněž.,,sídl.Nad Habrovou",50.17428,16.297798,RK,CZ
"Sobětuchy,,Zavadilka",49.93908,15.765703,CR,CZ
"Sobětuchy,,Markovická",49.943058,15.7641735,CR,CZ
"Stolany,,škola",49.926647,15.746175,CR,CZ
Česká Čermná,50.40046,16.229387,NA,CZ
"Hradec Králové,,Labská",50.204548,15.820515,HK,CZ
"Lázně Bohdaneč,,Na Lužci",50.068966,15.683484,PA,CZ
"Rudoltice,,kovovýroba",49.90354,16.560877,UO,CZ
"Ústí n.Orl.,Kerhartice,Perla",49.969147,16.374626,UO,CZ
"Lanškroun,,Rehabilitace",49.90474,16.609985,UO,CZ
"Rohenice,,Roheničky",50.305496,16.050322,RK,CZ
"Rychnov n.Kněž.,,Zbuzany",50.154423,16.274723,RK,CZ
"Ústí n.Orl.,,Lázeňská",49.968838,16.393402,UO,CZ
"Česká Metuje,,ObÚ",50.545395,16.18006,NA,CZ
"Česká Metuje,Vlásenka",50.545673,16.168032,NA,CZ
"Dolní Lochov,,ObÚ",50.451954,15.286389,JC,CZ
"Česká Rybná,,dol.točna",50.07053,16.384457,UO,CZ
"Jinolice,,žel.přejezd",50.478127,15.335381,JC,CZ
"Česká Rybná,,ObÚ",50.071285,16.393559,UO,CZ
"Lukavice,,škola",49.88856,15.835072,CR,CZ
"Česká Rybná,Končiny",50.07511,16.37876,UO,CZ
"Vidochov,,horní",50.513542,15.560185,JC,CZ
"Česká Skalice,,masokombinát",50.38481,16.039154,NA,CZ
"Česká Skalice,,nám.",50.394867,16.043583,NA,CZ
"Lázně Bělohrad,Dolní N.Ves,továrna",50.41535,15.584266,JC,CZ
"Česká Skalice,,třída T.G.Masaryka",50.3963,16.050653,NA,CZ
"Česká Skalice,,Rozkoš",50.399387,16.066132,NA,CZ
"Česká Skalice,,Škvárovna",50.39146,16.037224,NA,CZ
"Česká Skalice,,žel.st.",50.39601,16.053726,NA,CZ
"Vestec,,Heřmanice",50.41552,16.029314,NA,CZ
"Česká Skalice,Malá Skalice",50.39646,16.03482,NA,CZ
"Česká Skalice,Zájezd",50.396305,16.022322,NA,CZ
"Česká Skalice,Zlíč,odb.Ratibořice",50.409565,16.060295,NA,CZ
"Česká Třebová,,Beseda",49.903446,16.442131,UO,CZ
"Česká Třebová,,Habrmanova",49.90376,16.441397,UO,CZ
"Česká Třebová,,hudební škola",49.90021,16.43992,UO,CZ
"Česká Třebová,,sídl.Trávník",49.9026,16.441338,UO,CZ
"Česká Třebová,,Korado",49.895424,16.453295,UO,CZ
"Česká Třebová,,Lhotka",49.9251,16.43753,UO,CZ
"Česká Třebová,,na Zámostí",49.903065,16.449738,UO,CZ
"Česká Třebová,Parník,Armaturka",49.913017,16.43387,UO,CZ
"Česká Třebová,Parník,škola",49.916584,16.438848,UO,CZ
"Česká Třebová,,pivovar",49.902355,16.43608,UO,CZ
"Česká Třebová,,Pod Březinou",49.91634,16.434439,UO,CZ
"Česká Třebová,,Primona",49.910297,16.440956,UO,CZ
"Česká Třebová,,rozc.Rybník",49.893955,16.45879,UO,CZ
"Česká Třebová,,sídl.Borek",49.885593,16.447817,UO,CZ
"Česká Třebová,,sídl.Lhotka",49.92127,16.434776,UO,CZ
"Česká Třebová,,u Křížku",49.91202,16.472197,UO,CZ
"Česká Třebová,,u Kubelků",49.906143,16.437136,UO,CZ
"Česká Třebová,,zdrav.stř.",49.905598,16.442854,UO,CZ
"Česká Třebová,,VČE",49.891888,16.451897,UO,CZ
"Česká Třebová,,Terminál J.Pernera",49.89774,16.447353,UO,CZ
"Semanín,,dolní",49.87399,16.451803,UO,CZ
"Semanín,,náves",49.866768,16.45017,UO,CZ
"Česká Třebová,Svinná",49.895355,16.39365,UO,CZ
"Česká Třebová,Svinná,rozc.",49.90407,16.39897,SY,CZ
"Chroustovice,,zámek",49.954548,15.994157,CR,CZ
"Jaroměř,,Na Vrších",50.363186,15.916139,NA,CZ
"Králíky,Červený Potok,odb.žel.st.",50.10276,16.787584,UO,CZ
"Králíky,,Hedečská",50.08583,16.779142,UO,CZ
"Králíky,Dolní Hedeč,horní",50.08059,16.791344,UO,CZ
"Králíky,Dolní Hedeč,klášter",50.075485,16.78848,UO,CZ
"Králíky,Dolní Hedeč,střed",50.084183,16.786486,UO,CZ
"Králíky,Dolní Lipka,horní",50.10115,16.725985,UO,CZ
"Králíky,Prostřední Lipka,u Malých",50.10673,16.737007,UO,CZ
"Meziměstí,,zdravotní středisko",50.627274,16.241222,NA,CZ
"Nasavrky,,ZŠ",49.848255,15.80685,CR,CZ
"České Heřmanice,,nám.",49.931465,16.252699,UO,CZ
"České Heřmanice,Borová",49.92905,16.27671,UO,CZ
"České Heřmanice,Chotěšiny",49.94541,16.258963,UO,CZ
"České Heřmanice,Netřeby",49.917976,16.263628,UO,CZ
"Licibořice,,rozc.",49.87566,15.759971,CR,CZ
"Ronov n.Doubr.,,myslivna",49.88291,15.535083,CR,CZ
"Vrdy,Horní Bučice,kult.dům",49.92595,15.448308,KH,CZ
České Lhotice,49.847897,15.780729,CR,CZ
"České Lhotice,Hradiště",49.854527,15.785028,CR,CZ
"Červená Hora,,ObÚ",50.447876,16.058748,NA,CZ
"Heřmanice,,ObÚ",50.37921,15.919433,NA,CZ
"České Lhotice,,Vedralka",49.844635,15.76629,CR,CZ
"České Libchavy,,prodejna",50.031597,16.371065,UO,CZ
"Luže,,odb.léčebna",49.891388,16.032057,CR,CZ
"České Libchavy,,Paseky",50.039387,16.365402,UO,CZ
"České Libchavy,,most",50.038124,16.378592,UO,CZ
"České Meziříčí,,aut.st.",50.286957,16.045044,RK,CZ
"České Meziříčí,,cukrovar",50.284534,16.052578,RK,CZ
"České Meziříčí,,Na Rychtě",50.293087,16.03877,RK,CZ
"České Meziříčí,,Na Vrtáčku",50.296772,16.013443,RK,CZ
"Jaroslav,,nádrž",50.01687,16.07984,PA,CZ
"Horní Bradlo,,škola",49.802868,15.738219,CR,CZ
"České Meziříčí,,u Bukačových",50.298763,16.034952,RK,CZ
"Dolní Újezd,,odb.",49.79976,16.285534,SY,CZ
"České Meziříčí,,Vranov",50.25842,16.036545,RK,CZ
"České Meziříčí,,Záhumenská",50.277138,16.041515,RK,CZ
"Říkov,,AGRO",50.37909,16.029985,NA,CZ
"České Meziříčí,Skršice,točna",50.274677,16.007324,RK,CZ
"České Meziříčí,Tošov",50.270885,16.014027,RK,CZ
"České Petrovice,,křiž.na Adam",50.11971,16.604715,UO,CZ
"České Petrovice,,u kostela",50.12241,16.594742,UO,CZ
"Hrubá Skála,,Vidlák",50.52306,15.209768,SM,CZ
"Hrubá Skála,,Prašivec",50.5354,15.212095,SM,CZ
"Žleby,Markovice,drůbežárna",49.8977,15.444932,KH,CZ
"Skuteč,,Smetanova",49.846573,15.99533,CR,CZ
"Květná,,posádka",49.73196,16.367416,SY,CZ
"Rychnov n.Kněž.,,Masarykova-Sibiř",50.16848,16.284004,RK,CZ
"Rychnov n.Kněž.,,koupaliště Včelné",50.170708,16.302753,RK,CZ
"Rychnov n.Kněž.,,Lidické nám.",50.162125,16.28563,RK,CZ
"Rychnov n.Kněž.,,Mírová",50.15952,16.284693,RK,CZ
"Rychnov n.Kněž.,Lipovka,Velká Lipovka",50.17825,16.255651,RK,CZ
"Rychnov n.Kněž.,,Ekologická",50.153965,16.275835,RK,CZ
"Troskovice,,Svitačka",50.509727,15.230741,SM,CZ
"Rychnov n.Kněž.,,Staré nám.",50.163254,16.274063,RK,CZ
"Rychnov n.Kněž.,,hřbitov",50.155594,16.273024,RK,CZ
"Rychnov n.Kněž.,,Městská knihovna",50.162132,16.280182,RK,CZ
"Vamberk,Merklovice,horní",50.11041,16.315487,RK,CZ
"Vysoké Mýto,Vanice,náves",49.935116,16.13215,UO,CZ
Troskovice,50.511547,15.221591,SM,CZ
"Skuteč,,KB",49.843163,15.997485,CR,CZ
"Rychnov n.Kněž.,,Strojnická",50.157707,16.277718,RK,CZ
"Rovensko p.Tr.,,Na Paldě",50.527225,15.278205,SM,CZ
"Rychnov n.Kněž.,Dlouhá Ves,kovovýroba",50.15174,16.287174,RK,CZ
"Holín,Prachov,Vyhnálov",50.459686,15.308171,JC,CZ
"Rychnov n.Kněž.,Lipovka,MATRIX",50.181225,16.25833,RK,CZ
"Dolní Olešnice,,Wonkův mlýn",50.50335,15.742262,TU,CZ
"Jasenná,,u Dubnových",50.331573,15.994502,NA,CZ
"Jasenná,,u Slezákových",50.32762,15.997184,NA,CZ
"Chrudim,,V Tejnecku",49.949276,15.804341,CR,CZ
"Chrudim,,sportovní areály",49.938114,15.803287,CR,CZ
"Rokytnice v Orl.h.,,žel.st.",50.162407,16.464836,RK,CZ
"Úlibice,Řeheč",50.421535,15.426706,JC,CZ
"Chrudim,,Na Větrníku",49.95555,15.814161,CR,CZ
"Mezilesí,,na Drážkách",50.354233,16.212704,NA,CZ
"Rokytnice v Orl.h.,,nákupní středisko",50.16617,16.466825,RK,CZ
"Hořice,,aut.st.",50.366608,15.629363,JC,CZ
"Pardubice,,nem.",50.029404,15.790276,PA,CZ
"Janov,,dol.konec",49.85549,16.373564,SY,CZ
"Hradec Králové,,Třebeš odb.",50.18894,15.831335,HK,CZ
"Jičín,,Continental",50.433437,15.383466,JC,CZ
"Chrudim,,Dr.Malíka",49.946896,15.808057,CR,CZ
"Chrudim,,Stromovka",49.951584,15.81507,CR,CZ
"Pardubice,Staré Čívice,Panasonic",50.01998,15.6870985,PA,CZ
"Dobříkov,,u sochy M.J.Husa",50.000732,16.13884,UO,CZ
"Dobříkov,Rzy,Truhlárna",50.00474,16.113266,UO,CZ
"Nový Hrádek,Rzy,odb.Dlouhé",50.364323,16.276316,NA,CZ
"Nový Hrádek,Rzy,u Pařízků",50.347836,16.261545,NA,CZ
"Janov,Tis,Gestra CZ",50.34522,16.246077,RK,CZ
"Sedloňov,Polom,kaplička",50.35403,16.305296,RK,CZ
"Sedloňov,Polom,lípa",50.350533,16.31161,RK,CZ
"Sedloňov,,u Jána",50.338223,16.300127,RK,CZ
"Jasenná,,Balcarák",50.324684,15.984693,NA,CZ
"České Meziříčí,Tošov,bažantnice",50.26893,16.02976,RK,CZ
"Králova Lhota,,u Javůrků",50.29423,15.989186,RK,CZ
"Boháňka,Skála,Okály",50.360985,15.713357,JC,CZ
"Božanov,,dolní",50.534172,16.372068,NA,CZ
"Jeníkov,,bytovka",49.746815,15.955153,CR,CZ
"Hradec Králové,,Podzámčí",50.184967,15.829338,HK,CZ
"Čestice,,hostinec",50.12776,16.145184,RK,CZ
"Barchov,,ObÚ",50.19749,15.567551,HK,CZ
"Zdobnice,,u Šmídů",50.21687,16.401712,RK,CZ
"Vilantice,,dolní křiž.",50.36293,15.797914,TU,CZ
"Pardubice,,Masarykovo nám.",50.03756,15.769532,PA,CZ
"Chrudim,,sídliště U Stadionu",49.93903,15.79747,CR,CZ
"Barchov,,ObÚ",49.99968,15.677427,PA,CZ
"Kopidlno,,žel.přejezd",50.336525,15.273111,JC,CZ
"Trutnov,,hřbitov",50.555904,15.903348,TU,CZ
"Trutnov,,žel.st.",50.56492,15.910324,TU,CZ
Češov,50.338795,15.364522,JC,CZ
"Češov,Liběšice",50.34506,15.360494,JC,CZ
"Solnice,Ještětice,u Königů",50.227825,16.221365,RK,CZ
"Velichovky,Hustířany,točna",50.35532,15.805473,NA,CZ
"Hanušovice,,škola",50.075012,16.93183,SU,CZ
"Barchov,,Veselá",49.998642,15.685338,PA,CZ
"Jaroměř,,gymnázium",50.349808,15.919824,NA,CZ
"Jaroměř,,poliklinika",50.353237,15.920041,NA,CZ
"Jaroměř,,Na Obci",50.352776,15.915911,NA,CZ
"Újezd p.Tr.,Semínova Lhota",50.51535,15.27982,JC,CZ
"Mladějov,Hubojedy",50.469467,15.231055,JC,CZ
"Říčky v Orl.h.,,Mezivrší",50.229362,16.490923,RK,CZ
"Sněžné,,Horalka",50.339954,16.282288,RK,CZ
Újezdec,49.879547,16.20756,SY,CZ
"Rybná n.Zdob.,,u Opletalů",50.112503,16.376019,RK,CZ
"Rychnovek,,žel.zast.",50.360954,15.969965,NA,CZ
"Bystřec,,Formplast",50.0105,16.58267,UO,CZ
"Dolní Roveň,,žel.zast.",50.028828,15.968414,PA,CZ
"Mohelnice,,PENNY MARKET",49.777367,16.921745,SU,CZ
"Ústí n.Orl.,,nákupní zóna",49.977985,16.401894,UO,CZ
"Hanušovice,,žel.st.",50.071842,16.930046,SU,CZ
"Nové Město n.Met.,,Pekelská",50.350327,16.154085,NA,CZ
"Soběraz,,haly",50.471127,15.404898,JC,CZ
"Hostinné,,Vrchlabská",50.545975,15.70508,TU,CZ
"Žacléř,,kolonie",50.667267,15.913531,TU,CZ
"Voděrady,Nová Ves,na pasekách",50.20611,16.125975,RK,CZ
"Rychnov n.Kněž.,,Penny market",50.154053,16.279202,RK,CZ
"Rychnov n.Kněž.,Lipovka,Malá Lipovka",50.17368,16.257963,RK,CZ
"Rychnov n.Kněž.,Lipovka,bytovky",50.17531,16.250063,RK,CZ
"Meziměstí,Starostín",50.633183,16.225956,NA,CZ
"Meziměstí,,žel.st.",50.626198,16.242832,NA,CZ
"Čepí,,prodejna",49.98601,15.716105,PA,CZ
"Vamberk,,dolní závod",50.1151,16.280174,RK,CZ
"Častolovice,,Dvůr Polná",50.139988,16.184824,RK,CZ
"Nové Město n.Met.,,Na Výsluní",50.357723,16.159092,NA,CZ
"Vysokov,,MESA",50.40018,16.10836,NA,CZ
"Kopidlno,Ledkov",50.34282,15.239419,JC,CZ
"Mladějov,Střeleč",50.484722,15.25528,JC,CZ
"Třebechovice p.Oreb.,,škola",50.198265,15.9951725,HK,CZ
"Třebechovice p.Oreb.,Štěnkov,náves",50.183327,15.998138,HK,CZ
"Srch,,točna",50.082996,15.772925,PA,CZ
"Pilníkov,,škola",50.534103,15.820702,TU,CZ
"Lampertice,,žel.zast.",50.673256,15.928414,TU,CZ
"Holice,,ZŠ",50.069786,15.988832,PA,CZ
"Albrechtice,,bytovky",49.930527,16.646082,UO,CZ
"Rudoltice,,hlavní silnice",49.89392,16.576294,UO,CZ
"Jilemnice,,nemocnice",50.610962,15.499469,SM,CZ
"Jilemnice,,ZŠ",50.60818,15.502106,SM,CZ
"Dolní Kalná,,koupaliště",50.54,15.626885,TU,CZ
"Třemošnice,Starý Dvůr,Peklo",49.869583,15.610676,CR,CZ
"Česká Třebová,Hliníky",49.909035,16.464407,UO,CZ
"Královec,,Černý most",50.665,15.96713,TU,CZ
"Bojanov,Kovářov,muzeum",49.85651,15.690324,CR,CZ
"Otovice,,statek",50.560932,16.37725,NA,CZ
"Broumov,Velká Ves,ČOV",50.569675,16.348011,NA,CZ
"Svoboda n.Úpou,,hotel PROM",50.632755,15.810548,TU,CZ
"Pec p.Sněžkou,Velká Úpa,odb.Malá Úpa",50.676147,15.793578,TU,CZ
"Heřmánkovice,Janovičky",50.634113,16.35742,NA,CZ
"Jetřichov,,u staré hasičárny",50.610767,16.261164,NA,CZ
"Jetřichov,,horní",50.602047,16.255991,NA,CZ
"Smiřice,Rodov,Obecní dům",50.30434,15.824478,HK,CZ
"Račice n.Trotinou,,váha",50.312637,15.795015,HK,CZ
"Česká Skalice,Malá Skalice,hřbitov",50.4014,16.033339,NA,CZ
"Liboměřice,,pož.zbroj.",49.871338,15.741691,CR,CZ
"Kameničky,Filipov,dolní",49.742508,15.983228,CR,CZ
"Police n.Met.,Hlavňov,chata Hvězda",50.562126,16.266176,NA,CZ
"Velké Poříčí,,odb.Zálesí",50.474354,16.209757,NA,CZ
"Jívka,Jívka II,továrna",50.531605,16.108995,TU,CZ
"Jívka,Jívka II,penzion",50.53498,16.108774,TU,CZ
"Jívka,Jívka II,has.zbroj.",50.536587,16.1081,TU,CZ
"Rokytnice v Orl.h.,,U Medvěda",50.165054,16.463549,RK,CZ
Činěves,50.226925,15.216603,NB,CZ
"Činěves,,u kovárny",50.230465,15.213803,NB,CZ
Hrubá Skála,50.540703,15.200118,SM,CZ
"Makov,,Haberka",49.853214,16.186728,SY,CZ
"Litomyšl,,základní školy",49.871494,16.306921,SY,CZ
"Lípa n.Orl.,,škola",50.13394,16.100592,RK,CZ
"Lípa n.Orl.,,Hromkovy garáže",50.131435,16.115911,RK,CZ
"Kudowa Zdrój,,ul.Zdrojowa",50.436607,16.238718,,PL
"Náchod,Běloves,Kaufland",50.42397,16.190184,NA,CZ
"Krouna,,pod křižovatkou",49.77276,16.0268,CR,CZ
"Čistá,,dol.zast.",49.840157,16.324577,SY,CZ
"Čistá,,kult.dům",49.825092,16.331682,SY,CZ
Karlów,50.475544,16.3403,,PL
"Karlów,,Bledne skaly",50.46118,16.309387,,PL
"Čistá,,pod sokolovnou",49.8311,16.327526,SY,CZ
"Čistá,,pohostinství",49.820312,16.343824,SY,CZ
"Martínkovice,,letiště Aeroklubu Broumov",50.565216,16.336214,NA,CZ
"Čistá,,u pily",49.81164,16.346996,SY,CZ
"Čistá u Horek,,hor.zast.",50.52931,15.58891,SM,CZ
"Čistá u Horek,,ObÚ",50.531597,15.603848,SM,CZ
"Luže,,kostel",49.89389,16.03006,CR,CZ
"Čistá u Horek,,Walraven",50.53076,15.6130495,SM,CZ
Čistěves,50.289,15.731825,HK,CZ
"Hajnice,,DPS",50.488766,15.91785,TU,CZ
"Všestary,Chlum,točna",50.279095,15.7476845,HK,CZ
"Všestary,Chlum,kostel",50.275204,15.747964,HK,CZ
"Chrudim,,Družstevní",49.951637,15.809525,CR,CZ
"Chrudim,,Myslivecký dům",49.95093,15.801176,CR,CZ
"Chrudim,,Na Rozhledně",49.95384,15.77985,CR,CZ
"Chrudim,,Na Valech",49.948483,15.800887,CR,CZ
"Chrudim,,Obce Ležáků",49.943634,15.795033,CR,CZ
"Chrudim,,Na Šancích",49.950813,15.816228,CR,CZ
"Chrudim,,K Májovu",49.957184,15.804152,CR,CZ
"Chrudim,,Tovární",49.955605,15.797357,CR,CZ
"Chrudim,,Tyršovo nám.",49.950745,15.79824,CR,CZ
"Chrudim,,U kapličky",49.956463,15.809886,CR,CZ
"Chrudim,,V Malecku",49.95424,15.812438,CR,CZ
"Chrudim,,S.K.Neumanna",49.94079,15.795244,CR,CZ
"Všestary,Lípa,zvonička",50.279675,15.731227,HK,CZ
"Všestary,Lípa,hlavní silnice",50.27899,15.72873,HK,CZ
"Máslojedy,,obec",50.295696,15.75977,HK,CZ
"Máslojedy,,u váhy",50.296906,15.756832,HK,CZ
"Nabočany,,koupaliště",49.942886,15.8854475,CR,CZ
"Čáslav,,Hudební škola",49.906914,15.396523,KH,CZ
"Benátky n.Bystř.,,u křížku",50.311546,15.734385,HK,CZ
"Česká Třebová,,Tesco",49.912155,16.43983,UO,CZ
"Čenkovice,,u parkoviště",50.01099,16.687908,UO,CZ
"Červená Voda,Šanov,kostel",50.05018,16.755356,UO,CZ
"Trutnov,,Albert Hypermarket",50.563156,15.897276,TU,CZ
"Bartošovice v Orl.h.,,horní",50.168587,16.528048,RK,CZ
"Studenec,,zdrav.stř.",50.565693,15.544419,SM,CZ
"Doudleby n.Orl.,,žel.st.",50.109604,16.259338,RK,CZ
"Lično,,pekárna",50.171803,16.187485,RK,CZ
"Častolovice,,žel.st.",50.128593,16.17263,RK,CZ
"Čestice,,žel.zast.",50.129395,16.147207,RK,CZ
"Kostelec n.Orl.,,cihelna",50.129707,16.220411,RK,CZ
"Týniště n.Orl.,Štěpánovsko",50.150333,16.056276,RK,CZ
"Hronov,,žel.st.",50.472923,16.177406,NA,CZ
"Městečko Trnávka,,Miltra",49.714767,16.723942,SY,CZ
"Olešnice,,náves",50.137787,15.446212,HK,CZ
"Kudowa Zdrój,Slone",50.43668,16.204643,,PL
"Albrechtice,,hor.konec",49.93685,16.642876,UO,CZ
"Bartošovice v Orl.h.,,ObÚ",50.16409,16.547682,RK,CZ
"Bartošovice v Orl.h.,,Neratov",50.214417,16.551773,RK,CZ
"Špindlerův Mlýn,,Dívčí lávky",50.742527,15.608519,TU,CZ
"Špindlerův Mlýn,,Malý Šišák",50.758736,15.63366,TU,CZ
"Špindlerův Mlýn,,Špindlerova bouda",50.762558,15.634022,TU,CZ
"Špindlerův Mlýn,,Medvědí koleno",50.74787,15.600455,TU,CZ
"Kuks,,parkoviště",50.40363,15.887981,TU,CZ
"Bartošovice v Orl.h.,,Nová Ves",50.241413,16.51218,RK,CZ
"Rudoltice,,Zámeček",49.90249,16.589693,UO,CZ
"Bartošovice v Orl.h.,,Nová Ves ch.Orlice",50.23724,16.524424,RK,CZ
"Kvasiny,,ÚSP",50.216007,16.27086,RK,CZ
"Chrudim,,Strojařů",49.95453,15.779003,CR,CZ
"Týnišťko,,náves",49.99939,16.097666,UO,CZ
Petrovičky,50.29927,15.607441,JC,CZ
"Velké Petrovice,,most",50.521687,16.214437,NA,CZ
"Velké Petrovice,,ObÚ",50.517174,16.205675,NA,CZ
"České Meziříčí,,pošta",50.285862,16.043089,RK,CZ
"Kvasiny,,Škoda Auto",50.200363,16.257154,RK,CZ
"Přestavlky,,zámek",49.93921,15.927238,CR,CZ
"Trojovice,,most",49.935196,15.920722,CR,CZ
"Červený Kostelec,Stolín,prům.zóna",50.47511,16.073765,NA,CZ
"Bartošovice v Orl.h.,,Nová Ves kaple",50.239933,16.518873,RK,CZ
"Nepolisy,Luková",50.190098,15.483456,HK,CZ
"Trutnov,Poříčí,škola",50.575134,15.954436,TU,CZ
"Kudowa Zdrój,Slone,Szkola",50.436447,16.21184,,PL
"Kudowa Zdrój,,Nad Potokiem",50.436783,16.237333,,PL
"Kudowa Zdrój,,Brzozowie skrz.",50.434784,16.218111,,PL
"Bartošovice v Orl.h.,,Podlesí",50.231304,16.542469,RK,CZ
"Rosice,,škola",49.91946,15.952071,CR,CZ
"Skuteč,,U Špitálku",49.8452,15.997127,CR,CZ
"Bartošovice v Orl.h.,Vrchní Orlice",50.18177,16.554089,RK,CZ
"Pardubice,Staré Čívice,Průmyslová zóna",50.027786,15.680767,PA,CZ
"Damníkov,,u Vašíčků",49.87304,16.553446,UO,CZ
"Vejvanovice,,prodejna",49.970554,15.879794,CR,CZ
"Damníkov,,samoobsluha",49.871124,16.56172,UO,CZ
"Damníkov,,škola",49.87109,16.571655,UO,CZ
"Damníkov,,u Vondráčků",49.871136,16.539839,UO,CZ
"Litíč,Nouzov,kaple",50.367893,15.835294,TU,CZ
"Litíč,,odb.Nouzov",50.37011,15.8358,TU,CZ
"Vamberk,Merklovice,točna",50.11107,16.318476,RK,CZ
"Dašice,,Mrazírny",50.025764,15.905588,PA,CZ
"Dašice,,nám.",50.028793,15.912369,PA,CZ
"Dašice,,odb.Prachovice",50.030895,15.924094,PA,CZ
"Dašice,Malolánské",50.032925,15.871942,PA,CZ
"Dašice,Prachovice",50.02437,15.937871,PA,CZ
"Dašice,Velkolánské",50.035877,15.906002,PA,CZ
"Dašice,Zminný",50.028328,15.866165,PA,CZ
"Martínkovice,,pod lesem",50.541454,16.316021,NA,CZ
"Sezemice,Počaply,rozc.",50.065514,15.8338785,PA,CZ
"Sezemice,Počaply,točna",50.068356,15.830713,PA,CZ
"Hřibiny-Ledská,Paseky",50.141792,16.166103,RK,CZ
"Sádek,,škola",49.705082,16.227102,SY,CZ
"Třebechovice p.Oreb.,Štěnkov,u křížku",50.188477,15.997284,HK,CZ
"Hradec Králové,,Terminál HD",50.216724,15.813245,HK,CZ
"Častolovice,,škola",50.132786,16.183134,RK,CZ
"Jičín,Popovice,cihelna",50.417843,15.371801,JC,CZ
"Meziměstí,Vižňov,has.zbroj.",50.650787,16.238071,NA,CZ
"Záměl,,prodejna",50.097073,16.298044,RK,CZ
"Trutnov,,Čs.armády",50.56257,15.901827,TU,CZ
"Damníkov,,U Murínových",49.869377,16.533546,UO,CZ
"Týniště n.Orl.,,Voklik",50.144466,16.085316,RK,CZ
"Sobotka,Lavice,škola",50.455402,15.211139,JC,CZ
"Moravská Třebová,,Lidl",49.751442,16.657307,SY,CZ
"Moravská Třebová,,U komína",49.75794,16.64853,SY,CZ
"Moravská Třebová,,Lanškrounská",49.76409,16.66433,SY,CZ
"Nechanice,Suchá,odb.",50.269947,15.63687,HK,CZ
"Všestary,Bříza,odb.",50.24376,15.772385,HK,CZ
"Radíkovice,,ZD",50.209007,15.693145,HK,CZ
"Lhota p.Libčany,,odb.Libčany",50.178993,15.696968,HK,CZ
"Syrovátka,,cukrovar",50.15386,15.663598,HK,CZ
"Nový Bydžov,Chudonice,Otmarka",50.23257,15.48799,HK,CZ
"Lhota p.Libčany,,hlavní silnice",50.17882,15.698044,HK,CZ
"Šaplava,,hřiště",50.31482,15.543758,HK,CZ
"Nechanice,,Palackého",50.23855,15.640992,HK,CZ
"Libřice,,Výravská",50.28643,15.965079,HK,CZ
"Šonov,,ZD",50.584827,16.409042,NA,CZ
"Lukavice,Výsonín",49.881012,15.823027,CR,CZ
"Litošice,,Krasnice",49.99818,15.5063095,PA,CZ
"Sezemice,,Severní",50.070843,15.858445,PA,CZ
"Chrudim,,Průmyslová II",49.957264,15.76537,CR,CZ
"Albrechtice,,ObÚ",49.925495,16.643707,UO,CZ
"Olešnice v Orl.h.,,skiareál",50.3624,16.306108,RK,CZ
Dědová,49.760834,15.983772,CR,CZ
"Rokytnice v Orl.h.,,Stříbrný vrch",50.161068,16.467894,RK,CZ
"Liberk,Uhřínov,Tisovec",50.256683,16.349865,RK,CZ
"Divec,,ObÚ",50.240013,15.921439,HK,CZ
"Božanov,,Dům seniorů",50.530964,16.373528,NA,CZ
"Chrudim,,Průmyslová I",49.9578,15.773872,CR,CZ
"Trutnov,Dol.Staré Město,Autostyl",50.571003,15.897833,TU,CZ
"Nová Paka,,Nový Štikov",50.48246,15.53135,JC,CZ
"Holice,,Pod Homolí",50.078327,15.986315,PA,CZ
"Vrchlabí,,Bubákov",50.653736,15.603764,TU,CZ
"Vrchlabí,,odb.Strážné",50.6457,15.607863,TU,CZ
"Vrchlabí,,Horská",50.640118,15.608531,TU,CZ
"Vrchlabí,,Bucharova",50.640434,15.606875,TU,CZ
"Vrchlabí,,Krkonošská",50.63198,15.6061535,TU,CZ
"Vrchlabí,,Pražská",50.6182,15.608004,TU,CZ
"Vrchlabí,,Nerudova",50.613888,15.60775,TU,CZ
"Vrchlabí,,Kablo",50.61816,15.6148815,TU,CZ
"Vrchlabí,,žel.st.",50.618942,15.621979,TU,CZ
"Vrchlabí,Podhůří,motorest",50.603535,15.622487,TU,CZ
"Vrchlabí,Podhůří,odb.Lipová",50.59829,15.6180725,TU,CZ
"Vrchlabí,Podhůří,Harta",50.598328,15.62361,TU,CZ
"Vrchlabí,,nemocnice",50.622704,15.6117735,TU,CZ
"Vrchlabí,,Škoda Auto",50.613827,15.621038,TU,CZ
"Vlčice,,odb.Letná",50.54995,15.8306675,TU,CZ
"Trutnov,,prům.zóna",50.5579,15.891417,TU,CZ
"Sadová,,žel.st.",50.295513,15.693346,HK,CZ
"Sezemice,Veská,most",50.040558,15.857467,PA,CZ
"Přelouč,,aut.nádr.",50.040184,15.566759,PA,CZ
"Desná,,ObÚ",49.807392,16.219751,SY,CZ
"Desná,,Podháj",49.804432,16.21073,SY,CZ
"Desná,,u Zavoralů",49.811035,16.228348,SY,CZ
"Hradec Králové,,Hlavní nádraží",50.214756,15.811923,HK,CZ
"Červený Kostelec,,pošta",50.47715,16.091646,NA,CZ
"Ostřetín,,pomník",50.044724,16.030924,PA,CZ
Bašnice,50.33447,15.605,JC,CZ
"Albrechtice,,ozdravovna",49.93023,16.659708,UO,CZ
"Deštné v Orl.h.,Jedlová,chata Eva",50.2985,16.34811,RK,CZ
"Deštné v Orl.h.,,Jitřenka",50.316784,16.335333,RK,CZ
"Deštné v Orl.h.,,sjezdovka",50.300457,16.359344,RK,CZ
"Deštné v Orl.h.,,Národní dům",50.304794,16.350405,RK,CZ
"Deštné v Orl.h.,Jedlová,Kozí chlívek",50.300182,16.352564,RK,CZ
"Deštné v Orl.h.,,odb.Špičák",50.32244,16.328638,RK,CZ
"Deštné v Orl.h.,,Zákoutí hotel Orlice",50.299454,16.373735,RK,CZ
"Deštné v Orl.h.,Jedlová,chata Kristýna",50.29156,16.345669,RK,CZ
"Deštné v Orl.h.,,Plasnice",50.320732,16.316244,RK,CZ
"Deštné v Orl.h.,,Šerlich",50.3233,16.389929,RK,CZ
"Dětřichov,,MŠ",49.801937,16.528475,SY,CZ
"Dětřichov,,pož.zbroj.",49.79997,16.533325,SY,CZ
"Dětřichov,Víska",49.804115,16.548542,SY,CZ
"Přelouč,,Pardubická-centrum",50.038296,15.557784,PA,CZ
"Přelouč,,Čáslavská",50.035812,15.550725,PA,CZ
"Přelouč,,Jihlavská",50.036167,15.550322,PA,CZ
"Přelouč,,Kladenská MŠ",50.033318,15.557814,PA,CZ
"Přelouč,,Kladenská škola",50.037174,15.55813,PA,CZ
"Přelouč,,Lipiny",50.033302,15.549451,PA,CZ
"České Meziříčí,,hřbitov",50.286133,16.038044,RK,CZ
"Dětřichov u Mor.Třebové,,obchod",49.78755,16.705757,SY,CZ
"Litomyšl,,nemocnice",49.86463,16.31218,SY,CZ
"Dětřichov u Mor.Třebové,,kaplička",49.785397,16.713552,SY,CZ
"České Meziříčí,,Malé Meziříčí",50.297474,16.013588,RK,CZ
"Kněžnice,,Peklo",50.499237,15.3396,JC,CZ
"Martinice v Krk.,,žel.st.",50.58108,15.541002,SM,CZ
"Dvůr Králové n.L.,,17.listopadu",50.429474,15.816279,TU,CZ
"Horní Jelení,,Miroslavská",50.047943,16.078762,PA,CZ
"Třebechovice p.Oreb.,,žel.st.",50.20051,15.982822,HK,CZ
"Chrudim,,obchodní centrum",49.946243,15.808828,CR,CZ
"Hajnice,Horní Žďár,odb.",50.4865,15.882443,TU,CZ
"Podhorní Újezd a Vojice,Vojice,náves",50.390736,15.509966,JC,CZ
"Chyjice,,rybník",50.39887,15.282114,JC,CZ
"Albrechtice,,u splavu",49.921444,16.643654,UO,CZ
"Staré Buky,Dolní Staré Buky,samoty",50.556355,15.85684,TU,CZ
"Kacákova Lhota,,odb.Náchodsko",50.404648,15.399194,JC,CZ
"Kacákova Lhota,,Náchodsko",50.40885,15.41112,JC,CZ
"Libčany,,jídelna",50.191452,15.69205,HK,CZ
"Hradec Králové,Březhrad,bytovky",50.174454,15.796331,HK,CZ
"Dílce,,odb.",50.466625,15.3435,JC,CZ
"Kratonohy,,dětské hřiště",50.1693,15.607249,HK,CZ
"Obědovice,,ObÚ",50.160885,15.583042,HK,CZ
"Lípa n.Orl.,,MŠ",50.135918,16.097603,RK,CZ
"Lípa n.Orl.,,u Bartošů",50.13248,16.104738,RK,CZ
"Týniště n.Orl.,Petrovičky,autoservis",50.168358,16.030699,RK,CZ
"Týniště n.Orl.,Petrovičky,u Matušků",50.17186,16.03233,RK,CZ
"Týniště n.Orl.,Petrovice,škola",50.17273,16.039309,RK,CZ
"Týniště n.Orl.,Petrovice,zvonička",50.172295,16.042557,RK,CZ
"Týniště n.Orl.,Petrovice,u Škopů",50.168453,16.047922,RK,CZ
"Týniště n.Orl.,,hřbitov",50.15544,16.067678,RK,CZ
"Týniště n.Orl.,,Geriatrické centrum",50.150623,16.071745,RK,CZ
"Kladruby n.L.,,stará váha",50.05719,15.481689,PA,CZ
"Trutnov,Poříčí,žel.st.střed",50.578217,15.946038,TU,CZ
"Načešice,,Vlastějov",49.932964,15.620602,CR,CZ
"Vrchlabí,,Střelnice",50.63142,15.609981,TU,CZ
"Heřmanův Městec,,nádraží",49.9505,15.658824,CR,CZ
"Batňovice,,Verpán",50.511345,16.052938,TU,CZ
"Čermná n.Orl.,Číčová,Zbytka",50.065952,16.167448,RK,CZ
"Vysoké Mýto,Domoradice,U Prodejny",49.93578,16.090742,UO,CZ
"Boharyně,Homyle,hlavní silnice",50.201794,15.641462,HK,CZ
"Káranice,,žel.st.",50.154774,15.561419,HK,CZ
"Týniště n.Orl.,,V Sítinách",50.152534,16.080511,RK,CZ
"Batňovice,,ObÚ",50.5159,16.046928,TU,CZ
"Letohrad,,kult.dům",50.033096,16.50905,UO,CZ
"Pardubice,Černá za Bory,silo",50.027023,15.812164,PA,CZ
"Pardubice,Černá za Bory",50.024345,15.835083,PA,CZ
"Pardubice,Staré Čívice,JTEKT",50.0235,15.6854515,PA,CZ
"Pardubice,Staré Čívice,KYB",50.02453,15.681364,PA,CZ
"Pardubice,Nemošice,škola",50.011246,15.7963085,PA,CZ
"Dašice,Pod Dubem",50.026802,15.854953,PA,CZ
"Batňovice,,Na Mýtě",50.514023,16.031828,TU,CZ
"Starý Mateřov,,točna",50.001205,15.723778,PA,CZ
"Pardubice,Pardubičky,točna",50.02525,15.792977,PA,CZ
"Pardubice,,Globus",50.05908,15.754937,PA,CZ
"Pardubice,,ERA Zámeček",50.025707,15.803069,PA,CZ
"Pardubice,,Poděbradská",50.054653,15.762435,PA,CZ
"Pardubice,,Hlavní nádraží",50.03284,15.754644,PA,CZ
"Batňovice,,kostel",50.518253,16.038233,TU,CZ
"Pardubice,,Hlaváčova",50.031715,15.775303,PA,CZ
"Hradec Králové,,Anenské náměstí",50.20402,15.793014,HK,CZ
"Hradec Králové,,Bláhovka",50.201862,15.779595,HK,CZ
"Divec,,odb.",50.234394,15.920727,HK,CZ
"Hradec Králové,,Fakultní nem. UK",50.199375,15.832682,HK,CZ
"Hradec Králové,,Hotel Garni",50.200645,15.84355,HK,CZ
"Hradec Králové,Svinary,Křižovatka Běleč",50.21302,15.908655,HK,CZ
"Hradec Králové,Malšova Lhota,náves",50.207424,15.881372,HK,CZ
"Hradec Králové,Malšovice,U Čechů",50.20455,15.857311,HK,CZ
"Hradec Králové,,Ostravská",50.21822,15.887879,HK,CZ
"Hradec Králové,Plačice",50.19303,15.776475,HK,CZ
"Hradec Králové,Plotiště n.L.,škola",50.22594,15.803744,HK,CZ
"Hradec Králové,Pouchov,kostel",50.23038,15.847704,HK,CZ
"Předměřice n.L.,,cukrovar",50.252594,15.813667,HK,CZ
"Hradec Králové,Slatina,zahrádky",50.229004,15.888616,HK,CZ
"Hradec Králové,Slatina,zastávka",50.231747,15.8905735,HK,CZ
"Hradec Králové,,Sněžka",50.223564,15.8694105,HK,CZ
"Hradec Králové,,Stará nemocnice",50.208393,15.840447,HK,CZ
Stěžery,50.21206,15.755544,HK,CZ
"Hradec Králové,Svinary",50.210594,15.90403,HK,CZ
"Hradec Králové,Pouchov,U Lupínků",50.234715,15.851311,HK,CZ
"Hradec Králové,,Veterinární škola",50.20847,15.801828,HK,CZ
"Hradec Králové,,Zimní stadion",50.20713,15.832395,HK,CZ
"Hradec Králové,Březhrad,Makro",50.179287,15.80299,HK,CZ
"Hradec Králové,,Nový Hradec Králové",50.17677,15.855704,HK,CZ
"Špindlerův Mlýn,,parkovací terminál",50.72383,15.592134,TU,CZ
"Špindlerův Mlýn,,zotavovna Grand",50.730026,15.608445,TU,CZ
"Špindlerův Mlýn,,Parkoviště P3 - Medvědín",50.73425,15.608589,TU,CZ
"Špindlerův Mlýn,,Davidovy boudy",50.7503,15.610222,TU,CZ
"Špindlerův Mlýn,,Jelení boudy - dolní",50.75394,15.615501,TU,CZ
"Živanice,Dědek",50.070282,15.656756,PA,CZ
"Stolany,,u Chvojků",49.929634,15.74379,CR,CZ
"Borohrádek,,žel.st.",50.096954,16.086527,RK,CZ
"Vinary,,ObÚ",49.958984,16.061409,UO,CZ
"Písečná,,vlek",50.045097,16.45656,UO,CZ
"Zábrodí,,LIGO",50.45972,16.112228,NA,CZ
"Opatov,,V Zádolkách",49.847164,16.473616,SY,CZ
"Třebovice,,u parku",49.857964,16.501474,UO,CZ
"Třebovice,,rybník Hvězda",49.85252,16.49827,UO,CZ
"Červená Voda,,žel.zast.Moravský Karlov",50.025696,16.75486,UO,CZ
"Lichkov,,žel.st.",50.09692,16.65881,UO,CZ
"Suchovršice,,has.zbroj.",50.5238,15.997102,TU,CZ
"Dvůr Králové n.L.,,Štefánikova",50.4349,15.805576,TU,CZ
"Dlouhá Loučka,,hostinec",49.70766,16.64033,SY,CZ
"Dlouhá Loučka,,samota",49.716774,16.638758,SY,CZ
"Dlouhá Loučka,,škola",49.70055,16.64141,SY,CZ
"Albrechtice n.Orl.,,obchodní centrum",50.144264,16.061684,RK,CZ
"Dlouhá Třebová,,u Vaňků",49.93884,16.425625,UO,CZ
"Dlouhá Třebová,,kovárna",49.950047,16.419529,UO,CZ
"Dlouhá Třebová,,Na špici",49.928936,16.43404,UO,CZ
"Dlouhá Třebová,,prodejna",49.94261,16.42171,UO,CZ
"Dlouhá Třebová,,Zacharovec",49.927837,16.423113,UO,CZ
"Dlouhá Třebová,,transformátor",49.945435,16.420069,UO,CZ
"Dlouhoňovice,,Hejnická",50.071068,16.435787,UO,CZ
"Dlouhoňovice,,Hlavní",50.070747,16.444057,UO,CZ
"Dlouhoňovice,,odb.Hejnice",50.07183,16.436953,UO,CZ
"Dlouhoňovice,,odb.Písečná",50.070274,16.450392,UO,CZ
"Dlouhoňovice,,ObÚ",50.069283,16.440723,UO,CZ
"Svatý Jiří,,bytovky",49.973347,16.271194,UO,CZ
"Rokytno,Bohumileč,hřiště",50.099136,15.857973,PA,CZ
"Chrudim,,hasič.stanice",49.951164,15.806365,CR,CZ
"Zdobnice,Kačerov,alej",50.229233,16.364614,RK,CZ
"Zdobnice,Kunčina Ves,MVE",50.21148,16.397564,RK,CZ
"Sezemice,,škola",50.06337,15.85718,PA,CZ
"Dobrá Voda u Hořic,,kult.dům",50.35371,15.607829,JC,CZ
"Dobrá Voda u Hořic,,pošta",50.349636,15.603757,JC,CZ
"Dobrá Voda u Hořic,,váha",50.344547,15.606128,JC,CZ
"Újezd u Chocně,Chloumek,rozc.",50.024063,16.181194,UO,CZ
"Dobré,,aut.st.",50.269154,16.263382,RK,CZ
"Dobré,,most",50.27135,16.265707,RK,CZ
"Dobré,,Živina",50.259777,16.26792,RK,CZ
"Dobré,Hlinné",50.257114,16.272575,RK,CZ
"Dobré,Kamenice",50.2769,16.253403,RK,CZ
"Dobré,Kamenice,Žákovec",50.279945,16.2467,RK,CZ
"Dobré,Rovné,klubovna",50.283504,16.28513,RK,CZ
"Dobré,Rovné,u Petříkových",50.281277,16.277025,RK,CZ
"Nová Ves,,Kvartýr",50.13802,16.039787,RK,CZ
"Choltice,,Pardubická",49.988834,15.624035,PA,CZ
"Rychnovek,Zvole,náves",50.363213,15.980304,NA,CZ
"Hořice,,nemocnice",50.369175,15.640192,JC,CZ
"Veliš,,škola",50.409336,15.313654,JC,CZ
"Holice,,SŠA",50.068726,15.990373,PA,CZ
"Uhersko,,žel.st.-přejezd",49.98752,16.016157,CR,CZ
"Řestoky,,prodejna",49.92172,15.916058,CR,CZ
"Litomyšl,,krytý bazén",49.866077,16.320225,SY,CZ
"Tetov,,prodejna",50.08063,15.445303,PA,CZ
"Dobruška,,aut.st.",50.28987,16.152891,RK,CZ
"Dobruška,,Grafitec",50.283783,16.151295,RK,CZ
"Dobruška,,gymnázium",50.294006,16.149544,RK,CZ
"Dobruška,,hřbitov",50.297707,16.169622,RK,CZ
"Dobruška,,Laichterova",50.29178,16.163015,RK,CZ
"Dobruška,,škola",50.294846,16.166256,RK,CZ
"Dobruška,Běstviny",50.32069,16.147583,RK,CZ
"Dobruška,,Doly",50.301308,16.17544,RK,CZ
"Dobruška,Domašín,hostinec",50.290382,16.199722,RK,CZ
"Dobruška,Domašín,odb.Bačetín",50.289913,16.213747,RK,CZ
"Dobruška,Chábory",50.2727,16.193945,RK,CZ
"Dobruška,Křovice",50.302975,16.161585,RK,CZ
"Dobruška,Křovice,skládka",50.311768,16.156282,RK,CZ
"Dobruška,Pulice,has.zbroj.",50.296547,16.136442,RK,CZ
"Dobruška,Pulice,ZD",50.293438,16.123549,RK,CZ
"Dobruška,Spáleniště",50.285107,16.224611,RK,CZ
"Dobruška,Spáleniště,dolní",50.282246,16.24004,RK,CZ
"Dobruška,Spáleniště,u kříže",50.282997,16.233223,RK,CZ
Dobřany,50.322414,16.284649,RK,CZ
"Albrechtice n.Orl.,,1.máje",50.1393,16.063107,RK,CZ
"Dobřenice,,bytovky",50.142544,15.6388,HK,CZ
"Dobřenice,,škola",50.149727,15.642949,HK,CZ
"Syrovátka,,žel.st.Dobřenice",50.15934,15.656601,HK,CZ
"Dobříkov,,škola",50.00286,16.131275,UO,CZ
"Dobříkov,Rzy",50.004093,16.120667,UO,CZ
"Albrechtice n.Orl.,,Borek",50.14299,16.056091,RK,CZ
Dolany,50.380966,15.957593,NA,CZ
"Dolany,,váha",50.38692,15.959545,NA,CZ
"Dolany,Čáslavky",50.37626,15.946216,NA,CZ
"Dolany,Krabčice",50.393974,15.947142,NA,CZ
"Dolany,Sebuč",50.39618,15.973795,NA,CZ
"Dolany,Svinišťany",50.3916,15.985868,NA,CZ
"Dolany,,střed",50.113857,15.68927,PA,CZ
"Dolany,,V chalupách",50.107647,15.692651,PA,CZ
"Opatov,,dolní konec",49.839825,16.507164,SY,CZ
"Lipoltice,Pelechov,odb.",49.9911,15.547626,PA,CZ
"Hořice,,Barákova",50.364132,15.632126,JC,CZ
"Konecchlumí,,odb.Kovač",50.40109,15.480229,JC,CZ
"Semtěš,,za křižovatkou",49.959106,15.513496,KH,CZ
"Městečko Trnávka,Ludvíkov",49.71045,16.678703,SY,CZ
"Široký Důl,,Flídr",49.743637,16.222633,SY,CZ
"Lipoltice,,nová has.zbroj.",49.988285,15.56844,PA,CZ
"Ostřešany,,hřiště",49.9985,15.798568,PA,CZ
"Zlatá Olešnice,,u hájenky",50.60233,15.950745,TU,CZ
"Zlatá Olešnice,,střed",50.615524,15.945585,TU,CZ
"Semily,,Terminál",50.60341,15.323467,SM,CZ
"Trutnov,Starý Rokytník,střed",50.53792,15.944068,TU,CZ
"Nový Bydžov,,Terminál HD",50.243374,15.485544,HK,CZ
"Chrudim,,Škroupova",49.946224,15.790948,CR,CZ
"Týniště n.Orl.,,Okružní",50.15492,16.08149,RK,CZ
"Dolní Kalná,Slemeno,náves",50.540432,15.664577,TU,CZ
"Libáň,,aut.st.",50.37431,15.216084,JC,CZ
"Střemošice,Bílý Kůň,hřiště",49.882046,16.067669,CR,CZ
"Němčice,,rybníček",50.090683,15.80653,PA,CZ
"Košťálov,,žel.st.",50.569714,15.4015875,SM,CZ
"Skuteč,Zbožnov,rybník",49.85334,16.020359,CR,CZ
Dolní Bezděkov,49.957657,15.882658,CR,CZ
"Dolní Bezděkov,,ObÚ",49.95701,15.88144,CR,CZ
"Dolní Bezděkov,,kaple",49.961002,15.88369,CR,CZ
"Střemošice,Bílý Kůň,odb.Doly",49.881405,16.067265,CR,CZ
"Trutnov,,Rozcestí 1866",50.55392,15.913755,TU,CZ
"Dolní Branná,,mostek",50.59101,15.600837,TU,CZ
"Dolní Branná,,prodejna",50.59314,15.593404,TU,CZ
"Nová Paka,Vrchovina,dolní",50.504204,15.533935,JC,CZ
"Dolní Branná,,pošta",50.592163,15.593439,TU,CZ
"Dolní Branná,,továrna",50.589214,15.61087,TU,CZ
"Královec,,žel.přejezd",50.67101,15.968053,TU,CZ
"Bílé Poličany,,u špejcharu",50.390022,15.729588,TU,CZ
"Týniště n.Orl.,,knihovna",50.156765,16.083227,RK,CZ
"Pilníkov,,Starobucká",50.54163,15.834943,TU,CZ
"Zdelov,,koupaliště",50.104683,16.137009,RK,CZ
"Dolní Čermná,,Na Letné",49.974403,16.584137,UO,CZ
"Dolní Čermná,,nám.",49.97931,16.565329,UO,CZ
"Dolní Čermná,,Tesla",49.98342,16.560627,UO,CZ
"Dolní Čermná,,u rybníka",49.976845,16.575743,UO,CZ
"Dolní Čermná,Jakubovice",49.955265,16.564714,UO,CZ
"Dolní Dobrouč,,autodílna",50.00123,16.491941,UO,CZ
"Tłumaczów,Tłumaczówek",50.553295,16.425371,,PL
"Dolní Dobrouč,,hostinec",50.005047,16.486912,UO,CZ
"Dolní Dobrouč,,Šejv",50.007927,16.47588,UO,CZ
"Dolní Dobrouč,,Na Rychtě",49.994217,16.497047,UO,CZ
"Dolní Dobrouč,,zdrav.stř.",49.984917,16.500212,UO,CZ
"Dolní Dobrouč,,ADOR",49.981163,16.499695,UO,CZ
"Dolní Dobrouč,,žel.zast.",50.01278,16.475218,UO,CZ
"Dolní Dobrouč,Hor.Dobrouč,hostinec",49.96568,16.51328,UO,CZ
"Dolní Dobrouč,Hor.Dobrouč,odb.Houžovec",49.972553,16.503546,UO,CZ
"Dolní Dobrouč,Hor.Dobrouč,točna",49.957844,16.511122,UO,CZ
"Dolní Dobrouč,Lanšperk,žel.zast.",49.993042,16.447227,UO,CZ
"Dolní Dvůr,,odb.Hádek",50.64728,15.660136,TU,CZ
"Dolní Dvůr,,hotel Morava",50.65578,15.65602,TU,CZ
"Trutnov,Babí,střed",50.61987,15.905256,TU,CZ
"Dolní Dvůr,,nám.",50.652126,15.655707,TU,CZ
"Bernartice,,kolonie",50.65468,15.968415,TU,CZ
"Horní Heřmanice,,ObÚ",49.960583,16.705652,UO,CZ
"Černíkovice,Domašín,kaplička",50.17945,16.223988,RK,CZ
"Karlovice,Radvánovice,žel.st.Hrubá Skála",50.549885,15.214283,SM,CZ
"Chvalkovice,,HARTMANN-RICO",50.419956,15.973455,NA,CZ
"Dolní Kalná,,aut.st.",50.53927,15.642449,TU,CZ
"Dolní Kalná,,horní",50.553635,15.6312,TU,CZ
"Dolní Kalná,,střed",50.54862,15.635334,TU,CZ
"Dolní Kalná,Slemeno,odb.",50.537525,15.659376,TU,CZ
"Dolní Kalná,,Velveta",50.538246,15.634103,TU,CZ
"Jaroměř,Josefov,sokolovna",50.338146,15.931048,NA,CZ
"Bartošovice v Orl.h.,,Kopeček",50.163315,16.553972,RK,CZ
"Dolní Lánov,,Malá Sněžka",50.57977,15.669172,TU,CZ
"Dolní Lánov,,prodejna",50.593746,15.66161,TU,CZ
"Dolní Lánov,,u kostela",50.604736,15.660926,TU,CZ
"Kudowa Zdrój,Slone,granica",50.431606,16.198528,,PL
"Dolní Lánov,,pod lanovkou",50.587498,15.663871,TU,CZ
"Dolní Lochov,,hlavní silnice",50.455875,15.285373,JC,CZ
"Moravská Třebová,,žel.st.",49.76696,16.66591,SY,CZ
"Konecchlumí,,střed",50.403515,15.482794,JC,CZ
"Koclířov,Hřebeč,U Tety",49.748363,16.577595,SY,CZ
"Litomyšl,Pohodlí,průmyslová zóna",49.812508,16.300787,SY,CZ
"Litomyšl,Pohodlí,Bohemiatex",49.810123,16.299982,SY,CZ
"Benecko,,ObÚ",50.66682,15.548297,SM,CZ
"Vamberk,,sokolovna",50.11602,16.290627,RK,CZ
"Pec p.Sněžkou,Velká Úpa,most",50.692596,15.801281,TU,CZ
"Malá Úpa,,Spálený Mlýn",50.70647,15.805969,TU,CZ
"Rychnov n.Kněž.,,střed",50.163143,16.27114,RK,CZ
"Hrubá Skála,Borek,žel.zast.",50.535625,15.231197,SM,CZ
"Lampertice,,Královecká",50.67225,15.939158,TU,CZ
"Vrchlabí,,Penzion pro seniory",50.61507,15.606276,TU,CZ
"Dolní Morava,,Krčma",50.121925,16.799599,UO,CZ
"Dolní Morava,,kaple",50.10906,16.798973,UO,CZ
"Dolní Morava,Velká Morava,konečná",50.154655,16.813318,UO,CZ
"Dolní Morava,Velká Morava,U Slona",50.141724,16.806852,UO,CZ
"Libotov,,u parku",50.401196,15.810599,TU,CZ
"Dolní Morava,Velká Morava,lesovna",50.14933,16.810785,UO,CZ
"Dolní Morava,,mlékárna",50.11389,16.797434,UO,CZ
"Dolní Morava,Velká Morava,tábor",50.136726,16.804596,UO,CZ
"Opatovice n.L.,,točna",50.154984,15.790872,PA,CZ
"Dolní Morava,Velká Morava,prodejna",50.12976,16.800707,UO,CZ
"Nový Bydžov,Zábědov,prům.zóna",50.221138,15.479665,HK,CZ
"Světí,,jih",50.254993,15.780817,HK,CZ
"Dolní Olešnice,,hostinec",50.52551,15.696196,TU,CZ
"Dolní Olešnice,,kostel",50.524117,15.711957,TU,CZ
"Dolní Olešnice,,Nové Zámky",50.516106,15.737033,TU,CZ
"Dolní Olešnice,,Nové Zámky křiž.",50.515804,15.739013,TU,CZ
"Miřetice,Krupínské Paseky,odb.",49.837074,15.841367,CR,CZ
"Dolní Přím,,odb.Probluz",50.239723,15.713594,HK,CZ
"Dolní Přím,,pošta",50.239983,15.707621,HK,CZ
"Kosičky,,písník",50.161797,15.551285,HK,CZ
"Dolní Přím,Horní Přím",50.23098,15.7152,HK,CZ
"Ledce,,parkoviště",50.22381,16.041948,HK,CZ
"Markvartice,Rakov,Markvartická",50.428314,15.219226,JC,CZ
"Trotina,,odb.Zdobín",50.409756,15.715697,TU,CZ
"Úbislavice,,most",50.46553,15.474515,JC,CZ
"Úhlejov,,ObÚ",50.423065,15.687214,JC,CZ
"Velké Svatoňovice,,Horní Valy",50.52515,16.03884,TU,CZ
"Pilníkov,,žel.zast.Vlčice",50.547585,15.835432,TU,CZ
"Dolní Přím,Horní Přím,odb.",50.23584,15.725974,HK,CZ
"Nechanice,Lubno,odb.Jehlice",50.240475,15.67971,HK,CZ
"Dolní Přím,Nový Přím,odb.",50.23331,15.698044,HK,CZ
"Dolní Radechová,,lom",50.44443,16.148502,NA,CZ
"Dolní Radechová,,ObÚ",50.437405,16.152742,NA,CZ
"Dolní Radechová,,odb.Kosná Hora",50.43268,16.158506,NA,CZ
"Dolní Roveň,,ObÚ",50.029854,15.968629,PA,CZ
"Dolní Roveň,,škola",50.02424,15.978966,PA,CZ
"Dolní Roveň,,u Novákových",50.03494,15.960029,PA,CZ
"Dolní Roveň,Horní Roveň,has.zbroj.",50.021442,15.994241,PA,CZ
"Svratka,,rozc.Chlumětín",49.708977,16.005552,ZR,CZ
"Dolní Roveň,Horní Roveň,škola",50.022823,15.983372,PA,CZ
"Dolní Roveň,Horní Roveň,u Čihákových",50.022552,16.00197,PA,CZ
"Dolní Roveň,Komárov",50.04088,15.943396,PA,CZ
"Dolní Roveň,Litětiny",50.020935,16.016565,PA,CZ
Běchary,50.313854,15.292748,JC,CZ
"Zaloňov,Rtyně,obec",50.362724,15.871394,NA,CZ
"Police n.Met.,,nákupní centrum",50.53957,16.233288,NA,CZ
"Dolní Ředice,,odb.Drahoš",50.08259,15.90913,PA,CZ
"Dolní Ředice,,Holická",50.07706,15.930363,PA,CZ
"Pec p.Sněžkou,,dopravní terminál",50.69256,15.747591,TU,CZ
"Dolní Ředice,,samoobsluha",50.07899,15.920142,PA,CZ
"Velký Třebešov,,škola",50.3961,16.005793,NA,CZ
"Dolní Újezd,,lihovar",49.831345,16.261396,SY,CZ
"Dolní Újezd,,pošta",49.82595,16.254763,SY,CZ
"Dolní Újezd,,u Koruny",49.821304,16.249756,SY,CZ
"Dolní Újezd,,most",49.81812,16.249794,SY,CZ
"Dolní Újezd,,Jiříkov",49.844246,16.25366,SY,CZ
"Dolní Újezd,,Václavky",49.850475,16.242638,SY,CZ
"Podhořany u Ronova,,Pod Zámkem",49.934895,15.532047,CR,CZ
"Choltice,,Větrná",49.989967,15.625316,PA,CZ
"Železnice,Cidlina,statek",50.495113,15.351801,JC,CZ
"Boharyně,,hospoda",50.204468,15.631135,HK,CZ
"Boharyně,,odb.Puchlovice",50.203537,15.632587,HK,CZ
"Třebařov,,střed",49.83708,16.701303,SY,CZ
"Nemojov,Horní Nemojov",50.470974,15.746861,TU,CZ
"Mistrovice,,odb.Sobkovice",50.038773,16.57572,UO,CZ
"Nekoř,,u mostu směr Žamberk",50.06473,16.539087,UO,CZ
"Kudowa Zdrój,,targowisko",50.435493,16.232885,,PL
"Wlodowice,,Kościół",50.575104,16.475872,,PL
"Nowa Ruda,Słupiec,Klodzka/Kwiatkow",50.544926,16.553024,,PL
"Nowa Ruda,Słupiec,Intermarche",50.54346,16.554655,,PL
"Nowa Ruda,,Fredry/Sportowa",50.57973,16.494156,,PL
"Nowa Ruda,,Szpital/Pilsudskiego",50.585983,16.50326,,PL
"Nowa Ruda,Słupiec,os.Waryńskiego",50.551834,16.548504,,PL
"Tłumaczów,Rudawa",50.55467,16.43417,,PL
"Ścinawka Górna,Sarny,skrz.",50.548588,16.464212,,PL
"Nowa Ruda,,Plac Grunwaldzki",50.582153,16.501385,,PL
"Dříteč,,Golf Resort Kh",50.11229,15.820139,PA,CZ
"Letohrad,,Nad Bažantnicí",50.042656,16.513266,UO,CZ
"Žďár n.Met.,,žel.zast.",50.537624,16.204273,NA,CZ
"Hořenice,,ObÚ",50.37186,15.90909,NA,CZ
"Hradec Králové,,XXXLutz",50.1862,15.802821,HK,CZ
"Orlické Záhoří,,skiareál",50.28624,16.453825,RK,CZ
"Cerekvice n.Loučnou,,škola tělocvična",49.901875,16.206545,SY,CZ
"Choltice,Ledec",49.97422,15.594308,PA,CZ
"Červená Voda,Mlýnický Dvůr,u zámečku",50.00432,16.74676,UO,CZ
"Sruby,,střed",49.994568,16.173426,UO,CZ
"Mezilečí,,u křížku",50.450634,15.978146,NA,CZ
"Rudník,Bolkov,kaplička",50.6336,15.726988,TU,CZ
"Nová Ves,,ObÚ",50.129433,16.045635,RK,CZ
"Polička,,žel.st.",49.718605,16.263859,SY,CZ
"Náchod,,zámek",50.42059,16.161545,NA,CZ
"Jičíněves,Keteň",50.366848,15.299783,JC,CZ
"Vysoké Mýto,Domoradice",49.935303,16.089153,UO,CZ
"Vysoké Mýto,Domoradice,hor.",49.936188,16.090519,UO,CZ
"Vysoké Mýto,Domoradice,křiž.Popovec",49.93271,16.087662,UO,CZ
"Vysoké Mýto,Domoradice,rozc.Popovec-Pěšice",49.93107,16.085451,UO,CZ
"Urbanice,,náves",50.180515,15.725809,HK,CZ
"Doubravice,,kaple",50.40583,15.76232,TU,CZ
"Doubravice,,hájovna",50.411953,15.760577,TU,CZ
"Doubravice,Velehrádek,farma",50.39608,15.758726,TU,CZ
"Doubravice,Velehrádek",50.39291,15.7574415,TU,CZ
"Doubravice,Zálesí",50.414845,15.779234,TU,CZ
"Doudleby n.Orl.,,Dukelská",50.106277,16.260391,RK,CZ
"Doudleby n.Orl.,,u hřbitova",50.112865,16.249834,RK,CZ
"Doudleby n.Orl.,,u váhy",50.109573,16.26119,RK,CZ
"Doudleby n.Orl.,Vyhnánov",50.102966,16.26013,RK,CZ
Dřenice,49.983017,15.745505,CR,CZ
Dřevěnice,50.452744,15.4476795,JC,CZ
"Dřevěnice,,Na Špici",50.44441,15.46148,JC,CZ
Dříteč,50.105328,15.808831,PA,CZ
Dubany,49.995605,15.725471,PA,CZ
"Dubany,,V alejích",49.99195,15.719412,PA,CZ
"Dubenec,,horní",50.389755,15.78141,TU,CZ
"Dubenec,,hostinec",50.370594,15.80863,TU,CZ
"Dubenec,,hřbitov",50.376846,15.814628,TU,CZ
"Dubenec,,kovárna",50.377903,15.793908,TU,CZ
"Dubenec,,škola",50.380596,15.7901945,TU,CZ
"Dubenec,,zdravotní středisko",50.3842,15.787075,TU,CZ
Dvakačovice,49.97881,15.893839,CR,CZ
"Dvůr Králové n.L.,,aut.st.",50.427647,15.815147,TU,CZ
"Dvůr Králové n.L.,Žireč,Na Borkách",50.418747,15.835319,TU,CZ
"Dvůr Králové n.L.,,E.Krásnohorské",50.435524,15.807097,TU,CZ
"Dvůr Králové n.L.,,Heydukova",50.42118,15.814936,TU,CZ
"Dvůr Králové n.L.,,hřbitov",50.447258,15.822927,TU,CZ
"Dvůr Králové n.L.,,Krkonošská",50.444614,15.828348,TU,CZ
"Dvůr Králové n.L.,,kostel",50.433727,15.813829,TU,CZ
"Dvůr Králové n.L.,,Hradecká",50.431488,15.824594,TU,CZ
"Dvůr Králové n.L.,,žel.st.",50.414135,15.797673,TU,CZ
"Dvůr Králové n.L.,,nemocnice",50.44864,15.816465,TU,CZ
"Dvůr Králové n.L.,,Nerudova",50.438087,15.813798,TU,CZ
"Dvůr Králové n.L.,,obecní domy",50.432926,15.809527,TU,CZ
"Dvůr Králové n.L.,,pila",50.417393,15.797929,TU,CZ
"Dvůr Králové n.L.,,Poděbradova",50.429577,15.808508,TU,CZ
"Dvůr Králové n.L.,,Tyršova",50.442543,15.821565,TU,CZ
"Dvůr Králové n.L.,,pošta",50.43261,15.8166685,TU,CZ
"Dvůr Králové n.L.,,Raisova garáže",50.418514,15.813236,TU,CZ
"Dvůr Králové n.L.,,oční škola",50.437496,15.819731,TU,CZ
"Dvůr Králové n.L.,,Smetanova",50.42202,15.801262,TU,CZ
"Dvůr Králové n.L.,,Spojených národů",50.440197,15.811274,TU,CZ
"Dvůr Králové n.L.,,Nedbalova",50.44448,15.817357,TU,CZ
"Dvůr Králové n.L.,,5.května",50.422504,15.807316,TU,CZ
"Dvůr Králové n.L.,,Vorlech",50.443043,15.8071165,TU,CZ
"Dvůr Králové n.L.,,Jaroměřská",50.418873,15.817119,TU,CZ
"Dvůr Králové n.L.,,nad žel.st.",50.414745,15.792975,TU,CZ
"Dvůr Králové n.L.,,Vánoční ozdoby",50.425533,15.812307,TU,CZ
"Dvůr Králové n.L.,Verdek",50.445694,15.788648,TU,CZ
"Dvůr Králové n.L.,Verdek,Podháj",50.454388,15.774036,TU,CZ
"Dvůr Králové n.L.,,Vrchlického",50.442272,15.815124,TU,CZ
"Dvůr Králové n.L.,,Strž",50.437096,15.80557,TU,CZ
"Dvůr Králové n.L.,Zboží",50.430912,15.84778,TU,CZ
"Dvůr Králové n.L.,,ZOO",50.435204,15.799955,TU,CZ
"Dvůr Králové n.L.,Lipnice",50.421707,15.786775,TU,CZ
"Dvůr Králové n.L.,Lipnice,elektrárna",50.421387,15.790131,TU,CZ
"Dvůr Králové n.L.,Lipnice,vlečka",50.421753,15.796601,TU,CZ
"Dvůr Králové n.L.,Lipnice,Zaháj",50.426647,15.775638,TU,CZ
"Dvůr Králové n.L.,Lipnice,ZD",50.424026,15.780694,TU,CZ
"Dvůr Králové n.L.,Žireč",50.414085,15.850313,TU,CZ
"Dvůr Králové n.L.,Žireč,Skřivanov",50.41544,15.845045,TU,CZ
Dymokury,50.2476,15.203956,NB,CZ
"Dymokury,,žel.zast.",50.254597,15.216232,NB,CZ
"Džbánov,,ObÚ",49.918438,16.160688,UO,CZ
"Gruna,,čekárna",49.76804,16.741613,SY,CZ
"Gruna,,Na Rychtě",49.758816,16.742727,SY,CZ
"Gruna,,odb.",49.76976,16.739729,SY,CZ
"Gruna,,hrad Radkov",49.748455,16.733355,SY,CZ
"Gruna,Žipotín",49.771626,16.764748,SY,CZ
"Běleč n.Orl.,,náves",50.197636,15.942043,HK,CZ
"Habřina,,střed",50.32666,15.827095,HK,CZ
"Habřina,,škola",50.332817,15.839941,HK,CZ
"Bukovka,,Habřinka",50.103794,15.636288,PA,CZ
"Hajnice,,Kyje",50.489773,15.924884,TU,CZ
"Hajnice,,ObÚ",50.487667,15.908332,TU,CZ
"Hajnice,,rozc.Maršov",50.48848,15.940267,TU,CZ
"Hajnice,,rozc.Studenec",50.493496,15.94526,TU,CZ
"Hajnice,,u rybníka",50.482536,15.88871,TU,CZ
"Hajnice,Horní Žďár,odb.Hajnice",50.48449,15.879935,TU,CZ
"Hajnice,Horní Žďár,Výšinka",50.48027,15.873423,TU,CZ
"Hamry,,Ovčín odb.",49.731194,15.932857,CR,CZ
"Hamry,,penzion",49.738014,15.929904,CR,CZ
"Hamry,,Stráň",49.742485,15.928437,CR,CZ
"Hanušovice,,Potraviny",50.07741,16.93249,SU,CZ
"Hanušovice,Žleb,rozc.",50.08838,16.914291,SU,CZ
"Havlovice,,ObÚ",50.48812,16.029312,TU,CZ
"Havlovice,,odb.Muchov",50.482353,16.021837,TU,CZ
"Havlovice,,lávka",50.495056,16.02513,TU,CZ
"Hejnice,,odb.Křižánky",50.046062,16.386768,UO,CZ
"Hejnice,,horní",50.061283,16.40017,UO,CZ
"Hejnice,,Kučerův kopec",50.063416,16.409897,UO,CZ
"Hejnice,,nám.",50.05604,16.399204,UO,CZ
"Hejtmánkovice,,hostinec",50.604424,16.289915,NA,CZ
"Hejtmánkovice,,kult.dům",50.59924,16.29906,NA,CZ
"Hejtmánkovice,,u dubu",50.607143,16.28209,NA,CZ
"Hejtmánkovice,,kovárna",50.594772,16.315874,NA,CZ
"Helvíkovice,Houkov",50.111046,16.448347,UO,CZ
"Helvíkovice,,Na skále",50.101078,16.44858,UO,CZ
"Helvíkovice,,Popluží",50.09241,16.43143,UO,CZ
"Žamberk,,Betlém",50.09405,16.445927,UO,CZ
"Helvíkovice,,Dolní Dvůr",50.096966,16.411602,UO,CZ
"Heřmanice,,pošta",50.379147,15.917936,NA,CZ
"Heřmanice,,BONO",50.3821,15.927388,NA,CZ
"Heřmanice,Běluň",50.386692,15.929927,NA,CZ
"Heřmanice,Brod",50.385647,15.910535,NA,CZ
"Heřmanice,Slotov",50.396675,15.899244,NA,CZ
"Heřmánkovice,,kampelička",50.62005,16.324078,NA,CZ
"Heřmánkovice,,celnice",50.633125,16.327248,NA,CZ
"Heřmánkovice,,točna",50.646236,16.332201,NA,CZ
"Heřmánkovice,,odb.Janovičky",50.63912,16.335012,NA,CZ
"Heřmánkovice,,ObÚ",50.628384,16.324142,NA,CZ
"Heřmánkovice,,rozc.",50.612877,16.323551,NA,CZ
"Heřmanův Městec,,bažantnice",49.945507,15.673268,CR,CZ
"Heřmanův Městec,,Havlíčkova",49.951263,15.672798,CR,CZ
"Heřmanův Městec,,Průhon",49.948936,15.652492,CR,CZ
"Heřmanův Městec,,nám.",49.94656,15.666988,CR,CZ
"Heřmanův Městec,,Eden",49.942513,15.661525,CR,CZ
"Heřmanův Městec,,Pokorného",49.93993,15.659416,CR,CZ
"Heřmanův Městec,Chotěnice",49.938957,15.686524,CR,CZ
"Heřmanův Městec,Chotěnice,náves",49.936844,15.693465,CR,CZ
"Heřmanův Městec,Konopáč",49.937824,15.647826,CR,CZ
"Heřmanův Městec,,hřbitov",49.940994,15.654223,CR,CZ
"Heřmanův Městec,,Nová Doubrava",49.952393,15.691679,CR,CZ
"Heřmanův Městec,,Nový Dvůr",49.946587,15.683465,CR,CZ
"Rozhovice,,Doubrava",49.96016,15.70075,CR,CZ
"Heřmanův Městec,Radlín",49.93117,15.682675,CR,CZ
Hlavečník,50.074757,15.427597,PA,CZ
Benátky,49.851578,16.326433,SY,CZ
"Hlinsko,,Čertovina",49.77881,15.935175,CR,CZ
"Benátky n.Bystř.,,Rybníček",50.31114,15.734365,HK,CZ
"Hlinsko,,škola Smetanova",49.76727,15.917092,CR,CZ
"Hlinsko,,kostel",49.76296,15.900703,CR,CZ
"Hlinsko,,nádr.",49.766743,15.903673,CR,CZ
"Hlinsko,,mlékárna",49.754467,15.895455,CR,CZ
"Hlinsko,,pošta",49.763638,15.912355,CR,CZ
"Hlinsko,,sídliště",49.764095,15.9191265,CR,CZ
"Hlinsko,,škola Resslova",49.760864,15.91151,CR,CZ
"Hlinsko,,Tylovo nám.",49.761322,15.908656,CR,CZ
"Hlinsko,,silo",49.767963,15.894985,CR,CZ
"Hlinsko,Blatno",49.758724,15.923618,CR,CZ
"Hlinsko,Chlum",49.718098,15.8608265,CR,CZ
"Hlinsko,Srní",49.781384,15.875341,CR,CZ
"Hluboká,,ObÚ",49.845295,16.071001,CR,CZ
"Hluboká,Střítež",49.85196,16.086159,CR,CZ
"Hlušice,,kult.dům",50.261913,15.404307,HK,CZ
"Hlušice,,škola",50.261852,15.400152,HK,CZ
"Hlušice,Hlušičky",50.262318,15.396377,HK,CZ
"Hnátnice,,horní",50.028927,16.4319,UO,CZ
"Hnátnice,,Struha",50.02057,16.437937,UO,CZ
"Hnátnice,,Spojka",50.001186,16.46438,UO,CZ
"Benecko,,Hančova bouda",50.670135,15.551506,SM,CZ
"Hnátnice,,MŠ",50.0156,16.447123,UO,CZ
"Hnátnice,,prodejna",50.01265,16.455544,UO,CZ
"Hnátnice,,Nebíčko",50.00275,16.459097,UO,CZ
"Hnátnice,,U Václava",49.993816,16.446169,UO,CZ
Hněvčeves,50.315117,15.716355,HK,CZ
"Benecko,,hotel Kubát",50.665993,15.556538,SM,CZ
"Benecko,,Skalka",50.666283,15.547866,SM,CZ
"Benecko,,Zlatá vyhlídka",50.662052,15.5577345,SM,CZ
"Benecko,Dolní Štěpanice,kampelička",50.637527,15.527521,SM,CZ
"Benecko,Dolní Štěpanice,Pod hradem",50.63906,15.540747,SM,CZ
"Benecko,Dolní Štěpanice,škola",50.633045,15.521801,SM,CZ
"Benecko,Dolní Štěpanice,u mostu",50.631077,15.518722,SM,CZ
"Benecko,Mrklov,has.zbroj.",50.645573,15.5587,SM,CZ
Hodonín,49.83719,15.787641,CR,CZ
"Benecko,Mrklov,na Křížovkách",50.645447,15.571869,SM,CZ
"Benecko,Mrklov,u Bubeníků",50.646988,15.55192,SM,CZ
"Benecko,Štěpanická Lhota,Alfonska",50.658215,15.547292,SM,CZ
"Benecko,Štěpanická Lhota,Prakovice",50.64566,15.544083,SM,CZ
"Benecko,Štěpanická Lhota,u lomu",50.65232,15.547017,SM,CZ
"Holetín,Dolní Holetín,prodejna",49.8067,15.921769,CR,CZ
"Holetín,Dolní Holetín,koupaliště",49.80112,15.927075,CR,CZ
"Holetín,Horní Holetín,kaple",49.792572,15.924372,CR,CZ
"Holetín,Horní Holetín,pošta",49.79432,15.923356,CR,CZ
"Holetín,Horní Holetín,žel.zast.",49.7882,15.925497,CR,CZ
"Holice,,aut.nádr.",50.069042,15.986358,PA,CZ
"Holice,,Muška",50.074345,15.981096,PA,CZ
"Holice,Staré Holice,hostinec",50.072235,16.010908,PA,CZ
"Holice,,Husova",50.075645,15.98891,PA,CZ
"Holice,Kamenec",50.087234,15.99311,PA,CZ
"Holice,,Staroholická",50.06981,16.003366,PA,CZ
"Holice,,Na Trandě",50.06841,15.994586,PA,CZ
"Holice,Staré Holice,K Zastávce",50.07604,16.026693,PA,CZ
"Holice,Podlesí",50.083176,15.982147,PA,CZ
"Holice,Staré Holice,MŠ",50.07325,16.017008,PA,CZ
"Holice,Koudelka",50.086758,16.025507,PA,CZ
"Holice,Podhráz",50.073265,15.973516,PA,CZ
"Holice,Roveňsko,kaple",50.05218,15.964507,PA,CZ
"Holice,Roveňsko,hřiště",50.05617,15.96636,PA,CZ
"Holín,,Fabio",50.448627,15.329403,JC,CZ
"Holín,,ObÚ",50.450726,15.322549,JC,CZ
"Holín,,odb.Prachovské skály",50.446873,15.323723,JC,CZ
"Holín,Horní Lochov",50.453083,15.299461,JC,CZ
"Holín,Pařezská Lhota,odb.Pařez",50.4805,15.283899,JC,CZ
"Holín,Pařezská Lhota,penzion",50.47388,15.292031,JC,CZ
"Holín,Prachov,Český ráj",50.464928,15.306688,JC,CZ
"Holín,Prachov,obec",50.464085,15.309956,JC,CZ
"Holín,Prachov,Skalní město",50.46913,15.297,JC,CZ
Holohlavy,50.308643,15.859128,HK,CZ
"Holotín,,rozc.",49.951126,15.582992,PA,CZ
"Holovousy,,hlavní silnice",50.37215,15.575118,JC,CZ
"Holovousy,,prodejna",50.375095,15.577207,JC,CZ
"Holovousy,Chodovice",50.375336,15.586485,JC,CZ
Honbice,49.9337,15.892803,CR,CZ
"Honbice,Libanice,křižovatka",49.935745,15.883594,CR,CZ
"Honbice,Libanice",49.93073,15.88014,CR,CZ
Horka,49.888042,15.917839,CR,CZ
"Horka,,žel.zast.",49.882915,15.912261,CR,CZ
"Horka,Hlína",49.860905,15.917614,CR,CZ
"Horka,Silnice,křiž.",49.87289,15.905707,CR,CZ
"Horka u St.Paky,,aut.st.",50.525948,15.574885,SM,CZ
"Horka u St.Paky,Nedaříž",50.52869,15.563198,SM,CZ
Horky,49.92037,16.243984,SY,CZ
"Horní Bradlo,,aut.st.",49.803654,15.742071,CR,CZ
"Horní Bradlo,Vršov,rekr.stř.",49.805748,15.731143,CR,CZ
"Horní Bradlo,Javorné",49.817238,15.766452,CR,CZ
"Horní Bradlo,Travná,zvonička",49.802124,15.767505,CR,CZ
"Horní Bradlo,Travná,most",49.80161,15.772743,CR,CZ
"Horní Bradlo,Vršov",49.814514,15.720666,CR,CZ
Horní Branná,50.60151,15.577914,SM,CZ
"Horní Branná,,kovárna",50.616318,15.56365,SM,CZ
"Horní Branná,,pošta",50.61089,15.568869,SM,CZ
"Horní Branná,Valteřice",50.62119,15.560435,SM,CZ
"Horní Branná,Valteřice,u mostu",50.619633,15.585384,SM,CZ
"Horní Brusnice,,dolní",50.46869,15.699797,TU,CZ
"Horní Brusnice,,pod kopečkem",50.47469,15.652996,TU,CZ
"Horní Brusnice,,ObÚ",50.47455,15.682929,TU,CZ
"Horní Brusnice,,pila",50.472603,15.665444,TU,CZ
"Horní Brusnice,,kostel",50.472767,15.683106,TU,CZ
"Horní Brusnice,,viadukt",50.465263,15.712774,TU,CZ
"Horní Brusnice,,horní",50.472202,15.674074,TU,CZ
"Horní Čermná,,Jednota",49.96272,16.610832,UO,CZ
"Horní Čermná,,Krčma",49.9737,16.605614,UO,CZ
"Horní Čermná,,křiž.Mariánská Hora",49.961906,16.59259,UO,CZ
"Horní Čermná,,sokolovna",49.96806,16.609161,UO,CZ
"Horní Čermná,,u čerpadla",49.973476,16.59606,UO,CZ
"Horní Čermná,Kalhoty",49.9868,16.598207,UO,CZ
"Horní Čermná,Nepomuky",49.958164,16.626797,UO,CZ
"Horní Heřmanice,,křižovatka",49.960804,16.711103,UO,CZ
"Horní Heřmanice,,Na větře",49.96223,16.728262,UO,CZ
"Horní Heřmanice,,Rýdrovice",49.96066,16.718466,UO,CZ
"Horní Heřmanice,,u fary",49.961594,16.702574,UO,CZ
"Horní Heřmanice,Dol.Heřmanice,autoservis",49.965534,16.683,UO,CZ
"Horní Heřmanice,Dol.Heřmanice,Chudoba",49.952957,16.694696,UO,CZ
"Horní Heřmanice,Dol.Heřmanice,Jednota",49.96363,16.69492,UO,CZ
"Horní Heřmanice,Dol.Heřmanice,samota",49.966473,16.677189,UO,CZ
"Horní Jelení,,nám.",50.048847,16.084604,PA,CZ
"Horní Jelení,,škola",50.045994,16.082682,PA,CZ
"Horní Jelení,Dolní Jelení,has.zbroj.",50.05048,16.106487,PA,CZ
"Horní Jelení,Dolní Jelení,Rousínov",50.049305,16.11761,PA,CZ
"Horní Kalná,,slévárna",50.57208,15.607449,TU,CZ
"Dolní Branná,,Bakov",50.585823,15.582366,TU,CZ
"Horní Kalná,,škola",50.56559,15.617524,TU,CZ
"Horní Kalná,,Bosna",50.558567,15.626633,TU,CZ
"Malá Úpa,,Černá Voda",50.724457,15.798241,TU,CZ
"Malá Úpa,,Pomezní Boudy",50.7448,15.820519,TU,CZ
"Malá Úpa,,u dolu",50.731773,15.793638,TU,CZ
"Malá Úpa,,Mokré Jámy",50.74009,15.809087,TU,CZ
"Malá Úpa,,Za větrem",50.736267,15.798502,TU,CZ
"Horní Maršov,,Maršov III",50.65233,15.818955,TU,CZ
"Horní Maršov,,most",50.660202,15.818903,TU,CZ
"Horní Maršov,Temný Důl,Veselý výlet",50.664528,15.806276,TU,CZ
"Horní Maršov,Temný Důl,brusírna",50.665813,15.795879,TU,CZ
"Horní Olešnice,,ObÚ",50.528973,15.680011,TU,CZ
"Horní Olešnice,,u Imlaufů",50.534264,15.676275,TU,CZ
"Horní Olešnice,,Přední Ždírnice",50.52859,15.658119,TU,CZ
"Horní Olešnice,,Zadní Ždírnice",50.520298,15.659601,TU,CZ
"Horní Radechová,,prodejna",50.465797,16.147635,NA,CZ
"Horní Radechová,,odb.Slavíkov",50.462074,16.14952,NA,CZ
"Horní Radechová,,Dolní Rybníky",50.453262,16.148834,NA,CZ
"Horní Ředice,,kostel",50.076115,15.943395,PA,CZ
"Horní Ředice,,ObÚ",50.07733,15.955899,PA,CZ
"Horní Ředice,Kladno",50.074448,15.967116,PA,CZ
"Horní Třešňovec,,kostel",49.94004,16.601673,UO,CZ
"Horní Třešňovec,,Národní dům",49.952106,16.598959,UO,CZ
"Horní Třešňovec,,ObÚ",49.94523,16.598558,UO,CZ
"Horní Újezd,,Černý mlýn",49.809864,16.233387,SY,CZ
"Horní Újezd,,kult.dům",49.80812,16.229303,SY,CZ
"Horní Újezd,Cikov",49.80508,16.218191,SY,CZ
"Horní Újezd,Krásnoves",49.80189,16.232243,SY,CZ
