Albertov,50.06725,14.42165
Albertov,50.06868,14.42045
Albertov,50.06782,14.4203
Ametystová,49.9882,14.36222
Amforová,50.04185,14.32728
Amforová,50.04171,14.32731
Anděl,50.07193,14.40363
Anděl,50.07195,14.40281
Anděl,50.0718,14.40423
Anděl,50.07098,14.40455
Anděl,50.0715,14.40293
Anděl,50.07152,14.40265
Anděl,50.07174,14.40195
Anděl,50.0695,14.40349
Anděl,50.0704,14.40405
Antala Staška,50.04169,14.44431
Antala Staška,50.04152,14.44441
Apolinářská,50.07151,14.42648
Apolinářská,50.07151,14.42703
Arbesovo náměstí,50.07625,14.4042
Arbesovo náměstí,50.07479,14.40454
Arbesovo náměstí,50.0764,14.4057
Arbesovo náměstí,50.07656,14.40545
Argentinská,50.10368,14.44343
Argentinská,50.10243,14.44308
Archeologická,50.04357,14.33688
Archeologická,50.04467,14.33875
Avia Letňany,50.14186,14.51549
Avia Letňany,50.14161,14.51598
Baba I,49.99793,14.41508
Baba I,49.99857,14.41511
Baba II,49.99959,14.41526
Baba II,49.99957,14.41488
Babice,50.00786,14.71487
Babice,50.00789,14.71482
"Babice,Babičky",50.00939,14.72616
"Babice,Babičky",50.00939,14.72611
"Babice,U hřiště",50.00971,14.71926
"Babice,U hřiště",50.00979,14.71876
"Bácovice,rozc.1.0",49.48248,15.18079
"Bácovice,rozc.1.0",49.48277,15.18078
Bachova,50.03119,14.50931
Bachova,50.0314,14.50862
"Bakov n.Jiz.,Chudoplesy",50.4574,14.93071
"Bakov n.Jiz.,Chudoplesy",50.45862,14.9309
"Bakov n.Jiz.,Komenského sady",50.48224,14.94299
"Bakov n.Jiz.,Komenského sady",50.48225,14.94289
"Bakov n.Jiz.,Pražská",50.47284,14.94409
"Bakov n.Jiz.,Pražská",50.47262,14.94367
"Bakov n.Jiz.,Trenčín",50.47121,14.94197
"Bakov n.Jiz.,Trenčín",50.47108,14.94225
"Bakov n.Jiz.,žel.zast.",50.47963,14.93986
"Bakov n.Jiz.,žel.zast.",50.47945,14.93942
Bakovská,50.13422,14.54929
Bakovská,50.13472,14.54938
Balabenka,50.10476,14.48281
Balabenka,50.10434,14.48188
Balabenka,50.10346,14.48279
Balabenka,50.10332,14.48255
Balkán,50.0954,14.49627
Balkán,50.0942,14.49623
Balkova Lhota,49.45169,14.60643
Balkova Lhota,49.45155,14.60652
"Balkova Lhota,Černý les",49.45337,14.59165
"Balkova Lhota,Černý les",49.45355,14.59154
"Balkova Lhota,Knížata rozc.1.0",49.45522,14.58851
"Balkova Lhota,Knížata rozc.1.0",49.45531,14.58858
"Balkova Lhota,Výrec",49.44555,14.6029
"Balkova Lhota,Výrec",49.44561,14.6031
Baně,49.95258,14.37909
Baně,49.95278,14.3792
Barchovice,49.94286,14.96927
"Barchovice,Hryzely",49.93559,14.98265
"Barchovice,Hryzely",49.93571,14.98263
"Barchovice,ObÚ",49.94538,14.9683
"Barchovice,ObÚ",49.94459,14.96862
"Barchovice,Radlice",49.93444,14.94591
"Barchovice,Radlice,rozc.",49.94902,14.95354
"Barchovice,Radlice,rozc.",49.94902,14.95352
Barrandovská,50.03153,14.39589
Bártlova,50.11901,14.63289
Bártlova,50.11885,14.63235
Barvy a laky,50.06549,14.53649
Barvy a laky,50.06552,14.53767
Basilejské náměstí,50.08706,14.47055
Basilejské náměstí,50.08731,14.47129
Bašť,50.20444,14.47383
Bašť,50.20449,14.47397
"Bašť,Baštěk",50.20511,14.46231
"Bašť,Baštěk",50.2038,14.46305
"Bašť,Měšická",50.20238,14.4844
"Bašť,Měšická",50.20231,14.48507
Bašteckého,50.03991,14.33638
Bašteckého,50.03997,14.33591
Baterie,50.09239,14.36983
Baterie,50.0924,14.36941
"Bavoryně,rozc.",49.90048,13.96112
"Bavoryně,rozc.",49.89997,13.96061
Bazar,50.09879,14.67163
Bazar,50.09871,14.6713
Bazén Hloubětín,50.10452,14.53579
Bazén Hloubětín,50.10443,14.53536
Bazovského,50.06735,14.30797
Bazovského,50.06697,14.30715
Bečovská,50.04282,14.58707
Bečovská,50.04341,14.5867
Bečváry,49.9568,15.08049
Bečváry,49.95683,15.07988
"Bečváry,Poďousy,rozc.",49.95684,15.10235
"Bečváry,Poďousy,rozc.",49.95677,15.10205
"Bečváry,Poďousy,rozc.",49.95604,15.10254
"Bečváry,Poďousy,rozc.",49.95616,15.10258
"Bečváry,žel.st.",49.95661,15.07063
"Bečváry,žel.st.",49.95665,15.07015
Běchovice,50.08086,14.6176
Běchovice,50.08104,14.61727
Běchovice,50.08163,14.61651
Běchovice,50.08131,14.6163
"Bělá p.Bezd.,Atmos",50.50747,14.79016
"Bělá p.Bezd.,Atmos",50.50738,14.79009
"Bělá p.Bezd.,Na Výsluní (ul. Paninodvorská)",50.4914,14.83028
"Bělá p.Bezd.,Na Výsluní (ul. Páterovská)",50.49445,14.83032
"Bělá p.Bezd.,nám.",50.50121,14.80257
"Bělá p.Bezd.,nám.",50.50108,14.80318
"Bělá p.Bezd.,Pražská",50.48992,14.84136
"Bělá p.Bezd.,Pražská",50.48986,14.8414
"Bělá p.Bezd.,u kapličky",50.50542,14.79494
"Bělá p.Bezd.,u kapličky",50.50511,14.79533
"Bělá p.Bezd.,u koníčka",50.50062,14.81074
"Bělá p.Bezd.,u koníčka",50.50019,14.81136
"Bělá p.Bezd.,u továrny",50.49551,14.82116
"Bělá p.Bezd.,u továrny",50.49628,14.81968
Belárie,50.01361,14.40188
Belárie,50.01296,14.4018
Běleč (KD),50.05709,13.99416
Běleč (KD),50.05704,13.99382
Bělocerkevská,50.07261,14.4703
Bělocerkevská,50.07118,14.47062
Bělocerkevská,50.0719,14.47008
Běloky,50.1323,14.22087
Běloky,50.13225,14.2206
Bělušice,50.06871,15.3215
Bělušice,50.06883,15.32148
"Bělušice,Na Dolejšku",50.06401,15.32637
"Bělušice,Na Dolejšku",50.06407,15.32641
"Benátky n.Jiz.,aut.st.",50.28554,14.82786
"Benátky n.Jiz.,aut.st.",50.28569,14.82757
"Benátky n.Jiz.,aut.st.",50.28592,14.82764
"Benátky n.Jiz.,aut.st.",50.28588,14.82779
"Benátky n.Jiz.,aut.st.",50.28585,14.82794
"Benátky n.Jiz.,aut.st.",50.2858,14.82806
"Benátky n.Jiz.,Kbel",50.29175,14.84487
"Benátky n.Jiz.,Kbel",50.29175,14.84446
"Benátky n.Jiz.,Obodř",50.28827,14.81839
"Benátky n.Jiz.,Obodř",50.28832,14.81834
"Benátky n.Jiz.,Ovčín",50.30818,14.85399
"Benátky n.Jiz.,Ovčín",50.30834,14.85371
"Benátky n.Jiz.,rozc.Sedlec",50.29333,14.79077
"Benátky n.Jiz.,rozc.Sedlec",50.29308,14.78967
"Benátky n.Jiz.,Soumarova",50.28889,14.82398
"Benátky n.Jiz.,Soumarova",50.28893,14.82395
"Benecko,Dolní Štěpanice,host.u Šmídů",50.63758,15.51707
"Benecko,Dolní Štěpanice,host.u Šmídů",50.63754,15.51695
"Benecko,Dolní Štěpanice,u mostu",50.63124,15.51884
"Benecko,Dolní Štěpanice,u mostu",50.63088,15.51853
"Benešov,,Nemocnice Rudolfa a Stefanie (ul. Máchova)",49.78561,14.68151
"Benešov,,Nemocnice Rudolfa a Stefanie (ul. Máchova)",49.78543,14.68152
"Benešov,Baba",49.79538,14.71138
"Benešov,Baba",49.79538,14.71124
"Benešov,Bedrč",49.80782,14.71741
"Benešov,Bedrč",49.80793,14.71727
"Benešov,Benea",49.77294,14.67998
"Benešov,Benea",49.77282,14.68019
"Benešov,Boušice",49.77513,14.73832
"Benešov,Boušice",49.77519,14.73827
"Benešov,Buková Lhota,rozc.",49.8128,14.64418
"Benešov,Buková Lhota,rozc.",49.81274,14.64386
"Benešov,Čechova",49.78584,14.68994
"Benešov,Červený Dvůr",49.78513,14.73604
"Benešov,Červený Dvůr",49.78514,14.73587
"Benešov,Dlouhé Pole",49.78215,14.73663
"Benešov,Dlouhé Pole",49.78188,14.73661
"Benešov,Dlouhé Pole,rozc.",49.77739,14.71958
"Benešov,Dlouhé Pole,rozc.",49.77726,14.72001
"Benešov,Hráského",49.77958,14.69431
"Benešov,Hráského",49.77948,14.69418
"Benešov,Jana Nohy",49.77649,14.68036
"Benešov,Jana Nohy",49.77648,14.68055
"Benešov,Konopiště",49.78252,14.65744
"Benešov,Konopiště",49.78236,14.65731
"Benešov,Konopišťská",49.78128,14.68012
"Benešov,Konopišťská",49.78117,14.6803
"Benešov,Křižíkova",49.77024,14.67818
"Benešov,Křižíkova",49.77022,14.67824
"Benešov,Na Chmelnici",49.78101,14.69589
"Benešov,Na Chmelnici",49.78097,14.69598
"Benešov,Nechyba (BN)",49.76944,14.73771
"Benešov,Nechyba (BN)",49.76955,14.7379
"Benešov,Okrouhlice",49.79089,14.75298
"Benešov,Okrouhlice",49.79097,14.7529
"Benešov,Okrouhlice,lom",49.7877,14.74165
"Benešov,Okrouhlice,lom",49.7877,14.74165
"Benešov,Penny Market",49.78755,14.69621
"Benešov,Pinko",49.78264,14.69748
"Benešov,Pinko",49.78231,14.69815
"Benešov,Pivovar Ferdinand",49.78035,14.69159
"Benešov,Pivovar Ferdinand",49.77998,14.69229
"Benešov,Terminál",49.77962,14.68355
"Benešov,Terminál",49.77918,14.68386
"Benešov,Terminál",49.77913,14.68388
"Benešov,Terminál",49.77962,14.68387
"Benešov,Terminál",49.77973,14.68399
"Benešov,Terminál",49.77943,14.68364
"Benešov,Terminál",49.77927,14.68371
"Benešov,Terminál",49.77908,14.68381
"Benešov,Terminál",49.77938,14.68376
"Benešov,Terminál",49.77933,14.68379
"Benešov,Terminál",49.77928,14.68381
"Benešov,Terminál",49.77923,14.68383
"Benešov,Úročnice",49.80597,14.62853
"Benešov,Úročnice",49.80579,14.62863
"Benešov,Úročnice,rozc.Hrusice",49.8045,14.62089
"Benešov,Úročnice,rozc.Hrusice",49.80436,14.62101
"Benešov,Vidlákova Lhota,rozc.",49.80744,14.64987
"Benešov,Vidlákova Lhota,rozc.",49.80735,14.64959
Benice,50.01357,14.60499
Benice,50.0134,14.60534
Benice,50.01335,14.60507
Benkova,50.03793,14.4991
Benkova,50.03783,14.49977
Bernartice,49.67624,15.12932
Bernartice,49.67639,15.12916
"Bernartice,most",49.6763,15.1453
"Bernartice,most",49.67618,15.14484
"Bernartice,rozc.",49.67568,15.12348
"Bernartice,rozc.",49.67579,15.1236
"Bernartice,SSÚD",49.67508,15.11891
"Bernartice,SSÚD",49.67515,15.1188
"Beroun,autobusové nádraží",49.95763,14.07489
"Beroun,autobusové nádraží",49.95758,14.07443
"Beroun,autobusové nádraží",49.95744,14.07409
"Beroun,autobusové nádraží",49.95779,14.07478
"Beroun,autobusové nádraží",49.95768,14.07431
"Beroun,autobusové nádraží",49.95757,14.07383
"Beroun,Bezručova",49.96737,14.06495
"Beroun,Bezručova",49.96738,14.06581
"Beroun,Brdatka",49.97713,14.05715
"Beroun,Brdatka",49.97705,14.0572
"Beroun,Brožíkova",49.96844,14.08072
"Beroun,Eternitka",49.97892,14.07513
"Beroun,Eternitka",49.97846,14.07513
"Beroun,Hlinky",49.96572,14.06735
"Beroun,Hlinky",49.96555,14.06682
"Beroun,Hostim",49.96032,14.12893
"Beroun,Hostim",49.96031,14.1292
"Beroun,Hostímská",49.96271,14.08554
"Beroun,Hostímská",49.96259,14.08545
"Beroun,Jarov,náves",49.94686,14.06401
"Beroun,Jarov,odb.",49.94812,14.06997
"Beroun,Jarov,odb.",49.94816,14.06972
"Beroun,Jarov,odb.",49.94816,14.07025
"Beroun,Jarov,odb.",49.94804,14.07015
"Beroun,Jungmannova",49.96076,14.05968
"Beroun,Jungmannova",49.96094,14.06031
"Beroun,Lištice",49.96143,14.10378
"Beroun,Lištice",49.96125,14.10243
"Beroun,Na Máchovně",49.95729,14.04412
"Beroun,Na Ratince",49.95507,14.07913
"Beroun,Na Ratince",49.95504,14.07889
"Beroun,PAI",49.97261,14.07629
"Beroun,PAI",49.97396,14.07559
"Beroun,Plzeňka",49.96021,14.06453
"Beroun,Plzeňka",49.96037,14.06505
"Beroun,Plzeňská brána",49.96261,14.06952
"Beroun,Plzeňská brána",49.96223,14.06915
"Beroun,pod dálnicí",49.9577,14.07065
"Beroun,pod dálnicí",49.95784,14.07088
"Beroun,Prof.Veselého (nemocnice)",49.96329,14.09229
"Beroun,Školní náměstí",49.96755,14.08079
"Beroun,třída Míru",49.95594,14.04938
"Beroun,třída Míru",49.95564,14.04911
"Beroun,U černého koně",49.96559,14.07248
"Beroun,U černého koně",49.96521,14.07186
"Beroun,u hřbitova",49.96669,14.06139
"Beroun,u hřbitova",49.96659,14.06132
"Beroun,U Slavaše",49.96889,14.07942
"Beroun,U Zelených",49.96382,14.06222
"Beroun,V Lužánkách",49.97686,14.04463
"Beroun,V Lužánkách",49.97678,14.04474
"Beroun,Velké sídliště",49.95761,14.05265
"Beroun,Velké sídliště",49.95815,14.05392
"Beroun,Vítězslava Hálka I",49.97038,14.06803
"Beroun,Vítězslava Hálka I",49.97038,14.06803
"Beroun,Vítězslava Hálka II",49.96907,14.06223
"Beroun,Vítězslava Hálka II",49.96895,14.06242
"Beroun,Wagnerovo nám.",49.96563,14.07049
"Beroun,Wagnerovo nám.",49.96544,14.07049
"Beroun,Zavadilka",49.95364,14.07173
"Beroun,Zavadilka",49.95358,14.07145
"Beroun,Zdejcina",49.97886,14.03286
"Beroun,Zdejcina",49.97877,14.03296
Bertramka,50.07223,14.39329
Bertramka,50.07224,14.39244
Beřovice,50.26831,14.12355
Beřovice,50.26851,14.12363
"Beřovice,Bakov",50.26565,14.0958
"Beřovice,Bakov",50.26579,14.096
"Beřovice,horní",50.26581,14.11915
"Beřovice,horní",50.26579,14.11939
Betáň,50.00718,14.47962
Betáň,50.00739,14.47979
Betonárka,50.03671,14.57479
Betonárka,50.03677,14.57477
Bezděkov p.Tř.,49.57806,13.87858
Bezděkov p.Tř.,49.57813,13.87878
Bezno,50.36728,14.79467
Bezno,50.36701,14.79478
Bílá Hlína,50.53285,14.9251
Bílá Hlína,50.5326,14.92529
Bílá Hora,50.07555,14.32279
Bílá Hora,50.07586,14.32339
Bílá Hora,50.07557,14.32286
Bílá Hora,50.0758,14.32338
Bílá Hora,50.07597,14.32362
Bílá Hora,50.07573,14.32383
Bílá Hora,50.07556,14.32408
Bílá Hora,50.0754,14.3215
Bílá labuť,50.09017,14.43547
Bílá labuť,50.09035,14.43626
Bílenecké náměstí,50.14964,14.44248
Bílenecké náměstí,50.14949,14.4427
"Bílkovice,mlýn",49.75533,14.86075
"Bílkovice,mlýn",49.75533,14.86062
"Bílkovice,u kapličky",49.75951,14.86161
"Bílkovice,u kapličky",49.75946,14.86153
Bílý Beránek,50.0612,14.31049
Bílý Beránek,50.06104,14.31021
Bílý Beránek,50.06176,14.30883
Bílý Beránek,50.06161,14.309
Biskupcova,50.08854,14.4688
Biskupcova,50.0891,14.46863
Biskupcova,50.08909,14.46882
"Blatce,Blatečky",50.49437,14.59141
"Blatce,Blatečky",50.49441,14.59147
"Blatce,Houska,Dolní Houska",50.49723,14.61588
"Blatce,Houska,Dolní Houska",50.49727,14.61585
"Blatce,Houska,Horní Houska",50.49043,14.63276
"Blatce,Houska,Horní Houska",50.49046,14.63271
"Blatce,Konrádov",50.47793,14.60611
"Blatce,Konrádov",50.47793,14.60608
"Blatce,pod Beškovem",50.51099,14.57875
"Blatce,pod Beškovem",50.51096,14.57891
"Blatce,Tubož",50.4894,14.59976
"Blatce,Tubož",50.4894,14.59976
"Blatce,Tubož,rybník",50.49039,14.59943
Blatiny,50.0657,14.30362
Blatiny,50.0658,14.3021
Blatiny,50.06582,14.30235
Blatiny,50.06565,14.30253
"Blatná,Boženy Němcové",49.42806,13.88249
"Blatná,Palackého",49.42864,13.88127
"Blatná,Skaličany",49.43733,13.91545
"Blatná,Skaličany",49.43739,13.9157
"Blatná,žel.st.",49.43098,13.87361
"Blatná,žel.st.",49.43064,13.87286
Blatnická,50.0643,14.2705
Blatnická,50.06395,14.27052
Blatov,50.07859,14.64618
Blatov,50.07891,14.6448
Blažejovice,49.61952,15.20016
"Blažejovice,Vítonice,rozc.",49.62221,15.18608
Blažimská,50.04258,14.49285
Blevice,50.20998,14.23651
Blevice,50.21017,14.23648
Bohdalec,50.06055,14.4695
Bohdalec,50.06005,14.4701
Bohdalecká,50.05662,14.4738
Bohdalecká,50.05695,14.4727
Bohemians,50.0662,14.45418
Bohemians,50.06647,14.45639
Bohnické údolí,50.13572,14.41203
Bohnické údolí,50.13562,14.412
Bohostice,49.60154,14.14024
Bohostice,49.60155,14.13997
"Bohostice,Orlická přehrada",49.60762,14.17857
"Bohostice,Orlická přehrada",49.60779,14.17892
"Bohostice,sídliště",49.60209,14.13778
"Bohostice,Zalaby",49.60783,14.15821
"Bohostice,Zalaby",49.60794,14.15828
"Bohušovice n.Ohří,sídliště",50.49606,14.14646
"Bohušovice n.Ohří,sídliště",50.49686,14.14641
"Bohušovice n.Ohří,záv.",50.502,14.14606
"Bohušovice n.Ohří,záv.",50.50264,14.14603
"Bohušovice n.Ohří,žel.st.",50.49168,14.149
Bohutín,49.65604,13.94657
Bohutín,49.65598,13.94678
"Bohutín,Havírna",49.66113,13.95528
"Bohutín,Havírna",49.66172,13.95716
"Bohutín,škola",49.65357,13.94219
"Bohutín,škola",49.65353,13.94258
"Bohutín,Vysoká Pec",49.66423,13.96354
"Bohutín,Vysoká Pec",49.66449,13.96481
"Bohutín,Vysoká Pec,zahrádky",49.67236,13.97273
"Bohutín,Vysoká Pec,zahrádky",49.67015,13.96926
"Bojanovice,Chaty",49.85812,14.35175
"Bojanovice,Chaty",49.85964,14.35507
"Bojanovice,Malá Lečice",49.8216,14.33663
"Bojanovice,Malá Lečice,U Hesů",49.82116,14.33297
"Bojanovice,Malá Lečice,U Hesů",49.82115,14.33319
"Bojanovice,Rest.",49.85371,14.35244
"Bojanovice,Rest.",49.85402,14.35241
"Bojanovice,Senešnice",49.82852,14.30796
Bojasova,50.13259,14.46246
Bojasova,50.13248,14.46276
Boletická,50.13273,14.5137
Boletická,50.13301,14.51358
Bolevecká,50.04303,14.55507
Bolevecká,50.04321,14.55719
Boloňská,50.04764,14.5546
Boloňská,50.04798,14.55671
Boloňská,50.04825,14.55658
Boloňská,50.0475,14.55567
Borek (PH),50.22506,14.65274
Borek (PH),50.22408,14.65282
Borotice,49.73499,14.27861
Borotice,49.73508,14.2786
"Borotice,Čelina",49.73246,14.32561
"Borotice,Čelina",49.7323,14.32572
"Borotice,Čelina,rozc.",49.73158,14.31998
"Borotice,Čelina,rozc.",49.7317,14.31993
"Borotice,Dražetice,rozc.",49.73699,14.3041
"Borotice,Cholín",49.71862,14.32971
"Borotice,Cholín",49.71854,14.33002
"Borotice,rozc.",49.73365,14.29439
"Borotice,rozc.",49.73354,14.29509
"Borotice,Rozc.Smilovice",49.72551,14.33056
"Borotice,Rozc.Smilovice",49.7257,14.33053
"Borotice,u lípy",49.73486,14.28325
"Borotice,u lípy",49.7349,14.28262
"Borovnice,rozc.",49.64874,15.01326
"Borovnice,rozc.",49.64871,15.01349
Bořanovice,50.17723,14.48446
Bořanovice,50.17675,14.48427
Bořislavka,50.09921,14.36468
Bořislavka,50.09852,14.36455
Bořislavka,50.09857,14.36378
Bořislavka,50.09872,14.36414
Bořislavka,50.09905,14.36469
Bořislavka,50.09913,14.36485
Bořislavka,50.09913,14.36485
Bořislavka,50.09836,14.36355
Bořislavka,50.09832,14.36212
Boseň,50.50413,15.02275
Boseň,50.50394,15.02312
"Boseň,pod Valečovem",50.50857,15.02376
"Boseň,pod Valečovem",50.50851,15.02367
"Boseň,Zásadka",50.5144,15.02585
"Boseň,Zásadka",50.51447,15.02575
Botanická zahrada Malešice,50.08867,14.51386
Botanická zahrada Malešice,50.08867,14.51408
Botanická zahrada Troja,50.11897,14.4099
Botanická zahrada Troja,50.11908,14.41098
Botanická zahrada Troja,50.11932,14.41057
Botanická zahrada,50.0705,14.41961
Botanická zahrada,50.07105,14.41892
"Brandýs n.L.-St.Bol.,Aut.st.",50.19782,14.67851
"Brandýs n.L.-St.Bol.,Aut.st.",50.19777,14.67838
"Brandýs n.L.-St.Bol.,Aut.st.",50.19775,14.67835
"Brandýs n.L.-St.Bol.,Aut.st.",50.19762,14.67871
"Brandýs n.L.-St.Bol.,Baumit",50.17602,14.66535
"Brandýs n.L.-St.Bol.,Baumit",50.17592,14.66576
"Brandýs n.L.-St.Bol.,Brázdimská",50.18807,14.64842
"Brandýs n.L.-St.Bol.,Brázdimská",50.18795,14.64925
"Brandýs n.L.-St.Bol.,Continental",50.17625,14.6585
"Brandýs n.L.-St.Bol.,Continental",50.17609,14.65884
"Brandýs n.L.-St.Bol.,Dům peč.služby",50.1913,14.65582
"Brandýs n.L.-St.Bol.,Dům peč.služby",50.19145,14.65557
"Brandýs n.L.-St.Bol.,Fakulta",50.18423,14.66806
"Brandýs n.L.-St.Bol.,Fakulta",50.18427,14.66844
"Brandýs n.L.-St.Bol.,Kasárna",50.2067,14.69295
"Brandýs n.L.-St.Bol.,Kasárna",50.20665,14.69281
"Brandýs n.L.-St.Bol.,Kralovice",50.17924,14.68659
"Brandýs n.L.-St.Bol.,Kralovice",50.17927,14.68681
"Brandýs n.L.-St.Bol.,Most",50.19009,14.66789
"Brandýs n.L.-St.Bol.,Most",50.19084,14.66816
"Brandýs n.L.-St.Bol.,Na Panském",50.20378,14.68869
"Brandýs n.L.-St.Bol.,Na Panském",50.20409,14.68987
"Brandýs n.L.-St.Bol.,Na Radosti",50.18312,14.67714
"Brandýs n.L.-St.Bol.,Na Radosti",50.18324,14.67699
"Brandýs n.L.-St.Bol.,Nádr.",50.18324,14.65666
"Brandýs n.L.-St.Bol.,Nádr.",50.1833,14.65643
"Brandýs n.L.-St.Bol.,Nádr.",50.18336,14.6562
"Brandýs n.L.-St.Bol.,Nám.",50.18577,14.66034
"Brandýs n.L.-St.Bol.,Nám.",50.1856,14.6598
"Brandýs n.L.-St.Bol.,Nem.",50.18859,14.65271
"Brandýs n.L.-St.Bol.,Nem.",50.18851,14.65243
"Brandýs n.L.-St.Bol.,Pekárny",50.17888,14.67006
"Brandýs n.L.-St.Bol.,Pekárny",50.17876,14.67002
"Brandýs n.L.-St.Bol.,Popovice",50.17795,14.62498
"Brandýs n.L.-St.Bol.,Popovice",50.17807,14.62497
"Brandýs n.L.-St.Bol.,Pražská",50.18328,14.65755
"Brandýs n.L.-St.Bol.,Pražská",50.18416,14.65713
"Brandýs n.L.-St.Bol.,Proboštská jezera",50.20695,14.66318
"Brandýs n.L.-St.Bol.,Proboštská jezera",50.20654,14.66352
"Brandýs n.L.-St.Bol.,Rychta",50.18858,14.6565
"Brandýs n.L.-St.Bol.,Rychta",50.18856,14.65663
"Brandýs n.L.-St.Bol.,Sídl.u nádr.",50.18538,14.65214
"Brandýs n.L.-St.Bol.,Sídliště",50.20158,14.68578
"Brandýs n.L.-St.Bol.,Sídliště",50.20139,14.68517
"Brandýs n.L.-St.Bol.,U Hřbitova",50.19993,14.6797
"Brandýs n.L.-St.Bol.,U Křížku",50.19346,14.65319
"Brandýs n.L.-St.Bol.,U Křížku",50.19346,14.65322
"Brandýs n.L.-St.Bol.,U Soudu",50.18541,14.66396
"Brandýs n.L.-St.Bol.,U Soudu",50.18501,14.66477
"Brandýs n.L.-St.Bol.,V Olšinkách",50.18612,14.64859
"Brandýs n.L.-St.Bol.,V Olšinkách",50.18671,14.64767
"Brandýs n.L.-St.Bol.,Vosí hnízdo",50.19392,14.70068
"Brandýs n.L.-St.Bol.,Vosí hnízdo",50.19399,14.70045
"Brandýs n.L.-St.Bol.,Vrábí",50.17787,14.6538
"Brandýs n.L.-St.Bol.,Vrábí",50.1783,14.65407
"Brandýs n.L.-St.Bol.,Výletní",50.181,14.64823
"Brandýs n.L.-St.Bol.,Výletní",50.18109,14.64807
"Brandýs n.L.-St.Bol.,Zahradní Město",50.17461,14.64946
"Brandýs n.L.-St.Bol.,Zahradní Město",50.17424,14.64821
"Brandýs n.L.-St.Bol.,Žel.st.",50.20967,14.69189
"Brandýs n.L.-St.Bol.,Žel.st.",50.20947,14.69209
Brandýsek,50.18882,14.1609
Brandýsek,50.189,14.16076
"Brandýsek,Olšany",50.18718,14.15414
"Brandýsek,Olšany",50.18725,14.15366
"Brandýsek,škola",50.18872,14.15822
"Brandýsek,škola",50.1886,14.15826
"Brandýsek,u kina",50.18822,14.16265
"Brandýsek,u kina",50.18881,14.16266
"Brandýsek,žel.st.",50.18526,14.17126
"Brandýsek,žel.st.",50.18492,14.17148
Branické náměstí,50.03473,14.41408
Branické náměstí,50.03458,14.41469
Branžež,50.50795,15.06248
Branžež,50.50802,15.06246
"Branžež,na křižovatce",50.50503,15.05725
"Branžež,na křižovatce",50.50492,15.05759
"Branžež,Nová Ves",50.50325,15.06883
"Branžež,Nová Ves,na kopečku",50.50433,15.06302
"Branžež,Nová Ves,na kopečku",50.50437,15.063
"Branžež,Zakopaná",50.51179,15.07725
"Branžež,Zakopaná",50.51184,15.07727
Braškov,50.10132,14.10091
Braškov,50.10103,14.10093
"Braškov,Toskánka",50.10559,14.10623
"Braškov,Toskánka",50.10521,14.10843
"Braškov,Valdek",50.09816,14.0874
"Braškov,Valdek",50.09834,14.08738
"Bratkovice,Domin.Paseky,rozc.1.0",49.75724,14.00931
"Bratkovice,Domin.Paseky,rozc.1.0",49.75714,14.00984
Bratronice,50.068,14.01533
Bratronice,50.06771,14.01454
Bratronice,50.06778,14.01447
"Bratronice,Dolní Bezděkov",50.08453,14.03519
"Bratronice,Dolní Bezděkov",50.08443,14.03502
"Bratronice,křižovatka",50.06894,14.01919
"Bratronice,křižovatka",50.06882,14.01922
"Bratronice,Mostecký Mlýn",50.07333,14.04249
"Bratronice,Mostecký Mlýn",50.0734,14.04243
Bratřínov,49.84264,14.34037
Bratřínov,49.84291,14.34026
Braunova,50.06188,14.40254
Braunova,50.06174,14.4012
"Brázdim,Nový Brázdim",50.18279,14.5853
"Brázdim,Nový Brázdim",50.18227,14.58572
"Brázdim,Rozc.Veliký Brázdim",50.19103,14.58272
"Brázdim,Rozc.Veliký Brázdim",50.19091,14.58261
"Brázdim,Starý Brázdim",50.18237,14.5894
"Brázdim,Starý Brázdim",50.18238,14.58914
Brechtova,50.03553,14.51725
Brechtova,50.03519,14.51626
Breitcetlova,50.10606,14.57492
Breitcetlova,50.10622,14.57414
Brňany,50.48147,14.14177
Brňany,50.48143,14.14188
"Brňany,záv.",50.48782,14.14602
"Brňany,záv.",50.48767,14.14607
"Brodce,Cukrovarská",50.32309,14.86619
"Brodce,Cukrovarská",50.32315,14.86626
"Brodce,sokolovna",50.328,14.86576
"Brodce,sokolovna",50.32795,14.86594
"Brodce,škola",50.3335,14.86791
"Brodce,škola",50.33349,14.86811
Brodec,50.29346,13.79692
Brodec,50.29352,13.7969
"Brodec,rozc.2.0",50.30177,13.82099
"Brodec,rozc.2.0",50.30167,13.82078
Brodecká,50.08876,14.32339
Brodecká,50.08885,14.32386
Brodského,50.03855,14.50327
Brodského,50.03867,14.50385
"Broumy,Bušohrad",49.94577,13.81385
"Broumy,Bušohrad",49.94594,13.81354
"Broumy,Kolna",49.94241,13.9024
"Broumy,Kolna",49.94252,13.90226
"Broumy,Luh rozc.",49.96436,13.85388
"Broumy,Luh rozc.",49.96444,13.85352
"Broumy,radnice",49.95475,13.85251
"Broumy,radnice",49.95463,13.85241
"Broumy,škola",49.9514,13.8555
"Broumy,škola",49.95066,13.85585
"Broumy,U dvora",49.95937,13.84342
"Broumy,U dvora",49.95944,13.84306
Brozany n.Ohří,50.45422,14.14622
"Brozany n.Ohří,křiž.",50.45823,14.1371
"Brozany n.Ohří,křiž.",50.45842,14.13709
Brumlovka,50.0481,14.45506
Brumlovka,50.04779,14.45448
Bruselská,50.07313,14.4333
Bruselská,50.07288,14.43322
Brusnice,50.09298,14.39173
Brusnice,50.093,14.39126
Brusnice,50.09314,14.39317
Brusnice,50.09317,14.3927
Bryksova,50.10228,14.57904
Bryksova,50.10215,14.57885
Břeclavská,50.09578,14.54606
Břeclavská,50.09595,14.54623
Břetislavka,50.12324,14.38953
Břetislavka,50.12301,14.38988
Břevnovská,50.08566,14.36504
Břevnovská,50.08536,14.36477
Břevnovský klášter,50.08318,14.35901
Břevnovský klášter,50.0832,14.35854
"Březí,,Podskalí",50.01537,14.69723
"Březí,,V Jezírku",50.0141,14.69529
"Březí,U křížku (PH)",50.01367,14.68995
"Březí,U křížku (PH)",50.0137,14.68975
Březina,50.54525,15.0326
Březina,50.54531,15.03237
Březiněves,50.16469,14.4839
Březiněves,50.16464,14.48361
Březiněveská,50.12654,14.4568
Březiněveská,50.12681,14.45687
"Březnice,aut.st.",49.55878,13.94662
"Březnice,aut.st.",49.55856,13.94693
"Březnice,aut.st.",49.55861,13.94665
"Březnice,Dolní Valy",49.55648,13.95369
"Březnice,Martinice",49.54168,13.96268
"Březnice,Martinice",49.54165,13.96278
"Březnice,nám.",49.55714,13.95177
"Březnice,Počapská",49.55339,13.95943
"Březnice,Počapská",49.55343,13.95954
"Březnice,Přední Poříčí",49.57542,13.93942
"Březnice,Přední Poříčí",49.57552,13.93964
"Březnice,Zadní Poříčí,rozc.",49.57742,13.93911
"Březnice,Zadní Poříčí,rozc.",49.57759,13.93909
Březno,50.40627,15.00579
Březno,50.40661,15.00546
Březová,49.90347,13.88301
Březová,49.90362,13.88312
"Březová,háj.",49.91072,13.87608
"Březová,háj.",49.9108,13.87623
"Březová,Pod hrází",49.89718,13.88927
"Březová,Pod hrází",49.89727,13.88911
"Březová-Oleško,Březová",49.915,14.41559
"Březová-Oleško,Březová",49.91507,14.41559
"Březová-Oleško,Oleško",49.90173,14.41097
"Březová-Oleško,Oleško",49.90205,14.41055
"Březová-Oleško,Školka",49.91147,14.41387
"Březová-Oleško,Školka",49.91199,14.41449
"Březová-Oleško,U Topolů",49.90818,14.41312
"Březová-Oleško,U Topolů",49.90846,14.41319
Břežany I,50.03415,15.07895
Břežany I,50.03438,15.07903
"Břežany I,Chocenice",50.03038,15.09727
"Břežany I,Chocenice",50.03045,15.09716
Břežany,50.00546,13.58088
Břežany,50.00569,13.581
"Břežany,rozc.",49.99916,13.56872
"Břežany,rozc.",49.9991,13.56884
Bříství,50.134,14.84165
Bříství,50.13412,14.84172
"Bříství,Svárov",50.13063,14.84232
"Bříství,Svárov",50.13048,14.84251
Bubenská,50.0981,14.43659
Bubovice,49.9703,14.16726
Bubovice,49.97027,14.16752
"Bubovice,Višňovka",49.97466,14.1634
Budějovická (ul. Olbrachtova),50.04473,14.44833
Budějovická (ul. Olbrachtova),50.0446,14.4481
Budějovická (ul. Vyskočilova),50.04577,14.44932
Budějovická,50.04476,14.44759
Budějovická,50.04484,14.44789
Budějovická,50.04444,14.44783
Budějovická,50.04623,14.4474
Budějovická,50.04623,14.4474
Budějovická,50.04477,14.44829
Budějovická,50.04405,14.44928
Budiměřice,50.19618,15.09618
Budiměřice,50.19608,15.09642
"Budiměřice,Šlotava",50.19872,15.09426
"Budiměřice,Šlotava",50.19895,15.09445
Budovec,50.13385,14.38387
Budovec,50.1347,14.38343
"Budyně n.Ohří,Písty",50.42332,14.15939
"Budyně n.Ohří,Písty",50.42333,14.15957
"Budyně n.Ohří,Pražská",50.40448,14.12966
"Budyně n.Ohří,Pražská",50.40445,14.12955
"Budyně n.Ohří,Slánská",50.39814,14.12322
"Budyně n.Ohří,Slánská",50.39818,14.12334
"Budyně n.Ohří,žel.st.",50.40599,14.13277
"Budyně n.Ohří,žel.st.",50.40589,14.13328
Bucharova,50.05416,14.33921
Bucharova,50.05387,14.33884
Buková u Příbramě,49.75473,14.06695
Buková u Příbramě,49.75466,14.06718
"Buková u Příbramě,Na Vršku",49.75229,14.07228
"Buková u Příbramě,Na Vršku",49.75206,14.07214
Bukovany (BN),49.8242,14.6183
Bukovany (BN),49.824,14.61819
"Bukovany,Rozc. (BN)",49.82422,14.62744
"Bukovany,Rozc. (BN)",49.82403,14.62736
Bukovinská,50.14409,14.57672
Bukovinská,50.14388,14.57746
Bulovka,50.11606,14.46815
Bulovka,50.11654,14.46776
Bulovka,50.11663,14.46717
Bulovka,50.11759,14.46893
Bulovka,50.11604,14.46717
Bulovka,50.1156,14.46853
Buš,49.80331,14.38394
Buš,49.80326,14.38428
"Buš,Pod Klíčem",49.80007,14.38802
"Buš,Pod Klíčem",49.80041,14.38787
Buštěhrad,50.15436,14.1896
Buštěhrad,50.15422,14.18973
"Buštěhrad,Bouchalka Křiž.",50.15963,14.20579
"Buštěhrad,Bouchalka",50.16135,14.20823
"Buštěhrad,Bouchalka",50.16108,14.20796
"Buštěhrad,U Kahance",50.1515,14.18131
"Buštěhrad,U Kahance",50.15144,14.18159
"Buštěhrad,U Kapličky",50.1528,14.19511
"Buštěhrad,U Kapličky",50.15303,14.19515
"Buštěhrad,u školy",50.15751,14.18636
"Buštěhrad,u školy",50.15755,14.18591
Butovická,50.05155,14.36263
Býchory,50.06742,15.27413
Býchory,50.06758,15.27376
Býkev,50.34716,14.4168
"Býkev,Jenišovice",50.34706,14.40153
"Býkev,Jenišovice",50.34693,14.40168
Bykoš,49.88288,14.06383
Bykoš,49.88296,14.06375
"Bystřice,Božkovice,rozc. (BN)",49.70105,14.60772
"Bystřice,Božkovice,rozc. (BN)",49.701,14.60778
"Bystřice,Drachkov (BN)",49.71368,14.61985
"Bystřice,Drachkov (BN)",49.71366,14.61996
"Bystřice,Drachkov,bytovky (BN)",49.71507,14.62332
"Bystřice,Drachkov,bytovky (BN)",49.715,14.62328
"Bystřice,Hlivín (BN)",49.68647,14.72265
"Bystřice,Hlivín (BN)",49.68644,14.7227
"Bystřice,Jinošice (BN)",49.70436,14.68889
"Bystřice,Jinošice (BN)",49.70438,14.68876
"Bystřice,Jinošice,rozc.Hutě (BN)",49.70756,14.68713
"Bystřice,Jinošice,rozc.Hutě (BN)",49.70758,14.68705
"Bystřice,Jírovice (BN)",49.75712,14.66618
"Bystřice,Jírovice (BN)",49.75673,14.66684
"Bystřice,Jírovice,Kukačka (BN)",49.75882,14.66073
"Bystřice,Jírovice,Kukačka (BN)",49.75869,14.6606
"Bystřice,Jírovice,rozc. (BN)",49.75484,14.67288
"Bystřice,Jírovice,rozc. (BN)",49.75526,14.67325
"Bystřice,Knihovka (BN)",49.7182,14.65563
"Bystřice,Knihovka (BN)",49.71661,14.65454
"Bystřice,Mlýny,Rozc. (BN)",49.73911,14.60795
"Bystřice,Mlýny,Rozc. (BN)",49.73896,14.608
"Bystřice,nám. (BN)",49.73226,14.66722
"Bystřice,nám. (BN)",49.73211,14.66743
"Bystřice,Nesvačily,Nad Rybníkem (BN)",49.7321,14.64299
"Bystřice,Nesvačily,Nad Rybníkem (BN)",49.73191,14.64295
"Bystřice,Nesvačily,Rest. (BN)",49.73445,14.63394
"Bystřice,Nesvačily,Rest. (BN)",49.73427,14.63393
"Bystřice,Nesvačily,vodárna (BN)",49.72785,14.64065
"Bystřice,Nesvačily,vodárna (BN)",49.72788,14.64073
"Bystřice,Opřetice (BN)",49.71365,14.67299
"Bystřice,Opřetice (BN)",49.71358,14.67288
"Bystřice,Ouběnice (BN)",49.69379,14.68653
"Bystřice,Ouběnice (BN)",49.69374,14.68671
"Bystřice,Ouběnice,Dubovka (BN)",49.69543,14.69206
"Bystřice,Ouběnice,Dubovka (BN)",49.69536,14.69202
"Bystřice,Ouběnice,Dubovka (BN)",49.69531,14.69158
"Bystřice,Ouběnice,Dubovka (BN)",49.69534,14.69146
"Bystřice,Ouběnice,rozc.Jiřín (BN)",49.69163,14.68177
"Bystřice,Ouběnice,rozc.Jiřín (BN)",49.69164,14.68186
"Bystřice,Petrovice (BN)",49.72031,14.64163
"Bystřice,Petrovice (BN)",49.72031,14.64171
"Bystřice,Radošovice,rozc. (BN)",49.70916,14.65527
"Bystřice,Radošovice,rozc. (BN)",49.70905,14.65506
"Bystřice,rozc.Kobylí (BN)",49.68982,14.69787
"Bystřice,rozc.Kobylí (BN)",49.68974,14.69773
"Bystřice,rozc.Líšno (BN)",49.74198,14.67468
"Bystřice,rozc.Líšno (BN)",49.74203,14.67493
"Bystřice,Strženec (BN)",49.68246,14.7056
"Bystřice,Strženec (BN)",49.68242,14.70566
"Bystřice,škola (BN)",49.73769,14.66635
"Bystřice,škola (BN)",49.73779,14.66652
"Bystřice,Tožice (BN)",49.7005,14.65407
"Bystřice,Tožice (BN)",49.69955,14.6534
"Bystřice,Tvoršovice,Rozc.I (BN)",49.75932,14.6434
"Bystřice,Tvoršovice,Rozc.I (BN)",49.75912,14.64346
"Bystřice,Tvoršovice,Rozc.II (BN)",49.73846,14.62477
"Bystřice,Tvoršovice,Rozc.II (BN)",49.73832,14.62463
"Bystřice,žel.st. (BN)",49.74066,14.66621
"Bystřice,žel.st. (BN)",49.7405,14.66628
Byšice,50.31096,14.60634
Byšice,50.31105,14.60673
"Byšice,pošta",50.30973,14.61088
"Byšice,pošta",50.30978,14.61121
"Byšice,Škola",50.31254,14.61221
"Bzová,Bezovka",49.89695,13.86798
"Bzová,Bezovka",49.89703,13.86801
Cementárna Radotín,49.99382,14.34262
Cementárna Radotín,49.99437,14.3425
Centrum Zahradní město,50.05635,14.5065
Centrum Zahradní město,50.05591,14.50689
Centrum Zahradní město,50.05687,14.50725
"Cerhovice,nám.",49.85,13.83506
"Cerhovice,nám.",49.84985,13.83527
"Cetenov,Hrubý Lesnov",50.64889,14.92786
"Cetenov,Hrubý Lesnov",50.64895,14.9278
"Cetenov,Vystrkov",50.64171,14.92051
"Cetenov,Vystrkov",50.64169,14.92034
Cetyně,49.59982,14.12115
Cetyně,49.6,14.12111
Cikánka,49.99748,14.32258
Cikánka,49.99742,14.32267
Cílkova,50.01645,14.44347
Cílkova,50.01655,14.44315
Církvice (KH),49.94265,15.3342
Církvice (KH),49.9431,15.33374
Církvice (KO),49.90971,15.01608
Církvice (KO),49.90977,15.01597
"Církvice,Jakub (KH)",49.95359,15.33838
"Církvice,Jakub (KH)",49.95378,15.33846
"Církvice,Jakub,U Hřiště (KH)",49.94814,15.34008
"Církvice,Jakub,U Hřiště (KH)",49.94817,15.34019
"Církvice,Netřeb (KH)",49.93941,15.34247
"Církvice,Netřeb (KH)",49.93903,15.3424
"Církvice,U Mlýna (KO)",49.9157,15.01372
"Církvice,U Mlýna (KO)",49.91558,15.01373
Císařská louka,50.06454,14.413
Cítoliby,50.33429,13.8114
Cítoliby,50.33393,13.81138
"Cítoliby,škola",50.33014,13.8123
"Cítoliby,škola",50.32978,13.81228
Cítov,50.37167,14.39923
Cítov,50.37156,14.39919
"Cítov,Mělnická",50.37009,14.40679
"Cítov,Mělnická",50.36964,14.40803
"Cítov,Roudnická",50.37383,14.38975
"Cítov,Roudnická",50.37362,14.38971
Ctěnický zámek,50.14849,14.5629
Ctěnický zámek,50.14848,14.56304
Ctiboř,49.73665,14.90404
Ctiboř,49.73655,14.90406
Ctiměřice,50.37829,14.99549
Ctiměřice,50.3785,14.99571
Ctiněves,50.37518,14.30743
Ctiněves,50.37506,14.30725
"Ctiněves,žel.st.",50.37775,14.30582
"Ctiněves,žel.st.",50.37778,14.30604
Cukrovar Čakovice,50.15155,14.51917
Cukrovar Čakovice,50.15167,14.51883
Cukrovar Modřany,50.00005,14.40512
"Cvrčovice,Čabárna",50.18005,14.1391
"Cvrčovice,Čabárna",50.18024,14.13905
"Cvrčovice,U Taušů",50.18343,14.15808
Čachovice,50.27013,14.94869
Čachovice,50.27015,14.94865
Čakov,49.82573,14.83631
Čakov,49.8257,14.83615
"Čakov,rozc.Zálesí",49.80977,14.82052
"Čakov,rozc.Zálesí",49.8098,14.82037
"Čakov,Tatouňovice",49.82035,14.83616
"Čakov,Tatouňovice",49.82032,14.83611
"Čakov,Vlkov",49.81321,14.83228
"Čakov,Vlkov",49.81319,14.8322
Čakovice,50.15181,14.52882
Čakovice,50.15118,14.53066
Čakovická,50.11902,14.51895
Čakovická,50.11913,14.5185
Čakovický zámek,50.15167,14.52168
Čakovický zámek,50.1517,14.52135
Čakovičky,50.23186,14.5298
"Čáslav,aut.st.",49.91183,15.39658
"Čáslav,aut.st.",49.91236,15.39708
"Čáslav,aut.st.",49.91195,15.39674
"Čáslav,aut.st.",49.91178,15.39628
"Čáslav,B.Smetany",49.90583,15.39758
"Čáslav,B.Smetany",49.90582,15.39772
"Čáslav,Balkán",49.91725,15.38898
"Čáslav,Balkán",49.91736,15.38881
"Čáslav,Budín",49.92087,15.38329
"Čáslav,Budín",49.92065,15.38317
"Čáslav,Hudební škola",49.90672,15.39666
"Čáslav,Hudební škola",49.90702,15.39646
"Čáslav,Kalabousek",49.92815,15.36527
"Čáslav,Kalabousek",49.92859,15.36463
"Čáslav,U Čápa",49.90647,15.38597
"Čáslav,U Čápa",49.9063,15.38598
"Čáslav,u hřbitova",49.92299,15.38601
"Čáslav,u hřbitova",49.92295,15.38584
"Čáslav,u mostu",49.91188,15.38725
"Čáslav,u mostu",49.91191,15.38713
"Čáslav,Za Rybníkem",49.91041,15.38659
"Čáslav,Za Rybníkem",49.91039,15.38651
"Čáslav,Zahradní",49.9043,15.38964
"Čáslav,Zahradní",49.90432,15.38973
"Čáslav,zem.škola",49.90341,15.39267
"Čáslav,zem.škola",49.90344,15.39249
"Čáslav,Žacká",49.90877,15.38721
"Čáslav,Žacká",49.90905,15.3873
"Čáslav,žel.st. (KH)",49.91445,15.39489
"Čáslav,žel.st. (KH)",49.91525,15.39402
Čečelice,50.29433,14.61727
Čečelice,50.29411,14.61766
Čechova čtvrť,50.00224,14.4097
Čechova čtvrť,50.0022,14.41058
Čechova čtvrť,50.00232,14.40977
Čechova čtvrť,50.00208,14.41066
Čechova škola,50.11738,14.4243
Čechova škola,50.11699,14.42255
Čechovo náměstí,50.06807,14.45947
Čechovo náměstí,50.06786,14.45824
Čechovo náměstí,50.06817,14.45904
Čechtice,49.62337,15.04878
Čechtice,49.62297,15.04868
"Čechtice,Černičí",49.61989,15.07516
"Čechtice,Černičí",49.61993,15.07507
"Čechtice,Dobříkovice",49.62581,14.97235
"Čechtice,Dobříkovice",49.62589,14.97239
"Čechtice,Jeníkov",49.62699,14.99973
"Čechtice,Jeníkov",49.62716,14.99979
"Čechtice,Malá Paseka",49.60514,15.05886
"Čechtice,Malá Paseka",49.60522,15.05897
"Čechtice,Nakvasovice",49.62382,14.98881
"Čechtice,Nakvasovice",49.62392,14.9886
"Čechtice,Otročice,rozc.",49.63738,15.02517
"Čechtice,Otročice,rozc.",49.6375,15.02515
"Čechtice,prodejna",49.6248,15.04792
"Čechtice,prodejna",49.62473,15.04776
Čechtická,50.02072,14.445
Čechtická,50.02112,14.44468
Čechův most,50.09405,14.41689
Čechův most,50.09409,14.41773
"Čelákovice,Jiřinská",50.16286,14.75747
"Čelákovice,Jiřinská",50.16317,14.75764
"Čelákovice,Nám.",50.16275,14.75043
"Čelákovice,Nám.",50.16301,14.74953
"Čelákovice,Rozc.Sedlčánky",50.16258,14.7867
"Čelákovice,Rozc.Sedlčánky",50.16259,14.78718
"Čelákovice,Rumunská",50.16084,14.74451
"Čelákovice,Rumunská",50.1604,14.74376
"Čelákovice,Sedlčánky",50.16796,14.78722
"Čelákovice,Toušeňská",50.15596,14.74415
"Čelákovice,Toušeňská",50.15593,14.74462
"Čelákovice,U Hájku",50.16449,14.76709
"Čelákovice,U Hájku",50.16425,14.76646
"Čelákovice,V Prokopě",50.15994,14.73566
"Čelákovice,V Prokopě",50.16048,14.73473
"Čelákovice,Záluží",50.14402,14.74533
"Čelákovice,Záluží",50.14437,14.7457
"Čelákovice,Záluží,Cihelna",50.15008,14.74839
"Čelákovice,Záluží,Cihelna",50.15023,14.74858
"Čelákovice,Žel.st.",50.15599,14.75234
"Čelákovice,Žel.st.",50.15822,14.75373
Čenkov,49.77277,14.00516
Čenkov,49.7727,14.00511
"Čenkov,U Kříže",49.77681,13.99953
"Čenkov,U Kříže",49.77673,13.9995
"Čenkov,Záv.",49.77578,14.0066
"Čenkov,Záv.",49.77567,14.00727
"Čerčany,ke hřbitovu",49.84742,14.71022
"Čerčany,ke hřbitovu",49.84732,14.71022
"Čerčany,Vysoká Lhota",49.85849,14.69954
"Čerčany,Vysoká Lhota",49.85844,14.69936
"Čerčany,žel.st.",49.85093,14.70245
Černé Voděrady,49.94049,14.80725
"Černé Voděrady,Chaloupky",49.94487,14.80947
"Černé Voděrady,Chaloupky",49.94508,14.81056
"Černé Voděrady,ObÚ",49.94204,14.80718
"Černé Voděrady,ObÚ",49.9421,14.80719
Černická,50.08015,14.50598
Černíky,50.10234,14.81965
Černíky,50.10212,14.81977
Černínova,50.08897,14.46229
Černínova,50.08911,14.46205
"Černíny,Zdeslavice",49.82617,15.23362
"Černíny,Zdeslavice",49.82624,15.23351
Černolice,49.90935,14.29898
Černolice,49.90921,14.29904
"Černošice,Centrum Vráž",49.9495,14.31376
"Černošice,Centrum Vráž",49.9497,14.31428
"Černošice,Karlštejnská",49.95638,14.31155
"Černošice,Karlštejnská",49.95636,14.31181
"Černošice,Kladenská",49.9538,14.31959
"Černošice,Kladenská",49.95305,14.31874
"Černošice,U Transformátoru",49.94737,14.30791
"Černošice,U Transformátoru",49.94729,14.30813
"Černošice,U Vodárny",49.96704,14.3299
"Černošice,U Vodárny",49.96702,14.33013
"Černošice,Žel.zast.",49.95906,14.32203
"Černošice,Žel.zast.",49.95913,14.32234
"Černošice,Žel.zast.",49.95918,14.32266
"Černošice,Žel.zast.",49.9591,14.32284
Černouček,50.36097,14.30722
Černuc,50.30109,14.20275
Černuc,50.30101,14.20276
Černý kůň,50.02308,14.40373
Černý kůň,50.02252,14.40353
Černý kůň,50.02235,14.40373
Černý kůň,50.02244,14.40409
Černý kůň,50.0226,14.40514
Černý kůň,50.02271,14.40498
Černý Most (ul. Chlumecká),50.10972,14.57853
Černý Most,50.10854,14.57615
Černý Most,50.10864,14.5769
Černý Most,50.10869,14.57736
Černý Most,50.10877,14.57797
Černý Most,50.10881,14.57834
Černý Most,50.10884,14.57867
Černý Most,50.10875,14.57667
Černý Most,50.10882,14.57731
Černý Most,50.1092,14.57743
Černý Most,50.10912,14.57713
Černý Most,50.1094,14.57822
Černý Most,50.10888,14.57613
Černý Most,50.10906,14.57754
Černý Most,50.10912,14.57713
Černý vrch,50.06828,14.38728
Černý vrch,50.06835,14.38751
Čertousy,50.12239,14.63519
Čertousy,50.12275,14.6354
Čertousy,50.12249,14.63519
Čertův vršek,50.11713,14.47398
Čertův vršek,50.11734,14.47412
Červená Řečice,49.51151,15.17846
Červená Řečice,49.51155,15.17867
"Červená Řečice,Zmišovice,rozc.",49.49681,15.17934
"Červená Řečice,Zmišovice,rozc.",49.49702,15.17956
Červeňanského,50.03919,14.33508
Červeňanského,50.03873,14.33534
Červené Janovice,49.83437,15.25259
"Červené Janovice,Katlov",49.8308,15.24917
"Červené Janovice,Katlov",49.83081,15.24907
"Červené Janovice,Lány",49.84862,15.28741
"Červené Janovice,Lány",49.84868,15.28723
"Červené Janovice,škola",49.83578,15.2594
"Červené Janovice,škola",49.83583,15.25919
"Červené Janovice,Vilémovice,rozc.",49.8432,15.27011
"Červené Janovice,Vilémovice,rozc.",49.84321,15.26988
"Červené Pečky,Amálka",49.98045,15.2082
"Červené Pečky,Amálka",49.98059,15.20789
"Červené Pečky,Bojiště",49.97193,15.20172
"Červené Pečky,Bojiště",49.97188,15.20182
"Červené Pečky,Čertovka",49.97942,15.23436
"Červené Pečky,Čertovka",49.97947,15.23433
"Červené Pečky,Dobešovice",49.98301,15.19881
"Červené Pečky,Dobešovice",49.98307,15.19886
"Červené Pečky,Dolany",49.98031,15.22965
"Červené Pečky,Dolany",49.98038,15.23006
"Červené Pečky,Horní",49.97502,15.20557
"Červené Pečky,Horní",49.97515,15.20574
"Červené Pečky,nám.",49.97907,15.21078
"Červené Pečky,nám.",49.97893,15.21088
"Červené Pečky,Opatovice",49.96697,15.19448
"Červené Pečky,Opatovice",49.96703,15.19461
"Červené Pečky,škola",49.97972,15.21351
"Červené Pečky,žel.st.",49.98861,15.20746
"Červené Pečky,žel.st.",49.98874,15.2076
Červený Újezd (PZ),50.06909,14.16522
Červený Újezd (PZ),50.06886,14.16523
"Červený Újezd,rozc. (PZ)",50.05917,14.16643
"Červený Újezd,rozc. (PZ)",50.059,14.16636
"Červený Újezd,U Náprstků (PZ)",50.06549,14.16522
"Červený Újezd,U Náprstků (PZ)",50.06582,14.16515
Červený Vrch,50.09684,14.35297
Červený Vrch,50.09682,14.35231
"Česká Lípa,aut.nádr.",50.67752,14.53568
"Česká Lípa,Borská",50.69444,14.54148
"Česká Lípa,Borská",50.69491,14.54116
"Česká Lípa,Častolovice,rozc.",50.71696,14.54545
"Česká Lípa,Častolovice,rozc.",50.71606,14.54508
"Česká Lípa,Lada",50.70917,14.54452
"Česká Lípa,Lada",50.70916,14.5443
"Česká Lípa,U Jezu",50.68304,14.53943
Českobrodská,50.09181,14.53296
Českolipská,50.12654,14.50159
Českolipská,50.12683,14.50158
Českomalínská,50.10479,14.40357
Českomalínská,50.10458,14.40324
Českomoravská,50.10593,14.49344
Českomoravská,50.10598,14.49209
Českomoravská,50.10558,14.49228
Českomoravská,50.10603,14.49109
Českomoravská,50.1063,14.49229
"Český Brod,Jana Kouly",50.07323,14.86323
"Český Brod,Jana Kouly",50.07323,14.86347
"Český Brod,Jungmannova",50.07224,14.85826
"Český Brod,Kollárova",50.07494,14.8578
"Český Brod,Liblice,Bylanská",50.071,14.88463
"Český Brod,Liblice,Bylanská",50.07227,14.88438
"Český Brod,Liblice,Obec",50.0745,14.88317
"Český Brod,Liblice,Obec",50.07486,14.88241
"Český Brod,Liblice,SEŠ",50.07598,14.8801
"Český Brod,Liblice,SEŠ",50.07658,14.87973
"Český Brod,Liblice,Vodárna",50.07841,14.87652
"Český Brod,Liblice,Vodárna",50.07841,14.87677
"Český Brod,Muzeum",50.0746,14.85409
"Český Brod,Muzeum",50.07479,14.85349
"Český Brod,Na Bulánce",50.07185,14.85604
"Český Brod,Na Bulánce",50.07213,14.85668
"Český Brod,Na Bulánce",50.07197,14.85661
"Český Brod,Nem.",50.07331,14.85277
"Český Brod,Nem.",50.0733,14.85173
"Český Brod,Sídliště",50.06999,14.85276
"Český Brod,Sídliště",50.06921,14.85184
"Český Brod,Štolmíř",50.08596,14.84216
"Český Brod,Štolmíř",50.08593,14.84203
"Český Brod,U Vodárny",50.09091,14.86484
"Český Brod,U Vodárny",50.09125,14.8647
"Český Brod,Zahrady",50.05784,14.84683
"Český Brod,Zahrady",50.05792,14.84686
"Český Brod,Zborovská",50.0775,14.86368
"Český Brod,Zborovská",50.07824,14.86429
"Český Brod,Žel.st.",50.07618,14.86495
"Český Brod,Žel.st.",50.07624,14.86569
"Český Brod,Žel.st.",50.07616,14.86656
"Český Brod,Žel.st.",50.076,14.86542
"Český Dub,host.",50.65815,14.9936
"Český Dub,host.",50.6582,14.99366
"Český Dub,Kněžičky,rozc.0.5",50.65942,14.98299
"Český Dub,Kněžičky,rozc.0.5",50.6595,14.98312
"Český Dub,nám.",50.66023,14.99642
Český Šternberk,49.81053,14.9277
Český Šternberk,49.8107,14.92754
"Český Šternberk,Čejkovice",49.80338,14.93768
"Český Šternberk,Čejkovice",49.80358,14.93751
Čestín,49.80719,15.10376
Čestín,49.80746,15.10426
"Čestín,Čenovice,rozc.",49.79898,15.10807
"Čestín,Čenovice,rozc.",49.79892,15.10814
"Čestín,Čentice",49.812,15.08705
"Čestín,Čentice",49.81189,15.08699
"Čestín,Kasanice,rozc.",49.80787,15.08186
"Čestín,Kasanice,rozc.",49.80812,15.08211
"Čestín,Kněž,rozc.",49.79669,15.10052
"Čestín,Kněž,rozc.",49.79665,15.10061
"Čestín,Milotice",49.81399,15.09598
"Čestín,Milotice",49.81368,15.09587
"Čestín,u mlýna",49.80796,15.09695
"Čestín,u mlýna",49.80801,15.09691
Čestlice,50.00187,14.58367
Čestlice,50.0019,14.5842
"Čestlice,aquapark",50.00763,14.57336
"Čestlice,aquapark",50.00755,14.57377
"Čestlice,Lipová",49.99694,14.58494
"Čestlice,Lipová",49.99724,14.58491
"Čestlice,nákupní zóna",50.00465,14.57444
"Čestlice,nákupní zóna",50.00446,14.5751
"Čestlice,Polní",50.00342,14.57982
"Čestlice,Polní",50.00345,14.57918
"Čestlice,V Oblouku",50.00616,14.57171
"Čestlice,V Oblouku",50.00647,14.57128
"Čestlice,zábavní park",50.00013,14.57741
"Čestlice,zábavní park",50.0004,14.57749
"Číčovice,Malé Číčovice",50.1568,14.24932
"Číčovice,Malé Číčovice",50.15693,14.24892
"Číčovice,Velké Číčovice",50.15435,14.24095
"Číčovice,Velké Číčovice",50.15437,14.24069
Čilec,50.21926,14.98236
Čilec,50.21917,14.98242
Čím,49.77982,14.37673
Čím,49.77977,14.37684
"Čím,Hrdlička",49.78302,14.38539
"Čím,Hrdlička",49.7832,14.38589
Čimice,50.14072,14.43083
Čimice,50.1409,14.43048
Čimický háj,50.12757,14.43537
Čimický háj,50.12709,14.43585
Činěves,50.22688,15.21685
Činěves,50.22657,15.21699
"Činěves,u kovárny",50.23065,15.21386
"Činěves,u kovárny",50.2306,15.21372
Čínská,50.10895,14.39467
Čínská,50.10901,14.39394
"Čisovice,Pod Horou",49.86346,14.31151
Čistá (RA),50.02798,13.57001
"Čistá,hlavní silnice (MB)",50.47447,14.86003
"Čistá,Hlavní silnice (MB)",50.47419,14.85998
"Čistá,hřiště (MB)",50.47523,14.84116
"Čistá,hřiště (MB)",50.47521,14.84197
"Čistá,Stránka (MB)",50.4739,14.85138
"Čistá,Stránka (MB)",50.4738,14.85127
Ďáblice,50.14851,14.4872
Ďáblice,50.14859,14.48683
Ďáblice,50.14923,14.48622
Ďáblice,50.14836,14.48645
Ďáblický hřbitov,50.1374,14.47877
Ďáblický hřbitov,50.13778,14.47866
Daleké Dušníky,49.7276,14.1826
Daleké Dušníky,49.72765,14.18287
"Daleké Dušníky,Druhlice",49.72624,14.16843
"Daleké Dušníky,Druhlice",49.72638,14.16851
"Daleké Dušníky,Druhlice",49.72606,14.16885
Darwinova,50.01093,14.40993
Darwinova,50.01068,14.40998
"Davle,Na Javorce",49.89686,14.39969
"Davle,Na Javorce",49.89676,14.39997
"Davle,Obec",49.89001,14.3987
"Davle,Obec",49.89082,14.39958
"Davle,Pod Račany",49.89134,14.38989
"Davle,Pod Račany",49.89164,14.39164
"Davle,Portus",49.87573,14.39086
"Davle,Sázava",49.8856,14.39707
"Davle,Sázava",49.88599,14.39689
"Davle,Sázava,Třešňovka",49.88491,14.4025
"Davle,Sázava,Třešňovka",49.88461,14.40228
"Davle,Sloup",49.8884,14.37454
"Davle,Sloup",49.8884,14.37486
"Davle,Sloup,U Jeřábu",49.89067,14.37674
"Davle,Sloup,U Jeřábu",49.89068,14.37678
"Davle,U Kiliána",49.8798,14.38903
"Davle,U Kiliána",49.87978,14.38918
"Davle,U Pomníku",49.89236,14.40072
"Davle,U Pomníku",49.89224,14.4006
Dědinova,50.03375,14.48368
Dědinova,50.03407,14.48337
Dědinská,50.09155,14.30252
Dehtínská,49.97665,14.34479
Dejvická,50.10033,14.39148
Dejvická,50.10037,14.39061
Dejvická,50.10137,14.39503
Dejvická,50.10149,14.39497
Dejvická,50.1006,14.39302
Dejvická,50.10037,14.39061
Dejvická,50.10028,14.39155
Dejvická,50.10046,14.39389
Dejvická,50.10048,14.39246
Dejvická,50.1006,14.39341
Dejvická,50.10086,14.3942
Dejvická,50.10109,14.39213
Děkanka,50.0536,14.43087
Děkanka,50.05309,14.43107
Děkanovice,49.61838,15.15108
Děkanovice,49.61827,15.15119
Děkov,50.17244,13.5557
"Děkov,jednota",50.17194,13.55422
"Děkov,Nová Ves",50.17223,13.56846
"Děkov,Nová Ves,rozc.",50.16135,13.57285
"Děkov,Nová Ves,rozc.",50.16135,13.57285
"Děkov,Nová Ves,rozc.",50.16096,13.57126
"Děkov,Vlkov",50.18452,13.56603
Dělnická,50.10366,14.44982
Dělnická,50.10263,14.45004
Dělostřelecká,50.0963,14.38746
Dělostřelecká,50.09677,14.38821
Depo Hostivař (terminál),50.07644,14.51697
Depo Hostivař (terminál),50.0765,14.51668
Depo Hostivař (ul.Černokostelecká),50.07776,14.51637
Depo Hostivař (ul.Černokostelecká),50.07742,14.51795
Depo Hostivař,50.07742,14.51795
Depo Hostivař,50.07776,14.51637
Depo Hostivař,50.07637,14.51694
Depo Hostivař,50.07639,14.51723
Depo Hostivař,50.07768,14.51631
Depo Hostivař,50.0775,14.51838
Depo Hostivař,50.07552,14.51545
Depo Hostivař,50.07554,14.51532
Depo Kačerov,50.04568,14.47035
Depo Kačerov,50.04564,14.47068
Depo Zličín,50.05333,14.27758
Depo Zličín,50.05327,14.27792
Dercsenyiho,50.09225,14.57991
Dercsenyiho,50.0922,14.58
"Desná,,odb.",50.76534,15.33564
"Desná,,odb.",50.76541,15.33545
"Desná,centrum",50.7563,15.31404
"Desná,centrum",50.75675,15.31384
"Desná,Sklář",50.76234,15.32172
"Deštnice,rozc.1.0",50.23465,13.58854
"Deštnice,rozc.1.0",50.2346,13.58854
"Deštnice,rozc.Sádek",50.24346,13.57686
"Deštnice,rozc.Sádek",50.24383,13.57647
"Dětenice,náves",50.36771,15.17013
"Dětenice,náves",50.36751,15.16975
"Dětenice,Osenice",50.37097,15.15741
"Dětenice,Osenice",50.37106,15.15741
Dětská nemocnice Karlov,50.07078,14.42855
Diskařská,50.07909,14.38276
Diskařská,50.07929,14.38051
Divadlo Gong,50.10679,14.4886
Divadlo Gong,50.10654,14.48809
Divadlo Horní Počernice,50.11682,14.62175
Divadlo Horní Počernice,50.11688,14.62183
Divadlo Na Fidlovačce,50.06483,14.43628
Divadlo Na Fidlovačce,50.06465,14.43713
Divadlo pod Palmovkou,50.10566,14.47275
Dívčí hrady,50.05585,14.39915
Dívčí hrady,50.05566,14.39863
Dívčí hrady,50.05611,14.39774
"Divišov,Benešovská",49.79023,14.872
"Divišov,Benešovská",49.79019,14.87237
"Divišov,Brtnice",49.7988,14.92444
"Divišov,Brtnice",49.79888,14.92444
"Divišov,Lbosín,rozc.",49.78713,14.83748
"Divišov,Lbosín,rozc.",49.78723,14.83734
"Divišov,Měchnov,rozc.",49.80056,14.89782
"Divišov,Měchnov,rozc.",49.80064,14.89824
"Divišov,nám.",49.78823,14.87621
"Divišov,nám.",49.78832,14.87635
"Divišov,rozc.Dalovy",49.78778,14.85201
"Divišov,rozc.Dalovy",49.78795,14.85223
"Divišov,rozc.Křešice",49.80708,14.86251
"Divišov,Šternov",49.80403,14.90972
"Divišov,Šternov",49.80414,14.90923
"Divišov,Vrcha",49.79381,14.88288
"Divišov,Vrcha",49.79398,14.88293
"Divišov,Všechlapská",49.78991,14.87952
"Divišov,Všechlapská",49.78987,14.87948
Divoká Šárka,50.09273,14.32568
Divoká Šárka,50.09291,14.32533
Divoká Šárka,50.09272,14.32663
Divoká Šárka,50.09245,14.32588
Divoká Šárka,50.09282,14.32073
Dlouhá Lhota (PB),49.72142,14.11842
Dlouhá Lhota (PB),49.72129,14.11866
"Dlouhá Lhota,U Křížku (PB)",49.72427,14.12697
"Dlouhá Lhota,U Křížku (PB)",49.72448,14.12745
Dlouhá míle,50.09076,14.30039
Dlouhá třída,50.09167,14.42754
Dlouhá třída,50.09054,14.4279
Dlouhopolsko,50.17521,15.30549
Dlouhopolsko,50.17529,15.30519
Do Čertous,50.12269,14.61096
Do Čertous,50.12267,14.6098
Do Koutů,49.99194,14.4165
Do Koutů,49.99198,14.41635
Do Lipan,50.00842,14.62653
Do Lipan,50.00761,14.62623
Do Rybníčků,50.14965,14.4452
Dobeška,50.04215,14.41632
Dobeška,50.04151,14.41568
Dobratická,50.13032,14.50865
Dobratická,50.13037,14.50838
Dobročovice,50.05618,14.69899
Dobročovice,50.05621,14.69846
Dobročovická,50.07341,14.50511
Dobročovická,50.07326,14.50473
Dobronická,50.01098,14.47147
Dobronická,50.01105,14.47245
"Dobrovice,aut.st.",50.36863,14.9637
"Dobrovice,aut.st.",50.36895,14.96367
"Dobrovice,Bojetice",50.37906,14.96784
"Dobrovice,Bojetice",50.37919,14.96773
"Dobrovice,Holé Vrchy",50.3911,14.97906
"Dobrovice,Holé Vrchy",50.39116,14.97922
"Dobrovice,Holé Vrchy,Ctiměřická",50.3849,14.98976
"Dobrovice,Holé Vrchy,Ctiměřická",50.38471,14.99018
"Dobrovice,Libichov",50.35155,14.91674
"Dobrovice,Libichov",50.35161,14.91675
"Dobrovice,Libichov,hl.sil.",50.35217,14.91322
"Dobrovice,Libichov,hl.sil.",50.35167,14.91325
"Dobrovice,Sýčina",50.3667,14.93627
"Dobrovice,Sýčina",50.36667,14.93608
"Dobrovice,Sýčina,Nádražní",50.36678,14.93763
"Dobrovice,Sýčina,Nádražní",50.36673,14.93754
"Dobrovice,Švermovy sady",50.36884,14.95694
"Dobrovice,Švermovy sady",50.36891,14.95695
"Dobrovice,Týnec",50.37464,14.97881
"Dobrovice,Týnec",50.37481,14.9797
"Dobrovice,Úherce",50.36916,14.98793
"Dobrovice,Úherce",50.3692,14.98795
"Dobrovice,v hájku",50.37458,14.96922
"Dobrovice,v hájku",50.37451,14.9693
"Dobrovice,žel.st.",50.35587,14.93963
"Dobrovice,žel.st.",50.35582,14.93955
Dobrovíz,50.11449,14.21688
Dobrovíz,50.11472,14.21673
"Dobrovíz,Komerční zóna",50.1078,14.21439
"Dobrovíz,Komerční zóna",50.10725,14.21318
"Dobrovíz,Obecní úřad",50.11356,14.21837
"Dobrovíz,Obecní úřad",50.11415,14.22073
"Dobřejovice,,Čestlická",49.98384,14.58556
"Dobřejovice,,Čestlická",49.9838,14.58555
"Dobřejovice,,Jesenická",49.98062,14.57275
"Dobřejovice,,Jesenická",49.98103,14.57378
"Dobřejovice,,Na Návsi",49.982,14.57959
"Dobřejovice,,Na Návsi",49.98174,14.57912
Dobřeň,50.47848,14.55765
Dobřeň,50.47836,14.55774
"Dobřeň,Jestřebice",50.46249,14.57101
"Dobřeň,Jestřebice",50.46253,14.57074
"Dobřeň,Jestřebice,Malá Jestřebice",50.45673,14.56846
"Dobřeň,Jestřebice,Malá Jestřebice",50.45673,14.56815
"Dobřeň,na Špičáku",50.47179,14.56785
"Dobřeň,na Špičáku",50.4717,14.56763
"Dobřeň,Střezivojice",50.49093,14.55701
"Dobřeň,Střezivojice",50.4911,14.55687
Dobříč,50.02095,14.25764
Dobříč,50.02144,14.25806
"Dobřichovice,Nádraží",49.92756,14.28917
"Dobřichovice,Pod Vinicí",49.93115,14.27588
"Dobřichovice,Pod Vinicí",49.93141,14.27629
"Dobřichovice,Pošta",49.92696,14.27465
"Dobřichovice,Pošta",49.92738,14.27456
"Dobřichovice,Randova",49.9358,14.28336
"Dobřichovice,Randova",49.93588,14.2836
"Dobřichovice,rozc.Karlík",49.92815,14.27178
"Dobřichovice,rozc.Karlík",49.92794,14.27151
"Dobříš,Kodetka",49.79901,14.19582
"Dobříš,Kodetka",49.7985,14.19563
"Dobříš,Kostelíček",49.78373,14.18138
"Dobříš,Kostelíček",49.78395,14.18167
"Dobříš,lom",49.77167,14.16661
"Dobříš,lom",49.77216,14.16695
"Dobříš,nám.",49.78144,14.1704
"Dobříš,nám.",49.78135,14.17012
"Dobříš,nám.",49.78162,14.17103
"Dobříš,nám.",49.7815,14.17027
"Dobříš,nám.",49.78143,14.17003
"Dobříš,nám.",49.78164,14.1705
"Dobříš,Průmyslová zóna",49.79424,14.18963
"Dobříš,Průmyslová zóna",49.79584,14.19183
"Dobříš,Statek",49.77662,14.15511
"Dobříš,Statek",49.77641,14.15519
"Dobříš,Svatá Anna",49.77272,14.14076
"Dobříš,Svatá Anna",49.7728,14.14174
"Dobříš,Větrník",49.78927,14.17713
"Dobříš,Větrník",49.78988,14.17785
"Dobříš,Žel.st.",49.78915,14.18433
"Dobříš,Žel.st.",49.78949,14.18483
Dobřív,49.71396,13.68638
Dobřív,49.71412,13.68684
"Dobřív,,Melmatěj",49.72894,13.72474
"Dobřív,,Melmatěj",49.72892,13.72494
"Dobřív,chaty",49.72226,13.70542
"Dobřív,chaty",49.72229,13.7057
"Dobřív,Na Fořtovně",49.71782,13.69454
"Dobřív,Na Fořtovně",49.71776,13.69463
Dobšice,50.13424,15.26953
Dobšice,50.13433,15.26943
"Doksany,škola",50.45173,14.16743
"Doksany,škola",50.45171,14.16759
"Doksany,zámek",50.45533,14.16112
"Doksany,zámek",50.45509,14.1612
Doksy (KD),50.11866,14.04829
Doksy (KD),50.11871,14.04842
"Doksy,aut.st. (CL)",50.56366,14.6537
"Doksy,aut.st. (CL)",50.56358,14.65366
"Doksy,most[KD]",50.11658,14.04058
"Doksy,most[KD]",50.11663,14.03956
"Doksy,Obora (CL)",50.54464,14.67192
"Doksy,Obora (CL)",50.54523,14.67163
"Doksy,rozc.Kruh (CL)",50.5021,14.6668
"Doksy,rozc.Kruh (CL)",50.50208,14.66688
"Doksy,rozcestí (KD)",50.12981,14.04272
"Doksy,rozcestí (KD)",50.12981,14.04247
"Doksy,rozcestí (KD)",50.1302,14.04194
"Doksy,Staré Splavy,otočka (CL)",50.58551,14.62819
"Doksy,Zbyny,křiž. (CL)",50.55645,14.61528
"Doksy,Zbyny,křiž. (CL)",50.55648,14.61519
"Doksy,Zbyny,náves (CL)",50.5554,14.61702
"Doksy,Žďár (CL)",50.50349,14.67625
"Doksy,Žďár (CL)",50.50358,14.67691
"Doksy,žel.st. (CL)",50.57263,14.64705
"Doksy,žel.st. (CL)",50.57263,14.64705
Dolany (KD),50.11587,14.14937
Dolany (KD),50.11574,14.1492
"Dolany n.Vlt.,Debrno (ME)",50.21714,14.32388
Dolany n.Vlt.Debrno (ME),50.21708,14.32397
Doležalova,50.10192,14.57065
Doležalova,50.10178,14.56976
Doliny,50.05742,14.42544
Doliny,50.0575,14.42345
Dolní Beřkovice,50.39258,14.45182
Dolní Beřkovice,50.39145,14.45196
"Dolní Beřkovice,Cukrovar",50.38644,14.45136
"Dolní Beřkovice,Cukrovar",50.38675,14.45119
"Dolní Beřkovice,Posadovice",50.36646,14.45118
"Dolní Beřkovice,Posadovice",50.36623,14.45106
"Dolní Beřkovice,Vliněves",50.37373,14.44961
"Dolní Beřkovice,Vliněves",50.37375,14.44936
"Dolní Bousov,Horní Bousov",50.46164,15.11511
"Dolní Bousov,Horní Bousov",50.46165,15.1159
"Dolní Bousov,nám.",50.43869,15.1279
"Dolní Bousov,Příhonská",50.43544,15.11801
"Dolní Bousov,Příhonská",50.43555,15.118
"Dolní Bousov,rozc.Ošťovice",50.45986,15.13156
"Dolní Bousov,rozc.Ošťovice",50.45993,15.13211
"Dolní Břežany,Hradišťátko",49.96271,14.44778
"Dolní Břežany,Hradišťátko",49.96297,14.4482
"Dolní Břežany,Hřiště",49.96088,14.45232
"Dolní Břežany,Hřiště",49.96168,14.45271
"Dolní Břežany,Lhota",49.95618,14.43284
"Dolní Břežany,Lhota",49.95618,14.43271
"Dolní Břežany,Na kopečku",49.96908,14.46204
"Dolní Břežany,Na kopečku",49.96894,14.46199
"Dolní Břežany,Na Rovném",49.95832,14.44961
"Dolní Břežany,Na Rovném",49.9587,14.45072
"Dolní Břežany,Na Spálence",49.96621,14.44224
"Dolní Břežany,Na Spálence",49.96661,14.44116
"Dolní Břežany,Nad Mlýnem",49.9654,14.44812
"Dolní Břežany,Nad Mlýnem",49.96552,14.44824
"Dolní Břežany,Náměstí",49.96452,14.45921
"Dolní Břežany,Náměstí",49.96373,14.45889
"Dolní Břežany,Obecní úřad",49.96329,14.45558
"Dolní Břežany,Obecní úřad",49.96319,14.45708
"Dolní Břežany,Škola",49.96613,14.4608
"Dolní Břežany,Škola",49.96631,14.46096
"Dolní Břežany,Zálepy",49.94848,14.41117
Dolní Hbity,49.65747,14.16925
Dolní Hbity,49.65746,14.16948
Dolní Hbity,49.65695,14.16919
"Dolní Hbity,Brodce",49.65107,14.16401
"Dolní Hbity,Brodce",49.65113,14.16419
"Dolní Hbity,Jelence",49.67065,14.15697
"Dolní Hbity,Jelence",49.67071,14.15709
"Dolní Hbity,Káciň",49.64888,14.1214
"Dolní Hbity,Káciň",49.64895,14.1215
"Dolní Hbity,Kaliště",49.64772,14.18806
"Dolní Hbity,Kaliště",49.64779,14.18819
"Dolní Hbity,Nepřejov,rozc.",49.65063,14.17344
"Dolní Hbity,Nepřejov,rozc.",49.65093,14.17265
Dolní Hrachovice,49.48624,14.79806
Dolní Hrachovice,49.48636,14.7982
"Dolní Hrachovice,Vaněčkův mlýn",49.49229,14.79478
"Dolní Hrachovice,Vaněčkův mlýn",49.49227,14.79493
Dolní Chabry,50.15104,14.43757
Dolní Chabry,50.15102,14.43782
Dolní Chvatliny,49.98072,15.06804
Dolní Chvatliny,49.98077,15.06821
"Dolní Chvatliny,Horní Chvatliny",49.97483,15.05739
"Dolní Chvatliny,Horní Chvatliny",49.97487,15.05754
"Dolní Chvatliny,Mančice",49.98279,15.09263
"Dolní Chvatliny,Mančice",49.98286,15.09255
Dolní Kralovice,49.64423,15.17831
"Dolní Kralovice,Martinice",49.63943,15.20564
"Dolní Kralovice,Martinice",49.63933,15.20575
"Dolní Kralovice,Střítež,rozc.",49.66165,15.15689
"Dolní Kralovice,Střítež,rozc.",49.66177,15.15682
"Dolní Kralovice,Zahrádčice",49.65867,15.19439
"Dolní Kralovice,Zahrádčice",49.65867,15.19439
"Dolní Kralovice,záv.",49.64125,15.17361
"Dolní Kralovice,záv.",49.64128,15.17348
"Dolní Krupá,pošta",50.54615,14.87012
"Dolní Krupá,pošta",50.54605,14.8701
"Dolní Krupá,u lípy",50.55084,14.85382
"Dolní Krupá,u lípy",50.55081,14.85376
"Dolní Krupá,u mostu",50.54415,14.87823
"Dolní Krupá,u mostu",50.54407,14.87819
"Dolní Lochov,hlavní silnice",50.45577,15.28493
"Dolní Lochov,hlavní silnice",50.45592,15.28548
Dolní Měcholupy,50.0565,14.56208
Dolní Měcholupy,50.05724,14.56168
Dolní Počernice,50.08498,14.5772
Dolní Počernice,50.08508,14.5774
Dolní Počernice,50.08565,14.57626
"Dolní Podluží,křiž.",50.87528,14.58459
"Dolní Podluží,křiž.",50.8754,14.58479
"Dolní Podluží,škola",50.87963,14.59556
"Dolní Podluží,škola",50.87979,14.59469
Dolní Pohleď,49.74577,15.134
Dolní Pohleď,49.74591,15.13355
Dolní Stakory,50.43845,14.97319
Dolní Stakory,50.43847,14.9734
Dolnokrčská,50.03598,14.44263
Dolnokrčská,50.03562,14.44203
Dolnokřeslická,50.02428,14.56053
Dolnokřeslická,50.02421,14.56083
Dolnoměcholupská,50.0606,14.55673
Dolnoměcholupská,50.05952,14.55877
Dolnopočernický hřbitov,50.09116,14.57724
Dománovice,50.11166,15.3226
Dománovice,50.11174,15.32273
Domousnice,50.39208,15.10152
Domousnice,50.39221,15.10172
"Domousnice,Skyšice",50.42131,15.10653
"Domousnice,Skyšice",50.42135,15.10647
"Domousnice,žel.zast.",50.39725,15.10698
"Domousnice,žel.zast.",50.39729,15.10686
Domov seniorů Ďáblice,50.13546,14.47413
Domov seniorů Ďáblice,50.13563,14.47407
Donatellova,50.07265,14.50826
Donatellova,50.0724,14.50798
Doňov,49.21292,14.77583
Doňov,49.21296,14.7763
Donovalská,50.0374,14.50888
Donovalská,50.03648,14.50855
Dopravní hřiště Vypich,50.08169,14.34387
Dopravní hřiště Vypich,50.08175,14.34395
Dostihová,50.01253,14.39391
Dostihová,50.01295,14.39433
Doubek,50.01684,14.73717
Doubek,50.01702,14.73707
Doubravčice,50.02274,14.79188
Doubravčice,50.02275,14.79187
"Doubravčice,bytovky",50.02311,14.79571
"Doubravčice,bytovky",50.02306,14.79585
"Doubravčice,Na Číhadlech",50.01877,14.78703
"Doubravčice,Na Číhadlech",50.0189,14.78745
"Doubravčice,V Edenu",50.01507,14.78289
"Doubravčice,V Edenu",50.0152,14.78313
Drahelčice,50.03146,14.20347
Drahelčice,50.03135,14.20347
Drahenice,49.52073,13.95929
Drahenice,49.52082,13.95953
Drahlín,49.73309,13.96397
Drahlín,49.73291,13.96399
"Drahlín,Malý Drahlín",49.7305,13.95117
"Drahlín,Malý Drahlín",49.73036,13.9513
"Drahlín,ObÚ",49.73244,13.96885
"Drahlín,ObÚ",49.73222,13.96887
Drásov,49.70284,14.11863
Drásov,49.70268,14.11827
"Drásov,Cihelna",49.70442,14.10052
"Drásov,Cihelna",49.70433,14.10017
"Drásov,Skalka,dvůr",49.71208,14.09937
"Drásov,Skalka,dvůr",49.71242,14.10057
"Drásov,Skalka,V.",49.70547,14.08928
"Drásov,Skalka,VI.",49.70541,14.089
"Drásov,Skalka,VII.",49.70539,14.08847
Drazdecká,49.99591,14.51854
Dreyerova,50.03632,14.38283
Dreyerova,50.03647,14.38318
Drhovy,49.7392,14.23159
Drhovy,49.73912,14.2317
"Drhovy,Homole",49.73657,14.26466
"Drhovy,Homole",49.73663,14.26466
Drinopol,50.08391,14.37067
Drinopol,50.08397,14.3716
"Drnek,hl.sil.",50.21229,13.9257
"Drnek,hl.sil.",50.21238,13.9256
Drobná,50.07283,14.55634
Drobná,50.0729,14.55617
Drozdov,49.86391,13.84023
Drozdov,49.8637,13.83977
"Drozdov,škola",49.85988,13.8406
"Drozdov,škola",49.85991,13.84095
"Družec,Na Rybárně",50.08871,14.03374
"Družec,Na Rybárně",50.08872,14.03365
"Družec,náměstí",50.10298,14.0458
"Družec,náměstí",50.10291,14.04549
"Družec,Nový Mlýn",50.09345,14.03813
"Družec,Nový Mlýn",50.09348,14.03803
Družná,50.01207,14.4168
Družná,50.01227,14.41717
"Držkov,nám.",50.6877,15.30196
"Držkov,nám.",50.68779,15.30157
"Držkov,u Rydvalů",50.69,15.30996
"Držkov,u Rydvalů",50.68981,15.30887
Dřetovice,50.18397,14.20926
Dřevařská,50.12632,14.56448
Dřevařská,50.12617,14.56488
Dřevčice,50.16679,14.62895
Dřevčice,50.16668,14.62817
"Dřevčice,Cihelna",50.17152,14.63852
"Dřevčice,Cihelna",50.1716,14.63859
"Dřevčice,Rozc.Jenštejn",50.15995,14.61227
"Dřevčice,Rozc.Jenštejn",50.16025,14.61271
"Dřínov,Náves (ME)",50.27365,14.39841
"Dřínov,Stavadla (ME)",50.27,14.39648
"Dřínov,Stavadla (ME)",50.26992,14.39638
"Dřínov,U Kříže (ME)",50.27752,14.39577
"Dřínov,U Kříže (ME)",50.27763,14.39592
"Dřínov,U Rybníka (ME)",50.27427,14.39941
"Dřínov,U Rybníka (ME)",50.2743,14.39935
Dřísy,50.25632,14.64462
Dřísy,50.2565,14.64487
"Dřísy,U Vily",50.25179,14.64392
"Dřísy,U Vily",50.25156,14.64461
"Dřísy,Žel.st.",50.2438,14.63609
"Dřísy,Žel.st.",50.24298,14.63502
"Dubá,aut.nádr.",50.54126,14.54066
"Dubá,aut.nádr.",50.54148,14.54043
"Dubá,Bukovec",50.50735,14.48837
"Dubá,Bukovec",50.50725,14.48818
"Dubá,Deštná",50.52299,14.51732
"Dubá,Deštná",50.52288,14.51706
"Dubá,Horecký Důl",50.53951,14.57995
"Dubá,Horecký Důl",50.53954,14.57995
"Dubá,Horky,odb.",50.55484,14.58854
"Dubá,Horky,odb.",50.55498,14.58837
"Dubá,Korce",50.53865,14.6028
"Dubá,Korce",50.53875,14.60256
"Dubá,Křenov",50.52203,14.56227
"Dubá,Křenov",50.52208,14.56225
"Dubá,Nedamov,koupaliště",50.53651,14.55578
"Dubá,Nedamov,koupaliště",50.53644,14.55578
"Dubá,Nový Berštejn",50.55051,14.54367
"Dubá,Nový Berštejn",50.55048,14.54351
"Dubá,Nový Berštejn,střelnice",50.54926,14.55108
"Dubá,Nový Berštejn,střelnice",50.5493,14.55066
"Dubá,Rozprechtice háj.",50.52996,14.5455
"Dubá,Rozprechtice háj.",50.53,14.54555
"Dubá,Rozprechtice křiž.",50.52592,14.54809
"Dubá,Rozprechtice křiž.",50.52604,14.54778
"Dubá,školka",50.53827,14.54379
"Dubá,školka",50.53822,14.54397
"Dubá,Zakšín",50.5195,14.4982
"Dubá,Zakšín",50.51945,14.49798
Dubeč,50.06176,14.59613
Dubeč,50.06178,14.59681
Dubeč,50.06192,14.59665
Dubeček,50.05602,14.58007
Dubeček,50.05597,14.57982
Dubečská,50.06549,14.50187
Dubečská,50.06522,14.50283
Dubečský hřbitov,50.05019,14.58163
Dubečský hřbitov,50.05101,14.58161
"Dubenec,motorest",49.6952,14.07931
"Dubenec,motorest",49.6963,14.0807
"Dubenec,Skalka I.",49.70506,14.08579
"Dubenec,Skalka III.",49.70512,14.09028
"Dubenec,Skalka IV.",49.70494,14.09059
Dublovice,49.66982,14.35933
Dublovice,49.66963,14.35956
"Dublovice,Líchovy",49.67502,14.32082
"Dublovice,Líchovy",49.6749,14.32081
"Dublovice,Líchovy,rozc.Bučily",49.67613,14.30901
"Dublovice,Líchovy,rozc.Bučily",49.67605,14.30884
"Dubno,ObÚ",49.69551,14.0514
"Dubno,rest.",49.69736,14.0531
"Dubno,rest.",49.69733,14.05332
Dukla-Juliska,50.1107,14.38592
Dukla-Juliska,50.11013,14.3862
Dunajecká,50.12573,14.42663
Dunajecká,50.12538,14.42625
Dunice,49.60208,15.15316
Důstojnické domy,50.12427,14.53197
Důstojnické domy,50.1247,14.53235
Dvorce,50.04773,14.41438
Dvorce,50.04718,14.41395
Dvorce,50.04714,14.41504
Dvorce,50.0469,14.4149
Dvorce,50.04654,14.41504
Dvorce,50.04666,14.41537
Dvorce,50.04783,14.41273
Dvorní,50.14753,14.44838
Dvory,50.21166,14.99603
Dvory,50.21158,14.99605
"Dvory,Veleliby",50.21168,15.02154
"Dvory,Veleliby",50.21162,15.02154
"Dvory,Veleliby,hlavní silnice",50.21192,15.03258
"Dvory,Veleliby,hlavní silnice",50.21171,15.03247
Dvořákova,50.14526,14.43753
Dvořákova,50.14535,14.43704
Dymokury,50.24756,15.20391
"Dymokury,Černá Hora",50.25426,15.17144
"Dymokury,Černá Hora",50.25433,15.17166
"Dymokury,Svídnice",50.26434,15.18145
"Dymokury,Svídnice",50.26429,15.18138
"Dymokury,Svídnice,u trati",50.2682,15.19217
Dyrinka,50.10765,14.37447
Dyrinka,50.10825,14.37495
Elišky Přemyslovny,49.97494,14.39311
Farkáň,50.06068,14.381
Farkáň,50.06045,14.38087
Felbabka,49.8141,13.94096
Felbabka,49.81392,13.94082
Filmové ateliéry Barrandov,50.0312,14.39229
Filmové ateliéry Barrandov,50.03092,14.39229
Filmové ateliéry Barrandov,50.03102,14.39169
Filosofská,50.022,14.42827
Filosofská,50.02184,14.42813
Flora,50.07792,14.46152
Flora,50.07788,14.46243
Flora,50.07834,14.4609
Flora,50.07832,14.46063
Flora,50.07827,14.4633
Flora,50.07829,14.46189
Florenc,50.09117,14.43878
Florenc,50.09119,14.43921
Florenc,50.09086,14.4382
Florenc,50.09052,14.43878
Florenc,50.09082,14.43862
Florenc,50.08968,14.43849
Florenc,50.0901,14.44037
Florenc,50.09053,14.43693
Florenc,50.09044,14.43836
Florenc,50.09045,14.43945
Florenc,50.08962,14.43889
Formanská,50.0145,14.54342
Formanská,50.01424,14.54472
Frahelž,49.11678,14.72585
Frahelž,49.11689,14.726
Frančíkova,50.01083,14.35682
Frančíkova,50.01035,14.35693
Františka Veselého,50.12156,14.62
Františka Veselého,50.12206,14.62314
Franty Kocourka,50.06065,14.40337
Fruta,50.04307,14.5821
Fruta,50.0439,14.58093
Fryčovická,50.13942,14.50514
Fryčovická,50.13914,14.50469
Generála Janouška,50.10249,14.56395
Generála Janouška,50.10278,14.5639
Geologická,50.0365,14.387
Geologická,50.03633,14.38716
Geologická,50.03586,14.38755
Geologická,50.03651,14.38843
Geologická,50.03625,14.38944
Gercenova,50.05043,14.54353
Goetheho,50.10744,14.40409
Grussova,50.03455,14.37046
Grussova,50.0342,14.37096
Habrová,50.08794,14.49149
Habrová,50.08781,14.49067
Hadovitá,50.05156,14.45674
Hadovitá,50.05151,14.45756
Hadovka,50.09942,14.37515
Hadovka,50.09955,14.37571
Háje (ul. Opatovská),50.03031,14.52765
Háje,50.03036,14.52538
Háje,50.03038,14.52585
Háje,50.03045,14.527
Háje,50.03046,14.52744
Háje,50.03076,14.52627
Háje,50.03081,14.52768
"Háje,otočiště (PB)",49.67393,14.04512
"Háje,šachta 16 (PB)",49.67439,14.05762
"Háje,šachta 16 (PB)",49.6742,14.05776
"Háje,šachta 21 rozc.0.8 (PB)",49.67533,14.04969
"Háje,šachta 21 rozc.0.8 (PB)",49.67515,14.04973
Hájek,50.05052,14.62808
Hájek,50.04969,14.62813
Hájová,50.01735,14.65258
Hájová,50.01752,14.65283
Halenkovská,50.06289,14.28687
Halenkovská,50.06227,14.28717
Hanspaulka,50.10421,14.37298
Hanspaulka,50.10517,14.37307
"Harrachov,,aut.nádr.",50.76964,15.43577
"Harrachov,centrum",50.77527,15.42535
"Harrachov,centrum",50.77508,15.42565
"Harrachov,Nový Svět,Na mýtě",50.76377,15.39694
"Harrachov,Nový Svět,Na mýtě",50.76378,15.39666
"Harrachov,Nový Svět,u Motejlků",50.77924,15.41224
"Harrachov,Nový Svět,u Motejlků",50.77941,15.41218
"Harrachov,sklárna",50.78068,15.41973
"Harrachov,sklárna",50.78157,15.41896
Hasičská stanice Modřany,50.00594,14.43969
Hasičská stanice Modřany,50.00598,14.44017
Hasičská,50.07828,14.60368
Hasova,50.01539,14.4268
Hasova,50.01534,14.42717
Haštalské náměstí,50.091,14.42404
Hejtmanská,50.10539,14.55703
Hejtmanská,50.10529,14.55721
Hellichova,50.08566,14.40418
Hellichova,50.08419,14.40447
Hercovka,50.12207,14.45122
Hercovka,50.12185,14.4533
Herink,49.96756,14.57517
Herink,49.96785,14.57524
"Heřmaničky,Arnoštovice",49.61419,14.60348
"Heřmaničky,Arnoštovice",49.61403,14.6036
"Heřmaničky,Jestřebice",49.62225,14.6166
"Heřmaničky,Jestřebice",49.6222,14.61667
"Heřmaničky,Loudilka",49.5983,14.57492
"Heřmaničky,Loudilka",49.59826,14.57509
"Heřmaničky,rozc.Arnoštovice",49.6074,14.5941
"Heřmaničky,rozc.Arnoštovice",49.60735,14.59419
"Heřmaničky,rozc.Dolejší mlýn",49.61598,14.60944
"Heřmaničky,rozc.Dolejší mlýn",49.61641,14.61015
"Heřmaničky,rozc.Durdice",49.60861,14.58616
"Heřmaničky,rozc.Durdice",49.60856,14.58623
"Heřmaničky,rozc.Karasova Lhota",49.60645,14.59653
"Heřmaničky,rozc.Karasova Lhota",49.60641,14.59648
"Heřmaničky,žel.st.",49.60471,14.58281
"Heřmaničky,žel.st.",49.60448,14.58265
Hládkov,50.0887,14.38757
Hlasivo,49.49568,14.75453
Hlasivo,49.4957,14.75465
"Hlasivo,Hlasivko,rozc.1.0",49.48584,14.75499
"Hlasivo,Hlasivko,rozc.1.0",49.48587,14.75508
"Hlásná Třebaň,Rovina",49.92345,14.22794
Hlavenec,50.23787,14.70092
Hlavenec,50.23783,14.70074
"Hlavice,křiž.",50.63249,14.9192
"Hlavice,křiž.",50.63239,14.91912
"Hlavice,Lesnovek",50.64246,14.94023
"Hlavice,Lesnovek",50.64247,14.94038
"Hlavice,odb.Končiny",50.63668,14.91762
"Hlavice,odb.Končiny",50.63674,14.91754
"Hlavice,Vápno",50.62511,14.91646
"Hlavice,Vápno",50.62498,14.91644
"Hlavice,Vápno,Na Písku",50.62149,14.91966
"Hlavice,ves",50.63219,14.92211
Hlávkova,50.03682,14.31458
Hlávkova,50.03598,14.31395
Hlavní nádraží,50.08608,14.43511
Hlavní nádraží,50.08569,14.43593
Hlavní nádraží,50.08311,14.43489
Hlavní nádraží,50.08294,14.43478
Hlavní nádraží,50.08322,14.4346
Hlavní nádraží,50.0839,14.43449
Hlavní nádraží,50.08311,14.43379
Hlavní,50.04623,14.48762
Hlavní,50.04689,14.48677
Hlavní,50.04707,14.48656
Hlohová,50.05643,14.502
Hlohová,50.05635,14.50227
Hloubětín,50.10618,14.53669
Hloubětín,50.10617,14.53757
Hloubětín,50.1058,14.53859
Hloubětín,50.10603,14.53748
Hloubětín,50.10629,14.53682
Hloubětín,50.10685,14.53572
Hloubětín,50.10653,14.53706
Hlubočepy,50.04179,14.40439
Hlubočepy,50.04215,14.40476
Hlubočepy,50.04239,14.4046
Hlubočepy,50.04217,14.40439
Hlubočepy,50.0428,14.40441
Hlubočepy,50.0427,14.40422
Hluboš,49.74596,14.02052
Hluboš,49.7459,14.02075
"Hluboš,Kardavec",49.72907,14.01391
"Hluboš,Kardavec",49.72872,14.01426
"Hluboš,Loudilka",49.73508,14.0158
"Hluboš,Loudilka",49.73495,14.01604
"Hlubyně,dolní",49.56059,13.92637
"Hlubyně,dolní",49.56062,13.92626
"Hlubyně,horní",49.56119,13.92014
"Hlubyně,horní",49.56126,13.92001
Hlušičkova,50.06401,14.31641
Hlušičkova,50.06371,14.31566
Hlušičkova,50.06392,14.31587
Hlušičkova,50.06395,14.3165
Hněvkovice,49.68553,15.20346
Hněvkovice,49.6857,15.20365
"Hněvkovice,Habrovčice,rozc.",49.68319,15.21216
"Hněvkovice,Habrovčice,rozc.",49.68332,15.21221
"Hněvkovice,Chotěměřice",49.69007,15.18787
"Hněvkovice,Chotěměřice",49.69012,15.18759
"Hněvkovice,Nová Ves,rozc.1.0",49.69046,15.19201
"Hněvkovice,Nová Ves,rozc.1.0",49.69051,15.19208
"Hněvkovice,Ostřice rozc.1.0",49.68228,15.22012
"Hněvkovice,Ostřice rozc.1.0",49.68238,15.22006
Hněvkovského,50.03227,14.51859
Hněvkovského,50.03241,14.518
Hodčina,50.09159,14.31178
Hodčina,50.09061,14.31071
"Hodkovice n.Mohelkou,aut.nádr.",50.66759,15.0956
Högerova,50.03455,14.3806
Högerova,50.0342,14.38132
Holečkova,50.07422,14.39497
Holečkova,50.07432,14.39582
"Holedeč,Holedeček",50.28295,13.56033
"Holedeč,Holedeček",50.28284,13.56014
Holešovická tržnice,50.09834,14.4443
Holešovická tržnice,50.09824,14.44504
"Holín,Horní Lochov",50.453,15.29953
"Holín,Horní Lochov",50.45316,15.29939
"Holín,odb.Prachovské skály",50.44676,15.32384
"Holín,odb.Prachovské skály",50.44695,15.32367
Holoubkovská,50.04387,14.5598
Holubice,50.20183,14.29336
Holubice,50.20152,14.29335
"Holubice,Kozinec",50.19675,14.29509
"Holubice,Kozinec",50.19672,14.29496
"Holubice,Kozinec,Habrová",50.1989,14.29777
Holyně,50.02718,14.35824
Holyně,50.02699,14.35787
Holýšovská,50.04137,14.31818
Horčápsko,49.58429,13.98462
Horčápsko,49.58439,13.9847
"Horčápsko,Hráze",49.58173,13.97618
"Horčápsko,Hráze",49.58184,13.9763
Horčičkova,50.032,14.53442
Horčičkova,50.03178,14.53373
Horky,50.06145,14.44663
Horky,50.06167,14.4459
Horní Bezděkov,50.08223,14.06749
Horní Bezděkov,50.0822,14.06806
"Horní Bezděkov,křižovatka",50.08297,14.07632
"Horní Bezděkov,křižovatka",50.08282,14.07684
"Horní Bezděkov,Pod Hřbitovem",50.08017,14.06209
"Horní Bezděkov,Pod Hřbitovem",50.08044,14.06276
"Horní Bukovina,Dolní Bukovina",50.54269,14.93563
"Horní Bukovina,Dolní Bukovina,koupaliště",50.54679,14.93351
"Horní Bukovina,odb.",50.53566,14.93772
Horní cesta,50.03327,14.39645
Horní Kruty,49.9196,14.95978
Horní Kruty,49.9196,14.95978
"Horní Kruty,Bohouňovice II",49.91449,14.97223
"Horní Kruty,Dolní Kruty",49.91481,14.95832
"Horní Kruty,Dolní Kruty",49.91485,14.95841
"Horní Kruty,Přestavlky",49.91129,14.95694
"Horní Kruty,Přestavlky",49.91122,14.95697
"Horní Kruty,Újezdec",49.89976,14.94724
"Horní Kruty,Újezdec",49.89965,14.94732
"Horní Kruty,Újezdec,rozc.",49.89237,14.94489
"Horní Kruty,Újezdec,rozc.",49.89249,14.94475
Horní Počaply,50.42469,14.38944
Horní Počaply,50.42471,14.38869
"Horní Počaply,Elektrárna I",50.41705,14.41139
"Horní Počaply,Elektrárna II",50.41496,14.42128
"Horní Počaply,Elektrárna II",50.41487,14.42106
"Horní Počaply,Křivenice",50.40934,14.42992
"Horní Počaply,Křivenice",50.40967,14.42905
"Horní Počaply,Porobeton",50.41202,14.42612
"Horní Počaply,Porobeton",50.41218,14.42552
Hornocholupická,49.99747,14.42517
Hornocholupická,49.99748,14.4247
Horoměřice,50.13177,14.33913
Horoměřice,50.13112,14.3403
"Horoměřice,,LIDL",50.14145,14.3435
"Horoměřice,,LIDL",50.14148,14.34338
"Horoměřice,,Švejkova",50.13182,14.34858
"Horoměřice,,Švejkova",50.13179,14.35012
"Horoměřice,V Lipkách",50.13588,14.33635
"Horoměřice,V Lipkách",50.13555,14.33632
"Horoměřice,Velká Brána",50.1387,14.33609
"Horoměřice,Velká Brána",50.13872,14.33588
Horoušany,50.10623,14.74098
Horoušany,50.10615,14.74043
"Horoušany,Horoušánky,Náves",50.09875,14.72468
"Horoušany,Horoušánky,Náves",50.09845,14.72449
"Horoušany,Horoušánky,U Tří svatých",50.09963,14.71245
"Horoušany,Horoušánky,U Tří svatých",50.09986,14.7126
"Horoušany,Horoušánky,Za Panskou zahradou",50.10233,14.7269
"Horoušany,Horoušánky,Za Panskou zahradou",50.10315,14.72796
"Horoušany,U Rybníka",50.10806,14.7412
Hořesedly,50.16225,13.60392
Hořesedly,50.16223,13.60043
"Hořesedly,u školy",50.16193,13.59946
"Hořesedly,u školy",50.16187,13.59954
Hořešovice,50.27056,13.96537
Hořešovice,50.27043,13.96497
Hořešovičky,50.27459,13.95614
Hořešovičky,50.27459,13.95631
"Hořín,Brozánky",50.34933,14.45925
"Hořín,Brozánky",50.34946,14.45957
"Hořín,Brozánky,Staré Brozánky",50.35311,14.46039
"Hořín,Brozánky,Staré Brozánky",50.35259,14.46029
"Hořovice,Komenského",49.83475,13.90641
"Hořovice,Letná",49.8437,13.90408
"Hořovice,Letná",49.84322,13.90442
"Hořovice,Letná",49.84343,13.9047
"Hořovice,nám.B.Němcové",49.83365,13.90236
"Hořovice,nám.B.Němcové",49.8335,13.90204
"Hořovice,nám.B.Němcové",49.8336,13.90242
"Hořovice,nám.B.Němcové",49.83347,13.90213
"Hořovice,nám.B.Němcové",49.83355,13.90246
"Hořovice,nám.B.Němcové",49.83341,13.9022
"Hořovice,nám.B.Němcové",49.83346,13.90248
"Hořovice,nám.B.Němcové",49.83335,13.90224
"Hořovice,nám.B.Němcové",49.83319,13.90269
"Hořovice,nemocnice rozc.",49.83861,13.91306
"Hořovice,nemocnice rozc.",49.83852,13.91315
"Hořovice,nemocnice",49.84124,13.91516
"Hořovice,nemocnice",49.84119,13.91459
"Hořovice,Palackého nám.",49.83638,13.90333
"Hořovice,Palackého nám.",49.83624,13.90323
"Hořovice,Sklenářka",49.84389,13.88978
"Hořovice,Sklenářka",49.84378,13.8897
"Hořovice,Sklenářka",49.84358,13.88907
"Hořovice,Sklenářka",49.84354,13.88968
"Hořovice,u Dražovky",49.83032,13.90572
"Hořovice,u Dražovky",49.83004,13.90585
"Hořovice,u garáží",49.83162,13.88421
"Hořovice,u garáží",49.83163,13.8837
"Hořovice,u hřbitova",49.8355,13.91162
"Hořovice,u hřbitova",49.83545,13.91195
"Hořovice,Valdek",49.8382,13.89711
"Hořovice,Valdek",49.83838,13.89693
"Hořovice,Valdek",49.8386,13.89672
"Hořovice,Valdek",49.83813,13.897
"Hořovice,Valdek",49.83803,13.89713
"Hořovice,Valdek",49.83792,13.89737
"Hořovice,Valdek",49.83799,13.89834
"Hořovice,Vrchlického",49.83412,13.90722
"Hořovice,žel.st.",49.84252,13.89861
"Hořovice,žel.st.",49.84273,13.89908
"Hořovice,žel.st.",49.84282,13.89937
Hořovičky,50.15555,13.53042
Hořovičky,50.15572,13.53052
"Hořovičky,Hokov,rozc.",50.15948,13.55668
"Hořovičky,Hokov,rozc.",50.15958,13.55653
"Hořovičky,Vrbice",50.16893,13.5258
"Hospozín,nad kostelem",50.30763,14.17389
"Hospozín,nad kostelem",50.30756,14.17372
"Hospozín,ObÚ",50.30415,14.17056
"Hospozín,ObÚ",50.30413,14.1707
Hostavice,50.09022,14.56348
Hostavice,50.09002,14.56318
Hostín u Vojkovic,50.29611,14.39531
Hostín u Vojkovic,50.29613,14.39538
Hostivařská,50.05277,14.5295
Hostivařská,50.05267,14.53038
Hostivařská,50.05269,14.52865
Hostivařská,50.05293,14.52788
Hostivařské náměstí,50.05012,14.5263
Hostivařské náměstí,50.05013,14.52643
Hostivařský pivovar,50.04651,14.54962
Hostivařský pivovar,50.04692,14.5515
Hostivice,50.08131,14.25511
Hostivice,50.08118,14.25406
"Hostivice,,nádraží",50.08363,14.25898
"Hostivice,,nádraží",50.08363,14.25906
"Hostivice,,Staré Litovice",50.07645,14.23853
"Hostivice,,Staré Litovice",50.07649,14.23896
"Hostivice,Břve",50.06961,14.24252
"Hostivice,Břve",50.06952,14.24254
"Hostivice,Břve,sportovní hala",50.0687,14.24707
"Hostivice,Jeneček",50.0821,14.24015
"Hostivice,Jeneček",50.08243,14.2403
"Hostivice,Jeneček",50.08275,14.23977
"Hostivice,Jeneček",50.08268,14.23981
"Hostivice,K Dálnici",50.08414,14.26962
"Hostivice,Litovice",50.07962,14.24511
"Hostivice,Litovice",50.07956,14.24556
"Hostivice,Na Pískách",50.07602,14.25759
"Hostivice,Na Pískách",50.07574,14.25721
"Hostivice,Nouzov",50.08035,14.2628
"Hostivice,Nouzov",50.08043,14.26236
"Hostivice,Palouky",50.07901,14.28022
"Hostivice,Palouky",50.07882,14.2821
"Hostivice,Průmyslová",50.07907,14.26864
"Hostivice,Průmyslová",50.07988,14.27173
"Hostivice,Sportovců",50.07926,14.24189
"Hostivice,Sportovců",50.07866,14.24257
"Hostivice,Stadion",50.08068,14.24874
"Hostivice,Stadion",50.08103,14.2497
"Hostivice,Ve Vilkách",50.08318,14.2322
"Hostivice,Ve Vilkách",50.08327,14.23214
"Hostomice,Bezdědice",49.83294,14.02969
"Hostomice,Bezdědice",49.83286,14.02972
"Hostomice,Lštěň,rozc.",49.81918,14.06605
"Hostomice,Lštěň,rozc.",49.8191,14.06601
"Hostomice,nám.",49.82557,14.04609
"Hostomice,Radouš",49.83876,14.01875
"Hostomice,Radouš",49.83875,14.01896
"Hostomice,škola",49.82618,14.04077
"Hostomice,škola",49.82618,14.04077
Hostouň,50.11665,14.20153
Hostouň,50.11663,14.20193
"Hostouň,Na Pohoří",50.11434,14.20205
"Hostouň,Na Pohoří",50.11417,14.20179
"Hostouň,u hřiště",50.11061,14.20384
"Hostouň,u hřiště",50.11126,14.20336
Hostýnská,50.08107,14.49553
Hostýnská,50.08132,14.49552
Hotel Golf,50.06803,14.34667
Hotel Golf,50.0681,14.34678
Hovorčovice,50.18184,14.51675
Hovorčovice,50.1815,14.51679
"Hovorčovice,,U Kostela",50.17943,14.51753
"Hovorčovice,,U Kostela",50.17954,14.51769
Hradčanská,50.0973,14.40487
Hradčanská,50.09721,14.40385
Hradčanská,50.09812,14.40522
Hradčanská,50.09818,14.40535
Hradčanská,50.09812,14.40522
Hradčanská,50.097,14.40277
Hradčanská,50.09721,14.40379
Hradčanská,50.09767,14.40254
Hradčany,50.15884,15.26581
"Hradčany,ObÚ",50.15651,15.27191
Hradební,50.09075,14.42715
Hradební,50.09065,14.42705
"Hradečno,Nová Ves",50.18795,13.99883
"Hradečno,Nová Ves",50.18788,13.99889
Hradešín,50.0379,14.75983
Hradešín,50.038,14.75978
"Hradiště,rozc.",49.67862,14.85278
"Hradiště,rozc.",49.67856,14.85252
Hradištko (NB),50.16617,14.93666
Hradištko (NB),50.16631,14.9367
"Hradištko,Brunšov (PZ)",49.85578,14.40286
"Hradištko,Brunšov (PZ)",49.85582,14.40277
"Hradištko,Chaty (NB)",50.16179,14.92722
"Hradištko,Chaty (NB)",50.16182,14.92657
"Hradištko,Kersko U Pramene (NB)",50.15416,14.91002
"Hradištko,Kersko U Pramene (NB)",50.15402,14.90983
"Hradištko,Kersko,Branaldova (NB)",50.16097,14.91222
"Hradištko,Kersko,Branaldova (NB)",50.16077,14.91133
"Hradištko,Kersko,Hl.sil. (NB)",50.13797,14.90557
"Hradištko,Kersko,Hl.sil. (NB)",50.13835,14.90392
"Hradištko,Kersko,Hl.sil. (NB)",50.13878,14.90515
"Hradištko,Osada (PZ)",49.86836,14.42066
"Hradištko,Osada (PZ)",49.86842,14.42075
"Hradištko,Pikovice,Most (PZ)",49.87705,14.42739
"Hradištko,Pikovice,Obec (PZ)",49.87473,14.4271
"Hradištko,Pikovice,Obec (PZ)",49.8747,14.42705
"Hradištko,Pikovice,Pod Medníkem (PZ)",49.87333,14.43187
"Hradištko,Pikovice,Pod Medníkem (PZ)",49.87333,14.43281
"Hradištko,Rajchardov (PZ)",49.86225,14.40664
"Hradištko,Rajchardov (PZ)",49.86167,14.40608
"Hradištko,U Rybníčku (PZ)",49.86475,14.41142
"Hradištko,U Rybníčku (PZ)",49.86484,14.41088
"Hradištko,U Rybníčku (PZ)",49.86526,14.41077
"Hradištko,Zámek (PZ)",49.86775,14.4091
"Hradištko,Zámek (PZ)",49.86765,14.41069
Hracholusky,50.00183,13.76735
"Hracholusky,rozc.Novosedly",50.00051,13.75515
"Hracholusky,rozc.Novosedly",50.00056,13.755
Hrazanská,49.97758,14.43951
Hrazanská,49.97803,14.43958
"Hrazany,Hrazánky,rozc.1.7",49.52419,14.35449
"Hrazany,Hrazánky,rozc.1.7",49.52434,14.35466
Hrdlív,50.19939,14.07209
Hrdlív,50.1993,14.07192
Hrejkovice,49.47422,14.28994
Hrejkovice,49.4743,14.28993
"Hrejkovice,Chlumek,rozc.0.8",49.46845,14.30713
"Hrejkovice,Chlumek,rozc.0.8",49.4687,14.30669
"Hrejkovice,Chlumek,rybník Zlatina",49.46137,14.33088
"Hrejkovice,Chlumek,rybník Zlatina",49.4617,14.33059
"Hrejkovice,Chlumek,samoty",49.47082,14.30081
"Hrejkovice,Chlumek,samoty",49.47101,14.30073
"Hrejkovice,ObÚ",49.47446,14.29198
"Hrejkovice,Pechova Lhota",49.49582,14.2875
"Hrejkovice,Pechova Lhota",49.49585,14.28765
"Hrejkovice,Pechova Lhota,rozc.",49.50239,14.29297
"Hrejkovice,Pechova Lhota,rozc.",49.50249,14.29305
Hrnčíře,49.99686,14.51764
Hrnčíře,49.99891,14.51719
Hrnčířský hřbitov,50.00109,14.51632
Hrnčířský hřbitov,50.00306,14.51652
Hrnčířský hřbitov,50.00283,14.51507
Hrnčířský hřbitov,50.00233,14.51785
Hrusice,49.90979,14.73865
Hrusice,49.90959,14.73856
"Hrusice,Na Šmejkalce",49.90324,14.7446
"Hrusice,Na Šmejkalce",49.90301,14.74444
Hřebeč,50.13674,14.15876
Hřebeč,50.13655,14.15832
"Hřebeč,Netřeby",50.1317,14.15303
"Hřebeč,Netřeby",50.13145,14.1526
Hřebečníky,49.98542,13.75296
Hřebečníky,49.98545,13.7532
"Hřebečníky,Týřovice",49.98018,13.78492
"Hřebečníky,Týřovice",49.98011,13.78497
"Hřebečníky,Újezdec,rozc.",49.99725,13.74427
"Hřebečníky,Újezdec,rozc.",49.99771,13.74422
Hřebenka,50.0751,14.39035
Hřebenka,50.07507,14.38987
Hředle (BE),49.90095,13.9228
Hředle (BE),49.9011,13.92282
Hředle (RA),50.18784,13.74742
Hředle (RA),50.18802,13.74776
Hříbková,50.0204,14.58047
Hříbková,50.02062,14.57992
"Hřiměždice,Vestec,rozc.",49.67538,14.24991
"Hřiměždice,Vestec,rozc.",49.67536,14.24938
"Hudlice,Dibří",49.95875,14.00769
"Hudlice,Dibří",49.95882,14.00782
"Hudlice,dolní",49.96104,13.97559
"Hudlice,dolní",49.96118,13.97553
Hulice,49.7111,15.08524
Hulice,49.71081,15.08509
"Hulice,úpravna",49.72094,15.08487
"Hulice,úpravna",49.72102,15.08477
Hulická,50.07777,14.66027
Hulická,50.07728,14.65995
Huntířovská,50.12955,14.54492
Huntířovská,50.12897,14.54293
Hůrka,50.04795,14.34038
Hůrka,50.04827,14.34047
Hůrka,50.05085,14.34154
Hůrka,50.05074,14.34191
Hůrka,50.04999,14.34209
Hůrka,50.05003,14.3435
Husí Lhota,50.43743,15.00005
Husí Lhota,50.43766,15.00036
"Husinec,Rozc.",50.1753,14.37171
"Husinec,Rozc.",50.17554,14.37237
"Husinec,Řež",50.17061,14.36036
"Husinec,Řež",50.17065,14.35996
"Husinec,Řež,Sídliště",50.17244,14.36195
"Husinec,Řež,Sídliště",50.17231,14.36163
"Husinec,Řež,Záv.",50.17718,14.35853
"Husinec,Samota",50.17929,14.39133
"Husinec,Samota",50.17918,14.39107
Hutě,50.10841,14.55851
Hutě,50.10884,14.55644
Hutmanka,50.05712,14.36931
Hutmanka,50.05658,14.36961
Hvozd,50.05239,13.69796
Hvozd,50.05232,13.698
Hvozdnice,49.87556,14.3654
Hvozdnice,49.8755,14.36545
"Hvozdnice,Chaty",49.8685,14.36158
"Hvozdnice,Chaty",49.86832,14.36156
Hybšmanka,50.07795,14.38045
Hybšmanka,50.07792,14.38195
Hýskov,49.99082,14.0503
Hýskov,49.99082,14.05017
"Hýskov,Na Krétě",49.98936,14.05724
"Hýskov,Na Krétě",49.98911,14.05698
"Hýskov,u hřbitova",49.991,14.03492
"Hýskov,u hřbitova",49.99086,14.03487
Chaplinovo náměstí,50.0353,14.37743
Chaplinovo náměstí,50.03521,14.37706
Chaplinovo náměstí,50.03491,14.37797
Chaplinovo náměstí,50.03518,14.37722
Chaplinovo náměstí,50.03527,14.37682
"Charvatce,Květník",50.31446,15.01692
"Charvatce,Květník",50.31446,15.01703
"Cheznovice,ObÚ",49.77891,13.78494
"Cheznovice,ObÚ",49.77893,13.78456
Chleby (NB),50.22292,15.08902
"Chleby,Draho (NB)",50.20844,15.08608
"Chleby,Draho (NB)",50.20854,15.08637
"Chleby,Rozc. (BN)",49.81853,14.54863
"Chleby,Rozc. (BN)",49.81835,14.54849
Chlístov,49.80078,14.65456
Chlístov,49.80069,14.65432
Chlum (BN),49.69278,14.99615
Chlum (BN),49.69281,14.99601
"Chlum,hl.sil. (CL)",50.57594,14.5451
"Chlumčany,motorest",50.33193,13.84058
"Chlumčany,motorest",50.33156,13.84068
"Chlumčany,obec",50.33428,13.84301
"Chlumec n.Cidl.,nemocnice",50.14695,15.45025
"Chlumec n.Cidl.,nemocnice",50.14695,15.4501
"Chlumec n.Cidl.,sokolovna",50.15763,15.45922
"Chlumec n.Cidl.,sokolovna",50.1583,15.45938
"Chlumec n.Cidl.,stará brána",50.15395,15.45897
"Chlumec n.Cidl.,stará brána",50.15405,15.45895
"Chlumec n.Cidl.,žel.st.",50.16307,15.45669
"Chlumec n.Cidl.,žel.st.",50.16309,15.45737
Chlumín,50.28869,14.44971
Chlumín,50.28921,14.44895
Chlustina,49.8797,13.91975
Chlustina,49.87952,13.91984
Chmelná,49.64796,14.98866
Chmelná,49.64802,14.98881
Chmelnice,50.09256,14.48696
Chmelnice,50.09249,14.48584
Choceradská,50.04314,14.49026
Chocerady,49.87207,14.80264
Chodov,50.03065,14.4919
Chodov,50.03077,14.49146
Chodov,50.03077,14.49146
Chodov,50.03191,14.49035
Chodov,50.03144,14.49158
Chodovec,50.03953,14.49044
Chodovec,50.03976,14.49062
Chodovická,50.1126,14.61773
Chodovická,50.11263,14.61762
Chodovská tvrz,50.03295,14.50043
Chodovská tvrz,50.0335,14.49978
Chodovská,50.0569,14.46838
Chodovská,50.05685,14.46927
Chodovská,50.05621,14.47149
Chodovská,50.05625,14.47179
Cholupice,49.9869,14.44548
Cholupice,49.98678,14.44548
Cholupické náměstí,49.98841,14.44908
Cholupické náměstí,49.98852,14.44881
Cholupický hřbitov,49.98423,14.46102
Cholupický hřbitov,49.98418,14.46114
Cholupický vrch,49.99415,14.43493
Cholupický vrch,49.99448,14.43445
Choratice,49.84013,14.87444
Choratice,49.84013,14.87452
Chorušice,50.3902,14.67191
"Chorušice,Velký Újezd",50.40905,14.62628
"Chorušice,Velký Újezd",50.4091,14.62606
"Chorušice,Velký Újezd,bytovky",50.40826,14.63155
"Chorušice,Zahájí",50.37568,14.6674
"Chorušice,Zahájí",50.37546,14.66738
"Choťánky,Vrčení",50.14439,15.16819
"Choťánky,Vrčení",50.14453,15.16813
"Choťánky,Vystrkov",50.14363,15.15481
"Choťánky,Vystrkov",50.14377,15.15481
Choteč,49.98539,14.28341
Choteč,49.98535,14.28333
Chotilsko,49.76941,14.35275
"Chotilsko,Mokrsko",49.74478,14.33605
"Chotilsko,Mokrsko",49.74462,14.33616
"Chotilsko,Prostřední Lhota",49.75373,14.34099
"Chotilsko,Prostřední Lhota",49.75365,14.34123
Choťovice,50.14128,15.32046
Choťovice,50.14142,15.32039
"Chotovice,hl.sil.",50.74322,14.5513
"Chotovice,hl.sil.",50.74333,14.55104
"Chotoviny,Jeníčkova Lhota",49.45723,14.71646
"Chotoviny,Jeníčkova Lhota",49.45709,14.71645
"Chotoviny,Jeníčkova Lhota,háj.",49.45872,14.72686
"Chotoviny,Jeníčkova Lhota,háj.",49.45868,14.72692
"Chotoviny,rozc.2.0",49.47305,14.65802
"Chotoviny,rozc.2.0",49.47237,14.65856
"Chotýšany,Křemení",49.74594,14.7947
"Chotýšany,Křemení",49.74597,14.79491
"Chotýšany,Městečko,rozc.",49.73601,14.81975
"Chotýšany,Městečko,rozc.",49.73632,14.81911
"Chotýšany,rozc.",49.74047,14.81114
"Chotýšany,rozc.",49.74065,14.81096
"Chotýšany,rozc.Pařezí",49.72885,14.83108
"Chotýšany,rozc.Pařezí",49.72924,14.83097
Chrást (PB),49.59521,13.95739
Chrást (PB),49.59531,13.95765
"Chrást,Lisovice (PB)",49.59105,13.96817
"Chrást,Lisovice (PB)",49.59111,13.96802
Chrášťany (BN),49.79274,14.58658
Chrášťany (BN),49.79267,14.5868
Chrášťany (KO),50.06583,14.92951
Chrášťany (KO),50.0658,14.92964
Chrášťany (PZ),50.0448,14.25906
Chrášťany (PZ),50.04478,14.25915
Chrášťany (RA),50.14559,13.66994
Chrášťany (RA),50.14553,13.67008
"Chrášťany,Benice (BN)",49.79364,14.5565
"Chrášťany,Benice (BN)",49.79345,14.55654
"Chrášťany,Bylany (KO)",50.06491,14.90941
"Chrášťany,Bylany (KO)",50.06479,14.90908
"Chrášťany,Bylany,škola (KO)",50.06693,14.90752
"Chrášťany,Bylany,škola (KO)",50.06656,14.90741
"Chrášťany,Chotouň (KO)",50.06716,14.95647
"Chrášťany,Chotouň (KO)",50.06721,14.95633
"Chrášťany,kult.dům (RA)",50.14613,13.66472
"Chrášťany,kult.dům (RA)",50.14622,13.66465
"Chrášťany,Mezcestí (PZ)",50.04179,14.25243
"Chrášťany,Mezcestí (PZ)",50.04214,14.25363
"Chrášťany,Nový Dvůr,Rozc. (RA)",50.16428,13.66634
"Chrášťany,Nový Dvůr,Rozc. (RA)",50.16429,13.66641
"Chrášťany,Protherm (PZ)",50.04742,14.26415
"Chrášťany,Protherm (PZ)",50.04741,14.26439
"Chrášťany,Scania-Label (PZ)",50.05062,14.27197
"Chrášťany,Scania-Label (PZ)",50.05072,14.27262
"Chrášťany,Soběšovice (BN)",49.79602,14.54402
"Chrášťany,Soběšovice (BN)",49.79592,14.54387
Chrustenice,50.00406,14.15272
Chrustenice,50.004,14.15263
"Chrustenice,Na radosti",50.00097,14.15852
"Chrustenice,Na radosti",50.00074,14.15872
Chržín,50.29504,14.26997
Chržín,50.29512,14.27004
"Chržín,u mostu",50.29655,14.26634
"Chržín,u mostu",50.29662,14.26641
Chudíř,50.30862,15.0151
Chudíř,50.30863,15.01526
Chvaly,50.11267,14.59722
Chvaly,50.1125,14.59458
Chvatěruby,50.23515,14.34652
Chvatěruby,50.23507,14.34656
"Chyňava,Lhotka u Berouna",49.99569,14.09185
"Chyňava,Lhotka u Berouna",49.99587,14.09175
"Chyňava,Libečov,u mostu",50.02694,14.09482
"Chyňava,Libečov,u mostu",50.02697,14.09453
"Chyňava,Malé Přílepy",50.01139,14.11442
"Chyňava,u Jonášů",50.02754,14.06977
"Chyňava,u Jonášů",50.02746,14.0698
"Chyňava,u Nováků",50.0284,14.07972
"Chyňava,u Nováků",50.02831,14.08002
Chýně,50.06111,14.22934
Chýně,50.06086,14.22865
"Chýně,,Háje",50.05874,14.21996
"Chýně,,Háje",50.05867,14.22037
"Chýně,,nádraží",50.05907,14.2127
"Chýně,,nádraží",50.05896,14.21255
"Chýně,,Pivovarský dvůr",50.06216,14.23176
"Chýně,,Pivovarský dvůr",50.0625,14.23244
"Chýně,,Žitná",50.05968,14.24378
"Chýně,,Žitná",50.05975,14.24309
Chýnice,49.99414,14.26442
Chýnice,49.99438,14.26466
"Chýnice,,pod radnicí",49.99588,14.26425
"Chýnice,,pod radnicí",49.996,14.26388
Chýnovská,50.01635,14.45053
"Chýstovice,rozc.0.5",49.58783,15.07904
"Chýstovice,rozc.0.5",49.58809,15.07879
"Chýstovice,rozc.Chyšná",49.57785,15.0921
"Chýstovice,rozc.Chyšná",49.57791,15.09227
"Chyšky,Hněvanice,rozc.Hrazánky 1.4",49.5131,14.35917
"Chyšky,Hněvanice,rozc.Hrazánky 1.4",49.51323,14.35933
I. P. Pavlova,50.07636,14.432
I. P. Pavlova,50.07573,14.43204
I. P. Pavlova,50.07505,14.43028
I. P. Pavlova,50.07475,14.42904
I. P. Pavlova,50.07494,14.42899
I. P. Pavlova,50.07479,14.43032
I. P. Pavlova,50.07387,14.4303
I. P. Pavlova,50.07499,14.43235
I. P. Pavlova,50.07537,14.43255
IKEM,50.0207,14.46332
IKEM,50.0227,14.46138
Invalidovna,50.09787,14.46509
Invalidovna,50.0981,14.46591
Invalidovna,50.09663,14.46248
Invalidovna,50.09697,14.46383
Italská,50.07803,14.43652
Italská,50.07829,14.43556
Ivančická,50.14219,14.51196
Jabkenice,50.32617,15.01315
Jabkenice,50.32559,15.01366
"Jabkenice,křižovatka",50.32216,15.01347
"Jabkenice,křižovatka",50.32214,15.01355
"Jablonec n.Jiz.,nám.",50.70325,15.42962
"Jablonec n.Jiz.,nám.",50.70309,15.42946
Jablonná,49.66139,14.13868
Jablonná,49.6615,14.13854
"Jablonná,Horní Hbity",49.65352,14.1496
"Jablonná,Horní Hbity",49.65361,14.14966
"Jablonná,Placy",49.67023,14.10921
"Jablonná,Placy",49.67026,14.10932
Jahodnice,50.08744,14.55808
Jahodnice,50.08762,14.55777
Jakobiho,50.03308,14.55935
Jakobiho,50.03342,14.55977
Jalodvorská,50.01397,14.45713
Jalodvorská,50.01337,14.45772
Jana Masaryka,50.07351,14.44068
Jana Masaryka,50.07307,14.44149
Jankov,49.6531,14.73058
Jankov,49.65324,14.73104
"Jankov,Jitra",49.66466,14.73116
"Jankov,Jitra",49.66468,14.731
"Jankov,Malostranská",49.65827,14.72653
"Jankov,Malostranská",49.65829,14.72646
"Jankov,Odlochovice",49.6281,14.76378
"Jankov,Odlochovice",49.62821,14.76393
"Jankov,Pičín",49.67681,14.73657
"Jankov,Pičín",49.67675,14.73646
"Jankov,pivovar (v ulici Malostranská)",49.65239,14.72589
"Jankov,pivovar (v ulici Malostranská)",49.65239,14.72589
Jankovcova,50.11017,14.44488
Jankovcova,50.10889,14.44385
Janovská,50.04052,14.5668
Jarníkova,50.02651,14.49418
Jarníkova,50.02678,14.49405
Jarpice,50.32124,14.08884
Jarpice,50.32129,14.08899
Javorník,49.68649,15.02683
"Javorník,u mostu",49.69804,15.0198
"Javorník,u mostu",49.69811,15.01978
Jedomělice,50.23314,13.97393
Jedomělice,50.23331,13.97393
"Jedomělice,u hřiště",50.23076,13.97002
"Jedomělice,u hřiště",50.23074,13.96985
Jemnická,50.04947,14.45893
Jemnická,50.04935,14.45923
Jemníky,50.20868,14.12097
Jemníky,50.20877,14.12094
"Jemníky,křiž.Knovíz",50.21538,14.12384
"Jemníky,křiž.Knovíz",50.21582,14.12372
Jeneč,50.08727,14.21607
Jeneč,50.08767,14.21523
"Jeneč,Komerční zóna",50.0926,14.20624
"Jeneč,Komerční zóna",50.09266,14.20657
"Jeneč,Lidická",50.08939,14.2144
"Jeneč,Nádraží",50.09378,14.21267
"Jeneč,Nádraží",50.0939,14.21248
"Jeneč,vysílací středisko",50.08796,14.19768
"Jeneč,vysílací středisko",50.08795,14.19837
"Jeneč,vysílací středisko",50.08813,14.19661
"Jeneč,vysílací středisko",50.08794,14.19645
Jenerálka,50.10785,14.35384
Jenerálka,50.10742,14.35348
Jenštejn,50.15307,14.61239
Jenštejn,50.15294,14.61281
"Jenštejn,Dehtáry",50.14287,14.63381
"Jenštejn,Dehtáry",50.14283,14.63343
"Jenštejn,Domov seniorů",50.15421,14.60053
"Jenštejn,Domov seniorů",50.15438,14.60096
"Jenštejn,Hradní",50.14956,14.61903
"Jenštejn,Hradní",50.15011,14.61851
Jeřická,50.1081,14.60942
Jeřická,50.1087,14.60905
Jesenice (PB),49.60664,14.47629
Jesenice (PZ),49.96753,14.51478
Jesenice (PZ),49.96828,14.51327
Jesenice (PZ),49.96757,14.5167
Jesenice,49.60675,14.47607
"Jesenice,Belnická (PZ)",49.9693,14.52907
"Jesenice,Belnická (PZ)",49.96933,14.52793
"Jesenice,Bytovky (PZ)",49.96991,14.50885
"Jesenice,Bytovky (PZ)",49.9707,14.50717
"Jesenice,Dobrošovice (PB)",49.59702,14.49457
"Jesenice,Dobrošovice (PB)",49.59713,14.49465
"Jesenice,Doublovičky (PB)",49.60294,14.48249
"Jesenice,Doublovičky (PB)",49.60332,14.48272
"Jesenice,Horní Jirčany (PZ)",49.95198,14.53777
"Jesenice,Horní Jirčany (PZ)",49.95245,14.5373
"Jesenice,Horní Jirčany,Vodárna (PZ)",49.94628,14.54305
"Jesenice,Horní Jirčany,Vodárna (PZ)",49.94636,14.54323
"Jesenice,Kocanda (PZ)",49.97108,14.54212
"Jesenice,Kocanda (PZ)",49.97105,14.54155
"Jesenice,Osnice (PZ)",49.97004,14.55153
"Jesenice,Osnice (PZ)",49.9697,14.55154
"Jesenice,Osnice,Hřbitov (PZ)",49.97358,14.5493
"Jesenice,Osnice,Hřbitov (PZ)",49.97395,14.54967
"Jesenice,Zdiměřice,bytovky (PZ)",49.98328,14.52537
"Jesenice,Zdiměřice,bytovky (PZ)",49.98348,14.52551
"Jesenice,Zdiměřice,Canadian School (PZ)",49.97491,14.53605
"Jesenice,Zdiměřice,Canadian School (PZ)",49.97501,14.53623
"Jesenice,Zdiměřice,Sportovní areál (PZ)",49.98803,14.52149
"Jesenice,Zdiměřice,Sportovní areál (PZ)",49.9887,14.52129
"Jesenice,Zdiměřice,u rybníka (PZ)",49.97855,14.53223
"Jesenice,Zdiměřice,u rybníka (PZ)",49.97886,14.53148
Jesenická,50.05813,14.49318
Jesenická,50.05715,14.49382
Jesenická,50.05634,14.49377
Jestřabí Lhota,50.08984,15.26051
Jestřabí Lhota,50.08992,15.2606
"Jestřabí v Krk.,Křížlice,host.",50.66286,15.5261
"Jestřabí v Krk.,Křížlice,host.",50.66233,15.52723
"Jestřabí v Krk.,Křížlice,myslivna",50.65031,15.52105
"Jestřabí v Krk.,Křížlice,myslivna",50.6505,15.5209
"Jestřebí,křiž.",50.60947,14.57977
"Jestřebí,křiž.",50.60952,14.57932
"Jestřebí,Podolec",50.59048,14.55209
"Jestřebí,Újezd",50.6025,14.56595
Jevany,49.96945,14.80972
Jevany,49.96943,14.80873
Jevany,49.96982,14.81002
Jevany,49.96984,14.81006
"Jevany,Černokostelecká",49.97113,14.81617
"Jevany,Černokostelecká",49.97155,14.8177
"Jevany,Lesní podnik",49.97777,14.829
"Jevany,Lesní podnik",49.97803,14.82934
"Jevany,Penčice",49.9581,14.82102
"Jevany,Penčice",49.95831,14.82089
"Jevany,Smrčiny",49.98342,14.837
"Jevany,Smrčiny",49.98356,14.83767
"Jevany,Spojovací",49.97506,14.79548
"Jevany,Spojovací",49.97519,14.79539
Jezerka,50.05748,14.44307
Jezerka,50.0572,14.44303
"Jičín,,aut.st.",50.4342,15.35516
"Jičín,,aut.st.",50.43398,15.35591
"Jičín,Komenského nám.",50.43867,15.35148
"Jičín,Komenského nám.",50.43913,15.35061
"Jičín,Koněvova",50.4414,15.34425
"Jičín,Koněvova",50.44152,15.34416
"Jilemnice,,aut.nádr.",50.6069,15.50674
"Jilemnice,,aut.nádr.",50.60687,15.50678
"Jilemnice,Hrabačov,křiž.",50.62109,15.50779
"Jílové u Prahy,Borek",49.87909,14.50113
"Jílové u Prahy,Borek",49.87944,14.49904
"Jílové u Prahy,Čs.armády",49.89533,14.4985
"Jílové u Prahy,Čs.armády",49.8952,14.49891
"Jílové u Prahy,Kamenná Vrata",49.89857,14.46877
"Jílové u Prahy,Kamenná Vrata",49.89937,14.46857
"Jílové u Prahy,Náměstí",49.89513,14.49302
"Jílové u Prahy,Náměstí",49.89506,14.49348
"Jílové u Prahy,Náměstí",49.89497,14.49293
"Jílové u Prahy,Pražská",49.89836,14.49381
"Jílové u Prahy,Pražská",49.89892,14.49395
"Jílové u Prahy,Radlík",49.90738,14.49194
"Jílové u Prahy,Radlík",49.90732,14.49212
"Jílové u Prahy,Rozc.Radlík",49.91202,14.4981
"Jílové u Prahy,Rozc.Radlík",49.91288,14.49996
"Jílové u Prahy,Učiliště",49.89737,14.48489
"Jílové u Prahy,Učiliště",49.8974,14.48552
"Jílové u Prahy,Za Humny",49.90189,14.49478
"Jílové u Prahy,Za Humny",49.9025,14.49574
Jíloviště,49.92777,14.3422
Jíloviště,49.92804,14.34425
"Jíloviště,Cukrák",49.93512,14.35708
"Jíloviště,Cukrák",49.93458,14.35674
"Jíloviště,Hl.sil.",49.92902,14.34244
"Jíloviště,Hl.sil.",49.92878,14.34247
"Jíloviště,Rozcestí Trnová",49.92001,14.33627
"Jíloviště,Rozcestí Trnová",49.92142,14.33625
"Jíloviště,Rozcestí Trnová",49.92181,14.33626
"Jíloviště,Rozcestí Trnová",49.9216,14.33642
"Jíloviště,U Mostu",49.92577,14.3384
"Jíloviště,U Mostu",49.92562,14.33851
"Jíloviště,Výzkumný ústav",49.94254,14.39195
"Jíloviště,Výzkumný ústav",49.94255,14.39251
Jílovská,50.0264,14.43011
Jílovská,50.02687,14.43012
"Jince,Mlýn",49.79665,13.97869
"Jince,Mlýn",49.79649,13.9787
"Jince,Nám.",49.79078,13.97746
"Jince,Nám.",49.79115,13.9775
"Jince,Rejkovice,žel.st.",49.80834,13.96915
"Jince,Rejkovice,žel.st.",49.80871,13.96911
"Jince,Sokolovna",49.78575,13.97951
"Jince,Sokolovna",49.78564,13.97949
"Jince,Žel.st.",49.78182,13.98562
"Jince,Žel.st.",49.78171,13.98567
"Jindřichův Hradec,aut.nádr.",49.15406,15.0041
"Jindřichův Hradec,aut.nádr.",49.15405,15.00518
"Jindřichův Hradec,Děbolín",49.15912,14.956
"Jindřichův Hradec,Děbolín",49.15926,14.95587
Jindřišská,50.08508,14.43016
Jindřišská,50.08532,14.43078
"Jinočany,,Hlavní",50.03128,14.27267
"Jinočany,,Hlavní",50.03173,14.27202
"Jinočany,,náměstí",50.03268,14.26773
"Jinočany,,náměstí",50.03269,14.26812
"Jinočany,nádraží",50.02961,14.26305
"Jinočany,nádraží",50.02915,14.26317
"Jinočany,náměstí",50.0327,14.26747
"Jinočany,Žižkova",50.03511,14.26361
"Jinočany,Žižkova",50.03637,14.26328
Jinonice,50.05468,14.36958
Jinonice,50.05453,14.37151
Jinonice,50.05449,14.37165
Jinonice,50.0541,14.36921
Jinonice,50.05432,14.37062
Jinonická,50.06939,14.37752
Jiráskova čtvrť,50.0941,14.5459
Jiráskova čtvrť,50.09402,14.54641
Jiráskovo náměstí,50.07625,14.41416
Jiráskovo náměstí,50.07615,14.414
Jiráskovo náměstí,50.07582,14.41322
Jiráskovo náměstí,50.07563,14.41411
Jirčanská,50.00596,14.45935
Jirčanská,50.006,14.45871
Jirny,50.11587,14.69831
Jirny,50.1157,14.6988
"Jirny,Logistický park",50.125,14.69005
"Jirny,Logistický park",50.12507,14.68954
"Jirny,Luční",50.11076,14.70273
"Jirny,Luční",50.11097,14.7029
"Jirny,Nové Jirny,I",50.10365,14.709
"Jirny,Nové Jirny,I",50.10378,14.70903
"Jirny,Nové Jirny,II",50.10144,14.71121
"Jirny,Nové Jirny,II",50.10189,14.71106
"Jirny,Rozc.",50.12653,14.70037
"Jirny,Rozc.",50.12621,14.69736
"Jirny,Zámek",50.11402,14.68938
"Jirny,Zámek",50.1146,14.69058
"Jiřetín p.Jedlovou,Lesné",50.86383,14.58771
"Jiřetín p.Jedlovou,Lesné",50.86382,14.58755
Jiřice (NB),50.25218,14.83341
Jiřice (NB),50.25218,14.8331
Jiřího z Poděbrad,50.07726,14.45047
Jiřího z Poděbrad,50.07711,14.44869
Jiřího z Poděbrad,50.07774,14.44886
Jiřího z Poděbrad,50.07761,14.44873
Jistebnice,49.48558,14.52793
Jistebnice,49.48563,14.52722
"Jistebnice,Hodkov",49.49514,14.49493
"Jistebnice,Hodkov",49.49524,14.49495
"Jistebnice,Makov,Pazderna",49.47474,14.55956
"Jistebnice,Makov,Pazderna",49.47474,14.55973
"Jistebnice,Tisová rozc.1.0",49.48031,14.5472
"Jistebnice,Tisová rozc.1.0",49.48029,14.54827
"Jistebnice,Vlásenice",49.46649,14.56501
"Jistebnice,Vlásenice",49.46661,14.56498
"Jistebnice,Zvěstonín",49.48761,14.50313
"Jistebnice,Zvěstonín",49.48771,14.50307
"Jistebnice,Žofín",49.48319,14.53227
"Jistebnice,Žofín",49.48331,14.53217
Jivina (BE),49.79733,13.8348
Jivina (BE),49.79745,13.83465
Jivina (MB),50.55489,14.94695
Jivina (MB),50.55489,14.94665
Jiviny,50.07778,14.30497
Jiviny,50.07744,14.30403
Jiviny,50.07698,14.30242
Jizbická,50.11016,14.6228
Jizerní Vtelno,50.36919,14.85239
Jizerní Vtelno,50.3691,14.85156
"Jizerní Vtelno,Viadukt",50.37114,14.86512
"Jizerní Vtelno,Viadukt",50.3713,14.86507
Jižní Město,50.03432,14.53838
Jižní Město,50.03444,14.53759
Jordánská,50.11104,14.56279
K Austisu,50.02118,14.34114
K Barrandovu,50.03547,14.38343
K Barrandovu,50.03508,14.38273
K Cikánce,49.9975,14.34172
K Cikánce,49.99775,14.34175
K Dubečku,50.05537,14.56482
K Dubečku,50.05528,14.56398
K Fialce,50.05589,14.32937
K Fialce,50.05555,14.32955
K Hájům,50.05495,14.32405
K Hájům,50.05523,14.32628
K Holyni,50.0203,14.35883
K Holyni,50.02058,14.36008
K Housličkám,50.1299,14.36647
K Housličkám,50.12915,14.367
K Chatám,49.94812,14.37535
K Chatám,49.94773,14.37524
K Juliáně,50.11785,14.30102
K Juliáně,50.11773,14.30128
K Lesoparku,50.0497,14.53915
K Lesoparku,50.05008,14.53796
K Letišti,50.09563,14.29355
K Letišti,50.09616,14.29254
K Letišti,50.09634,14.2927
K Letňanům,50.14351,14.48407
K Letňanům,50.14424,14.48443
K Lipanům,50.01575,14.60643
K Lipanům,50.01608,14.60652
K Netlukám,50.03349,14.60972
K Netlukám,50.03286,14.60895
K Noskovně,50.11147,14.3253
K Noskovně,50.11142,14.32585
K Obecním hájovnám,50.04293,14.51507
K Obecním hájovnám,50.04323,14.51648
K Pitkovičkám,50.0246,14.59063
K Pitkovičkám,50.02478,14.59095
K Říčanům,50.01535,14.6322
K Říčanům,50.0155,14.63234
K Teplárně,50.16874,14.52105
K Teplárně,50.16887,14.52132
K Trninám,50.06838,14.31113
K Trninám,50.06886,14.31103
K Třebonicům,50.03716,14.29833
K Třebonicům,50.03621,14.29989
K Tuchoměřicům,50.1161,14.2916
K Tuchoměřicům,50.11588,14.29117
K Vystrkovu,49.99987,14.40994
K Vystrkovu,49.99968,14.40827
K Vystrkovu,49.99932,14.41101
K Zelenči,50.12329,14.62397
K Žižkovu,50.09958,14.49609
K Žižkovu,50.0997,14.49854
Kabešova,50.10246,14.50827
Kabešova,50.10232,14.50806
Kablo,50.06209,14.53837
Kablo,50.06149,14.53615
Kablo,50.06287,14.53742
Kačerov,50.04197,14.46088
Kačerov,50.04178,14.46055
Kačerov,50.04197,14.46088
Kačerov,50.04191,14.46157
Kačerov,50.04198,14.45868
Kačerov,50.04169,14.45994
Kačerov,50.04203,14.46033
Kačice,50.16237,13.98803
Kafkova,50.09826,14.39554
Kajetánka,50.08652,14.37093
Kajetánka,50.08649,14.37226
Kajetánka,50.08711,14.37116
Kalinův mlýn,50.111,14.36755
Kalinův mlýn,50.11117,14.36847
Kamberk,49.59698,14.84004
Kamberk,49.59711,14.84008
"Kamberk,Předbořice",49.60621,14.82982
"Kamberk,Předbořice",49.60638,14.82988
"Kamenice,Kuklík",49.89083,14.62299
"Kamenice,Kuklík",49.8906,14.62298
"Kamenice,Kult.dům",49.90401,14.58675
"Kamenice,Ládví",49.89454,14.61347
"Kamenice,Ládví",49.89442,14.61412
"Kamenice,Nová Hospoda",49.91044,14.58398
"Kamenice,Nová Hospoda",49.91029,14.58467
"Kamenice,Olešovice",49.90468,14.59064
"Kamenice,Olešovice",49.90494,14.59073
"Kamenice,Skuheř",49.9018,14.56947
"Kamenice,Skuheř",49.90181,14.56969
"Kamenice,Štiřín",49.91625,14.60092
"Kamenice,Štiřín",49.91628,14.60081
"Kamenice,Štiřín,U Rybníka",49.91703,14.59571
"Kamenice,Štiřín,U Rybníka",49.91713,14.59368
"Kamenice,Těptín",49.89244,14.56464
"Kamenice,Těptín",49.8925,14.56482
"Kamenice,Těptín,U Kozlího kamene",49.89658,14.56814
"Kamenice,Těptín,U Kozlího kamene",49.89665,14.56856
"Kamenice,U Dvora",49.90047,14.58166
"Kamenice,U Dvora",49.89986,14.58123
"Kamenice,Valnovka",49.89741,14.60578
"Kamenice,Valnovka",49.89855,14.60252
"Kamenice,Všedobrovice",49.9173,14.61032
"Kamenice,Všedobrovice",49.91716,14.60998
Kamenická,50.09948,14.42926
Kamenická,50.09971,14.42857
Kamenné Žehrovice,50.12781,14.01614
Kamenné Žehrovice,50.12798,14.01564
"Kamenné Žehrovice,Háje",50.12818,14.02875
"Kamenné Žehrovice,Háje",50.1284,14.02859
"Kamenné Žehrovice,Vaňkovka",50.13663,14.03219
"Kamenné Žehrovice,Vaňkovka",50.13661,14.03242
"Kamenný Most,křiž.",50.24179,14.20545
"Kamenný Most,křiž.",50.24166,14.20553
Kamenný Přívoz,49.86226,14.50402
Kamenný Přívoz,49.86235,14.50403
"Kamenný Přívoz,Kamenný Újezdec",49.8575,14.51867
"Kamenný Přívoz,Kamenný Újezdec",49.85774,14.51911
"Kamenný Přívoz,Kašparka",49.85612,14.50448
"Kamenný Přívoz,Kašparka",49.8564,14.5045
"Kamenný Přívoz,U Křížku",49.86678,14.50344
"Kamenný Přívoz,U Křížku",49.86699,14.50373
"Kamenný Přívoz,Žel.st.",49.85995,14.51456
"Kamenný Přívoz,Žel.st.",49.86004,14.51456
Kamenolom Zbraslav,49.95942,14.39407
Kamenolom Zbraslav,49.95993,14.39447
Kamýcká,50.1306,14.38275
Kamýcká,50.1301,14.3827
Kamýcká,50.13068,14.38175
Kamýk n.Vlt.,49.64095,14.25266
Kamýk n.Vlt.,49.64103,14.2528
"Kamýk n.Vlt.,hřiště",49.64684,14.25214
"Kamýk n.Vlt.,hřiště",49.64683,14.25227
"Kamýk n.Vlt.,u Mášů",49.64027,14.25641
"Kamýk n.Vlt.,u Mášů",49.64019,14.25614
"Kamýk n.Vlt.,u poříční správy",49.64731,14.24922
"Kamýk n.Vlt.,u poříční správy",49.64727,14.2493
"Kamýk n.Vlt.,Velká",49.66026,14.25212
"Kamýk n.Vlt.,Velká",49.66119,14.25177
"Kamýk n.Vlt.,Velká,Blatnice",49.65544,14.25401
"Kamýk n.Vlt.,Velká,Blatnice",49.65541,14.25406
"Kamýk n.Vlt.,Velká,Sedla",49.66823,14.24126
"Kamýk n.Vlt.,Velká,Sedla",49.66814,14.24135
Kanina,50.42453,14.5998
"Kanina,žel.zast.",50.41434,14.61784
"Kanina,žel.zast.",50.41421,14.61779
Kapitána Stránského,50.10332,14.57618
Kapitána Stránského,50.10352,14.57575
"Káraný,Most",50.18256,14.73218
"Káraný,Most",50.18272,14.73215
"Káraný,Pošta",50.17476,14.73628
"Káraný,Vodárna",50.17752,14.732
"Káraný,Vodárna",50.17746,14.73242
"Kardašova Řečice,nám.",49.18452,14.85097
Kardausova,50.06657,14.55308
Karenova,50.06339,14.36831
Karlík,49.93706,14.26191
Karlík,49.93719,14.26153
Karlínské náměstí,50.09275,14.44518
Karlínské náměstí,50.09278,14.44613
Karlovo náměstí,50.0753,14.41911
Karlovo náměstí,50.07648,14.41926
Karlovo náměstí,50.075,14.41882
Karlovo náměstí,50.07517,14.41886
Karlovo náměstí,50.07438,14.41638
Karlovo náměstí,50.07481,14.41758
Karlovo náměstí,50.07594,14.42069
Karlovo náměstí,50.07707,14.42101
Karlovy lázně,50.08457,14.41347
Karlovy lázně,50.08476,14.41375
Karlštejnská,50.05264,14.35958
Karlštejnská,50.05265,14.35852
Kateřinky,50.0205,14.52027
Kateřinky,50.02067,14.5201
Kateřinská,50.07434,14.42616
Katovická,50.13213,14.4279
Katovická,50.13209,14.42825
Kavalírka,50.07004,14.37063
Kavalírka,50.07012,14.37109
Kavalírka,50.06927,14.36923
Kavalírka,50.06989,14.37138
Kavalírka,50.07019,14.37117
Kavčí hory,50.04898,14.42954
Kavčí hory,50.04978,14.42843
Kavčí hory,50.04935,14.42923
Kavčí hory,50.04999,14.42855
Kavkazská,50.06955,14.46602
Kavkazská,50.06958,14.46525
Kazanka,50.11738,14.4275
Kazanka,50.11721,14.42858
Kazínská,50.01167,14.38635
"Kbel,Kbílek",49.98492,15.1512
"Kbel,Kbílek",49.98523,15.15105
Kbelská,50.10505,14.53247
Kbelská,50.1055,14.53331
Kbelský hřbitov,50.14355,14.5467
Kbelský hřbitov,50.14438,14.54652
Kbelský lesopark,50.1352,14.53619
Kbelský lesopark,50.13534,14.53571
Kbelský pivovar,50.13041,14.54743
Kbely (ul. Hornopočernická),50.12999,14.55088
Kbely (ul. Hornopočernická),50.13037,14.55098
Kbely,50.13088,14.55293
Kbely,50.1309,14.55195
Kbely,50.13229,14.55103
Kbely,50.13148,14.55087
Ke Březině,49.99323,14.4679
Ke Březině,49.99496,14.46768
Ke Džbánu,50.09025,14.32077
Ke Džbánu,50.0901,14.3219
Ke Hrázi,50.08682,14.57626
Ke Hrázi,50.08681,14.57639
Ke Kaménce,50.07152,14.30242
Ke Kaménce,50.0715,14.30248
Ke Kateřinkám,50.02538,14.51557
Ke Kateřinkám,50.02542,14.51505
Ke Kateřinkám,50.02455,14.51474
Ke Kateřinkám,50.02442,14.51492
Ke Klíčovu,50.11353,14.50979
Ke Klíčovu,50.11316,14.50743
Ke Koulce,50.06165,14.40457
Ke Kříži,50.02949,14.59444
Ke Kříži,50.02993,14.59553
Ke Schodům,50.01418,14.41582
Ke smrčině,50.01768,14.52516
Ke smrčině,50.01787,14.52522
Ke Stírce,50.12267,14.45587
Ke Stírce,50.12299,14.45615
Keblov,49.67741,15.07126
Keblov,49.67741,15.07126
"Keblov,háj.",49.67661,15.09157
"Keblov,háj.",49.67673,15.09121
"Keblov,u kostela",49.67817,15.07158
"Keblov,u kostela",49.67817,15.07158
Kelerka,50.11532,14.4902
Kelerka,50.11512,14.48887
Kesnerka,50.05788,14.40207
Khodlova,50.11029,14.60407
"Kladno,Americká",50.12709,14.12342
"Kladno,autobusové nádraží",50.14608,14.10582
"Kladno,autobusové nádraží",50.14602,14.10617
"Kladno,autobusové nádraží",50.14584,14.10631
"Kladno,autobusové nádraží",50.14594,14.1059
"Kladno,autobusové nádraží",50.14576,14.10599
"Kladno,autobusové nádraží",50.14559,14.1061
"Kladno,autobusové nádraží",50.14563,14.10626
"Kladno,autobusové nádraží",50.14617,14.10611
"Kladno,autobusové nádraží",50.14628,14.10547
"Kladno,Billundská",50.11876,14.12545
"Kladno,Billundská",50.11933,14.12546
"Kladno,celnice",50.12254,14.12514
"Kladno,celnice",50.12189,14.12454
"Kladno,ČSAD",50.13029,14.10445
"Kladno,ČSAD",50.13021,14.10425
"Kladno,Dělnická",50.14334,14.11813
"Kladno,Dělnická",50.1434,14.11781
"Kladno,Energie",50.14745,14.06993
"Kladno,Energie",50.1473,14.06929
"Kladno,gymnasium",50.14244,14.09776
"Kladno,gymnasium",50.14181,14.09807
"Kladno,Havlíčkovo náměstí",50.16682,14.10715
"Kladno,Havlíčkovo náměstí",50.1674,14.10687
"Kladno,Hnidousy",50.17023,14.1126
"Kladno,Hnidousy",50.17035,14.11233
"Kladno,Husova",50.16397,14.10155
"Kladno,Husova",50.16388,14.10237
"Kladno,Ininova",50.15006,14.13385
"Kladno,Ininova",50.15023,14.13404
"Kladno,kolonie",50.16735,14.16587
"Kladno,kolonie",50.1674,14.16536
"Kladno,Kovošrot",50.14857,14.1303
"Kladno,Kovošrot",50.14871,14.13037
"Kladno,Kožovská",50.1167,14.1203
"Kladno,Kožovská",50.11673,14.12066
"Kladno,Kročehlavská",50.14394,14.12287
"Kladno,Kročehlavská",50.14373,14.12031
"Kladno,Kübeck",50.16222,14.11414
"Kladno,Kübeck",50.16179,14.11436
"Kladno,Meta",50.13492,14.13735
"Kladno,Meta",50.13465,14.13766
"Kladno,Na Šestém",50.15199,14.13654
"Kladno,Na Šestém",50.15179,14.13614
"Kladno,nádraží",50.12789,14.11444
"Kladno,nádraží",50.12825,14.11381
"Kladno,nám.Svobody",50.14528,14.09415
"Kladno,nám.Svobody",50.14474,14.0936
"Kladno,nám.Svobody",50.14439,14.09273
"Kladno,nám.Svobody",50.14574,14.09588
"Kladno,nám.Svobody",50.14601,14.09595
"Kladno,OAZA",50.13231,14.1385
"Kladno,OAZA",50.13223,14.13956
"Kladno,Okrsek 4",50.13059,14.13692
"Kladno,Okrsek 4",50.13155,14.13814
"Kladno,Okrsek 4",50.13053,14.13765
"Kladno,pekárna",50.11763,14.11495
"Kladno,pekárna",50.11761,14.1147
"Kladno,pod mostem",50.15744,14.13267
"Kladno,Pod Zámkem",50.15011,14.10644
"Kladno,Pod Zámkem",50.15009,14.10535
"Kladno,Poldi",50.15031,14.11777
"Kladno,Poldi",50.15058,14.11745
"Kladno,Pražská křiž.",50.13612,14.12618
"Kladno,Pražská křiž.",50.1359,14.12588
"Kladno,Průmyslová",50.15591,14.1164
"Kladno,Průmyslová",50.15696,14.11587
"Kladno,Rakovnická",50.13638,14.05946
"Kladno,Rakovnická",50.13649,14.06016
"Kladno,Ronovka",50.17509,14.10774
"Kladno,Ronovka",50.17548,14.10743
"Kladno,Rozdělov",50.14073,14.06548
"Kladno,Rozdělov",50.14045,14.06536
"Kladno,Růžové pole",50.1292,14.13149
"Kladno,Růžové pole",50.12885,14.1309
"Kladno,Seifertova",50.16361,14.09691
"Kladno,Seifertova",50.16339,14.09568
"Kladno,Sítná",50.13633,14.10408
"Kladno,Sítná",50.1358,14.10451
"Kladno,Smečenská",50.14232,14.0592
"Kladno,Smečenská",50.14292,14.05802
"Kladno,sokolovna",50.16014,14.13922
"Kladno,sokolovna",50.16043,14.13981
"Kladno,U Bondyho",50.14461,14.10995
"Kladno,U Bondyho",50.14424,14.11059
"Kladno,U Hvězdy",50.13276,14.11332
"Kladno,U Hvězdy",50.13279,14.11431
"Kladno,u Kauflandu",50.12902,14.11606
"Kladno,u Kauflandu",50.12912,14.11589
"Kladno,U Knotků",50.16379,14.10682
"Kladno,U Knotků",50.16368,14.10697
"Kladno,u kostela",50.14088,14.07205
"Kladno,u kostela",50.14066,14.07088
"Kladno,u nemocnice",50.14282,14.08804
"Kladno,u nemocnice",50.14272,14.08858
"Kladno,u Tesca",50.12573,14.11804
"Kladno,u Tesca",50.12693,14.1165
"Kladno,učiliště",50.1634,14.15021
"Kladno,učiliště",50.16351,14.15029
"Kladno,úřadovna",50.15892,14.13507
"Kladno,úřadovna",50.15847,14.13334
"Kladno,Vašíčkova",50.14474,14.06966
"Kladno,Vašíčkova",50.14478,14.06938
"Kladno,Velvarská",50.17264,14.12199
"Kladno,Velvarská",50.17268,14.12143
"Kladno,VHS",50.16504,14.15547
"Kladno,VHS",50.16534,14.15559
"Kladno,žel.zast.město",50.14127,14.08358
"Kladno,žel.zast.město",50.14062,14.08132
"Kladno,žel.zast.město",50.14129,14.08461
Kladruby,49.72181,14.94912
Kladruby,49.72181,14.94902
"Kladruby,rehab.ústav",49.72012,14.96105
"Kladruby,rehab.ústav",49.72022,14.96033
"Kladruby,rozc.",49.72142,14.95392
"Kladruby,rozc.",49.72147,14.95401
Klamovka,50.0707,14.3806181
Klamovka,50.07058,14.37914
Klamovka,50.07103,14.3815
Klamovka,50.07142,14.37986
Klamovka,50.07157,14.3796
Klamovka,50.06964,14.37863
Klánova,50.02137,14.42378
Klánova,50.02135,14.42335
Klánovice,50.09895,14.68594
Klánovice,50.099,14.68543
Klárův ústav,50.0277,14.45715
Klárův ústav,50.0283,14.45673
Klášter Hradiště n.Jiz.,50.52327,14.94478
Klášter Hradiště n.Jiz.,50.52335,14.94527
"Klášter Hradiště n.Jiz.,Habr",50.52221,14.94168
"Klášter Hradiště n.Jiz.,Habr",50.52208,14.9417
"Klášter Hradiště n.Jiz.,pod pivovarem",50.52381,14.94555
"Klášter Hradiště n.Jiz.,pošta",50.52652,14.94721
"Klášter Hradiště n.Jiz.,pošta",50.52646,14.94703
Klášterecká,50.14596,14.45581
Klášterecká,50.14606,14.4559
Klášterní Skalice,50.02296,14.98144
Klášterní Skalice,50.02291,14.98133
Klecany,50.17548,14.41218
Klecany,50.17535,14.41252
"Klecany,Ahold",50.18373,14.41151
"Klecany,Astrapark",50.18351,14.42408
"Klecany,Drasty",50.19618,14.39942
"Klecany,Drasty",50.19636,14.39932
"Klecany,Drasty,Čistírna",50.19213,14.39658
"Klecany,Drasty,Čistírna",50.19208,14.39639
"Klecany,Klecánky",50.1707,14.40248
"Klecany,U Hřbitova",50.17664,14.41985
"Klecany,U Hřbitova",50.17741,14.41798
"Klecany,U Kostela",50.17748,14.40965
"Klecany,U Kostela",50.17744,14.41011
"Klecany,Zdibsko",50.18376,14.44006
"Klecany,Zdibsko",50.18213,14.44028
"Klecany,Zdibsko",50.18377,14.4437
Klenovice,49.27779,14.71529
Klenovice,49.27779,14.71558
Klíčany,50.20108,14.43503
Klíčany,50.20095,14.43479
"Klíčany,Břežanská",50.20711,14.4366
"Klíčany,Břežanská",50.20773,14.43638
Klíčov,50.1169,14.51428
Klíčov,50.11674,14.51441
Klíčovská,50.11745,14.50795
Klíčovská,50.1179,14.50832
Klikovka,50.05705,14.42977
Klikovka,50.05695,14.43143
"Klínec,Hl.sil.",49.90586,14.33141
"Klínec,Hl.sil.",49.90595,14.33208
Kloboučnická,50.06057,14.45093
Kloboučnická,50.0603,14.4499
Kloboučnická,50.0603,14.44962
Kloboučnická,50.06063,14.44853
Klokočná,49.95909,14.72011
Klučenice,49.55381,14.21136
"Klučenice,Kosobudy",49.57688,14.23638
"Klučenice,Kosobudy",49.57691,14.2365
"Klučenice,Planá",49.56464,14.22486
"Klučenice,Planá",49.56459,14.22479
"Klučenice,Planá,kaple",49.56336,14.21929
"Klučenice,Planá,kaple",49.56339,14.21941
"Klučenice,Planá,rozc.",49.56544,14.23309
"Klučenice,Planá,rozc.",49.56533,14.23313
"Klučov,Lstiboř",50.07929,14.90536
"Klučov,Lstiboř",50.07939,14.90544
"Klučov,Skramníky",50.0836,14.95826
"Klučov,Skramníky",50.08359,14.95828
Klukovice,50.03608,14.3665
Klukovice,50.03574,14.36685
"Kly,Krauzovna",50.30858,14.51518
"Kly,Krauzovna",50.30825,14.51649
"Kly,Lom",50.31425,14.51498
"Kly,Lom",50.31426,14.5148
"Kly,Větrušice",50.30137,14.51137
"Kly,Větrušice",50.30125,14.51091
"Kly,Vinice",50.32157,14.50613
"Kly,Vinice",50.32071,14.50654
Kmetiněves,50.30868,14.15643
Kmetiněves,50.30871,14.15631
"Kmetiněves,žel.st.",50.30669,14.15655
"Kmetiněves,žel.st.",50.30663,14.15649
Kněževes (PZ),50.12123,14.25809
Kněževes (PZ),50.12128,14.25966
"Kněževes,ObÚ (RA)",50.14582,13.63673
"Kněževes,ObÚ (RA)",50.14595,13.63658
"Kněževes,Skladový areál (PZ)",50.11806,14.26861
"Kněževes,Skladový areál (PZ)",50.1181,14.26924
"Kněževes,Stará hospoda (PZ)",50.11853,14.26181
"Kněževes,Stará hospoda (PZ)",50.11842,14.26165
"Kněževes,u mlýna (RA)",50.14469,13.64607
"Kněževes,u mlýna (RA)",50.14475,13.64604
"Kněževes,U Nádraží (PZ)",50.12222,14.25444
"Kněževes,U Nádraží (PZ)",50.12212,14.25452
"Kněžmost,Koprník",50.46982,15.01439
"Kněžmost,Koprník",50.46984,15.01427
"Kněžmost,Na Dolích",50.49229,15.05019
"Kněžmost,Na Dolích",50.49232,15.05009
"Kněžmost,Nádražní",50.48557,15.03405
"Kněžmost,Nádražní",50.48561,15.03393
"Kněžmost,nám.",50.48932,15.03788
"Kněžmost,Násedlnice",50.46045,14.99646
"Kněžmost,Srbsko",50.50703,15.09977
"Kněžmost,Srbsko",50.5071,15.09976
"Kněžmost,Úhelnice",50.44816,15.0036
"Kněžmost,Úhelnice",50.44811,15.00352
"Kněžmost,Žabokliky",50.45712,15.00399
"Kněžmost,Žabokliky",50.4572,15.00397
"Kněžmost,žel.zast.",50.47229,15.01782
"Kněžmost,žel.zast.",50.47233,15.01775
Kněžská luka,50.09219,14.49297
Kněžská luka,50.09215,14.49248
Kňovice,49.68806,14.40063
Kňovice,49.68824,14.40074
"Kňovice,Kňovičky",49.68165,14.40467
"Kňovice,Kňovičky",49.68144,14.40488
Knovíz,50.21293,14.13611
Knovízská,50.04137,14.50013
Kobrova,50.07605,14.39827
Kobrova,50.07622,14.39895
Kobyliská střelnice,50.13091,14.46088
Kobyliská střelnice,50.13103,14.46061
Kobylisy (ul. Nad Šutkou),50.12324,14.45318
Kobylisy,50.12468,14.45631
Kobylisy,50.12494,14.45669
Kobylisy,50.12487,14.45627
Kobylisy,50.12473,14.45586
Kobylisy,50.12464,14.45475
Kobylisy,50.12486,14.45538
Kobylisy,50.12426,14.4537
Kobylisy,50.12437,14.45407
Kobylisy,50.12386,14.45341
Kobylisy,50.12484,14.45194
Kobylisy,50.12423,14.45493
Kobylisy,50.124,14.45358
Kobylisy,50.12306,14.45289
Kodaňská,50.07075,14.46082
Kodymova,50.05148,14.33734
Koh-i-noor,50.06758,14.46141
Koh-i-noor,50.06769,14.46225
Koh-i-noor,50.06674,14.46048
Koh-i-noor,50.06747,14.46174
Kochánky,50.27672,14.77999
Kochánky,50.27668,14.77979
"Kochánky,Okrouhlík",50.26687,14.80276
"Kochánky,Okrouhlík",50.26669,14.80444
"Kochánky,V Kateřinkách",50.27862,14.78597
"Kochánky,V Kateřinkách",50.2785,14.78556
Kojetice,50.23803,14.50835
Kojetice,50.23798,14.50788
"Kojetice,,žel.st.",50.23757,14.49954
"Kojetice,,žel.st.",50.23746,14.49862
"Kojetice,Rozc.",50.23631,14.49451
"Kojetice,Rozc.",50.23676,14.49467
"Kojetice,Tůmovka",50.2295,14.4947
"Kojetice,Tůmovka",50.2292,14.49447
Kokořín,50.4299,14.56726
Kokořín,50.43003,14.56711
"Kokořín,Janova Ves",50.42342,14.55916
"Kokořín,Janova Ves",50.42351,14.55889
"Kokořín,Kokořínský Důl,Harakoko",50.41836,14.57657
"Kokořín,Kokořínský Důl,Harakoko",50.41833,14.57661
"Kokořín,Kokořínský Důl,Podhradí",50.44011,14.58067
"Kokořín,Kokořínský Důl,Podhradí",50.4401,14.58065
"Kokořín,Kokořínský Důl,Pokličky",50.45462,14.58643
"Kokořín,Kokořínský Důl,Pokličky",50.45462,14.58643
"Kokořín,Kokořínský Důl,Rapín",50.43252,14.58263
"Kokořín,Kokořínský Důl,Rapín",50.43252,14.58263
"Kokořín,Kokořínský Důl,U Grobiána",50.4276,14.57929
"Kokořín,Kokořínský Důl,U Grobiána",50.4276,14.57929
Kokořínská,50.1457,14.48522
Kokořínská,50.14572,14.48505
Kolaje,50.158,15.2341
Kolaje,50.15802,15.2336
Kolbenova,50.11062,14.51585
Kolbenova,50.11055,14.51617
Kolbenova,50.11046,14.51568
Kolbenova,50.11033,14.51712
"Koleč,u trafiky",50.19815,14.23085
"Koleč,u trafiky",50.1979,14.23077
"Koleč,zámek",50.19801,14.2227
"Koleč,zámek",50.19797,14.22246
"Koleč,zámek",50.19809,14.22221
Koleje Jižní Město,50.01728,14.49951
Koleje Jižní Město,50.01719,14.5003
Koleje Strahov,50.0805,14.39019
Koleje Strahov,50.08018,14.38987
Koleje Větrník,50.08876,14.3512
Kolešov,50.15626,13.51079
Kolešov,50.15572,13.51104
"Kolešov,rozc.",50.15151,13.51245
Kolešovice,50.14029,13.60985
Kolešovice,50.14009,13.61015
"Kolín,,banka",50.02672,15.20509
"Kolín,,banka",50.02666,15.20485
"Kolín,,Na Louži",50.03291,15.20695
"Kolín,,Na Louži",50.03313,15.20669
"Kolín,,nemocnice",50.01917,15.19693
"Kolín,,nemocnice",50.01919,15.19674
"Kolín,,plynárna",50.02098,15.21033
"Kolín,,plynárna",50.0211,15.21022
"Kolín,,Polepská",50.01878,15.20823
"Kolín,,Polepská",50.01867,15.20787
"Kolín,,Strojírny",50.04111,15.21358
"Kolín,,Tatradomy",50.03484,15.2083
"Kolín,,Tatradomy",50.03506,15.2082
"Kolín,15 kop",50.01373,15.20407
"Kolín,15 kop",50.01347,15.20351
"Kolín,Bezovka",50.02267,15.19938
"Kolín,Bezovka",50.02264,15.1991
"Kolín,Družstevní dům",50.02536,15.2003
"Kolín,Družstevní dům",50.0253,15.20005
"Kolín,Gymnázium",50.021,15.19776
"Kolín,Gymnázium",50.02099,15.19726
"Kolín,Lučební",50.03142,15.18494
"Kolín,Lučební",50.03155,15.18523
"Kolín,Nádraží",50.02519,15.21251
"Kolín,Nádraží",50.02473,15.21369
"Kolín,Nádraží",50.02468,15.21378
"Kolín,Nádraží",50.02464,15.21391
"Kolín,Nádraží",50.02456,15.21406
"Kolín,Nádraží",50.02454,15.21408
"Kolín,Nádraží",50.02511,15.21269
"Kolín,Nádraží",50.02486,15.21379
"Kolín,Pošta",50.02844,15.19755
"Kolín,Pošta",50.02856,15.19758
"Kolín,Sendražice,rozc.0.2",50.04942,15.22062
"Kolín,Sendražice,rozc.0.2",50.04785,15.21907
"Kolín,Soja",50.03821,15.21089
"Kolín,Soja",50.03827,15.21104
"Kolín,Strojírny",50.0411,15.21336
"Kolín,Štítary",50.01929,15.17452
"Kolín,Štítary",50.01931,15.17434
"Kolín,Třídvorská",50.03355,15.21514
"Kolín,Třídvorská",50.03368,15.21517
"Kolín,Výfuk",50.01944,15.18177
"Kolín,Výfuk",50.01941,15.18152
"Kolín,Zibohlavy",50.00103,15.1581
"Kolín,Zibohlavy",50.00095,15.15775
Koloděje,50.06018,14.64088
Kolodějská obora,50.06237,14.62807
Kolodějská obora,50.06248,14.62764
Kolomuty,50.40203,14.97802
Kolomuty,50.40187,14.9784
Kolonie,50.09329,14.52536
Kolonie,50.09349,14.52501
Kolová,49.97828,14.34988
Kolovraty,50.01602,14.62127
Kolovraty,50.01608,14.62152
Komárov,49.80557,13.85732
Komárov,49.80565,13.85734
"Komárov,Buzuluk",49.81229,13.8613
"Komárov,Buzuluk",49.81226,13.86083
Komárovská,50.11523,14.62145
Komárovská,50.11538,14.62145
Komořany,49.99207,14.41042
Komořany,49.9903,14.41082
Komořany,49.9916,14.41082
Konárovice,50.03775,15.28142
Konárovice,50.03762,15.28132
"Konárovice,Jelen",50.05373,15.29186
"Konárovice,Jelen",50.05371,15.29168
"Konárovice,Labuť",50.03146,15.28048
"Konárovice,Labuť",50.03156,15.28035
"Konárovice,ObÚ",50.04137,15.28641
"Konárovice,ObÚ",50.04138,15.28627
Kondrac,49.6671,14.8837
Kondrac,49.66685,14.88372
"Kondrac,Dub",49.67784,14.86946
"Kondrac,Dub",49.67769,14.86946
"Kondrac,Krasovice,rozc.",49.65803,14.8852
"Kondrac,Krasovice,rozc.",49.658,14.88502
"Kondrac,Ovčiny",49.69328,14.87448
"Kondrac,Ovčiny",49.69329,14.87443
"Kondrac,předměstí",49.67072,14.88364
"Kondrac,předměstí",49.67075,14.88352
"Kondrac,předměstí",49.67061,14.88307
"Kondrac,předměstí",49.67049,14.88323
"Kondrac,Vítův Mlýn",49.68235,14.85484
"Kondrac,Vítův Mlýn",49.68234,14.85469
Koněprusy,49.92114,14.06613
Koněprusy,49.9211,14.06595
"Koněprusy,jeskyně",49.91614,14.07215
"Koněprusy,u hřbitova I",49.92516,14.07087
"Koněprusy,u hřbitova I",49.92516,14.07072
Konětopy,50.27467,14.65561
Konětopy,50.2748,14.65566
Konojedy,49.94857,14.85129
Konojedy,49.94834,14.8512
"Konojedy,Klíče",49.93882,14.85858
"Konojedy,Klíče",49.93932,14.85753
"Konojedy,Pila",49.94542,14.85305
"Konojedy,Pila",49.94553,14.85306
"Konojedy,Rozc.",49.94661,14.83218
"Konojedy,Rozc.",49.94677,14.83216
Konvářka,50.05462,14.40183
"Kopidlno,Ledkov",50.34278,15.2394
"Kopidlno,Ledkov",50.34284,15.23945
"Kopidlno,nám.",50.33082,15.27055
"Kopidlno,nám.",50.33046,15.27045
"Kopidlno,žel.st.",50.33376,15.26112
Korandova,50.02247,14.42108
Korandova,50.0227,14.42115
Korek,50.1055,14.3596
Korek,50.10607,14.36072
Korkyně,49.78038,14.35205
Korkyně,49.78025,14.35225
Korkyně,49.78058,14.35145
Korkyně,49.78079,14.35179
"Korkyně,Křížov",49.78847,14.35261
"Korkyně,Křížov",49.78864,14.3525
"Korkyně,Křížov,U Kapličky",49.79228,14.34518
"Korkyně,Křížov,U Kapličky",49.79238,14.34554
Korunovační,50.0997,14.42058
Korunovační,50.1011,14.4182
Korunovační,50.10037,14.42036
Korytná,50.0644,14.49373
Korytná,50.06519,14.49287
Kořenice,49.97809,15.1401
Kořenice,49.97804,15.13968
"Kořenice,Chotouchov,žel.zast.",49.9692,15.12388
"Kořenice,Chotouchov,žel.zast.",49.96925,15.1238
"Kořenice,Pučery",49.96129,15.10766
"Kořenice,Pučery",49.96137,15.10763
"Kořenice,rozc.Chotouchov",49.95638,15.1218
"Kořenice,rozc.Chotouchov",49.9565,15.12134
"Kořenov,odb.",50.76554,15.3844
"Kořenov,odb.",50.76561,15.38417
"Kořenov,Příchovice,Motorest",50.75522,15.35993
"Kořenov,Příchovice,Motorest",50.75537,15.35991
"Kosmonosy,Horní Stakory,křiž.",50.44817,14.97581
"Kosmonosy,Horní Stakory,křiž.",50.44869,14.97547
"Kosmonosy,nám.",50.43993,14.92853
"Kosmonosy,nám.",50.43972,14.92804
"Kosmonosy,nemocnice",50.44488,14.93094
"Kosmonosy,nemocnice",50.44422,14.93029
"Kosmonosy,Transcentrum",50.4336,14.92635
"Kosmonosy,Transcentrum",50.43381,14.92648
Kosoř,49.98606,14.32747
Kosoř,49.98612,14.32762
"Kosoř,Rozc.",49.97713,14.32938
"Kosoř,Rozc.",49.97682,14.32771
Kosořice,50.33461,14.96738
Kosořice,50.33489,14.96757
"Kosořice,křižovatka",50.3332,14.96856
"Kosořice,křižovatka",50.33318,14.96874
"Kostelec n.Č.l.,Dobrovského",49.99105,14.85386
"Kostelec n.Č.l.,Dobrovského",49.99077,14.85328
"Kostelec n.Č.l.,Chaloupky",49.99229,14.87909
"Kostelec n.Č.l.,Chaloupky",49.9927,14.87878
"Kostelec n.Č.l.,Jevanská",49.98714,14.8492
"Kostelec n.Č.l.,Jevanská",49.98709,14.84926
"Kostelec n.Č.l.,Komenského",49.98602,14.85915
"Kostelec n.Č.l.,Komenského",49.98685,14.85904
"Kostelec n.Č.l.,Na Skalce",49.99302,14.83911
"Kostelec n.Č.l.,Na Skalce",49.99302,14.84023
"Kostelec n.Č.l.,Nám.",49.99397,14.86008
"Kostelec n.Č.l.,Nám.",49.99413,14.86018
"Kostelec n.Č.l.,Sanatorium",49.98974,14.86395
"Kostelec n.Č.l.,Sanatorium",49.99021,14.86346
"Kostelec n.Č.l.,Svatbín",49.98826,14.8804
"Kostelec n.Č.l.,Svatbín",49.98779,14.88063
"Kostelec n.Č.l.,Svatbínská",49.98335,14.87766
"Kostelec n.Č.l.,Svatbínská",49.98379,14.8762
"Kostelec n.Č.l.,Svatbínská",49.98378,14.87813
"Kostelec n.Č.l.,Trativody",49.99278,14.84548
"Kostelec n.Č.l.,Trativody",49.99278,14.84617
"Kostelec n.Č.l.,Truba",50.00551,14.83639
"Kostelec n.Č.l.,Truba",50.00582,14.83638
"Kostelec n.Č.l.,U Křížku",49.99184,14.85352
"Kostelec n.Č.l.,U Křížku",49.99202,14.85256
"Kostelec n.L.,Jiřice",50.23337,14.55699
"Kostelec n.L.,Jiřice",50.23351,14.55699
"Kostelec n.L.,Na Cihelně",50.21982,14.59782
"Kostelec n.L.,Na Cihelně",50.219,14.59974
"Kostelec n.L.,Na Růžku",50.2246,14.58442
"Kostelec n.L.,Na Růžku",50.22412,14.58388
"Kostelec n.L.,Na Růžku",50.22466,14.58535
"Kostelec n.L.,Na Růžku",50.22458,14.58588
"Kostelec n.L.,Nám.",50.2307,14.58824
"Kostelec n.L.,Žel.st.",50.222,14.58253
"Kostelec n.L.,Žel.st.",50.22137,14.58197
Kostelec n.Vlt.,49.49957,14.2131
"Kostelec n.Vlt.,Přílepov,rozc.1.5",49.48645,14.25397
"Kostelec n.Vlt.,Sobědraž,rozc.s.19",49.48976,14.24128
"Kostelec n.Vlt.,U rybníka",49.50134,14.21216
"Kostelec n.Vlt.,Zahrádka",49.49284,14.2268
"Kostelec n.Vlt.,Zahrádka,rozc.",49.49485,14.23127
Kostelec u Křížků,49.9069,14.55818
Kostelec u Křížků,49.90702,14.55808
"Kostelec u Křížků,Škola",49.90965,14.56347
"Kostelec u Křížků,Škola",49.90965,14.56376
"Kostelní Hlavno,U Kostela",50.25819,14.69771
"Kostelní Hlavno,U Kostela",50.25879,14.69583
"Kostelní Hlavno,U Pomníku",50.25732,14.69937
"Kostelní Hlavno,U Pomníku",50.25692,14.699
Kostelní Lhota,50.12966,15.03053
Kostelní Lhota,50.1298,15.03154
"Kostelní Lhota,U Kovárny",50.12959,15.02285
"Kostelní Lhota,U Kovárny",50.1298,15.02167
"Kostomlaty n.L.,rozcestí Vápensko",50.2259,14.92438
"Kostomlaty n.L.,rozcestí Vápensko",50.22606,14.92438
"Kostomlaty p.Řípem,rozc.",50.38744,14.33706
"Kostomlaty p.Řípem,rozc.",50.3873,14.33695
Kostrounek,49.96948,14.3823
Kostrounek,49.96933,14.38208
Košetice,49.55934,15.11566
Košetice,49.55896,15.11608
"Košetice,rozc.Martinice u Onšova",49.56854,15.10732
"Košetice,rozc.Martinice u Onšova",49.5688,15.10724
"Košťálov,,křiž.k lomu",50.57634,15.38367
"Košťálov,,křiž.k lomu",50.57639,15.38369
"Košťálov,,nám.",50.57202,15.40373
"Košťálov,,nám.",50.57227,15.40373
"Košťálov,Kundratice,střed",50.5843,15.43607
"Košťálov,Kundratice,střed",50.58439,15.43603
Kotenčice,49.73588,14.09366
Kotenčice,49.73643,14.09352
Kotevní,50.06564,14.41254
Kotlářka,50.06956,14.36292
Kotlářka,50.0696,14.36201
Kotlářka,50.06995,14.36205
Kotlářka,50.06985,14.36359
Kotlářka,50.07,14.36205
Kotlářka,50.06989,14.3636
Kotlářka,50.07072,14.36125
Kotlářka,50.0701,14.36122
Kotopeky,49.85839,13.92304
Kotopeky,49.8584,13.92273
"Kotopeky,Tihava,u mostu",49.85199,13.92151
"Kotopeky,Tihava,u mostu",49.85208,13.92123
Kotorská,50.05447,14.43674
Kotorská,50.05416,14.43693
Kounice,50.10791,14.85599
Kounice,50.10805,14.856
Koupaliště Čakovice,50.14796,14.52628
Koupaliště Čakovice,50.14752,14.5269
Kouřim,50.00524,14.97271
Kouřim,50.00508,14.97277
"Kouřim,Molitorov",49.99638,14.95875
"Kouřim,Molitorov",49.99633,14.95855
"Kouřim,rozc.Království",50.0146,14.96823
"Kouřim,rozc.Království",50.01457,14.96858
"Kouřim,Skanzen",49.99942,14.97005
"Kouřim,Skanzen",49.9993,14.9696
"Kouřim,ZŠ",50.0015,14.97368
"Kouřim,ZŠ",50.0016,14.97356
"Kouřim,ZŠ",50.00234,14.97406
"Kouřim,ZŠ",50.00137,14.97439
"Kouřim,Žel.st.",50.00462,14.9858
"Kouřim,Žel.st.",50.00469,14.98575
Kovárna,50.11746,14.41661
Kovárna,50.11729,14.41659
Kovářov,49.51821,14.27865
"Kovářov,Lašovice",49.55361,14.23945
"Kovářov,Lašovice",49.55388,14.23955
"Kovářov,Onen Svět samoty",49.56168,14.23222
"Kovářov,Onen Svět samoty",49.56171,14.2323
"Kovářov,Radvánov",49.53141,14.25701
"Kovářov,Radvánov",49.53137,14.25716
"Kovářov,rozc.Klučenice 2.0",49.55719,14.23028
"Kovářov,rozc.Klučenice 2.0",49.55715,14.23041
"Kovářov,škola",49.51615,14.28183
"Kovářov,Zahořany,rozc.1.1",49.54655,14.2475
"Kovářov,Zahořany,rozc.1.1",49.54661,14.24757
"Kovářov,Zlučín",49.53817,14.25491
"Kovářov,Zlučín",49.53824,14.25495
Kovářova - KD Mlejn,50.04844,14.31778
Kovářova - KD Mlejn,50.0482,14.31787
Kovošrot,50.06199,14.5423
Kozmice,49.82524,14.79598
Kozmice,49.82524,14.79598
"Kozmice,Kácova Lhota",49.81086,14.78788
"Kozmice,Kácova Lhota",49.81092,14.78791
Kozojedy (PH),49.99634,14.81389
Kozojedy (PH),49.99644,14.8141
Kozojedy (RA),50.25529,13.81575
Kozojedy (RA),50.25533,13.81592
"Kozojedy,Rozc. (PH)",49.99179,14.81415
"Kozojedy,Rozc. (PH)",49.99176,14.81171
Kozomín,50.23729,14.37229
Kozomín,50.23737,14.37245
"Kozomín,Rozc.",50.24056,14.37265
"Kozomín,Rozc.",50.24038,14.37293
"Kožlany,u školy",49.99498,13.54675
"Kožlany,u školy",49.99479,13.54537
"Kožlany,u váhy",49.99344,13.53511
"Kožlany,u váhy",49.99338,13.53687
"Kožlany,žel.st.",49.99162,13.52454
"Kožlany,žel.st.",49.99276,13.5317
Kožlí,49.67026,15.2528
Kožlí,49.67035,15.25261
"Kožlí,Březina",49.67223,15.25743
"Kožlí,Březina",49.67225,15.25725
"Kožlí,rozc.1.5",49.67994,15.24321
"Kožlí,rozc.1.5",49.68,15.24306
Krabčice,50.40528,14.30155
Krabčice,50.40512,14.30138
"Krabčice,Rovné,rozc.1.0",50.40224,14.30372
"Krabčice,Rovné,rozc.1.0",50.4021,14.3036
"Krabčice,Vesce,rozc.1.0",50.41087,14.28841
"Krabčice,Vesce,rozc.1.0",50.41072,14.28848
Krahulčí,50.1071,14.60406
Krahulčí,50.10775,14.60355
Krakov (RA),50.03789,13.64782
Krakov (RA),50.03777,13.64789
Krakov,50.12769,14.4168
Krakov,50.12786,14.41731
Krakovany,50.06866,15.36805
Krakovany,50.06854,15.36799
"Krakovany,Božec",50.07439,15.3649
"Krakovany,Božec",50.0743,15.36481
"Krakovany,křiž.",50.06631,15.37285
"Krakovany,křiž.",50.06624,15.37272
Krakovec,50.0202,13.63748
"Krakovec,u lipky",50.03089,13.64003
"Krakovec,u lipky",50.03089,13.64011
"Krakovec,Zhoř,rozc.",50.02762,13.66899
"Krakovec,Zhoř,rozc.",50.02768,13.66926
Králova,50.15935,14.52307
Králova,50.15944,14.52587
Královice (KD),50.26214,14.05663
Královice (KD),50.2622,14.05671
Kralovice,49.98065,13.48555
Královice,50.03693,14.63558
Královice,50.03715,14.63561
"Kralovice,Mariánský Týnec",49.986,13.46548
"Kralovice,Mariánský Týnec",49.98595,13.46545
"Kralovice,Řemešín,rozc.",49.98202,13.38905
"Kralovice,Řemešín,rozc.",49.98196,13.38904
"Kralovice,Trojany",49.98417,13.40602
"Kralovice,Trojany",49.98411,13.40623
"Kralovice,Trojany,rozc.",49.98565,13.42702
"Kralovice,Trojany,rozc.",49.98559,13.42703
Královická,50.06498,14.5158
Královická,50.06557,14.51525
Královka,50.0849,14.38074
Královka,50.08485,14.37999
Královský letohrádek,50.09423,14.405
Královský letohrádek,50.09426,14.40453
"Kralupy n.Vlt.,Čechova",50.2368,14.29302
"Kralupy n.Vlt.,Čechova",50.23715,14.29306
"Kralupy n.Vlt.,Gymnázium",50.2401,14.29971
"Kralupy n.Vlt.,Gymnázium",50.24023,14.29972
"Kralupy n.Vlt.,hřbitov",50.23296,14.31092
"Kralupy n.Vlt.,hřbitov",50.23324,14.31079
"Kralupy n.Vlt.,Koupaliště",50.25385,14.30831
"Kralupy n.Vlt.,Kovošrot",50.24005,14.33391
"Kralupy n.Vlt.,Kovošrot",50.23992,14.33399
"Kralupy n.Vlt.,kulturní dům",50.24711,14.31612
"Kralupy n.Vlt.,kulturní dům",50.24719,14.31651
"Kralupy n.Vlt.,Lidové nám.",50.23684,14.29083
"Kralupy n.Vlt.,Lidové nám.",50.2368,14.2905
"Kralupy n.Vlt.,Lobeč",50.24556,14.30153
"Kralupy n.Vlt.,Lobeč",50.24575,14.30138
"Kralupy n.Vlt.,Lobeček,Pískovna",50.24329,14.32837
"Kralupy n.Vlt.,Lobeček,Pískovna",50.24318,14.32807
"Kralupy n.Vlt.,Lobeček,Rozc.",50.25105,14.32275
"Kralupy n.Vlt.,Lobeček,Rozc.",50.25084,14.32276
"Kralupy n.Vlt.,Masarykova",50.2501,14.31316
"Kralupy n.Vlt.,Masarykova",50.25016,14.31327
"Kralupy n.Vlt.,Městský úřad",50.24136,14.31162
"Kralupy n.Vlt.,Městský úřad",50.24139,14.31214
"Kralupy n.Vlt.,Minice",50.22335,14.29996
"Kralupy n.Vlt.,Modrá hvězda",50.22781,14.2968
"Kralupy n.Vlt.,Modrá hvězda",50.22769,14.29674
"Kralupy n.Vlt.,Na Hrázi",50.23291,14.2807
"Kralupy n.Vlt.,Na Hrázi",50.23294,14.28028
"Kralupy n.Vlt.,Na Krétě",50.2328,14.2915
"Kralupy n.Vlt.,Na Krétě",50.2333,14.29153
"Kralupy n.Vlt.,obchodní centrum",50.25242,14.31888
"Kralupy n.Vlt.,Poděbradova",50.23764,14.30729
"Kralupy n.Vlt.,Poděbradova",50.23757,14.30726
"Kralupy n.Vlt.,poliklinika",50.23882,14.3067
"Kralupy n.Vlt.,poliklinika",50.23905,14.30718
"Kralupy n.Vlt.,poliklinika",50.23896,14.30648
"Kralupy n.Vlt.,Revoluční",50.25169,14.31122
"Kralupy n.Vlt.,Revoluční",50.25119,14.31102
"Kralupy n.Vlt.,Růžové údolí",50.23433,14.28598
"Kralupy n.Vlt.,Růžové údolí",50.23433,14.28598
"Kralupy n.Vlt.,Synthos",50.25537,14.32054
"Kralupy n.Vlt.,Synthos",50.25568,14.32063
"Kralupy n.Vlt.,Tř.legií",50.24671,14.31491
"Kralupy n.Vlt.,Tř.legií",50.24659,14.31482
"Kralupy n.Vlt.,U Cukrovaru",50.2425,14.3094
"Kralupy n.Vlt.,U Jízku",50.23957,14.30372
"Kralupy n.Vlt.,U Jízku",50.23973,14.30337
"Kralupy n.Vlt.,U Parku",50.25223,14.30879
"Kralupy n.Vlt.,u požárního domu",50.24036,14.29684
"Kralupy n.Vlt.,V Luhu",50.24454,14.30723
"Kralupy n.Vlt.,V Zátiší",50.23886,14.30429
"Kralupy n.Vlt.,V Zátiší",50.23892,14.30417
"Kralupy n.Vlt.,Zeměchy",50.22992,14.26727
"Kralupy n.Vlt.,Zeměchy,Žel.zast.",50.23279,14.26678
"Kralupy n.Vlt.,Zeměchy,Žel.zast.",50.23284,14.26658
"Kralupy n.Vlt.,ZŠ Václava Havla",50.2487,14.31055
"Kralupy n.Vlt.,ZŠ Václava Havla",50.24859,14.31053
"Kralupy n.Vlt.,žel.st.",50.23936,14.31376
"Kralupy n.Vlt.,žel.st.",50.23937,14.31334
"Kralupy n.Vlt.,žel.st.",50.23965,14.31366
"Kralupy n.Vlt.,žel.st.",50.23927,14.31297
"Králův Dvůr,Fučíkova",49.94174,14.02926
"Králův Dvůr,Fučíkova",49.94186,14.0296
"Králův Dvůr,Karlova Huť",49.93762,14.03226
"Králův Dvůr,Karlova Huť",49.9376,14.03207
"Králův Dvůr,Křižatky",49.92572,14.03716
"Králův Dvůr,Křižatky",49.9258,14.03704
"Králův Dvůr,Levín",49.92704,14.00157
"Králův Dvůr,Levín",49.92721,14.0016
"Králův Dvůr,Levín,Levínský vršek",49.93435,14.01066
"Králův Dvůr,Levín,Levínský vršek",49.934,14.0098
"Králův Dvůr,Na knížecí",49.9464,14.03532
"Králův Dvůr,Na knížecí",49.94617,14.03469
"Králův Dvůr,Počaply",49.93905,14.01919
"Králův Dvůr,Počaply",49.93904,14.01917
"Králův Dvůr,Počaply,Plzeňská",49.93932,14.02199
"Králův Dvůr,Počaply,škola",49.94145,14.02232
"Králův Dvůr,Počaply,škola",49.94149,14.02216
"Králův Dvůr,Popovice",49.92918,14.01925
"Králův Dvůr,Popovice,odbočka",49.93405,14.02535
"Králův Dvůr,Popovice,odbočka",49.93384,14.02519
"Králův Dvůr,U Karla IV.",49.9378,14.02895
"Králův Dvůr,U Karla IV.",49.93786,14.02921
"Králův Dvůr,U Tří zvonků",49.94272,14.02797
"Králův Dvůr,U Tří zvonků",49.94278,14.02837
"Králův Dvůr,Výšiny",49.9381,14.0372
"Králův Dvůr,Výšiny",49.93811,14.03714
"Králův Dvůr,Zahořany",49.95374,14.02414
"Králův Dvůr,Zahořany",49.95372,14.02381
"Králův Dvůr,Zahořany,Pod Hájem",49.95203,14.02851
"Králův Dvůr,Zahořany,Pod Hájem",49.95182,14.02938
Krásná Hora n.Vlt.,49.60452,14.27616
Krásná Hora n.Vlt.,49.6045,14.27685
Krásná Hora n.Vlt.,49.60431,14.27713
Krásná Hora n.Vlt.,49.60435,14.2774
"Krásná Hora n.Vlt.,Mariánský Důl",49.60437,14.26225
"Krásná Hora n.Vlt.,Mariánský Důl",49.60429,14.26227
"Krásná Hora n.Vlt.,Plešiště,rozc.",49.60683,14.32237
"Krásná Hora n.Vlt.,Plešiště,rozc.",49.60679,14.32231
"Krásná Hora n.Vlt.,Podmoky",49.59624,14.23655
"Krásná Hora n.Vlt.,Podmoky",49.59517,14.23508
"Krásná Hora n.Vlt.,Podmoky,Na Mrázovech",49.60276,14.24975
"Krásná Hora n.Vlt.,Podmoky,Na Mrázovech",49.60271,14.2498
"Krásná Hora n.Vlt.,Pražská",49.60665,14.27743
"Krásná Hora n.Vlt.,Pražská",49.60701,14.27742
"Krásná Hora n.Vlt.,Vletice",49.60469,14.31042
"Krásná Hora n.Vlt.,Vletice",49.60457,14.31037
"Krásná Hora n.Vlt.,Zhoř,rozc.",49.6172,14.27569
"Krásná Hora n.Vlt.,Zhoř,rozc.",49.61755,14.27563
"Krásná Hora n.Vlt.,Žákovec",49.62314,14.27709
"Krásná Hora n.Vlt.,Žákovec",49.62312,14.27722
Krčská,50.04365,14.44211
Krčská,50.04351,14.44291
Krčský hřbitov,50.04651,14.43964
Krčský hřbitov,50.04605,14.43925
Krejcárek,50.09513,14.4751
Krejcárek,50.09489,14.47444
Krejcárek,50.09575,14.47672
Krejcárek,50.0957,14.47624
Krematorium Motol,50.06623,14.32646
Krematorium Motol,50.06593,14.32569
Krematorium Motol,50.0656,14.32554
Krematorium Motol,50.06569,14.32486
Krematorium Strašnice,50.07732,14.48472
Krematorium Strašnice,50.07715,14.48561
Krhanice,49.85644,14.55773
"Krhanice,K Žel.st.",49.85072,14.55243
"Krhanice,K Žel.st.",49.8509,14.5524
"Krhanice,Lom",49.85859,14.5426
"Krhanice,Lom",49.85846,14.54242
"Krhanice,Prosečnice",49.86238,14.53458
"Krhanice,Prosečnice",49.86255,14.53469
"Krhanice,Škola",49.85267,14.5594
"Krhanice,Škola",49.85262,14.55942
"Krhanice,Žel.st.",49.84938,14.55268
"Krhanice,Žel.st.",49.84905,14.55257
Krchleby (KH),49.88834,15.35001
Krchleby (KH),49.88842,15.3499
Krchleby (NB),50.23946,15.02215
Krchleby (NB),50.23904,15.02259
"Krchleby,Chedrbí (KH)",49.87526,15.3325
"Krchleby,Chedrbí (KH)",49.87534,15.33207
"Krchleby,školka (NB)",50.23507,15.02265
"Krchleby,školka (NB)",50.23525,15.0224
"Krňany,Bytovky",49.84534,14.477
"Krňany,Bytovky",49.84542,14.47702
"Krňany,Obec",49.8424,14.47503
"Krňany,Obec",49.84242,14.47524
"Krňany,Rozc.Třebsín",49.85248,14.45656
"Krňany,Rozc.Třebsín",49.8525,14.45628
"Krňany,Slapnice",49.83959,14.47136
"Krňany,Slapnice",49.83966,14.47148
"Krňany,Teletín",49.82719,14.46823
"Krňany,Teletín",49.82717,14.46826
"Krňany,U Křížku",49.85695,14.44433
"Krňany,U Křížku",49.85702,14.4444
"Krňany,Závist",49.85779,14.43933
"Krňany,Závist",49.8579,14.43915
Krňovická,50.10193,14.65907
Krocínka,50.11609,14.50347
Krocínka,50.116,14.50288
"Kroučová,křiž.",50.20642,13.78506
"Kroučová,křiž.",50.20642,13.78506
"Kroučová,ObÚ",50.20941,13.78692
"Kroučová,ObÚ",50.20981,13.78732
Krupá (KO),50.01727,14.87079
Krupá (KO),50.01732,14.87092
"Krupá,Dvůr Chrást (KO)",50.03973,14.87993
"Krupá,Dvůr Chrást (KO)",50.03941,14.87962
"Krupá,Rozc.Syneč (KO)",50.03197,14.87614
"Krupá,Rozc.Syneč (KO)",50.03186,14.87617
"Krupá,Šustna (RA)",50.17192,13.73867
"Krupá,Šustna (RA)",50.17181,13.7388
"Krupá,Šustna (RA)",50.17316,13.74007
"Krupá,Šustna (RA)",50.17302,13.74027
Krušovice,50.17501,13.77333
Krušovice,50.17471,13.77317
"Krychnov,Náves",50.00571,15.05909
"Krychnov,Náves",50.00576,15.05909
Krymská,50.07198,14.44699
Krymská,50.07189,14.44782
"Kryry,nám.",50.17436,13.42676
"Kryry,nám.",50.17443,13.42664
"Kryry,sklárna",50.17164,13.41757
"Kryry,sklárna",50.17174,13.41857
"Kryry,Strojetice",50.17428,13.47944
"Kryry,Strojetice",50.17427,13.47922
"Kryry,Strojetice,křiž.",50.17323,13.48144
Krystalová,50.15596,14.52253
Krystalová,50.15476,14.52233
Křečhoř,50.02545,15.12739
Křečhoř,50.02537,15.12726
"Křečhoř,Bříství",50.02977,15.11472
"Křečhoř,Bříství",50.02995,15.11475
"Křečhoř,Kamhajek",50.03715,15.13116
"Křečhoř,Kamhajek",50.0374,15.1295
"Křečhoř,Kutlíře",50.02887,15.1418
"Křečhoř,Kutlíře",50.02879,15.14158
Křečovice,49.72151,14.47649
Křečovice,49.72139,14.47667
"Křečovice,Dráha",49.72378,14.48487
"Křečovice,Dráha",49.72363,14.48495
"Křečovice,Hodětice",49.69968,14.52441
"Křečovice,Hodětice",49.69977,14.52424
"Křečovice,Krchleby",49.73495,14.46522
"Křečovice,Krchleby",49.73495,14.46491
"Křečovice,Nahoruby",49.73973,14.44387
"Křečovice,Nahoruby",49.73962,14.44397
"Křečovice,Nahoruby,Mlačina",49.74526,14.44926
"Křečovice,Nahoruby,Mlačina",49.74516,14.44915
"Křečovice,Nahoruby,Rozc.",49.7428,14.45681
"Křečovice,Nahoruby,Rozc.",49.74268,14.45706
"Křečovice,Nová Živohošť",49.75073,14.41588
"Křečovice,Nová Živohošť",49.75047,14.41586
"Křečovice,Rozc.Košťálka",49.72695,14.49262
"Křečovice,Rozc.Košťálka",49.72694,14.49294
"Křečovice,Větrov",49.71582,14.46276
"Křečovice,Větrov",49.7158,14.46286
"Křečovice,Vlkonice",49.7351,14.4913
"Křečovice,Vlkonice",49.73502,14.49159
Křelovice,49.53693,15.16623
Křelovice,49.53708,15.16639
"Křelovice,Jiřičky,st.sil.",49.5456,15.15566
"Křelovice,Jiřičky,st.sil.",49.54571,15.15578
"Křelovice,záv.Červená Řečice",49.52938,15.17197
"Křelovice,záv.Červená Řečice",49.52933,15.17221
Křenek,50.23117,14.62915
Křenice,50.03195,14.66866
Křenice,50.03196,14.66842
"Křenice,K Sibřině",50.04083,14.66736
"Křenice,K Sibřině",50.04065,14.66715
"Křenice,V Polníku",50.02563,14.67916
"Křenice,V Polníku",50.02679,14.67787
"Křepenice,Rozc.",49.69953,14.34708
"Křepenice,Rozc.",49.69975,14.34706
"Křepenice,V Pekle",49.71015,14.32895
"Křepenice,V Pekle",49.71009,14.32917
Křeslice,50.02338,14.5652
Křeslice,50.0235,14.56497
"Křešín,Čeněnice,rozc.1.0 (PE)",49.59083,15.0726
"Křešín,Čeněnice,rozc.1.0 (PE)",49.59096,15.07272
"Křinec,náměstí",50.26682,15.13927
"Křinec,žel.st.",50.26612,15.14315
"Křinec,žel.st.",50.26641,15.14312
"Křivoklát,Amalín",50.03668,13.88282
"Křivoklát,Písky",50.05814,13.89624
"Křivoklát,Písky",50.05809,13.89613
"Křivoklát,škola",50.03106,13.86611
"Křivoklát,škola",50.03107,13.86607
"Křivoklát,žel.zast.",50.03675,13.87058
"Křivoklát,žel.zast.",50.03794,13.87054
"Křivoklát,žel.zast.",50.03686,13.8705
Křivsoudov,49.63095,15.08743
Křivsoudov,49.63121,15.08741
"Křivsoudov,Lhota Bubeneč",49.62132,15.11405
"Křivsoudov,Lhota Bubeneč",49.62145,15.11417
"Křivsoudov,rozc.Lhota Bubeneč",49.63752,15.09556
"Křivsoudov,rozc.Lhota Bubeneč",49.6376,15.09518
"Křivsoudov,u kostela",49.63494,15.08657
"Křivsoudov,u kostela",49.63497,15.0864
Křižíkova,50.0942,14.45177
Křižíkova,50.09387,14.4511
Křižíkova,50.09246,14.45064
Křižíkova,50.09263,14.45204
Křížkový Újezdec,49.93103,14.58504
Křížkový Újezdec,49.93112,14.58438
"Křížkový Újezdec,Čenětice",49.94329,14.57917
"Křížkový Újezdec,Čenětice",49.94366,14.57881
Křížová,50.06316,14.40471
Křížová,50.06297,14.40467
Křížová,50.06236,14.40559
Křížová,50.06352,14.4052
Kšely,50.04705,14.89563
Kšely,50.04707,14.89556
Kubánské náměstí,50.07088,14.47785
Kubánské náměstí,50.07072,14.47686
Kubánské náměstí,50.0705,14.47763
Kublov,50.0544,14.41812
Kublov,50.05453,14.41807
"Kublov,Malá Louka",49.94534,13.86413
"Kublov,Malá Louka",49.94547,13.86408
"Kublov,na hoře",49.94005,13.8813
"Kublov,na hoře",49.94016,13.88111
"Kublov,na návsi",49.94599,13.87264
"Kublov,na návsi",49.94606,13.87264
"Kublov,Slovanka",49.94367,13.87607
"Kublov,Slovanka",49.94389,13.87612
"Kublov,U Křížku",49.93244,13.86537
"Kublov,U Křížku",49.93256,13.86547
Kudrnova,50.07207,14.34325
Kudrnova,50.0725,14.34468
Kuchyňka,50.1173,14.45182
Kuchyňka,50.11668,14.44879
Kukulova,50.0785,14.34454
Kuliška,50.10775,14.36448
Kuliška,50.10764,14.36436
Kundratka,50.11248,14.47976
Kundratka,50.11267,14.47965
Kunice,49.93608,14.66933
Kunice,49.93598,14.66933
"Kunice,Dolní Lomnice",49.91439,14.68262
"Kunice,Dolní Lomnice,Lomnická",49.91548,14.68047
"Kunice,Dolní Lomnice,Lomnická",49.91595,14.67934
"Kunice,rozc.Vidovice",49.92031,14.66475
"Kunice,rozc.Vidovice",49.9204,14.66434
"Kunice,U Dálnice",49.93968,14.66879
"Kunice,U Dálnice",49.93946,14.66853
"Kunice,Vidovice",49.92381,14.66781
"Kunice,Vidovice",49.92374,14.66755
"Kunice,Vidovice,Bonavita",49.92128,14.66692
"Kunice,Vidovice,Bonavita",49.92089,14.66648
"Kunice,Vidovice,zámek",49.92795,14.66653
"Kunice,Vidovice,zámek",49.92787,14.66644
Kuňovice,49.6597,14.99916
Kuňovice,49.65974,14.99932
"Kuňovice,rozc.",49.65672,15.00429
"Kuňovice,rozc.",49.65672,15.00429
Kunratice,50.01291,14.4883
Kunratice,50.01349,14.48673
Kunratická škola,50.01337,14.48284
Kunratická škola,50.01328,14.48043
Kusá,50.08702,14.36099
"Kutná Hora,aut.st.",49.95448,15.27135
"Kutná Hora,aut.st.",49.95432,15.27198
"Kutná Hora,aut.st.",49.95458,15.27201
"Kutná Hora,aut.st.",49.9548,15.27176
"Kutná Hora,aut.st.",49.95462,15.27211
"Kutná Hora,Česká",49.95211,15.26274
"Kutná Hora,hlavní nádraží",49.96209,15.29969
"Kutná Hora,hlavní nádraží",49.9618,15.30008
"Kutná Hora,Hlouška,Masarykova",49.95509,15.27829
"Kutná Hora,Hlouška,Masarykova",49.95481,15.27775
"Kutná Hora,Hlouška,Na Špici",49.95692,15.2803
"Kutná Hora,Hlouška,Na Špici",49.95686,15.28002
"Kutná Hora,Hlouška,Tylovo divadlo",49.95285,15.2759
"Kutná Hora,Hlouška,Tylovo divadlo",49.95199,15.27477
"Kutná Hora,Kamenná kašna",49.94866,15.26255
"Kutná Hora,Kamenná kašna",49.94887,15.26303
"Kutná Hora,Kamenný dům",49.94977,15.26505
"Kutná Hora,Malín,Mincovní",49.96677,15.30421
"Kutná Hora,Malín,Novodvorská",49.96664,15.30537
"Kutná Hora,Malín,Novodvorská",49.96691,15.30583
"Kutná Hora,Malín,Starokolínská",49.96856,15.30339
"Kutná Hora,městské nádraží",49.94878,15.27491
"Kutná Hora,Palackého náměstí",49.94934,15.26823
"Kutná Hora,Sedlec,Čechova",49.96106,15.28475
"Kutná Hora,Sedlec,Čechova",49.96093,15.28456
"Kutná Hora,Sedlec,kostnice",49.96091,15.2909
"Kutná Hora,Sedlec,kostnice",49.96045,15.28999
"Kutná Hora,Sedlec,U Nadjezdu",49.96276,15.29524
"Kutná Hora,Sedlec,U Nadjezdu",49.9627,15.29474
"Kutná Hora,Sokolská",49.94862,15.2728
"Kutná Hora,Šipší,Jana Zajíce",49.96181,15.27633
"Kutná Hora,Šipší,Jana Zajíce",49.9619,15.27615
"Kutná Hora,Šipší,Opletalova",49.96121,15.28144
"Kutná Hora,Šipší,Opletalova",49.96136,15.28139
"Kutná Hora,Šipší,Sběrná",49.9577,15.27692
"Kutná Hora,Šipší,Sběrná",49.95811,15.27644
"Kutná Hora,Žižkov,Fučíkova",49.94574,15.25706
"Kutná Hora,Žižkov,Kouřimská",49.9477,15.25755
"Kutná Hora,Žižkov,Kouřimská",49.94779,15.25737
"Kutná Hora,Žižkov,Kremnická",49.94749,15.26132
"Kutná Hora,Žižkov,Kremnická",49.94787,15.26143
"Kutná Hora,Žižkov,Na Valech",49.95029,15.26149
"Kutná Hora,Žižkov,Na Valech",49.95023,15.2612
"Kutná Hora,Žižkov,poliklinika",49.94683,15.25174
"Kutná Hora,Žižkov,u hřbitova",49.95512,15.26013
"Kutná Hora,Žižkov,u hřbitova",49.95326,15.26157
Kutnohorská,50.06365,14.55256
Kutnohorská,50.06443,14.55131
Kutrovice,50.26131,14.01863
Kutrovice,50.26141,14.0186
Kutvirtova,50.05727,14.39277
Kutvirtova,50.05731,14.39295
Kvasinská,50.06256,14.6424
Kvasinská,50.06299,14.64268
Květnice,50.05699,14.68473
Květnice,50.05702,14.68474
"Květnice,Na Ladech",50.06916,14.68925
"Květnice,Na Ladech",50.06841,14.68924
"Květnice,Rozc.",50.05638,14.68064
"Květnice,Rozc.",50.0565,14.68047
"Květnice,Za Mlýnem",50.06074,14.68203
"Květnice,Za Mlýnem",50.06207,14.68393
Květnová,50.14277,14.4779
Květnová,50.14265,14.47802
"Kvílice,II",50.25856,14.00549
"Kvílice,II",50.25869,14.0054
Kyje,50.09795,14.54942
Kyje,50.09763,14.5489
Kyjský hřbitov,50.09319,14.54673
Kyjský hřbitov,50.0925,14.5471
Kyselova,50.12618,14.46302
Kyselova,50.12614,14.46392
Kyšice,50.09128,14.10581
Kyšice,50.09157,14.10586
"Kytín,Náves",49.84999,14.21847
"Kytín,Náves",49.84999,14.21849
"Kytín,U Hřbitova",49.84726,14.22542
"Kytín,U Hřbitova",49.84746,14.22478
Labe,50.0138,14.42093
Labe,50.01367,14.42138
Ládví,50.12648,14.47014
Ládví,50.1265,14.47099
Ládví,50.12663,14.47023
Ládví,50.12626,14.46977
Ládví,50.12622,14.46929
Ládví,50.12619,14.46882
Ládví,50.12658,14.47016
Ládví,50.12661,14.46874
Lahovice,49.98987,14.3987
Lahovice,49.98643,14.39771
Lahovický most,49.99543,14.39808
Lahovičky,50.00006,14.39568
Lahovičky,50.00028,14.39592
Lahovičky,50.00225,14.40138
Lahovská,49.99828,14.36703
Lánská,50.09856,14.54021
Lánská,50.09873,14.54083
"Lány,Lesní",50.11988,13.94214
"Lány,Lesní",50.12011,13.94216
"Lány,náměstí",50.12475,13.95084
"Lány,samota Píně",50.11035,13.88926
"Lány,samota Píně",50.11038,13.8892
"Lány,u hřbitova",50.12903,13.95264
"Lány,u hřbitova",50.12917,13.95268
"Lány,Vašírov",50.13522,13.94923
"Lány,Vašírov",50.13877,13.94946
"Lány,Vašírovská lísa",50.12218,13.92061
"Lány,Vašírovská lísa",50.1224,13.92066
Laurová,50.06104,14.39767
Laurová,50.06113,14.39736
Laurová,50.06134,14.39991
Laurová,50.06144,14.39958
"Láz,Dolní",49.65209,13.91698
"Láz,Dolní",49.65205,13.91717
"Láz,Horní",49.65004,13.90664
"Láz,Jamky",49.64649,13.91544
"Láz,Jamky",49.64663,13.91574
"Láz,prodejna",49.65227,13.91272
"Láz,prodejna",49.65222,13.91283
Lazarská,50.07924,14.41992
Lazarská,50.07907,14.42101
Lazarská,50.07936,14.4195
Lazarská,50.08002,14.41984
Lázeňka,50.05922,14.58602
Lázeňka,50.05755,14.58347
Lázně Toušeň,50.16926,14.71679
Lázně Toušeň,50.16945,14.71607
"Lázně Toušeň,Zast.",50.17002,14.70745
"Lázně Toušeň,Zast.",50.1703,14.70711
Ledce (KD),50.19492,14.00657
Ledce (KD),50.19481,14.00662
Ledce (MB),50.35363,15.08454
Ledce (MB),50.35369,15.08446
"Ledce,Farma (KD)",50.2002,14.01059
"Ledce,Farma (KD)",50.20028,14.01047
"Ledce,Náves (KD)",50.19656,14.00421
"Ledce,Náves (KD)",50.19656,14.00403
"Ledce,rozc.Šternberk (KD)",50.20248,14.0236
"Ledce,rozc.Šternberk (KD)",50.20255,14.02346
Ledčice,50.34111,14.29427
Ledčice,50.34097,14.29388
"Ledčice,Rozc.",50.33528,14.28368
"Ledčice,Rozc.",50.33538,14.28393
"Ledeč n.Sáz.,Husovo nám.",49.69453,15.27531
"Ledeč n.Sáz.,Husovo nám.",49.69444,15.27531
"Ledeč n.Sáz.,sídl.Plácky",49.68941,15.27739
"Ledeč n.Sáz.,sídl.Plácky",49.68927,15.27707
Lehárova,50.00874,14.40629
Lehárova,50.00903,14.40521
Lehovec,50.10688,14.54723
Lehovec,50.10682,14.54798
Lehovec,50.10686,14.54738
Lehovec,50.10696,14.54728
Lehovec,50.1073,14.54797
Lešanská,50.04583,14.4829
Lešanská,50.04604,14.48302
Lešanská,50.0455,14.48467
Lešany,49.84503,14.52407
Lešany,49.84495,14.52386
"Lešany,Brejlov",49.8388,14.56307
"Lešany,Brejlov",49.83862,14.56294
"Lešany,Břežany",49.83789,14.52874
"Lešany,Břežany",49.83787,14.5285
"Lešany,Břežany",49.83811,14.52871
"Lešany,Břežany",49.83802,14.52891
"Lešany,Nová Ves,Rozc.",49.85078,14.50632
"Lešany,Nová Ves,Rozc.",49.85086,14.50605
"Lešany,Obecní úřad",49.84283,14.52748
"Lešany,Obecní úřad",49.84297,14.5273
"Lešany,Rozc.Vazovnice",49.8391,14.54641
"Lešany,Rozc.Vazovnice",49.83897,14.54649
Lešetice,49.64998,14.02353
Lešetice,49.65009,14.02402
Letecké muzeum,50.12582,14.5357
Letecké muzeum,50.12617,14.53608
Letenské náměstí,50.09995,14.42409
Letenské náměstí,50.1,14.42312
Letiště,50.10609,14.27195
Letňanská,50.12246,14.50706
Letňanská,50.12349,14.50825
Letňanská,50.12305,14.5067
Letňany (terminál),50.12556,14.51575
Letňany (terminál),50.12585,14.51528
Letňany,50.12527,14.5165
Letňany,50.12561,14.51652
Letňany,50.12597,14.51678
Letňany,50.12565,14.51677
Letňany,50.12452,14.5164
Letňany,50.12515,14.51518
Letňany,50.12674,14.51603
Letňany,50.12579,14.51631
Letňany,50.12558,14.51613
Lety (PZ),49.92101,14.2511
Lety (PZ),49.92091,14.25117
"Lety,K Libří (PZ)",49.9248,14.24122
"Lety,Karlštejnská (PZ)",49.92306,14.253
"Lety,Karlštejnská (PZ)",49.92306,14.253
"Lety,Obchodní centrum (PZ)",49.92365,14.25971
"Lety,Obchodní centrum (PZ)",49.92391,14.26009
Levského,50.00512,14.43608
Lhota (PH),50.24271,14.65625
Lhota (PH),50.24245,14.65615
Lhota [KD],50.09155,14.01015
Lhota [KD],50.09109,14.01022
"Lhota u Příbramě,MŠ",49.71309,13.9808
"Lhota u Příbramě,MŠ",49.71324,13.98066
"Lhota u Příbramě,Prodejna",49.7103,13.97993
"Lhota u Příbramě,Prodejna",49.71041,13.97982
"Lhota,Na Skalce (KD)",50.08731,14.01222
"Lhota,Na Skalce (KD)",50.08724,14.01211
Lhotecký les,50.0156,14.43718
Lhotecký les,50.0157,14.43733
Lhotka,50.02105,14.43835
Lhotka,50.02079,14.43832
"Lhotka,žel.st. (ME)",50.38102,14.54223
"Lhotka,žel.st. (ME)",50.38102,14.54212
"Lhotka,žel.st. (ME)",50.38144,14.5415
"Lhotka,žel.st. (ME)",50.3814,14.54149
"Lhotky,křižovatka",50.40371,15.04546
"Lhotky,křižovatka",50.40378,15.04546
"Libáň,aut.st.",50.37426,15.21613
"Libáň,Kozodírky",50.36625,15.19145
"Libáň,Kozodírky",50.36635,15.19142
"Libáň,Psinice,kostel",50.35462,15.21452
"Libáň,Psinice,kostel",50.35461,15.2146
"Libáň,Psinice,transformátor",50.34993,15.2113
"Libáň,Psinice,transformátor",50.3499,15.21142
Liběchov,50.40839,14.44682
Liběchov,50.40809,14.44668
Liběchov,50.40786,14.44718
Liběchov,50.40797,14.44723
"Liběchov,Ješovice,Rozc.",50.4289,14.41499
"Liběchov,Ješovice,Rozc.",50.42871,14.4151
"Liběchov,Malý Liběchov",50.40318,14.45011
"Liběchov,Malý Liběchov",50.40305,14.45009
"Liběchov,Žel.st.",50.41253,14.44042
"Liběchov,Žel.st.",50.41245,14.44038
Liběchovská,50.14413,14.47222
Liběchovská,50.14398,14.47231
Libeňská,50.1366,14.43015
Libeňská,50.13772,14.42993
Libeňský most,50.10345,14.46488
Libeňský most,50.1034,14.46574
Libeňský zámek,50.10831,14.4722
Libeňský zámek,50.10859,14.47237
"Liberec,aut.nádr.",50.76382,15.04751
"Liberec,Čechova",50.75511,15.0553
"Liberec,Dobiášova",50.75196,15.06399
"Liberec,Doubí,pošta",50.73511,15.05716
"Liberec,Doubí,pošta",50.73491,15.05699
"Liberec,Fügnerova",50.76491,15.05682
"Liberec,Rochlice",50.74663,15.0623
"Liberec,Rochlice",50.74725,15.06226
Libeř,49.92338,14.48026
Libeř,49.92343,14.48061
"Libeř,Libeň",49.93932,14.46348
"Libeř,Libeň",49.93896,14.46374
"Libeř,Libeň,Oáza",49.95148,14.47447
"Libeř,Libeň,Oáza",49.95154,14.47466
"Libeř,Libeň,Odb.STS",49.93603,14.46406
"Libeř,Libeň,Odb.STS",49.93608,14.4637
"Libeř,Libeň,U Hrušků",49.943,14.46371
"Libeř,Libeň,U Hrušků",49.94344,14.46372
"Libeř,Na Ovčíně",49.92751,14.48073
"Libeř,Na Ovčíně",49.92774,14.48183
"Líbeznice,I",50.19055,14.49402
"Líbeznice,I",50.18973,14.49358
"Líbeznice,II",50.19523,14.49641
"Líbeznice,II",50.19498,14.49596
Líbeznická,50.12873,14.45555
Líbeznická,50.12917,14.45547
Libež,49.75718,14.91779
Libež,49.75713,14.91774
Libiš,50.27588,14.49593
Libiš,50.27509,14.49573
"Libiš,Aut.st.",50.26519,14.51072
"Libiš,Aut.st.",50.26528,14.51034
"Libiš,Ke Spolaně",50.26505,14.51167
"Libiš,Ke Spolaně",50.26492,14.51143
"Libiš,Na Staré štaci",50.26811,14.49596
"Libiš,Na Staré štaci",50.2679,14.4958
"Libiš,Obec",50.27717,14.50052
"Libiš,Obec",50.27723,14.50037
"Libiš,Samoobsluha",50.27381,14.503
"Libiš,Samoobsluha",50.27434,14.50227
"Libiš,Spolana 3",50.27048,14.51395
"Libiš,Spolana 3",50.27022,14.51382
"Libiš,Spolana 4",50.27425,14.51338
"Libiš,Spolana 4",50.27419,14.51277
"Libiš,U Slávisty",50.2682,14.50713
"Libiš,U Slávisty",50.26911,14.50648
Liblice,50.31274,14.59094
Liblice,50.31295,14.59093
Libocká,50.08697,14.32951
Libocká,50.08656,14.32899
Libodřice,50.00441,15.08718
Libodřice,50.0045,15.08697
Libochovičky,50.17279,14.2394
Libochovičky,50.17266,14.23924
"Libochovičky,U č.3",50.17296,14.23706
"Libochovičky,U č.3",50.17283,14.23702
Libomyšl,49.87083,13.99775
"Libošovice,Podkost,hrad Kost",50.49028,15.13676
"Libošovice,Podkost,Pomníky",50.4985,15.12147
"Libošovice,Podkost,Pomníky",50.49854,15.12161
"Libošovice,Podkost,Semtín dvůr",50.48727,15.14529
"Libošovice,Podkost,Semtín dvůr",50.48722,15.14531
"Libošovice,Vesec u Sobotky",50.48154,15.15715
"Libošovice,Vesec u Sobotky",50.48158,15.15722
"Libošovice,Vesec u Sobotky,rozc.",50.47942,15.16138
"Libošovice,Vesec u Sobotky,rozc.",50.47946,15.16143
Libošovická,50.1109,14.5999
Libošovická,50.11148,14.59908
Libovice,50.23485,14.01731
Libovice,50.23497,14.01729
"Libovice,Kejkol",50.23432,14.00139
"Libovice,Kejkol",50.23444,14.00129
"Libovice,rozc.",50.23559,14.02204
Libuš,50.00921,14.45545
Libuš,50.00898,14.45589
Libuš,50.00867,14.45576
Libuš,50.00897,14.45575
"Libušín,Černá zem",50.17317,14.05613
"Libušín,Černá zem",50.17337,14.05603
"Libušín,Důl Kladno",50.16295,14.02585
"Libušín,Důl Kladno",50.16256,14.02642
"Libušín,náměstí",50.16888,14.05703
"Libušín,náměstí",50.16902,14.05691
"Libušín,rozc.Důl Max",50.15563,14.05096
"Libušín,rozc.Důl Max",50.15561,14.05087
"Libušín,Suchá Horka",50.16047,14.0489
"Libušín,Suchá Horka",50.16027,14.04857
"Libušín,škola",50.16719,14.05365
"Libušín,škola",50.16721,14.05353
Lidečská,50.0607,14.30054
Lidečská,50.06081,14.30308
"Lidice,ObÚ",50.14339,14.18991
"Lidice,ObÚ",50.1438,14.19017
"Lidice,Památník",50.14681,14.19935
"Lidice,Památník",50.14636,14.19937
Lihovar,50.05143,14.40922
Lihovar,50.05128,14.40914
Lihovar,50.05029,14.41014
Lihovar,50.05136,14.41076
Lihovar,50.04865,14.41084
Lichoceves,50.15377,14.28452
Lichoceves,50.153,14.28548
Lichoceves,50.15297,14.28564
"Lichoceves,Noutonice",50.16555,14.28053
"Lichoceves,Noutonice",50.16592,14.28122
"Lichoceves,Noutonice,Nádraží",50.15773,14.28004
"Lichoceves,Noutonice,Nádraží",50.15792,14.28006
Limuzská,50.07883,14.50833
Limuzská,50.07858,14.5082
Limuzská,50.07761,14.50498
Limuzská,50.0776,14.50592
Lipanská,50.08392,14.45371
Lipanská,50.08401,14.45316
Lipany,49.99942,14.61776
Lipany,49.99939,14.61795
Lipec,50.08362,15.36493
Lipec,50.08353,15.36483
Lipence,49.95976,14.35261
Lipence,49.95959,14.35324
Lipnická,50.11311,14.56017
Lipnická,50.112,14.55855
Lipovická,49.99671,14.46757
Lipovická,49.99676,14.46765
Lísek,50.04262,14.45633
Lísek,50.04268,14.4571
"Lišany,rozvodna",50.13502,13.73127
"Lišany,rozvodna",50.13498,13.73136
"Lišany,u ovčína",50.14033,13.73519
"Lišany,u rybníka",50.14777,13.74201
"Líšnice,Hl.sil.",49.89791,14.31882
"Líšnice,Hl.sil.",49.89775,14.31919
Líšný,50.6497,15.21063
Líšný,50.64905,15.20997
Líšťany,50.31261,13.7995
Líšťany,50.3126,13.79936
"Líšťany,Hrabačov",50.31008,13.80032
"Líšťany,Hrabačov",50.31008,13.80023
"Liteň,kino",49.90316,14.15279
"Liteň,kino",49.90307,14.15284
"Liteň,Leč",49.89149,14.15443
"Liteň,Leč",49.89149,14.15419
"Liteň,Leč,rozc.",49.88813,14.14866
"Liteň,nám.",49.90431,14.14726
"Liteň,nám.",49.90382,14.14772
"Liteň,Vetas",49.89546,14.16037
"Liteň,Vetas",49.89545,14.16026
Litochlebské náměstí,50.0315,14.50542
Litochlebské náměstí,50.03192,14.50502
Litochlebské náměstí,50.0324,14.50763
Litochlebské náměstí,50.03217,14.50727
"Litoměřice,aut.nádr.",50.5331,14.14033
"Litoměřice,obchodní centrum",50.52558,14.1376
"Litoměřice,Pokratice,kaplička",50.54807,14.12656
"Litoměřice,Pokratická",50.54508,14.12428
"Litoměřice,Pokratická",50.54504,14.12449
"Litoměřice,u pošty",50.53629,14.13183
"Litoměřice,u pošty",50.53631,14.13217
"Litoměřice,u závor",50.54171,14.12575
"Litoměřice,u závor",50.54187,14.12547
"Litoměřice,žel.st.hor.",50.54078,14.13016
"Litoměřice,žel.st.hor.",50.5407,14.13129
Litovický potok,50.08871,14.3264
Litovický potok,50.08858,14.32712
Livornská,50.04102,14.55175
Livornská,50.04126,14.55188
Lnářská,50.02825,14.59796
Lnářská,50.02817,14.59709
"Lobeč,Filipův Dvůr",50.45736,14.65669
"Lobeč,Filipův Dvůr",50.45732,14.65652
"Lobeč,pivovar",50.46101,14.66643
"Lobeč,pivovar",50.46105,14.66649
"Lobeč,zámek",50.45955,14.66852
"Lobeč,zámek",50.4596,14.6686
Loděnice,49.9943,14.15738
Loděnice,49.99376,14.15684
"Loděnice,Jánská,I",49.98944,14.15135
"Loděnice,Jánská,I",49.98947,14.15144
"Loděnice,Jánská,II",49.99138,14.15081
"Loděnice,Jánská,II",49.9913,14.15116
"Loděnice,pod lanovkou",50.00039,14.16532
"Loděnice,pod lanovkou",50.00003,14.16493
Logistická zóna Horní Počernice,50.11541,14.59176
Lohenická,50.14955,14.58782
Lohenická,50.14852,14.58595
Lochkov,50.00319,14.35257
Lochkov,50.00278,14.3529
"Lochovice,nám.",49.85218,13.97948
"Lochovice,nám.",49.85222,13.97914
"Lochovice,Netolice,rozc.",49.84384,13.94961
"Lochovice,Netolice,rozc.",49.84372,13.94976
"Lochovice,traktorka",49.85636,13.98622
"Lochovice,traktorka",49.85641,13.98609
"Lochovice,u závor",49.84881,13.97531
"Lochovice,u závor",49.84873,13.97534
Loket u Čechtic,49.65477,15.11352
Loket u Čechtic,49.65472,15.11323
"Loket u Čechtic,Alberovice",49.64559,15.10622
"Loket u Čechtic,Alberovice",49.64545,15.10568
"Loket u Čechtic,Bezděkov",49.6858,15.16312
"Loket u Čechtic,Bezděkov",49.68591,15.163
"Loket u Čechtic,Brzotice",49.66233,15.12982
"Loket u Čechtic,Brzotice",49.66222,15.12893
"Loket u Čechtic,Brzotice,rozc.I",49.66087,15.12817
"Loket u Čechtic,Brzotice,rozc.I",49.66107,15.12814
"Loket u Čechtic,Brzotice,rozc.II",49.66162,15.12724
"Loket u Čechtic,Brzotice,rozc.II",49.66174,15.12736
"Loket u Čechtic,motorest",49.65874,15.12386
"Loket u Čechtic,Němčice",49.6744,15.10282
"Loket u Čechtic,Němčice",49.67453,15.10279
"Lomnice n.Luž.,Václavské nám.",49.08151,14.71942
Lomnická,50.08751,14.56355
Lomnická,50.08767,14.56255
Lomy,49.99827,14.32993
Lomy,49.99828,14.329
Lošany,49.99804,15.1264
Lošany,49.998,15.12611
Lotyšská,50.10349,14.39491
Lotyšská,50.10418,14.39503
Lotyšská,50.10453,14.39515
Lotyšská,50.10485,14.39474
Loučeň,50.28659,15.02149
"Loučeň,Na Vinici",50.29262,15.03466
"Loučeň,Na Vinici",50.29263,15.03448
"Loučeň,Patřín",50.27446,15.01321
"Loučeň,Patřín",50.27473,15.013
"Loučeň,Průhon",50.28013,15.01641
"Loučeň,Průhon",50.28023,15.01632
"Loučeň,Studce",50.29143,15.05017
"Loučeň,Studce",50.29152,15.05023
"Loukov,žel.st.",50.55805,15.05696
"Loukov,žel.st.",50.5581,15.05686
Louňovice p.Blaníkem,49.63763,14.84763
Louňovice p.Blaníkem,49.63745,14.84776
"Louňovice p.Blaníkem,Býkovice",49.62104,14.86637
"Louňovice p.Blaníkem,Olešná",49.65833,14.86894
"Louňovice p.Blaníkem,Olešná",49.65842,14.86886
"Louňovice p.Blaníkem,rozc.Světlá",49.64805,14.85737
"Louňovice p.Blaníkem,rozc.Světlá",49.64801,14.85717
"Louňovice p.Blaníkem,Škola",49.63364,14.84452
"Louňovice p.Blaníkem,Škola",49.63383,14.84469
"Louňovice p.Blaníkem,U Mostu",49.64236,14.84287
"Louňovice p.Blaníkem,U Mostu",49.64253,14.84288
Louňovice,49.98121,14.76267
"Louňovice,I.hráz",49.98905,14.75608
"Louňovice,I.hráz",49.98904,14.75688
"Louny,Aut.nádr.",50.35461,13.80476
"Louny,Aut.nádr.",50.35457,13.80439
"Louny,Aut.nádr.",50.35514,13.80481
"Louny,Brloh",50.31887,13.82553
"Louny,Brloh",50.31883,13.82544
"Louny,Brloh,rozc.Smolnice",50.31018,13.82478
"Louny,Brloh,rozc.Smolnice",50.31015,13.8247
"Louny,Luna",50.35711,13.78863
"Louny,Luna",50.3569,13.78919
"Louny,sokolovna",50.35551,13.79553
"Louny,sokolovna",50.35556,13.79479
"Louny,U spravedlnosti",50.34798,13.80602
"Louny,U spravedlnosti",50.34882,13.80578
"Loužnice,pošta",50.68095,15.26809
"Loužnice,pošta",50.6802,15.26764
"Lubenec,Karlovarská",50.13195,13.31269
"Lubenec,Ležky,rozc.0.3",50.12178,13.35671
"Lubenec,Ležky,rozc.0.3",50.12166,13.35705
"Lubenec,Podbořanská",50.13249,13.31457
"Lubná,Filipka",50.07179,13.70426
"Lubná,Filipka",50.07179,13.70426
"Lubná,sídliště",50.07777,13.7084
"Lubná,sídliště",50.07761,13.70831
"Lubná,u hřbitova",50.07504,13.70168
"Lubná,u hřbitova",50.07514,13.70157
Luka,50.0455,14.32107
Luka,50.04523,14.32143
Luka,50.04598,14.32083
Luka,50.04536,14.32186
"Luka,odb.1.0",50.5172,14.6782
"Luka,odb.1.0",50.51708,14.67826
Lukášova,50.08824,14.45838
Lukášova,50.08791,14.4568
Lukavec,49.56619,14.99059
Lukavec,49.56617,14.99041
"Lukavec,Bezděkov",49.57305,14.96861
"Lukavec,Bezděkov",49.57311,14.9686
"Lukavec,Velká Ves,rozc.",49.57558,14.96431
"Lukavec,Velká Ves,rozc.",49.57572,14.96443
Lukavecká,50.11603,14.61732
Lukavecká,50.1163,14.6178
Luštěnice,50.32251,14.93733
Luštěnice,50.32234,14.93728
"Luštěnice,Brodecká",50.3227,14.93641
"Luštěnice,Brodecká",50.32278,14.93625
"Luštěnice,Sluneční",50.31308,14.91839
"Luštěnice,Voděrady",50.33664,14.94459
"Luštěnice,Voděrady",50.33669,14.94464
"Luštěnice,Zelená",50.31634,14.91223
Lužce,49.98377,14.19521
Lužce,49.98387,14.19529
Lužec n.Vlt.,50.32167,14.39888
Lužec n.Vlt.,50.32157,14.39923
Lužiny,50.04448,14.32974
Lužiny,50.04451,14.33114
"Lužná,Červený kříž",50.13402,13.80239
"Lužná,Čs.armády",50.11942,13.77093
"Lužná,Čs.armády",50.11937,13.77104
"Lysá n.L.,Litol,Boženy Němcové",50.19199,14.84866
"Lysá n.L.,Litol,Boženy Němcové",50.19202,14.8488
"Lysá n.L.,Litol,Dobrovského sady",50.18506,14.85197
"Lysá n.L.,Litol,Dobrovského sady",50.18513,14.85208
"Lysá n.L.,Litol,Husova",50.18814,14.84914
"Lysá n.L.,Litol,Husova",50.18835,14.84915
"Lysá n.L.,Litol,U Mostu",50.17489,14.85344
"Lysá n.L.,Litol,U Mostu",50.17487,14.85382
"Lysá n.L.,Odbočka Dvorce",50.20861,14.80684
"Lysá n.L.,Odbočka Dvorce",50.20853,14.80657
"Lysá n.L.,pošta",50.20047,14.84134
"Lysá n.L.,pošta",50.2005,14.84124
"Lysá n.L.,Předměstí",50.20138,14.82907
"Lysá n.L.,Předměstí",50.20121,14.82887
"Lysá n.L.,sídl.",50.20793,14.84472
"Lysá n.L.,sídl.",50.20808,14.84453
"Lysá n.L.,žel.st.",50.19583,14.84252
"Lysá n.L.,žel.st.",50.19591,14.84173
Lýskova,50.0508,14.30948
Lýskova,50.05125,14.3093
Lysolaje,50.12693,14.36675
Lysolaje,50.12674,14.3673
Lysolaje,50.1265,14.36818
Madlina,50.12043,14.48465
Madlina,50.1202,14.48435
"Makotřasy,náves",50.14421,14.21515
"Makotřasy,náves",50.14445,14.21527
"Makotřasy,rozcestí",50.14738,14.2137
"Makotřasy,rozcestí",50.14727,14.21468
Malá Hraštice,49.80752,14.27868
Malá Hraštice,49.80751,14.27852
"Malá Hraštice,Velká Hraštice",49.80473,14.28077
"Malá Hraštice,Velká Hraštice",49.80374,14.2815
Malá Chuchle,50.02481,14.39448
Malá Chuchle,50.02517,14.39498
Malá Ohrada,50.04027,14.34
Malá Ohrada,50.0403,14.3403
"Malá Skála,Vranové,u mlýna",50.63748,15.18946
"Malá Skála,Vranové,u mlýna",50.63849,15.18951
Malé Kyšice,50.06245,14.09212
Malé Kyšice,50.06247,14.09196
Malé Přítočno,50.11056,14.13501
Malé Přítočno,50.11084,14.13502
"Malé Přítočno,U Hrnčírny",50.10703,14.13728
"Malé Přítočno,U Hrnčírny",50.10675,14.13742
Malešická továrna,50.0773,14.52428
Malešická továrna,50.07718,14.52524
Malešická továrna,50.07705,14.52628
Malešická továrna,50.07735,14.52592
Malešická,50.08628,14.482
Malešická,50.08673,14.48194
Malešické náměstí,50.08463,14.51038
Malešické náměstí,50.08477,14.51093
Malešické náměstí,50.08562,14.51224
Malešický park,50.08647,14.49587
Malešický park,50.08615,14.49653
"Malíkovice,Hlína",50.21938,13.95923
"Malíkovice,Hlína",50.21943,13.95912
"Malíkovice,Hvězda",50.22143,13.97937
"Malíkovice,Hvězda",50.22151,13.97935
"Malíkovice,Hvězda,horní",50.2206,13.9743
"Malíkovice,Hvězda,horní",50.22071,13.97426
Malinová,50.04807,13.66749
Malinová,50.048,13.66754
"Málkov,Jednota",49.8896,14.02188
Malostranská,50.09036,14.4101
Malostranská,50.09095,14.40999
Malostranská,50.09092,14.41004
Malostranská,50.09127,14.40933
Malostranská,50.09217,14.4091
Malostranské náměstí,50.08798,14.40433
Malostranské náměstí,50.08827,14.40448
Malostranské náměstí,50.08784,14.40461
Malostranské náměstí,50.08786,14.40424
Malotice,49.96606,14.98103
Malotice,49.9661,14.98136
"Malotice,Lhotky",49.95524,14.9557
"Malotice,Lhotky",49.95537,14.95579
Malovanka,50.08559,14.3825
Malovanka,50.08553,14.38165
Malovanka,50.08537,14.38318
Malovanka,50.08548,14.38078
Malvazinky,50.06497,14.3883
Malvazinky,50.06502,14.3886
Malvazinky,50.06489,14.38909
Malvazinky,50.06492,14.38921
Malý Břevnov,50.07591,14.33124
Malý Břevnov,50.07636,14.33361
Malý Břevnov,50.07623,14.33285
Malý Břevnov,50.07603,14.33248
Malý Újezd,50.3312,14.53301
"Malý Újezd,Vavřineč",50.32396,14.55073
"Malý Újezd,Vavřineč",50.32415,14.55078
"Manětín,Česká Doubravice,rozc.",49.97586,13.27179
"Manětín,Česká Doubravice,rozc.",49.97576,13.27166
"Manětín,nám.",49.99221,13.23344
"Manětín,nám.",49.99163,13.23088
"Manětín,Újezd,rozc.1.0",49.99441,13.19861
"Manětín,Újezd,rozc.1.0",49.99435,13.19864
"Manětín,Vladměřice,rozcestí",49.97586,13.25995
"Manětín,Vladměřice,rozcestí",49.97572,13.26021
Maniny,50.10335,14.45266
Maniny,50.10324,14.45387
Mariánské náměstí,50.08733,14.41736
Mariánské náměstí,50.08727,14.41761
Marjánka,50.08454,14.3759
Marjánka,50.08454,14.37549
Maršovice,49.71428,14.56529
Maršovice,49.71413,14.56528
"Maršovice,Dlouhá Lhota",49.73911,14.59631
"Maršovice,Dlouhá Lhota",49.73903,14.59649
"Maršovice,Libeč",49.72583,14.58727
"Maršovice,Libeč",49.7259,14.58773
"Maršovice,Řehovice,Rozc.",49.71912,14.53577
"Maršovice,Řehovice,Rozc.",49.71895,14.53591
"Maršovice,Strnadice",49.69978,14.5512
"Maršovice,Strnadice",49.69958,14.5513
"Maršovice,Vráce",49.72718,14.53625
"Maršovice,Vráce",49.72721,14.53654
"Maršovice,Zahrádka",49.73074,14.58888
"Maršovice,Zahrádka",49.73072,14.58906
"Maršovice,Zaječí,Rozc.",49.75106,14.5657
"Maršovice,Zaječí,Rozc.",49.7509,14.56573
"Martiněves,Charvatce",50.36163,14.14771
"Martiněves,Charvatce",50.36176,14.14804
"Martiněves,Radešín",50.34109,14.14559
"Martiněves,Radešín",50.34093,14.14575
Masarykovo nádraží,50.08768,14.43251
Masarykovo nádraží,50.08812,14.43259
Máslovice,50.20885,14.37963
Masná,50.08923,14.42412
Masojedy,50.02617,14.77794
Masojedy,50.02604,14.77769
Maškův mlýn,49.99885,14.3185
Maškův mlýn,49.9989,14.3185
Mcely,50.29441,15.07579
Mcely,50.29427,15.07534
"Mcely,Háje",50.30118,15.07529
"Mcely,Háje",50.30117,15.07518
Mečeříž,50.29006,14.73625
Měděnecká,50.14968,14.44885
Měděnecká,50.14971,14.44851
Medonosy,50.49409,14.48692
Medonosy,50.4938,14.48667
"Medonosy,Chudolazy",50.47464,14.47647
"Medonosy,Chudolazy",50.47473,14.47649
"Medonosy,Chudolazy,mlýn",50.4672,14.47371
"Medonosy,Chudolazy,mlýn",50.46709,14.47361
"Medonosy,Osinaličky",50.48777,14.4851
"Medonosy,Osinaličky",50.48765,14.48504
Měchenice (obec),49.90536,14.39552
Měchenice (obec),49.90828,14.39257
"Měchenice,rozc.k žel.st.",49.91215,14.38204
"Měchenice,rozc.k žel.st.",49.91238,14.38179
Měchenická,50.04996,14.48885
Měchenická,50.05027,14.48822
Mělnické Vtelno,50.35251,14.6952
Mělnické Vtelno,50.35264,14.69508
"Mělnické Vtelno,Radouň",50.3482,14.67776
"Mělnické Vtelno,Radouň",50.34818,14.67665
"Mělnické Vtelno,Vysoká Libeň",50.34589,14.66826
"Mělnické Vtelno,Vysoká Libeň",50.3459,14.668
"Mělník,aut.nádr.",50.35019,14.48857
"Mělník,aut.nádr.",50.35032,14.48858
"Mělník,aut.nádr.",50.35048,14.48814
"Mělník,aut.nádr.",50.35045,14.48894
"Mělník,aut.nádr.",50.35056,14.48909
"Mělník,aut.nádr.",50.35067,14.48926
"Mělník,aut.nádr.",50.35068,14.48909
"Mělník,aut.nádr.",50.35056,14.48892
"Mělník,aut.nádr.",50.35044,14.48874
"Mělník,Blata",50.3498,14.49381
"Mělník,Blata",50.35069,14.4946
"Mělník,Cukrovar",50.34036,14.49179
"Mělník,Cukrovar",50.33991,14.49199
"Mělník,Dobrovského",50.35905,14.48693
"Mělník,Dobrovského",50.35896,14.487
"Mělník,Fibichova",50.35067,14.47891
"Mělník,Fibichova",50.35041,14.47867
"Mělník,Chloumecká",50.37143,14.49814
"Mělník,Chloumecká",50.37271,14.49929
"Mělník,Chloumek",50.37418,14.5019
"Mělník,Chloumek",50.37417,14.50128
"Mělník,Kokořínská",50.37252,14.51255
"Mělník,Kokořínská",50.37259,14.51295
"Mělník,Lesní",50.37358,14.50628
"Mělník,Lesní",50.37369,14.50663
"Mělník,Loděnická",50.37107,14.46598
"Mělník,Loděnická",50.36961,14.46528
"Mělník,Mladoboleslavská",50.3409,14.50722
"Mělník,Mlazice",50.37421,14.46678
"Mělník,Mlazice",50.37451,14.46675
"Mělník,MŠ Chloumek",50.36906,14.50965
"Mělník,nám.Karla IV.",50.35121,14.47672
"Mělník,Neuberk",50.35705,14.49477
"Mělník,Neuberk",50.35676,14.49533
"Mělník,Pivovar",50.35359,14.48218
"Mělník,Pivovar",50.35341,14.48215
"Mělník,Podolí",50.35788,14.47426
"Mělník,Podolí",50.35821,14.47331
"Mělník,Poliklinika",50.34636,14.48458
"Mělník,Poliklinika",50.3476,14.48301
"Mělník,Pšovka",50.36279,14.46831
"Mělník,Pšovka",50.3623,14.46851
"Mělník,Rousovice",50.34316,14.50101
"Mělník,Rousovice",50.3433,14.50078
"Mělník,Rybáře",50.35312,14.46977
"Mělník,Rybáře",50.35289,14.47018
"Mělník,samoty",50.36387,14.49153
"Mělník,samoty",50.36366,14.49119
"Mělník,silo",50.35283,14.49696
"Mělník,silo",50.35408,14.4981
"Mělník,Slovany",50.34196,14.49395
"Mělník,Slovany",50.34256,14.49463
"Mělník,Tyršova",50.35373,14.47431
"Mělník,U Hřiště",50.34446,14.48634
"Mělník,U Hřiště",50.34358,14.48773
"Mělník,U Nováků",50.33283,14.49695
"Mělník,U Nováků",50.33196,14.49773
"Mělník,Vehlovice",50.3923,14.46301
"Mělník,Vehlovice",50.39212,14.46295
"Mělník,Zádušní",50.35774,14.47152
"Mělník,Zádušní",50.35793,14.4713
Měňany,49.90725,14.11505
Měňany,49.90713,14.11493
"Městec Králové,nám.",50.20728,15.29791
"Městec Králové,nám.",50.20727,15.29812
"Městec Králové,nem.",50.20497,15.28967
"Městec Králové,nem.",50.20496,15.28921
"Městec Králové,prům.zóna",50.19616,15.29954
"Městec Králové,prům.zóna",50.19575,15.2997
"Městec Králové,Stará pošta",50.20551,15.29386
"Městec Králové,Stará pošta",50.20544,15.29373
"Městec Králové,žel.st.",50.21034,15.30034
Městský archiv Chodovec,50.04108,14.49525
Měšice,50.19693,14.51955
Měšice,50.19733,14.51947
"Měšice,,Agropodnik",50.20802,14.52155
"Měšice,,Agropodnik",50.20791,14.52143
"Měšice,,Na Rejdišti",50.20393,14.52128
"Měšice,,Na Rejdišti",50.20357,14.52107
Metodějova,50.02616,14.52144
Metodějova,50.02616,14.52083
Mezi Hřbitovy,50.08166,14.47174
"Mezno,hl.silnice",49.53574,14.65897
"Mezno,hl.silnice",49.53766,14.6603
"Mezno,Lažany",49.5448,14.66333
"Mezno,Lažany",49.54482,14.66361
Mezouň,50.00459,14.21408
Mezouň,50.00483,14.214
"Mezouň,Letník",50.00547,14.21904
"Mezouň,Letník",50.00551,14.21933
Michelangelova,50.07007,14.50982
Michelangelova,50.07038,14.5094
Michelská,50.05507,14.45383
Michelská,50.05504,14.4541
Michelská,50.05409,14.45247
Michelská,50.05468,14.45303
Michnovka,50.03963,14.3975
Michnovka,50.03926,14.39687
Mikulova,50.03188,14.515
Mikulova,50.03201,14.51438
Milešov,49.5891,14.22114
Milešov,49.58924,14.22092
"Milešov,Hřebeny",49.5974,14.20253
"Milešov,Hřebeny",49.59748,14.20271
"Milešov,Přední Chlum",49.60038,14.19328
"Milešov,Přední Chlum",49.60043,14.1933
"Milešov,Přední Chlum,Popelíky",49.60381,14.18777
"Milešov,Přední Chlum,Popelíky",49.60242,14.18966
"Milešov,rozc.",49.58872,14.22666
"Milešov,rozc.",49.58884,14.22664
Milevská,50.04861,14.43027
"Milevsko,aut.st.",49.44901,14.36077
"Milevsko,aut.st.",49.44955,14.36076
"Milevsko,Petrovická",49.45663,14.36288
"Milevsko,poliklinika",49.45291,14.36175
"Milevsko,škola I",49.4529,14.35994
Miličín,49.57279,14.65929
Miličín,49.57164,14.65863
"Miličín,Petrovice",49.55396,14.719
"Miličín,Petrovice",49.554,14.71931
"Miličín,Podměští",49.57101,14.66854
"Miličín,Podměští",49.57113,14.66846
"Miličín,rozc.Malovice",49.56376,14.69649
"Miličín,rozc.Malovice",49.56381,14.69654
"Miličín,škola",49.57197,14.65939
"Miličín,škola",49.57187,14.6594
"Miličín,Záhoří",49.56576,14.68392
"Miličín,Záhoří",49.56582,14.68394
Milíčov,50.02697,14.53067
Milín,49.6324,14.04612
Milín,49.63226,14.04633
"Milín,Buk",49.64858,14.06018
"Milín,Buk",49.64863,14.06031
"Milín,Rtišovice,rozc.",49.62088,14.05281
"Milín,Rtišovice,rozc.",49.62108,14.05299
"Milín,sídliště",49.63415,14.03969
"Milín,sídliště",49.63423,14.03957
"Milín,Slivice",49.64376,14.03383
"Milín,Slivice",49.64383,14.03402
"Milín,Stěžov",49.64678,14.09687
"Milín,Stěžov",49.64686,14.09695
Milostín,50.19402,13.66786
Milostín,50.19409,13.6679
"Milostín,Povlčín",50.19725,13.65531
"Milostín,Povlčín",50.19693,13.6539
Mílová,50.01007,14.46686
Mílová,50.00996,14.46669
"Milovice,5.května",50.22565,14.89135
"Milovice,5.května",50.22472,14.89128
"Milovice,Armádní",50.22925,14.86868
"Milovice,Armádní",50.22915,14.86746
"Milovice,Balonka",50.2298,14.89214
"Milovice,Balonka",50.22986,14.89167
"Milovice,Benátecká Vrutice",50.23033,14.83747
"Milovice,Benátecká Vrutice",50.23008,14.83782
"Milovice,Benátecká Vrutice,Armádní",50.23191,14.84371
"Milovice,Benátecká Vrutice,Armádní",50.232,14.84327
"Milovice,Boží Dar",50.24799,14.91795
"Milovice,Letecká",50.23116,14.88736
"Milovice,Letecká",50.23122,14.88764
"Milovice,Park Mirakulum",50.23686,14.86105
"Milovice,Park Mirakulum",50.23669,14.86087
"Milovice,průmyslová zóna",50.23549,14.85101
"Milovice,průmyslová zóna",50.23561,14.85227
"Milovice,Radnice",50.22847,14.87515
"Milovice,Radnice",50.22882,14.87757
"Milovice,sídliště Průběžná",50.22948,14.86289
"Milovice,sídliště Průběžná",50.22929,14.86277
"Milovice,Sluneční vrch",50.22945,14.85741
"Milovice,Sluneční vrch",50.22935,14.85687
"Milovice,Sportovní",50.23052,14.86516
"Milovice,Škola",50.22863,14.88613
"Milovice,Škola",50.22851,14.88598
"Milovice,Třešňová",50.22421,14.89609
"Milovice,Třešňová",50.22444,14.89606
"Milovice,Tyršova",50.22968,14.86401
"Milovice,Tyršova",50.2295,14.86434
"Milovice,žel.st.",50.22914,14.88224
"Milovice,žel.st.",50.22866,14.88282
"Mimoň,kino",50.65506,14.72535
"Mimoň,lesní závod",50.63686,14.74718
"Mimoň,lesní závod",50.63674,14.74711
"Mimoň,Malá",50.65622,14.72554
"Mimoň,Pražská",50.65146,14.73498
"Mimoň,Pražská",50.65096,14.73516
"Mimoň,žel.st.",50.65789,14.71521
"Mírová p.Koz.,Loktuše,na Špici",50.58887,15.2313
"Mírová p.Koz.,Loktuše,na Špici",50.58894,15.23111
Mirovická,50.13144,14.45278
Mirovická,50.13033,14.45208
Miřetice,49.6585,14.97624
Miřetice,49.65854,14.97644
"Miřetice,rozc.",49.66529,14.97998
"Miřetice,rozc.",49.66521,14.9804
Miskovice,49.94645,15.20744
Miskovice,49.94664,15.20738
"Miskovice,Hořany",49.97283,15.23606
"Miskovice,Hořany",49.97286,15.23615
"Miskovice,Přítoky",49.94759,15.23786
"Miskovice,Přítoky",49.94774,15.23786
Miškovice,50.15602,14.54201
Miškovice,50.15591,14.54087
"Mišovice,Draheničky,rozc.",49.51232,13.96262
"Mišovice,Draheničky,rozc.",49.51236,13.9628
"Mišovice,Draheničky,rozc.Hostišovice 2.0",49.50056,13.94938
"Mišovice,Draheničky,rozc.Hostišovice 2.0",49.50059,13.94949
"Mladá Boleslav,,aut.st.",50.41996,14.91639
"Mladá Boleslav,,aut.st.",50.42012,14.91651
"Mladá Boleslav,AKUMA",50.4071,14.89884
"Mladá Boleslav,AKUMA",50.4072,14.8986
"Mladá Boleslav,aut.st.",50.41973,14.91638
"Mladá Boleslav,aut.st.",50.41953,14.91648
"Mladá Boleslav,aut.st.",50.4199,14.91595
"Mladá Boleslav,aut.st.",50.41967,14.91659
"Mladá Boleslav,aut.st.",50.41984,14.91672
"Mladá Boleslav,aut.st.",50.41997,14.91682
"Mladá Boleslav,aut.st.",50.41947,14.91667
"Mladá Boleslav,aut.st.",50.41972,14.91686
"Mladá Boleslav,aut.st.",50.41993,14.91702
"Mladá Boleslav,aut.st.",50.42008,14.91714
"Mladá Boleslav,aut.st.",50.42007,14.91607
"Mladá Boleslav,aut.st.",50.42051,14.91673
"Mladá Boleslav,aut.st.",50.41982,14.91609
"Mladá Boleslav,aut.st.",50.42,14.91623
"Mladá Boleslav,aut.st.",50.42017,14.91636
"Mladá Boleslav,Bezděčín",50.38612,14.89864
"Mladá Boleslav,Bezděčín",50.38577,14.89841
"Mladá Boleslav,Boleslavská",50.43102,14.92299
"Mladá Boleslav,Boleslavská",50.43106,14.92279
"Mladá Boleslav,Čejetičky,Most",50.40497,14.89186
"Mladá Boleslav,Čejetičky,Most",50.40503,14.89159
"Mladá Boleslav,Česana",50.41235,14.90104
"Mladá Boleslav,Debř,hl.sil.",50.44025,14.88985
"Mladá Boleslav,Debř,hl.sil.",50.43974,14.88994
"Mladá Boleslav,Jaselská VZP",50.41428,14.90753
"Mladá Boleslav,Jaselská VZP",50.4143,14.90704
"Mladá Boleslav,Jemníky",50.39955,14.93856
"Mladá Boleslav,Jemníky",50.39946,14.93883
"Mladá Boleslav,Jičínská",50.41056,14.92715
"Mladá Boleslav,Jičínská",50.41035,14.92797
"Mladá Boleslav,Na Hejtmánce",50.40182,14.90384
"Mladá Boleslav,nám.Republiky",50.41105,14.91723
"Mladá Boleslav,nám.Republiky",50.4112,14.91644
"Mladá Boleslav,Neuberk",50.40252,14.881
"Mladá Boleslav,Neuberk",50.40261,14.88129
"Mladá Boleslav,Nový hřbitov",50.42562,14.91878
"Mladá Boleslav,Nový hřbitov",50.42538,14.91839
"Mladá Boleslav,Pírkovo sanatorium",50.40681,14.9236
"Mladá Boleslav,Pírkovo sanatorium",50.40691,14.92359
"Mladá Boleslav,Pod Skalou",50.42189,14.9006
"Mladá Boleslav,Pod Skalou",50.42163,14.90054
"Mladá Boleslav,rozc.Podlázky 0.5",50.43112,14.89735
"Mladá Boleslav,rozc.Podlázky 0.5",50.43154,14.89692
"Mladá Boleslav,u nadjezdu",50.40395,14.93321
"Mladá Boleslav,u nadjezdu",50.40403,14.93317
"Mladá Boleslav,U Sportu",50.41298,14.90978
"Mladá Boleslav,U Sportu",50.41272,14.91005
"Mladá Boleslav,Viničná",50.40985,14.91961
"Mladá Vožice,Agrospol a.s.",49.51865,14.79893
"Mladá Vožice,Agrospol a.s.",49.51894,14.79889
"Mladá Vožice,aut.st.",49.5304,14.80799
"Mladá Vožice,aut.st.",49.53109,14.80837
"Mladá Vožice,aut.st.",49.53114,14.80839
"Mladá Vožice,aut.st.",49.53148,14.80823
"Mladá Vožice,Blanice",49.50739,14.79633
"Mladá Vožice,Blanice",49.5073,14.79656
"Mladá Vožice,Blanice,rozc.1.0",49.50917,14.78469
"Mladá Vožice,Blanice,rozc.1.0",49.50913,14.78477
"Mladá Vožice,KOH-I-NOOR",49.54202,14.81354
"Mladá Vožice,KOH-I-NOOR",49.54226,14.81384
"Mladá Vožice,Noskov,Bor",49.55112,14.8156
"Mladá Vožice,Noskov,Bor",49.5511,14.81568
"Mladá Vožice,rozc.Řemíčov 1.0",49.51739,14.79358
"Mladá Vožice,rozc.Řemíčov 1.0",49.51735,14.79339
"Mladá Vožice,Stará Vožice",49.50156,14.77192
"Mladá Vožice,Stará Vožice",49.50151,14.77201
"Mladá Vožice,Táborská",49.52815,14.80586
"Mladá Vožice,Táborská",49.52779,14.80567
"Mladá Vožice,u hřbitova",49.5369,14.80056
"Mladá Vožice,u hřbitova",49.53697,14.80059
"Mladá Vožice,Vanišova",49.53698,14.81212
"Mladá Vožice,Vanišova",49.53691,14.81217
"Mladá Vožice,Voračického",49.53524,14.80648
"Mladá Vožice,Voračického",49.53506,14.80696
Mladějovská,50.13255,14.56035
Mladějovská,50.13271,14.56045
Mládí,50.05003,14.32163
Mládí,50.05015,14.3232
Mladotice,49.98548,13.36407
Mladotice,49.98538,13.36432
"Mladotice,zastávka",49.97413,13.34171
"Mladotice,zastávka",49.97405,13.34157
"Mladotice,žel.st.",49.98642,13.36437
Mnetěš,50.36603,14.28289
Mnetěš,50.36617,14.28285
Mnichovice (BN),49.66868,15.04007
Mnichovice (BN),49.66876,15.04002
"Mnichovice,bytovky (PH)",49.94142,14.70208
"Mnichovice,bytovky (PH)",49.94166,14.7021
"Mnichovice,hotel Myšlín (PH)",49.93913,14.73545
"Mnichovice,hotel Myšlín (PH)",49.93914,14.73551
"Mnichovice,Myšlín (PH)",49.93912,14.7191
"Mnichovice,Myšlín (PH)",49.93922,14.72074
"Mnichovice,nám. (PH)",49.93582,14.7095
"Mnichovice,nám. (PH)",49.93584,14.70936
"Mnichovice,U křížku (PH)",49.93907,14.7156
"Mnichovice,U křížku (PH)",49.93894,14.71534
"Mnichovice,zdrav.stř. (PH)",49.93757,14.70617
"Mnichovice,zdrav.stř. (PH)",49.93763,14.70617
"Mnichovo Hradiště,Dneboh",50.52619,15.02034
"Mnichovo Hradiště,Dneboh",50.52629,15.02033
"Mnichovo Hradiště,dopravní terminál",50.51877,14.97761
"Mnichovo Hradiště,dopravní terminál",50.51875,14.97823
"Mnichovo Hradiště,dopravní terminál",50.51894,14.97865
"Mnichovo Hradiště,dopravní terminál",50.51911,14.97908
"Mnichovo Hradiště,Haškov",50.51124,14.97067
"Mnichovo Hradiště,Haškov",50.50951,14.96954
"Mnichovo Hradiště,Hoškovice",50.53238,15.00257
"Mnichovo Hradiště,Hoškovice",50.5322,15.00158
"Mnichovo Hradiště,Hoškovice,u trati",50.52938,15.00006
"Mnichovo Hradiště,Hoškovice,u trati",50.52922,15.00081
"Mnichovo Hradiště,Klášterská",50.52721,14.96865
"Mnichovo Hradiště,Klášterská",50.52721,14.96928
"Mnichovo Hradiště,nám.",50.52242,14.9743
"Mnichovo Hradiště,nám.",50.52237,14.97503
"Mnichovo Hradiště,U Bažantnice",50.50665,14.96919
"Mnichovo Hradiště,U Bažantnice",50.50665,14.96886
"Mnichovo Hradiště,u nadjezdu",50.51372,14.97194
"Mnichovo Hradiště,u nadjezdu",50.51355,14.97165
"Mnichovo Hradiště,Veselá",50.49686,14.96767
"Mnichovo Hradiště,Veselá",50.49685,14.96728
"Mnichovo Hradiště,zdrav.stř.",50.52022,14.9734
"Mnichovo Hradiště,zdrav.stř.",50.52004,14.97321
"Mníšek p.Brdy,Čisovická",49.86779,14.27012
"Mníšek p.Brdy,Hladový Vrch",49.86493,14.27487
"Mníšek p.Brdy,Kaple",49.84099,14.24667
"Mníšek p.Brdy,Kaple",49.84107,14.24689
"Mníšek p.Brdy,Kaple",49.84087,14.24617
"Mníšek p.Brdy,Na Kvíkalce",49.87015,14.25056
"Mníšek p.Brdy,Na Kvíkalce",49.86984,14.24971
"Mníšek p.Brdy,Nad Špejcharem",49.86066,14.25745
"Mníšek p.Brdy,Nad Špejcharem",49.86082,14.2576
"Mníšek p.Brdy,Náměstí",49.86647,14.26179
"Mníšek p.Brdy,Náměstí",49.86649,14.26128
"Mníšek p.Brdy,Pražská",49.86809,14.2665
"Mníšek p.Brdy,Pražská",49.86814,14.26695
"Mníšek p.Brdy,Rozcestí Kytín",49.83964,14.24442
"Mníšek p.Brdy,Rozcestí Kytín",49.83987,14.24449
"Mníšek p.Brdy,Sídliště",49.87069,14.25946
"Mníšek p.Brdy,Sídliště",49.87067,14.25973
"Mníšek p.Brdy,Stříbrná Lhota U Křížku",49.86572,14.2425
"Mníšek p.Brdy,Stříbrná Lhota U Křížku",49.86547,14.24234
"Mníšek p.Brdy,Stříbrná Lhota",49.86405,14.23734
"Mníšek p.Brdy,Stříbrná Lhota",49.86375,14.23677
"Mníšek p.Brdy,U Hřbitova",49.86209,14.26749
"Mníšek p.Brdy,U Šibence",49.85624,14.25522
"Mníšek p.Brdy,U Šibence",49.85509,14.25479
"Mníšek p.Brdy,Žel.zast.Rymaně",49.85851,14.27972
"Mníšek p.Brdy,Žel.zast.Rymaně",49.85862,14.28098
"Močovice,rozc.",49.89473,15.35858
"Močovice,rozc.",49.89479,15.35851
Modletice,49.97071,14.59084
Modletice,49.97068,14.59062
"Modletice,,rozc.",49.97002,14.598
"Modletice,,rozc.",49.97019,14.59747
"Modletice,Kaufland",49.97454,14.60148
"Modletice,Kaufland",49.97491,14.60066
Modrá škola,50.03043,14.52433
Modrá škola,50.03197,14.52315
Modřanská rokle,50.00642,14.42903
Modřanská rokle,50.00606,14.42972
Modřanská škola,50.00922,14.40305
Modřanská škola,50.00843,14.40311
Modřanská škola,50.0098,14.40295
Modřanská škola,50.00882,14.40347
Modřovice,49.61801,13.95763
Modřovice,49.61788,13.9578
Mochov,50.14206,14.79469
Mochov,50.14215,14.79461
Mochov,50.14173,14.79475
Mokrá,50.03355,14.50424
Mokrá,50.03357,14.50472
Mokřanská,50.06309,14.52685
Mokřanská,50.06379,14.5266
Moráň,50.07402,14.41873
Moravanská,50.14782,14.57842
Moravanská,50.14838,14.57847
Mořina,49.95469,14.20458
Mořina,49.95467,14.20441
"Mořina,obecní úřad",49.95291,14.21168
"Mořina,obecní úřad",49.9525,14.21372
"Mořina,odb.lom",49.96053,14.20513
"Mořina,Trněný Újezd,rozc.",49.97347,14.23028
"Mořina,Trněný Újezd,rozc.",49.97346,14.22997
"Mořina,Trněný Újezd,rozc.I",49.9699,14.21774
"Mořina,Trněný Újezd,rozc.I",49.97005,14.21771
"Mořina,u Pěchotů",49.9525,14.21744
"Mořina,u Pěchotů",49.95251,14.21751
Mořinka,49.93857,14.2355
Mořinka,49.93857,14.23547
Most Závodu míru,49.97268,14.39512
Most Závodu míru,49.97286,14.39494
Motol,50.06767,14.33652
Motol,50.06771,14.33568
Motol,50.06872,14.33522
Motol,50.0687,14.33542
Mototechna,50.05409,14.31544
Mototechna,50.05416,14.31718
"Mrač,Obec",49.83022,14.69041
Mrákovská,50.02784,14.30098
Mrákovská,50.02853,14.30222
Mratín,50.20337,14.55337
Mratín,50.20319,14.55358
"Mratín,Cukrovar",50.2077,14.55748
"Mratín,Cukrovar",50.20793,14.5576
Mrázovka,50.06833,14.39255
Mrázovka,50.0685,14.39249
Mrkosova,50.00736,14.38101
Mrkosova,50.00706,14.38077
Mrzky,50.0459,14.80946
Mrzky,50.04622,14.81038
"Mříčná,,křiž.",50.60073,15.46905
"Mříčná,,křiž.",50.60065,15.46878
Mšec,50.20631,13.90046
"Mšené-lázně,lázně",50.36419,14.13161
"Mšené-lázně,lázně",50.36425,14.13168
"Mšené-lázně,U Kapličky",50.36384,14.12332
"Mšené-lázně,U Kapličky",50.3639,14.12292
Mšeno,50.43836,14.63256
"Mšeno,Mělnická",50.43513,14.62822
"Mšeno,Mělnická",50.43514,14.62792
"Mšeno,Olešno",50.46954,14.61267
"Mšeno,Olešno",50.4696,14.61279
"Mšeno,Podolec",50.44125,14.63513
"Mšeno,Podolec",50.44107,14.63509
"Mšeno,Ráj",50.46389,14.61471
"Mšeno,Ráj",50.46399,14.61485
"Mšeno,Romanov",50.44925,14.62675
"Mšeno,Romanov",50.44925,14.62675
"Mšeno,Romanov,Na Rovinách",50.45198,14.62242
"Mšeno,Romanov,Na Rovinách",50.45198,14.62242
"Mšeno,Skramouš,rozc.",50.44891,14.65964
"Mšeno,Skramouš,rozc.",50.44886,14.6596
"Mšeno,škola",50.43713,14.6385
"Mšeno,škola",50.43718,14.63871
"Mšeno,Vojtěchov",50.46251,14.60176
"Mšeno,Vojtěchov",50.46251,14.60176
"Mšeno,žel.st.",50.43598,14.64041
Mukařov (PH),49.98945,14.74056
Mukařov (PH),49.9896,14.74031
Mukařov (PH),49.98946,14.74076
"Mukařov,Borovice (MB)",50.56355,14.93149
"Mukařov,odb.Tehovec (PH)",49.98841,14.73533
"Mukařov,odb.Tehovec (PH)",49.98939,14.73614
"Mukařov,Srbín (PH)",49.98246,14.73954
"Mukařov,Srbín (PH)",49.98262,14.73985
"Mukařov,škola (PH)",49.9923,14.74398
"Mukařov,škola (PH)",49.9921,14.74391
"Mukařov,Žernovka (PH)",50.00021,14.75808
"Mukařov,Žernovka (PH)",50.00034,14.75858
Murmanská,50.07307,14.48072
Murmanská,50.07378,14.47828
Můstek,50.08312,14.42497
Můstek,50.08394,14.42415
Můstek,50.08321,14.42279
Můstek,50.08361,14.42398
Mutějovice,50.19396,13.70807
"Mutějovice,Na Příči",50.19648,13.70957
Muzeum,50.07884,14.43246
Muzeum,50.07876,14.4325
Muzeum,50.08022,14.43127
Muzeum,50.0789,14.43255
Muzeum,50.07908,14.43201
Muzeum,50.07988,14.43133
Muzeum,50.08055,14.4316
Muzeum,50.07991,14.43059
Myslíkova,50.07817,14.41905
Myslíkova,50.07796,14.41795
Myšlínská,50.06219,14.53462
Myšlínská,50.06228,14.5347
Myšlínská,50.06202,14.53369
Myštice,49.45217,13.96889
Myštice,49.45221,13.96905
"Myštice,Nevželice",49.46316,13.96454
"Myštice,Nevželice",49.46323,13.96458
"Myštice,Vahlovice",49.44668,13.94289
"Myštice,Vahlovice",49.44646,13.9437
Na Beránku,49.99759,14.42868
Na Beránku,49.99783,14.42951
Na Blanici,50.03701,14.58323
Na Blanici,50.03677,14.58242
Na Bojišti,50.07286,14.42742
Na Boleslavce,50.1698,14.48397
Na Boleslavce,50.17017,14.48378
Na Cikorce,50.01214,14.41267
Na Fabiánce,50.16134,14.4836
Na Fabiánce,50.16087,14.48346
Na Formance,50.01656,14.53151
Na Formance,50.01677,14.52906
Na Groši,50.05297,14.52402
Na Groši,50.05291,14.52377
Na Groši,50.0528,14.52366
Na Groši,50.05305,14.52419
Na Havránce,50.00653,14.41018
Na Havránce,50.00645,14.40992
Na Homoli,50.07631,14.53041
Na Homoli,50.07614,14.53067
Na Homoli,50.07617,14.53021
Na Homoli,50.07649,14.53039
Na Hroudě,50.07051,14.4887
Na Hroudě,50.07,14.48927
Na Hřebenech,50.05182,14.42845
Na Hřebenech,50.05147,14.42806
Na Hůrce,50.07801,14.29203
Na Hůrce,50.07778,14.29272
Na Hvězdárně,50.0051,14.37502
Na Hvězdárně,50.00489,14.37541
Na Jelenách,50.02199,14.5
Na Jelenách,50.02229,14.50018
Na Knížecí,50.06852,14.4065
Na Knížecí,50.06747,14.40696
Na Knížecí,50.06874,14.40415
Na Knížecí,50.06887,14.40441
Na Knížecí,50.06861,14.40425
Na Knížecí,50.0692,14.40526
Na Košíku,50.04713,14.51497
Na Košíku,50.04708,14.51556
Na Kovárně,50.11782,14.62803
Na Kovárně,50.11803,14.62875
Na Křečku,50.04496,14.56705
Na Křečku,50.04465,14.56674
Na Lysinách,50.02231,14.41244
Na Lysinách,50.02232,14.41288
Na Míčánkách,50.07125,14.46484
Na Míčánkách,50.071,14.46346
Na Mlýnku,50.11193,14.37332
Na Mlýnku,50.11193,14.37357
Na Padesátém,50.06448,14.50502
Na Padesátém,50.06455,14.50535
Na Padesátníku,50.10222,14.28945
Na Padesátníku,50.10228,14.28925
Na Palouku,50.08033,14.48865
Na Palouku,50.08054,14.48853
Na Parcelách,50.1105,14.3356
Na Parcelách,50.11052,14.33497
Na Pazderce,50.12506,14.41751
Na Pazderce,50.12518,14.41827
Na Petynce,50.08862,14.38089
Na Petynce,50.08775,14.38181
Na pískách,50.09896,14.36969
Na pískách,50.09909,14.37035
Na Plácku,49.9659,14.39435
Na Plácku,49.96623,14.39453
Na Planině,50.03949,14.42957
Na Planině,50.03961,14.43091
Na Pramenech,50.14861,14.49704
Na Pramenech,50.14874,14.4973
Na Proutcích,50.01325,14.50278
Na Proutcích,50.01313,14.50265
Na Radosti,50.06052,14.29897
Na Santince,50.10702,14.38858
Na Santince,50.10687,14.38875
Na Sklonku,50.06687,14.36382
Na Sklonku,50.06687,14.36463
Na Slovance,50.12474,14.47257
Na Slovance,50.12348,14.47249
Na Smetance,50.07995,14.43765
Na Smetance,50.08005,14.43812
Na Srpečku,50.03798,14.39987
Na Srpečku,50.03785,14.40005
Na Staré cestě,50.03834,14.44199
Na Staré cestě,50.03877,14.4412
Na Strži,50.04352,14.4375
Na Strži,50.04326,14.43836
Na Strži,50.0432,14.43967
Na Strži,50.044,14.43921
Na Svěcence,50.10063,14.61184
Na Svěcence,50.10131,14.61173
Na Šabatce,49.98893,14.40873
Na Šabatce,49.9895,14.40922
Na Šafránce,50.0755,14.34748
Na Šafránce,50.07558,14.34672
Na Štamberku,50.14657,14.47863
Na Štamberku,50.14672,14.4818
Na Vaňhově,50.08009,14.62611
Na Vaňhově,50.0802,14.62721
Na Vartě,50.04545,14.55741
Na Vartě,50.04554,14.55758
Na Veselí,50.05624,14.44122
Na Veselí,50.05658,14.44142
Na Veselí,50.05455,14.43886
Na Veselí,50.05475,14.43901
Na Viničkách,49.98005,14.35218
Na Vrchách,50.03945,14.58767
Na Vrchách,50.0394,14.58788
Na Vrchách,50.03786,14.58847
Na Vrchách,50.03767,14.58791
Na Vrstevnici,50.03665,14.43533
Na Vrstevnici,50.03643,14.43648
Na Vypichu,50.08402,14.34021
Na Vypichu,50.08405,14.33989
Nábřeží Kapitána Jaroše,50.09632,14.4313
Načeradec,49.61074,14.90617
Načeradec,49.61058,14.90609
Načeradec,49.61022,14.90623
Načeradec,49.61003,14.90618
Načeradec,49.60992,14.9059
Načeradec,49.6099,14.90569
"Načeradec,Daměnice",49.58327,14.88747
"Načeradec,Daměnice",49.58324,14.88773
"Načeradec,Dolní Lhota",49.58048,14.96277
"Načeradec,Dolní Lhota",49.58062,14.96259
"Načeradec,Horní Lhota",49.59533,14.95162
"Načeradec,Horní Lhota",49.59538,14.95155
"Načeradec,Horní Lhota,u váhy",49.59462,14.95644
"Načeradec,Horní Lhota,u váhy",49.59476,14.95667
"Načeradec,Novotinky",49.58383,14.96945
"Načeradec,Novotinky",49.58381,14.96956
"Načeradec,Pravětice",49.59552,14.87696
"Načeradec,Pravětice",49.59552,14.87679
"Načeradec,rozc.Pravětice",49.60974,14.8966
"Načeradec,rozc.Pravětice",49.60978,14.89653
"Načeradec,u hřbitova",49.6125,14.90364
"Načeradec,u hřbitova",49.6125,14.90354
"Načeradec,Vračkovice",49.61337,14.92828
"Načeradec,Vračkovice",49.6133,14.92839
Nad Běchovicemi,50.0921,14.62328
Nad Běchovicemi,50.09263,14.62392
Nad Dívčími hrady,50.05463,14.39796
Nad Dvorem,50.00963,14.63347
Nad Dvorem,50.00982,14.6327
Nad Džbánem,50.09394,14.33672
Nad Džbánem,50.0941,14.3372
Nad Džbánem,50.09454,14.33903
Nad Džbánem,50.09404,14.33769
Nad Habrovkou,50.10938,14.34497
Nad Habrovkou,50.10878,14.3465
Nad Havlem,50.03408,14.44862
Nad Havlem,50.0341,14.44901
Nad Jetelkou,50.11525,14.49664
Nad Jetelkou,50.1153,14.49567
Nad Klamovkou,50.07272,14.37683
Nad Klamovkou,50.07265,14.37771
Nad Konvářkou,50.05381,14.39913
Nad Košíkem,50.04517,14.51925
Nad Košíkem,50.04485,14.51915
Nad Laurovou,50.06233,14.39619
Nad Laurovou,50.06244,14.39557
Nad Markétou,50.0842,14.34764
Nad Markétou,50.08283,14.34625
Nad Pahorkem,50.04286,14.48778
Nad Parkánem,50.01254,14.63147
Nad Parkánem,50.01257,14.6314
Nad Rybníkem,50.08731,14.58613
Nad Rybníky,50.0371,14.44748
Nad Rybníky,50.037,14.44755
Nad Trojou,50.12033,14.43888
Nad Trojou,50.12038,14.43979
Nad Závistí,49.98052,14.4042
Nad Zlíchovem,50.04527,14.40422
Nad Zlíchovem,50.04521,14.40471
Nadějkov,49.50285,14.47877
Nadějkov,49.50285,14.47889
"Nadějkov,Bezděkov",49.52919,14.47971
"Nadějkov,Bezděkov",49.52917,14.47981
"Nadějkov,Chlístov",49.53885,14.48445
"Nadějkov,Chlístov",49.53889,14.4845
"Nadějkov,Kaliště",49.52231,14.48059
"Nadějkov,Kaliště",49.52232,14.48067
"Nadějkov,Kaliště,rozc.1.0",49.51647,14.48566
"Nadějkov,Kaliště,rozc.1.0",49.51641,14.48587
"Nadějkov,Petříkovice",49.49575,14.4857
"Nadějkov,Petříkovice",49.49586,14.48567
Nademlejnská,50.10383,14.52417
Nademlejnská,50.1038,14.52506
Nádraží Běchovice střed,50.08442,14.61671
Nádraží Běchovice střed,50.08442,14.61671
Nádraží Běchovice,50.08102,14.5996
Nádraží Běchovice,50.08128,14.59818
Nádraží Braník,50.02925,14.40541
Nádraží Braník,50.02876,14.40472
Nádraží Braník,50.02913,14.406
Nádraží Braník,50.02912,14.40588
Nádraží Braník,50.02834,14.40605
Nádraží Braník,50.02807,14.40575
Nádraží Braník,50.02869,14.40706
Nádraží Braník,50.02876,14.40522
Nádraží Braník,50.02834,14.40605
Nádraží Cibulka,50.06558,14.363
Nádraží Cibulka,50.06548,14.36374
Nádraží Čakovice,50.14983,14.52039
Nádraží Čakovice,50.1508,14.52028
Nádraží Dolní Počernice,50.08699,14.57223
Nádraží Dolní Počernice,50.08728,14.57149
Nádraží Hlubočepy,50.04103,14.39378
Nádraží Hlubočepy,50.04152,14.39459
Nádraží Holešovice,50.10818,14.44
Nádraží Holešovice,50.10808,14.44087
Nádraží Holešovice,50.10844,14.44092
Nádraží Holešovice,50.10866,14.44087
Nádraží Holešovice,50.10967,14.43753
Nádraží Holešovice,50.10866,14.44087
Nádraží Holešovice,50.11,14.43774
Nádraží Holešovice,50.10929,14.43977
Nádraží Holešovice,50.10854,14.44037
Nádraží Holešovice,50.10881,14.43986
Nádraží Horní Měcholupy,50.04783,14.56508
Nádraží Horní Měcholupy,50.04817,14.56472
Nádraží Horní Měcholupy,50.04932,14.56496
Nádraží Horní Měcholupy,50.04932,14.56472
Nádraží Horní Počernice,50.11534,14.6136
Nádraží Horní Počernice,50.11538,14.61233
Nádraží Hostivař,50.05334,14.53658
Nádraží Hostivař,50.05331,14.53663
Nádraží Hostivař,50.05311,14.53508
Nádraží Hostivař,50.05311,14.53508
Nádraží Hostivař,50.05351,14.53621
Nádraží Hostivař,50.05297,14.53705
Nádraží Hostivař,50.05344,14.53624
Nádraží Hostivař,50.05324,14.53744
Nádraží Klánovice,50.08675,14.66489
Nádraží Klánovice,50.08657,14.66477
Nádraží Klánovice-sever,50.08776,14.66548
Nádraží Klánovice-sever,50.08792,14.66555
Nádraží Krč,50.03548,14.44358
Nádraží Krč,50.03469,14.44389
Nádraží Kyje,50.09736,14.54294
Nádraží Kyje,50.09748,14.54253
Nádraží Libeň,50.10211,14.50219
Nádraží Libeň,50.102,14.50246
Nádraží Libeň,50.10155,14.50323
Nádraží Libeň,50.10117,14.50256
Nádraží Modřany,50.00458,14.40331
Nádraží Modřany,50.00394,14.40337
Nádraží Modřany,50.00402,14.40366
Nádraží Modřany,50.00416,14.40375
Nádraží Modřany,50.00233,14.4028
Nádraží Podbaba,50.11233,14.39416
Nádraží Podbaba,50.11119,14.39409
Nádraží Podbaba,50.11193,14.39412
Nádraží Radotín,49.98563,14.36453
Nádraží Radotín,49.98415,14.36223
Nádraží Radotín,49.984,14.36202
Nádraží Radotín,49.98487,14.36365
Nádraží Radotín,49.98445,14.36322
Nádraží Radotín,49.98443,14.36313
Nádraží Ruzyně,50.08562,14.30842
Nádraží Ruzyně,50.0854,14.30825
Nádraží Řeporyje,50.03178,14.30918
Nádraží Řeporyje,50.03187,14.30998
Nádraží Satalice,50.12386,14.57133
Nádraží Uhříněves,50.03382,14.59216
Nádraží Uhříněves,50.03325,14.59304
Nádraží Veleslavín,50.09543,14.34712
Nádraží Veleslavín,50.09544,14.34677
Nádraží Veleslavín,50.09539,14.34639
Nádraží Veleslavín,50.096283,14.34705
Nádraží Veleslavín,50.09598,14.34834
Nádraží Veleslavín,50.09572,14.34608
Nádraží Veleslavín,50.09616,14.34887
Nádraží Veleslavín,50.09557,14.34779
Nádraží Veleslavín,50.09561,14.34674
Nádraží Velká Chuchle,50.01145,14.3891
Nádraží Velká Chuchle,50.0114,14.38918
Nádraží Vršovice,50.06611,14.44758
Nádraží Vršovice,50.06599,14.44846
Nádraží Vršovice,50.06523,14.44735
Nádraží Vršovice,50.06507,14.44796
Nádraží Vysočany,50.11013,14.49909
Nádraží Vysočany,50.11013,14.49909
Nádraží Zahradní Město,50.06227,14.50435
Nádraží Zahradní Město,50.06172,14.5039
Nádraží Zbraslav,49.97287,14.40012
Nádraží Žvahov - Prosluněná,50.0449,14.40226
Nádraží Žvahov - V násypu,50.04467,14.40263
Nákladové nádraží Žižkov,50.08497,14.47043
Nákladové nádraží Žižkov,50.08563,14.47027
Nákladové nádraží Žižkov,50.08414,14.46907
Nákladové nádraží Žižkov,50.08419,14.46983
Nalžovice,49.69994,14.37198
Nalžovice,49.70009,14.37201
"Nalžovice,Chlum",49.69753,14.37847
"Nalžovice,Chlum",49.69768,14.37859
Náměstí Bratří Synků,50.06451,14.44057
Náměstí Bratří Synků,50.06412,14.4412
Náměstí Bratří Synků,50.06464,14.44068
Náměstí Bratří Synků,50.06484,14.44127
Náměstí Bratří Synků,50.06461,14.44142
Náměstí Jiřího Berana,50.15094,14.52673
Náměstí Jiřího Berana,50.15005,14.52647
Náměstí Míru,50.07501,14.436
Náměstí Míru,50.07492,14.43689
Náměstí Míru,50.07475,14.43794
Náměstí Míru,50.07523,14.44048
Náměstí Míru,50.0754,14.43908
Náměstí Olgy Scheinpflugové,50.03044,14.36209
Náměstí Olgy Scheinpflugové,50.02999,14.36143
Náměstí Před Bateriemi,50.09094,14.37357
Náměstí Před Bateriemi,50.09109,14.37504
Náměstí Republiky,50.08878,14.43002
Náměstí Republiky,50.08854,14.42926
Náměstí Republiky,50.08868,14.42992
Náměstí Republiky,50.08897,14.43128
Náměstí U Lva,50.03542,14.3158
Náměstí U Lva,50.03519,14.31555
Náměstí Winstona Churchilla,50.08413,14.44037
Náměstí Winstona Churchilla,50.0839,14.4404
Náměstí Winstona Churchilla,50.08427,14.44181
Národní divadlo,50.08141,14.41489
Národní divadlo,50.08145,14.41372
Národní divadlo,50.08039,14.41356
Národní divadlo,50.08245,14.41317
Národní technická knihovna,50.10349,14.3909
Národní technická knihovna,50.10294,14.39032
Národní třída,50.08116,14.41959
Národní třída,50.08169,14.4195
Národní třída,50.07929,14.42015
Národní třída,50.08021,14.42044
Nárožní,50.05348,14.3298
Nárožní,50.05336,14.33024
"Narysov,Na Výfuku",49.6482,13.97036
"Narysov,Na Výfuku",49.64869,13.97051
"Narysov,rozc.Vysoká",49.64394,13.97007
"Narysov,rozc.Vysoká",49.64413,13.9701
Naskové,50.06336,14.36087
Naskové,50.0634,14.3602
Návětrná,50.02294,14.3586
Navigátorů,50.09349,14.30474
Navigátorů,50.09335,14.30385
Navigátorů,50.09363,14.30294
Navigátorů,50.09327,14.30503
"Nebovidy,Hluboký Důl",50.00238,15.2231
"Nebovidy,Hluboký Důl",50.00283,15.22301
"Nebovidy,hřbitov",49.98279,15.21413
"Nebovidy,hřbitov",49.98283,15.2142
"Nebovidy,ObÚ",49.99143,15.21914
"Nebovidy,ObÚ",49.99137,15.21989
Nebozízek LD,50.08225,14.39916
Nebozízek LD,50.08226,14.39926
Nebužely,50.38983,14.59141
Nebužely,50.39027,14.59145
"Nebužely,Kroužek",50.40428,14.5677
"Nebužely,Kroužek",50.40425,14.56762
"Nebužely,u hřbitova",50.39143,14.59935
"Nebužely,u hřbitova",50.39143,14.59935
Nečín,49.69831,14.23352
Nečín,49.69825,14.23342
"Nečín,Bělohrad",49.7076,14.19965
"Nečín,Bělohrad",49.70761,14.19976
"Nečín,Jablonce",49.68459,14.2234
"Nečín,Jablonce",49.6846,14.22333
"Nečín,Skalice",49.71745,14.19002
"Nečín,Skalice",49.71758,14.1898
Nečtiny,49.9757,13.16437
Nečtiny,49.97535,13.16465
"Nečtiny,Doubravice,rozc.",49.98109,13.16796
"Nečtiny,Doubravice,rozc.",49.98108,13.16811
"Nečtiny,Hamr",49.98777,13.1834
"Nečtiny,Hamr",49.98773,13.18345
"Nečtiny,Hrad Nečtiny",49.95711,13.15627
"Nečtiny,Lešovice,rozc.0.3",49.99116,13.19079
"Nečtiny,Lešovice,rozc.0.3",49.99115,13.19095
"Nedrahovice,Lipský mlýn",49.62332,14.45008
"Nedrahovice,Lipský mlýn",49.62341,14.45011
"Nedrahovice,rozc.",49.61607,14.45926
"Nedrahovice,rozc.",49.61619,14.45907
"Nedrahovice,Rudolec",49.63001,14.43992
"Nedrahovice,Rudolec",49.63003,14.44
Nedvězí,50.0168,14.65552
Nedvězí,50.0167,14.65552
Nehvizdy,50.1308,14.73019
Nehvizdy,50.13073,14.73106
"Nehvizdy,Mochovská",50.13326,14.74369
"Nehvizdy,Mochovská",50.13336,14.74421
"Nehvizdy,Na Bulánce",50.12909,14.71778
"Nehvizdy,Na Bulánce",50.1295,14.71969
"Nehvizdy,Nehvízdky",50.14027,14.74426
"Nehvizdy,Nehvízdky",50.14029,14.7444
"Nehvizdy,Škola",50.13187,14.72549
"Nehvizdy,U Studánky",50.13234,14.73773
"Nehvizdy,U Studánky",50.13246,14.73776
Nechvalice,49.5753,14.39723
Nechvalice,49.57535,14.39735
"Nechvalice,Bratřejov",49.57555,14.3756
"Nechvalice,Bratřejov",49.57543,14.37566
"Nechvalice,Bratříkovice,rozc.",49.57221,14.39191
"Nechvalice,Křemenice,rozc.",49.58226,14.40382
"Nechvalice,Křemenice,rozc.",49.58224,14.40393
"Nechvalice,Libčice",49.57333,14.40193
"Nechvalice,Libčice",49.57314,14.40202
Nelahozeves,50.26083,14.29902
Nelahozeves,50.26173,14.3012
"Nelahozeves,Lešany",50.25618,14.2853
"Nelahozeves,Lešany,Rozc.",50.25682,14.29698
"Nelahozeves,Lešany,Rozc.",50.25686,14.29657
"Nelahozeves,Tukové záv.",50.27591,14.30949
"Nelahozeves,Tukové záv.",50.27588,14.30957
"Nelahozeves,U Kaštanu",50.2809,14.31477
"Nelahozeves,U Kaštanu",50.28119,14.31488
"Nelahozeves,U Nadjezdu",50.26713,14.30282
"Nelahozeves,U Nadjezdu",50.26674,14.30299
Němčice (MB),50.3466,14.92481
Němčice (NB),50.08421,15.29416
Němčice (NB),50.08422,15.29401
"Němčice,hl.sil. (MB)",50.34634,14.91654
"Němčice,hl.sil. (MB)",50.34622,14.91644
Nemocnice Bohnice - centrální terapie,50.13732,14.42362
Nemocnice Bohnice - Divadlo Za plotem,50.13422,14.41908
Nemocnice Bohnice - hlavní vrátnice,50.13615,14.42907
Nemocnice Bohnice - hlavní vrátnice,50.13559,14.42842
Nemocnice Bohnice - interna,50.13609,14.4212
Nemocnice Bohnice - ředitelství,50.13401,14.42356
Nemocnice Bohnice,50.13766,14.41809
Nemocnice Bubeneč,50.10777,14.40163
Nemocnice Bubeneč,50.10773,14.40212
Nemocnice Bulovka - gynekologie,50.1161,14.46012
Nemocnice Bulovka - onkologie,50.11692,14.46277
Nemocnice Bulovka,50.11568,14.46395
Nemocnice Krč,50.03038,14.45488
Nemocnice Krč,50.02997,14.45487
Nemocnice Krč,50.03127,14.4552
Nemocnice Krč,50.03082,14.45512
Nemocnice Krč,50.03078,14.45488
Nemocnice Krč,50.03038,14.45515
Nemocnice Krč,50.0306,14.45615
Nemocnice Motol,50.07475,14.34045
Nemocnice Motol,50.07413,14.33908
Nemocnice Motol,50.07521,14.34136
Nemocnice Motol,50.07555,14.34218
Nemocnice Motol,50.07522,14.34087
Nemocnice Na Františku,50.09286,14.42508
Nemocnice Na Františku,50.09317,14.42303
Nemocnice Na Homolce,50.07565,14.35458
Nemocnice Na Homolce,50.0757,14.35427
Nemocnice pod Petřínem,50.08688,14.39635
Nemocnice Vinohrady,50.07662,14.4755
Nemocnice Vinohrady,50.07679,14.47554
Nenačovice,50.01846,14.14212
"Nenačovice,Měchurka",50.01138,14.14771
"Nenačovice,Měchurka",50.01105,14.14802
Nepasické náměstí,50.10377,14.65877
Neprobylice,50.26318,14.02797
Neprobylice,50.26325,14.0281
"Nepřevázka,hl.sil.",50.36969,14.90396
"Nepřevázka,hl.sil.",50.37043,14.90334
"Nepřevázka,křižovatka",50.37145,14.90796
"Nepřevázka,křižovatka",50.3716,14.9079
"Neratovice,,nám.Republiky",50.2598,14.51696
"Neratovice,,nám.Republiky",50.25883,14.51768
"Neratovice,,žel.st.",50.26204,14.51715
"Neratovice,Byškovice",50.25407,14.4947
"Neratovice,Byškovice",50.2544,14.49498
"Neratovice,Byškovická",50.25563,14.49688
"Neratovice,Byškovická",50.25561,14.49649
"Neratovice,Dům kultury",50.25872,14.51513
"Neratovice,Dům kultury",50.25909,14.51409
"Neratovice,III.ZŠ",50.25477,14.51211
"Neratovice,III.ZŠ",50.25464,14.51189
"Neratovice,Kojetická",50.25322,14.51991
"Neratovice,Kojetická",50.25256,14.51936
"Neratovice,Korycany",50.25418,14.45177
"Neratovice,Korycany",50.25442,14.45198
"Neratovice,Lobkovice,Hřbitov",50.25033,14.53165
"Neratovice,Lobkovice,Hřbitov",50.25035,14.53173
"Neratovice,Sídliště",50.25672,14.50779
"Neratovice,Sídliště",50.25639,14.50761
"Neratovice,U Vojtěcha",50.26136,14.50735
"Neratovice,U Vojtěcha",50.2612,14.50753
Nespeky,49.85842,14.66026
Nespeky,49.85857,14.66049
"Nespeky,Městečko",49.85135,14.67543
"Nespeky,Městečko",49.85123,14.67527
"Nespeky,Rozc.Pyšely",49.86538,14.65667
"Nespeky,Rozc.Pyšely",49.86543,14.65677
Nesuchyně,50.17876,13.68668
Nesvačily,49.88071,14.12472
Netluky,50.04135,14.61332
Netluky,50.04083,14.61295
"Netvořice,Dunávice",49.81141,14.54545
"Netvořice,Dunávice",49.81151,14.54519
"Netvořice,Lhota,Rozc.",49.81276,14.48787
"Netvořice,Lhota,Rozc.",49.81278,14.48779
"Netvořice,Pošta",49.81695,14.51763
"Netvořice,Pošta",49.81714,14.51727
"Netvořice,Pošta",49.81656,14.51827
"Netvořice,Pošta",49.81655,14.51804
"Netvořice,Radějovice,Rozc.",49.79071,14.5061
"Netvořice,Radějovice,Rozc.",49.79051,14.50597
"Netvořice,Rozc.Břežany",49.81825,14.5239
"Netvořice,Škola",49.81756,14.52122
"Netvořice,Tuchyně,Rozc.",49.80451,14.50021
"Netvořice,Tuchyně,Rozc.",49.80471,14.50026
"Netvořice,U Vrby",49.82367,14.5251
"Netvořice,U Vrby",49.82368,14.52483
"Netvořice,Vojtěchov",49.82156,14.53383
"Netvořice,Vojtěchov",49.82134,14.53382
"Netvořice,Všetice",49.78927,14.51339
"Netvořice,Všetice",49.78901,14.51333
"Neuměřice,přijímací stanice",50.25917,14.22168
"Neuměřice,přijímací stanice",50.25918,14.22161
"Neuměřice,rozcestí",50.24392,14.21463
"Neuměřice,rozcestí",50.24398,14.21464
"Neumětely,žel.zast.",49.85026,14.01219
"Neumětely,žel.zast.",49.85021,14.01214
Nevanova,50.06606,14.31152
Nevanova,50.06631,14.31117
Neveklov,49.75304,14.53384
Neveklov,49.7529,14.53382
"Neveklov,Bělice",49.76625,14.47354
"Neveklov,Bělice",49.76618,14.47194
"Neveklov,Bělice,Rozc.",49.76292,14.47726
"Neveklov,Bělice,Rozc.",49.76276,14.4772
"Neveklov,Blažim",49.76209,14.45361
"Neveklov,Blažim",49.76199,14.45337
"Neveklov,Blažim,Rozc.Chlum",49.76184,14.46002
"Neveklov,Blažim,Rozc.Chlum",49.76164,14.46015
"Neveklov,Borovka",49.77531,14.52685
"Neveklov,Borovka",49.77549,14.52615
"Neveklov,Dalešice,Rozc.",49.79202,14.4878
"Neveklov,Dalešice,Rozc.",49.79202,14.4878
"Neveklov,Doloplazy,Rozc.",49.75368,14.58326
"Neveklov,Doloplazy,Rozc.",49.75352,14.58279
"Neveklov,Chvojínek,Rozc.",49.76308,14.56296
"Neveklov,Chvojínek,Rozc.",49.76289,14.56314
"Neveklov,Jablonka",49.77834,14.46479
"Neveklov,Jablonka",49.7784,14.46491
"Neveklov,Jablonka",49.77754,14.46442
"Neveklov,Jablonka",49.77761,14.46412
"Neveklov,Jablonná",49.78007,14.45106
"Neveklov,Jablonná",49.78001,14.45092
"Neveklov,Kelce",49.77332,14.46817
"Neveklov,Kelce",49.77319,14.46796
"Neveklov,Nebřich",49.76965,14.42822
"Neveklov,Neštětice,Rozc.",49.76511,14.57542
"Neveklov,Neštětice,Rozc.",49.76501,14.57575
"Neveklov,Přibyšice",49.77139,14.59934
"Neveklov,Přibyšice",49.77074,14.59954
"Neveklov,Rozc.Černíkovice",49.76806,14.58258
"Neveklov,Rozc.Černíkovice",49.76796,14.58282
"Neveklov,Rozc.Nouze",49.76136,14.48801
"Neveklov,Rozc.Nouze",49.76135,14.4882
"Neveklov,Rozc.Prchovka",49.78142,14.52372
"Neveklov,Rozc.Prchovka",49.78148,14.52323
"Neveklov,Spolí",49.74584,14.51755
"Neveklov,Spolí",49.74578,14.5178
"Neveklov,Tloskov",49.76004,14.52781
"Neveklov,Tloskov",49.76004,14.52755
"Neveklov,Tloskov,SÚS",49.7647,14.52599
"Neveklov,Tloskov,SÚS",49.76464,14.5257
"Neveklov,Zádolí,Rozc.",49.73694,14.50778
"Neveklov,Zádolí,Rozc.",49.73681,14.50791
"Neveklov,Zavadilka",49.73992,14.53533
"Neveklov,Zavadilka",49.73991,14.5356
Neveklovice,50.57156,14.94862
Neveklovice,50.57153,14.9485
Newtonova,50.03199,14.54769
Newtonova,50.0317,14.54806
Nezabudice,50.01241,13.8201
"Nezabudice,přívoz",50.01348,13.82923
"Nezabudice,přívoz",50.01333,13.82952
"Nezabudice,U Rozvědčíka",50.00484,13.82006
"Nezabudice,U Rozvědčíka",50.0049,13.82122
"Nižbor,odb.žel.st.",50.00233,14.00321
"Nižbor,odb.žel.st.",50.0028,14.00259
"Nižbor,Stradonice,lávka",49.99529,14.0255
"Nižbor,Stradonice,lávka",49.99517,14.02553
"Nižbor,Šnárová",50.01011,14.00108
"Nižbor,Šnárová",50.00999,14.00103
"Nižbor,u lípy",50.00074,14.00234
"Nižbor,u lípy",50.00086,14.00254
Norbertov,50.09119,14.3777
Norbertov,50.0911,14.37778
Nosálov,50.47303,14.67193
Nosálov,50.47327,14.67189
"Nosálov,Libovice",50.47241,14.65313
Nová kolonie,50.05062,14.32705
Nová kolonie,50.05067,14.32892
Nová Šárka,50.09306,14.31469
Nová Šárka,50.09285,14.31477
Nová Ves (ME),50.31285,14.3097
Nová Ves (ME),50.31291,14.30978
Nová Ves (ME),50.31302,14.30981
Nová Ves p.Pleší,49.83104,14.27521
Nová Ves p.Pleší,49.83136,14.27511
"Nová Ves p.Pleší,Nemocnice",49.83402,14.28385
"Nová Ves p.Pleší,Nemocnice",49.83419,14.2836
"Nová Ves p.Pleší,Rozcestí k Nemocnici",49.83757,14.27795
"Nová Ves p.Pleší,Rozcestí k Nemocnici",49.83754,14.27782
"Nová Ves p.Pleší,Včelník",49.84404,14.2792
"Nová Ves p.Pleší,Včelník",49.8443,14.27946
Nová Ves,50.21914,14.53422
Nová Ves,50.21878,14.53382
"Nová Ves,Miřejovice,Most (ME)",50.28135,14.3159
"Nová Ves,Miřejovice,Most (ME)",50.28094,14.3159
"Nová Ves,Nové Ouholice (ME)",50.30281,14.31685
"Nová Ves,Nové Ouholice (ME)",50.3027,14.31653
"Nová Ves,Rozc. (ME)",50.30875,14.31428
"Nová Ves,Rozc. (ME)",50.30868,14.3145
Nové Butovice,50.05114,14.35325
Nové Butovice,50.05074,14.35333
Nové Butovice,50.05074,14.35333
Nové Butovice,50.05053,14.35146
Nové Butovice,50.05136,14.35153
Nové Butovice,50.05083,14.35145
Nové Butovice,50.05085,14.35285
Nové Dvory (KH),49.97041,15.32389
Nové Dvory (KH),49.97056,15.32395
Nové Dvory,50.0173,14.44932
Nové Dvory,50.01753,14.44763
Nové Dvory,50.01746,14.44666
"Nové Dvory,Nová Hospoda (PB)",49.79978,14.3644
"Nové Dvory,Nová Hospoda (PB)",49.80003,14.36491
"Nové Dvory,Ovčáry (KH)",49.96291,15.33174
"Nové Dvory,Ovčáry (KH)",49.96326,15.33175
"Nové Dvory,Porostliny (PB)",49.80936,14.37201
"Nové Dvory,Porostliny (PB)",49.80933,14.3721
"Nové Dvory,zdrav.stř. (KH)",49.96733,15.32868
"Nové Dvory,zdrav.stř. (KH)",49.96772,15.32852
Nové Komořany,49.99235,14.41943
Nové Komořany,49.99254,14.41993
Nové náměstí,50.0311,14.59935
Nové náměstí,50.03214,14.59813
Nové náměstí,50.03255,14.59728
Nové náměstí,50.03093,14.59726
Nové Petrovice,50.03996,14.55459
Nové Petrovice,50.04014,14.5546
Nové Pitkovice,50.0172,14.58531
Nové Pitkovice,50.01721,14.58456
Nové Podolí,50.04347,14.42873
Nové Podolí,50.04349,14.43062
"Nové Strašecí,Karlovarská",50.15755,13.89646
"Nové Strašecí,Karlovarská",50.15791,13.89593
"Nové Strašecí,Palackého",50.15245,13.8995
"Nové Strašecí,Palackého",50.15263,13.89882
"Nové Strašecí,poliklinika",50.14922,13.90421
"Nové Strašecí,poliklinika",50.14938,13.90438
"Nové Strašecí,rozc.Třtice",50.16562,13.8777
"Nové Strašecí,rozc.Třtice",50.16591,13.87641
Nové Strašnice,50.07788,14.51065
Nové Strašnice,50.07782,14.51135
Nové Strašnice,50.07787,14.50882
Nové Strašnice,50.07774,14.51099
Novodvorská,50.02302,14.43962
Novodvorská,50.02334,14.43956
Novodvorská,50.0238,14.44096
Novodvorská,50.02387,14.44133
Novodvorská,50.02252,14.4411
Novochuchelská,50.00913,14.38473
Novochuchelská,50.00904,14.38488
Novoměstská radnice,50.07746,14.41952
Novoštěrboholská,50.07451,14.56153
Novoštěrboholská,50.07434,14.56071
Novovysočanská,50.10026,14.49143
Novovysočanská,50.10043,14.49162
Novozámecká,50.08928,14.56978
Novozámecká,50.08939,14.56975
"Nový Bor,aut.nádr.",50.7635,14.54941
"Nový Bor,nám.Míru",50.7595,14.55638
"Nový Bor,nám.Míru",50.75931,14.55613
"Nový Bor,Pihel,pošta",50.73108,14.54672
"Nový Bor,Pihel,pošta",50.73124,14.5465
"Nový Bor,T.G.Masaryka",50.75441,14.55316
"Nový Bor,T.G.Masaryka",50.75532,14.55373
Nový Dům,50.08946,13.82909
Nový Dům,50.08941,13.82913
"Nový Dům,Doupno",50.08803,13.82128
"Nový Dům,Doupno",50.08797,13.82126
"Nový Dům,háj.",50.08657,13.81165
"Nový Dům,háj.",50.08645,13.81172
Nový Hloubětín,50.10986,14.52819
Nový Hloubětín,50.10929,14.52808
Nový Hloubětín,50.10898,14.53129
Nový Hloubětín,50.11082,14.53137
Nový Jáchymov,49.9808,13.94307
Nový Jáchymov,49.98075,13.94319
"Nový Jáchymov,háj.",49.97706,13.92442
"Nový Jáchymov,háj.",49.97707,13.92406
"Nový Jáchymov,sídl.",49.98094,13.94837
"Nový Jáchymov,sídl.",49.98104,13.94837
Nový Knín,49.78837,14.29336
Nový Knín,49.78824,14.29321
"Nový Knín,ELKO",49.78886,14.29071
"Nový Knín,ELKO",49.78878,14.29078
"Nový Knín,Sokolovna",49.79243,14.29077
"Nový Knín,Sokolovna",49.79261,14.29042
"Nový Knín,Sudovice",49.78676,14.30754
"Nový Knín,Sudovice",49.78669,14.30779
Nový Prosek,50.12095,14.50397
Nový Prosek,50.12127,14.50412
Nový Slivenec,50.02655,14.37314
Nový Slivenec,50.02637,14.37389
Nový Střížkov,50.11854,14.48395
Nový Střížkov,50.1185,14.48388
Nový Vestec,50.18369,14.72008
Nový Vestec,50.1837,14.72039
"Nový Vestec,Na Pískách",50.18478,14.71544
"Nový Vestec,Na Pískách",50.18516,14.71411
"Nový Vestec,U Mostu",50.18418,14.7295
"Nový Vestec,U Mostu",50.18371,14.72802
Nučice (PH),49.95497,14.88455
Nučice (PH),49.9551,14.88457
"Nučice,Bytovky (PZ)",50.01998,14.23559
"Nučice,Bytovky (PZ)",50.01992,14.23602
"Nučice,Na Kladívku (PH)",49.95879,14.88277
"Nučice,Na Kladívku (PH)",49.95826,14.88295
"Nučice,Nádraží (PZ)",50.02422,14.22477
"Nučice,Nádraží (PZ)",50.02422,14.22472
"Nučice,Pod Vinicí (PZ)",50.02017,14.23047
"Nučice,Pod Vinicí (PZ)",50.02028,14.23095
"Nučice,Prokopská náves (PZ)",50.01682,14.232
"Nučice,Prokopská náves (PZ)",50.0168,14.23209
"Nučice,Rozc.Krahulov (PZ)",50.00908,14.19592
"Nučice,Rozc.Krahulov (PZ)",50.009,14.19597
"Nučice,Žel.zast. (PZ)",50.01429,14.21328
"Nučice,Žel.zast. (PZ)",50.01431,14.21332
Nupaky,49.99457,14.60262
Nupaky,49.99474,14.60269
"Nupaky,hotel",49.9941,14.59848
"Nupaky,hotel",49.9938,14.59737
"Nupaky,školka",49.99211,14.60636
"Nupaky,školka",49.99236,14.60615
Nuselská radnice,50.06287,14.44238
Nuselská radnice,50.06286,14.4408
Nuselské schody,50.06831,14.43533
Nuselské schody,50.06823,14.43575
Nušlova,50.05492,14.34552
Nušlova,50.05467,14.34688
"Nymburk,Diskont Potraviny",50.17894,15.04432
"Nymburk,Diskont Potraviny",50.17897,15.04379
"Nymburk,F.Schulze",50.19347,15.03509
"Nymburk,Havlíčkova kostel",50.18876,15.04081
"Nymburk,Havlíčkova VZP",50.18996,15.04055
"Nymburk,Havlíčkova VZP",50.18991,15.04043
"Nymburk,hl.nádr.",50.19308,15.04501
"Nymburk,hl.nádr.",50.19305,15.04512
"Nymburk,hl.nádr.",50.19303,15.04522
"Nymburk,hl.nádr.",50.193,15.04536
"Nymburk,hl.nádr.",50.19312,15.04522
"Nymburk,Jičínská",50.18858,15.03421
"Nymburk,Katastrální úřad",50.18945,15.04428
"Nymburk,Lada dvůr",50.16327,15.02184
"Nymburk,Lada dvůr",50.16342,15.02184
"Nymburk,Lada Zátiší",50.17008,15.02689
"Nymburk,Lada Zátiší",50.17001,15.02672
"Nymburk,lokomotivní depo",50.18842,15.06271
"Nymburk,lokomotivní depo",50.18867,15.06273
"Nymburk,Nám.",50.18554,15.04168
"Nymburk,Nám.",50.18486,15.03998
"Nymburk,Nemocnice",50.18813,15.03767
"Nymburk,Pražská",50.17789,15.03916
"Nymburk,Pražská",50.17795,15.0387
"Nymburk,průmyslová zóna sever",50.19941,15.03795
"Nymburk,průmyslová zóna sever",50.19907,15.03782
"Nymburk,V Kolonii",50.19281,15.03901
"Nymburk,V Kolonii",50.19292,15.03887
"Nymburk,Všechlapský vrch",50.20798,15.03426
"Nymburk,Všechlapský vrch",50.20747,15.03428
"Nymburk,Zálabí PVT",50.18066,15.04465
"Nymburk,Zálabí PVT",50.18067,15.04464
Nymburská,50.12686,14.55816
Nymburská,50.12663,14.55881
Nýrská,49.9773,14.33251
Občov,49.71283,14.06602
Občov,49.71275,14.06628
"Občov,U Lesa",49.71088,14.05977
"Občov,U Lesa",49.71091,14.06024
Obecnice,49.71614,13.94808
Obecnice,49.71629,13.94766
Obecnice,49.71583,13.94698
Obecnice,49.71602,13.94722
"Obecnice,důl",49.7126,13.96516
"Obecnice,důl",49.71275,13.96521
"Obecnice,Oseč",49.70396,13.95876
"Obecnice,Oseč",49.70415,13.95904
"Obecnice,Oseč,háj.",49.70319,13.94855
"Obecnice,Oseč,háj.",49.70333,13.94844
"Obecnice,U Dušků",49.71293,13.9456
"Obecnice,U Dušků",49.71288,13.94575
"Obecnice,U Hlinovky",49.70969,13.94345
"Obecnice,U Hlinovky",49.70959,13.94363
Obchodní centrum Čakovice,50.14965,14.50765
Obchodní centrum Čakovice,50.14984,14.50814
Obchodní centrum Čakovice,50.15042,14.50888
Obchodní centrum Černý Most,50.10814,14.58725
Obchodní centrum Černý Most,50.10832,14.58753
Obchodní centrum Hostivař,50.05385,14.51917
Obchodní centrum Hostivař,50.05387,14.51892
Obchodní centrum Hostivař,50.05383,14.51945
Obchodní centrum Hostivař,50.05348,14.51954
Obchodní centrum Chuchle,50.01821,14.39221
Obchodní centrum Ruzyně,50.09328,14.2923
Obchodní centrum Ruzyně,50.09283,14.29222
Obchodní centrum Sárská,50.05378,14.29731
Obchodní centrum Sárská,50.0537,14.29709
Obchodní centrum Štěrboholy,50.07224,14.543
Obchodní centrum Štěrboholy,50.0721,14.54248
Obchodní centrum Zličín,50.04955,14.29667
Obchodní centrum Zličín,50.05042,14.29783
Obchodní náměstí,50.0046,14.40451
Obchodní náměstí,50.00486,14.40473
Obora Hvězda,50.07812,14.34099
Obora Hvězda,50.07796,14.33994
Obora Hvězda,50.07832,14.34119
Obora Hvězda,50.0784,14.34259
Obora Hvězda,50.0783,14.34222
Obory,49.68139,14.21745
Obory,49.68128,14.21731
Obory,49.68129,14.21899
Obory,49.68133,14.21865
"Obory,čerpací stanice",49.683,14.20965
"Obory,čerpací stanice",49.68273,14.20997
"Obory,Pánkovka",49.69198,14.19241
"Obory,Pánkovka",49.69183,14.19253
"Obory,samoty",49.67867,14.2335
"Obory,samoty",49.67871,14.23304
Obořiště,49.74234,14.15153
Obořiště,49.74248,14.15175
"Obořiště,Lhotka",49.7552,14.15832
"Obořiště,Lhotka",49.75609,14.15912
"Obořiště,Vyšehrad",49.73766,14.15067
"Obořiště,Vyšehrad",49.73777,14.15092
"Obrubce,hl.sil.",50.44504,15.06716
"Obrubce,hl.sil.",50.44498,15.06668
"Obruby,Na Místech",50.4559,15.08664
"Obruby,Na Místech",50.45584,15.08661
"Obruby,U Holubičků",50.46004,15.0821
"Obruby,U Holubičků",50.46002,15.08192
Obříství,50.29528,14.47768
Obříství,50.29534,14.47754
"Obříství,Dušníky",50.29725,14.469
"Obříství,Dušníky",50.29717,14.46883
"Obříství,Štěpánský most",50.28957,14.49468
"Obříství,Štěpánský most",50.28986,14.49435
"Obříství,Štěpánský most",50.28802,14.49565
"Obříství,Štěpánský most",50.28783,14.49543
Observatoř Libuš,50.00653,14.44688
Observatoř Libuš,50.00639,14.4473
OC Stromovka,50.10195,14.42926
Ocelářská,50.10365,14.48807
Ocelářská,50.10344,14.48877
Očihov,50.19825,13.46115
Očihov,50.1981,13.4613
"Očihov,Očihovec",50.19057,13.47068
"Očihov,Očihovec",50.19039,13.47065
Oderská,50.14676,14.53068
Oderská,50.14709,14.52983
Odlehlá,50.0982,14.48153
Odlehlá,50.09863,14.48213
"Odolena Voda,Dolínek",50.22568,14.42157
"Odolena Voda,Dolínek",50.22562,14.42174
"Odolena Voda,Dolínek,Vodolská",50.22782,14.42114
"Odolena Voda,Dolní náměstí",50.23331,14.41124
"Odolena Voda,Dolní náměstí",50.23307,14.41125
"Odolena Voda,Ke Stadionu",50.22619,14.41037
"Odolena Voda,Ke Stadionu",50.22602,14.41013
"Odolena Voda,Komenského",50.22861,14.41472
"Odolena Voda,Komenského",50.22863,14.41162
"Odolena Voda,Závod",50.22125,14.40815
"Odolena Voda,Závod",50.22014,14.4083
"Odolena Voda,Závod",50.22007,14.40827
Odra,50.13094,14.42468
Odra,50.13078,14.42363
Odřepsy,50.14569,15.1895
Odřepsy,50.14584,15.18939
Ohaře,50.09786,15.29491
Ohaře,50.09779,15.29474
Ohařice,50.45423,15.25924
Ohařice,50.45438,15.25875
Ohaveč,50.45047,15.3098
Ohaveč,50.45055,15.30994
Ohrada,50.09059,14.46909
Ohrada,50.09067,14.47009
Ohrada,50.09117,14.46838
Ohrada,50.0914,14.46858
Ohrada,50.09022,14.46695
Ohrada,50.09009,14.46691
Ohradní,50.05237,14.4536
Ohradské náměstí,50.03733,14.33545
Ohrobec,49.94374,14.43122
Ohrobec,49.94365,14.43176
"Ohrobec,Károv",49.94748,14.41943
"Ohrobec,Károv",49.94733,14.42
"Ohrobec,U Čisteckých",49.94762,14.43388
"Ohrobec,U Čisteckých",49.94783,14.4341
"Ohrobec,U Rybníka",49.94254,14.43142
"Ohrobec,U Rybníka",49.9424,14.43147
"Ohrobec,Zvolská",49.93912,14.42734
"Ohrobec,Zvolská",49.93945,14.42796
"Okna,obec",50.52954,14.67162
"Okna,obec",50.52979,14.67172
Okoř,50.16275,14.2578
"Okoř,Křižovatka",50.16156,14.24853
Okořská,50.13591,14.43148
Okrouhlická,50.11959,14.46075
Okrouhlická,50.11977,14.45992
Okrouhlo,49.91883,14.44754
Okrouhlo,49.91885,14.44766
"Okrouhlo,Zahořany",49.90947,14.45915
"Okrouhlo,Zahořany",49.90944,14.45916
"Okřínek,hl.sil.",50.16471,15.19271
"Okřínek,hl.sil.",50.16472,15.1925
"Okřínek,prodejna",50.16421,15.19263
"Okřínek,prodejna",50.16434,15.1926
"Okřínek,Srbce",50.16785,15.21018
"Okřínek,Srbce",50.16791,15.21009
Olbramovice,49.67149,14.63895
Olbramovice,49.67155,14.63897
Olbramovice,49.67316,14.63852
Olbramovice,49.67337,14.6387
Olbramovice,49.67139,14.64323
"Olbramovice,Křešice",49.65977,14.60989
"Olbramovice,Křešice",49.65985,14.60985
"Olbramovice,parcely",49.67147,14.63143
"Olbramovice,parcely",49.67112,14.63145
"Olbramovice,rozc.Slavkov",49.68219,14.593
"Olbramovice,rozc.Slavkov",49.6821,14.59296
"Olbramovice,rozc.Zahradnice",49.68624,14.64538
"Olbramovice,rozc.Zahradnice",49.68626,14.64517
"Olbramovice,STS",49.66246,14.62853
"Olbramovice,STS",49.66253,14.62856
"Olbramovice,Tomice II",49.68784,14.66711
"Olbramovice,Tomice II",49.68759,14.66703
"Olbramovice,Veselka (v ulici k nádraží)",49.66292,14.62447
"Olbramovice,Veselka (v ulici k nádraží)",49.66301,14.62454
"Olbramovice,žel.st.",49.66678,14.62463
"Olbramovice,žel.st.",49.66693,14.62456
Oldřichov,49.55769,14.75461
"Oldřichov,Těmice rozc.1.0",49.54734,14.75157
"Oldřichov,Těmice rozc.1.0",49.54747,14.75133
Oleška,49.97276,14.91263
Oleška,49.97266,14.91442
"Oleška,Brník",49.98342,14.90746
"Oleška,Brník",49.98341,14.90773
"Oleška,Bulánka",49.98971,14.93484
"Oleška,Bulánka",49.98956,14.93464
"Oleška,Králka",49.98718,14.92945
"Oleška,Králka",49.98733,14.9296
"Oleška,Rozc.Krymlov",49.96989,14.93269
"Oleška,Rozc.Krymlov",49.97019,14.93119
Olešná (BE),49.78075,13.8096
Olešná (BE),49.78091,13.80952
Olešná (RA),50.12853,13.69679
Olešná (RA),50.12865,13.69702
"Olešná,Kokrdy (RA)",50.12009,13.71364
"Olešná,Kokrdy (RA)",50.12025,13.71343
"Olešná,rozc.Těně (BE)",49.76088,13.78199
"Olešná,rozc.Těně (BE)",49.76019,13.78208
"Olešná,rozc.Těně (BE)",49.76033,13.78248
"Olešnice,Levín",50.13425,15.43097
"Olešnice,Levín",50.13424,15.43077
"Olešnice,ObÚ",50.14267,15.44533
"Olešnice,ObÚ",50.14264,15.44503
Olgy Havlové,50.08735,14.48007
Olgy Havlové,50.08752,14.47765
Olovnice,50.23492,14.24182
Olovnice,50.23509,14.24166
Olšanská,50.08342,14.46454
Olšanská,50.08348,14.4654
Olšanské hřbitovy,50.07814,14.46646
Olšanské hřbitovy,50.07811,14.46735
Olšanské hřbitovy,50.07773,14.46693
Olšanské náměstí,50.08249,14.45747
Olšanské náměstí,50.08245,14.45774
Olšanské náměstí,50.0823,14.45923
Olšanské náměstí,50.08296,14.45858
"Ondřejov,Dlážděná",49.90878,14.78528
"Ondřejov,Dlážděná",49.90866,14.78513
"Ondřejov,Hřbitov",49.89925,14.78758
"Ondřejov,Hřbitov",49.89955,14.78748
"Ondřejov,Náměstí",49.90461,14.78328
"Ondřejov,Náměstí",49.90461,14.78376
"Ondřejov,Třemblat",49.9282,14.7629
"Ondřejov,Třemblat",49.92884,14.76246
"Ondřejov,Třemblat,K Myšlínu",49.93062,14.75282
"Ondřejov,Třemblat,K Myšlínu",49.93059,14.75344
"Ondřejov,Třemblat,Lipská",49.93678,14.75749
"Ondřejov,Třemblat,Lipská",49.93559,14.75878
"Ondřejov,Třemblat,Náves",49.9299,14.76182
"Ondřejov,Třemblat,Rozc.Mnichovice",49.91629,14.76431
"Ondřejov,Třemblat,Rozc.Mnichovice",49.91602,14.76423
"Ondřejov,Třemblat,Rozc.Zvánovice",49.92692,14.76372
"Ondřejov,Turkovice",49.90271,14.75684
"Ondřejov,Turkovice",49.90276,14.75673
"Ondřejov,Turkovická",49.90588,14.77238
"Ondřejov,Turkovická",49.90576,14.77306
"Ondřejov,U Pily",49.90889,14.77391
"Ondřejov,U Pily",49.90873,14.7739
"Onomyšl,Křečovice,rozc.",49.91512,15.11423
"Onomyšl,Křečovice,rozc.",49.91517,15.11413
"Onomyšl,Miletín",49.916,15.12868
"Onomyšl,Miletín",49.9161,15.12865
"Onomyšl,Rozkoš",49.91606,15.13727
"Onomyšl,Rozkoš",49.91597,15.13661
Opálová,50.02167,14.36399
Opatov,50.02688,14.50802
Opatov,50.02766,14.50767
Opatov,50.02823,14.50805
Opatov,50.02761,14.50828
Opatov,50.02786,14.50849
Opatov,50.02792,14.5099
Oplany,49.92437,14.86731
Oplany,49.92453,14.86722
"Oplany,Háj.",49.92448,14.88143
"Oplany,Háj.",49.92439,14.88087
Opočnice,50.17208,15.25773
Opočnice,50.17208,15.25759
"Opočnice,jídelna",50.17574,15.25952
"Opočnice,jídelna",50.1759,15.25912
"Opočnice,rozc.Hradčany",50.16525,15.25952
"Opočnice,rozc.Hradčany",50.16529,15.25904
Ordovická,50.06004,14.33211
Ordovická,50.06004,14.33211
Orionka,50.07561,14.4595
Orionka,50.0755,14.45895
Orionka,50.07594,14.4591
Orionka,50.07557,14.46008
Ortenovo náměstí,50.10783,14.44708
Ortenovo náměstí,50.10761,14.44857
Ořech,50.02137,14.29692
Ořech,50.02168,14.29693
"Ořech,,K Ovčínu",50.01606,14.29233
"Ořech,,K Ovčínu",50.01568,14.29245
"Ořech,,u sokolovny",50.0208,14.29483
"Ořech,,u sokolovny",50.02087,14.29488
"Ořech,,u školy",50.01978,14.29632
"Ořech,,u školy",50.01982,14.29635
Ořechovka,50.09284,14.37955
Ořechovka,50.09291,14.37888
Ořešská,50.03045,14.30505
Ořešská,50.03038,14.30487
Osecká,50.14648,14.44902
Osecká,50.14618,14.44807
Osečany,49.69794,14.43754
"Osečany,Podskalí",49.69474,14.43751
"Osečany,Podskalí",49.69469,14.43756
"Osečany,rozc.Paseky",49.70643,14.45116
"Osečany,rozc.Paseky",49.70646,14.45148
"Osečany,Velběhy",49.71301,14.45734
"Osečany,Velběhy",49.71303,14.45741
Oseček,50.10116,15.14638
Osek (BE),49.82024,13.86473
Osek (BE),49.82029,13.86449
Osek (JC),50.4644,15.15545
Osek (JC),50.46448,15.15548
"Osek,Vystrkov (BE)",49.82491,13.87291
"Osek,Vystrkov (BE)",49.82489,13.87273
"Osov,Osovec",49.8503,14.09191
"Osov,Osovec",49.85025,14.09219
"Osov,škola",49.84789,14.08499
"Osov,škola",49.84789,14.08499
"Osov,u zámku I",49.84529,14.08078
"Osov,u zámku I",49.84533,14.08087
"Osov,žel.zast.",49.83786,14.08449
"Osov,žel.zast.",49.83796,14.08452
Ostrčilovo náměstí,50.06534,14.42411
Ostrčilovo náměstí,50.06507,14.42436
"Ostrov,rozc.",49.67294,14.84979
"Ostrov,rozc.",49.67281,14.84935
Ostředek,49.83451,14.8302
Ostředek,49.83478,14.83109
"Ostředek,Mžižovice",49.83435,14.82177
"Ostředek,Mžižovice",49.83445,14.8217
"Ostředek,Třemošnice",49.8178,14.86692
Otakara Vrby,50.0766,14.60336
Otakarova,50.06549,14.4401
Otakarova,50.06567,14.44085
Otínská,49.98254,14.35603
Otínská,49.98234,14.35578
Otmíče,49.86769,13.94774
Otmíče,49.86779,13.9476
"Otročiněves,I",49.97571,13.97492
"Otročiněves,I",49.97587,13.97477
"Otročiněves,Krušná Hora",49.9828,13.9577
"Otročiněves,Krušná Hora",49.98289,13.95789
"Otročiněves,Na Drahách",49.98085,13.96594
"Otročiněves,Na Drahách",49.981,13.96568
Ouběnice,49.71848,14.16036
Ouběnice,49.71867,14.16058
"Ouběnice,Ostrov",49.72038,14.14677
"Ouběnice,Ostrov",49.72043,14.14705
Ovčáry (KO),50.06299,15.23899
Ovčáry,50.06283,15.23884
"Ovčáry,,ZD",50.06016,15.23212
"Ovčáry,,ZD",50.06002,15.23172
Ovčí hájek,50.04642,14.34743
Ovčí hájek,50.04627,14.3479
"Paběnice,rozc.",49.85633,15.30382
"Paběnice,rozc.",49.85619,15.30322
Paceřice,50.61874,15.11055
Paceřice,50.61708,15.11028
"Paceřice,Husa,hl.sil.",50.62121,15.10851
"Paceřice,Rohanka",50.62685,15.10901
Paceřická,50.1196,14.61102
Paceřická,50.11941,14.61084
Palackého náměstí,50.07251,14.41411
Palackého náměstí,50.07195,14.4141
Palackého náměstí,50.07059,14.41402
Palackého náměstí,50.07323,14.41525
Páleč,50.31107,14.04925
Páleč,50.31108,14.04943
Palmovka (terminál BUS),50.10449,14.47495
Palmovka,50.10247,14.47339
Palmovka,50.10376,14.47479
Palmovka,50.10353,14.47182
Palmovka,50.1045,14.47317
Palmovka,50.10201,14.475
Palmovka,50.10488,14.47615
Palmovka,50.10482,14.4758
Palmovka,50.1038,14.47416
Palmovka,50.10417,14.47544
Palmovka,50.10458,14.4753
Palouček,50.06186,14.4376
Palouček,50.06113,14.43682
Panenské Břežany,50.21465,14.4403
Panenské Břežany,50.21432,14.44074
"Panenské Břežany,Zámek",50.21169,14.43671
"Panenské Břežany,Zámek",50.21143,14.43645
Panenský Týnec,50.29489,13.91668
Panenský Týnec,50.2948,13.91662
Pánkova,50.01812,14.64943
Pánkova,50.0183,14.64913
Pankrác,50.05187,14.43817
Pankrác,50.0516,14.43799
Pankrác,50.05132,14.43973
Pankrác,50.0525,14.43911
Pankrác,50.05223,14.43908
Pankrác,50.05213,14.43921
Pankrác,50.05145,14.43944
Pankrác,50.0506,14.43993
Panoší Újezd,50.03588,13.71619
Panoší Újezd,50.03584,13.71629
"Panoší Újezd,u pomníku",50.02827,13.70537
"Panoší Újezd,u pomníku",50.02856,13.70543
Park Maxe van der Stoela,50.09068,14.38554
Park Maxe van der Stoela,50.09008,14.38586
Park Rajská zahrada,50.08252,14.444
Park Rajská zahrada,50.08271,14.44406
Parkoviště Trojský most,50.11562,14.43697
Parkoviště Trojský most,50.11568,14.43645
Pařížská,50.08943,14.41911
Pašinka,49.99643,15.1864
Pašinka,49.99639,15.18621
"Pátek,Nové Mlýny",50.15454,15.17829
"Pátek,Nové Mlýny",50.15434,15.17791
Pavelkova,50,14.42793
Pavelkova,50,14.42677
"Pavlíkov,křiž.",50.04161,13.73555
"Pavlíkov,křiž.",50.04154,13.73631
"Pavlíkov,Pošta",50.05695,13.73652
"Pavlíkov,Pošta",50.05701,13.73687
"Pavlíkov,Za branou",50.06133,13.7418
"Pavlíkov,Za branou",50.06204,13.74211
Pavlišovská,50.11129,14.62243
Pavlišovská,50.11139,14.62254
Pavlovice,49.71568,14.93568
Pavlovice,49.7158,14.93556
"Pavlovice,rozc.",49.71455,14.92945
"Pavlovice,rozc.",49.71454,14.92926
Pávovské náměstí,50.09317,14.54025
Pávovské náměstí,50.09325,14.54147
Pečice,49.60122,14.10544
Pěčice,50.34983,15.00413
Pečice,49.60141,14.10534
Pěčice,50.34982,15.00426
"Pečice,rozc.",49.60466,14.10295
Pekárenská,50.04945,14.46395
"Pelhřimov,aut.nádr.",49.42536,15.22328
"Pelhřimov,aut.nádr.",49.42492,15.22342
"Pelhřimov,Čakovice,rozc.",49.45814,15.18414
"Pelhřimov,Čakovice,rozc.",49.4584,15.18428
"Pelhřimov,Hodějovice,rozc.",49.44631,15.19643
"Pelhřimov,Hodějovice,rozc.",49.44658,15.19642
"Pelhřimov,hotel REKREA",49.43144,15.22737
"Pelhřimov,hotel REKREA",49.43147,15.22754
"Pelhřimov,Pražská",49.43541,15.21818
"Pelhřimov,Pražská",49.4356,15.21809
Peluněk,49.96909,14.3759
Peluněk,49.96891,14.37566
Perlit,50.08574,14.5379
Perlit,50.08531,14.53764
Pernerova,50.08864,14.44307
Pernerova,50.09007,14.44314
Perspektivní,50.07198,14.55737
Perspektivní,50.07203,14.55768
Perunova,50.07546,14.45448
Perunova,50.07539,14.45409
Perunova,50.07515,14.45443
Pětihosty,49.88573,14.70441
Pětihosty,49.88579,14.7044
"Petkovy,Čížovky",50.40145,15.07806
"Petkovy,Čížovky",50.4015,15.0781
"Petrohrad,rozc.",50.1388,13.43621
"Petrohrad,rozc.",50.13885,13.43647
Petroupim,49.80952,14.75366
Petroupim,49.80962,14.75352
"Petroupim,Petroupec",49.81144,14.75973
"Petroupim,Petroupec",49.8115,14.75968
"Petroupim,Sembratec",49.81073,14.77191
"Petroupim,Sembratec",49.81081,14.77177
Petrov,49.88708,14.43191
Petrov,49.88693,14.43232
"Petrov,Bohuliby,Obora",49.89128,14.45475
"Petrov,Bohuliby,Obora",49.89127,14.45489
"Petrov,Chlomek",49.88832,14.41379
"Petrov,Chlomek",49.88824,14.41372
"Petrov,U Ručiček",49.8882,14.44188
"Petrov,U Ručiček",49.88812,14.44147
"Petrov,Ve Vilách",49.88911,14.42201
"Petrov,Ve Vilách",49.88906,14.42199
Petrovice (PB),49.55407,14.33725
Petrovice (RA),50.06712,13.63807
Petrovice (RA),50.0669,13.63835
"Petrovice II,Stará Huť",49.82806,15.08721
"Petrovice II,Stará Huť",49.82812,15.08755
"Petrovice II,Staré Nespeřice",49.83288,15.0862
"Petrovice II,Staré Nespeřice",49.833,15.08612
"Petrovice,Kojetín (PB)",49.54363,14.34752
"Petrovice,Kojetín (PB)",49.5436,14.34762
"Petrovice,Mašov,rozc. (PB)",49.53682,14.35089
"Petrovice,Mašov,rozc. (PB)",49.53686,14.351
"Petrovice,Skoupý (PB)",49.57679,14.3455
"Petrovice,Skoupý (PB)",49.5768,14.34566
"Petrovice,Skoupý,mlýn (PB)",49.56599,14.34092
"Petrovice,Skoupý,mlýn (PB)",49.56594,14.341
"Petrovice,Skoupý,rozc. (PB)",49.57851,14.35633
"Petrovice,Skoupý,rozc. (PB)",49.57845,14.3563
"Petrovice,statek",50.06741,13.64704
"Petrovice,statek",50.06733,13.64729
Petrské náměstí,50.09137,14.43192
Petrské náměstí,50.09121,14.43256
Petržílova,49.99912,14.42373
Petržílova,49.99897,14.4227
Petříkov,49.92684,14.61542
Petříkov,49.92674,14.61562
"Petříkov,Radimovice",49.93633,14.61705
"Petříkov,Radimovice",49.93627,14.61706
"Petříkov,rozc.",49.92081,14.62176
"Petříkov,rozc.",49.92086,14.6219
Petřín LD,50.08198,14.39658
Petřín LD,50.08185,14.39673
Petřiny,50.0882,14.34518
Petřiny,50.08814,14.34464
Petřiny,50.08707,14.34486
Petřiny,50.08661,14.34502
Petýrkova,50.03087,14.48767
Petýrkova,50.03073,14.48755
Pchery,50.19225,14.11518
Pchery,50.19232,14.11503
"Pchery,Humny",50.189,14.11052
"Pchery,Humny",50.18897,14.11032
"Pchery,ObÚ",50.19157,14.11447
"Pchery,rozc.Jemníky",50.19706,14.12032
"Pchery,rozc.Jemníky",50.19685,14.12014
"Pchery,Theodor",50.18521,14.13432
"Pchery,Theodor",50.18539,14.13425
Picassova,50.0353,14.59347
Picassova,50.03453,14.59465
Pičín,49.74543,14.05746
Pičín,49.74546,14.05773
"Pičín,U Hřbitova",49.75041,14.06063
"Pičín,U Hřbitova",49.75032,14.06084
Písečná,50.1259,14.44278
Písečná,50.12558,14.44425
Písková Lhota (MB),50.36554,14.87681
Písková Lhota (MB),50.36525,14.87683
Písková Lhota (NB),50.13102,15.06932
Písková Lhota (NB),50.13108,15.07044
"Písková Lhota,hl.sil. (MB)",50.37557,14.88656
"Písková Lhota,hl.sil. (MB)",50.37538,14.88661
"Písková Lhota,Zámostí (MB)",50.37366,14.87285
"Písková Lhota,Zámostí (MB)",50.37389,14.87282
Písková,50.00293,14.41752
Písková,50.00323,14.41763
Písnice,49.991,14.46825
Písnice,49.99163,14.46853
Písnice,49.99085,14.46876
"Písty,Temac",50.15925,15.00967
"Písty,Temac",50.15912,15.00946
Píškova,50.04105,14.33348
Píškova,50.04168,14.33495
Píškova,50.04075,14.33462
"Planá n.Luž.,nám.",49.35309,14.70286
"Planá n.Luž.,nám.",49.35325,14.70295
Plaňanská,50.08175,14.50051
Plaňanská,50.08178,14.4993
"Plaňany,Blinka",50.03918,15.06075
"Plaňany,Hradenín",50.02882,15.04224
"Plaňany,Hradenín",50.02887,15.04235
"Plaňany,Náměstí",50.05085,15.02941
"Plaňany,Náměstí",50.05101,15.02964
"Plaňany,Poboří",50.0243,15.04933
"Plaňany,Poboří",50.02438,15.0494
"Plaňany,Žel.st.",50.04962,15.0176
"Plaňany,Žel.st.",50.04955,15.01716
Plánická,49.99205,14.36544
Platónova,49.99863,14.41663
Platónova,49.99895,14.41688
"Plavy,křiž.",50.7054,15.31805
"Plavy,křiž.",50.70535,15.31776
"Plazy,Kolomutská",50.40982,14.97619
"Plazy,Kolomutská",50.41012,14.9762
"Plazy,u mlýna",50.41043,14.97695
"Plazy,u mlýna",50.41062,14.97655
"Plazy,Valy",50.4271,14.97451
"Plazy,Valy",50.42714,14.9743
"Pleše,host.",49.19817,14.82069
"Pleše,host.",49.19838,14.82058
Pletený Újezd,50.10771,14.11578
"Pletený Újezd,křižovatka",50.118,14.10729
"Pletený Újezd,křižovatka",50.118,14.10742
Plošná,50.06832,14.51816
Plošná,50.06861,14.5169
Plynárna Michle,50.05655,14.46461
Plynárna Michle,50.0565,14.4653
Plzeňka,50.0637,14.40882
Plzeňka,50.06347,14.40872
"Pňov-Předhradí,Klipec",50.07478,15.13774
"Pňov-Předhradí,Klipec",50.07496,15.13742
"Pňov-Předhradí,Pňov",50.08529,15.14801
"Pňov-Předhradí,Pňov",50.08502,15.14767
"Pňov-Předhradí,Předhradí",50.09249,15.14691
"Pňov-Předhradí,Předhradí",50.0922,15.14656
Pobřežní cesta,50.03421,14.40745
Pobřežní cesta,50.0336,14.40794
Pobřežní cesta,50.03395,14.40785
Pobřežní cesta,50.03413,14.40812
"Počepice,hřiště",49.5977,14.38354
"Počepice,hřiště",49.59775,14.38353
"Počepice,Rovina",49.60207,14.40439
"Počepice,Rovina",49.6022,14.40463
"Počepice,Rovina,Veselíčko",49.58918,14.40399
"Počepice,Rovina,Veselíčko",49.58924,14.40409
Počeradská,50.13926,14.45192
Počeradská,50.13922,14.45162
Pod Dálnicí,50.04518,14.46125
Pod Dálnicí,50.04482,14.46194
Pod Děvínem,50.05275,14.40613
Pod Děvínem,50.05394,14.40524
Pod Hájem,50.12465,14.3811
Pod Hájem,50.12472,14.38175
Pod hradem,50.03817,14.63788
Pod hradem,50.03831,14.63749
Pod Chodovem,50.03554,14.49369
Pod Chodovem,50.03568,14.49417
Pod Jezerkou,50.0584,14.44999
Pod Jezerkou,50.05779,14.4502
Pod Karlovem,50.06979,14.43283
Pod Karlovem,50.06854,14.43266
Pod Kesnerkou,50.05903,14.40357
Pod Konvářkou,50.05553,14.40497
Pod Konvářkou,50.05548,14.40515
Pod Královkou,50.08573,14.37897
Pod Královkou,50.08577,14.37871
Pod Krocínkou,50.114,14.5124
Pod Krocínkou,50.11401,14.51128
Pod Kyjovem,49.96583,14.36922
Pod Kyjovem,49.9656,14.3689
Pod Lahovskou,49.99146,14.36562
Pod Lipkami,50.07296,14.37311
Pod Lochkovem,50.0027,14.35028
Pod Lochkovem,50.00296,14.3508
Pod Mezí,50.02696,14.35535
Pod Mezí,50.02697,14.35521
Pod Oborou,50.06312,14.63603
Pod Oborou,50.06303,14.63659
Pod Pekařkou,50.04387,14.42468
Pod Pekařkou,50.04369,14.42449
Pod Rapidem,50.07217,14.48435
Pod Rapidem,50.07235,14.48398
Pod Ryšánkou,50.0367,14.42633
Pod Ryšánkou,50.03674,14.42748
Pod Říhákem,49.98903,14.36203
Pod Šafránkou,50.0733,14.3478
Pod Šafránkou,50.0734,14.34907
Pod školou,50.0686,14.36748
Pod Šmukýřkou,50.06095,14.37558
Pod Šmukýřkou,50.06142,14.37528
Pod Táborem,50.09209,14.51186
Pod Táborem,50.09232,14.51215
Pod Třebešínem,50.08095,14.48587
Pod Třebešínem,50.08102,14.48543
Pod Vinicí,50.05562,14.48408
Pod Vinicí,50.05553,14.4835
Pod Vsí,50.01127,14.51432
Pod Vsí,50.01133,14.5144
Pod Zatáčkou,49.95604,14.38154
Pod Zatáčkou,49.95597,14.38163
Pod Žvahovem,50.0435,14.40309
Podbělohorská,50.07506,14.37378
Podbělohorská,50.07508,14.37322
Podbělohorská,50.07565,14.37202
Podbělohorská,50.0751,14.3724
"Podbořany,aut.nádr.",50.22367,13.40745
"Podbořany,ČSAD",50.21651,13.39539
"Podbořany,ČSAD",50.21651,13.3952
"Podbořany,Nádražní",50.22543,13.40642
"Podbořany,OSP",50.22183,13.39917
"Podbořany,OSP",50.22184,13.39896
Podbrdy,49.86462,14.11861
Podbrdy,49.86455,14.11878
"Poděbrady,Hřbitov",50.13361,15.1027
"Poděbrady,Hřbitov",50.13357,15.10214
"Poděbrady,Kluk",50.13012,15.11156
"Poděbrady,Kluk",50.13021,15.11134
"Poděbrady,Kluk,Hřbitov",50.1336,15.10477
"Poděbrady,Kluk,Hřbitov",50.13335,15.10466
"Poděbrady,Oáza",50.1334,15.09994
"Poděbrady,Přední Lhota,U Kopečků",50.13196,15.08686
"Poděbrady,Přední Lhota,U Kopečků",50.13217,15.08744
"Poděbrady,Riegrovo nám.",50.14279,15.12204
"Poděbrady,Riegrovo nám.",50.14317,15.12201
"Poděbrady,u stadionu",50.14092,15.13243
"Poděbrady,u stadionu",50.14105,15.13226
"Poděbrady,žel.st.",50.14884,15.12436
"Poděbrady,žel.st.",50.14838,15.12503
"Poděbrady,žel.st.",50.14834,15.12436
"Poděbrady,žel.st.",50.14846,15.12418
Podhajská pole,50.13015,14.43091
Podhajská pole,50.12925,14.43084
Podhoří,50.12271,14.40074
Podhoří,50.12286,14.40057
Podhoří,50.12228,14.39779
Podkovářská,50.10295,14.51345
Podkovářská,50.10297,14.51437
"Podlesí,Nové háj.",49.7049,13.97058
"Podlesí,Nové háj.",49.70502,13.97088
"Podlesí,Nové",49.7025,13.97851
"Podlesí,Nové",49.70258,13.97873
"Podlesí,Staré I",49.69026,13.98325
"Podlesí,Staré I",49.69038,13.98306
"Podlesí,Staré II",49.6934,13.98254
"Podlesí,Staré II",49.69344,13.98275
Podlešín,50.22102,14.15815
Podluhy,49.81573,13.91315
Podluhy,49.81565,13.91266
"Podluhy,Na drahách",49.81199,13.91244
"Podmoky,ObÚ (NB)",50.19294,15.2339
"Podmoky,ObÚ (NB)",50.19294,15.23381
"Podmoky,u kovárny",50.1919,15.23367
"Podmoky,u kovárny",50.19169,15.2335
Podnikatelská,50.08703,14.61735
Podnikatelská,50.08772,14.61778
Podolanka,50.15687,14.5991
Podolanka,50.15675,14.59853
Podolská vodárna,50.05989,14.41936
Podolská vodárna,50.05841,14.41935
Podolská vodárna,50.05915,14.42062
Podolská vodárna,50.05846,14.42041
"Pohnánec,u cihelny",49.47519,14.78664
"Pohnánec,u cihelny",49.47518,14.78679
Pohořelec,50.0877,14.38827
Pohořelec,50.0879,14.38813
Pohoří,49.90058,14.52501
Pohoří,49.90053,14.525
Pohoří,49.9002,14.52507
"Pohoří,Chotouň",49.90038,14.51165
"Pohoří,Chotouň",49.90047,14.51191
"Pohoří,Markvart",49.89211,14.55067
"Pohoří,Markvart",49.89212,14.5507
"Pohoří,Pohorka",49.89745,14.53288
"Pohoří,Pohorka",49.89744,14.53278
"Pohoří,Skalsko",49.89319,14.53963
"Pohoří,Skalsko",49.89298,14.54039
Pochvalov,50.22695,13.79362
Pochvalov,50.22695,13.79375
Polepy,50.00536,15.20511
Polepy,50.00369,15.20722
Polerady,50.2006,14.59481
Polerady,50.20033,14.59652
Poliklinika Barrandov,50.03405,14.37455
Poliklinika Barrandov,50.03368,14.37379
Poliklinika Barrandov,50.03321,14.37336
Poliklinika Barrandov,50.03373,14.37455
Poliklinika Budějovická,50.04328,14.4498
Poliklinika Budějovická,50.04323,14.45003
Poliklinika Černý Most,50.10783,14.57238
Poliklinika Černý Most,50.10742,14.57265
Poliklinika Čumpelíkova,50.12696,14.46057
Poliklinika Čumpelíkova,50.12696,14.46042
Poliklinika Frýdecká,50.13881,14.50873
Poliklinika Frýdecká,50.13843,14.50912
Poliklinika Háje,50.03377,14.5273
Poliklinika Háje,50.03394,14.52765
Poliklinika Lípa,50.05127,14.34622
Poliklinika Lípa,50.0512,14.34702
Poliklinika Malešice,50.08063,14.50116
Poliklinika Malešice,50.08012,14.50214
Poliklinika Mazurská,50.12746,14.41331
Poliklinika Mazurská,50.12717,14.41378
Poliklinika Mazurská,50.12727,14.4138
Poliklinika Modřany,50.00459,14.41875
Poliklinika Modřany,50.0048,14.41957
Poliklinika Modřany,50.0048,14.41665
Poliklinika Modřany,50.00487,14.41688
Poliklinika Modřany,50.00463,14.41945
Poliklinika Modřany,50.00475,14.41863
Poliklinika Petrovice,50.03995,14.56018
Poliklinika Petrovice,50.03853,14.56177
Poliklinika Petřiny,50.09002,14.35801
Poliklinika Petřiny,50.08986,14.35801
Poliklinika Petřiny,50.0902,14.35846
Poliklinika Prosek,50.12814,14.49229
Poliklinika Prosek,50.12801,14.49159
Poliklinika Vysočany,50.10897,14.49486
Poliklinika Vysočany,50.10886,14.49476
Poliklinika Vysočany,50.10843,14.49365
Poliklinika Vysočany,50.10868,14.49367
Poliklinika Zahradní Město,50.05658,14.49747
Poliklinika Zahradní Město,50.05647,14.49646
Polní Chrčice,50.11007,15.29614
Polní Chrčice,50.11017,15.29608
Polní Voděrady,49.99417,15.09489
Polní Voděrady,49.99426,15.09489
"Polní Voděrady,ObÚ",49.99224,15.09543
"Polní Voděrady,ObÚ",49.99222,15.09525
Polygrafická,50.07972,14.51944
Polygrafická,50.08068,14.51953
"Popovice,Kondratice,rozc.",49.68472,14.73155
"Popovice,Kondratice,rozc.",49.68469,14.73148
"Popovičky,,rozc.",49.96176,14.6009
"Popovičky,,rozc.",49.96193,14.60092
"Popovičky,Chomutovice",49.9569,14.60342
"Popovičky,Chomutovice",49.95696,14.60343
"Popovičky,Nebřenice",49.94313,14.61312
"Popovičky,Nebřenice",49.94418,14.61215
Poříčí n.Sáz.,49.83814,14.67478
Poříčí n.Sáz.,49.83645,14.67487
"Poříčí n.Sáz.,Rozc.Nové Městečko",49.84691,14.67516
"Poříčí n.Sáz.,Rozc.Nové Městečko",49.84688,14.67507
Postřižín,50.23348,14.38622
Postřižín,50.2332,14.3864
"Postupice,Benešovská",49.73003,14.78008
"Postupice,Benešovská",49.73009,14.78003
"Postupice,Čelivo",49.69246,14.80193
"Postupice,Čelivo",49.69243,14.80186
"Postupice,Dobříčkov,rozc.",49.75517,14.76469
"Postupice,Dobříčkov,rozc.",49.7551,14.76456
"Postupice,Jemniště,rozc.",49.74956,14.77888
"Postupice,Jemniště,rozc.",49.74962,14.77868
"Postupice,Jemniště,u zámku",49.74205,14.78756
"Postupice,Jemniště,u zámku",49.74196,14.78754
"Postupice,Milovanice",49.71456,14.78996
"Postupice,Milovanice",49.71452,14.78988
"Postupice,rest.",49.7274,14.77926
"Postupice,rest.",49.72733,14.77919
"Postupice,Suchdol",49.70827,14.79783
"Postupice,Suchdol",49.70824,14.79776
"Postupice,Žel.st.",49.73634,14.78433
"Postupice,Žel.st.",49.73652,14.78417
Poštovice,50.31317,14.139
Poštovice,50.3131,14.13929
Poštovka,50.06855,14.3543
Poštovka,50.06846,14.35342
Poštovská,50.11062,14.50834
Poštovská,50.11056,14.50947
Povltavská,50.11608,14.43382
Práčská,50.05369,14.51074
Práčská,50.05362,14.50951
Pramenná,49.99496,14.48741
Pramenná,49.99508,14.4875
Praskolesy,49.86563,13.93349
Praskolesy,49.86574,13.93318
Prašná,50.035,14.52088
Prašný most,50.09491,14.39628
Prašný most,50.09473,14.39387
Právnická fakulta,50.09171,14.41786
Právnická fakulta,50.09125,14.4176
Pravonín,49.6359,14.94391
"Pravonín,Buková",49.61609,14.94846
"Pravonín,Buková",49.6161,14.94829
"Pravonín,Hutina",49.6466,14.89144
"Pravonín,Hutina",49.64657,14.89132
"Pravonín,Karhule",49.63456,14.90072
"Pravonín,Karhule",49.63448,14.90061
"Pravonín,Křížov",49.64272,14.89495
"Pravonín,Křížov",49.6427,14.89462
"Pravonín,Lesáky",49.62587,14.87707
"Pravonín,Lesáky",49.62613,14.87703
"Pravonín,Tisek",49.62193,14.95434
"Pravonín,Tisek",49.62187,14.95414
"Pravonín,u Kubů",49.62985,14.9639
"Pravonín,u Kubů",49.6298,14.96379
"Pravonín,Volavka",49.62999,14.90321
"Pravonín,Volavka",49.62988,14.90315
Pražská čtvrť,50.0282,14.36685
Pražská čtvrť,50.02768,14.36687
Pražského povstání,50.05654,14.43453
Pražského povstání,50.05607,14.43489
Pražského povstání,50.0558,14.43417
Pražského povstání,50.05526,14.43387
Pražského povstání,50.05544,14.43555
Pražského povstání,50.05733,14.43392
Pražského povstání,50.05538,14.43444
Pražského povstání,50.05721,14.43286
Pražského povstání,50.05651,14.43376
Pražský hrad,50.09332,14.39796
Pražský hrad,50.09333,14.39851
Prebslova,50.16808,14.52238
Prebslova,50.16693,14.52284
Prodašice,50.35,15.11666
Prodašice,50.35011,15.11651
"Prodašice,křižovatka",50.34865,15.1147
"Prodašice,křižovatka",50.34862,15.11479
Prosecká,50.11628,14.49499
Prosecká,50.11739,14.49678
Prosek (ul. Litoměřická),50.11967,14.49651
Prosek (ul. Litoměřická),50.11958,14.49589
Prosek (ul. Prosecká),50.11904,14.50046
Prosek (ul. Prosecká),50.11904,14.50046
Prosek,50.11886,14.49826
Prosek,50.1197,14.49765
Prosek,50.11887,14.499
Prosek,50.11962,14.49821
Průběžná,50.07143,14.48565
Průběžná,50.07159,14.48657
Průběžná,50.07171,14.4865
Průběžná,50.07135,14.48602
Průhonice,50.00163,14.56105
Průhonice,50.00172,14.56073
Průhonice,50.00199,14.56121
"Průhonice,,hájovna",49.99469,14.5448
"Průhonice,,hájovna",49.99452,14.54422
"Průhonice,,Hole",50.00047,14.5539
"Průhonice,,Hole",50.00067,14.55188
"Průhonice,,Komárov",50.00198,14.5487
"Průhonice,,Komárov",50.00444,14.54818
"Průhonice,,Tovární",49.99783,14.54911
"Průhonice,,Tovární",49.99777,14.54888
"Průhonice,Rozkoš",49.99995,14.53182
"Průhonice,Rozkoš",50,14.53185
Průhonský háj,50.11005,14.34082
Průhonský háj,50.10986,14.34177
Průchova,50.06239,14.36597
Průchova,50.0626,14.36642
Průmstav,50.04704,14.57518
Průmstav,50.04706,14.57551
Průmyslová,50.07241,14.53547
Průmyslová,50.07261,14.5358
Prunéřovská,50.14393,14.45098
Prunéřovská,50.1438,14.45075
Prusice,49.96823,14.87668
Prusice,49.96832,14.87663
"Prusice,Rozc.",49.97,14.88148
"Prusice,Rozc.",49.96883,14.88161
Prvomájová,49.98507,14.35712
Prvomájová,49.98594,14.35715
"Přeborov,rozc.0.5",49.47573,14.36486
"Přeborov,rozc.0.5",49.4758,14.36505
Předboj,50.22599,14.47832
Předboj,50.22601,14.47799
"Předboj,Rozc.",50.22505,14.49511
"Předboj,Rozc.",50.22404,14.49514
Předměřice n.Jiz.,50.25436,14.78017
Předměřice n.Jiz.,50.25381,14.77953
"Předměřice n.Jiz.,Kačov",50.2688,14.77837
"Předměřice n.Jiz.,Kačov",50.26884,14.77831
"Předměřice n.Jiz.,u kostela",50.2557,14.78242
"Předměřice n.Jiz.,u kostela",50.25551,14.78292
Přední Kopanina,50.11682,14.29882
Přední Kopanina,50.11667,14.29858
Přední Kopanina,50.11772,14.29742
Přední Kopanina,50.11754,14.29753
Přehvozdí,50.02791,14.83992
Přehvozdí,50.02807,14.83996
"Přehvozdí,U Hřbitova",50.0303,14.84116
Přelíc,50.20699,14.04172
Přelíc,50.20708,14.04159
"Přelíc,samota",50.20956,14.04827
"Přelíc,samota",50.20964,14.04822
Přepeře (MB),50.46421,15.10483
Přepeře (MB),50.46437,15.1047
"Přerov n.L.,Nový Přerov",50.16586,14.83711
"Přerov n.L.,Nový Přerov",50.16584,14.83734
"Přerov n.L.,Rozc.u obory",50.14649,14.8253
"Přerov n.L.,Rozc.u obory",50.14679,14.82591
"Přerov n.L.,U Skanzenu",50.16041,14.82489
"Přerov n.L.,U Skanzenu",50.16039,14.82499
Přestavlky u Čerčan,49.85265,14.74354
Přestavlky u Čerčan,49.85258,14.74348
"Přestavlky u Čerčan,Borka rozc.",49.85205,14.72608
"Přestavlky u Čerčan,Borka rozc.",49.85201,14.72613
"Přestavlky u Čerčan,Čistec,rozc.",49.84111,14.75102
"Přestavlky u Čerčan,Čistec,rozc.",49.84111,14.75093
Přeštická,50.04459,14.51232
Přeštická,50.04479,14.51247
Přeštínská,49.99322,14.37746
Přeštínská,49.99338,14.37694
Přeštínská,49.9944,14.37556
Přeštínská,49.99394,14.37529
"Přezletice,Horní náves",50.15657,14.57567
"Přezletice,Horní náves",50.15613,14.5757
"Přezletice,Kocanda",50.15976,14.57348
"Přezletice,Vinořská",50.1545,14.57728
"Přezletice,Vinořská",50.15378,14.57742
Příborská,50.13146,14.51094
Příborská,50.13139,14.51113
"Příbram,,aut.nádr.",49.69017,14.00386
"Příbram,,Balbínova",49.68879,14.02078
"Příbram,,Čs.armády",49.68548,14.00649
"Příbram,,Dolejší Obora",49.69116,14.00325
"Příbram,,Fibichova",49.6900673,14.0152788
"Příbram,,Hořejší Obora",49.688,14.00609
"Příbram,,Jiráskovy sady",49.68971,14.01278
"Příbram,,Jiráskovy sady",49.68948,14.01295
"Příbram,,Kaufland",49.69176,13.99884
"Příbram,,Milínská",49.68632,14.00906
"Příbram,,Milínská",49.68613,14.00932
"Příbram,,Na Cihelně",49.68261,14.00558
"Příbram,,Na Cihelně",49.68233,14.00565
"Příbram,,Nová Hospoda",49.69076,14.03363
"Příbram,,Nová Hospoda",49.69061,14.03373
"Příbram,,Sevastopolské nám.",49.68967,14.02152
"Příbram,,sídl.Archiv",49.67641,13.99995
"Příbram,,sídl.II.poliklinika",49.67965,14
"Příbram,,sídl.II.poliklinika",49.6796,14.00027
"Příbram,,sídl.Kladenská",49.67787,13.99032
"Příbram,,sídl.Kladenská",49.67766,13.9899
"Příbram,,sídl.nám.17.listopadu",49.67902,13.99603
"Příbram,,sídl.Politických vězňů věžák",49.67847,13.99485
"Příbram,,sídl.Seifertova",49.67543,13.99486
"Příbram,,sídl.Seifertova",49.67546,13.99626
"Příbram,,Stadion Horymír",49.69033,14.02753
"Příbram,,Stadion Horymír",49.68998,14.02552
"Příbram,,Svatá Hora",49.68739,14.02171
"Příbram,,Svatá Hora",49.68728,14.02153
"Příbram,,Školní III.poliklinika",49.67519,14.00039
"Příbram,,Školní III.poliklinika",49.67505,14.00061
"Příbram,aut.nádr. (terminál)",49.69025,14.00293
"Příbram,aut.nádr. (terminál)",49.68957,14.00355
"Příbram,aut.nádr. (terminál)",49.68941,14.00361
"Příbram,aut.nádr. (terminál)",49.6902,14.00297
"Příbram,aut.nádr. (terminál)",49.69014,14.00303
"Příbram,aut.nádr. (terminál)",49.68994,14.0032
"Příbram,aut.nádr. (terminál)",49.68985,14.00328
"Příbram,aut.nádr. (terminál)",49.68976,14.00341
"Příbram,aut.nádr. (terminál)",49.68968,14.00345
"Příbram,Brod",49.66096,14.01487
"Příbram,Brod",49.66198,14.01371
"Příbram,Břez.Hory,K.Pobudy",49.67891,13.98753
"Příbram,Břez.Hory,rozc.Zdaboř",49.6809,13.98789
"Příbram,Břez.Hory,rozc.Zdaboř",49.68111,13.9884
"Příbram,Břez.Hory,Rožmitálská",49.67742,13.98345
"Příbram,Břez.Hory,Rožmitálská",49.67684,13.98278
"Příbram,Bytíz,Šachta",49.68339,14.07181
"Příbram,Drkolnov,Nemocnice",49.6755,13.98918
"Příbram,Drkolnov,Nemocnice",49.67547,13.98757
"Příbram,Drkolnov,Podbrdská",49.67544,13.98504
"Příbram,Drkolnov,Podbrdská",49.67518,13.98481
"Příbram,Fibichova",49.69023,14.01544
"Příbram,Jerusalem",49.66222,14.03535
"Příbram,Jerusalem",49.66203,14.0357
"Příbram,Jesenice II,rozc.1.0",49.65681,14.04654
"Příbram,Jesenice II,rozc.1.0",49.65694,14.04649
"Příbram,Jinecká",49.69954,14.01603
"Příbram,Jinecká",49.69982,14.01618
"Příbram,Jiráskovy sady",49.68961,14.01285
"Příbram,K Podlesí",49.69059,13.9929
"Příbram,K Podlesí",49.69075,13.99315
"Příbram,Kaufland",49.69187,13.99854
"Příbram,Milínská-Mixova",49.68349,14.00902
"Příbram,Mixova",49.68264,14.00982
"Příbram,Obecnická",49.69651,14.00154
"Příbram,Obecnická",49.69649,14.00176
"Příbram,Pragovka",49.69289,14.00301
"Příbram,Pragovka",49.69294,14.00327
"Příbram,RAVAK a.s.",49.70194,13.99693
"Příbram,RAVAK a.s.",49.70175,13.99753
"Příbram,rozc.",49.70813,13.98895
"Příbram,rozc.",49.70818,13.98919
"Příbram,rozc.k šachtě 9",49.67068,14.02678
"Příbram,rozc.k šachtě 9",49.6705,14.02713
"Příbram,Sázky rozc.",49.67633,14.01902
"Příbram,Sázky",49.6784,14.01666
"Příbram,Sázky",49.67852,14.01677
"Příbram,sídl.II.poliklinika",49.67977,14.0006
"Příbram,šachta 15",49.65701,14.01953
"Příbram,šachta 15",49.65757,14.01919
"Příbram,U Míků",49.68207,14.03271
"Příbram,U Míků",49.68189,14.03264
"Příbram,Velkosklady",49.70469,13.99351
"Příbram,Velkosklady",49.70481,13.99369
"Příbram,Zdaboř",49.66304,13.98446
"Příbram,Zdaboř",49.6629,13.98451
"Příbram,Zdaboř,Brodská",49.66769,13.99663
"Příbram,Zdaboř,Brodská",49.66885,13.99496
"Příbram,Zdaboř,nemocnice",49.6732,13.9905
"Příbram,Zdaboř,nemocnice",49.67339,13.99071
"Příbram,Zdaboř,u Pletánků",49.66832,13.98979
"Příbram,Zdaboř,u Pletánků",49.66814,13.9899
"Příbram,Zdaboř,Žežická",49.67054,13.99171
"Příbram,Zdaboř,Žežická",49.67067,13.99176
Příbramská,49.97776,14.34641
Příčina,50.06815,13.66481
Příčina,50.06807,13.66493
Příčovy,49.67206,14.39155
Příčovy,49.67183,14.39159
"Příčovy,rozc.",49.6636,14.38285
"Příčovy,rozc.",49.66369,14.38404
Příkrý,50.62516,15.36519
Příkrý,50.62518,15.36492
"Příkrý,Škodějov,Špekulace",50.6384,15.38496
"Příkrý,Škodějov,Špekulace",50.63866,15.38476
"Příkrý,Škodějov,Zimrov",50.64608,15.39006
"Příkrý,Škodějov,Zimrov",50.64613,15.38991
Přímské náměstí,50.09885,14.67872
Přímské náměstí,50.09897,14.67807
Přírodní,50.01313,14.45282
Přírodní,50.01345,14.45285
Přístav Radotín,49.99438,14.39313
Přístav Radotín,49.99445,14.39385
Přístaviště,50.04031,14.40964
Přístaviště,50.03974,14.40923
Přístaviště,50.03938,14.40948
Přístaviště,50.03979,14.41038
Přistoupim,50.05523,14.87654
Přistoupim,50.05576,14.87644
"Přistoupim,Rozc.",50.06361,14.8764
"Přistoupim,Rozc.",50.06348,14.87672
Přišimasy,50.05171,14.76074
Přišimasy,50.05178,14.76057
"Přišimasy,Horka",50.04897,14.76428
"Přišimasy,Horka",50.04894,14.76416
"Přišimasy,sklady Marca",50.04152,14.76202
"Přišimasy,sklady Marca",50.04104,14.76162
Přívorská,50.13612,14.43619
Přívorská,50.13604,14.43657
Psáry,49.93666,14.51416
Psáry,49.93678,14.51459
"Psáry,Dolní Jirčany",49.94898,14.51958
"Psáry,Dolní Jirčany",49.9486,14.51972
"Psáry,Domov Laguna",49.93207,14.50828
"Psáry,Domov Laguna",49.93171,14.50813
"Psáry,Štědřík",49.94204,14.51571
"Psáry,Štědřík",49.94172,14.51587
Psohlavců,50.0266,14.41692
Psohlavců,50.02618,14.41777
Ptice,50.05176,14.17556
Ptice,50.05164,14.17571
"Ptice,křiž.",50.05245,14.16746
"Ptice,křiž.",50.05235,14.16756
Pučálka,50.11227,14.35803
Pučálka,50.11252,14.35818
"Pyšely,Hotel Doly",49.86681,14.66039
"Pyšely,Hotel Doly",49.86787,14.66088
"Pyšely,Nám.",49.87708,14.6781
"Pyšely,Nám.",49.87705,14.6778
"Pyšely,Nová Ves",49.88101,14.68613
"Pyšely,Nová Ves",49.8811,14.6861
"Pyšely,Sokolovna",49.87503,14.67844
"Pyšely,Sokolovna",49.87493,14.67854
"Pyšely,u vily",49.87276,14.69427
"Pyšely,u vily",49.87266,14.6948
"Pyšely,Zaječice",49.89517,14.68212
"Pyšely,Zaječice",49.89514,14.68203
Rabakov,50.38168,15.10218
Rabakov,50.38175,15.10208
"Rabakov,chaty",50.38834,15.10147
"Rabakov,chaty",50.38834,15.10141
"Rabyně,Blaženice",49.78936,14.46996
"Rabyně,Blaženice",49.78933,14.47005
"Rabyně,Hl.přístav",49.82276,14.43214
"Rabyně,Hl.přístav",49.8227,14.43194
"Rabyně,Loutí",49.7999,14.45758
"Rabyně,Loutí",49.80003,14.45736
"Rabyně,Měřín",49.78982,14.43002
"Rabyně,Měřín",49.78976,14.43002
"Rabyně,Nová Rabyně",49.81018,14.42944
"Rabyně,Nová Rabyně",49.8094,14.43025
"Rabyně,Rozc.Blaženice",49.79182,14.47162
"Rabyně,Rozc.Blaženice",49.79202,14.47168
"Rabyně,Stromeč",49.7998,14.44068
"Rabyně,Stromeč",49.80018,14.44366
Radějovice,49.9468,14.56456
Radějovice,49.94672,14.56437
"Radějovice,Olešky",49.94913,14.57146
"Radějovice,Olešky",49.94916,14.57152
Radětice,49.64,14.07829
Radětice,49.6401,14.078
"Radětice,Palivo",49.64328,14.06892
"Radětice,Palivo",49.64341,14.06891
Radhošťská,50.07765,14.45728
Radhošťská,50.07761,14.45768
Radimova,50.08757,14.36567
Radimova,50.08751,14.36632
Radiová,50.06943,14.53707
Radiová,50.06992,14.53753
Radkov,49.46453,14.61016
Radkov,49.46438,14.61025
"Radkov,Paseka",49.46138,14.59224
"Radkov,Paseka",49.46139,14.59217
Radlická,50.05835,14.38928
Radlická,50.05848,14.38957
Radlická,50.05879,14.38942
Radlická,50.05906,14.38913
Radlická,50.0583,14.38711
Radlická,50.05794,14.3884
Radnice Praha 12,50.0025,14.41412
Radnice Praha 6,50.10049,14.40098
Radnice Praha 6,50.10048,14.40225
Radnice Řepy,50.07285,14.30761
Radnice Řepy,50.07263,14.30618
Radonice,50.14227,14.61228
Radonice,50.14097,14.61311
"Radonice,Penny Market",50.13284,14.61965
"Radonice,Spojovací",50.14278,14.61005
Radonická,50.15483,14.5384
Radonická,50.15481,14.5377
Radošovice,49.74094,14.86813
Radošovice,49.74086,14.86812
Radošovická,50.06694,14.49604
Radošovická,50.06664,14.4968
Radošovická,50.06694,14.49487
Radovesnice I,50.0099,15.15138
Radovesnice I,50.00985,15.15127
Radovesnice II,50.10585,15.36827
Radovesnice II,50.10585,15.36847
"Radovesnice II,u mostu",50.10236,15.3694
"Radovesnice II,u mostu",50.10252,15.36946
Raichlova,50.03917,14.32821
Raichlova,50.03909,14.32845
Rájecká,50.02494,14.60195
Rájecká,50.02554,14.6017
Rajská zahrada,50.10617,14.55855
Rajská zahrada,50.1064,14.55991
Rajská zahrada,50.10676,14.5598
Rajská zahrada,50.10693,14.56121
"Rakovník,aut.st.",50.10045,13.73341
"Rakovník,aut.st.",50.10046,13.73386
"Rakovník,aut.st.",50.10059,13.73341
"Rakovník,aut.st.",50.10074,13.73417
"Rakovník,aut.st.",50.10084,13.73363
"Rakovník,aut.st.",50.10085,13.7339
"Rakovník,aut.st.",50.10065,13.73269
"Rakovník,aut.st.",50.10029,13.73407
"Rakovník,aut.st.",50.1004,13.73406
"Rakovník,Čs.legií",50.10377,13.72565
"Rakovník,Čs.legií",50.10473,13.72514
"Rakovník,koup.",50.0943,13.75073
"Rakovník,koup.",50.09428,13.75042
"Rakovník,Lišanská",50.10946,13.73399
"Rakovník,Lišanská",50.10947,13.73418
"Rakovník,Na Sekyře",50.1026,13.73059
"Rakovník,Na Sekyře",50.10299,13.72867
"Rakovník,Plzeňská",50.09465,13.72757
"Rakovník,Plzeňská",50.09529,13.72855
"Rakovník,rozc.Cikánka",50.11942,13.73268
"Rakovník,rozc.Cikánka",50.11945,13.73277
"Rakovník,rozc.Lubná",50.08224,13.72419
"Rakovník,rozc.Lubná",50.08234,13.72439
"Rakovník,sokolovna",50.1025,13.7327
"Rakovník,sokolovna",50.10239,13.73314
"Rakovník,střelnice",50.10269,13.73746
"Rakovník,střelnice",50.10263,13.73713
"Rakovník,Šamotka",50.10872,13.76081
"Rakovník,Šamotka",50.10854,13.7606
"Rakovník,V Jamce",50.10661,13.73037
"Rakovník,V Jamce",50.10663,13.72924
"Rakovník,vila Vácha",50.09437,13.76343
"Rakovník,vila Vácha",50.09441,13.76332
"Rakovník,Wintrovo nám.",50.10183,13.73927
"Rakovník,Wintrovo nám.",50.10186,13.73893
"Rakovník,žel.zast.",50.10408,13.74938
"Rakovník,žel.zast.",50.10422,13.74981
"Rakovník,židovský hřbitov",50.09863,13.74351
"Rakovník,židovský hřbitov",50.09877,13.74286
"Ralsko,Kuřívody",50.58604,14.80391
"Ralsko,Ploužnice",50.63137,14.75217
"Ralsko,Ploužnice",50.63073,14.75252
"Ralsko,Skelná Huť",50.60837,14.77395
"Ralsko,Skelná Huť",50.60843,14.77377
Rápošovská,50.07716,14.65502
Rápošovská,50.07753,14.65361
"Rašovice,Jindice",49.91309,15.08392
"Rašovice,Jindice",49.91319,15.08374
"Rašovice,Mančice,rozc.",49.89956,15.08159
"Rašovice,Mančice,rozc.",49.89848,15.08093
Rataje,49.70392,14.96992
"Rataje,rozc.",49.70372,14.96591
"Rataje,rozc.",49.70381,14.96591
Ratboř,49.97801,15.15934
Ratboř,49.97792,15.15954
"Ratboř,rozc.Těšínky",49.95386,15.14507
"Ratboř,rozc.Těšínky",49.95401,15.14431
"Ratboř,Sedlov",49.96408,15.15251
"Ratboř,Sedlov",49.96397,15.15237
"Ratboř,Těšínky",49.95567,15.14615
"Ratboř,Těšínky",49.95565,15.14604
"Ratboř,žel.st.",49.98262,15.16227
"Ratboř,žel.st.",49.98214,15.16201
Ratibořské Hory,49.46267,14.76945
Ratibořské Hory,49.46276,14.76978
"Ratibořské Hory,Podolí,rozc.0.3",49.46673,14.73563
"Ratibořské Hory,Podolí,rozc.0.3",49.46674,14.73592
"Ratibořské Hory,Ratibořice,rozc.1.5",49.47271,14.74532
"Ratibořské Hory,Ratibořice,rozc.1.5",49.47275,14.74548
"Ratibořské Hory,U Menšíků",49.46598,14.77141
"Ratibořské Hory,U Menšíků",49.4659,14.77146
"Ratibořské Hory,Vřesce",49.44807,14.75566
"Ratibořské Hory,Vřesce",49.44806,14.75591
Ratměřice,49.64322,14.75557
Ratměřice,49.64322,14.75522
"Ratměřice,Habrovka",49.6433,14.74349
"Ratměřice,Habrovka",49.64342,14.74355
"Ratměřice,u hřiště",49.64096,14.74959
"Ratměřice,u hřiště",49.64104,14.74966
Reinerova,50.07484,14.3103
Reinerova,50.07359,14.30999
Rektorská,50.08755,14.5068
Rektorská,50.08742,14.50683
Rembrandtova,50.06787,14.5127
Rembrandtova,50.0685,14.5122
Roblín,49.9618,14.24812
Roblín,49.96236,14.24761
"Roblín,Kuchařík",49.97744,14.24926
"Roblín,Kuchařík",49.97758,14.24887
Ročov,50.25227,13.77278
Ročov,50.25228,13.77297
"Ročov,Břínkov",50.27706,13.78882
"Ročov,Břínkov",50.27702,13.78874
"Ročov,Třebocká",50.2502,13.7686
"Ročov,Třebocká",50.24999,13.76822
"Ročov,Úlovice",50.26452,13.79248
"Ročov,Úlovice",50.26447,13.79236
Rohožnická,50.07316,14.6787
Rohožnická,50.07335,14.67717
Rokoska,50.11722,14.45793
Rokoska,50.11753,14.45709
Rokycanova,50.08622,14.45553
Rokycanova,50.08612,14.45543
"Rokycany,,aut.nádr.",49.74136,13.59063
"Rokycany,Jiráskova",49.7399,13.59848
"Rokycany,Železná",49.7424,13.6019
"Rokytá,Dolní Rokytá,rozc.",50.54375,14.8945
"Rokytá,Dolní Rokytá,rozc.",50.54364,14.89465
"Rokytňany,Dolní Rokytňany",50.37703,15.12825
"Rokytňany,Dolní Rokytňany",50.37733,15.12816
"Rokytňany,Horní Rokytňany",50.37559,15.13801
"Rokytňany,Horní Rokytňany",50.37569,15.13792
"Rokytnice n.Jiz.,,host.",50.719,15.42286
"Rokytnice n.Jiz.,,host.",50.71909,15.42263
"Rokytnice n.Jiz.,Horní Rokytnice",50.72992,15.4734
"Rokytnice n.Jiz.,Horní Rokytnice",50.72984,15.47355
"Rokytnice n.Jiz.,nám.",50.72919,15.45147
"Rokytnice n.Jiz.,nám.",50.72931,15.45112
Ronešova,50.10715,14.56618
Ronešova,50.10719,14.56558
Rooseveltova,50.10374,14.39941
Rooseveltova,50.10382,14.40008
"Roprachtice,rozc.",50.66482,15.40859
"Roprachtice,rozc.",50.66475,15.40848
Rosečská,50.03815,14.45343
Rosečská,50.03847,14.45558
Rosovice,49.75682,14.10951
"Rosovice,Holšiny I",49.7613,14.10108
"Rosovice,Holšiny I",49.76115,14.10121
"Rosovice,Holšiny II",49.75703,14.09639
"Rosovice,Holšiny II",49.75715,14.09661
"Rosovice,Holšiny III rozc.1.0",49.75112,14.09174
"Rosovice,Holšiny III rozc.1.0",49.75119,14.09199
"Rosovice,Sychrov",49.76174,14.11584
"Rosovice,Sychrov",49.76168,14.11602
Roudná,49.30171,14.72063
Roudná,49.30257,14.72168
"Roudnice n.L.,aut.nádr. (v ul. Riegrova)",50.42317,14.26082
"Roudnice n.L.,aut.nádr.",50.42416,14.26047
"Roudnice n.L.,Čihadla",50.41938,14.26611
"Roudnice n.L.,Čihadla",50.41936,14.26568
"Roudnice n.L.,Hornická",50.42566,14.24047
"Roudnice n.L.,nemocnice",50.42354,14.24763
"Roudnice n.L.,Purkyňovo nám.",50.42273,14.25475
"Roudnice n.L.,Purkyňovo nám.",50.42281,14.25456
"Roudnice n.L.,sídliště",50.42421,14.24316
"Roudnice n.L.,u hřbitova",50.42636,14.24407
Rousínovská,50.1459,14.57246
Rousínovská,50.14655,14.57032
Roztocká,50.12737,14.39883
Roztocká,50.12706,14.39853
Roztocká,50.12576,14.39841
Roztocká,50.12787,14.39915
"Roztoky,,Levý Hradec",50.16698,14.37236
"Roztoky,,Přemyslovská",50.16512,14.37104
"Roztoky,Karlov (RA)",49.97888,13.892
"Roztoky,Karlov (RA)",49.97892,13.89202
"Roztoky,Nádraží (PZ)",50.15951,14.39803
"Roztoky,Nádraží (PZ)",50.15952,14.39796
"Roztoky,Placanda (RA)",49.97887,13.88519
"Roztoky,Placanda (RA)",49.97892,13.88482
"Roztoky,Rozc.Žalov (PZ)",50.16032,14.37214
"Roztoky,Rozc.Žalov (PZ)",50.16028,14.37236
"Roztoky,Tyršovo nám. (PZ)",50.16107,14.39205
"Roztoky,Tyršovo nám. (PZ)",50.161,14.39234
"Roztoky,U Rybníčku (PZ)",50.16142,14.38271
"Roztoky,U Rybníčku (PZ)",50.16138,14.38276
"Roztoky,Višňová (RA)",50.01874,13.85427
"Roztoky,Višňová (RA)",50.01865,13.85446
"Roztoky,Záv. (RA)",50.02914,13.86725
Roztylské náměstí,50.04449,14.4788
Roztylské náměstí,50.04448,14.47835
Roztyly,50.0379,14.47736
Roztyly,50.03753,14.47884
Roztyly,50.0375,14.47776
Roztyly,50.03746,14.47791
Roztyly,50.03791,14.47615
Roztyly,50.03743,14.47733
Rozýnova,50.08005,14.36823
Rozýnova,50.08005,14.36925
"Rožmitál p.Tř.,aut.st.",49.60454,13.86509
"Rožmitál p.Tř.,aut.st.",49.60482,13.8649
"Rožmitál p.Tř.,aut.st.",49.60459,13.86533
"Rožmitál p.Tř.,hasičárna",49.60012,13.87108
"Rožmitál p.Tř.,hasičárna",49.60011,13.87131
"Rožmitál p.Tř.,křiž.",49.60396,13.87619
"Rožmitál p.Tř.,křiž.",49.6034,13.8764
"Rožmitál p.Tř.,Pňovice",49.58938,13.91278
"Rožmitál p.Tř.,Pňovice",49.5895,13.91253
"Rožmitál p.Tř.,Pňovice,bytovky",49.59137,13.90975
"Rožmitál p.Tř.,Pňovice,Podhora",49.59217,13.89784
"Rožmitál p.Tř.,Pňovice,Podhora",49.59227,13.89735
"Rožmitál p.Tř.,Starý Rožmitál",49.60748,13.85207
"Rožmitál p.Tř.,Starý Rožmitál",49.60761,13.85181
Rpety,49.8286,13.93753
Rpety,49.82854,13.93739
"Rpety,Draha",49.82619,13.94047
"Rpety,Draha",49.82621,13.94028
"Rpety,rozc.2.0",49.84146,13.93462
"Rpety,rozc.2.0",49.84167,13.93413
"Rpety,ZD",49.83259,13.93634
"Rpety,ZD",49.83252,13.93618
Rtyňská,50.0817,14.57241
Rtyňská,50.08106,14.57066
Ruda,50.14036,13.86309
Ruda,50.14024,13.86305
"Ruda,Horácká lísa",50.13902,13.83457
"Ruda,Horácká lísa",50.13891,13.83512
"Ruda,osada Brejl",50.10092,13.87564
"Ruda,osada Brejl",50.10092,13.87572
"Ruda,sv.Alžběta",50.09153,13.86826
"Ruda,sv.Alžběta",50.09153,13.86826
"Ruda,u rybníka",50.14226,13.87264
"Ruda,u rybníka",50.14292,13.87367
"Rudná,Celní úřad",50.02021,14.20504
"Rudná,Celní úřad",50.02016,14.20509
"Rudná,Dušníky",50.03714,14.24001
"Rudná,Dušníky",50.03705,14.24011
"Rudná,Hewlett-Packard",50.01773,14.20059
"Rudná,Hewlett-Packard",50.01848,14.20192
"Rudná,Hořelice",50.02694,14.21236
"Rudná,Hořelice",50.02698,14.2127
"Rudná,Nerudova",50.03211,14.2267
"Rudná,Nerudova",50.03178,14.22608
"Rudná,Škola",50.02996,14.22095
"Rudná,Škola",50.03006,14.22156
"Rudná,U Kina",50.03434,14.23267
"Rudná,U Kina",50.03398,14.23195
"Rudná,U Nádraží",50.03853,14.2437
"Rudná,U Nádraží",50.03904,14.24534
"Rudná,V Brance",50.02501,14.21817
"Rudná,V Brance",50.02519,14.21765
"Rudná,Vypich",50.01593,14.19779
"Rudná,Vypich",50.01573,14.1982
"Rudná,Za Panskou zahradou",50.02233,14.20689
"Rudná,Za Panskou zahradou",50.02279,14.20687
Ruská,50.07166,14.45127
Ruská,50.07123,14.45138
Ruzyňská škola,50.08357,14.31833
Ruzyňská škola,50.08345,14.31787
Ruzyňská,50.08553,14.32486
Ruzyňská,50.0861,14.32533
Ruzyňský hřbitov,50.07607,14.31237
Ruzyňský hřbitov,50.07599,14.31193
Ruzyňský velkoobchod,50.08656,14.31458
Ruzyňský velkoobchod,50.08611,14.31279
"Rybníky,Libice",49.73505,14.20847
"Rybníky,Libice",49.73493,14.20755
Rychnovská,50.1355,14.51422
Rychnovská,50.13475,14.51385
Rynholec,50.13892,13.92169
Rynholec,50.13893,13.92185
"Rynholec,záv.",50.13876,13.94083
"Rynholec,záv.",50.13894,13.93976
Ryšánka,50.04038,14.43637
Ryšánka,50.04065,14.43975
Ryšánka,50.04073,14.4392
"Řehenice,Babice",49.8807,14.62344
"Řehenice,Babice",49.88172,14.62316
"Řehenice,Dařbože",49.87218,14.61074
"Řehenice,Dařbože",49.87217,14.61088
"Řehenice,Křiváček",49.86693,14.64382
"Řehenice,Křiváček",49.86679,14.64442
Řendějov,49.76786,15.08008
"Řendějov,Jiřice",49.77079,15.10137
"Řendějov,Jiřice",49.77088,15.10161
"Řendějov,Nový Samechov",49.76913,15.08755
"Řendějov,Nový Samechov",49.76918,15.08751
"Řendějov,Starý Samechov",49.77638,15.09415
"Řendějov,Starý Samechov",49.77642,15.0943
Řepčická,50.04805,14.54503
Řepčická,50.04781,14.54497
Řepín,50.36724,14.63204
Řepín,50.36724,14.63204
"Řepín,u dvora",50.37228,14.63193
"Řepín,u dvora",50.37228,14.63193
"Řepín,Živonín",50.37964,14.634
"Řepín,Živonín",50.37974,14.63408
"Řepín,Živonín,žel.zast.",50.39314,14.6133
"Řepín,Živonín,žel.zast.",50.39307,14.61307
Řepínská,50.13387,14.43022
Řepínská,50.13316,14.42987
Řeporyjské náměstí,50.03275,14.31188
Řeporyjské náměstí,50.03287,14.31213
"Řepov,hl.sil.",50.40864,14.95537
"Řepov,hl.sil.",50.40884,14.95418
"Řevnice,Nádraží",49.91601,14.23795
Řevničov,50.18318,13.80875
Řevničov,50.18347,13.80872
"Řevničov,k Buckému rybníku",50.17476,13.82684
"Řevničov,k Buckému rybníku",50.17498,13.8268
"Řevničov,ObÚ",50.18425,13.80864
"Řevničov,ObÚ",50.18447,13.80833
"Řevničov,Rozc.K Žel.st.",50.16804,13.84157
"Řevničov,Rozc.K Žel.st.",50.16857,13.84121
"Řevničov,u transf.",50.18811,13.80423
"Řevničov,u transf.",50.18818,13.80461
Řezáčovo náměstí,50.10051,14.43663
Říčanova,50.08145,14.35335
Říčanova,50.08133,14.35277
"Říčany,5.května",49.9934,14.66725
"Říčany,5.května",49.99334,14.66563
"Říčany,Černokostelecká",50.00741,14.65176
"Říčany,Černokostelecká",50.00741,14.65176
"Říčany,Hřbitov",49.98864,14.64392
"Říčany,Hřbitov",49.98887,14.64424
"Říčany,Jažlovice",49.96371,14.63432
"Říčany,K Žel.st.",49.99899,14.66837
"Říčany,K Žel.st.",49.99942,14.66718
"Říčany,Kuří",49.98762,14.62023
"Říčany,Kuří",49.98778,14.62052
"Říčany,Kuříčko",49.98799,14.63851
"Říčany,Kuříčko",49.98819,14.63723
"Říčany,nádraží",49.99659,14.66219
"Říčany,nádraží",49.99657,14.6622
"Říčany,nám.",49.99161,14.65569
"Říčany,nám.",49.9917,14.65564
"Říčany,Nemocnice",49.99589,14.67446
"Říčany,Nemocnice",49.99628,14.67508
"Říčany,Olivovna",49.99191,14.6916
"Říčany,Olivovna",49.99184,14.69106
"Říčany,Pacov",50.01264,14.67436
"Říčany,Pacov",50.01276,14.67343
"Říčany,Pacov,Horní Pacov",50.01345,14.68234
"Říčany,Pacov,Horní Pacov",50.01368,14.6819
"Říčany,Pacov,U Hřbitova",50.01051,14.66865
"Říčany,Pacov,U Hřbitova",50.00969,14.66825
"Říčany,Park A.Švehly",49.99516,14.6599
"Říčany,Pod Lihovarem",49.99724,14.65886
"Říčany,Pod Lihovarem",49.99694,14.65904
"Říčany,Podhradí",49.99145,14.65146
"Říčany,Podhradí",49.99163,14.65133
"Říčany,Politických vězňů",49.99431,14.66767
"Říčany,Politických vězňů",49.99423,14.6676
"Říčany,Prům.areál Černokostelecká",50.00481,14.65688
"Říčany,Prům.areál Černokostelecká",50.00455,14.65764
"Říčany,Rychta",49.99442,14.68319
"Říčany,Rychta",49.99457,14.68311
"Říčany,Strašín",50.00319,14.70203
"Říčany,Strašín",50.00327,14.70185
"Říčany,Strašín,Rest.",49.9997,14.70366
"Říčany,Strašín,Rest.",49.99984,14.7036
"Říčany,Štefánikova",49.99341,14.66064
"Říčany,Štefánikova",49.99356,14.66055
"Říčany,U Lípy",49.99015,14.64996
"Říčany,U Lípy",49.99012,14.64981
"Říčany,U Milána",49.99375,14.65837
"Říčany,U Nem.",49.99633,14.67701
"Říčany,U Nem.",49.99614,14.67786
"Říčany,U Podjezdu",50.00116,14.6623
"Říčany,U Podjezdu",50.00197,14.66398
"Říčany,U Větrníku",50.00171,14.66258
"Říčany,U Větrníku",50.00136,14.66332
"Říčany,Wolkerova",49.99525,14.64972
"Říčany,Wolkerova",49.99525,14.64972
Řimovice,49.69615,14.94348
Řimovice,49.69624,14.94345
Římská,50.07697,14.43542
Římská,50.07656,14.43539
Řitka,49.89468,14.2989
Řitka,49.89478,14.29824
"Řitka,Hl.sil.",49.89325,14.30476
"Řitka,Hl.sil.",49.8932,14.30557
"Řitonice,Domousnická",50.40778,15.10905
"Řitonice,Domousnická",50.40781,15.10886
Sádek,49.7329,13.98266
Sádek,49.73278,13.9828
Sadská,50.1333,14.98661
Sadská,50.13324,14.98618
"Sadská,Hálkova",50.14078,14.98764
"Sadská,Hálkova",50.14061,14.98726
"Sadská,Hotel Modrá Hvězda",50.1451,14.98103
"Sadská,Hotel Modrá Hvězda",50.14532,14.98065
"Sadská,Husova",50.13728,14.98509
"Sadská,Kaple",50.13355,14.9691
"Sadská,Kaple",50.13372,14.96947
"Sadská,Mrsolská cesta",50.14997,14.9647
"Sadská,Mrsolská cesta",50.14995,14.96514
Safírová,49.98957,14.35042
Safírová,49.98998,14.3503
"Samopše,Talmberk",49.86686,14.9546
"Samopše,Talmberk",49.86684,14.95443
"Samšina,Drštěkryje",50.45449,15.25101
"Samšina,Drštěkryje",50.4546,15.24941
"Samšina,odb.",50.45305,15.23917
"Samšina,odb.",50.45327,15.2371
Santoška,50.06671,14.39911
Santoška,50.06623,14.39917
Satalice,50.12527,14.57259
Satalice,50.12582,14.57105
Satalice,50.12588,14.57075
Satalická obora,50.12647,14.57522
Satalická obora,50.12677,14.57474
"Sázava,aut.st.",49.87469,14.90758
"Sázava,aut.st.",49.87472,14.9078
"Sázava,aut.st.",49.8748,14.90744
"Sázava,aut.st.",49.87483,14.90774
"Sázava,Bělokozly",49.84996,14.90072
"Sázava,Bělokozly",49.84971,14.90032
"Sázava,Bělokozly,Trucovna",49.85487,14.89907
"Sázava,Bělokozly,Trucovna",49.8548,14.89898
"Sázava,Klášterní",49.87474,14.89603
"Sázava,Klášterní",49.87501,14.89602
"Sázava,osada Kopaniny",49.87902,14.88301
"Sázava,osada Kopaniny",49.87981,14.88319
Sazená,50.30476,14.28706
Sazená,50.30478,14.28717
Sdružení,50.05442,14.44245
Sdružení,50.05452,14.44267
"Sedlčany,aut.st.",49.65791,14.42887
"Sedlčany,aut.st.",49.65791,14.42862
"Sedlčany,aut.st.",49.65798,14.42887
"Sedlčany,aut.st.",49.65802,14.42886
"Sedlčany,aut.st.",49.65801,14.4286
"Sedlčany,aut.st.",49.65776,14.42856
"Sedlčany,Doubravice,rozc.",49.64029,14.43394
"Sedlčany,Doubravice,rozc.",49.64025,14.4341
"Sedlčany,KDS",49.65104,14.42881
"Sedlčany,KDS",49.65177,14.42844
"Sedlčany,kulturní dům",49.65918,14.42024
"Sedlčany,kulturní dům",49.65911,14.42026
"Sedlčany,Libíň",49.6259,14.42416
"Sedlčany,Libíň",49.62592,14.42431
"Sedlčany,Libíň,Klimětice",49.6333,14.43241
"Sedlčany,Libíň,Klimětice",49.63328,14.43249
"Sedlčany,Libíň,Klimětice",49.6333,14.43299
"Sedlčany,Libíň,Klimětice",49.63342,14.43303
"Sedlčany,Novoměstská",49.66269,14.42325
"Sedlčany,Novoměstská",49.66342,14.42374
"Sedlčany,Oříkov,rozc.",49.65152,14.37927
"Sedlčany,Roudný",49.67546,14.42373
"Sedlčany,Roudný",49.67555,14.4239
"Sedlčany,Sedlecká",49.65488,14.42592
"Sedlčany,Sedlecká",49.65496,14.426
"Sedlčany,Sestrouň,rozc.",49.68648,14.43009
"Sedlčany,Sestrouň,rozc.",49.68646,14.43027
"Sedlčany,Solopysky",49.65407,14.38361
"Sedlčany,Solopysky",49.65396,14.38364
"Sedlčany,Třebnice",49.65134,14.35886
"Sedlčany,Třebnice",49.65125,14.35882
"Sedlčany,Třebnice,rozc.",49.65342,14.37282
"Sedlčany,Třebnice,Štíleček",49.64675,14.34671
"Sedlčany,Třebnice,Štíleček",49.64674,14.34688
Sedlec (PH),50.18462,14.45704
Sedlec (PH),50.18471,14.45706
Sedlec,50.13468,14.3919
"Sedlec,PEMA (PH)",50.18491,14.44956
"Sedlec,PEMA (PH)",50.18486,14.44989
Sedlecký přívoz,50.1337,14.39303
Sedlecký přívoz,50.133,14.3937
"Sedlec-Prčice,Měšetice",49.5826,14.51865
"Sedlec-Prčice,Měšetice",49.58264,14.51874
"Sedlec-Prčice,nám.",49.57302,14.5325
"Sedlec-Prčice,nám.",49.5728,14.53262
"Sedlec-Prčice,Prčice",49.57787,14.53926
"Sedlec-Prčice,Prčice",49.57773,14.5392
"Sedlec-Prčice,rozc.Mrákotice",49.59192,14.5605
"Sedlec-Prčice,rozc.Mrákotice",49.59193,14.56066
"Sedlec-Prčice,Sušetice",49.56056,14.50696
"Sedlec-Prčice,Sušetice",49.56051,14.50695
"Sedlec-Prčice,u Milotů",49.58085,14.54256
"Sedlec-Prčice,u Milotů",49.58083,14.54269
"Sedlec-Prčice,Veletín,rozc.",49.55422,14.48936
"Sedlec-Prčice,Veletín,rozc.",49.5542,14.48945
Sedlice (PB),49.62122,13.88042
Sedlice (PB),49.62123,13.8807
"Sedlice,Hoděmyšl (PB)",49.61159,13.88912
"Sedlice,Hoděmyšl (PB)",49.6114,13.88914
Sekeřická,50.11305,14.61013
Seletice,50.32354,15.09411
Seletice,50.32351,15.09401
Selská,50.04762,14.52352
Selská,50.04753,14.52359
Selská,50.04582,14.52639
Selských baterií,50.07398,14.31656
Selských baterií,50.07395,14.31612
Semčice,50.36975,15.00549
Semčice,50.36988,15.00544
"Semčice,zdravotní středisko",50.36612,15.00392
"Semčice,zdravotní středisko",50.36623,15.00408
Semice,50.16391,14.87571
Semice,50.16417,14.87526
Semice,50.1644,14.87461
"Semice,Křiž.",50.1655,14.85964
"Semice,Křiž.",50.16585,14.8583
"Semice,Rozc.Velenka",50.16283,14.87887
"Semice,Rozc.Velenka",50.16278,14.87917
"Semice,Školka",50.16422,14.8713
"Semice,Školka",50.16409,14.86912
"Semily,,aut.nádr.",50.60226,15.3265
"Semily,aut.nádr.",50.60247,15.32648
"Semily,Cimbál",50.62123,15.3374
"Semily,Cimbál",50.62115,15.3362
"Semily,Komenského nám.",50.60332,15.33723
"Semily,Komenského nám.",50.60296,15.33744
"Semily,krematorium",50.60744,15.33508
"Semily,krematorium",50.60727,15.33417
"Semily,Luční",50.60227,15.32897
"Semily,Nouzov,odb.",50.62476,15.35021
"Semily,Nouzov,odb.",50.62495,15.34998
"Semily,U 14 pomocníků",50.61061,15.34122
"Semily,U 14 pomocníků",50.61041,15.34012
Senec,50.06694,13.70567
Senec,50.06689,13.70578
Senice,50.18346,15.20748
Senice,50.18333,15.20722
"Senohraby,Odb.",49.89515,14.71332
"Senohraby,Odb.",49.89521,14.71298
"Senohraby,U Školy",49.89568,14.72208
"Senohraby,U Školy",49.89609,14.72341
"Senohraby,U Zvoničky",49.89528,14.71813
"Senohraby,U Zvoničky",49.89534,14.71805
"Senohraby,Žel.st.",49.89711,14.72801
"Senomaty,Hostokryje,rozc.",50.07108,13.67924
"Senomaty,Hostokryje,rozc.",50.07118,13.67976
Serpentina,50.03608,14.40102
Severozápadní,50.04691,14.47644
Severozápadní,50.04682,14.47599
Sezemická,50.12441,14.61905
Sezemická,50.12468,14.61947
"Sezimovo Ústí,Kovosvit",49.37689,14.69903
Schengenská,50.10583,14.27238
Schodová,50.06824,14.36324
Schodová,50.06824,14.36387
Sibeliova,50.09278,14.3842
Sibeliova,50.09287,14.38369
Sibeliova,50.09249,14.38424
Sibeliova,50.09255,14.38464
Sibiřské náměstí,50.1047,14.406
Sibiřské náměstí,50.10452,14.40592
Sibřina,50.05745,14.66854
Sibřina,50.05627,14.66987
Sibřina,50.05622,14.67009
"Sibřina,Stupice",50.05318,14.64786
"Sibřina,Stupice",50.05336,14.64784
"Sibřina,Zahradní",50.05402,14.66831
"Sibřina,Zahradní",50.05398,14.66791
Sídliště Barrandov,50.0315,14.36848
Sídliště Barrandov,50.03151,14.36777
Sídliště Bohnice,50.1318,14.40962
Sídliště Bohnice,50.13158,14.4101
Sídliště Bohnice,50.13145,14.41212
Sídliště Čakovice,50.15776,14.52009
Sídliště Čakovice,50.15756,14.52051
Sídliště Černý Most,50.10221,14.5827
Sídliště Černý Most,50.10213,14.58293
Sídliště Červený Vrch,50.09798,14.35919
Sídliště Červený Vrch,50.09807,14.35929
Sídliště Čimice,50.14319,14.43131
Sídliště Čimice,50.14492,14.4326
Sídliště Čimice,50.14423,14.43215
Sídliště Ďáblice,50.13271,14.47949
Sídliště Ďáblice,50.13208,14.4794
Sídliště Ďáblice,50.13194,14.47923
Sídliště Ďáblice,50.13272,14.4784
Sídliště Hloubětín,50.10656,14.54249
Sídliště Hloubětín,50.10654,14.54357
Sídliště Hloubětín,50.10629,14.54218
Sídliště Hloubětín,50.10652,14.54133
Sídliště Homolka,50.0737,14.35143
Sídliště Homolka,50.07357,14.35208
Sídliště Horní Počernice,50.11099,14.61376
Sídliště Horní Počernice,50.1116,14.61456
Sídliště Jahodnice,50.08866,14.55099
Sídliště Jahodnice,50.08895,14.55023
Sídliště Jinonice,50.05101,14.36517
Sídliště Jinonice,50.05111,14.36611
Sídliště Kobylisy,50.12753,14.45225
Sídliště Kobylisy,50.12655,14.45197
Sídliště Krč,50.02278,14.45131
Sídliště Krč,50.02318,14.45149
Sídliště Lehovec,50.10325,14.54893
Sídliště Lehovec,50.10327,14.54835
Sídliště Letňany,50.14276,14.50663
Sídliště Letňany,50.14259,14.50698
Sídliště Lhotka,50.01715,14.43268
Sídliště Lhotka,50.01704,14.43311
Sídliště Lhotka,50.01667,14.43529
Sídliště Lhotka,50.01702,14.43513
Sídliště Lhotka,50.01823,14.43601
Sídliště Libuš,50.00615,14.45428
Sídliště Libuš,50.00602,14.45421
Sídliště Libuš,50.00601,14.45367
Sídliště Libuš,50.00593,14.45416
Sídliště Malešice (Počernická - východ),50.08317,14.5083
Sídliště Malešice (Počernická - východ),50.08304,14.50967
Sídliště Malešice (Počernická - západ),50.08267,14.50645
Sídliště Malešice,50.08294,14.50682
Sídliště Malešice,50.08293,14.50883
Sídliště Modřany,50.00523,14.43253
Sídliště Modřany,50.00504,14.43336
Sídliště Na Dědině,50.09279,14.30911
Sídliště Na Groši,50.05761,14.52143
Sídliště Na Groši,50.05831,14.52132
Sídliště Novodvorská,50.02492,14.4345
Sídliště Novodvorská,50.0253,14.43428
Sídliště Pankrác,50.0489,14.43403
Sídliště Pankrác,50.04958,14.4349
Sídliště Pankrác,50.04867,14.43569
Sídliště Pankrác,50.04877,14.43539
Sídliště Petrovice,50.03426,14.56389
Sídliště Petrovice,50.03447,14.56378
Sídliště Petrovice,50.03475,14.5628
Sídliště Petrovice,50.03523,14.56275
Sídliště Petřiny,50.0868,14.34015
Sídliště Petřiny,50.08661,14.33974
Sídliště Petřiny,50.08666,14.33968
Sídliště Petřiny,50.0859,14.33882
Sídliště Petřiny,50.08638,14.33954
Sídliště Písnice,50.00061,14.46649
Sídliště Písnice,50.0012,14.4666
Sídliště Písnice,50.00077,14.46642
Sídliště Prosek,50.12206,14.49404
Sídliště Prosek,50.12293,14.49343
Sídliště Radotín,49.98025,14.35333
Sídliště Radotín,49.98017,14.35375
Sídliště Rohožník,50.07262,14.68155
Sídliště Rohožník,50.07264,14.68207
Sídliště Řepy,50.06514,14.2989
Sídliště Řepy,50.06547,14.29806
Sídliště Řepy,50.06517,14.29889
Sídliště Řepy,50.06553,14.2982
Sídliště Řepy,50.0651,14.29898
Sídliště Řepy,50.06498,14.2971
Sídliště Řepy,50.06544,14.29803
Sídliště Skalka,50.06253,14.51113
Sídliště Skalka,50.06268,14.51162
Sídliště Spořilov,50.048,14.49075
Sídliště Spořilov,50.04758,14.48967
Sídliště Stodůlky,50.04715,14.31667
Sídliště Stodůlky,50.04677,14.31722
Sídliště Uhříněves,50.03098,14.61196
Sídliště Uhříněves,50.03132,14.61133
Sídliště Zahradní Město,50.05729,14.5126
Sídliště Zahradní Město,50.05672,14.51326
Sídliště Zahradní Město,50.05631,14.51387
Sídliště Zahradní Město,50.05718,14.51294
Sídliště Zbraslav,49.9678,14.38416
Sídliště Zbraslav,49.96802,14.38472
Sídliště Zbraslav,49.96841,14.38443
Sídliště Zličín,50.06046,14.29297
Sídliště Zličín,50.06004,14.29353
Sicherova,50.11505,14.56112
Sicherova,50.11525,14.5611
Skalka u Doks,50.56361,14.61909
Skalka u Doks,50.56356,14.61887
Skalka,50.06797,14.50758
Skalka,50.06797,14.50758
Skalka,50.06815,14.5072
Skalka,50.0681,14.50808
Skalka,50.06842,14.50856
Skalka,50.06844,14.50717
Skládka Ďáblice,50.15416,14.48571
Skládka Ďáblice,50.15447,14.48557
Sklářská,50.0572,14.53637
Sklářská,50.05729,14.53687
Skloněná,50.10022,14.48683
Skloněná,50.10045,14.48833
Skorkov,50.23092,14.74949
Skorkov,50.23138,14.74919
"Skorkov,Otradovice,Křiž.",50.2162,14.7418
"Skorkov,Otradovice,Křiž.",50.21618,14.74165
"Skorkov,Podbrahy",50.22077,14.74574
"Skorkov,Podbrahy",50.22055,14.74549
Skryje,49.96523,13.76729
"Skryje,Suchá jedle",49.93978,13.78126
"Skryje,Suchá jedle",49.93964,13.78107
"Skryje,u mostu",49.96984,13.77305
"Skryje,u mostu",49.97007,13.77199
"Skryje,U Ručiček",49.94535,13.76525
"Skryje,U Ručiček",49.94532,13.76529
Skuhrov (BE),49.87561,14.14674
Skuhrov (BE),49.87553,14.14682
"Skuhrov,Drahlovice (BE)",49.87189,14.13914
"Skuhrov,Drahlovice (BE)",49.87182,14.13922
"Skuhrov,Hatě (BE)",49.88147,14.16398
"Skuhrov,Hatě (BE)",49.88107,14.16342
"Skuhrov,Hodyně (BE)",49.88473,14.1742
"Skuhrov,Hodyně (BE)",49.88471,14.17457
Skvrňov,49.8978,14.99969
Skvrňov,49.89777,14.99947
"Slabce,Kostelík",49.97454,13.70609
"Slabce,Kostelík",49.97467,13.70638
"Slabce,Kostelík,pila",49.96215,13.69967
"Slabce,Kostelík,pila",49.9621,13.70003
"Slabce,Modřejovice",49.99413,13.69099
"Slabce,Modřejovice",49.99411,13.69113
"Slabce,ovčín",49.99475,13.69955
"Slabce,ovčín",49.9947,13.69975
"Slabce,pošta",49.99987,13.71278
"Slabce,Rousínov",50.01945,13.67495
"Slabce,Rousínov",50.01946,13.67507
"Slabce,rozc.",50.01092,13.71444
"Slabce,rozc.",50.01091,13.71454
"Slabce,Skupá,rozc.",50.01722,13.71292
"Slabce,Skupá,rozc.",50.01726,13.713
"Slabce,Svinařov",50.00631,13.69285
"Slabce,Svinařov",50.00638,13.69294
"Slabce,u Reformy",50.00301,13.71474
"Slabce,u Reformy",50.00291,13.71486
Slaná,50.58074,15.33047
Slaná,50.58084,15.3302
Slánská,50.06447,14.3094
Slánská,50.06455,14.30853
Slánská,50.06458,14.30877
Slánská,50.06433,14.30918
"Slaný,Arbesova",50.23196,14.06691
"Slaný,aut.nádr.",50.22833,14.08783
"Slaný,aut.nádr.",50.22847,14.08844
"Slaný,aut.nádr.",50.22824,14.08856
"Slaný,aut.nádr.",50.22831,14.08869
"Slaný,aut.nádr.",50.22818,14.08882
"Slaný,aut.nádr.",50.22873,14.08828
"Slaný,aut.nádr.",50.22877,14.08849
"Slaný,aut.nádr.",50.22864,14.08832
"Slaný,aut.nádr.",50.22868,14.08855
"Slaný,aut.nádr.",50.22853,14.08823
"Slaný,aut.nádr.",50.22857,14.08847
"Slaný,aut.nádr.",50.22842,14.08822
"Slaný,Blahotice",50.23785,14.12155
"Slaný,Blahotice",50.23752,14.12105
"Slaný,ČSAD",50.22577,14.0743
"Slaný,ČSAD",50.22573,14.07466
"Slaný,Dolín,I",50.25051,14.11182
"Slaný,Dolín,I",50.25061,14.11206
"Slaný,Dolín,II",50.25336,14.1154
"Slaný,Dolín,II",50.25326,14.11542
"Slaný,Dražkovická",50.23429,14.07595
"Slaný,Dražkovická",50.23421,14.07603
"Slaný,Fantův mlýn",50.22421,14.08266
"Slaný,Fantův mlýn",50.22393,14.08224
"Slaný,Farma",50.23885,14.09432
"Slaný,Farma",50.23876,14.09435
"Slaný,Kvíc",50.21154,14.06442
"Slaný,Kvíc",50.21161,14.06442
"Slaný,Kvíc,u hrušky",50.21016,14.06986
"Slaný,Kvíc,u hrušky",50.21019,14.06962
"Slaný,Kvíček",50.21924,14.07726
"Slaný,Kvíček",50.21918,14.07694
"Slaný,Mírová",50.22708,14.07178
"Slaný,modelářské středisko",50.22526,14.08266
"Slaný,modelářské středisko",50.2256,14.08281
"Slaný,Nosačická",50.23386,14.08708
"Slaný,Nosačická",50.23384,14.08732
"Slaný,odb.Drnov",50.22525,14.11442
"Slaný,odb.Drnov",50.22512,14.11449
"Slaný,P.Hrubého",50.23088,14.07247
"Slaný,P.Hrubého",50.23048,14.07234
"Slaný,Palackého",50.2323,14.0849
"Slaný,Pražská",50.22836,14.09543
"Slaný,Pražská",50.22822,14.09546
"Slaný,Prům.zóna sever",50.24117,14.09491
"Slaný,Prům.zóna sever",50.24116,14.0951
"Slaný,Rabasova",50.22745,14.06819
"Slaný,Smetáčkova",50.22865,14.06917
"Slaný,Smetáčkova",50.2287,14.06913
"Slaný,sokolovna",50.2331,14.08055
"Slaný,sokolovna",50.23327,14.07984
"Slaný,Šultysova",50.23028,14.08349
"Slaný,Šultysova",50.2301,14.08355
"Slaný,Těhul",50.20534,14.07109
"Slaný,Těhul",50.20452,14.07107
"Slaný,Tomanova",50.2331,14.07176
"Slaný,Trpoměchy",50.25019,14.06184
"Slaný,Trpoměchy",50.25016,14.06154
"Slaný,U Sloupu",50.23589,14.07407
"Slaný,U Sloupu",50.23581,14.07391
"Slaný,u stadionu",50.22522,14.06911
"Slaný,žel.st.",50.2282,14.07612
"Slaný,žel.st.",50.22758,14.07578
"Slaný,Žel.zast.předměstí",50.22686,14.10184
"Slaný,Žel.zast.předměstí",50.22673,14.10206
"Slaný,Želevčice",50.2576,14.09691
"Slaný,Želevčice",50.25686,14.09674
"Slaný,Želevčice,Rozc.",50.25949,14.11459
"Slaný,Želevčice,Rozc.",50.25957,14.11479
"Slaný,Žižkova",50.22819,14.08169
"Slaný,Žižkova",50.22794,14.08286
"Slapy,Jednota",49.81277,14.3984
"Slapy,Jednota",49.8127,14.39867
"Slapy,Motorest",49.81688,14.39466
"Slapy,Motorest",49.81708,14.39476
"Slapy,Motorest",49.81664,14.39576
"Slapy,Motorest",49.81677,14.39559
"Slapy,Na Polesí",49.82049,14.38592
"Slapy,Na Polesí",49.82087,14.38598
"Slapy,Na Polesí",49.82057,14.38551
"Slapy,Na Polesí",49.82056,14.38563
"Slapy,Na Rovínku",49.81958,14.40639
"Slapy,Na Rovínku",49.81961,14.40635
Slatina,50.22441,14.22171
"Slatina,u cihelny",50.22734,14.23562
"Slatina,u cihelny",50.22713,14.23594
Slatiňanská,50.10797,14.59124
Slatiňanská,50.10831,14.59139
Slatinová,50.03767,14.3228
Slatinová,50.03781,14.324
Slavia - Nádraží Eden,50.06944,14.47011
Slavia - Nádraží Eden,50.06961,14.47126
Slavia - Nádraží Eden,50.06831,14.46923
Slavia - Nádraží Eden,50.06793,14.46982
Slavínského,50.03316,14.38556
Slavínského,50.03273,14.38614
Slavínského,50.03331,14.38623
Slavošov,49.76247,15.15277
Slavošov,49.76245,15.15247
"Slavošov,Hranice",49.78589,15.17763
"Slavošov,Hranice",49.78585,15.1775
"Slavošov,Věžníkov,rozc.",49.77481,15.17274
"Slavošov,Věžníkov,rozc.",49.77483,15.17255
Slivenec,50.02017,14.35485
Slivenec,50.02007,14.35557
Slivenecká,50.03802,14.38977
Slivenecká,50.03795,14.39077
Slovinská,50.07059,14.46007
Slovinská,50.07097,14.45822
Sluhy,50.19239,14.55762
Sluhy,50.19101,14.55826
"Sluhy,Nad Hájem",50.19256,14.56952
"Sluhy,Nad Hájem",50.19258,14.56934
"Sluhy,Rozc.Brázdim",50.19562,14.55874
"Sluhy,Rozc.Brázdim",50.19555,14.55867
Sluštice,50.03688,14.68443
Sluštice,50.03693,14.685
"Sluštice,,škola",50.03958,14.68495
"Sluštice,,škola",50.03953,14.68507
Služská,50.12467,14.44914
Služská,50.12401,14.45062
Smaragdová,50.02648,14.36071
Smečno,50.18883,14.04302
Smečno,50.18859,14.04269
"Smečno,Na Kopaninách",50.16878,14.01659
"Smečno,Na Kopaninách",50.16874,14.01639
"Smečno,Ovčín",50.17869,14.01812
"Smečno,Ovčín",50.1787,14.0179
Smíchovské nádraží (terminál BUS),50.05996,14.40937
Smíchovské nádraží (terminál BUS),50.05976,14.40946
Smíchovské nádraží,50.06146,14.40927
Smíchovské nádraží,50.06118,14.4092
Smíchovské nádraží,50.06138,14.40903
Smíchovské nádraží,50.06109,14.40907
Smíchovské nádraží,50.05973,14.40919
Smíchovské nádraží,50.0602,14.40917
Smíchovské nádraží,50.06184,14.4094
Smíchovské nádraží,50.06236,14.40853
Smíchovské nádraží,50.06207,14.40856
Smíchovské nádraží,50.06081,14.40911
Smíchovské nádraží,50.0618,14.40911
Smíchovské nádraží,50.0597,14.40902
Smíchovský hřbitov,50.06207,14.38944
Smíchovský hřbitov,50.06223,14.38955
Smilkov,49.60226,14.61749
Smilkov,49.60226,14.6176
"Smilkov,dvůr",49.60413,14.62788
"Smilkov,dvůr",49.60414,14.62797
"Smilkov,Kouty",49.61166,14.63441
"Smilkov,Kouty",49.61161,14.63449
"Smilkov,Líštěnec",49.61669,14.63697
"Smilkov,Líštěnec",49.61689,14.63745
"Smilkov,Oldřichovec",49.60009,14.6599
"Smilkov,Oldřichovec",49.60032,14.65997
Smilovice (MB),50.30875,14.96037
Smilovice (MB),50.30875,14.96066
Smilovice (RA),50.24802,13.80455
Smilovice (RA),50.24803,13.80476
"Smilovice,Bratronice (MB)",50.29967,14.95676
"Smilovice,Bratronice (MB)",50.29977,14.95652
"Smilovice,Rejšice (MB)",50.31774,14.97244
"Smilovice,Rejšice (MB)",50.31777,14.97258
"Smilovice,Újezd (MB)",50.30936,14.95239
"Smilovice,Újezd (MB)",50.30832,14.95331
Smiřická,50.08975,14.66649
Smiřická,50.08978,14.66635
"Smolnice,rozc.",50.32153,13.86156
"Smolnice,rozc.",50.32134,13.86163
Smržovská,50.09509,14.66904
Smržovská,50.09473,14.66863
Snět,49.62658,15.22722
Snět,49.62658,15.22722
Soběhrdy,49.82109,14.73468
Soběhrdy,49.82119,14.73469
"Soběhrdy,Mezihoří",49.8353,14.73319
"Soběhrdy,Mezihoří,rozc.",49.83482,14.74953
"Soběhrdy,Mezihoří,rozc.",49.83484,14.74963
"Soběhrdy,u hřbitova",49.8236,14.74333
"Soběhrdy,u hřbitova",49.8237,14.74328
"Soběhrdy,Žíňany,rozc.",49.81556,14.72164
"Soběhrdy,Žíňany,rozc.",49.81561,14.72158
"Soběslav,Zimní stadion",49.25558,14.71719
"Soběslav,Zimní stadion",49.25565,14.71746
Sobín,50.06842,14.26335
Sobín,50.06814,14.26339
"Sobotka,koupaliště",50.47498,15.16916
"Sobotka,koupaliště",50.47493,15.16908
"Sobotka,Lavice,Šalanda",50.45904,15.21377
"Sobotka,Lavice,Šalanda",50.4598,15.21184
"Sobotka,Na Syrovandě",50.46445,15.1685
"Sobotka,Na Syrovandě",50.46452,15.16846
"Sobotka,nám.",50.46756,15.17687
"Sobotka,nám.",50.46765,15.17633
"Sobotka,Staňkova Lhota",50.46524,15.19459
"Sobotka,Staňkova Lhota",50.46525,15.19469
"Sobotka,škola",50.4678,15.18142
"Sobotka,škola",50.46786,15.18204
Sojovice,50.22195,14.76058
Sojovice,50.22194,14.75991
Sokoleč,50.09626,15.10727
Sokoleč,50.09637,15.10694
"Sokoleč,U Pekárny",50.10154,15.1059
"Sokoleč,U Pekárny",50.10065,15.10564
Solenice,49.61107,14.18871
"Solenice,Dolní Líšnice",49.61919,14.17874
"Solenice,Dolní Líšnice",49.6193,14.17866
Solidarita,50.07689,14.49383
Solidarita,50.07688,14.49472
Solná,49.99656,14.36629
"Sosnová,hl.sil.",50.65833,14.53541
"Sosnová,hl.sil.",50.65699,14.5345
Soutice,49.72564,15.05283
"Soutice,Kalná",49.71394,15.07242
"Soutice,Kalná",49.71406,15.0724
Sovákova,50.12336,14.58086
Sovákova,50.12298,14.58241
Sovenická,50.13765,14.54707
Sovenická,50.13675,14.54697
Spalovna Malešice,50.07891,14.53784
Sparta,50.09926,14.4186
Sparta,50.09899,14.41613
Sparta,50.09907,14.41805
Sparta,50.09932,14.41797
Spiritka,50.07737,14.36832
Spiritka,50.07697,14.3671
Spojovací,50.09184,14.4986
Spojovací,50.09151,14.49941
Spojovací,50.09132,14.49919
Spojovací,50.09232,14.49802
Spolská,50.09058,14.54132
Spolská,50.09065,14.54179
Spomyšl,50.33412,14.36055
Spomyšl,50.33412,14.36055
"Spomyšl,U Lávky",50.33612,14.36817
"Spomyšl,U Lávky",50.33598,14.36742
Sportareál Satalice,50.12355,14.56688
Sportareál Satalice,50.12325,14.56656
Sportovní centrum Horní Počernice,50.10911,14.61026
Sportovní centrum Horní Počernice,50.10884,14.61011
Sportovní centrum Kbely,50.13492,14.54416
Sportovní centrum Kbely,50.13507,14.54437
Sportovní centrum Řepy,50.06724,14.29557
Sportovní centrum Řepy,50.06723,14.29543
Spořilov,50.05094,14.48221
Spořilov,50.05056,14.48201
Spořilov,50.04834,14.4811
Spořilov,50.04853,14.48109
Spořilov,50.0484,14.48275
Spořilov,50.04998,14.48258
Spořilov,50.05055,14.48348
Správa sociálního zabezpečení,50.05885,14.40595
Správa sociálního zabezpečení,50.05971,14.40585
Stadion Strahov,50.07835,14.3882
Stadion Strahov,50.07819,14.38784
Stadion Strahov,50.07848,14.38911
Stadion Strahov,50.07871,14.38854
Staňkovice,49.87584,15.01759
Staňkovice,49.87592,15.01742
"Staňkovice,Chlum",49.87655,15.00024
"Staňkovice,Chlum",49.87675,15.00028
"Staňkovice,Nová Ves",49.87984,15.03791
"Staňkovice,Nová Ves",49.88,15.03786
"Staňkovice,Ostašov",49.87785,15.0319
"Staňkovice,Ostašov",49.87805,15.03186
"Staňkovice,Smilovice,rozc.",49.8788,14.99061
"Staňkovice,Smilovice,rozc.",49.87908,14.99066
Stará Holyně,50.02978,14.35716
Stará Holyně,50.02963,14.35671
Stará Libuš,50.00787,14.463
Stará Libuš,50.00834,14.46275
Stará Lysá,50.22141,14.80338
Stará Lysá,50.2215,14.80309
"Stará Lysá,Čihadla",50.23914,14.78763
"Stará Lysá,Čihadla",50.23897,14.78775
"Stará Lysá,Hostinec",50.22517,14.80063
"Stará Lysá,Hostinec",50.22495,14.80067
Stará obec,50.08868,14.57784
Stará Stodůlecká,50.0495,14.35698
Stará Stodůlecká,50.04927,14.35762
Staré Bohnice,50.13331,14.4158
Staré Bohnice,50.13384,14.41588
Staré Letňany,50.13797,14.51706
Staré Letňany,50.13782,14.5168
Staré náměstí,50.08221,14.31069
Staré náměstí,50.08149,14.31041
Staré Strašnice,50.06844,14.49263
Staré Strašnice,50.068,14.4932
Staré Strašnice,50.06865,14.49197
Staré Strašnice,50.06867,14.4922
Starochuchelská,50.01145,14.38587
Starolázeňská,50.01638,14.3896
Starolázeňská,50.0158,14.38959
Staroměstská,50.0882,14.41532
Staroměstská,50.08846,14.41555
Staroměstská,50.08913,14.41653
Staroměstská,50.08972,14.41612
Staroměstská,50.08885,14.41528
Staroměstská,50.08795,14.41828
Staroměstská,50.08846,14.41707
Staroměstské náměstí,50.08794,14.42089
Starý Hloubětín,50.10465,14.52997
Starý Hloubětín,50.10471,14.53071
Starý Hloubětín,50.10435,14.52991
Starý Hloubětín,50.10402,14.53021
Starý Prosek,50.11785,14.49138
Starý Prosek,50.11741,14.4909
Starý Prosek,50.11852,14.49056
Starý Prosek,50.11828,14.49108
Starý Spořilov,50.0425,14.47363
Starý Spořilov,50.04258,14.47339
Starý Vestec,50.1446,14.84761
Starý Vestec,50.1448,14.84706
Starý Vestec,50.14441,14.84599
Starý Vestec,50.14445,14.8461
Starý Zličín,50.06185,14.28068
Starý Zličín,50.0616,14.28022
Stašov,49.88391,13.957
Stašov,49.8839,13.95669
"Statenice,Černý Vůl",50.1486,14.32912
"Statenice,Černý Vůl",50.14886,14.32772
"Statenice,Černý Vůl,Hospoda",50.14667,14.33341
"Statenice,Černý Vůl,Hospoda",50.14673,14.33277
"Statenice,Račanská",50.1442,14.31248
"Statenice,Račanská",50.14435,14.31225
"Statenice,U Kovárny",50.14368,14.32333
"Statenice,U Kovárny",50.14346,14.32249
Stavební zóna Horní Počernice,50.11643,14.59937
"Stehelčeves,ObÚ",50.17115,14.19114
"Stehelčeves,ObÚ",50.17078,14.19107
"Stehelčeves,u brůdku",50.17382,14.19102
"Stehelčeves,u brůdku",50.17397,14.19084
Stodůlky,50.04654,14.30802
Stodůlky,50.04663,14.3075
Stodůlky,50.04669,14.30584
Stodůlky,50.04671,14.30724
Stodůlky-Bavorská,50.05413,14.31087
Stodůlky-Bavorská,50.05542,14.31018
Stodůlky-Bavorská,50.05532,14.3098
Stodůlky-Bavorská,50.05368,14.31191
Stodůlky-Bavorská,50.05329,14.30982
"Stochov,Čelechovice",50.16924,13.95559
"Stochov,Čelechovice",50.16931,13.9557
"Stochov,Honice",50.15153,13.95692
"Stochov,Honice",50.1516,13.95708
"Stochov,nám.",50.14665,13.95683
"Stochov,Slovanka I",50.13713,13.96554
"Stochov,Slovanka I",50.13715,13.96585
"Stochov,Slovanka II",50.13873,13.96444
"Stochov,Slovanka II",50.13861,13.96443
"Stochov,Slovanka",50.13858,13.96863
"Stochov,Slovanka",50.13874,13.96862
"Stochov,U Dubu",50.14822,13.96291
"Stochov,U Dubu",50.14815,13.96305
"Stochov,u křížku",50.14419,13.96535
"Stochov,u křížku",50.14449,13.96517
Stochovská,50.08307,14.31131
Stochovská,50.08288,14.31084
Straky,50.23345,14.96003
Straky,50.23333,14.95963
"Straky,ZD",50.23037,14.96119
"Straky,ZD",50.23029,14.96114
"Strančice,Kašovice",49.94453,14.63986
"Strančice,obchodní centrum",49.94545,14.67063
"Strančice,obchodní centrum",49.94561,14.6708
"Strančice,Otice",49.96398,14.64539
"Strančice,Předboř",49.94582,14.62808
"Strančice,rozc.průmyslová zóna",49.94368,14.64806
"Strančice,rozc.Sklenka",49.95181,14.6316
"Strančice,Svojšovice",49.95852,14.65633
"Strančice,škola",49.94718,14.6746
"Strančice,Všechromy",49.94832,14.65634
"Strančice,Všechromy,náves",49.94897,14.6509
"Strančice,žel.st.",49.94931,14.67818
"Strančice,žel.st.",49.94984,14.67859
Stranný,49.75312,14.4957
Stranný,49.7531,14.49541
"Stranný,Břevnice",49.75333,14.51274
"Stranný,Břevnice",49.75318,14.51287
"Stranný,Rozc.",49.75099,14.50245
"Stranný,Rozc.",49.75085,14.50262
"Strašice,Dvůr",49.74478,13.76355
"Strašice,Dvůr",49.74482,13.76345
"Strašice,Huť",49.7292,13.75264
"Strašice,Huť",49.72937,13.75259
"Strašice,Mikulíkův mlýn",49.73106,13.7454
"Strašice,Mikulíkův mlýn",49.73107,13.74569
"Strašice,ObÚ",49.73473,13.75721
"Strašice,ObÚ",49.73484,13.75704
"Strašice,U Libuše",49.73843,13.75515
"Strašice,U Libuše",49.73845,13.75498
Strašnická,50.0726,14.49049
Strašnická,50.07302,14.49109
Strašnická,50.07245,14.49068
Strašnická,50.07237,14.4925
Strašnická,50.07228,14.49172
Strašnická,50.07281,14.49094
Strašnická,50.07333,14.49009
"Strašnov,u dálnice",50.34526,14.87077
"Strašnov,u dálnice",50.34509,14.87102
Strážiště,50.59282,14.92996
Strážiště,50.59274,14.92973
"Strážiště,Kozmice",50.6142,14.92415
"Strážiště,Kozmice",50.61423,14.92403
Strážní,50.09232,14.48154
Strážní,50.09219,14.48101
Strnady,49.94557,14.39442
Strnady,49.94573,14.3947
Strojetice,49.65266,15.06475
Strojetice,49.65258,15.06478
"Strojetice,u kovárny",49.64975,15.06312
"Strojetice,u kovárny",49.64983,15.06322
Strojírenská,50.06586,14.2884
Strojírenská,50.06592,14.28835
Strossmayerovo náměstí,50.0989,14.43289
Strossmayerovo náměstí,50.09888,14.43369
Strossmayerovo náměstí,50.09864,14.43326
Strossmayerovo náměstí,50.09865,14.4333
Struhařov (BN),49.76577,14.76154
Struhařov (BN),49.76583,14.76137
Struhařov (PH),49.95226,14.74462
Struhařov (PH),49.95246,14.74385
"Struhařov,Bořeňovice,rozc. (BN)",49.76867,14.783
"Struhařov,Bořeňovice,rozc. (BN)",49.76861,14.78307
"Struhařov,Habr (PH)",49.95377,14.75265
"Struhařov,Habr (PH)",49.95382,14.75273
"Struhařov,Myslíč,rozc. (BN)",49.77292,14.72662
"Struhařov,Myslíč,rozc. (BN)",49.7729,14.72687
"Struhařov,Střížkov (BN)",49.78565,14.77593
"Struhařov,Střížkov (BN)",49.78566,14.77587
"Struhařov,U hřiště (PH)",49.95658,14.75048
"Struhařov,U hřiště (PH)",49.95674,14.75046
"Struhařov,Věřice (BN)",49.78509,14.77032
"Struhařov,Věřice (BN)",49.78512,14.77038
"Struhařov,Věřice,rozc. (BN)",49.79088,14.7644
"Struhařov,Věřice,rozc. (BN)",49.79092,14.76436
"Struhařov,žel.zast. (BN)",49.76264,14.75005
"Struhařov,žel.zast. (BN)",49.76268,14.75014
"Struhařov,žel.zast. (BN)",49.76312,14.75067
"Struhařov,žel.zast. (BN)",49.76317,14.75053
"Stř.Skalice,Kost.Střimel.,Skalka",49.91564,14.79907
"Stř.Skalice,Kost.Střimel.,Skalka",49.91568,14.79931
Středokluky,50.13063,14.2369
Středokluky,50.13037,14.23712
"Středokluky,Nad Běloky",50.13166,14.22912
"Středokluky,Nad Běloky",50.13163,14.22817
"Středokluky,rozc.Černovičky",50.13789,14.24535
"Středokluky,rozc.Černovičky",50.13763,14.24548
"Středokluky,U Školy",50.13218,14.23725
"Středokluky,U Školy",50.13232,14.23698
Střelničná,50.12577,14.45866
Střelničná,50.12577,14.4592
Střemy,50.38383,14.56497
Střemy,50.38385,14.5648
"Střemy,Jenichov",50.37712,14.58653
"Střemy,Jenichov",50.37698,14.58653
"Střemy,Štampach",50.39689,14.55687
"Střemy,Štampach",50.39689,14.55687
"Stříbrná Skalice,Blatiny",49.89768,14.85478
"Stříbrná Skalice,Blatiny",49.89777,14.85437
"Stříbrná Skalice,Hrad.Střimelice",49.90143,14.81522
"Stříbrná Skalice,Hrad.Střimelice",49.9017,14.81602
"Stříbrná Skalice,Hradec",49.92587,14.83017
"Stříbrná Skalice,Hradec",49.9257,14.83014
"Stříbrná Skalice,Hruškov",49.90822,14.83336
"Stříbrná Skalice,Hruškov",49.90795,14.83367
"Stříbrná Skalice,Kost.Střimelice",49.91524,14.80691
"Stříbrná Skalice,Kost.Střimelice",49.91562,14.80705
"Stříbrná Skalice,Náměstí",49.89771,14.84599
"Stříbrná Skalice,Náměstí",49.89783,14.84594
"Stříbrná Skalice,Propast",49.92228,14.82893
"Stříbrná Skalice,Propast",49.92232,14.82921
"Stříbrná Skalice,U Konvalinků",49.89174,14.86068
"Stříbrná Skalice,U Konvalinků",49.89219,14.86105
"Stříbrná Skalice,V Můstkách",49.90289,14.83165
"Stříbrná Skalice,V Můstkách",49.90287,14.83115
"Stříbrná Skalice,Vozlín",49.90266,14.83878
"Stříbrná Skalice,Vozlín",49.90248,14.83896
"Stříbrná Skalice,Žel.st.",49.88722,14.85731
"Stříbrná Skalice,Žel.st.",49.88666,14.85742
"Stříbrná Skalice,Žel.st.",49.8866,14.85721
Střížkov,50.12598,14.48889
Střížkov,50.12586,14.4896
Střížkov,50.12692,14.48925
Střížkov,50.12697,14.48864
Střížkov,50.12579,14.48993
Střížkov,50.12655,14.48916
Studenecká,50.08712,14.57581
Studeněves,50.22416,14.04472
Studeněves,50.22401,14.04467
"Studeněves,Krkavčí mlýn",50.22382,14.05298
"Studeněves,Krkavčí mlýn",50.22371,14.05295
Studentský dům,50.10587,14.38992
Studentský dům,50.10593,14.3901
Studený,49.60805,15.12856
Studený,49.60799,15.12817
"Studený,Petrova Lhota",49.61423,15.12089
"Studený,Petrova Lhota",49.61419,15.12077
"Studený,rozc.",49.60738,15.13306
"Studený,rozc.",49.60727,15.13297
Sudějovická,50.07511,14.66621
Sudějovická,50.07539,14.66528
Sudoměřice u Tábora,49.51018,14.65788
Sudoměřice u Tábora,49.51024,14.65802
Sudovo Hlavno,50.26254,14.68523
Sudovo Hlavno,50.26227,14.68496
"Sudovo Hlavno,Rozc.k háj.",50.27074,14.6651
"Sudovo Hlavno,Rozc.k háj.",50.27079,14.66508
Suchdol (KH),49.95282,15.167
Suchdol,50.13903,14.37892
Suchdol,50.1393,14.37963
"Suchdol,Dobřeň",49.93944,15.14848
"Suchdol,Dobřeň",49.93956,15.14852
"Suchdol,Malenovice",49.9405,15.13334
"Suchdol,Malenovice",49.94055,15.13337
"Suchdol,Solopysky",49.93599,15.12772
"Suchdol,Solopysky",49.93592,15.12771
"Suchdol,Vysoká,rozc. (KH)",49.95141,15.18147
"Suchdol,Vysoká,rozc. (KH)",49.95165,15.18144
Suchdolské náměstí,50.13609,14.3807
Suchdolské náměstí,50.13564,14.37996
Suchodol,49.7246,14.08305
Suchodol,49.72459,14.0833
"Suchodol,Líha,rozc.1.0",49.71857,14.07374
"Suchodol,Líha,rozc.1.0",49.71855,14.07401
Suchomasty,49.89526,14.05663
Suchomasty,49.89521,14.05644
"Suchomasty,Škola I",49.8967,14.05483
"Suchomasty,Škola I",49.89633,14.05554
"Suchomasty,Škola I",49.8967,14.05483
Sukorady,50.42645,15.0305
Sukorady,50.42648,15.02997
"Sukorady,Martinovice",50.43282,15.04358
"Sukorady,Martinovice",50.4329,15.0433
Sukovská,50.01598,14.53624
Sukovská,50.01622,14.53484
Sulice,49.92368,14.55723
Sulice,49.92363,14.55743
"Sulice,Hlubočinka",49.93394,14.55921
"Sulice,Hlubočinka",49.93389,14.55943
"Sulice,Hlubočinka,Obchodní centrum",49.93895,14.55327
"Sulice,Hlubočinka,Obchodní centrum",49.93917,14.55219
"Sulice,Hlubočinka,Obchodní centrum",49.93803,14.55359
"Sulice,Na Křížkách",49.92634,14.5695
"Sulice,Na Křížkách",49.92723,14.56849
"Sulice,Na Křížkách",49.92659,14.56847
"Sulice,Na Křížkách",49.92693,14.56943
"Sulice,Nechánice",49.91544,14.53889
"Sulice,Želivec",49.9157,14.58192
"Sulice,Želivec",49.91616,14.58188
"Sulice,Želivec",49.91539,14.58262
"Sulice,Želivec",49.91538,14.58278
"Sulice,Želivec,Mandava",49.92285,14.57562
"Sulice,Želivec,Mandava",49.92302,14.57553
Sulická,50.02649,14.44587
Sulická,50.02647,14.44543
Sušická,50.10184,14.37281
Sušická,50.10181,14.37291
Svárov,50.06264,14.15118
Svárov,50.06256,14.15117
"Svárov,Rymáň",50.06962,14.14369
"Svárov,Rymáň",50.06943,14.14368
"Svárov,škola",50.06376,14.15473
"Svárov,škola",50.0634,14.15419
"Svatá,myslivna Král",49.9369,13.94571
"Svatá,myslivna Král",49.93696,13.94555
"Svatá,pod kopcem",49.9385,13.96842
"Svatá,pod kopcem",49.93856,13.96821
"Svatá,u Sýkorů",49.93845,13.95696
"Svatá,u Sýkorů",49.93854,13.95681
"Svatá,Zelený kříž",49.94138,13.92056
"Svatá,Zelený kříž",49.94149,13.92025
Svaté Pole,49.74809,14.16956
Svaté Pole,49.74798,14.16972
"Svaté Pole,Dolní Svaté Pole",49.75799,14.16893
"Svaté Pole,Dolní Svaté Pole",49.75814,14.16912
"Svaté Pole,u kostela",49.75167,14.16892
"Svaté Pole,u kostela",49.75204,14.16871
Svatoňovická,50.08373,14.57428
Svatoňovická,50.08416,14.57431
Svatoplukova,50.0651,14.42917
Svatoplukova,50.06499,14.4297
Svatý Jan p.Skalou,49.96875,14.13329
Svatý Jan p.Skalou,49.9687,14.13334
"Svatý Jan p.Skalou,Sedlec",49.97835,14.13525
"Svatý Jan p.Skalou,Sedlec",49.97847,14.13562
"Svatý Jan p.Skalou,Svatý Jánek",49.97389,14.13502
"Svatý Jan p.Skalou,Svatý Jánek",49.97387,14.13512
Svatý Jan,49.63651,14.31139
Svatý Jan,49.63646,14.31138
"Svatý Jan,Drážkov",49.65063,14.28707
"Svatý Jan,Drážkov",49.65054,14.28705
"Svatý Jan,Hojšín",49.65409,14.26909
"Svatý Jan,Hojšín",49.65408,14.26932
"Svatý Jan,Hrachov",49.66429,14.29746
"Svatý Jan,Hrachov,Vestecký most",49.67398,14.26661
"Svatý Jan,Hrachov,Vestecký most",49.67389,14.26674
"Svatý Jan,Hrachov,Zrůbek",49.67684,14.28802
"Svatý Jan,Hrachov,Zrůbek",49.67677,14.28835
"Svatý Jan,Jedle",49.6402,14.30701
"Svatý Jan,Jedle",49.64017,14.30694
"Svatý Jan,rozc.",49.63507,14.3154
"Svatý Jan,rozc.",49.63494,14.31545
"Svatý Jan,Řadovy",49.63175,14.27578
"Svatý Jan,Řadovy",49.63182,14.27598
"Svatý Jan,Řadovy,Radobyl",49.63571,14.2728
"Svatý Jan,Řadovy,Radobyl",49.63573,14.27292
"Svatý Jan,Skrýšov",49.64592,14.30066
"Svatý Jan,Skrýšov",49.64591,14.30047
"Svatý Jan,v jedlinách",49.63793,14.32494
"Svatý Mikuláš,rozc.Rohozec",49.9803,15.3496
"Svatý Mikuláš,rozc.Rohozec",49.97957,15.3498
"Svatý Mikuláš,Svatá Kateřina,bioplyn.st.",49.99094,15.33643
"Svatý Mikuláš,Svatá Kateřina,bioplyn.st.",49.9908,15.33652
"Svatý Mikuláš,Svatá Kateřina,ObÚ",50.00232,15.33625
"Svatý Mikuláš,Svatá Kateřina,ObÚ",50.00229,15.33599
"Svatý Mikuláš,zámek Kačina",49.98434,15.3471
"Svatý Mikuláš,zámek Kačina",49.98437,15.34723
Svémyslice,50.14627,14.64835
Svémyslice,50.1462,14.64832
Svépravice,50.10292,14.61047
Svépravice,50.1031,14.61016
Svépravice,50.1038,14.60828
Svépravice,50.10367,14.60883
"Svijany,obec",50.57228,15.06444
"Svinaře,Halouny",49.88826,14.20493
"Svinaře,Halouny",49.88818,14.20525
"Svinaře,ObÚ",49.88995,14.1866
"Svinaře,ObÚ",49.8899,14.18673
Svinařov,50.1813,14.04971
Svinařov,50.18121,14.04994
Svojetice,49.97211,14.73834
Svojetice,49.97243,14.73841
"Svojetice,K Tehovci",49.976,14.7349
"Svojetice,K Tehovci",49.976,14.73503
"Svojetice,Na skalce",49.9692,14.73892
"Svojetice,Na skalce",49.96928,14.73922
"Svojetice,Na vyhlídce",49.96331,14.74487
"Svojetice,Na vyhlídce",49.96278,14.74539
"Svojetice,U Hájenky",49.96579,14.73302
"Svojetice,U Hájenky",49.96593,14.73317
Svojetín,50.19151,13.62983
Svojetín,50.19144,13.63001
Svojšice (KO),50.00356,15.04357
Svojšice (KO),50.00343,15.04326
"Svojšice,Bošice (KO)",50.01558,15.03217
"Svojšice,Bošice (KO)",50.01462,15.03121
"Svojšice,Bošice,Rozc. (KO)",50.0103,15.04678
"Svojšice,Bošice,Rozc. (KO)",50.01027,15.04666
"Svojšice,Karlov (KO)",50.0127,15.04368
"Svojšice,Karlov (KO)",50.01267,15.04348
"Svojšice,Votelež (KO)",49.99944,15.01022
"Svojšice,Votelež (KO)",49.99952,15.01004
"Svor,Nová Huť",50.83101,14.59096
"Svor,Nová Huť",50.83098,14.59071
"Svor,otočka",50.7918,14.59857
Svrkyně,50.17156,14.29623
Svrkyně,50.17146,14.29574
Sychrov,50.12036,14.65821
Sychrov,50.12022,14.65644
Sýkořice,50.03467,13.9314
Sýkořice,50.03461,13.93113
"Sýkořice,Luby",50.04148,13.96192
"Sýkořice,Luby",50.04157,13.96163
"Sýkořice,U Křížku",50.03872,13.94381
"Sýkořice,U Křížku",50.03876,13.94351
Šafránecká,50.07588,14.34505
Šafránecká,50.07587,14.34442
Šafránkova,50.05842,14.33942
Šafránkova,50.05805,14.33934
Šafránkova,50.05902,14.33778
Šafránkova,50.05894,14.33785
Šeberák,50.012,14.49063
Šeberák,50.01145,14.492
Šeberov,50.01778,14.51082
Šeberov,50.01853,14.51057
Šebířov,49.5652,14.82426
Šebířov,49.56508,14.82419
"Šebířov,Skrýšov",49.57728,14.83021
"Šebířov,Skrýšov",49.57724,14.83031
Šedivého,50.07092,14.31463
Šedivého,50.07093,14.31476
"Šestajovice,Balkán",50.10581,14.68027
"Šestajovice,Balkán",50.10603,14.6805
"Šestajovice,Pražská",50.10235,14.67576
"Šestajovice,Pražská",50.10256,14.67623
"Šestajovice,U Školy",50.11189,14.68246
"Šestajovice,U Školy",50.11186,14.68241
"Šestajovice,Za Stodolami",50.11301,14.67997
"Šestajovice,Za Stodolami",50.11355,14.67947
Šetějovice,49.64503,15.222
Šetějovice,49.64505,15.22211
"Šetějovice,Dolní Rápotice",49.63806,15.23345
"Šetějovice,Dolní Rápotice",49.63804,15.23359
"Šetějovice,Nechyba",49.64809,15.21642
"Šetějovice,Nechyba",49.64817,15.21637
Šimůnkova,50.13265,14.47013
Šimůnkova,50.13262,14.47063
Šimůnkova,50.13353,14.47065
Škola Dolní Počernice,50.0885,14.58116
Škola Dolní Počernice,50.08865,14.58147
Škola Dubeč,50.06325,14.5914
Škola Dubeč,50.06258,14.59055
Škola Kolovraty,50.0111,14.62768
Škola Kolovraty,50.01123,14.62752
Škola Lipence,49.96068,14.3561
Škola Lipence,49.96068,14.35635
Škola Nebušice,50.11098,14.33054
Škola Nebušice,50.11089,14.33085
Škola Radlice,50.06002,14.394
Škola Radlice,50.06031,14.39502
Škola Radlice,50.05949,14.39348
Škola Radlice,50.05945,14.39287
Škola Řepy,50.069,14.29632
Škola Řepy,50.0689,14.29551
Škola Štěrboholy,50.07212,14.55263
Škola Štěrboholy,50.07225,14.55276
Škola Velká Chuchle,50.01202,14.38233
"Škvorec,MŠ",50.05051,14.73174
"Škvorec,MŠ",50.05089,14.73176
"Škvorec,nám.",50.04688,14.73112
"Škvorec,rozc.",50.04494,14.73978
"Škvorec,rozc.",50.04492,14.74003
"Škvorec,Třebohostice",50.03741,14.72032
"Škvorec,Třebohostice,škola",50.03876,14.72056
Šlapanice,50.31659,14.10979
Šlapanice,50.31652,14.10987
"Šlapanice,Budeničky",50.31897,14.09981
"Šlapanice,Budeničky",50.31908,14.09985
"Šlapanice,křižovatka",50.31344,14.10902
"Šlapanice,křižovatka",50.31343,14.10915
Šmukýřka,50.06417,14.37048
Šmukýřka,50.06437,14.37075
Špejchar,50.09734,14.4103
Špejchar,50.09757,14.40968
Šperlova,50.03427,14.5109
Šperlova,50.0342,14.51083
Špitálka,50.11057,14.37805
Špitálka,50.11037,14.37825
Špitálská,50.11112,14.50463
Špitálská,50.1109,14.50541
Šporkova,50.0874,14.3981
Štefkova,50.07978,14.35328
Štefkova,50.07969,14.35278
Štěchovice,49.85169,14.40625
Štěchovice,49.85164,14.4061
"Štěchovice,Masečín",49.85078,14.38118
"Štěchovice,Třebenice",49.82483,14.43978
Štěchovická,50.07203,14.50101
Štěchovická,50.07216,14.50053
Štěpánská,50.07552,14.42445
Štěpařská,50.03203,14.37348
Štěpařská,50.03252,14.3733
Štěpničná,50.12798,14.47728
Štěpničná,50.12801,14.47766
Štěpničná,50.12774,14.47612
Štěpničná,50.12799,14.47815
Štěrboholy,50.07165,14.55028
Štěrboholy,50.07193,14.55056
"Štětí,Cihelná",50.4557,14.3706
"Štětí,Cihelná",50.45563,14.37089
"Štětí,hotelový dům",50.45617,14.38267
"Štětí,hotelový dům",50.45602,14.38272
"Štětí,Počeplice",50.43166,14.39515
"Štětí,Počeplice",50.43149,14.39535
"Štětí,sídliště",50.44971,14.37965
"Štětí,sídliště",50.44976,14.37947
"Štětí,záv.",50.46075,14.36752
"Štětí,záv.",50.46032,14.36757
"Štíhlice,Doubravčická",50.00841,14.77773
"Štíhlice,Doubravčická",50.0085,14.77754
"Štichovice,Křečov",49.97205,13.32224
"Štichovice,Křečov",49.97198,13.32227
"Štichovice,rozc.",49.97299,13.30314
"Štichovice,rozc.",49.97291,13.30305
Štipoklasy,49.82448,15.21331
Štipoklasy,49.82459,15.21324
Štorkánova,50.06166,14.3934
Štorkánova,50.06166,14.39195
Štvanice,50.09513,14.43689
Štvanice,50.09541,14.43701
Šumavská,50.0754,14.44419
Šumavská,50.07529,14.44356
Šumperská,50.13592,14.50906
Šumperská,50.13584,14.50816
Švandovo divadlo,50.07848,14.40417
Švandovo divadlo,50.07839,14.40571
Švandovo divadlo,50.07867,14.40467
Švandovo divadlo,50.07862,14.40443
"Tábor,aut.nádr.",49.4142,14.67434
"Tábor,aut.nádr.",49.41435,14.6746
"Tábor,aut.nádr.",49.41422,14.67414
"Tábor,aut.nádr.",49.41391,14.67447
"Tábor,aut.nádr.",49.41422,14.67492
"Tábor,aut.nádr.",49.41415,14.67529
"Tábor,Brisk a.s.",49.41499,14.6862
"Tábor,Brisk a.s.",49.41482,14.68606
"Tábor,Čekanice,Na vyhlídce",49.42299,14.67837
"Tábor,Čekanice,Na vyhlídce",49.42317,14.67856
"Tábor,Čekanice,silo",49.43111,14.68821
"Tábor,Čekanice,silo",49.43125,14.68851
"Tábor,Čekanice,u cihelny",49.42834,14.68608
"Tábor,Čekanice,u cihelny",49.42829,14.68648
"Tábor,Hlinice",49.42925,14.71845
"Tábor,Hlinice",49.42938,14.71903
"Tábor,Hlinice,myslivna",49.4344,14.72879
"Tábor,Hlinice,myslivna",49.43436,14.72889
"Tábor,Hlinice,rozc.2.0",49.4446,14.7028
"Tábor,Hlinice,rozc.2.0",49.44456,14.70295
"Tábor,Hlinice,V chalupách",49.43854,14.73819
"Tábor,Hlinice,V chalupách",49.43855,14.73835
"Tábor,Klokoty",49.41892,14.64585
"Tábor,Klokoty",49.41946,14.64336
"Tábor,Křižíkovo nám.",49.41265,14.66468
"Tábor,nem.",49.41965,14.65289
"Tábor,nem.",49.41945,14.64983
"Tábor,Nový Ráj",49.41718,14.66273
"Tábor,Písecké rozc.",49.41941,14.66046
"Tábor,poliklinika",49.41131,14.67031
"Tábor,Stránského",49.41581,14.68358
"Tábor,Stránského",49.41552,14.68394
"Tábor,Vožická Elektroizola",49.41597,14.68942
"Tábor,Vožická Elektroizola",49.41624,14.69054
"Tábor,Všechov",49.4304,14.6208
"Tábor,Všechov",49.43077,14.62031
"Tábor,Záluží,škola",49.42311,14.70903
"Tábor,Záluží,škola",49.42301,14.70903
"Tábor,Zavadilská",49.41162,14.68409
"Tábor,Zavadilská",49.41195,14.68428
"Tachlovice,Jakubská náves",50.01102,14.24322
"Tachlovice,Jakubská náves",50.01087,14.24336
"Tachlovice,Na vrškách",50.01438,14.24091
"Tachlovice,Na vrškách",50.01372,14.24142
Tachov,50.5432,14.63818
Tachov,50.54326,14.63809
Tachovské náměstí,50.08718,14.45227
Tachovské náměstí,50.08739,14.45239
Talichova,50.08863,14.36569
Talichova,50.08865,14.36703
Tálínská,50.10133,14.5475
Tálínská,50.10048,14.54463
"Tanvald,,Terminál u žel.st.",50.74273,15.31096
"Tanvald,centrum",50.73534,15.30905
"Tanvald,Terminál u žel.st.",50.74259,15.31086
Tatobity,50.57166,15.27299
Tatobity,50.57193,15.2725
Tehov (PH),49.97088,14.69328
"Tehov,Hačálka (PH)",49.97118,14.67929
"Tehov,Hačálka (PH)",49.97129,14.67884
"Tehov,Kostelík (BE)",49.71962,14.96776
"Tehov,Kostelík (BE)",49.71973,14.96782
"Tehov,Lada (PH)",49.98064,14.70301
"Tehov,Lada (PH)",49.98054,14.70311
Tehovec,49.98156,14.72915
Tehovec,49.98172,14.72938
"Tehovec,Mototechna",49.99002,14.7255
"Tehovec,Mototechna",49.99014,14.72447
"Tehovec,Vojkov",49.98863,14.7123
"Tehovec,Vojkov",49.98875,14.71283
Tehovičky,50.01353,14.62282
Tehovičky,50.01238,14.624
"Těchařovice,Na Čmíně",49.6046,14.06223
Televizní věž,50.08017,14.37332
Televizní věž,50.08031,14.37442
Tempo,50.01988,14.45195
Tempo,50.02019,14.45197
Těně,49.7512,13.79636
Těně,49.75132,13.79616
"Těně,Smolárna",49.75214,13.77226
"Těně,Smolárna",49.75208,13.77184
Teplárna Malešice,50.08287,14.52693
Teplárna Malešice,50.08342,14.52487
Teplárna Michle,50.05303,14.47437
Teplárna Michle,50.05261,14.47499
Teplárna Třeboradice,50.16338,14.51476
Teplická,50.12523,14.48635
Teplická,50.12549,14.48614
Teplýšovice,49.80606,14.80177
Teplýšovice,49.80607,14.80159
"Teplýšovice,Čeňovice",49.79325,14.79405
"Teplýšovice,Čeňovice",49.79317,14.79404
"Teplýšovice,Čeňovice,rozc.",49.79713,14.79042
"Teplýšovice,Čeňovice,rozc.",49.79712,14.79026
"Teplýšovice,Humenec,rozc.",49.80266,14.80179
"Teplýšovice,Humenec,rozc.",49.80265,14.80167
"Teplýšovice,Smilov",49.806,14.81687
"Teplýšovice,Smilov",49.80604,14.81683
Terasy,50.03697,14.39987
Terasy,50.03695,14.40047
"Terezín,,aut.nádr.",50.51098,14.14882
"Terezín,,aut.nádr.",50.51036,14.14901
Terminál 1,50.10781,14.26969
Terminál 1,50.10814,14.26913
Terminál 1,50.10797,14.26906
Terminál 1,50.10732,14.26828
Terminál 1,50.10717,14.2681
Terminál 1,50.10695,14.26783
Terminál 2,50.10521,14.26769
Terminál 2,50.10505,14.26811
Terminál 2,50.10494,14.26836
Terminál 3,50.09898,14.28895
Terminál 3,50.09882,14.28882
Terminál 3,50.09898,14.28895
Těšnov,50.09167,14.43649
Těšnov,50.09172,14.43663
Tetín,49.94937,14.1018
Tetín,49.94946,14.10168
"Tetín,Koledník",49.93774,14.07216
"Tetín,Koledník",49.9379,14.07205
"Tetín,křižovatka",49.94775,14.09994
"Tetín,U Rozvodny",49.95367,14.08764
"Tetín,U Rozvodny",49.95353,14.08778
Thákurova,50.10011,14.38705
Thákurova,50.10011,14.38579
Thákurova,50.10046,14.38897
Thákurova,50.10036,14.38562
Tisem,49.75481,14.60938
Tisem,49.75463,14.60955
Tiskařská,50.08265,14.53435
Tiskařská,50.08325,14.53383
Tismice,50.05736,14.82065
Tismice,50.05743,14.82026
"Tismice,bytovky",50.05954,14.82504
"Tismice,bytovky",50.05938,14.82457
"Tismice,Hřbitov",50.05516,14.82541
"Tismice,Hřbitov",50.05515,14.82498
"Tismice,Limuzy",50.05691,14.79022
"Tismice,Limuzy",50.05699,14.7878
"Tismice,MŠ",50.05637,14.81734
"Tismice,MŠ",50.05611,14.81666
"Tismice,Na Kopečku",50.06076,14.82887
"Tismice,Na Kopečku",50.06076,14.82958
Tlustice,49.84911,13.88393
Tlustice,49.84929,13.88355
"Tlustice,Cintlovka",49.84197,13.88193
"Tlustice,Cintlovka",49.84159,13.88223
Tmaň,49.90553,14.03424
Tmaň,49.9055,14.03428
"Tmaň,Lounín",49.90544,14.01987
"Tmaň,Lounín",49.90532,14.01997
"Tmaň,rozc.VČS",49.90617,14.04339
"Tmaň,rozc.VČS",49.90628,14.04333
"Tmaň,Slavíky,rozc.1.0",49.91634,14.03113
"Tmaň,Slavíky,rozc.1.0",49.91623,14.0308
Točná,49.9728,14.4318
Točná,49.97255,14.43175
Točník,49.88541,13.88232
Točník,49.88544,13.8825
Tochovice,49.59546,13.98579
Tochovice,49.59553,13.98572
"Tochovice,žel.st.",49.58905,13.98511
"Tochovice,žel.st.",49.5891,13.98524
Tomice,49.64547,15.15508
Tomice,49.64545,15.15518
"Tomice,u mostu",49.64287,15.15689
"Tomice,u mostu",49.64297,15.15685
Topolová,50.05372,14.50763
Topolová,50.05444,14.50738
Toulcův Dvůr,50.04785,14.51908
Toulcův Dvůr,50.04775,14.5196
Toušice,49.98642,15.00427
"Toušice,Mlékovice",49.98157,15.02474
"Toušice,Mlékovice",49.98166,15.02471
"Toušice,ObÚ",49.98778,15.00582
"Toušice,ObÚ",49.98773,15.00561
"Toužetín,Sulec",50.30907,13.88537
"Toužetín,Sulec",50.30876,13.88566
Toužimská,50.13635,14.5224
Toužimská,50.1362,14.52302
Továrny Hostivař,50.05628,14.54326
Továrny Hostivař,50.0564,14.5424
"Trhové Dušníky,rozc.0.5",49.71087,14.01594
"Trhové Dušníky,rozc.0.5",49.71082,14.0162
"Trhový Štěpánov,Dubějovice",49.70164,15.05036
"Trhový Štěpánov,Dubějovice",49.70153,15.05065
"Trhový Štěpánov,mlýn",49.70572,15.03181
"Trhový Štěpánov,mlýn",49.70564,15.03175
"Trhový Štěpánov,na potoce",49.72003,15.03584
"Trhový Štěpánov,na potoce",49.72015,15.03578
"Trhový Štěpánov,nám.",49.71163,15.01292
"Trhový Štěpánov,nám.",49.7117,15.01292
"Trhový Štěpánov,ObÚ",49.71025,15.01463
"Trhový Štěpánov,ObÚ",49.71031,15.01484
"Trhový Štěpánov,Sedmpány",49.69931,15.06664
"Trhový Štěpánov,Sedmpány",49.69923,15.06669
"Trhový Štěpánov,Sedmpány,háj.",49.69217,15.06811
"Trhový Štěpánov,Sedmpány,háj.",49.6921,15.06802
"Trhový Štěpánov,Vlašimská",49.71288,15.00863
"Trhový Štěpánov,Vlašimská",49.7128,15.00858
"Trhový Štěpánov,žel.st.",49.70787,15.00991
"Trhový Štěpánov,žel.st.",49.70769,15.00984
Trnová (PZ),49.9152,14.35765
"Trnová,Domov Borová (PZ)",49.91686,14.34863
"Trnová,Domov Borová (PZ)",49.917,14.34847
Trojská,50.11618,14.43312
Trojská,50.11676,14.43312
Trojská,50.11742,14.43138
Trubín,49.94214,14.00323
Trubín,49.94222,14.00304
"Trubská,rozc.1.0",49.95681,14.0105
"Trubská,rozc.1.0",49.95696,14.00989
Truhlářská,50.08946,14.42868
Trutnovská,50.1463,14.5059
Trutnovská,50.14618,14.50555
Třebenická,50.12954,14.4809
Třebenická,50.12922,14.48268
Třebenická,50.12978,14.48015
Třebenická,50.12878,14.48149
Třebešice (BN),49.77772,14.83059
"Třebešice,Čapek",49.77827,14.80379
"Třebešice,Čapek",49.77832,14.80374
"Třebešice,rozc. (BN)",49.78442,14.82176
"Třebešice,rozc. (BN)",49.78456,14.82185
Třebešín,50.08397,14.48185
Třebešín,50.08424,14.48195
Třebešovská,50.11562,14.62592
Třebešovská,50.11549,14.62607
Třebichovice,50.18879,14.07758
Třebichovice,50.18876,14.07745
"Třebichovice,u hřbitova",50.19484,14.0782
"Třebichovice,u hřbitova",50.19476,14.07813
"Třebichovice,u kapličky",50.19063,14.07956
"Třebichovice,u kapličky",50.1905,14.07916
Třebíz,50.26998,13.99371
Třebíz,50.27007,13.9937
Třeboc,50.21494,13.751
"Třeboň,aut.nádr.",49.00787,14.76517
"Třeboň,aut.nádr.",49.00785,14.7653
Třebonice,50.04513,14.28054
Třebonice,50.04513,14.28054
"Třebonín,rozc.",49.86702,15.3208
"Třebonín,rozc.",49.8671,15.32074
"Třebonín,rozc.Chedrbí",49.8695,15.32395
"Třebonín,rozc.Chedrbí",49.8688,15.3228
Třeboradice,50.1638,14.52452
Třeboradice,50.16253,14.52488
Třeboradice,50.16255,14.52507
Třebotov,49.97324,14.28963
Třebotov,49.97307,14.28932
"Třebotov,Pomník",49.97571,14.30499
"Třebotov,Pomník",49.9756,14.3047
"Třebotov,Sanatorium",49.97475,14.29726
"Třebotov,Sanatorium",49.97461,14.29684
"Třebotov,Solopisky",49.96024,14.29692
"Třebotov,Solopisky",49.9603,14.29658
Třebovle,50.02552,14.95557
Třebovle,50.02536,14.95576
"Třebovle,Borek",50.03147,14.9459
"Třebovle,Borek",50.03188,14.9455
"Třebovle,Dolní",50.02766,14.96283
"Třebovle,Dolní",50.02782,14.96284
"Třebovle,Miškovice",50.03401,14.98842
"Třebovle,Miškovice",50.03395,14.98819
Třebsko,49.62526,13.9679
Třebsko,49.62537,13.96817
Třebusice,50.20056,14.17964
Třebusice,50.20074,14.1795
"Třebusice,křiž.",50.2029,14.1821
"Třebusice,křiž.",50.2029,14.1821
Tři Dvory,50.03172,15.2568
Tři Dvory,50.03178,15.25741
Třinecká,50.13437,14.50984
Třinecká,50.13411,14.5098
Třtice,50.18465,13.86334
Třtice,50.18504,13.86334
"Třtice,Bucký rybník",50.17328,13.84684
"Třtice,Bucký rybník",50.17333,13.84651
"Třtice,u brodku",50.17416,13.86463
"Třtice,u brodku",50.17414,13.8643
"Třtice,u školy",50.18286,13.85821
"Třtice,u školy",50.18293,13.85799
Tuháňská,50.15825,14.54275
Tuháňská,50.15844,14.5426
Tuchlovice,50.13786,13.9888
Tuchlovice,50.13805,13.98977
"Tuchlovice,Dřevěnkov",50.13332,14.00266
"Tuchlovice,Dřevěnkov",50.13355,14.00251
"Tuchlovice,Srby",50.14355,14.01945
"Tuchlovice,Srby",50.14396,14.01927
"Tuchoměřice,,Kněžívka",50.13038,14.27554
"Tuchoměřice,,Kněžívka",50.13047,14.27551
"Tuchoměřice,,komerční zóna",50.13568,14.26103
"Tuchoměřice,,obecní úřad",50.13274,14.27954
"Tuchoměřice,,obecní úřad",50.13278,14.27893
"Tuchoměřice,,Pastvišťata",50.13298,14.29068
"Tuchoměřice,,Pastvišťata",50.13302,14.29083
"Tuchoměřice,,Statenická",50.13238,14.2845
"Tuchoměřice,,Statenická",50.13271,14.28338
"Tuchoměřice,,Štěrbův Mlýn",50.13544,14.30182
"Tuchoměřice,,u dvora",50.12683,14.27286
"Tuchoměřice,,u dvora",50.12751,14.27329
"Tuchoměřice,,U Hřiště",50.13384,14.2838
"Tuchoměřice,,U Hřiště",50.13469,14.28407
"Tuchoměřice,,zámek",50.13575,14.28
"Tuchoměřice,,zámek",50.13565,14.27983
"Tuchoměřice,Ke Kopanině",50.12626,14.27355
"Tuchoměřice,Ke Kopanině",50.126,14.27389
"Tuchoměřice,Outlet",50.12499,14.27981
"Tuchoměřice,Outlet",50.12497,14.28046
"Tuchoměřice,Rozc.",50.12424,14.26958
"Tuchoměřice,Rozc.",50.12432,14.26835
"Tuchoměřice,Špejchar",50.13627,14.27369
Tuchoraz,50.04809,14.85053
Tuchoraz,50.04818,14.8508
"Tuchoraz,U Sadů",50.05096,14.85561
"Tuchoraz,U Sadů",50.05085,14.85531
Tupadly (ME),50.44202,14.47464
Tupadly (ME),50.44449,14.47286
Tupolevova,50.13464,14.50598
Tupolevova,50.13437,14.5058
"Turnov,,Terminál u žel.st.",50.587,15.14086
"Turnov,,Terminál u žel.st.",50.587,15.14086
"Turnov,,Terminál u žel.st.",50.587,15.14086
"Turnov,5.května",50.58929,15.16232
"Turnov,Dolánky,Bukovina rozc.",50.60897,15.1648
"Turnov,Dolánky,Bukovina rozc.",50.60876,15.16464
"Turnov,Hrubý Rohozec",50.5977,15.15554
"Turnov,Hrubý Rohozec",50.59639,15.15452
"Turnov,Šroubárny",50.59222,15.15142
"Turnov,u masny",50.58545,15.15414
"Turnov,u masny",50.58537,15.15387
Tursko,50.19113,14.32096
Tursko,50.19032,14.32136
Tuřany,50.23106,14.03136
Tuřany,50.23114,14.03129
"Tuřany,Byseň",50.23647,14.0353
"Tuřany,Byseň,rozc.",50.23279,14.0412
"Tuřany,Byseň,rozc.",50.23291,14.04114
"Tuřany,u školy",50.23238,14.02806
"Tuřany,u školy",50.23249,14.02803
Tuřice,50.24927,14.77156
Tuřice,50.2491,14.7708
Tusarova,50.10078,14.45002
Tylova čtvrť,50.00805,14.41543
Tylova čtvrť,50.0082,14.41562
"Týnec n.L.,nám.",50.04222,15.35829
"Týnec n.L.,nám.",50.04187,15.35815
"Týnec n.L.,prům.areál",50.05101,15.36317
"Týnec n.L.,prům.areál",50.05094,15.36306
"Týnec n.L.,u mostu (jižní strana, u žel.zast.)",50.03806,15.35956
"Týnec n.L.,u mostu (severní strana, ul. Bělohorská)",50.03935,15.35662
"Týnec n.Sáz.,Brodce",49.83447,14.59868
"Týnec n.Sáz.,Brodce",49.83429,14.59866
"Týnec n.Sáz.,Čakovice",49.86998,14.59319
"Týnec n.Sáz.,Čakovice",49.86984,14.59313
"Týnec n.Sáz.,Čisté potoky",49.85998,14.58437
"Týnec n.Sáz.,Čisté potoky",49.86081,14.58542
"Týnec n.Sáz.,Chrást",49.83992,14.57158
"Týnec n.Sáz.,Chrást",49.83992,14.57206
"Týnec n.Sáz.,Chrást,u hřbitova",49.84287,14.56068
"Týnec n.Sáz.,Chrást,u hřbitova",49.84328,14.56017
"Týnec n.Sáz.,Krusičanská",49.82486,14.59713
"Týnec n.Sáz.,Krusičanská",49.82465,14.59688
"Týnec n.Sáz.,Krusičany,Rozc.",49.80887,14.60182
"Týnec n.Sáz.,Krusičany,Rozc.",49.80879,14.60164
"Týnec n.Sáz.,Kult.dům",49.83015,14.58998
"Týnec n.Sáz.,Kult.dům",49.83029,14.58984
"Týnec n.Sáz.,Pecerady,Hřiště",49.83731,14.60916
"Týnec n.Sáz.,Pecerady,Hřiště",49.83723,14.6094
"Týnec n.Sáz.,Pecerady,Jednota",49.84063,14.61453
"Týnec n.Sáz.,Pecerady,Jednota",49.8396,14.61522
"Týnec n.Sáz.,Pecerady,Podhajský ryb.",49.8348,14.60616
"Týnec n.Sáz.,Pecerady,Podhajský ryb.",49.83463,14.60615
"Týnec n.Sáz.,Pecerady,Žel.st.",49.83426,14.62634
"Týnec n.Sáz.,Pecerady,Žel.st.",49.83429,14.62641
"Týnec n.Sáz.,Pila",49.83174,14.58385
"Týnec n.Sáz.,Pila",49.83162,14.58366
"Týnec n.Sáz.,Podělusy",49.83654,14.57444
"Týnec n.Sáz.,Podělusy",49.83641,14.5744
"Týnec n.Sáz.,Sídliště",49.83661,14.58419
"Týnec n.Sáz.,Sídliště",49.83644,14.58402
"Týnec n.Sáz.,Škola",49.8289,14.59511
"Týnec n.Sáz.,Škola",49.8287,14.59523
"Týnec n.Sáz.,Zbořený Kostelec,Hrad",49.85349,14.58908
"Týnec n.Sáz.,Zbořený Kostelec,Hrad",49.8532,14.58984
"Týnec n.Sáz.,Žel.st.",49.83431,14.59175
"Týnec n.Sáz.,Žel.st.",49.8344,14.5921
"Týnec n.Sáz.,Žel.st.",49.83419,14.59177
"Týnec n.Sáz.,Žel.st.",49.8342,14.59252
Tyršova čtvrť,50.0141,14.41127
Tyršova čtvrť,50.01408,14.41013
U Belárie,50.01673,14.40343
U Belárie,50.01698,14.40368
U Bílého Mlýnku,50.15627,14.52762
U Bílého Mlýnku,50.15435,14.52841
U Blaženky,50.06793,14.38491
U Dálnice,50.02048,14.5077
U Dálnice,50.0205,14.5071
U Dobešky,50.0403,14.41895
U Dobešky,50.04009,14.41938
U Drahaně,50.13537,14.41616
U Drahaně,50.13543,14.41584
U Elektry,50.10346,14.51856
U Elektry,50.10347,14.51944
U Háje,50.04124,14.42223
U Háje,50.04318,14.41875
U Hangáru,50.10849,14.27614
U Hangáru,50.10826,14.27821
U Hangáru,50.10813,14.27693
U Jahodnice,50.08421,14.55061
U Jahodnice,50.08421,14.55078
U Jankovky,49.98788,14.36733
U Jankovky,49.98853,14.36854
U Kapličky,49.96223,14.3609
U Kapličky,49.962,14.36085
U Kaštanu,50.08363,14.36335
U Kaštanu,50.08368,14.36287
U Kestřánků,49.98693,14.35681
U Kříže,50.11211,14.47532
U Kříže,50.11237,14.47576
U Křížku,50.01602,14.3566
U Křížku,50.01594,14.35682
U Kundratky,50.11782,14.48802
U Kundratky,50.11782,14.48749
U Kunratického lesa,50.02251,14.48918
U Kunratického lesa,50.02335,14.48873
U Labutě,50.03614,14.45613
U Labutě,50.03543,14.45611
U Ladronky,50.0799,14.3618
U Ladronky,50.07984,14.36239
U Lesíka,50.06445,14.35812
U Lesíka,50.06497,14.35903
U Libušské sokolovny,50.00445,14.46453
U Libušské sokolovny,50.00515,14.46417
U Libušského potoka,50.00555,14.423
U Libušského potoka,50.00571,14.42387
U Lípy,50.05309,14.49412
U Lípy,50.05309,14.49438
U Lípy,50.05151,14.49479
U Lípy,50.05131,14.4945
U Lomů,49.9968,14.33905
U Lomů,49.99711,14.33893
U Matěje,50.1122,14.3799
U Matěje,50.11227,14.38015
U Měchurky,50.06457,14.37792
U Měchurky,50.06483,14.37855
U Mezníku,50.05108,14.62319
U Mezníku,50.05113,14.62295
U Mlejna,50.02742,14.60212
U Mlejna,50.0267,14.60239
U Nemocnice,50.07356,14.42096
U Nemocnice,50.07348,14.4209
U Palaty,50.07728,14.38787
U Palaty,50.07711,14.38817
U Památníku,50.0878,14.44312
U Památníku,50.08749,14.44334
U Počernického rybníka,50.08493,14.59231
U Počernického rybníka,50.0848,14.59517
U Prdlavky,50.08112,14.44553
U Prdlavky,50.08113,14.44574
U Prioru,50.08709,14.31884
U Prioru,50.08678,14.31935
U Průhonu,50.10492,14.45003
U Průseku,50.05902,14.5175
U Průseku,50.05921,14.51642
U Radiály,50.07563,14.55363
U Radiály,50.07567,14.55379
U Rozcestí,50.01664,14.63502
U Rozcestí,50.01663,14.63485
U Spojů,50.14562,14.47515
U Spojů,50.14572,14.4754
U Staré pošty,50.03603,14.41152
U Staré pošty,50.03604,14.41202
U Staré školy,50.09018,14.42109
U Střediska,50.05875,14.55823
U Střediska,50.05857,14.55726
U Studánky,49.99847,14.48282
U Studánky,49.99858,14.48279
U Školy,50.04397,14.42158
U Školy,50.04372,14.42177
U Tabulky,50.11794,14.60243
U Tabulky,50.11778,14.60249
U Továren,50.05637,14.5398
U Továren,50.05642,14.54016
U Trezorky,50.05574,14.37552
U Trezorky,50.05564,14.37773
U Tří svatých,50.01232,14.47795
U Tří svatých,50.01219,14.47723
U Tří svatých,50.01097,14.47726
U Tří svatých,50.01071,14.47723
U Uhříněveské obory,50.03922,14.59011
U Včely,49.96841,14.38762
U Včely,49.96925,14.38886
U Vodojemu,50.12252,14.52751
U Vodojemu,50.12257,14.52715
U Vojenské nemocnice,50.09008,14.36417
U Vojenské nemocnice,50.09029,14.36367
U Waltrovky,50.05865,14.37138
U Waltrovky,50.059,14.37356
U Waltrovky,50.05853,14.37408
U Waltrovky,50.0585,14.37417
U Zvoničky,50.01025,14.46041
U Zvoničky,50.01056,14.46015
U Zvonu,50.07154,14.38722
U Zvonu,50.07164,14.38742
U Zvonu,50.07146,14.38706
Uhlířská Lhota,50.07883,15.38953
Uhlířská Lhota,50.07885,15.38936
"Uhlířská Lhota,Rasochy",50.08956,15.40723
"Uhlířská Lhota,Rasochy",50.08957,15.40685
"Uhlířská Lhota,Rasochy,rozc.",50.08962,15.39754
"Uhlířská Lhota,Rasochy,rozc.",50.08966,15.39758
"Uhlířské Janovice,Bláto",49.88894,15.03129
"Uhlířské Janovice,Bláto",49.88887,15.0313
"Uhlířské Janovice,Janovická Lhota",49.86029,15.07966
"Uhlířské Janovice,Janovická Lhota",49.86036,15.07968
"Uhlířské Janovice,Kolínská",49.88803,15.06926
"Uhlířské Janovice,Kolínská",49.88755,15.06871
"Uhlířské Janovice,nám.",49.88054,15.06421
"Uhlířské Janovice,nám.",49.88079,15.06434
Úholičky,50.16131,14.33471
Úholičky,50.16125,14.33446
"Úholičky,Na Habří",50.1582,14.33516
"Úholičky,V Kopci",50.15924,14.33383
Úhonice,50.04502,14.18526
Úhonice,50.04482,14.18489
"Úhonice,škola",50.04181,14.18658
"Úhonice,škola",50.04208,14.18632
Uhříněves,50.02999,14.6055
Uhříněves,50.02974,14.6023
Uhříněves,50.03056,14.60677
Uhříněveský hřbitov,50.02752,14.6163
Uhříněveský hřbitov,50.02837,14.61508
Uhy,50.28699,14.27374
Uhy,50.28704,14.2738
"Uhy,zámek",50.28408,14.27247
"Uhy,zámek",50.28452,14.27413
Újezd  LD,50.08263,14.40348
Újezd  LD,50.08263,14.40345
Újezd nad Lesy,50.07615,14.66047
Újezd nad Lesy,50.077,14.65685
Újezd u Průhonic,50.01244,14.54657
Újezd u Průhonic,50.01223,14.54698
Újezd u Průhonic,50.01275,14.54616
Újezd,50.08168,14.40444
Újezd,50.08054,14.40465
Újezd,50.08125,14.40518
Újezdec,50.28164,14.41996
Újezdec,50.28152,14.41999
Ujkovice,50.36472,15.10074
Ujkovice,50.36464,15.10076
"Ujkovice,křižovatka",50.36448,15.10419
"Ujkovice,křižovatka",50.3643,15.10446
Ukrajinská,50.06458,14.45258
Ukrajinská,50.06274,14.45622
Únětice,50.15182,14.35493
"Únětice,,Na Parcelách",50.14869,14.35568
"Únětice,,Na Parcelách",50.14862,14.35518
"Únětice,,obecní úřad",50.15035,14.3549
"Únětice,,obecní úřad",50.15035,14.35475
"Unhošť,Amerika",50.07977,14.09993
"Unhošť,Amerika",50.07981,14.0997
"Unhošť,Amerika",50.08009,14.09966
"Unhošť,Amerika",50.07983,14.10038
"Unhošť,Dědkův mlýn",50.05245,14.09753
"Unhošť,Dědkův mlýn",50.05151,14.09637
"Unhošť,Karlovarská",50.08676,14.12434
"Unhošť,Karlovarská",50.08684,14.12486
"Unhošť,Lidická",50.09082,14.13529
"Unhošť,Lidická",50.0909,14.13473
"Unhošť,Nám.",50.08552,14.13378
"Unhošť,Nám.",50.08557,14.13398
"Unhošť,Nám.",50.08548,14.13388
"Unhošť,Nám.",50.08541,14.13381
"Unhošť,Nám.",50.08561,14.13451
"Unhošť,Nouzov Čeperka",50.07394,14.09415
"Unhošť,Nouzov Čeperka",50.07419,14.09382
"Unhošť,Nouzov U Spalů",50.06857,14.09627
"Unhošť,Nouzov U Spalů",50.06849,14.09616
"Unhošť,pivovar",50.08183,14.11403
"Unhošť,pivovar",50.08186,14.11388
"Unhošť,rozc.Malé Kyšice",50.05907,14.09719
"Unhošť,rozc.Malé Kyšice",50.05908,14.09705
"Unhošť,Škola",50.08506,14.13199
"Unhošť,U Křížku",50.08508,14.12229
"Unhošť,U Křížku",50.08517,14.12252
Univerzitní,50.08539,14.50169
Univerzitní,50.08506,14.50327
Urbanova,50.06272,14.3842
Urbanova,50.06222,14.38362
Urxova,50.09518,14.45638
Urxova,50.09521,14.4571
Ústav mateřství,50.02453,14.45992
Ústav mateřství,50.02449,14.46016
Ústavy Akademie věd,50.01793,14.46695
Ústavy Akademie věd,50.01802,14.46682
Ústavy Akademie věd,50.01726,14.46805
Ústřední dílny DP,50.07429,14.53235
Ústřední dílny DP,50.07471,14.53223
Ústřední dílny DP,50.07466,14.53242
Ústřední dílny DP,50.07438,14.5322
Ústřední dílny DP,50.07465,14.53295
Ústřední dílny DP,50.07438,14.5325
Ústřední,50.06904,14.5435
Ústřední,50.06992,14.54224
Ústřední,50.07002,14.5446
Útěchovice p.Stražištěm,49.53977,15.02963
Útěchovice p.Stražištěm,49.53989,15.02984
"Úvaly,Husova",50.07327,14.72553
"Úvaly,Náměstí Arnošta z Pardubic",50.07373,14.73029
"Úvaly,Náměstí Arnošta z Pardubic",50.07359,14.72944
"Úvaly,Pivovar",50.06999,14.73263
"Úvaly,Pivovar",50.07052,14.73269
"Úvaly,Slovany",50.06692,14.73552
"Úvaly,Slovany",50.06834,14.73392
"Úvaly,U Mlýna",50.07634,14.72368
"Úvaly,Žel.st.",50.07471,14.72251
Uzenice,49.4734,13.95966
Uzenice,49.47333,13.95977
Uzeničky,49.48828,13.95363
Uzeničky,49.48826,13.95381
Úžice (KH),49.87218,14.97354
Úžice (KH),49.87214,14.97361
Úžice (ME),50.25607,14.38064
Úžice (ME),50.25587,14.38051
"Úžice,Benátky (KH)",49.90191,14.93233
"Úžice,Benátky (KH)",49.90201,14.93215
"Úžice,Čekanov (KH)",49.88176,14.95023
"Úžice,Čekanov (KH)",49.88173,14.9503
"Úžice,Čekanov,Pražská (KH)",49.88933,14.95609
"Úžice,Čekanov,Pražská (KH)",49.88951,14.95611
"Úžice,Červená Lhota (ME)",50.26315,14.39085
"Úžice,Červená Lhota (ME)",50.26318,14.39078
"Úžice,Chrastná,rozc. (KH)",49.88686,14.96584
"Úžice,Chrastná,rozc. (KH)",49.88705,14.96598
"Úžice,Kopeč (ME)",50.25116,14.42219
"Úžice,logistické centrum",50.24895,14.36942
"Úžice,Mělník,rozc. (KH)",49.9046,14.92605
"Úžice,Mělník,rozc. (KH)",49.90477,14.92587
"Úžice,Nechyba (KH)",49.88817,14.9209
"Úžice,Nechyba (KH)",49.8881,14.92104
"Úžice,Netřeba (ME)",50.26207,14.42372
"Úžice,Netřeba (ME)",50.26194,14.4252
"Úžice,Radvanice (KH)",49.88848,14.93137
"Úžice,Radvanice (KH)",49.88839,14.93128
"Úžice,Smrk,rozc. (KH)",49.88122,14.98255
"Úžice,Smrk,rozc. (KH)",49.88143,14.98268
V Chotejně,50.05768,14.53263
V Chotejně,50.05854,14.53423
V Korytech,50.05446,14.48886
V Korytech,50.05443,14.48864
V Kratinách,50.14558,14.44222
V Kratinách,50.14576,14.44282
V Ladech,50.01322,14.51373
V Ladech,50.01329,14.51374
V Lískách,50.01978,14.4638
V Mokřinách,50.02025,14.4079
V Mokřinách,50.02012,14.4077
V Nových domcích,50.05643,14.53413
V Nových domcích,50.05658,14.5337
V Podbabě,50.12117,14.39364
V Podbabě,50.1213,14.39332
V Podbabě,50.12281,14.39552
V Remízku,50.02615,14.36858
V Rybníčkách,50.07056,14.50691
V Rybníčkách,50.07063,14.50758
V Sedlci,50.12825,14.39464
V Sedlci,50.12815,14.39492
V Sudech,49.99203,14.34635
V Sudech,49.99245,14.34564
V Uličce,50.04144,14.39578
V Zápolí,50.04612,14.4681
V Zápolí,50.04609,14.46773
V Zápolí,50.04785,14.46868
V Zátiší,50.02253,14.4335
V Zátiší,50.02265,14.4319
Vackov,50.08682,14.48688
Vackov,50.08697,14.48562
Vackova,50.04505,14.31533
Vackova,50.04455,14.31525
Václava Špačka,50.09795,14.62557
Václava Špačka,50.09822,14.62564
"Václavice,rest.",49.78759,14.62082
"Václavice,rest.",49.78745,14.62069
"Václavice,statek",49.78941,14.61317
"Václavice,statek",49.78927,14.61313
"Václavice,Vatěkov",49.77965,14.63473
"Václavice,Vatěkov",49.77946,14.63467
"Václavice,Vatěkov,pod Chlumem",49.77858,14.62128
"Václavice,Vatěkov,pod Chlumem",49.77837,14.62099
"Václavice,Vatěkov,rozc.",49.78071,14.64347
"Václavice,Vatěkov,rozc.",49.78053,14.64334
Václavka,50.0652,14.393
Václavka,50.06522,14.39364
Václavská,50.07452,14.41753
Václavské náměstí,50.08167,14.42528
Václavské náměstí,50.08196,14.42572
Vajgarská,50.10209,14.55457
Vajgarská,50.10185,14.55455
Valdštejnské náměstí,50.09029,14.40511
Valcha,50.13171,14.53815
Valcha,50.13139,14.53823
Valtická,50.06646,14.26594
Valtická,50.0658,14.26655
"Varnsdorf,aut.nádr.",50.91198,14.61839
"Varnsdorf,aut.nádr.",50.91208,14.61833
"Varnsdorf,jatky",50.89183,14.62311
"Varnsdorf,jatky",50.89184,14.6229
"Varnsdorf,Severní dráha",50.90451,14.63156
"Varnsdorf,Severní dráha",50.90439,14.63136
"Varnsdorf,sportovní hala",50.90728,14.62391
"Varnsdorf,sportovní hala",50.90732,14.62303
"Vavřinec,Chmeliště",49.89597,15.05503
Ve Smečkách,50.07733,14.42606
Ve Studeném,50.03159,14.42399
Ve Studeném,50.0316,14.42159
Ve vilkách,50.01551,14.53963
Ve vilkách,50.01542,14.54023
Ve Výrech,50.03493,14.30671
Ve Výrech,50.03525,14.30532
Ve Žlíbku,50.11119,14.62438
Ve Žlíbku,50.11112,14.62465
Ve Žlíbku,50.1104,14.62443
Ve Žlíbku,50.11039,14.62455
Veleň,50.17282,14.55297
Veleň,50.17287,14.55267
"Veleň,Mírovice",50.16808,14.54278
"Veleň,Mírovice",50.16869,14.5438
"Veleň,U Pomníku",50.17401,14.55609
"Veleň,U Pomníku",50.17414,14.55601
Velenice,50.21493,15.22636
Velenice,50.21482,15.22614
Velenka,50.13908,14.89714
Velenka,50.13926,14.8966
Veletržní palác,50.10248,14.43261
Veletržní palác,50.10147,14.4332
Veliká Ves,50.24186,14.45497
"Velim,Karlova",50.06351,15.12146
"Velim,Karlova",50.06368,15.12213
"Velim,Novoveská",50.06584,15.12504
"Velim,Novoveská",50.06584,15.12574
"Velim,Škola",50.05957,15.11446
"Velim,Vítězov",50.04846,15.12049
"Velim,Vítězov",50.04846,15.12007
"Velim,Žel.st.",50.06726,15.12795
"Velim,Žel.st.",50.06731,15.12765
Veliš (BN),49.66885,14.82349
Veliš (BN),49.66869,14.82343
"Veliš,bytovky (BN)",49.67095,14.82269
"Veliš,bytovky (BN)",49.67101,14.82273
"Veliš,Nespery (BN)",49.68087,14.80354
"Veliš,Nespery (BN)",49.68087,14.80362
"Veliš,Sedlečko,rozc. (BN)",49.66329,14.8177
"Veliš,Sedlečko,rozc. (BN)",49.66332,14.81752
Velká Dobrá,50.11038,14.07657
Velká Dobrá,50.11052,14.07681
"Velká Dobrá,škola",50.10941,14.06848
"Velká Dobrá,škola",50.1096,14.06829
Velká Chuchle,50.01215,14.38073
Velká Chyška,49.51164,15.03703
Velká Chyška,49.51171,15.03722
"Velká Chyška,samota",49.52442,15.02762
"Velká Chyška,samota",49.52449,15.02773
Velká Lečice,49.81631,14.32437
Velká Ohrada,50.03537,14.33588
Velká Ohrada,50.03557,14.33606
"Velké Hamry,nám.",50.71775,15.31504
"Velké Hamry,nám.",50.71763,15.31473
Velké Popovice,49.92143,14.6445
Velké Popovice,49.92152,14.64407
"Velké Popovice,Brtnice",49.9126,14.63562
"Velké Popovice,Brtnice",49.91398,14.63559
"Velké Popovice,Lojovice",49.89747,14.64943
"Velké Popovice,Lojovice",49.89747,14.64918
"Velké Popovice,pivovar",49.92176,14.6344
"Velké Popovice,pivovar",49.9218,14.63426
"Velké Popovice,pošta",49.92227,14.63958
"Velké Popovice,pošta",49.92212,14.63998
"Velké Popovice,rozc.Krámský",49.90956,14.64358
"Velké Popovice,rozc.Krámský",49.90978,14.64356
"Velké Popovice,Todice",49.92205,14.64896
"Velké Popovice,Todice",49.92199,14.649
Velké Přílepy,50.16058,14.31071
Velké Přílepy,50.16033,14.31096
"Velké Přílepy,Podmoráňská",50.16114,14.31697
"Velké Přílepy,Podmoráňská",50.16119,14.31742
"Velké Přílepy,Pražská",50.15655,14.31639
"Velké Přílepy,Pražská",50.15615,14.31627
Velké Přítočno,50.1174,14.12902
Velké Přítočno,50.1173,14.12917
"Velký Borek,Skuhrov",50.3391,14.51222
"Velký Borek,Skuhrov",50.33928,14.51232
"Velký Chlumec,I",49.8314,14.08607
"Velký Chlumec,I",49.83146,14.08625
"Velký Chlumec,II",49.82783,14.08674
"Velký Chlumec,II",49.82798,14.08694
"Velký Chlumec,Malý Chlumec",49.82006,14.08583
"Velký Chlumec,Malý Chlumec",49.82006,14.08583
Veltrusy,50.27188,14.32423
Veltrusy,50.27203,14.32448
"Veltrusy,STS",50.26689,14.33422
"Veltrusy,STS",50.26701,14.33372
"Velvary,Ješín",50.26384,14.19047
"Velvary,nám.",50.28193,14.23507
"Velvary,Nové Uhy",50.28427,14.25628
"Velvary,Nové Uhy",50.28419,14.2562
"Velvary,žel.st.",50.28291,14.24298
"Velvary,žel.st.",50.28285,14.24304
Venušina,50.02582,14.60879
Venušina,50.02676,14.60846
Veronské náměstí,50.04019,14.55807
"Veselí n.Luž.,aut.st.",49.19328,14.716
"Veselí n.Luž.,kult.dům",49.18666,14.70122
"Veselí n.Luž.,kult.dům",49.18646,14.7011
"Vestec,BIOCEV (PZ)",49.98349,14.48804
"Vestec,BIOCEV (PZ)",49.9834,14.48787
"Vestec,Obecní úřad (PZ)",49.97991,14.50041
"Vestec,Obecní úřad (PZ)",49.97993,14.50088
"Vestec,Obchodní centrum (PZ)",49.98403,14.49525
"Vestec,Obchodní centrum (PZ)",49.98348,14.49546
"Vestec,Safina (PZ)",49.98545,14.49408
"Vestec,Safina (PZ)",49.98586,14.49396
"Vestec,Šátalka (PZ)",49.9781,14.49923
"Vestec,Šátalka (PZ)",49.97845,14.49929
"Vestec,U Klimešů (PZ)",49.98092,14.50799
"Vestec,U Klimešů (PZ)",49.98076,14.50716
"Vestec,U vodárny (PZ)",49.98637,14.51592
"Vestec,U vodárny (PZ)",49.98618,14.51556
Věšín,49.61531,13.82492
Věšín,49.61518,13.82478
"Věšín,,záv.",49.61502,13.83098
"Věšín,,záv.",49.61485,13.83113
"Věšín,Buková",49.62733,13.82304
Větrník,50.08975,14.35119
Větrník,50.08977,14.351
Větrník,50.08934,14.34912
Větrník,50.08925,14.34937
Větrov,50.07367,14.42439
Větrov,50.07323,14.4244
Větrušice,50.19152,14.38432
Vidoule,50.05568,14.3651
Vidoule,50.05597,14.36532
Viktoria Žižkov,50.08509,14.44449
Viktoria Žižkov,50.08494,14.44533
Viktoria Žižkov,50.08476,14.44345
Viktoria Žižkov,50.0849,14.44346
Vinařice (KD),50.17537,14.09286
Vinařice (KD),50.17546,14.09312
Vinařice (LN),50.26524,13.82251
Vinařice (LN),50.2652,13.8226
"Vinařice,7.ulice (KD)",50.17141,14.08914
"Vinařice,7.ulice (KD)",50.17147,14.08927
"Vinařice,Divice",50.27695,13.81986
"Vinařice,Divice",50.27685,13.81966
"Vinařice,Důl Mayrau (KD)",50.16516,14.08504
"Vinařice,Důl Mayrau (KD)",50.16516,14.08504
"Vinařice,Sokolovna",50.26759,13.82306
"Vinařice,Sokolovna",50.26759,13.82294
"Vinařice,škola (KD)",50.17738,14.0904
"Vinařice,Tuháň (KD)",50.16316,14.08792
"Vinařice,Tuháň (KD)",50.16322,14.08782
"Vinařice,Vrbičky (MB)",50.36834,14.95039
"Vinařice,Vrbičky (MB)",50.36842,14.95046
"Vinařice,Zahr.kolonie (KD)",50.18287,14.07708
"Vinařice,Zahr.kolonie (KD)",50.183,14.0767
Vinice Dolní Počernice,50.08585,14.60105
Vinice Dolní Počernice,50.08583,14.60128
Vinice,50.07703,14.4876
Vinice,50.07668,14.49048
Viničky,49.97926,14.34785
Vinohradská tržnice,50.07702,14.44273
Vinohradská tržnice,50.0771,14.44136
Vinohradská vodárna,50.07544,14.44932
Vinohradská vodárna,50.07536,14.45013
Vinohradské hřbitovy,50.07776,14.4802
Vinohradské hřbitovy,50.07759,14.48122
Vinopalnická,50.11995,14.47039
Vinopalnická,50.11995,14.47038
Vinoř,50.15172,14.59078
Vinoř,50.1518,14.5913
Vinořský hřbitov,50.14534,14.5814
Vinořský hřbitov,50.14487,14.58035
Vinořský hřbitov,50.14458,14.57881
Vinořský hřbitov,50.14446,14.57888
Vinořský zámek,50.14276,14.57862
Vinořský zámek,50.14115,14.57752
Višňová (PB),49.705,14.1452
Višňová (PB),49.70477,14.1453
Višňová,50.03123,14.4476
Višňová,50.03122,14.44793
"Višňová,Buda (PB)",49.69278,14.14737
"Višňová,Buda (PB)",49.69285,14.14757
"Višňová,Hlinovka (PB)",49.7023,14.14291
"Višňová,Hlinovka (PB)",49.70229,14.14312
"Višňová,rozc. (PB)",49.70036,14.14269
"Višňová,rozc. (PB)",49.70025,14.14285
Vítězné náměstí,50.09953,14.39549
Vítězné náměstí,50.10007,14.39553
Vítězné náměstí,50.09958,14.39538
Vítězné náměstí,50.09979,14.39569
Vítězné náměstí,50.09958,14.39538
Vítězné náměstí,50.09979,14.39569
"Vitice,Dobré Pole",50.00016,14.92504
"Vitice,Dobré Pole",50.00015,14.92483
"Vitice,Hřiby",50.0354,14.91823
"Vitice,Hřiby",50.03531,14.9181
"Vitice,Chotýš",50.01893,14.90378
"Vitice,Chotýš",50.01897,14.90351
"Vitice,Lipany,Mohyla",50.03329,14.93994
"Vitice,Lipany,Mohyla",50.03337,14.94002
"Vitice,Močedník",50.01866,14.91038
"Vitice,Močedník",50.01869,14.9104
"Vitice,U Školy",50.03266,14.91806
"Vitice,U Školy",50.03258,14.91793
"Vítkovice,,hotel Praha",50.69323,15.53045
"Vítkovice,,hotel Praha",50.69309,15.53037
"Vítkovice,,hotel Skála",50.71016,15.53445
"Vítkovice,,hotel Skála",50.71005,15.53422
"Vítkovice,,myslivna",50.70452,15.5304
"Vítkovice,,myslivna",50.70454,15.53028
"Vítkovice,,ObÚ",50.67569,15.53487
"Vítkovice,,ObÚ",50.67558,15.53493
"Vítkovice,,škola",50.67973,15.53195
"Vítkovice,,škola",50.67966,15.53153
"Vítkovice,Dolní Mísečky",50.72987,15.54624
"Vítkovice,Dolní Mísečky",50.72981,15.54614
"Vítkovice,Horní Mísečky",50.73537,15.56962
"Vítkovice,Horní Mísečky",50.7352,15.56961
"Vítkovice,SEBA",50.67404,15.53467
Vižina,49.85757,14.10212
Vižina,49.85752,14.10225
Vlastibořská,50.1203,14.59882
Vlastina,50.09152,14.31547
Vlastina,50.0909,14.31693
Vlastina,50.09121,14.31681
"Vlašim,Blanická",49.69649,14.89444
"Vlašim,Blanická",49.69636,14.89429
"Vlašim,Bolina",49.68067,14.95477
"Vlašim,Bolina",49.68067,14.95477
"Vlašim,Bolina,Rozc.",49.6805,14.94768
"Vlašim,Bolina,Rozc.",49.68039,14.94794
"Vlašim,Bolinka",49.68673,14.93725
"Vlašim,Bolinka",49.68685,14.93721
"Vlašim,Bolinka-hájovna",49.68762,14.92988
"Vlašim,Bolinka-hájovna",49.68776,14.92968
"Vlašim,Březina",49.72585,14.8989
"Vlašim,Březina",49.72586,14.89879
"Vlašim,Československé armády",49.70721,14.9042
"Vlašim,Československé armády",49.70721,14.9042
"Vlašim,Domašín,brána",49.71256,14.88324
"Vlašim,Domašín,brána",49.71274,14.88324
"Vlašim,Domašín,kolonie",49.71492,14.84676
"Vlašim,Domašín,kolonie",49.71498,14.8468
"Vlašim,Domašín,nám.",49.71341,14.87727
"Vlašim,Domašín,nám.",49.71354,14.87726
"Vlašim,Domašín,u transformátoru",49.71296,14.87115
"Vlašim,Domašín,u transformátoru",49.71302,14.87122
"Vlašim,Domašín,Žel.zast.",49.71521,14.83692
"Vlašim,Domašín,Žel.zast.",49.71532,14.83744
"Vlašim,hřbitov",49.71369,14.91267
"Vlašim,jesle",49.70494,14.89362
"Vlašim,jesle",49.70504,14.89215
"Vlašim,Jinošov",49.68761,14.89479
"Vlašim,Jinošov",49.68754,14.89468
"Vlašim,kolonie",49.69653,14.90457
"Vlašim,kolonie",49.6966,14.9045
"Vlašim,Navrátilova",49.69666,14.89506
"Vlašim,Navrátilova",49.69675,14.89521
"Vlašim,Navrátilova-školka",49.69645,14.90052
"Vlašim,Navrátilova-školka",49.69654,14.90063
"Vlašim,obchodní centrum",49.70128,14.90471
"Vlašim,obchodní centrum",49.69974,14.90476
"Vlašim,Obora",49.69136,14.91324
"Vlašim,Obora",49.69165,14.9131
"Vlašim,Politických vězňů",49.70996,14.89373
"Vlašim,Politických vězňů",49.70979,14.8938
"Vlašim,rest.U kozla",49.70932,14.89961
"Vlašim,rest.U kozla",49.70798,14.90088
"Vlašim,Skalkov",49.68701,14.92037
"Vlašim,Skalkov",49.68708,14.92046
"Vlašim,Spořilov",49.7099,14.90113
"Vlašim,Spořilov",49.70972,14.9007
"Vlašim,Sukova",49.70059,14.89303
"Vlašim,Sukova",49.7005,14.89354
"Vlašim,Šebíř",49.67825,14.93085
"Vlašim,Šebíř",49.67821,14.93101
"Vlašim,U Vorliny",49.6992,14.89133
"Vlašim,U Vorliny",49.6992,14.89133
"Vlašim,záv.",49.69495,14.90826
"Vlašim,záv.",49.69483,14.90842
"Vlašim,ZŠ Sídliště",49.71146,14.89442
"Vlašim,ZŠ Vorlina",49.69684,14.8915
"Vlašim,ZŠ Vorlina",49.69775,14.89093
"Vlašim,žel.st.",49.70038,14.89829
"Vlašim,žel.st.",49.70108,14.89674
"Vlašim,žel.st.",49.70127,14.8967
"Vlašim,žel.st.",49.70106,14.89706
"Vlašim,žel.st.",49.70023,14.89849
"Vlašim,žel.st.",49.70007,14.8987
"Vlašim,žel.st.",49.70002,14.89865
"Vlašim,žel.st.",49.70013,14.89843
"Vlašim,žel.st.",49.70024,14.89825
"Vlašim,žel.st.",49.70031,14.89811
"Vlašim,žel.st.",49.70087,14.89711
Vlašimská,50.07449,14.46368
Vlašimská,50.0743,14.4664
Vlkančice,49.90194,14.89812
Vlkančice,49.90195,14.89815
"Vlkančice,Komorce",49.92221,14.89823
"Vlkančice,Komorce",49.92229,14.89793
"Vlkančice,Pyskočely",49.88058,14.86109
"Vlkančice,Pyskočely",49.88041,14.86135
"Vlkančice,Pyskočely",49.88302,14.86022
"Vlkančice,Pyskočely",49.8821,14.86178
"Vlkančice,Pyskočely,Na Bábě",49.88431,14.87458
"Vlkančice,Pyskočely,Na Bábě",49.88438,14.87492
"Vlkančice,Pyskočely,Plužiny",49.87925,14.87226
"Vlkančice,Pyskočely,Plužiny",49.87933,14.87269
"Vlkančice,Stará Hůra",49.89326,14.88798
"Vlkančice,Stará Hůra",49.8938,14.88895
"Vlkančice,U Králů",49.89754,14.8962
"Vlkančice,U Králů",49.89737,14.89623
"Vlkančice,U Zbořeného mlýna",49.91044,14.90294
"Vlkančice,U Zbořeného mlýna",49.91023,14.90301
"Vlkava,Bor",50.28546,14.95594
"Vlkava,Bor",50.28529,14.95568
"Vlkava,náves",50.27163,14.96138
"Vlkava,náves",50.27151,14.96111
Vlkov p.Oškobrhem,50.15489,15.22322
Vlkov p.Oškobrhem,50.15485,15.22251
Vlnitá,50.0355,14.4219
Vlnitá,50.03468,14.42036
Vltavská,50.09923,14.43812
Vltavská,50.09881,14.43877
Vltavská,50.09811,14.43881
Vltavská,50.09834,14.43875
Vltavská,50.10075,14.43856
Vltavská,50.09985,14.43843
Vodičkova,50.07966,14.42274
Vodičkova,50.08004,14.42343
Vodochody,50.20623,14.3987
Vodochody,50.20601,14.39877
"Vodochody,Rozc.Hoštice",50.20272,14.4007
"Vodochody,Rozc.Hoštice",50.20142,14.4007
"Vodochody,U Školy",50.2076,14.39678
"Vodochody,U Školy",50.20755,14.39661
"Vodslivy,rozc.",49.84323,14.83656
"Vodslivy,rozc.",49.84317,14.83603
Vojenská nemocnice,50.09174,14.3603
Vojenská nemocnice,50.09176,14.35979
Vojenská nemocnice,50.09164,14.3601
Vojetická,49.9765,14.34814
Vojická,50.1137,14.60343
Vojická,50.11405,14.6044
Vojkovice,50.29686,14.37733
Vojkovice,50.29686,14.37733
Volárna,50.09161,15.24153
Volárna,50.09176,15.24188
Volha,50.02143,14.49371
Volha,50.02159,14.49319
Volyňská,50.07352,14.47194
Volyňská,50.07369,14.47242
Voňkova,50.09886,14.66726
Voňkova,50.09829,14.66876
Vonoklasy,49.95053,14.27673
Vonoklasy,49.95047,14.27681
"Vonoklasy,chaty",49.95452,14.28563
"Vonoklasy,chaty",49.95442,14.28554
"Vonoklasy,samoobsluha",49.94732,14.27573
"Vonoklasy,samoobsluha",49.94734,14.27574
Vosmíkových,50.11439,14.47357
Vosmíkových,50.11433,14.47297
"Votice,aut.st.",49.63881,14.64295
"Votice,aut.st.",49.6387,14.64287
"Votice,aut.st.",49.63877,14.643
"Votice,aut.st.",49.63868,14.64295
"Votice,aut.st.",49.63876,14.64311
"Votice,aut.st.",49.63864,14.64305
"Votice,aut.st.",49.63885,14.64285
"Votice,Buchov",49.61321,14.66076
"Votice,Buchov",49.61304,14.66107
"Votice,Hostišov",49.6184,14.65826
"Votice,Hostišov",49.61723,14.65896
"Votice,Lidl",49.63767,14.64927
"Votice,Lidl",49.63796,14.64872
"Votice,Pražská",49.64291,14.63908
"Votice,Pražská",49.64339,14.63884
"Votice,rozc.Mladoušov",49.66044,14.63321
"Votice,rozc.Mladoušov",49.6607,14.63341
"Votice,Srbice",49.65029,14.63231
"Votice,Srbice",49.65044,14.63242
Voznice,49.81717,14.2168
Voznice,49.8162,14.21698
"Voznice,Polesí",49.81212,14.21198
"Voznice,Polesí",49.8124,14.21284
Vozovna Hloubětín,50.10788,14.5284
Vozovna Hloubětín,50.10747,14.52833
Vozovna Kobylisy,50.13281,14.45355
Vozovna Kobylisy,50.13274,14.45408
Vozovna Kobylisy,50.13234,14.45359
Vozovna Kobylisy,50.13194,14.45363
Vozovna Kobylisy,50.13356,14.45482
Vozovna Kobylisy,50.13321,14.45493
Vozovna Kobylisy,50.13308,14.45295
Vozovna Kobylisy,50.13325,14.45326
Vozovna Motol,50.06786,14.34146
Vozovna Motol,50.06786,14.34039
Vozovna Pankrác,50.05707,14.43789
Vozovna Pankrác,50.0569,14.43778
Vozovna Pankrác,50.05686,14.43783
Vozovna Pankrác,50.05696,14.4372
Vozovna Strašnice,50.07556,14.48965
Vozovna Strašnice,50.07545,14.48981
Vozovna Střešovice,50.09389,14.38996
Vozovna Střešovice,50.09357,14.38907
Vozovna Střešovice,50.09386,14.38834
Vozovna Střešovice,50.09378,14.38803
Vozovna Vokovice,50.09293,14.33047
Vozovna Vokovice,50.09316,14.33147
Vozovna Vokovice,50.09307,14.33183
Vozovna Vokovice,50.09333,14.33225
Vozovna Žižkov,50.09168,14.47544
Vozovna Žižkov,50.09149,14.47454
Vozovna Žižkov,50.09134,14.47518
Vožická,50.00928,14.49322
Vožická,50.00945,14.49317
Vracovice,49.66264,14.93233
Vracovice,49.66246,14.93303
"Vracovice,Malovidy",49.66182,14.95866
"Vracovice,Malovidy",49.6619,14.95866
"Vracovice,Malovidy,rozc.",49.66257,14.96204
"Vracovice,Malovidy,rozc.",49.66257,14.96204
"Vracovice,u hřiště",49.66196,14.93841
"Vracovice,u hřiště",49.66204,14.93839
"Vraňany,Mlčechvosty",50.31865,14.3399
"Vraňany,Škola",50.31907,14.3633
"Vraňany,Škola",50.31918,14.36342
"Vraňany,U Nadjezdu",50.33821,14.37787
"Vraňany,U Nadjezdu",50.33815,14.37788
"Vraňany,Žel.st.",50.33505,14.37207
"Vraňany,Žel.st.",50.33498,14.3722
"Vrančice,Životice,rozc.",49.6105,14.05849
"Vrančice,Životice,rozc.",49.61139,14.05818
Vranov,49.85226,14.77583
Vranov,49.85233,14.77569
"Vranov,Bezděkov,rozc.",49.85454,14.76581
"Vranov,Bezděkov,rozc.",49.8545,14.76593
"Vranov,Vranovská Lhota,u kovárny",49.84618,14.76104
"Vranov,Vranovská Lhota,u kovárny",49.84617,14.76092
Vranovice,49.62337,13.89862
Vranovice,49.62228,13.89838
"Vranovice,dvůr",49.63404,13.90201
"Vranovice,dvůr",49.63391,13.90215
"Vranovice,Ural",49.62785,13.90045
"Vranovice,Ural",49.62812,13.9007
Vraný,50.32657,14.01697
Vraný,50.32652,14.01682
"Vraný,bytovky",50.32967,14.01983
"Vraný,bytovky",50.32973,14.01983
"Vraný,Horní Kamenice,I",50.32302,14.0608
"Vraný,Horní Kamenice,I",50.32297,14.061
"Vraný,Lukov",50.33713,14.05441
"Vraný,Lukov",50.33714,14.05453
Vrátkov,50.04951,14.83855
Vrátkov,50.04955,14.83863
"Vráž,rozc.k žel.st.",49.98272,14.12498
"Vráž,rozc.k žel.st.",49.98299,14.12577
"Vráž,U Jelena",49.98551,14.13155
"Vráž,U Jelena",49.98552,14.13186
Vrážská,49.98975,14.36955
Vrážská,49.99018,14.37046
Vrbčany,50.05029,14.99188
"Vrbice,kult.dům",50.17972,15.22711
"Vrbice,kult.dům",50.17968,15.22687
"Vrbice,u kostela",50.1832,15.23275
"Vrbice,u kostela",50.18318,15.23267
"Vrbice,u váhy",50.18026,15.22848
"Vrbice,u váhy",50.18031,15.22843
Vrbova,50.03184,14.42693
"Vrchotovy Janovice,Městečko",49.67155,14.57735
"Vrchotovy Janovice,Městečko",49.67154,14.57746
"Vrchotovy Janovice,Rudoltice",49.6926,14.59824
"Vrchotovy Janovice,Rudoltice",49.69268,14.59833
"Vrchotovy Janovice,Sedlečko,Rozc.",49.69288,14.52529
"Vrchotovy Janovice,Sedlečko,Rozc.",49.6927,14.52542
"Vrchotovy Janovice,Šebáňovice,Rozc.",49.69464,14.54265
"Vrchotovy Janovice,Šebáňovice,Rozc.",49.69453,14.54292
"Vrchotovy Janovice,u sokolovny",49.66692,14.57782
"Vrchotovy Janovice,u sokolovny",49.66751,14.57782
"Vrchotovy Janovice,Zrcadlo",49.67767,14.5847
"Vrchotovy Janovice,Zrcadlo",49.67764,14.58477
Vrchovany,50.55291,14.57107
Vrchovany,50.55301,14.57106
Vroutek,50.18101,13.38126
Vroutek,50.18079,13.38083
"Vroutek,Kryrská",50.17765,13.38448
"Vroutek,Kryrská",50.17759,13.38439
Vršovické náměstí,50.06916,14.45422
Vršovické náměstí,50.06903,14.45488
Vršovický hřbitov,50.06297,14.46698
Vršovický hřbitov,50.06354,14.46644
Všechlapy (BN),49.77771,14.91458
Všechlapy (BN),49.77762,14.91456
Všechlapy (NB),50.2204,15.02895
Všechlapy (NB),50.22084,15.02854
"Všechlapy,Nový mlýn (BN)",49.76456,14.92497
"Všechlapy,Nový mlýn (BN)",49.7646,14.92492
"Všechlapy,Želivka (BN)",49.77517,14.91813
"Všechlapy,Želivka (BN)",49.77515,14.91801
Všejany,50.25522,14.95265
Všejany,50.25512,14.95265
"Všejany,Vanovice",50.25853,14.94949
"Všejany,Vanovice",50.2588,14.9495
"Všelibice,host.",50.64568,14.94918
"Všelibice,host.",50.64566,14.94907
"Všelibice,Roveň",50.65353,14.96814
"Všelibice,Roveň",50.65356,14.96804
"Všelibice,rozc.0.9",50.64554,14.96271
"Všelibice,rozc.0.9",50.64559,14.9625
"Všenory,U Kácovských",49.92681,14.30335
"Všenory,U Kácovských",49.92798,14.30309
Všeradice,49.87295,14.10518
Všeradice,49.87283,14.10548
"Všeradice,žel.zast.",49.86787,14.10736
"Všeradice,žel.zast.",49.86809,14.10732
Všestarská,50.10045,14.66262
Všestarská,50.10032,14.66271
Všestary,49.95851,14.68558
Všestary,49.95894,14.68513
"Všestary,Strančická",49.95483,14.68351
"Všestary,Strančická",49.95489,14.68343
"Všestary,Vávrov",49.94561,14.69214
"Všestary,Vávrov",49.94564,14.69222
Všestudy,50.28975,14.34167
Všesulov,50.03992,13.61322
Všesulov,50.03984,13.61361
Všetaty (ME),50.28289,14.58959
Všetaty (ME),50.28259,14.59018
"Všetaty,rozc. (RA)",50.04804,13.75652
"Všetaty,rozc. (RA)",50.04802,13.75658
"Všetaty,Žel.st. (ME)",50.28296,14.58567
Vševily,49.56539,13.88267
Vševily,49.56537,13.88236
VÚ Běchovice,50.08942,14.61235
VÚ Běchovice,50.08899,14.61241
Výhledské náměstí,50.13509,14.37332
Výhledské náměstí,50.13498,14.37323
Výhledy,50.13719,14.36869
Vychovatelna,50.11905,14.46463
Vychovatelna,50.11924,14.46384
Vychovatelna,50.11763,14.46385
Vychovatelna,50.11778,14.46485
Vychovatelna,50.11831,14.46442
Vykáň,50.12024,14.81711
Vykáň,50.11928,14.81682
"Vyklantice,Kateřinky",49.55383,15.02516
"Vyklantice,Kateřinky",49.55391,15.02522
"Vyklantice,rozc.1.0",49.55164,15.03727
"Vyklantice,rozc.1.0",49.55176,15.03743
Vypich,50.07984,14.34757
Vypich,50.07974,14.34668
Vypich,50.08007,14.34398
Vypich,50.07984,14.34413
Vyskočilova,50.04847,14.45808
Vyskočilova,50.04842,14.4591
Vysočanská,50.1115,14.50268
Vysočanská,50.11121,14.50346
Vysočanská,50.11065,14.50218
Vysočanská,50.11082,14.50221
Vysočanská,50.11083,14.50259
Vysočanská,50.11063,14.50247
Vysočanská,50.10996,14.50043
Vysočanská,50.11017,14.50173
Vysoká u Příbramě,49.63438,13.94789
"Vysoká u Příbramě,u kapličky",49.63388,13.95372
"Vysoká u Příbramě,u kapličky",49.63389,13.95401
Vysoká,50.41225,14.53718
Vysoká,50.41244,14.53706
"Vysoká,Bosyně",50.41618,14.54568
"Vysoká,Bosyně",50.41631,14.54563
"Vysoká,Harasov",50.41056,14.57089
"Vysoká,Harasov",50.41084,14.57061
"Vysoká,Střednice",50.40585,14.52036
"Vysoká,Střednice",50.40587,14.52009
"Vysoké n.Jiz.,Helkovice,rozc.",50.65392,15.39717
"Vysoké n.Jiz.,Helkovice,rozc.",50.6539,15.39663
"Vysoké n.Jiz.,nám.",50.68598,15.40122
"Vysoké n.Jiz.,nám.",50.68588,15.40139
"Vysoké n.Jiz.,nemocnice",50.68222,15.40398
"Vysoké n.Jiz.,nemocnice",50.68217,15.40388
"Vysoké n.Jiz.,Sklenařice,host.Mexiko",50.70269,15.38636
"Vysoké n.Jiz.,Sklenařice,host.Mexiko",50.70228,15.38634
Vysokovská,50.10899,14.60283
Vysoký Chlumec,49.61805,14.38869
Vysoký Chlumec,49.61773,14.38971
"Vysoký Chlumec,Bláhova Lhota",49.60508,14.34188
"Vysoký Chlumec,Bláhova Lhota",49.60503,14.34188
"Vysoký Chlumec,Hrabří,kaple Medná",49.64742,14.33581
"Vysoký Chlumec,Hrabří,kaple Medná",49.64737,14.33584
"Vysoký Chlumec,pivovar",49.61546,14.39451
"Vysoký Chlumec,pivovar",49.61541,14.39454
"Vysoký Chlumec,Pořešice",49.61153,14.35491
"Vysoký Chlumec,Pořešice",49.6115,14.35498
"Vysoký Chlumec,Pořešice,Zvěstovice",49.60331,14.35303
"Vysoký Chlumec,Vápenice",49.61858,14.40706
"Vysoký Chlumec,Vápenice",49.61835,14.40602
"Vysoký Chlumec,Vápenice,u sloupu",49.61689,14.41508
"Vysoký Chlumec,Vápenice,u sloupu",49.61683,14.41519
"Vysoký Chlumec,Víska",49.61258,14.38583
"Vysoký Chlumec,Víska",49.61274,14.38631
"Vysoký Chlumec,Víska",49.61283,14.3857
Vysoký Újezd (BE),49.99243,14.20637
Vysoký Újezd (BE),49.99249,14.20689
Vysoký Újezd (BN),49.81311,14.47659
Vysoký Újezd (BN),49.81323,14.47652
"Vysoký Újezd,Kozolupy (BE)",49.97472,14.19275
"Vysoký Újezd,Kozolupy (BE)",49.97472,14.19275
"Vysoký Újezd,Kuchař,I (BE)",49.98194,14.23607
"Vysoký Újezd,Kuchař,I (BE)",49.98204,14.23622
"Vysoký Újezd,sokolovna (BE)",49.99514,14.20568
"Vysoký Újezd,sokolovna (BE)",49.9951,14.20575
Výstaviště Letňany,50.12867,14.51165
Výstaviště Letňany,50.12844,14.51178
Výstaviště,50.1044,14.43191
Výstaviště,50.10484,14.4328
Výstaviště,50.10411,14.43111
Výstaviště,50.10435,14.43035
Vyšehořovice,50.11836,14.77314
Vyšehořovice,50.1185,14.77308
"Vyšehořovice,Kozovazy",50.12518,14.77879
"Vyšehořovice,Kozovazy",50.12507,14.77868
"Vyšehořovice,Vyšehořovičky",50.11921,14.7863
"Vyšehořovice,Vyšehořovičky",50.11923,14.78622
Vyšehrad,50.0591,14.43063
Vyšehrad,50.05927,14.43047
Vyšehrad,50.0636,14.43056
Vyšehrad,50.06268,14.43048
Výtoň,50.06812,14.41501
Výtoň,50.06767,14.41498
Výtoň,50.06763,14.41611
Výtoň,50.06752,14.41652
Výtoň,50.06741,14.41456
Výzkumný ústav vodohospodářský,50.11556,14.39328
Výzkumný ústav vodohospodářský,50.1165,14.39197
Výžerky,49.94488,14.88328
Výžerky,49.94534,14.88332
Výžerky,49.94528,14.88315
"Výžerky,Rozc.",49.93078,14.89115
"Výžerky,Rozc.",49.93076,14.89132
Vyžlovka,49.98719,14.78439
Vyžlovka,49.98729,14.78423
Vyžlovka,49.98689,14.78789
Vyžlovka,49.98675,14.78885
"Vyžlovka,hotel Praha",49.98414,14.78914
"Vyžlovka,hotel Praha",49.984,14.78926
Wagnerova,50.03603,14.5273
Wagnerova,50.03611,14.52733
Wattova,50.03745,14.56198
Weberova,50.0735,14.3555
Weberova,50.0735,14.35625
Winklerova,50.0652,14.59601
Winklerova,50.06575,14.59793
Xaverov (BN),49.84275,14.88357
Xaverov (BN),49.8428,14.88346
Xaverov,50.10172,14.62529
Xaverov,50.10118,14.62551
"Xaverov,u hřbitova (BN)",49.84604,14.8833
"Xaverov,u hřbitova (BN)",49.84608,14.88318
Za Avií,50.15073,14.51418
Za Avií,50.1509,14.5144
Za Čimickým hájem,50.13548,14.4473
Za Čimickým hájem,50.1354,14.44778
Za Horou,50.09181,14.53532
Za Horou,50.09217,14.53382
Za Horou,50.09241,14.53612
Za Chalupami,50.0053,14.356
Za Chalupami,50.00523,14.35625
Za Kapličkou,50.12793,14.57262
Za Mototechnou,50.05901,14.32816
Za Mototechnou,50.05891,14.32805
Za Nadjezdem,50.05678,14.5486
Za Nadjezdem,50.05697,14.5486
Za Novákovou zahradou,50.12406,14.57672
Za Novákovou zahradou,50.1236,14.57813
Za Pavilonem,50.06088,14.5885
Za Pavilonem,50.06099,14.58832
Za Skalkou,50.04575,14.41922
Za Skalkou,50.04548,14.4195
Za Slánskou silnicí,50.07108,14.30593
Za Slánskou silnicí,50.07098,14.30697
Za Tratí,50.16716,14.51901
Za Tratí,50.16705,14.5192
Záběhlice,50.05608,14.47928
Záběhlice,50.05587,14.47985
Záběhlická škola,50.05319,14.50438
Záběhlická škola,50.05339,14.50464
"Záboří n.L.,Na Písku",50.0246,15.35145
"Záboří n.L.,Na Písku",50.02471,15.35143
"Záboří n.L.,žel.st.",50.0297,15.35032
"Záboří n.L.,žel.st.",50.02952,15.35025
Zadní Jiviny,50.07704,14.29864
Zadní Kopanina,50.00652,14.31269
Zadní Kopanina,50.00673,14.31312
Záhorského,50.03028,14.37027
Záhorského,50.03045,14.3715
Zahořany,49.85061,14.28712
Zahořany,49.85059,14.28717
"Záhoří,Proseč (SM)",50.6263,15.29508
"Záhoří,Proseč",50.62646,15.29502
"Záhoří,rozc.1.0 (JH)",49.20822,14.79387
"Záhoří,rozc.1.0 (JH)",49.20816,14.79467
Zahrádky,50.0274,14.31228
Zahrádky,50.02713,14.31262
"Zahrádky,křiž.",50.62799,14.53549
"Zahrádky,křiž.",50.62786,14.53526
Zahradní Město,50.06078,14.50514
Zahradní Město,50.06057,14.50598
Zahradní Město,50.0603,14.50653
Zahradnictví,50.003,14.38377
Zahradnictví,50.00332,14.38435
Zahradníčkova,50.06951,14.33651
Zaječov,49.76729,13.84092
Zaječov,49.76744,13.8412
"Zaječov,Hamburk",49.77067,13.84181
"Zaječov,Hamburk",49.77063,13.84161
"Zaječov,mlýn",49.78347,13.84277
"Zaječov,mlýn",49.78337,13.84245
"Zaječov,u mostu",49.77531,13.84169
"Zaječov,u mostu",49.77525,13.84145
Zájezd,50.16597,14.22052
Zájezd,50.16601,14.22042
"Zájezd,Bůhzdař",50.16273,14.21095
"Zájezd,Bůhzdař",50.16273,14.21095
Zákolany,50.19654,14.24821
Zákolany,50.19623,14.24801
"Zákolany,Kováry",50.18862,14.24842
"Zákolany,Kováry",50.18888,14.24819
"Zákolany,Kováry,žel.zast.",50.18316,14.24676
"Zákolany,Kováry,žel.zast.",50.18309,14.24663
"Zákolany,rozc.Blevice",50.19862,14.24095
"Zákolany,rozc.Blevice",50.19843,14.24111
"Zákolany,u Kovár",50.19342,14.25306
"Zákolany,u Kovár",50.19449,14.25337
Zálesí,50.0283,14.45158
Zálesí,50.02828,14.45245
Zálesí,50.0272,14.45117
Zálesí,50.02735,14.45143
Zálesí,50.02864,14.45085
Zálesí,50.02905,14.45087
"Záluží,u kovárny",49.84658,13.86141
"Záluží,u kovárny",49.84654,13.86166
"Záluží,v Brance (BE)",49.84257,13.86064
"Záluží,v Brance (BE)",49.84269,13.8607
Zamašská,50.14055,14.54705
Zamašská,50.14031,14.54676
Zamenhofova,50.07741,14.53816
Zámky,50.13743,14.39582
Zámky,50.13722,14.39566
Zámky,50.13565,14.39366
Zapova,50.0739,14.38955
Zapova,50.07373,14.38949
Zápy,50.16445,14.67835
Zápy,50.16446,14.67829
"Zápy,Ostrov lázně",50.16142,14.67265
"Zápy,Ostrov lázně",50.1615,14.67259
"Zápy,PREFA",50.17474,14.69691
"Zápy,Stavby mostů",50.17687,14.69166
"Zápy,Stavby mostů",50.17709,14.69153
"Zápy,Tesco Brandýs n.L.",50.17657,14.6696
"Zápy,Tesco Brandýs n.L.",50.17672,14.67088
Záryby,50.2205,14.62594
Záryby,50.22064,14.62588
"Záryby,Martinov",50.2129,14.6344
"Záryby,Martinov",50.21285,14.63463
Zásadská,50.12867,14.49713
Zásadská,50.12888,14.49557
"Zásmuky,Doubravčany",49.96098,15.00782
"Zásmuky,Doubravčany",49.96108,15.00784
"Zásmuky,Dupanda",49.95869,15.02864
"Zásmuky,Dupanda",49.95874,15.02872
"Zásmuky,nám.",49.95413,15.03031
"Zásmuky,nám.",49.95427,15.03018
"Zásmuky,nám.",49.95451,15.03006
"Zásmuky,Nesměň",49.9365,15.01737
"Zásmuky,Nesměň",49.93679,15.01689
"Zásmuky,Ostrov",49.94601,15.01931
"Zásmuky,Ostrov",49.94601,15.01922
"Zásmuky,rozc.Buda",49.92479,15.014
"Zásmuky,rozc.Buda",49.92482,15.01387
"Zásmuky,rozc.Vršice",49.95998,15.01933
"Zásmuky,rozc.Vršice",49.96027,15.01767
"Zásmuky,u sokolovny",49.95208,15.03684
"Zásmuky,u sokolovny",49.95222,15.03711
Zatáčka,50.0253,14.42463
Zatáčka,50.02522,14.42567
Zátišská,50.01669,14.41115
Zátišská,50.01675,14.4107
Záveská,50.05399,14.52259
"Zavidov,žel.zast.",50.05575,13.62806
"Zavidov,žel.zast.",50.05632,13.62847
Závist,49.97586,14.40091
Závist,49.97676,14.4034
Závodiště Chuchle,50.00761,14.3888
Závodiště Chuchle,50.00757,14.38898
"Zbečno,Novina",50.05439,13.91068
"Zbečno,Novina",50.05439,13.91079
"Zbečno,U Hřbitova",50.04473,13.91692
"Zbečno,U Hřbitova",50.04489,13.91677
"Zbečno,U Mostu",50.03991,13.92165
"Zbečno,U Mostu",50.0401,13.9216
"Zbečno,Žel.st.",50.0365,13.91906
Zborov - Strašnické divadlo,50.07731,14.50031
Zborov - Strašnické divadlo,50.07728,14.50108
Zborovská,50.0724,14.40809
Zborovská,50.07243,14.4072
Zbožíčko,50.22658,14.93774
Zbožíčko,50.22669,14.938
Zbraslav,49.95915,14.38269
Zbraslav,49.95894,14.3829
"Zbraslavice,Borová",49.79934,15.1818
"Zbraslavice,Borová",49.79921,15.18156
"Zbraslavice,letiště",49.81852,15.19794
"Zbraslavice,letiště",49.81855,15.19785
"Zbraslavice,nám.",49.81175,15.184
"Zbraslavice,nám.",49.81174,15.18368
"Zbraslavice,žel.st.",49.81559,15.19213
"Zbraslavice,žel.st.",49.81567,15.19191
Zbraslavské náměstí,49.97591,14.39402
Zbraslavské náměstí,49.97607,14.39368
Zbraslavské náměstí,49.97616,14.39338
Zbraslavské náměstí,49.9764,14.3938
"Zbuzany,,nádraží",50.02585,14.28178
"Zbuzany,,nádraží",50.02573,14.2821
"Zbuzany,,obecní úřad",50.02335,14.28614
"Zbuzany,,obecní úřad",50.02309,14.28654
Zbyslavská,50.074,14.672
Zbyslavská,50.07434,14.67083
Zderazská,49.98071,14.34804
Zderazská,49.98058,14.34841
"Zdiby,Přemyšlení",50.16843,14.4309
"Zdiby,Přemyšlení,V Remízkách",50.1719,14.4253
"Zdiby,U Celnice",50.16143,14.45267
"Zdiby,U Celnice",50.16133,14.45236
"Zdiby,U Parku",50.16539,14.45312
"Zdiby,U Parku",50.16743,14.45249
"Zdiby,Veltěž",50.16763,14.44047
"Zdiby,Veltěž,Pošta",50.16767,14.44592
"Zdiby,Výzkumný ústav",50.17121,14.45212
"Zdiby,Výzkumný ústav",50.17145,14.45176
"Zdice,autoservis",49.90423,13.96038
"Zdice,autoservis",49.90426,13.96005
"Zdice,nám.",49.91188,13.97923
"Zdice,nám.",49.91173,13.9789
Zdická,49.97757,14.35059
Zdiměřická,50.02197,14.51773
Zdiměřická,50.02252,14.51745
Zdislavice,49.68616,14.97538
"Zdislavice,rozc.Úlehle",49.69494,14.96831
"Zdislavice,rozc.Úlehle",49.69488,14.96811
"Zdislavice,silo",49.68853,14.96582
"Zdislavice,silo",49.68863,14.96591
Zduchovice,49.63866,14.20932
Zduchovice,49.63869,14.20904
Zelená liška,50.04834,14.44354
Zelená liška,50.04887,14.44306
Zelená,50.10708,14.39528
Zelená,50.10695,14.39529
Zelená,50.10725,14.39443
Zelená,50.10766,14.39464
Zelené domky,50.01557,14.46992
Zelené domky,50.01643,14.46895
Zeleneč,50.13318,14.66061
Zeleneč,50.13335,14.66072
"Zeleneč,Bezručova",50.13222,14.66035
"Zeleneč,Obora",50.13734,14.65982
"Zeleneč,U Hřiště",50.13012,14.65685
"Zeleneč,U Hřiště",50.13,14.65608
Zelený pruh,50.03943,14.42722
Zelený pruh,50.03911,14.42781
Zemanka,50.03928,14.42297
Zemanka,50.03907,14.4234
Zemědělská univerzita,50.13368,14.37771
Zemědělská univerzita,50.13342,14.37703
Zemědělská univerzita,50.13265,14.3775
Zentiva,50.06152,14.54618
Zhoř u Ml.Vožice,49.54368,14.76357
Zhoř u Ml.Vožice,49.54378,14.76355
"Zhoř,Březí,rozc.0.3",49.50225,14.36325
"Zhoř,Březí,rozc.0.3",49.50196,14.36342
"Zhoř,Zbislav,rozc.0.5",49.49171,14.36387
"Zhoř,Zbislav,rozc.0.5",49.49175,14.36405
Zhořelecká,50.13134,14.41802
Zhořelecká,50.13115,14.41697
Zhořelecká,50.13085,14.41766
Zhořelecká,50.13062,14.41722
Zlatá,50.04039,14.71053
Zlatá,50.04046,14.71029
"Zlatníky-Hodkovice,Břežanská",49.97021,14.48319
"Zlatníky-Hodkovice,Břežanská",49.97015,14.48332
"Zlatníky-Hodkovice,Na Drahách",49.95525,14.48387
"Zlatníky-Hodkovice,Na Drahách",49.95495,14.484
"Zlatníky-Hodkovice,Náves",49.95975,14.48059
"Zlatníky-Hodkovice,Náves",49.96131,14.48093
"Zlatníky-Hodkovice,Slunečná",49.96638,14.4821
"Zlatníky-Hodkovice,Slunečná",49.96681,14.48234
"Zlatníky-Hodkovice,U Hasičárny",49.957,14.48032
"Zlatníky-Hodkovice,U Hasičárny",49.95734,14.48058
"Zlatníky-Hodkovice,U Prodejny",49.96239,14.4811
Zličín,50.05498,14.29054
Zličín,50.05478,14.29072
Zličín,50.05421,14.29106
Zličín,50.05534,14.28998
Zličín,50.05511,14.29021
Zličín,50.05487,14.29041
Zličín,50.05368,14.29081
Zličín,50.05284,14.2914
Zličín,50.05424,14.29043
Zlíchov,50.04657,14.4081
Zlíchov,50.04578,14.40758
Zlíchov,50.04577,14.40727
Zlončice,50.22908,14.35965
Zlončice,50.22907,14.35876
Zlonice,50.28808,14.092
Zlonice,50.28798,14.09238
Zlonice,50.28844,14.09221
Zlonice,50.28818,14.0923
"Zlonice,Břešťany",50.28321,14.11553
"Zlonice,Břešťany",50.28342,14.11552
"Zlonice,Husova",50.28558,14.09961
"Zlonice,Husova",50.28549,14.09958
"Zlonice,škola",50.28344,14.09234
"Zlonice,škola",50.28338,14.09253
"Zlonice,Tmáň",50.28291,14.13168
"Zlonice,Tmáň",50.28298,14.13177
"Zlonice,Vyšínek",50.29818,14.06907
"Zlonice,Vyšínek",50.29838,14.06905
"Zlonín,Rozc.",50.21112,14.49899
"Zlonín,Rozc.",50.21029,14.4989
Zlosyň,50.27791,14.36638
Zlosyň,50.27829,14.3668
Zmrzlík,50.01087,14.31263
Zmrzlík,50.01268,14.3131
Zoo Praha - Sklenářka,50.12036,14.40343
Zoo Praha - Sklenářka,50.12025,14.40347
Zoo Praha - Troja,50.11675,14.41173
Zoo Praha - Troja,50.11651,14.41148
"Zruč n.Sáz.,Dubinská",49.74645,15.10301
"Zruč n.Sáz.,Dubinská",49.74648,15.10314
"Zruč n.Sáz.,Na Pohoří",49.74656,15.09725
"Zruč n.Sáz.,Na Pohoří",49.74648,15.09772
"Zruč n.Sáz.,nám.",49.74293,15.10297
"Zruč n.Sáz.,nám.",49.74303,15.10304
"Zruč n.Sáz.,Nesměřice",49.72842,15.07831
"Zruč n.Sáz.,Nesměřice",49.72837,15.07813
"Zruč n.Sáz.,Nový hřbitov",49.75257,15.0999
"Zruč n.Sáz.,Nový hřbitov",49.75253,15.10004
"Zruč n.Sáz.,prům.zóna Jih",49.73441,15.09066
"Zruč n.Sáz.,prům.zóna Jih",49.73493,15.09204
"Zruč n.Sáz.,rozhledna Babka",49.7555,15.10057
"Zruč n.Sáz.,rozhledna Babka",49.75506,15.10063
"Zruč n.Sáz.,Sázavan",49.7431,15.08785
"Zruč n.Sáz.,Sázavan",49.74304,15.08767
"Zruč n.Sáz.,Sázavan",49.74287,15.08729
"Zruč n.Sáz.,Želivec,žel.zast.",49.75216,15.1385
"Zruč n.Sáz.,Želivec,žel.zast.",49.75363,15.14139
Zvánovice,49.93204,14.77792
"Zvánovice,Kádov",49.93722,14.78057
"Zvánovice,Kádov",49.93699,14.78038
Zvěřínek,50.15534,15.00774
Zvěřínek,50.15553,15.0075
Zvěstov,49.63382,14.79407
Zvěstov,49.63395,14.79407
"Zvěstov,Libouň",49.63428,14.81897
"Zvěstov,Libouň",49.63422,14.81852
"Zvěstov,rozc.Vestec",49.63349,14.80465
"Zvěstov,rozc.Vestec",49.63357,14.80504
"Zvěstov,rozc.Vlastišov",49.64745,14.8223
"Zvěstov,rozc.Vlastišov",49.64796,14.8223
"Zvěstov,rozc.Vlastišov",49.64813,14.82198
"Zvěstov,Smršťov",49.61739,14.83639
"Zvěstov,Smršťov",49.61813,14.83754
Zvíkovec,49.9544,13.68761
"Zvíkovec,Kalinova Ves",49.95864,13.69581
"Zvíkovec,Kalinova Ves",49.95848,13.69597
Zvole,49.93342,14.42282
Zvole,49.93364,14.42279
"Zvole,Černíky",49.92075,14.41946
"Zvole,Černíky",49.92087,14.41984
"Zvole,Jílovská",49.93045,14.42374
"Zvole,Jílovská",49.93073,14.4239
"Zvole,Nová Zvole",49.92402,14.42116
"Zvole,Nová Zvole",49.92389,14.42129
"Zvoleněves,hostinec",50.23114,14.18228
"Zvoleněves,hostinec",50.23134,14.182
Zvonařka,50.07069,14.43417
Zvonařka,50.07115,14.43482
Žabonosy,50.03613,15.03173
Žabonosy,50.03602,15.0322
Žabovřesky,49.96482,14.38316
Žabovřesky,49.96543,14.38409
Žákovská,50.12597,14.37261
Žákovská,50.12589,14.37184
Žárská,50.10566,14.55298
Žárská,50.10583,14.55378
"Žatec,aut.nádr.",50.3275,13.54644
"Žatec,aut.nádr.",50.32731,13.54659
"Žatec,Volyň.Čechů OSP",50.31821,13.545
"Žatec,Volyň.Čechů OSP",50.31817,13.54485
Ždánice,49.96706,14.95731
Ždánice,49.96716,14.95727
Ždánice,49.96854,14.95853
"Ždánice,rozc.Běšínov",49.98254,14.9765
"Ždánice,rozc.Běšínov",49.9826,14.97658
"Ždánice,U Jánů",49.96667,14.96387
"Ždánice,U Jánů",49.96676,14.96419
"Ždánice,U Jánů",49.9664,14.96426
"Ždánice,U Jánů",49.96631,14.96415
"Žďárek,Hvězda",50.63394,15.11177
"Žebrák,INTOS",49.87175,13.89387
"Žebrák,INTOS",49.87171,13.8942
"Žebrák,nám.",49.8758,13.89662
"Žebrák,nám.",49.87585,13.8961
"Žebrák,prům.zóna Jih",49.8615,13.89361
"Žebrák,prům.zóna Jih",49.86088,13.89334
"Žebrák,Sedlec,Za Dálnicí",49.86653,13.89537
"Žebrák,Sedlec,Za Dálnicí",49.86666,13.89544
"Žebrák,Sokolská",49.87492,13.89415
"Žebrák,Sokolská",49.87507,13.89435
Žehuň,50.13523,15.29249
Žehuň,50.13523,15.29233
Želenice,50.20958,14.16438
Železná,50.01009,14.09229
Železná,50.00983,14.09199
"Železný Brod,,sokolovna",50.64071,15.2566
"Železný Brod,,sokolovna",50.64073,15.25618
"Železný Brod,Pelechov",50.63517,15.277
"Železný Brod,Pelechov",50.63527,15.27711
"Železný Brod,sokolovna",50.64076,15.25625
Želivecká,50.05885,14.49346
Želivecká,50.06093,14.49452
Želivského,50.07841,14.47426
Želivského,50.0782,14.47507
Želivského,50.07835,14.4705
Želivského,50.07833,14.47167
Želivského,50.07916,14.47547
Želivského,50.07869,14.4739
Želivského,50.07914,14.47596
Želivského,50.07916,14.47547
Želivského,50.07803,14.47607
Želivského,50.07854,14.47489
Želivského,50.07972,14.47262
Želivského,50.07884,14.47388
Želízy,50.42263,14.46414
Želízy,50.42258,14.46397
Ženské domovy,50.06857,14.40069
Žerčice,50.37109,15.03475
Žerčice,50.3712,15.03463
"Žerčice,pod Kobylnicí",50.36756,15.04865
"Žerčice,pod Kobylnicí",50.3676,15.04871
Žežulka,50.11853,14.38178
Žežulka,50.11853,14.38222
Židněves,50.41159,14.99514
Židněves,50.41164,14.9949
"Židněves,Březenská",50.41125,14.99456
"Židněves,Březenská",50.41129,14.99461
"Židněves,k nádraží",50.41623,15.00379
"Židněves,k nádraží",50.41636,15.00375
Žilina,50.10063,14.00675
Žilina,50.10055,14.00666
"Žilina,Škola",50.09829,14.00786
Živcová,49.9908,14.36836
"Žiželice,Hradišťko II",50.11792,15.42111
"Žiželice,Hradišťko II",50.11801,15.42101
"Žiželice,Končice",50.13293,15.3859
"Žiželice,Končice",50.13291,15.38561
"Žiželice,Loukonosy",50.12667,15.42258
"Žiželice,Loukonosy",50.12674,15.42264
"Žiželice,nám.",50.13168,15.39272
"Žiželice,Zbraň",50.13727,15.36368
"Žiželice,Zbraň",50.13733,15.3636
"Žižice,Luníkov",50.25444,14.16053
"Žižice,Luníkov",50.25431,14.16063
"Žižice,nad hřištěm",50.24855,14.14655
"Žižice,nad hřištěm",50.24855,14.14688
"Žižice,Vítov",50.24633,14.14051
"Žižice,Vítov",50.24629,14.14071
Žvahov,50.04399,14.40145
Bad Schandau,50.91874,14.13972
Bahno,49.86544,15.22049
Bakov n.Jizerou m.,50.47892,14.93907
Bakov n.Jizerou,50.47219,14.92281
Bartoušov zast.,50.35501,15.31105
Bečov n.Teplou,50.083,12.83115
Bečov u Mostu,50.45655,13.71172
Bečváry,49.95604,15.07104
Bechov,50.43614,15.08526
Bělá p.Bezdězem město,50.49333,14.78722
Bělá p.Bezdězem z.,50.5002,14.86891
Bělá p.Bezdězem,50.48833,14.8359
Bělá u Staré Paky z.,50.53383,15.4457
Bělčice,49.5041,13.88601
Běleč,49.90957,14.17816
Benešov n.Ploučnicí,50.73829,14.30515
Benešov u Prahy,49.77903,14.68305
Beroun,49.95724,14.07658
Beroun-Závodí,49.96716,14.08344
Běrunice,50.1859,15.34135
Bezdědovice,49.44556,13.87509
Bezděkov u Klatov,49.38058,13.23658
Bezděz,50.5161,14.72941
Bílina,50.55407,13.77214
Blansko,49.35262,16.64702
Blatná,49.43099,13.87277
Blatno u Jesenice,50.09998,13.38998
Blíževedly,50.61345,14.39551
Bohumín,49.90067,18.35947
Bohušovice n.Ohří,50.49134,14.14912
Bojanovice,49.8678,14.34497
Bojov,49.88039,14.34875
Bolina,49.68456,14.95028
Borek p.Troskami,50.53576,15.23187
Borek u Žlutic,50.06767,13.1325
Borovy,49.52684,13.29946
Bošice,50.01533,15.01531
Brandýs n.Labem z.,50.18029,14.67815
Brandýs n.Labem,50.18349,14.65518
Brandýs n.Labem-Zápská,50.1836,14.6646
Brandýs n.Orlicí,50.00022,16.28408
Brandýsek,50.18415,14.17303
Bratkovice,49.73865,14.00295
Brniště,50.71663,14.72882
Brno hl.n.,49.1905,16.61281
Brno-Královo Pole,49.23082,16.59688
Brno-Židenice,49.20415,16.63603
Brtníky,50.95184,14.43862
Břeclav,48.75377,16.89302
Březina n.Jizerou,50.5456,15.03612
Březiny u Děčína,50.76102,14.24374
Březnice,49.55841,13.96391
Březno u Chomutova,50.39588,13.42103
Březno u Ml.Boleslavi,50.41361,15.00562
Březno u Postoloprt,50.35161,13.72206
Březová n.Svitavou,49.63335,16.52035
Bříza obec,50.36353,14.21833
Břvany,50.40797,13.72307
Budčice,49.7224,15.18465
Bukovno,50.44362,14.8333
Butoves,50.38811,15.42492
Bykáň,49.89164,15.23994
Bystřice (Bystrzyca),49.63638,18.71716
Bystřice u Benešova,49.74176,14.66657
Byšice,50.30573,14.60389
Cerekvice n.Bystřicí,50.32562,15.71666
Cerhenice,50.07793,15.07948
Cerhovice,49.83634,13.83714
Cidlina,50.50077,15.33656
Církvice,49.94248,15.3291
Cítov,50.36639,14.4188
Ctiněves,50.37841,14.30648
Čadca,49.44489,18.78745
Čachovice,50.27249,14.94906
Čáslav,49.91525,15.39485
Čelákovice zast.,50.15987,14.73538
Čelákovice,50.1579,14.75429
Čelákovice-Jiřina,50.16758,14.76549
Čerčany,49.85135,14.70199
Černíny,49.84093,15.21619
Černošice,49.95984,14.32347
Černošice-Mokropsy,49.94618,14.33039
Červené Pečky,49.98798,15.207
Červenka,49.72405,17.0911
Červený Kostelec,50.48374,16.07542
Červený Újezd u Votic zast.,49.56032,14.61372
Česká Lípa hl.n.,50.67515,14.53324
Česká Lípa střelnice,50.69173,14.53319
Česká Lípa-Holý vrch,50.68236,14.5229
Česká Skalice,50.39553,16.05403
Česká Třebová,49.89716,16.44656
České Budějovice,48.97446,14.48859
České Velenice,48.76937,14.95767
Český Brod,50.07671,14.8663
Český Krumlov,48.82238,14.31709
Český Šternberk zast.,49.80863,14.9297
Český Šternberk,49.81357,14.93554
Český Těšín (Czeski Cieszyn),49.74369,18.62253
Číčenice,49.15355,14.22149
Čimelice,49.47026,14.07667
Čisovice,49.85819,14.31962
Čistá,50.03304,13.56889
Čížkovice,50.4836,14.0394
Čížov,49.75195,15.04875
Čížová,49.35356,14.09775
Čtyřkoly,49.86909,14.71497
Davle,49.8877,14.39876
Děčín hl.n.,50.77347,14.20125
Děčín východ,50.77509,14.22335
Dešenice,49.27742,13.17506
Deštnice,50.22574,13.60613
Dlouhá Lhota,50.42113,15.03954
Dlouhá Třebová,49.93679,16.42204
Dlouhé Dvory,50.2617,15.72592
Dobrá Voda u Březnice,49.55608,13.99903
Dobrá Voda u Hořic,50.34589,15.60972
Dobroměřice,50.37082,13.79902
Dobrovice,50.35559,14.93941
Dobrovíz,50.11069,14.21999
Dobrovíz-Amazon,50.10728,14.2137
Dobřany,49.65645,13.30329
Dobříčkov,49.75245,14.76176
Dobřichovice,49.92753,14.28804
Dobříkov u Chocně,49.99582,16.13616
Dobříň,50.43711,14.29619
Dobříš,49.78991,14.18339
Dobšice n.Cidlinou,50.14018,15.26385
Dohalice,50.28297,15.69577
Doksy,50.57359,14.64705
Dolánky,50.60385,15.17118
Dolany n.Vltavou,50.22437,14.34881
Dolní Beřkovice,50.38964,14.43583
Dolní Bousov,50.44157,15.13235
Dolní Březinka,49.66143,15.38054
Dolní Břežany-Jarov,49.9472,14.39692
Dolní Ostrovec,49.4139,14.11308
Dolní Zálezly,50.59684,14.04826
Domanice,49.30062,13.91562
Domašín,49.715,14.83697
Domažlice,49.43518,12.94293
Domoušice,50.233,13.72257
Drahobudice,49.93662,15.06261
Dresden Hbf,51.04041,13.73158
Dresden-Neustadt,51.0659,13.7406
Dřetovice,50.18919,14.2015
Dřísy,50.24277,14.63435
Dubany,50.39874,14.01259
Dubičná,50.60994,14.35952
Eggenburg,48.63789,15.81396
Ejpovice,49.75171,13.5111
Františkov n.Ploučnicí,50.72396,14.33183
Františkovy Lázně,50.1244,12.35529
Freistadt,48.49529,14.48149
Furth im Wald,49.30993,12.83917
Gmünd NÖ,48.76418,14.98547
Golčův Jeníkov město,49.82183,15.47349
Golčův Jeníkov,49.83667,15.46805
Göpfritz an der Wild,48.72977,15.3944
Hamry n.Sázavou,49.56741,15.89653
Hamry-Hojsova Stráž,49.21147,13.17498
Hanušovice,50.0719147,16.9294128
Hatě,49.9138,15.058
Havířov,49.79163,18.41199
Havlíčkův Brod,49.59823,15.58885
Havlíčkův Brod-Perknov,49.6142,15.53966
Heřmaň,49.24449,14.13947
Heřmaničky,49.60194,14.58451
Hleďsebe,50.36369,14.56252
Hlízov,49.98177,15.29356
Hluboký Důl,50.00226,15.21857
Hněvčeves,50.31202,15.72153
Hněvice,50.4531,14.36151
Hodkov zast.,49.77776,15.15419
Hodkov,49.78592,15.16383
Hojsova Stráž-Brčálník,49.19143,13.22264
Holedeček,50.28496,13.5587
Holoubkov,49.77401,13.69989
Holýšov,49.59727,13.10131
Horka n.Sázavou,49.7388,15.12895
Horky u Čáslavi,49.87191,15.44294
Horní Beřkovice,50.35719,14.35522
Horní Branná,50.59672,15.58702
Horní Ledeč,49.6959,15.28345
Horní Lideč,49.18895,18.05842
Horní Nerestce,49.49791,14.05662
Horní Nová Ves,50.45041,15.57223
Horní Počaply,50.4226,14.38672
Horní Police,50.70613,14.40001
Horní Řepčice,50.55776,14.26703
Hořátev,50.15274,15.02857
Hořesedly,50.16826,13.64126
Hořetice,50.37906,13.50377
Hořice v Podkrkonoší,50.35622,15.63477
Hořovice,49.84333,13.8992
Hostinné město,50.5392,15.7202
Hostinné,50.53672,15.73777
Hostivice,50.08414,14.25844
Hostivice-Litovice,50.07172,14.22458
Hostivice-Sadová,50.07705,14.26478
Hostivice-U hřbitova,50.08418,14.23055
Hostomice p.Brdy,49.83141,14.04723
Hostouň u Prahy,50.10482,14.20915
Hoštka,50.49151,14.32758
Hovorčovice,50.18053,14.52769
Hradec Králové hl.n.,50.21457,15.81014
Hranice na Moravě,49.56545,17.74158
Hrdly,50.48515,14.17428
Hrdoňovice,50.49041,15.26444
Hrobce,50.45795,14.22983
Hrubá Skála,50.55054,15.21277
Hřivice,50.28546,13.72517
Hudčice,49.52768,13.92855
Hulín,49.31649,17.47637
Hvězdonice,49.8725,14.77176
Hýskov,49.98885,14.04475
Chabeřice,49.74957,15.06261
Chalupki,49.92549,18.31165
Cham(Oberpf),49.2219,12.6566
Cheb,50.07372,12.38097
Chlum u Rakovníka,50.07607,13.77743
Chlumčany u Dobřan,49.62292,13.29207
Chlumčany u Loun,50.34439,13.84556
Chlumec n.Cidlinou,50.16356,15.45728
Chlumín,50.26728,14.45656
Chmeliště,49.89579,15.05629
Choceň,49.9941,16.22377
Chocerady,49.8699,14.80593
Chodov,50.23154,12.75372
Chomutov město,50.47006,13.4142
Chomutov,50.45676,13.39941
Chotěšov p.Hazmburkem,50.44202,14.07033
Chotětov,50.33956,14.81028
Chotěvice,50.51898,15.75989
Chotouchov,49.97046,15.12128
Chotoviny,49.47293,14.6686
Chotutice,50.07153,14.99644
Chrást n.Sázavou,49.83963,14.57696
Chrášťany,50.14192,13.66341
Chroustov,50.06502,14.99721
Chřenovice,49.71228,15.19466
Chřenovice-Podhradí,49.70789,15.2356
Chřibská,50.86773,14.52396
Chvaletice,50.03747,15.41863
Chvatěruby,50.23989,14.33772
Chýně jih,50.05177,14.22097
Chýně,50.05893,14.212
Chyše,50.11112,13.2479
Jablonné v Podještědí,50.76942,14.75814
Janovice n.Úhlavou,49.35263,13.20381
Jaroměř,50.34184,15.91039
Javorník ve Slezsku,50.39479,17.01563
Jedlová,50.84272,14.57034
Jeneč zast.,50.09463,14.21333
Jeneč,50.09433,14.21154
Jeřice,50.34283,15.67663
Jesenice,50.09311,13.4718
Jesenný,50.65163,15.3278
Jestřebí,50.61415,14.60028
Ješetice,49.57778,14.59673
Jičín zast.,50.45036,15.38081
Jičín,50.43067,15.36131
Jičíněves,50.37407,15.33685
Jihlava město,49.40388,15.58338
Jihlava,49.4155,15.59912
Jíkev,50.2392,15.0519
Jílové u Prahy,49.87803,14.49997
Jimlín,50.32661,13.75108
Jince,49.78222,13.98726
Jinočany,50.02898,14.26279
Jinolice,50.47898,15.33515
Jirkov zast.,50.48547,13.44755
Jirkov,50.49231,13.44884
Jiřice,50.23887,14.54676
Jivany,50.51373,15.29884
Kácov zast.,49.77576,15.031
Kácov,49.78682,15.01865
Kačice,50.15642,13.99534
Kadaň-Prunéřov,50.41136,13.25834
Kamenné Zboží,50.18895,15.00298
Kamenné Žehrovice,50.14024,14.03812
Kamenný Most u Kralup n.Vlt.,50.23929,14.20589
Kamenný Přívoz,49.86657,14.51711
Kanina,50.41574,14.61486
Kaplice,48.77514,14.46869
Karlovice-Sedmihorky,50.56181,15.19637
Karlovy Vary,50.23555,12.86681
Karlštejn,49.93201,14.17534
Karviná hl.n.,49.85555,18.52681
Kařez,49.8218,13.77864
Kařízek,49.80079,13.76787
Katusice,50.44304,14.77706
Kefermarkt,48.43703,14.53814
Klabava,49.74916,13.53818
Kladno město,50.14198,14.08373
Kladno,50.12796,14.1136
"Kladno,A.Škváry",50.14917,14.0853
"Kladno,Bresson",50.14534,14.07741
"Kladno,U nemocnice",50.14249,14.08766
Kladno-Dubí,50.16342,14.12979
Kladno-Ostrovec,50.1475,14.08692
Kladno-Rozdělov,50.1318,14.06704
Kladno-Švermov,50.16147,14.11482
Kladno-Vrapice,50.16628,14.15386
Klášterec n.Ohří,50.38506,13.19612
Klášterská Lhota,50.55865,15.66067
Klatovy,49.40147,13.27416
Kleneč,50.39435,14.24686
Klínec,49.89678,14.35966
Klobuky v Čechách,50.29828,13.99658
Klučov,50.09429,14.90375
Kněžnice,50.49284,15.32016
Kojetice u Prahy,50.23736,14.49918
Kojice,50.04079,15.39727
Kojovice,50.30719,14.65641
Koleč,50.19668,14.21817
Kolín dílny,50.01143,15.23431
Kolín místní n.,50.01546,15.22304
Kolín zast.,50.03074,15.19516
Kolín,50.02538,15.21464
Kolín-Zálabí,50.03741,15.21008
Kolomuty,50.40662,14.97779
Konětopy,50.2681,13.72659
Kopidlno,50.33397,15.26044
Kořenice,49.97316,15.13859
Kosobody,50.10732,13.51878
Kosova Hora,49.65926,14.48019
Kostelec n.Labem,50.22109,14.58069
Kostěnice,50.0129,15.89756
Kostomlaty n.Labem,50.18595,14.96205
Kostomlaty p.Řípem,50.38042,14.33015
Košátky,50.31742,14.67072
Koštice n.Ohří,50.40043,13.95412
Kounov,50.21606,13.66521
Kouřim,50.00562,14.98787
Kovač,50.39231,15.46953
Kováry,50.18187,14.24736
Kožlany,49.99364,13.51911
Kralovice u Rakovníka,49.98885,13.48987
Královice u Zlonic,50.25974,14.0683
Kralupy n.Vlt.-Minice,50.22444,14.29794
Kralupy n.Vlt.předm.,50.23186,14.28352
Kralupy n.Vltavou,50.23839,14.3133
Králův Dvůr,49.94298,14.04076
Králův Dvůr-Popovice,49.92804,14.02013
Krásná Lípa město,50.90713,14.5121
Krásná Lípa,50.91908,14.51221
Krasoňovice,49.87708,15.22379
Kravaře v Čechách,50.62898,14.40466
Krhanice,49.84888,14.55326
Krnsko,50.3766,14.86916
Kropáčova Vrutice,50.32347,14.70184
Krty,50.09003,13.43369
Krupá,50.16971,13.72294
Kryštofovo Údolí,50.77209,14.94198
Křesín,50.39779,13.98143
Křešice u Litoměřic,50.52622,14.21564
Křinec,50.26598,15.14362
Křivoklát,50.03831,13.86878
Křižanov,49.38476,16.08032
Křižany,50.75143,14.91854
Ktová,50.52785,15.24709
Kunčice n.Labem,50.58387,15.62284
Kuřim,49.30098,16.53463
Kutná Hora hl.n.,49.96156,15.3014
Kutná Hora město,49.94989,15.27731
Kutná Hora předm.,49.93719,15.26773
Kutná Hora-Sedlec,49.95765,15.29033
Kúty,48.66196,17.04737
Kyje u Jičína,50.49999,15.3762
Kynšperk n.Ohří,50.12584,12.5194
Landshut(Bay)Hbf,48.54753,12.13588
Lasberg-St. Oswald,48.46088,14.52159
Lašovice,50.06547,13.8
Laziště,49.72997,15.15967
Lázně Bělohrad,50.42622,15.57724
Lázně Kynžvart,49.99331,12.61408
Lázně Toušeň,50.16852,14.71162
Ledeč n.Sázavou,49.69807,15.27022
Ledečko,49.84734,14.93225
Ledečky,50.2842,15.18602
Leipzig Hbf,51.34576,12.38221
Lenešice,50.37753,13.77355
Leština u Světlé,49.76122,15.39876
Letovice,49.55609,16.57084
Ležky,50.11916,13.35418
Lhota p.Přeloučí,50.0366,15.52694
Lhota Veselka,49.72101,14.81513
Lhotka u Mělníka z.,50.3734,14.55095
Lhotka u Mělníka,50.38211,14.54185
Libčice n.Vltavou,50.19922,14.36517
Libčice n.Vltavou-Letky,50.18957,14.37277
Liběchov,50.41441,14.43577
Liberec,50.76138,15.04557
Liberec-Horní Růžodol,50.75354,15.03289
Liběšice,50.57206,14.285
Libice n.Cidlinou,50.12771,15.18299
Libkovice,50.13051,13.27
Libochovany,50.56398,14.04078
Libochovice město,50.40755,14.03728
Libochovice,50.41047,14.05492
Libomyšl,49.87553,13.99192
Libošovice,50.4861,15.16353
Libuň zast.,50.50015,15.30054
Libuň,50.48962,15.30383
Líny,50.44622,14.81038
Linz Hbf,48.29005,14.29169
Lipník n.Bečvou,49.52969,17.57368
Lipová Lázně jeskyně,50.2446632,17.1433582
Liteň,49.90341,14.15531
Litochovice n.Labem,50.55862,14.03335
Litoměřice Cihelna,50.53706,14.11816
Litoměřice horní n.,50.54102,14.13152
Litoměřice město,50.53259,14.139
Lobkovice,50.25093,14.53067
Loděnice,49.99344,14.16381
Lochovice,49.84641,13.97432
Lomnice n.Popelkou,50.52684,15.37443
Loukov u Mn.Hradiště,50.55871,15.05652
Louny město,50.35027,13.79641
Louny střed,50.35366,13.80628
Louny,50.36118,13.8228
Lovčice obec,50.17044,15.38232
Lovosice město,50.52176,14.04549
Lovosice závod,50.51053,14.08124
Lovosice,50.50969,14.05962
Lštění,49.86373,14.71542
Lubenec zast.,50.12951,13.3069
Lubenec,50.12633,13.32742
Lubná,50.07856,13.69604
Luhačovice,49.09886,17.75193
Luhov,50.0348,13.02929
Luka p.Medníkem,49.86576,14.46181
Lukavec,50.50302,14.09221
Luková,50.19003,15.48691
Luštěnice,50.32059,14.94495
Lužany,49.5483,13.31458
Lužná u Rakovníka,50.14486,13.77028
Lvová,50.781,14.78785
Lysá n.Labem,50.19562,14.84225
Lysá n.Labem-Dvorce,50.20022,14.80161
Mačkov,49.40152,13.88604
Majdalena,48.95058,14.86815
Malá Bělá,50.48699,14.9228
Malá Hraštice,49.80951,14.26905
Malá Skála,50.63401,15.1921
Malá Veleň,50.74228,14.27254
Malé Svatoňovice,50.52967,16.05063
Malé Žernoseky,50.53844,14.05641
Malechovice,50.49345,15.18727
Malešov,49.90726,15.23083
Malměřice,50.11367,13.38128
Malovidy,49.82196,14.93211
Malý Újezd,50.33316,14.52617
Mariánské Lázně,49.95683,12.69462
Martinice v Krkonoších,50.5807,15.54109
Maxhütte-Haidhof,49.19847,12.10776
Měchenice,49.91092,14.3839
Měcholupy,50.26668,13.53216
Mělnická Vrutice,50.34434,14.5465
Mělník,50.353,14.49244
Mělník-Mlazice,50.37523,14.46777
Městec Králové,50.21065,15.30022
Městečko u Benešova,49.73082,14.80525
Městečko u Křivoklátu,50.05018,13.85712
Měšice u Prahy,50.20451,14.51363
Mezno,49.53667,14.65436
Mikulášovice dol.n.,50.98444,14.33661
Mikulášovice střed,50.96241,14.35748
Milín,49.63237,14.02197
Milostín,50.20255,13.66757
Milovice,50.22918,14.88175
Mimoň,50.658,14.71459
Minartice,49.66702,14.53934
Mirošovice u Prahy,49.90965,14.7209
Mirošovice u Rataj n.Sáz.,49.86035,15.00478
Mirovice,49.5099,14.03432
Mitrov,49.86582,15.04787
Mladá Boleslav hl.n.,50.40734,14.8872
Mladá Boleslav město,50.41929,14.91569
Mladá Boleslav-Debř,50.44806,14.88729
Mladějov v Čechách,50.481,15.22632
Mlčechvosty,50.31914,14.34768
Mlýnec,50.3177,15.22079
Mnetěš,50.35992,14.27599
Mnichovice,49.93259,14.70717
Mnichovo Hradiště,50.51834,14.97816
Mníšek p.Brdy,49.85377,14.2698
Mohelnice,49.77676,16.94298
Mokrovraty,49.79653,14.23649
Moravany,50.00219,15.94646
Most,50.51151,13.65801
Mrač,49.83244,14.69798
Mrzkovice,49.65704,15.37363
Mstětice,50.13665,14.69141
Mšeno,50.43575,14.64079
Mutějovice zast.,50.18751,13.7025
Mutějovice,50.21715,13.70444
Myslíč,49.76476,14.72333
Myslín,49.52957,14.02393
Mýto,49.78349,13.74033
Návsí (Nawsie),49.58982,18.75457
Nebužely,50.3862,14.58967
Nelahozeves zámek,50.26271,14.30244
Nelahozeves,50.28338,14.30872
Nemyčeves,50.38726,15.3605
Nepřevázka,50.37413,14.91133
Neratovice město,50.25591,14.52189
Neratovice sídl.,50.25769,14.50756
Neratovice,50.26269,14.51757
Nesvačily,49.87471,14.12854
Neštěmice,50.67257,14.10686
Netřeba,50.26009,14.42237
Neufahrn(Niederbay),48.72976,12.19042
Neuměřice,50.24057,14.21792
Neumětely,49.85005,14.01188
Nižbor,50.00335,13.99836
Nížkov,49.55535,15.79864
Noutonice,50.16,14.27803
Nová Huť v Luž.horách,50.83072,14.58586
Nová Paka město,50.49461,15.51259
Nová Paka,50.48667,15.52304
Nová Ves p.Pleší,49.82741,14.27007
Nová Ves u Kolína,50.05513,15.15055
Nová Ves u Leštiny,49.7835,15.40423
Nové Kopisty,50.4973,14.12014
Nové Mesto n.Váhom,48.75105,17.83586
Nové Ouholice,50.30157,14.3166
Nové Strašecí,50.15197,13.8818
Nový Bor,50.76065,14.54731
Nový Bydžov,50.24487,15.48584
Nučice zast.,50.01516,14.21278
Nučice,50.02401,14.22504
Nymburk hl.n.,50.19339,15.04557
Nymburk město,50.18453,15.03347
Nýrsko,49.29721,13.15327
Obrnice,50.50449,13.70009
Ohnišťany,50.33363,15.50703
Okna,50.52724,14.67445
Okrouhlice,49.6307,15.48703
Olbramovice,49.66673,14.62399
Oleško,50.47771,14.1943
Olomouc hl.n.,49.59261,17.27849
Olovnice zast.,50.24681,14.25372
Olovnice,50.2326,14.24501
Opava východ,49.93468,17.90831
Opočno u Loun,50.31248,13.73387
Oráčov,50.10721,13.54456
Oskořínek,50.24168,15.08612
Oslí,49.59677,13.92648
Osov,49.8363,14.0817
Ostrá,50.18781,14.89171
Ostrava hl.n.,49.85001,18.26403
Ostrava-Stodolní,49.83492,18.28058
Ostrava-Svinov,49.82114,18.21027
Ostroměř,50.36901,15.54466
Ostrov n.Ohří,50.30163,12.95774
Ostrov u Tochovic,49.61496,14.00872
Ostružná,50.1836052,17.0507355
Otradovice,50.20607,14.74625
Otročín,50.03907,12.8872
Otrokovice,49.20263,17.53126
Otvovice,50.2102,14.27012
Ovčáry,50.25372,14.61426
Páleček,50.29089,14.02936
Panský,50.94867,14.46187
Pardubice hl.n.,50.0317,15.75637
Pardubice-Černá za Bory,50.02747,15.83043
Pardubice-Opočínek,50.03043,15.66965
Pardubice-Pardubičky,50.03121,15.78889
Pardubice-Svítkov,50.03193,15.72366
Pátek,50.37685,13.93639
Pavlov,50.09507,14.16561
Pecerady,49.83363,14.62582
Pečky,50.08983,15.02712
Peruc,50.33593,13.95882
Petrov u Prahy,49.87936,14.42853
Petrov-Chlomek,49.87654,14.41074
Piešťany,48.59631,17.81474
Pilníkov,50.53418,15.81287
Písek zast.,49.3126,14.13604
Písek,49.29634,14.14306
Písek-Dobešice,49.3275,14.1101
Planá n.Lužnicí,49.35395,14.70626
Planá u Mar.Lázní,49.86173,12.73013
Plaňany zast.,50.04548,15.02419
Plaňany,50.04936,15.01602
Plavy,50.70144,15.31769
Ploskovice,50.54983,14.20578
Plotiště n.Labem,50.23494,15.79263
Ploužnice,50.51422,15.38679
Plužiny,49.87844,14.87521
Plzeň hl.n.,49.7437,13.38801
Plzeň zast.,49.73679,13.37487
Plzeň-Doubravka,49.75869,13.41626
Plzeň-Jižní Předměstí,49.74033,13.36773
Poděbrady,50.14933,15.12429
Podlešín,50.21824,14.15575
Pohled,49.6003,15.65707
Pohleď,49.65107,15.45624
Polepy,50.51099,14.26753
Polerady n.Labem,50.20481,14.60995
Poličany,49.9237,15.25855
Poříčany,50.11119,14.92237
Poříčí n.Sáz.-Svárov,49.84177,14.65162
Poříčí n.Sázavou,49.83741,14.67661
Poseč,50.03538,12.93306
Postoloprty,50.36046,13.69165
Postupice,49.73804,14.78232
Považská Bystrica,49.12276,18.43176
Povrly,50.67091,14.15788
Prackovice n.Labem,50.57261,14.03638
Praha hl.n.,50.08298,14.43595
Praha Masarykovo n.,50.08775,14.43438
Praha-Běchovice střed,50.08359,14.61495
Praha-Běchovice,50.0823,14.59849
Praha-Braník,50.02787,14.40689
Praha-Bubny,50.10238,14.43928
Praha-Cibulka,50.06457,14.36216
Praha-Čakovice,50.14887,14.51953
Praha-Dejvice,50.09687,14.3995
Praha-Dolní Počernice,50.0886,14.56812
Praha-Eden,50.06568,14.47204
Praha-Hlubočepy,50.04064,14.39398
Praha-Holešovice zast.,50.10599,14.43738
Praha-Holešovice,50.11064,14.43971
Praha-Holyně,50.03288,14.34863
Praha-Hor.Měcholupy,50.04799,14.56565
Praha-Hor.Počernice,50.11668,14.61275
Praha-Hostivař,50.05506,14.53825
Praha-Jinonice,50.05571,14.37174
Praha-Kačerov,50.04249,14.46336
Praha-Kbely,50.13494,14.55587
Praha-Klánovice,50.08714,14.66368
Praha-Kolovraty,50.01363,14.62636
Praha-Komořany,49.99052,14.40436
Praha-Krč,50.03407,14.44606
Praha-Kyje,50.09696,14.54512
Praha-Libeň,50.10077,14.5017
Praha-Modřany zast.,50.00348,14.40307
Praha-Podbaba,50.11228,14.39571
Praha-Radotín,49.98595,14.36424
Praha-Ruzyně,50.0845,14.3128
Praha-Řeporyje,50.03248,14.3081
Praha-Satalice,50.12298,14.57098
Praha-Sedlec,50.13186,14.39466
Praha-Smíchov sev.n.,50.06152,14.40686
Praha-Smíchov,50.06111,14.40808
Praha-Stodůlky,50.06131,14.34104
Praha-Uhříněves,50.03379,14.59129
Praha-Veleslavín,50.09499,14.3463
Praha-Velká Chuchle,50.01133,14.3889
Praha-Vršovice,50.06456,14.44764
Praha-Vysočany,50.11228,14.49736
Praha-Zahradní Město,50.06221,14.50316
Praha-Zbraslav,49.97062,14.39974
Praha-Zličín,50.06434,14.29747
Praha-Žvahov,50.04723,14.40476
Praskolesy,49.86875,13.92938
Pregarten,48.35593,14.52238
Prosečné,50.54748,15.69632
Prosečnice,49.86381,14.53247
Protivec,50.08961,13.20705
Protivín zast.,49.19642,14.22251
Protivín,49.21254,14.21184
Předbořice,49.85556,15.22454
Přelouč,50.0396,15.57462
Přerov,49.44707,17.44498
Přeštice,49.57518,13.32254
Přeštice-Zastávka,49.60073,13.29911
Převýšov,50.15266,15.40736
Příbram sídliště,49.67413,14.00111
Příbram,49.68892,14.00324
Přibyslav zast.,49.57935,15.71772
Přibyslav,49.5697,15.74271
Příčina,50.07133,13.67786
Příšovice,50.57909,15.07872
Pševes,50.34525,15.29568
Pšovlky,50.10435,13.59808
Pučery,49.96742,15.10622
Púchov,49.11391,18.32726
Pustověty,50.05499,13.81691
Putim,49.26403,14.13163
Pyšely,49.86131,14.69885
Račice n.Berounkou,50.02485,13.92321
Radim,50.07353,15.00749
Radomyšl zast.,49.31327,13.9326
Radomyšl,49.32024,13.94853
Radouš,49.83828,14.01754
Rakovník západ,50.10147,13.71428
Rakovník zast.,50.10571,13.74975
Rakovník,50.09906,13.7361
Ramzová,50.19339,17.0636272
Rataje n.Sáz.,49.84385,14.95034
Rataje n.Sáz.-Ivaň,49.83991,14.94111
Rataje n.Sáz.předm.,49.8496,14.9789
Rataje n.Sáz.zast.,49.84437,14.94796
Ratboř,49.98156,15.16035
Regensburg Hbf,49.01169,12.09971
Regenstauf,49.12187,12.12516
Rejkovice,49.80902,13.97057
Riesa,51.30969,13.28784
Roding,49.21446,12.51579
Rohatsko,50.4371,15.1074
Rojice,49.34834,13.95025
Rokycany,49.74017,13.59184
Ronov n.Doubravou z.,49.89266,15.5434
Ronov n.Doubravou,49.89484,15.52822
Ronov n.Sázavou,49.56618,15.77435
Rostoklaty,50.07868,14.80617
Roudnice n.L.-Bezděkov,50.42863,14.28203
Roudnice n.L.-Hrach.,50.41696,14.253
Roudnice n.L.město,50.42167,14.25872
Roudnice n.Labem,50.42638,14.26549
Rovensko p.Troskami,50.53143,15.26424
Roztoky u Jilemnice,50.55462,15.49003
Roztoky u Křivoklátu,50.02354,13.87397
Roztoky u Prahy,50.15948,14.39842
Roztoky-Žalov,50.16806,14.365
Rožďalovice,50.29917,15.18031
Rožmitál p.Třemšínem,49.60201,13.88219
Rtyně v Podkrkonoší,50.51566,16.07313
Rudná u Prahy,50.03939,14.24264
Rudná zast.,50.03188,14.23361
Rumburk,50.95689,14.55074
Rybník,48.64946,14.43169
Rybnik(PL),50.08897,18.54773
Rybniště,50.88303,14.50985
Rychnovek,50.36073,15.96961
Rymaně,49.85722,14.28165
Rynholec,50.13899,13.92628
Rynoltice,50.78701,14.82679
Řečany n.Labem,50.03174,15.47881
Řepice,49.27809,13.91402
Řepov,50.40691,14.95557
Řevnice,49.91653,14.23884
Řevničov,50.1491,13.83292
Řež,50.17916,14.35533
Říčany,49.99746,14.66391
Sadová,50.29546,15.6939
Sadská,50.13137,14.98661
Samechov,49.88611,14.83515
Samopše,49.86096,14.91638
Sány,50.13009,15.24106
Sázava u Žďáru,49.56289,15.84759
Sázava zast.,49.86927,14.89376
Sázava,49.87521,14.90631
Sázavka,49.72983,15.39867
Sebuzín,50.59293,14.05339
Sedlčany,49.65587,14.43419
Sedlice město,49.37821,13.94457
Sedlice,49.38461,13.93652
Sedlíšťka,49.99015,16.06482
Semínova Lhota,50.51798,15.28095
Senohraby,49.89705,14.72752
Senomaty,50.09556,13.64668
Schwandorf,49.32633,12.10377
Schwarzenau im Waldviertel,48.74629,15.26724
Sigmundsherberg,48.68598,15.74424
Skalice n.Svitavou,49.48012,16.60984
Skalice u Čes.Lípy,50.74159,14.52157
Skalsko,50.43214,14.75544
Skochovice,49.92487,14.37617
Skovice,49.90574,15.46013
Skramouš,50.44326,14.66451
Skřivany,50.27193,15.4988
Skuhrov p.Brdy,49.88854,14.14772
Skuhrov p.Třemšínem,49.59757,13.90492
Slaný předm.,50.22625,14.1022
Slaný,50.22854,14.07574
Slatina p.Hazmburkem,50.42988,14.06096
Slavětín n.Ohří,50.36035,13.90069
Slavětín u Březnice,49.52293,13.895
Slibovice,50.17508,15.36672
Smetanova Lhota,49.44588,14.08154
Smidary,50.29504,15.49548
Smilov,50.04958,13.05059
Smiřice,50.30039,15.85816
Smrčná,49.66063,15.34909
Sobčice,50.37537,15.51864
Soběslav,49.25537,14.72594
Soběšín,49.78974,14.95976
Sobotka,50.46545,15.16795
Sokolov,50.18611,12.64462
Solopysky,50.2515,13.74811
Spálov,50.63403,15.30071
Srbsko,49.93695,14.13115
Srní u Čes.Lípy,50.63697,14.58445
Sruby,49.98985,16.17097
Stará Boleslav,50.20978,14.69238
Stará Huť,49.78568,14.19862
Stará Paka,50.51617,15.48678
Staré Město u Uh.Hrad.,49.0764,17.42295
Staré Místo u Jičína,50.40611,15.35298
Staré Splavy,50.58701,14.62956
Starkoč,50.41111,16.10077
Starý Kolín,50.01104,15.29543
Starý Šachov,50.7208,14.37502
Stašov,49.88604,13.95962
Stochov,50.14122,13.96553
Strachovice,50.01436,13.52735
Strakonice,49.25518,13.91635
Strančice,49.9495,14.67774
Straškov,50.36182,14.24227
Stratov,50.18744,14.9075
Struhařov,49.76211,14.74864
Stružnice,50.69835,14.44994
Středokluky,50.12449,14.25455
Střechov n.Sázavou,49.76027,15.02196
Střezimíř,49.54361,14.62137
Stříbrná Skalice,49.88331,14.85721
Stříbrné Hory,49.59724,15.68291
Stříbro,49.74112,13.00061
Studénka,49.70754,18.06648
Stvolínky,50.62974,14.43761
Stvořidla,49.67042,15.31953
Sudoměř u Ml.Boleslavi,50.438,14.74479
Sudoměřice u Tábora,49.50732,14.65972
Suchdol n.Lužnicí z.,48.8922,14.88032
Suchdol n.Odrou,49.6421,17.93851
Sulejovice,50.49939,14.03603
Summerau,48.55726,14.44884
Světice,49.9702,14.65797
Světlá n.Sázavou m.,49.66917,15.40134
Světlá n.Sázavou,49.6704,15.41742
Světlá n.Sázavou-Josefodol,49.69042,15.4242
Svitavy,49.75926,16.47966
Svojetín,50.19827,13.63231
Svojkovice,49.75507,13.65571
Svor,50.79054,14.59249
Šanov,50.09182,13.62873
Šárovcova Lhota,50.40787,15.56111
Šluknov,51.00644,14.46178
Špičák,49.16163,13.22262
Štědrá,50.04982,13.1201
Štětí,50.45653,14.39391
Štětkovice,49.66676,14.51686
Štipoklasy,49.82795,15.20791
Švihov u Jesenice,50.10725,13.56701
Švihov u Klatov,49.47375,13.29078
Tábor,49.41382,14.67736
Tample,50.546,15.46507
Tanvald,50.74232,15.31035
Tatce,50.09917,14.98597
Telce,50.3119,13.97168
Teplice v Čechách,50.64653,13.82934
Tišice,50.26767,14.55706
Tišnov,49.3475,16.41746
Tochovice zast.,49.59529,13.99443
Tochovice,49.5887,13.98767
Tomice,49.69838,14.65218
Touchovice u Loun,50.30177,13.72839
Toužim,50.05056,12.99129
Trenčianska Teplá,48.93793,18.11369
Trenčín,48.89672,18.05177
Trhový Štěpánov,49.70756,15.00953
Trnava,48.36978,17.5852
Trnová,50.44465,14.7187
Trnovany u Litoměřic,50.54327,14.17614
Trutnov hl.n.,50.56527,15.91098
Trutnov střed,50.57777,15.94496
Trutnov-Volanov,50.5606,15.88711
Třebestovice,50.12568,14.9608
Třebešice,49.93145,15.34152
Třeboň lázně,49.0073,14.77778
Třeboň,49.01529,14.76074
Třebovětice,50.3273,15.70386
Třemošnice,49.87202,15.57641
Třinec (Trzyniec),49.68729,18.66188
Třinec centrum (Trzyniec centrum),49.6717,18.68
Tuchoměřice,50.13647,14.26858
Tuklaty,50.07703,14.77061
Tulln,48.32732,16.06505
Turnov město,50.57966,15.15186
Turnov,50.58702,15.13834
Týnec n.Labem,50.03783,15.35982
Týnec n.Sázavou,49.8341,14.59286
Týniště,49.88605,15.23533
Uherské Hradiště,49.0668,17.45724
Uhersko,49.98742,16.01467
Uherský Brod,49.02182,17.64353
Uhlířské Janovice,49.88227,15.0598
Úholičky,50.16996,14.35203
Újezd n.Zbečnem,50.04577,13.89257
Újezdec u Luhačovic,49.03283,17.6853
Unhošť,50.10523,14.13606
Úpohlavy,50.46581,14.03762
Ústí n.L.hl.n.,50.65944,14.04446
Ústí n.L.sever,50.66426,14.08062
Ústí n.L.-Střekov,50.65001,14.0486
Ústí n.L.západ,50.65815,14.0297
Ústí n.Orlicí město,49.96888,16.39447
Ústí n.Orlicí,49.97158,16.37773
Úštěk,50.58551,14.33506
Úvaly,50.07474,14.72299
Úžice,50.25644,14.37641
Valašské Meziříčí,49.47449,17.96083
Valy u Přelouče,50.03196,15.61412
Veleliby,50.21453,15.02353
Velešín město,48.83644,14.45321
Veletice,50.29677,13.57249
Velim,50.06762,15.12477
Velká Bučina,50.2674,14.23984
Velká Turná,49.33685,13.95681
Velké Hamry město,50.71944,15.31344
Velké Svatoňovice,50.5405,16.02229
Velké Zboží,50.16461,15.10095
Velké Žernoseky,50.52616,14.08047
Velký Borek,50.34669,14.51575
Velký Osek,50.10192,15.1935
Veltěže,50.35954,13.8644
Veltruby,50.07384,15.19995
Velvary,50.28222,14.24329
Veselí n.Lužnicí,49.19369,14.71685
Veselí n.Moravou,48.94877,17.38248
Vilémovice,49.68453,15.30897
Vitiněves,50.39922,15.38079
Vitis,48.753,15.17281
Vižina,49.85482,14.10026
Vlastějovice,49.72879,15.172
Vlašim zast.,49.69807,14.90409
Vlašim,49.70044,14.89751
Vlčice,50.5467,15.83455
Vlkaneč,49.80409,15.4051
Vlkovec,49.87482,14.81429
Voděrady,50.33683,14.94725
Voračice,49.66151,14.55661
Votice,49.63802,14.61961
Vraňany,50.33524,14.37179
Vrané n.Vltavou,49.93856,14.38114
Vranice,49.78986,14.98641
Vrátno,50.44309,14.68675
Vráž u Berouna,49.98362,14.12355
Vráž u Písku,49.39191,14.12461
Vražkov,50.36739,14.26434
Vrbčany,50.05469,15.00038
Vrbičany,50.30965,14.00068
Vrbno n.Lesy,50.32727,13.90595
Vrdy-Koudelov,49.91472,15.43043
Vrchotovy Janovice,49.65849,14.5793
Vrútky,49.11507,18.9245
Vsetín,49.33543,17.99336
Všejany,50.25703,14.95791
Všenory,49.93288,14.30514
Všeradice,49.8675,14.10741
Všestary,50.25271,15.76433
Všesulov,50.04159,13.60253
Všetaty,50.2822,14.58499
Wien Franz-Josefs-Bahnhof,48.22625,16.36121
Wien Heiligenstadt,48.24892,16.36582
Wien Spittelau,48.23559,16.35814
Wodzislaw Sl.,50.00787,18.47626
Záboří n.Labem,50.03093,15.34887
Zábřeh na Moravě,49.87217,16.88709
Zadní Poříčí,49.58509,13.94061
Zadní Třebaň,49.9188,14.20323
Záhořice,50.07835,13.19336
Zahrádky u Čes.Lípy,50.63726,14.50616
Zachrašťany,50.21428,15.48986
Zákolany zast.,50.19696,14.2503
Zákolany,50.19972,14.25165
Zákupy-Božíkov,50.67869,14.64995
Zalešany,50.03493,15.00834
Záluží,50.45686,14.32556
Zámrsk,49.995,16.10864
Zavidov,50.05635,13.62926
Závišín,49.47676,13.8662
Závratec,49.87727,15.5625
Zbečno,50.03599,13.91846
Zbraslavice,49.81568,15.18943
Zbuzany,50.02636,14.2809
Zdětín u Chotětova,50.31587,14.78666
Zdice,49.90783,13.97974
Zdislavice,49.68951,14.96947
Zelená Lhota,49.2495,13.1788
Zeleneč,50.13039,14.66617
Zeměchy,50.23334,14.26689
Zlenice,49.87944,14.73332
Zlín střed,49.22653,17.65851
Zliv,49.06641,14.36055
Zlonice,50.28493,14.07817
Zlonín,50.215,14.50738
Znosim,49.69971,14.86948
Zruč n.Sázavou z.,49.74294,15.08552
Zruč n.Sázavou,49.73926,15.10364
Zvoleněves,50.23058,14.18389
Žabonosy,50.03968,15.02433
Žalhostice,50.52489,14.09655
Žandov,50.71206,14.38982
Žatec,50.3366,13.55529
Žďár n.Sázavou,49.55374,15.93926
Želeč,50.24184,13.55723
Železná Ruda centrum,49.13634,13.2369
Železná Ruda město,49.14328,13.22938
Železná Ruda-Alžbětín,49.12175,13.20975
Železnice,50.46249,15.37586
Železný Brod,50.64001,15.26565
Želivec,49.75536,15.14085
Žilina,49.227,18.74663
Žitětín,50.3614,15.32455
Živonín,50.3941,14.61309
Žiželice,50.36456,13.54193
Žlebské Chvalovice,49.88339,15.55562
Žleby zast.,49.89429,15.48993
Žleby,49.89033,15.47734
Žloukovice,50.01593,13.95604
Žlutice,50.08458,13.15938
Žulová,50.307888,17.1027946
