Archlebov,49.043095,17.003942,HO,CZ
Babice,49.121414,17.47464,UH,CZ
Babice,49.121708,17.47506,UH,CZ
"Babice,,ZD",49.128098,17.481195,UH,CZ
"Babice,,ZD",49.12808,17.480942,UH,CZ
"Babice,Cerony",49.118385,17.47094,UH,CZ
"Babice,Cerony",49.116856,17.470291,UH,CZ
"Bánov,,Dřevoděl",48.98593,17.72566,UH,CZ
"Bánov,,Dřevoděl",48.985912,17.725536,UH,CZ
"Bánov,,náměstí",48.98989,17.715857,UH,CZ
"Bánov,,náměstí",48.989956,17.71564,UH,CZ
"Bánov,,Obecní úřad",48.987988,17.716627,UH,CZ
"Bánov,,Obecní úřad",48.987926,17.716757,UH,CZ
"Bánov,,u kapličky",48.99397,17.71237,UH,CZ
"Bánov,,u kapličky",48.99451,17.711836,UH,CZ
"Bánovce n.Bebravou,,AS",48.722435,18.253239,,SK
"Bařice-Vel.Těšany,Bařice",49.24679,17.424007,KM,CZ
"Bařice-Vel.Těšany,Bařice",49.246727,17.423944,KM,CZ
"Bařice-Vel.Těšany,Vel.Těšany,rozc.",49.244797,17.410383,KM,CZ
"Bařice-Vel.Těšany,Vel.Těšany,točna",49.24478,17.403324,KM,CZ
Bedihošť,49.448143,17.166258,PV,CZ
Bedihošť,49.447872,17.166426,PV,CZ
Bedihošť,49.448452,17.16605,PV,CZ
"Bělov,,točna",49.216698,17.48828,ZL,CZ
"Beňov,Prusy,rozc.",49.430096,17.514042,PR,CZ
"Beňov,Prusy,rozc.",49.429935,17.514303,PR,CZ
"Beňov,Prusy,rozc.",49.43002,17.514193,PR,CZ
Bezměrov,49.32694,17.334562,KM,CZ
Bezměrov,49.32702,17.334536,KM,CZ
"Bílá,,aut.st.",49.446384,18.461864,FM,CZ
"Bílá,,aut.st.",49.446117,18.46132,FM,CZ
"Bílá,,hájenka",49.415688,18.387133,FM,CZ
"Bílá,,chata Třeštík",49.402218,18.38868,FM,CZ
"Bílá,,chata Třeštík",49.40243,18.385883,FM,CZ
"Bílá,,Mezivodí",49.425274,18.410273,FM,CZ
"Bílá,,Mezivodí",49.42526,18.410357,FM,CZ
"Bílá,,Slaná",49.432236,18.42168,FM,CZ
"Bílá,,Slaná",49.432274,18.421684,FM,CZ
"Bílá,,střed",49.443146,18.457186,FM,CZ
"Bílá,,zámeček",49.440903,18.447117,FM,CZ
"Bílá,,zámeček",49.44095,18.44702,FM,CZ
"Bílá,Bumbálka,st.hr.",49.399227,18.409748,FM,CZ
"Bílá,Bumbálka,st.hr.",49.399265,18.4094,FM,CZ
"Bílá,Hlavatá,kaple",49.416515,18.37366,FM,CZ
"Bílá,Hlavatá,kaple",49.416553,18.373589,FM,CZ
Bílovice,49.098957,17.547523,UH,CZ
Bílovice,49.098877,17.547758,UH,CZ
Bílovice,49.099392,17.548006,UH,CZ
Bílovice,49.09948,17.548094,UH,CZ
"Bílovice,,průmyslový areál",49.105946,17.558205,UH,CZ
"Bílovice,,průmyslový areál",49.105865,17.5583,UH,CZ
"Bílovice,Chmelnice",49.09868,17.558352,UH,CZ
"Bílovice,Chmelnice",49.098633,17.558731,UH,CZ
"Bílovice,Včelary",49.09679,17.535854,UH,CZ
"Bílovice,Včelary",49.096687,17.535507,UH,CZ
Biskupice,49.08427,17.709528,ZL,CZ
Biskupice,49.08416,17.709476,ZL,CZ
"Biskupice,,Obecní úřad",49.0842,17.70906,ZL,CZ
"Biskupice,,Obecní úřad",49.084003,17.70902,ZL,CZ
"Biskupice,,rozc.0.2",49.07589,17.716518,ZL,CZ
"Biskupice,,rozc.0.2",49.076977,17.715408,ZL,CZ
"Biskupice,,rozc.0.2",49.076935,17.715351,ZL,CZ
"Blazice,,hřbitov",49.43947,17.646868,KM,CZ
"Blazice,,mlýn",49.449135,17.635164,KM,CZ
"Blazice,,rozc.",49.443527,17.644966,KM,CZ
"Blazice,,rozc.",49.44373,17.64501,KM,CZ
"Blazice,,rozc.",49.44407,17.64469,KM,CZ
"Bohuslavice n.Vláří,,obecní úřad",49.09015,17.926697,ZL,CZ
"Bohuslavice n.Vláří,,rozc.1.0",49.099445,17.9267,ZL,CZ
"Bohuslavice n.Vláří,,točna",49.09048,17.928707,ZL,CZ
"Bohuslavice u Zlína,,křiž.",49.164307,17.637545,ZL,CZ
"Bohuslavice u Zlína,,křiž.",49.16433,17.637447,ZL,CZ
"Bohuslavice u Zlína,,sokolovna",49.16944,17.640251,ZL,CZ
"Bohuslavice u Zlína,,sokolovna",49.169468,17.640137,ZL,CZ
"Bohuslavice u Zlína,,škola",49.16135,17.634935,ZL,CZ
"Bohuslavice u Zlína,,škola",49.161385,17.634895,ZL,CZ
"Bohuslavice u Zlína,,vozovna",49.157455,17.628107,ZL,CZ
"Bohuslavice u Zlína,,vozovna",49.15732,17.627996,ZL,CZ
"Bohuslavice u Zlína,Brdo",49.15173,17.651316,ZL,CZ
"Bohuslavice u Zlína,Brdo",49.151405,17.651447,ZL,CZ
"Bochoř,,lázně",49.41984,17.427975,PR,CZ
"Bochoř,,Na Zabrání",49.423122,17.426302,PR,CZ
"Bochoř,,Včelín",49.41727,17.408895,PR,CZ
"Bojkovice,,Bezručova čtvrť",49.0327,17.811342,UH,CZ
"Bojkovice,,obchodní dům",49.037167,17.81084,UH,CZ
"Bojkovice,,obchodní dům",49.03713,17.810402,UH,CZ
"Bojkovice,,Pod Světlovem",49.036327,17.804012,UH,CZ
"Bojkovice,,Pod Světlovem",49.036335,17.804115,UH,CZ
"Bojkovice,,Seče",49.05131,17.783695,UH,CZ
"Bojkovice,,Seče",49.051136,17.783611,UH,CZ
"Bojkovice,,sokolovna",49.037086,17.804722,UH,CZ
"Bojkovice,,sokolovna",49.037006,17.804852,UH,CZ
"Bojkovice,,Světlov",49.02873,17.800196,UH,CZ
"Bojkovice,,u lékárny",49.039024,17.814749,UH,CZ
"Bojkovice,,u lékárny",49.038914,17.81474,UH,CZ
"Bojkovice,,Zeveta",49.042587,17.820724,UH,CZ
"Bojkovice,,Zeveta",49.042686,17.820719,UH,CZ
"Bojkovice,,Zeveta",49.042736,17.820787,UH,CZ
"Bojkovice,,žel.st.",49.0358,17.795609,UH,CZ
"Bojkovice,Bzová,dol.konec",49.009083,17.831331,UH,CZ
"Bojkovice,Bzová,dol.konec",49.009136,17.831425,UH,CZ
"Bojkovice,Bzová,kamenolom",48.99316,17.84285,UH,CZ
"Bojkovice,Bzová,kamenolom",48.993187,17.842993,UH,CZ
"Bojkovice,Bzová,střed",49.003815,17.83484,UH,CZ
"Bojkovice,Bzová,střed",49.003902,17.83489,UH,CZ
"Bojkovice,Krhov",49.018997,17.830343,UH,CZ
"Bojkovice,Krhov",49.01947,17.829332,UH,CZ
"Bojkovice,Přečkovice",49.07135,17.78006,UH,CZ
"Bojkovice,Přečkovice",49.07155,17.78009,UH,CZ
Boršice u Blatnice,48.934772,17.571491,UH,CZ
Boršice u Blatnice,48.934803,17.571592,UH,CZ
"Boršice u Blatnice,,pošta",48.93235,17.574778,UH,CZ
"Boršice,,Nová čtvrť",49.06303,17.34083,UH,CZ
"Boršice,,Nová čtvrť",49.063816,17.343468,UH,CZ
"Boršice,,Obecní úřad",49.061504,17.349403,UH,CZ
"Boršice,,Obecní úřad",49.06165,17.349133,UH,CZ
"Boršice,,rozc.2.0",49.07356,17.3651,UH,CZ
"Boršice,,rozc.2.0",49.07324,17.3652,UH,CZ
"Boršice,Trávníky",49.064182,17.351662,UH,CZ
Bořenovice,49.361088,17.563433,KM,CZ
Bořenovice,49.360985,17.56308,KM,CZ
"Bořenovice,,Roudné",49.364735,17.576056,KM,CZ
"Bořenovice,,Roudné",49.364407,17.575983,KM,CZ
"Bořenovice,,točna",49.362064,17.564724,KM,CZ
"Brankovice,,křiž.",49.15333,17.135864,VY,CZ
"Brankovice,,křiž.",49.15332,17.136156,VY,CZ
"Brankovice,,křiž.",49.153324,17.13597,VY,CZ
"Brankovice,,žel.st.",49.150513,17.133944,VY,CZ
"Branky,,náves",49.46086,17.892832,VS,CZ
"Branky,,náves",49.46084,17.893156,VS,CZ
"Branky,,statek",49.4636,17.92053,VS,CZ
"Branky,,statek",49.463543,17.92056,VS,CZ
Bratřejov,49.22652,17.911322,ZL,CZ
Bratřejov,49.22647,17.911066,ZL,CZ
"Bratřejov,,Na Chrámečném",49.220848,17.887993,ZL,CZ
"Bratřejov,,Na Chrámečném",49.220978,17.889624,ZL,CZ
"Brno,,Benešova tř.hotel GRAND",49.193497,16.614435,BM,CZ
"Brno,,Tržní",49.189365,16.629898,BM,CZ
"Brno,,Tržní",49.18939,16.630148,BM,CZ
"Brno,,ÚAN Zvonařka",49.185814,16.61664,BM,CZ
"Brno,,ÚAN Zvonařka",49.185856,16.616394,BM,CZ
"Brno,,ÚAN Zvonařka",49.18592,16.616669,BM,CZ
"Brno,,ÚAN Zvonařka",49.18564,16.61753,BM,CZ
"Brumov-Bylnice,,mateřská škola",49.085697,18.02402,ZL,CZ
"Brumov-Bylnice,,MEZ TRIODYN",49.0926,18.02266,ZL,CZ
"Brumov-Bylnice,,MEZ TRIODYN",49.09258,18.022783,ZL,CZ
"Brumov-Bylnice,,rozc.",49.077164,18.01432,ZL,CZ
"Brumov-Bylnice,,rozc.",49.077137,18.014132,ZL,CZ
"Brumov-Bylnice,,Rozkvět",49.09324,18.029,ZL,CZ
"Brumov-Bylnice,,Rozkvět",49.093285,18.028969,ZL,CZ
"Brumov-Bylnice,,sídliště",49.08288,18.022732,ZL,CZ
"Brumov-Bylnice,,sídliště",49.08261,18.022408,ZL,CZ
"Brumov-Bylnice,,u lipy",49.053745,18.030466,ZL,CZ
"Brumov-Bylnice,,u lipy",49.054054,18.02998,ZL,CZ
"Brumov-Bylnice,,Vlárská",49.06251,18.02129,ZL,CZ
"Brumov-Bylnice,,Vlárská",49.06194,18.021893,ZL,CZ
"Brumov-Bylnice,,ZD",49.101505,18.026615,ZL,CZ
"Brumov-Bylnice,,ZD",49.101665,18.026468,ZL,CZ
"Brumov-Bylnice,,žel.st.",49.069138,18.014072,ZL,CZ
"Brumov-Bylnice,,žel.st.",49.069016,18.014343,ZL,CZ
"Brumov-Bylnice,Sidonie,Kopanice",49.054947,18.087976,ZL,CZ
"Brumov-Bylnice,Sidonie,Kopanice",49.05484,18.087868,ZL,CZ
"Brumov-Bylnice,Sidonie,mlýn",49.036163,18.067514,,SK
"Brumov-Bylnice,Sidonie,mlýn",49.036148,18.067356,ZL,CZ
"Brumov-Bylnice,Sidonie,rekr.stř.Pohoda",49.03378,18.060425,,SK
"Brumov-Bylnice,Sidonie,rekr.stř.Pohoda",49.03376,18.060291,ZL,CZ
"Brumov-Bylnice,Sidonie,střed",49.04534,18.078766,ZL,CZ
"Brumov-Bylnice,Sidonie,střed",49.04508,18.078186,ZL,CZ
"Brumov-Bylnice,Sidonie,u kříže",49.052975,18.083897,ZL,CZ
"Brumov-Bylnice,Sidonie,u kříže",49.05298,18.08382,ZL,CZ
"Brumov-Bylnice,Sidonie,Vlára žel.st.",49.03164,18.055067,,SK
"Brumov-Bylnice,Sidonie,Vlára žel.st.",49.031994,18.05489,ZL,CZ
"Brumov-Bylnice,Svatý Štěpán",49.04703,18.031113,ZL,CZ
"Brumov-Bylnice,Svatý Štěpán",49.047153,18.031132,ZL,CZ
"Brusné,,dol.zast.",49.36359,17.66056,KM,CZ
"Brusné,,dol.zast.",49.363544,17.660368,KM,CZ
"Brusné,,hor.zast.",49.366177,17.665754,KM,CZ
"Brusné,,hor.zast.",49.36621,17.665655,KM,CZ
"Brusné,,rest.",49.36312,17.660473,KM,CZ
"Brusné,,rest.",49.363342,17.660452,KM,CZ
"Břest,,kovárna",49.350224,17.435255,KM,CZ
"Břest,,kovárna",49.350063,17.43518,KM,CZ
"Břest,,ObÚ",49.35038,17.442968,KM,CZ
"Břest,,ObÚ",49.350716,17.442324,KM,CZ
"Břestek,,dědina",49.09388,17.355482,UH,CZ
"Břestek,,hor.konec",49.099945,17.35366,UH,CZ
"Břestek,,hor.konec",49.1,17.353718,UH,CZ
"Břestek,,obecní úřad",49.093792,17.354664,UH,CZ
"Břestek,,obecní úřad",49.093693,17.354437,UH,CZ
"Břestek,Chabaně,rozc.0.3",49.105743,17.344276,UH,CZ
"Březnice,,křiž.",49.183937,17.65422,ZL,CZ
"Březnice,,křiž.",49.183964,17.653845,ZL,CZ
"Březnice,,paseky",49.19189,17.657156,ZL,CZ
"Březnice,,paseky",49.193024,17.657091,ZL,CZ
"Březnice,,zast.",49.180035,17.64442,ZL,CZ
"Březnice,,zast.",49.180622,17.645144,ZL,CZ
"Březolupy,,hájenka",49.13123,17.592115,UH,CZ
"Březolupy,,hájenka",49.13124,17.592785,UH,CZ
"Březolupy,,zámek",49.12068,17.582165,UH,CZ
"Březolupy,,zámek",49.12077,17.582125,UH,CZ
"Březolupy,,Zápolí",49.116745,17.575447,UH,CZ
"Březolupy,,Zápolí",49.11692,17.576162,UH,CZ
"Březová,,Nové Dvory",49.264484,17.799414,ZL,CZ
"Březová,,škola",48.92703,17.73745,UH,CZ
"Březová,,u kříže",49.260326,17.7889,ZL,CZ
"Březová,,Za hřbitovem",48.930508,17.7403,UH,CZ
"Březová,Olšovec",48.92813,17.741669,UH,CZ
"Březůvky,,garáže",49.15023,17.707409,ZL,CZ
"Březůvky,,Losky",49.157745,17.704563,ZL,CZ
"Březůvky,,Losky",49.158775,17.704828,ZL,CZ
"Březůvky,,Na hutích",49.164555,17.706331,ZL,CZ
"Březůvky,,Na hutích",49.16532,17.705688,ZL,CZ
"Březůvky,,rest.",49.15358,17.699558,ZL,CZ
"Březůvky,,rest.",49.154312,17.69918,ZL,CZ
"Buchlovice,,hrad Buchlov rozc.1.5",49.108395,17.2966,UH,CZ
"Buchlovice,,hrad Buchlov rozc.1.5",49.108368,17.296806,UH,CZ
"Buchlovice,,Lúčky",49.082603,17.346836,UH,CZ
"Buchlovice,,Lúčky",49.08259,17.346672,UH,CZ
"Buchlovice,,náměstí",49.086388,17.338602,UH,CZ
"Buchlovice,,Podvinohradí",49.090336,17.337893,UH,CZ
"Buchlovice,,rozc.",49.083794,17.331644,UH,CZ
"Buchlovice,,rozc.",49.083557,17.331636,UH,CZ
"Buchlovice,,Újezda",49.093224,17.3201,UH,CZ
"Buchlovice,,Újezda",49.09261,17.321388,UH,CZ
"Bystřice p.Host.,,aut.st.",49.399593,17.666084,KM,CZ
"Bystřice p.Host.,,aut.st.",49.399406,17.66586,KM,CZ
"Bystřice p.Host.,,aut.st.",49.39937,17.666126,KM,CZ
"Bystřice p.Host.,,aut.st.",49.399303,17.666492,KM,CZ
"Bystřice p.Host.,,aut.st.",49.399483,17.666113,KM,CZ
"Bystřice p.Host.,,aut.st.",49.399525,17.666426,KM,CZ
"Bystřice p.Host.,,aut.st.",49.399673,17.666124,KM,CZ
"Bystřice p.Host.,,aut.st.",49.399715,17.665865,KM,CZ
"Bystřice p.Host.,,aut.st.",49.39963,17.665804,KM,CZ
"Bystřice p.Host.,,aut.st.",49.399525,17.665833,KM,CZ
"Bystřice p.Host.,,Černý potok",49.390705,17.68351,KM,CZ
"Bystřice p.Host.,,Černý potok",49.390816,17.683598,KM,CZ
"Bystřice p.Host.,,lázně",49.38492,17.68876,KM,CZ
"Bystřice p.Host.,,lázně",49.384983,17.68873,KM,CZ
"Bystřice p.Host.,,Lipnická",49.405174,17.666536,KM,CZ
"Bystřice p.Host.,,lom u Švajgrovky",49.379555,17.709707,KM,CZ
"Bystřice p.Host.,,lom u Švajgrovky",49.379513,17.709757,KM,CZ
"Bystřice p.Host.,,mlékárna",49.40287,17.675873,KM,CZ
"Bystřice p.Host.,,mlékárna",49.40194,17.674875,KM,CZ
"Bystřice p.Host.,,Na císařské",49.385883,17.699356,KM,CZ
"Bystřice p.Host.,,Na císařské",49.385983,17.698835,KM,CZ
"Bystřice p.Host.,,nám.",49.39921,17.673927,KM,CZ
"Bystřice p.Host.,,nám.",49.399025,17.674168,KM,CZ
"Bystřice p.Host.,,parkoviště",49.39489,17.68158,KM,CZ
"Bystřice p.Host.,,parkoviště",49.394966,17.68166,KM,CZ
"Bystřice p.Host.,,TON",49.401432,17.659733,KM,CZ
"Bystřice p.Host.,,u kaple",49.397697,17.679848,KM,CZ
"Bystřice p.Host.,,u mostu",49.411205,17.655134,KM,CZ
"Bystřice p.Host.,,žel.st.",49.39369,17.666328,KM,CZ
"Bystřice p.Host.,,žel.st.",49.39369,17.666431,KM,CZ
"Bystřice p.Host.,,žel.st.",49.393612,17.666191,KM,CZ
"Bystřice p.Host.,Bílavsko",49.38463,17.644602,KM,CZ
"Bystřice p.Host.,Bílavsko",49.384624,17.644722,KM,CZ
"Bystřice p.Host.,Hlinsko p.Host.",49.371216,17.631208,KM,CZ
"Bystřice p.Host.,Hlinsko p.Host.",49.37101,17.63098,KM,CZ
"Bystřice p.Host.,Hlinsko p.Host.",49.370945,17.631107,KM,CZ
"Bystřice p.Host.,Hostýn",49.37623,17.697994,KM,CZ
"Bystřice p.Host.,Rychlov,rest.",49.403873,17.648909,KM,CZ
"Bystřice p.Host.,Rychlov,rest.",49.40375,17.649649,KM,CZ
"Bystřice p.Host.,Rychlov,rest.",49.403805,17.649237,KM,CZ
"Bystřice p.Host.,Rychlov,točna",49.40828,17.640244,KM,CZ
"Bystřice p.Host.,Sovadina,náves",49.43164,17.65286,KM,CZ
"Bystřice p.Lop.,,dol.zast.",48.975143,17.75141,UH,CZ
"Bystřice p.Lop.,,dol.zast.",48.975067,17.751326,UH,CZ
"Bystřice p.Lop.,,hor.zast.",48.970528,17.764746,UH,CZ
"Bystřice p.Lop.,,hor.zast.",48.970436,17.764698,UH,CZ
"Bystřice p.Lop.,,chata Troják",48.955257,17.792868,UH,CZ
"Bystřice p.Lop.,,škola",48.97596,17.754477,UH,CZ
"Bystřice p.Lop.,,zvonice",48.974773,17.764853,UH,CZ
"Bystřice p.Lop.,Kopánky",48.9613,17.794636,UH,CZ
"Bystřice p.Lop.,Kopánky",48.961327,17.79478,UH,CZ
"Bystřička,,Dolinky",49.420982,18.03134,VS,CZ
"Bystřička,,Dolinky",49.42117,18.030151,VS,CZ
"Bystřička,,farma ZD",49.41633,18.003263,VS,CZ
"Bystřička,,farma ZD",49.416344,18.003197,VS,CZ
"Bystřička,,ObÚ",49.41568,17.975714,VS,CZ
"Bystřička,,ObÚ",49.41572,17.975533,VS,CZ
"Bystřička,,pošta",49.41759,17.963997,VS,CZ
"Bystřička,,pošta",49.417747,17.963911,VS,CZ
"Bystřička,,přehrada",49.421085,18.02112,VS,CZ
"Bystřička,,přehrada",49.42119,18.021517,VS,CZ
"Bystřička,,škola",49.415134,17.985931,VS,CZ
"Bystřička,,škola",49.415173,17.98592,VS,CZ
"Bystřička,,u Nováků",49.416794,18.012638,VS,CZ
"Bystřička,,u Nováků",49.416794,18.012434,VS,CZ
"Bystřička,,žel.st.",49.417576,17.958878,VS,CZ
"Bystřička,,žel.st.",49.417526,17.958626,VS,CZ
"Bystřička,,žel.st.",49.417675,17.958843,VS,CZ
"Bystřička,,žel.st.",49.417633,17.958582,VS,CZ
"Býškovice,,DESTA",49.467194,17.709736,PR,CZ
"Býškovice,,DESTA",49.46717,17.709806,PR,CZ
"Býškovice,,DESTA",49.466824,17.710314,PR,CZ
"Býškovice,,DESTA",49.466785,17.710045,PR,CZ
"Býškovice,,Obecní dům",49.46778,17.717264,PR,CZ
"Býškovice,,rozc.Rakov",49.46905,17.713497,PR,CZ
"Bzenec,,nám.",48.97285,17.266352,HO,CZ
"Bzenec,,UNIKOV",48.97655,17.305525,HO,CZ
"Bzenec,,ZŠ",48.970497,17.279644,HO,CZ
"Bzenec,,žel.st.",48.96922,17.263563,HO,CZ
"Bzenec,Novosady",48.976124,17.26415,HO,CZ
"Bzenec,Olšovec",48.972694,17.289389,HO,CZ
Cetechovice,49.174335,17.260828,KM,CZ
Cetechovice,49.17417,17.260426,KM,CZ
"Cetechovice,,horní zast.",49.17407,17.267435,KM,CZ
"Cetechovice,,horní zast.",49.173653,17.26722,KM,CZ
"Částkov,,rozc.3.0",49.089214,17.644705,UH,CZ
"Částkov,,rozc.3.0",49.08917,17.644808,UH,CZ
"Částkov,,střed",49.10388,17.619324,UH,CZ
"Částkov,,střed",49.10403,17.619196,UH,CZ
Čehovice,49.432793,17.178293,PV,CZ
Čehovice,49.432583,17.178335,PV,CZ
Čehovice,49.432987,17.178276,PV,CZ
"Čechy,,náves",49.42935,17.534138,PR,CZ
"Čechy,,náves",49.42924,17.534128,PR,CZ
Čelčice,49.41049,17.19361,PV,CZ
Čelčice,49.410446,17.19359,PV,CZ
Čelčice,49.410492,17.193676,PV,CZ
"Čelčice,,žel.st.",49.411427,17.191128,PV,CZ
"České Budějovice,,aut.nádr.",48.97288,14.487411,CB,CZ
"Český Krumlov,,aut.nádr.",48.811607,14.322549,CK,CZ
Dešná,49.266827,17.845888,ZL,CZ
"Dešná,,rozc.0.5",49.269573,17.842426,ZL,CZ
"Dešná,,rozc.0.5",49.269077,17.841288,ZL,CZ
Dětkovice,49.27241,17.14434,VY,CZ
"Dobrčice,,rest.",49.40206,17.480177,PR,CZ
"Dobrčice,,rozc.",49.398766,17.46775,PR,CZ
"Dobrčice,,rozc.",49.39877,17.468048,PR,CZ
"Dobrčice,,rozc.",49.39869,17.467228,PR,CZ
"Dobrkovice,,horní konec",49.09302,17.663733,ZL,CZ
"Dobrkovice,,náves",49.092987,17.669178,ZL,CZ
"Dobrkovice,,rozc.1.0",49.09884,17.66076,ZL,CZ
Dobročkovice,49.162434,17.108812,VY,CZ
"Dobročkovice,,rozc.2.0",49.149845,17.120424,VY,CZ
"Dohňany,,Centrum",49.145832,18.290192,,SK
"Dohňany,,Centrum",49.14595,18.290213,,SK
"Dolní Bečva,,ObÚ",49.455044,18.19379,VS,CZ
"Dolní Bečva,,ObÚ",49.454674,18.194675,VS,CZ
"Dolní Bečva,,pila",49.467976,18.17271,VS,CZ
"Dolní Bečva,,pila",49.468018,18.172647,VS,CZ
"Dolní Bečva,,u tabulí",49.447178,18.212566,VS,CZ
"Dolní Bečva,,u tabulí",49.446896,18.214085,VS,CZ
"Dolní Bečva,,zotavovna",49.462654,18.18399,VS,CZ
"Dolní Bečva,,zotavovna",49.462666,18.184052,VS,CZ
"Dolní Dvořiště,,CLO",48.650684,14.45245,CK,CZ
Dolní Lhota,49.13859,17.811728,ZL,CZ
Dolní Lhota,49.138767,17.81184,ZL,CZ
"Dolní Lhota,,zast.",49.13186,17.806036,ZL,CZ
"Dolní Lhota,,zast.",49.131336,17.80514,ZL,CZ
"Dolní Němčí,,dol.konec",48.969734,17.574444,UH,CZ
"Dolní Němčí,,náměstí",48.968143,17.58546,UH,CZ
"Dolní Němčí,,náměstí",48.968258,17.585527,UH,CZ
"Dolní Němčí,,rozc.1.0",48.968372,17.59988,UH,CZ
"Dolní Němčí,,rozc.1.0",48.968166,17.599403,UH,CZ
"Dolní Němčí,,zdravotní středisko",48.96916,17.593847,UH,CZ
"Dolní Němčí,,zdravotní středisko",48.96927,17.59356,UH,CZ
"Dolní Nětčice,,náves",49.477028,17.673927,PR,CZ
"Dolní Těšice,,Obecní úřad",49.49372,17.806751,PR,CZ
"Domanín,,hor.zast.",48.99936,17.290611,HO,CZ
"Domanín,,ObÚ",49.0021,17.284847,HO,CZ
"Domanín,,ZD",48.998943,17.2971,HO,CZ
"Domaželice,,PLASTICO",49.426216,17.55034,PR,CZ
"Domaželice,,škola",49.427685,17.54518,PR,CZ
"Domaželice,,škola",49.427544,17.545406,PR,CZ
"Domaželice,,škola",49.427605,17.545338,PR,CZ
Doubravy,49.141575,17.6653,ZL,CZ
Doubravy,49.14144,17.665504,ZL,CZ
"Drasenhofen,,ZOLL",48.78583,16.638498,,A
Dražůvky,49.031967,17.020073,HO,CZ
"Drietoma,,Jednota",48.89304,17.954538,,SK
"Drietoma,,Jednota",48.893425,17.954311,,SK
"Drietoma,,št.hr.CLO",48.951878,17.896229,UH,CZ
Drnovice,49.179066,17.957878,ZL,CZ
Drnovice,49.17885,17.957184,ZL,CZ
"Drnovice,,průmyslový areál",49.18199,17.964254,ZL,CZ
Drslavice,49.047024,17.600384,UH,CZ
Drslavice,49.047146,17.600372,UH,CZ
Držková,49.31889,17.784897,ZL,CZ
Držková,49.318607,17.78459,ZL,CZ
"Držková,,pod Jaroňovou",49.33211,17.80078,ZL,CZ
"Držková,,pod Jaroňovou",49.332146,17.8009,ZL,CZ
"Držková,,točna",49.328823,17.800732,ZL,CZ
"Dřevohostice,,cukrovar",49.42904,17.585863,PR,CZ
"Dřevohostice,,nám.",49.424744,17.59068,PR,CZ
"Dřevohostice,,nám.",49.42484,17.590662,PR,CZ
Dřínov,49.291237,17.233818,KM,CZ
"Dřínov,,dvůr Srnov točna",49.277145,17.258562,KM,CZ
"Dřínov,,rozc.Srbce",49.29638,17.228262,KM,CZ
"Dřínov,,rozc.Vlčí Doly",49.291084,17.243937,KM,CZ
"Dřínov,,rozc.Vlčí Doly",49.291073,17.244104,KM,CZ
"Francova Lhota,,škola",49.20117,18.110828,VS,CZ
"Francova Lhota,,škola",49.201187,18.11067,VS,CZ
"Francova Lhota,,u lávky",49.192963,18.08892,VS,CZ
"Francova Lhota,,u lávky",49.192806,18.088585,VS,CZ
"Francova Lhota,,u Pavlíků",49.205982,18.116894,VS,CZ
"Francova Lhota,,u Pavlíků",49.205944,18.116798,VS,CZ
"Francova Lhota,,u Raisů",49.197052,18.100595,VS,CZ
"Francova Lhota,,u Raisů",49.19655,18.099472,VS,CZ
"Frenštát p.Radh.,,rest.Siberie",49.533348,18.203333,NJ,CZ
"Frenštát p.Radh.,,sídliště",49.542423,18.20781,NJ,CZ
"Frenštát p.Radh.,,u škol",49.545643,18.213411,NJ,CZ
"Frenštát p.Radh.,,u škol",49.545544,18.213013,NJ,CZ
"Frenštát p.Radh.,,u škol",49.54584,18.213617,NJ,CZ
"Frenštát p.Radh.,,u škol",49.546043,18.213772,NJ,CZ
"Frýdek-Místek,Frýdek,aut.nádr.",49.67865,18.350985,FM,CZ
"Frýdek-Místek,Frýdek,magistrát",49.68514,18.352304,FM,CZ
"Frýdek-Místek,Místek,Anenská",49.678364,18.3371,FM,CZ
"Frýdek-Místek,Místek,Anenská",49.678596,18.337095,FM,CZ
"Frýdek-Místek,Místek,Frýdlantská",49.671837,18.34435,FM,CZ
"Frýdek-Místek,Místek,Kino P. Bezruče",49.670994,18.345276,FM,CZ
"Frýdek-Místek,Místek,Místecký les",49.660793,18.330402,FM,CZ
"Frýdek-Místek,Místek,Ostravská",49.6752,18.339632,FM,CZ
"Frýdek-Místek,Místek,Palkovická",49.665665,18.333216,FM,CZ
"Frýdek-Místek,Místek,Pod Puklí",49.66834,18.340216,FM,CZ
"Frýdek-Místek,Místek,Příborská",49.670883,18.330288,FM,CZ
"Frýdek-Místek,Místek,u Škuty",49.65287,18.329294,FM,CZ
"Frýdlant n.Ost.,,pomník partyzán",49.593987,18.357752,FM,CZ
"Frýdlant n.Ost.,,žel.st.",49.589996,18.353617,FM,CZ
"Frýdlant n.Ost.,Nová Dědina,rest.",49.56918,18.359987,FM,CZ
"Fryšták,,Holešovská",49.290688,17.675966,ZL,CZ
"Fryšták,,Holešovská",49.291504,17.674154,ZL,CZ
"Fryšták,,Holešovská",49.291096,17.675056,ZL,CZ
"Fryšták,,Lukoveček rozc.1.0",49.29167,17.675034,ZL,CZ
"Fryšták,,Na špici",49.286045,17.69358,ZL,CZ
"Fryšták,,Na špici",49.285995,17.693687,ZL,CZ
"Fryšták,,nám.",49.28309,17.683744,ZL,CZ
"Fryšták,,nám.",49.28343,17.684216,ZL,CZ
"Fryšták,,nám.",49.284855,17.683752,ZL,CZ
"Fryšták,,Žabárna",49.293392,17.6507,ZL,CZ
"Fryšták,,Žabárna",49.29346,17.651428,ZL,CZ
"Fryšták,,Žabárna",49.293427,17.65104,ZL,CZ
"Fryšták,Dolní Ves",49.282726,17.683228,ZL,CZ
"Fryšták,Dolní Ves",49.28283,17.683275,ZL,CZ
"Fryšták,Dolní Ves,střed",49.279003,17.678026,ZL,CZ
"Fryšták,Dolní Ves,střed",49.278942,17.67787,ZL,CZ
"Fryšták,Dolní Ves,točna",49.273205,17.673532,ZL,CZ
"Fryšták,Vítová,rozc.1.0",49.287228,17.70405,ZL,CZ
"Fryšták,Vítová,rozc.1.0",49.287136,17.70447,ZL,CZ
"Fryšták,Vítová,točna",49.29607,17.709309,ZL,CZ
"Fryšták,Vítová,u kříže",49.291622,17.706097,ZL,CZ
"Fryšták,Vítová,u kříže",49.291767,17.706194,ZL,CZ
"Halenkov,,střed",49.316418,18.145077,VS,CZ
"Halenkov,,U fabriky",49.32138,18.155584,VS,CZ
"Halenkov,,U fabriky",49.321625,18.155848,VS,CZ
"Halenkovice,,dolina",49.170044,17.463709,ZL,CZ
"Halenkovice,,Na Kopci",49.164986,17.471624,ZL,CZ
"Halenkovice,,Pláňavy",49.172924,17.471687,ZL,CZ
"Halenkovice,,Pláňavy",49.172863,17.47175,ZL,CZ
"Halenkovice,,pod kopcem",49.165146,17.46707,ZL,CZ
"Halenkovice,,pod kopcem",49.164986,17.467049,ZL,CZ
"Halenkovice,,u mlýna",49.174004,17.463652,ZL,CZ
"Halenkovice,,u mlýna",49.1738,17.463692,ZL,CZ
"Halenkovice,,u svatých",49.16016,17.465094,ZL,CZ
Haluzice,49.13808,17.897858,ZL,CZ
"Haluzice,,rozc.1.0",49.13711,17.887115,ZL,CZ
"Handlová,,centrum",48.728424,18.760168,,SK
"Havířov,Město,Magistrát",49.783855,18.424105,KA,CZ
"Havířov,Město,Magistrát",49.783848,18.42352,KA,CZ
"Havířov,Město,střed",49.779003,18.435448,KA,CZ
"Havířov,Město,žel.st.",49.790867,18.41164,KA,CZ
"Havířov,Město,žel.st.",49.79087,18.411808,KA,CZ
"Havířov,Podlesí,aut.nádr.",49.770527,18.447676,KA,CZ
"Havířov,Podlesí,aut.nádr.",49.77033,18.447767,KA,CZ
"Havířov,Podlesí,aut.nádr.",49.77053,18.447428,KA,CZ
"Havířov,Podlesí,Úřad práce",49.77563,18.445707,KA,CZ
"Heršpice,,Bílý Vlk",49.095795,16.909454,VY,CZ
"Hlinsko,,pož.zbroj.",49.493416,17.58154,PR,CZ
"Hluk,,hostinec",48.989445,17.518965,UH,CZ
"Hluk,,hostinec",48.98954,17.518732,UH,CZ
"Hluk,,SZT",48.999203,17.505367,UH,CZ
"Hluk,,SZT",48.99919,17.505672,UH,CZ
"Hluk,,škola",48.988064,17.527369,UH,CZ
"Hluk,,škola",48.98791,17.527525,UH,CZ
"Hluk,,záv.Sport",48.98448,17.539808,UH,CZ
"Hluk,,záv.Sport",48.984596,17.540071,UH,CZ
"Hodslavice,,dolní konec",49.549946,18.02598,NJ,CZ
"Hodslavice,,dolní konec",49.550137,18.026098,NJ,CZ
"Hodslavice,,nákup.stř.",49.53728,18.0222,NJ,CZ
"Hodslavice,,nákup.stř.",49.537514,18.022585,NJ,CZ
"Hodslavice,,U viaduktu",49.55746,18.022472,NJ,CZ
"Hodslavice,,U viaduktu",49.557552,18.02262,NJ,CZ
"Holešov,,6.května škola",49.327305,17.559397,KM,CZ
"Holešov,,6.května u mostu",49.330017,17.559961,KM,CZ
"Holešov,,Dukelská",49.330864,17.563786,KM,CZ
"Holešov,,Dukelská",49.330765,17.563492,KM,CZ
"Holešov,,Masarykova",49.33064,17.58308,KM,CZ
"Holešov,,Masarykova",49.330456,17.583218,KM,CZ
"Holešov,,nám.",49.333385,17.576365,KM,CZ
"Holešov,,nám.",49.33392,17.575418,KM,CZ
"Holešov,,nám.",49.333412,17.576307,KM,CZ
"Holešov,,Osvobození",49.327915,17.59119,KM,CZ
"Holešov,,Osvobození",49.327847,17.591276,KM,CZ
"Holešov,,poliklinika",49.33085,17.572924,KM,CZ
"Holešov,,Sfinx",49.324738,17.548227,KM,CZ
"Holešov,,Sfinx",49.324795,17.549623,KM,CZ
"Holešov,,Sfinx",49.32477,17.54904,KM,CZ
"Holešov,,st.statek",49.33891,17.57338,KM,CZ
"Holešov,,st.statek",49.339108,17.573254,KM,CZ
"Holešov,,Újezd",49.32737,17.586496,KM,CZ
"Holešov,,Újezd",49.327217,17.586514,KM,CZ
"Holešov,,Větřák",49.31818,17.592758,KM,CZ
"Holešov,,Větřák",49.31816,17.592705,KM,CZ
"Holešov,,zámek",49.332302,17.581842,KM,CZ
"Holešov,,zámek",49.332085,17.582088,KM,CZ
"Holešov,,žel.st.",49.32805,17.570751,KM,CZ
"Holešov,,žel.st.",49.327953,17.570642,KM,CZ
"Holešov,,žel.st.",49.327663,17.57096,KM,CZ
"Holešov,,žel.st.",49.328014,17.570444,KM,CZ
"Holešov,,žel.st.",49.32781,17.570717,KM,CZ
"Holešov,,žel.st.",49.327785,17.570902,KM,CZ
"Holešov,,žel.st.",49.327675,17.570787,KM,CZ
"Holešov,,žel.st.",49.327923,17.570822,KM,CZ
"Holešov,Dobrotice",49.344032,17.60502,KM,CZ
"Holešov,Dobrotice",49.34376,17.604748,KM,CZ
"Holešov,Dobrotice,cihelna",49.340164,17.599016,KM,CZ
"Holešov,Dobrotice,cihelna",49.34036,17.59958,KM,CZ
"Holešov,Količín",49.333412,17.523514,KM,CZ
"Holešov,Količín",49.333275,17.523556,KM,CZ
"Holešov,Količín,rozc.",49.32241,17.532642,KM,CZ
"Holešov,Količín,rozc.",49.322445,17.532904,KM,CZ
"Holešov,Količín,rozc.",49.32288,17.53194,KM,CZ
"Holešov,Tučapy",49.353294,17.57656,KM,CZ
"Holešov,Tučapy",49.351753,17.57686,KM,CZ
"Holešov,Všetuly,u Uhlířů",49.325775,17.561626,KM,CZ
"Holešov,Všetuly,u Uhlířů",49.325314,17.560589,KM,CZ
"Holešov,Žopy,nám.",49.333332,17.60634,KM,CZ
"Holešov,Žopy,nám.",49.33328,17.606236,KM,CZ
"Holešov,Žopy,točna",49.33234,17.614582,KM,CZ
"Holubice,,nadjezd",49.178177,16.819132,VY,CZ
Honětice,49.20597,17.252052,KM,CZ
Honětice,49.205936,17.252155,KM,CZ
"Horní Bečva,,Fojtství",49.438507,18.265438,VS,CZ
"Horní Bečva,,Fojtství",49.43867,18.265368,VS,CZ
"Horní Bečva,,hotel Valaška",49.424015,18.304552,VS,CZ
"Horní Bečva,,hotel Valaška",49.42436,18.3034,VS,CZ
"Horní Bečva,,ObÚ",49.43236,18.287466,VS,CZ
"Horní Bečva,,ObÚ",49.43209,18.28796,VS,CZ
"Horní Bečva,,Paseky",49.419357,18.330923,VS,CZ
"Horní Bečva,,Paseky",49.419266,18.330654,VS,CZ
"Horní Bečva,,přehrada",49.42407,18.31758,VS,CZ
"Horní Bečva,,přehrada",49.42395,18.31764,VS,CZ
"Horní Bečva,,rest.Na Bečvici",49.418953,18.346992,VS,CZ
"Horní Bečva,,rest.Na Bečvici",49.41886,18.34698,VS,CZ
"Horní Bečva,,stará pošta",49.433132,18.278484,VS,CZ
"Horní Bečva,,stará pošta",49.433037,18.278526,VS,CZ
"Horní Bečva,,u Vaníčků",49.419445,18.319796,VS,CZ
"Horní Bečva,Hlavatá,rozc.",49.416508,18.3667,VS,CZ
"Horní Bečva,Hlavatá,rozc.",49.416485,18.366482,VS,CZ
Horní Lapač,49.30191,17.614994,KM,CZ
Horní Lapač,49.30191,17.614857,KM,CZ
Horní Lhota,49.154938,17.804811,ZL,CZ
Horní Lhota,49.15484,17.804752,ZL,CZ
"Horní Lhota,,hájenka",49.1743,17.802313,ZL,CZ
"Horní Lhota,,hájenka",49.174313,17.802197,ZL,CZ
"Horní Lhota,,Motorest",49.146095,17.804323,ZL,CZ
"Horní Lhota,,Motorest",49.14644,17.80392,ZL,CZ
"Horní Lideč,,rozc.",49.18064,18.06179,VS,CZ
"Horní Lideč,,rozc.",49.180256,18.062853,VS,CZ
"Horní Lideč,,rozc.",49.17956,18.061766,VS,CZ
"Horní Lideč,,rybník",49.180286,18.04486,VS,CZ
"Horní Lideč,,rybník",49.180187,18.044523,VS,CZ
"Horní Lideč,,škola",49.183212,18.054768,VS,CZ
"Horní Lideč,,škola",49.183155,18.055048,VS,CZ
"Horní Lideč,,u žel.st.",49.187492,18.057508,VS,CZ
"Horní Lideč,,u žel.st.",49.187653,18.057592,VS,CZ
"Horní Lideč,,žel.st.",49.18808,18.058071,VS,CZ
"Horní Moštěnice,,Jednota",49.412617,17.460432,PR,CZ
"Horní Moštěnice,,Jednota",49.41239,17.460407,PR,CZ
"Horní Moštěnice,,stadion",49.416824,17.45928,PR,CZ
"Horní Moštěnice,,stadion",49.41702,17.459295,PR,CZ
"Horní Moštěnice,,stadion",49.416634,17.459229,PR,CZ
Horní Němčí,48.93349,17.623953,UH,CZ
Horní Němčí,48.93333,17.62404,UH,CZ
"Horní Němčí,,Dubníček",48.93025,17.645134,UH,CZ
"Horní Němčí,,Dubníček",48.93015,17.6454,UH,CZ
"Horní Němčí,,rozc.Javořina 11.0",48.912804,17.663525,UH,CZ
"Horní Němčí,,rozc.Javořina 11.0",48.91288,17.663572,UH,CZ
"Horní Němčí,,točna",48.930008,17.626976,UH,CZ
"Horní Němčí,,váha",48.93664,17.62133,UH,CZ
"Horní Němčí,,váha",48.936733,17.621368,UH,CZ
"Horní Nětčice,,rozc.",49.469833,17.684038,PR,CZ
"Horní Těšice,,rozc.",49.493576,17.782032,PR,CZ
"Horní Újezd,,škola",49.4476,17.732103,PR,CZ
"Horní Újezd,,točna",49.448498,17.726156,PR,CZ
"Horní Újezd,Drholec",49.44589,17.745169,PR,CZ
"Hostašovice,,Domoraz",49.52253,18.014849,NJ,CZ
"Hostašovice,,Domoraz",49.52248,18.014973,NJ,CZ
"Hostašovice,,hájovna",49.510513,18.004824,NJ,CZ
Hostějov,49.039646,17.257498,UH,CZ
Hostětín,49.050423,17.879229,UH,CZ
Hostětín,49.05022,17.879242,UH,CZ
Hostišová,49.255733,17.588291,ZL,CZ
"Hostišová,,rozc.2.0",49.25011,17.57159,ZL,CZ
"Hostišová,,rozc.2.0",49.25017,17.571495,ZL,CZ
"Hošťálková,,dol.zast.",49.36135,17.887651,VS,CZ
"Hošťálková,,dol.zast.",49.36043,17.885078,VS,CZ
"Hošťálková,,Jednota Obuv",49.35679,17.873997,VS,CZ
"Hošťálková,,Pod horou",49.347797,17.826658,VS,CZ
"Hošťálková,,Pod horou",49.347725,17.826612,VS,CZ
"Hošťálková,,Pod Kadlůbkem",49.35171,17.8446,VS,CZ
"Hošťálková,,Pod Kadlůbkem",49.35194,17.845753,VS,CZ
"Hošťálková,,rozc.Troják",49.34404,17.812565,VS,CZ
"Hošťálková,,rozc.Troják",49.344173,17.812843,VS,CZ
"Hošťálková,,rozc.Troják",49.34488,17.812649,VS,CZ
"Hošťálková,,Salajka",49.352142,17.859133,VS,CZ
"Hošťálková,,Salajka",49.35176,17.857351,VS,CZ
"Hošťálková,,tělocvična",49.35499,17.869871,VS,CZ
Hoštice,49.206005,17.236073,KM,CZ
Hoštice,49.206,17.23656,KM,CZ
"Hoštice-Heroltice,Heroltice,rozc.",49.285065,17.057297,VY,CZ
"Hovězí,,obec",49.305836,18.059948,VS,CZ
"Hovězí,,obec",49.30608,18.059072,VS,CZ
"Hradčovice,,Obecní úřad",49.04754,17.581411,UH,CZ
"Hradčovice,,Obecní úřad",49.0477,17.581491,UH,CZ
"Hradčovice,,žel.st.",49.043995,17.575394,UH,CZ
"Hradčovice,,žel.st.",49.044025,17.57513,UH,CZ
"Hradčovice,Lhotka,rozc.1.0",49.04758,17.588636,UH,CZ
"Hradčovice,Lhotka,rozc.1.0",49.04792,17.588106,UH,CZ
"Hradec Králové,,Terminál HD",50.216583,15.8137,HK,CZ
"Hranice,,aut.st.",49.56314,17.740229,PR,CZ
"Hranice,,aut.st.",49.563297,17.74033,PR,CZ
"Hranice,,Čs.armády",49.54827,17.730448,PR,CZ
"Hranice,,gymnázium",49.552437,17.737608,PR,CZ
"Hranice,,Motošín",49.546085,17.732056,PR,CZ
"Hranice,,Pod farou",49.545357,17.734669,PR,CZ
"Hranice,,Sady",49.54087,17.736324,PR,CZ
"Hranice,,sídl.kpt.Jaroše",49.550804,17.730907,PR,CZ
"Hranice,,Šromotovo nám.",49.550987,17.733448,PR,CZ
"Hranice,Valšovice,náves",49.51724,17.710018,PR,CZ
"Hrobice,,rest.",49.27734,17.78994,ZL,CZ
Hruška,49.358894,17.22628,PV,CZ
Hřivínův Újezd,49.120407,17.691317,ZL,CZ
Hřivínův Újezd,49.1198,17.691368,ZL,CZ
"Hukvaldy,Rychaltice,pod mostem",49.649708,18.217216,FM,CZ
"Hukvaldy,Rychaltice,pod mostem",49.648773,18.217749,FM,CZ
"Hulín,,nám.",49.31664,17.466068,KM,CZ
"Hulín,,nám.",49.316505,17.466105,KM,CZ
"Hulín,,spínačka",49.315525,17.448792,KM,CZ
"Hulín,,spínačka",49.315388,17.449358,KM,CZ
"Hulín,,spínačka",49.31545,17.449219,KM,CZ
"Hulín,,u podjezdu",49.319614,17.478004,KM,CZ
"Hulín,,u podjezdu",49.319454,17.4778,KM,CZ
"Hulín,,u podjezdu",49.319546,17.477966,KM,CZ
"Huslenky,,ObÚ",49.30488,18.097933,VS,CZ
"Huslenky,,ObÚ",49.305,18.098734,VS,CZ
"Huslenky,,Pod černým",49.31028,18.124336,VS,CZ
"Huslenky,,Pod černým",49.310413,18.125095,VS,CZ
"Huslenky,,rozc.Uherská",49.28966,18.087194,VS,CZ
"Huslenky,,rozc.Uherská",49.289635,18.087248,VS,CZ
"Huslenky,,u hřbitova",49.29461,18.08975,VS,CZ
"Huslenky,,u hřbitova",49.295017,18.09025,VS,CZ
"Huslenky,,u Suřanů",49.28194,18.084305,VS,CZ
"Huslenky,,u Suřanů",49.281933,18.08438,VS,CZ
"Huslenky,,žel.st.",49.303467,18.09278,VS,CZ
"Huslenky,Bařiny,škola",49.30784,18.109692,VS,CZ
"Huslenky,Bařiny,škola",49.307983,18.109829,VS,CZ
Huštěnovice,49.10812,17.46409,UH,CZ
Huštěnovice,49.10746,17.463284,UH,CZ
Huštěnovice,49.1085,17.463757,UH,CZ
Huštěnovice,49.10809,17.46386,UH,CZ
"Huštěnovice,,rozc.k žel.st.0.3",49.110817,17.460869,UH,CZ
"Huštěnovice,,rozc.k žel.st.0.3",49.110497,17.461405,UH,CZ
"Hutisko-Solanec,,aut.st.",49.43014,18.21822,VS,CZ
"Hutisko-Solanec,,aut.st.",49.430256,18.21796,VS,CZ
"Hutisko-Solanec,,kamenný most",49.415813,18.225916,VS,CZ
"Hutisko-Solanec,,kamenný most",49.415756,18.226114,VS,CZ
"Hutisko-Solanec,,Na Polaně",49.397156,18.240211,VS,CZ
"Hutisko-Solanec,,Na Polaně",49.397182,18.240334,VS,CZ
"Hutisko-Solanec,,pekárna",49.434288,18.204346,VS,CZ
"Hutisko-Solanec,,pekárna",49.434547,18.203909,VS,CZ
"Hutisko-Solanec,,pila",49.422993,18.21965,VS,CZ
"Hutisko-Solanec,,pila",49.423286,18.219538,VS,CZ
"Hutisko-Solanec,,pila",49.423244,18.219774,VS,CZ
"Hutisko-Solanec,,pila",49.422977,18.219536,VS,CZ
"Hutisko-Solanec,,Pod Soláněm rest.",49.405933,18.2384,VS,CZ
"Hutisko-Solanec,,Pod Soláněm rest.",49.40599,18.238407,VS,CZ
"Hutisko-Solanec,,Šamánkův most",49.40572,18.246857,VS,CZ
"Hutisko-Solanec,,Šamánkův most",49.405743,18.247011,VS,CZ
"Hutisko-Solanec,,Za kopcem",49.41904,18.201773,VS,CZ
"Hutisko-Solanec,Čarták,Sedlo",49.38823,18.243404,VS,CZ
"Hutisko-Solanec,Čarták,Sedlo",49.388268,18.24329,VS,CZ
"Hvozdná,,dolní zast.",49.246437,17.74962,ZL,CZ
"Hvozdná,,dolní zast.",49.24754,17.750498,ZL,CZ
"Hvozdná,,pož.zbroj.",49.25068,17.752165,ZL,CZ
"Hvozdná,,pož.zbroj.",49.250484,17.75208,ZL,CZ
"Hvozdná,,U Rybníka",49.244007,17.746355,ZL,CZ
"Hvozdná,Osmek",49.25704,17.756676,ZL,CZ
"Hvozdná,Osmek",49.25683,17.756315,ZL,CZ
Chomýž,49.36259,17.64618,KM,CZ
Chomýž,49.36241,17.64704,KM,CZ
"Choryně,,rozc.Lhota",49.49576,17.898905,VS,CZ
"Choryně,,rozc.Lhota",49.49575,17.899082,VS,CZ
"Chropyně,,kovárna",49.364937,17.360222,KM,CZ
"Chropyně,,nám.",49.357834,17.362232,KM,CZ
"Chropyně,,nám.",49.357876,17.361967,KM,CZ
"Chropyně,,rozc.k žel.st.",49.366898,17.35791,KM,CZ
"Chropyně,,rozc.k žel.st.",49.36685,17.357862,KM,CZ
"Chropyně,,závod",49.35731,17.369104,KM,CZ
"Chropyně,,závod",49.357246,17.369576,KM,CZ
"Chropyně,,ZŠ Fučíkova",49.364822,17.364658,KM,CZ
"Chropyně,Hrad",49.352955,17.374825,KM,CZ
"Chropyně,Hrad",49.352932,17.374731,KM,CZ
"Chropyně,Plešovec,náves",49.339153,17.381594,KM,CZ
"Chropyně,Plešovec,náves",49.338623,17.3816,KM,CZ
"Chvalčov,,hotel Říka",49.385212,17.716124,KM,CZ
"Chvalčov,,hotel Říka",49.386284,17.714935,KM,CZ
"Chvalčov,,pošta",49.390697,17.707808,KM,CZ
"Chvalčov,,pošta",49.390865,17.707464,KM,CZ
"Chvalčov,,Revír",49.37995,17.72044,KM,CZ
"Chvalčov,,Revír",49.379963,17.720512,KM,CZ
"Chvalčov,,u pomníku",49.39453,17.700222,KM,CZ
"Chvalčov,,u pomníku",49.394447,17.700268,KM,CZ
"Chvalčov,,Valašky",49.3726,17.73566,KM,CZ
"Chvalčov,,Valašky",49.372578,17.73564,KM,CZ
"Chvalčov,,Včelín",49.39728,17.690228,KM,CZ
"Chvalčov,,Včelín",49.39724,17.690216,KM,CZ
"Chvalčov,Lhotka",49.39639,17.694653,KM,CZ
"Chvalčov,Lhotka",49.396145,17.695389,KM,CZ
"Chvalnov-Lísky,Chvalnov,na Příhoně",49.16431,17.244255,KM,CZ
"Chvalnov-Lísky,Chvalnov,na Příhoně",49.164284,17.244408,KM,CZ
"Chvalnov-Lísky,Chvalnov,škola",49.16656,17.23208,KM,CZ
"Ivanovice na Hané,,aut.st.",49.30448,17.088448,VY,CZ
"Ivanovice na Hané,,aut.st.",49.304516,17.088585,VY,CZ
"Jablůnka,,hor.zast.",49.379993,17.948,VS,CZ
"Jablůnka,,hor.zast.",49.380947,17.948658,VS,CZ
"Jablůnka,,rest.Na papírně",49.388,17.949425,VS,CZ
"Jablůnka,,rest.Na papírně",49.387733,17.949385,VS,CZ
"Jablůnka,,rozc.Ratiboř",49.372025,17.945658,VS,CZ
"Jablůnka,,rozc.Ratiboř",49.373047,17.94479,VS,CZ
"Jablůnka,,rozc.Ratiboř",49.37316,17.944532,VS,CZ
"Jablůnka,,rozc.Ratiboř",49.371796,17.945606,VS,CZ
"Jablůnka,,u Matuštíků",49.40918,17.953487,VS,CZ
"Jablůnka,,u Matuštíků",49.409138,17.953417,VS,CZ
Jalubí,49.119385,17.42758,UH,CZ
"Jalubí,,dol.konec",49.11157,17.432873,UH,CZ
"Jalubí,,dol.konec",49.11078,17.432928,UH,CZ
"Jalubí,,u pošty",49.11498,17.428064,UH,CZ
"Jalubí,,u pošty",49.115013,17.428164,UH,CZ
Jankovice,49.35683,17.613884,KM,CZ
Jankovice,49.35692,17.614182,KM,CZ
"Jankovice,,dol.konec",49.149754,17.393604,UH,CZ
"Jankovice,,dol.konec",49.149693,17.393503,UH,CZ
"Jankovice,,hor.konec",49.159782,17.380882,UH,CZ
"Jankovice,,hor.konec",49.159695,17.380907,UH,CZ
"Jankovice,,rozc.4.0",49.14356,17.421871,UH,CZ
"Jankovice,,rozc.4.0",49.14355,17.421812,UH,CZ
"Jankovice,,střed",49.15474,17.386826,UH,CZ
"Janová,,rozc.",49.30935,18.020529,VS,CZ
"Janová,,rozc.",49.30939,18.020304,VS,CZ
"Jarcová,,rozc.",49.444534,17.971704,VS,CZ
"Jarcová,,rozc.",49.444187,17.971369,VS,CZ
Jarohněvice,49.269115,17.37642,KM,CZ
Jarohněvice,49.269276,17.376871,KM,CZ
"Jarohněvice,,ZD",49.264786,17.377304,KM,CZ
"Jarohněvice,,ZD",49.264877,17.377373,KM,CZ
"Jasenná,,dolní zast.",49.251892,17.89402,ZL,CZ
"Jasenná,,dolní zast.",49.25158,17.89411,ZL,CZ
"Jasenná,,horní zast.",49.25785,17.89538,ZL,CZ
"Jasenná,,Syrákov",49.27376,17.904375,ZL,CZ
"Jasenná,,Syrákov",49.27367,17.904425,ZL,CZ
Jestřabí,49.068443,17.955313,ZL,CZ
Jestřabí,49.068665,17.954935,ZL,CZ
"Ježov,,u Šupalového",49.02449,17.206327,HO,CZ
"Ježov,,zdrav.stř.",49.02619,17.209673,HO,CZ
"Jindřichův Hradec,,aut.nádr.",49.154064,15.004899,JH,CZ
Kaňovice,49.108944,17.697046,ZL,CZ
Kaňovice,49.108067,17.697231,ZL,CZ
"Kaňovice,,seče",49.101578,17.697706,ZL,CZ
"Kaňovice,,seče",49.100834,17.697388,ZL,CZ
Karlovice,49.17675,17.583733,ZL,CZ
"Karlovice,,točna",49.17561,17.586662,ZL,CZ
"Karolinka,,Horebečví",49.35068,18.249405,VS,CZ
"Karolinka,,Horebečví",49.35063,18.24938,VS,CZ
"Karolinka,,požární dům",49.351276,18.239267,VS,CZ
"Karolinka,,požární dům",49.351215,18.239616,VS,CZ
"Karolinka,,rozc.Baďurka",49.33458,18.240856,VS,CZ
"Karolinka,,rozc.Baďurka",49.334538,18.240805,VS,CZ
"Karolinka,,rozc.Kobylská",49.351456,18.230528,VS,CZ
"Karolinka,,rozc.Kobylská",49.35144,18.231413,VS,CZ
"Karolinka,Bzové,rozc.",49.353527,18.268255,VS,CZ
"Karolinka,Bzové,rozc.",49.353363,18.267958,VS,CZ
"Karolinka,Malá Stanovnice,rozc.",49.332542,18.255783,VS,CZ
"Karolinka,Malá Stanovnice,rozc.",49.332394,18.256014,VS,CZ
"Karolinka,Stanovnice,rozc.Skaličí",49.326694,18.279251,VS,CZ
"Karolinka,Stanovnice,rozc.Skaličí",49.32658,18.279251,VS,CZ
"Karolinka,Stanovnice,Spálená",49.323772,18.289736,VS,CZ
"Karolinka,Stanovnice,střed",49.331387,18.264427,VS,CZ
"Kašava,,dolní zast.",49.292755,17.782896,ZL,CZ
"Kašava,,dolní zast.",49.293007,17.783514,ZL,CZ
"Kašava,,horní zast.",49.297276,17.787048,ZL,CZ
"Kašava,,horní zast.",49.297283,17.787134,ZL,CZ
"Kašava,,pila",49.293484,17.777292,ZL,CZ
"Kašava,Teplice",49.30869,17.786673,ZL,CZ
"Kateřinice,,dol.zast.",49.377903,17.899233,VS,CZ
"Kateřinice,,lom",49.386417,17.88171,VS,CZ
"Kateřinice,,Na hranici",49.372837,17.910135,VS,CZ
"Kateřinice,,Na hranici",49.372993,17.90999,VS,CZ
"Kateřinice,,pod Vrtaným",49.39053,17.87229,VS,CZ
"Kateřinice,,škola",49.38203,17.886393,VS,CZ
"Kateřinice,,škola",49.38207,17.886374,VS,CZ
"Kateřinice,,u mostu",49.38942,17.876192,VS,CZ
"Kateřinice,,u Poláchů",49.37915,17.89342,VS,CZ
"Kelč,,aut.st.",49.478767,17.818651,VS,CZ
"Kelč,,aut.st.",49.47871,17.818672,VS,CZ
"Kelč,,Na Dolině",49.474163,17.8234,VS,CZ
"Kelč,,pálenice",49.467865,17.82128,VS,CZ
"Kelč,,pálenice",49.468037,17.821243,VS,CZ
"Kelč,,rozc.",49.478256,17.822617,VS,CZ
"Kelč,,rozc.",49.478226,17.822653,VS,CZ
"Kelč,,rozc.",49.477837,17.822231,VS,CZ
"Kelč,,rozc.",49.477844,17.822285,VS,CZ
"Kelč,,ZD",49.481647,17.825611,VS,CZ
"Kelč,,ZD",49.481716,17.825846,VS,CZ
"Kelč,Babice,náves",49.4575,17.788313,VS,CZ
"Kelč,Komárovice,rozc.",49.48994,17.85402,VS,CZ
"Kelč,Komárovice,rozc.",49.48999,17.854065,VS,CZ
"Kelč,Lhota,náves",49.45751,17.803648,VS,CZ
"Kelč,Lhota,náves",49.457455,17.803787,VS,CZ
"Kelč,Němetice,čekárna",49.50181,17.8403,VS,CZ
"Kelč,Němetice,čekárna",49.50181,17.840208,VS,CZ
"Kelč,Němetice,čekárna",49.50175,17.840366,VS,CZ
"Kelčany,,ObÚ",49.00541,17.173868,HO,CZ
"Kelčany,,u sklepů",49.012623,17.176435,HO,CZ
"Kelčany,,ZSP",49.012344,17.183765,HO,CZ
Kelníky,49.11127,17.645603,ZL,CZ
"Kelníky,,rozc.1.0",49.108097,17.649998,ZL,CZ
"Kelníky,,rozc.1.0",49.10779,17.649668,ZL,CZ
"Kladeruby,,ObÚ",49.49278,17.865168,VS,CZ
"Kladeruby,,ObÚ",49.49271,17.865282,VS,CZ
"Kladeruby,Hořansko",49.4916,17.85686,VS,CZ
"Kladeruby,Hořansko",49.492268,17.858353,VS,CZ
"Kladníky,,obec",49.48567,17.603962,PR,CZ
"Kladníky,,Větrný mlýn",49.48945,17.591366,PR,CZ
"Kladníky,,Vidláč",49.490273,17.616007,PR,CZ
Klenovice na Hané,49.40249,17.212435,PV,CZ
Klenovice na Hané,49.40252,17.212543,PV,CZ
"Klenovice na Hané,,obchod",49.40226,17.211197,PV,CZ
Kněžpole,49.098686,17.517103,UH,CZ
Kněžpole,49.09884,17.517956,UH,CZ
"Kněžpole,,vodárna",49.09149,17.519346,UH,CZ
"Kněžpole,,vodárna",49.091328,17.518686,UH,CZ
"Kojetín,,nám.",49.352875,17.303564,PR,CZ
"Kojetín,,nám.",49.35275,17.303566,PR,CZ
"Kojetín,,nám.",49.352997,17.303566,PR,CZ
"Kojetín,,Padlých hrdinů",49.340927,17.31174,PR,CZ
"Kojetín,,žel.st.",49.345936,17.304356,PR,CZ
"Kojetín,Kovalovice,střed",49.31374,17.290543,PR,CZ
"Kojetín,Popůvky,firma Hanák",49.327732,17.297842,PR,CZ
"Kojetín,Popůvky,Jednota",49.331177,17.299248,PR,CZ
Komárno,49.434517,17.781174,KM,CZ
Komárno,49.434624,17.780825,KM,CZ
Komárov,49.15003,17.57,ZL,CZ
"Komárov,,garáže",49.153873,17.568316,ZL,CZ
"Komárov,,garáže",49.153954,17.568266,ZL,CZ
"Komárov,,rozc.4.0",49.138577,17.52924,ZL,CZ
"Komárov,,rozc.4.0",49.138535,17.529425,ZL,CZ
"Komárov,,rozc.4.0",49.138508,17.529049,ZL,CZ
Komňa,48.993935,17.80039,UH,CZ
Komňa,48.994392,17.800133,UH,CZ
"Komňa,,točna",48.99085,17.802675,UH,CZ
"Komňa,Bučník",48.9722,17.798748,UH,CZ
"Komňa,Bučník",48.97201,17.79801,UH,CZ
"Komňa,Nový dvůr",48.97463,17.806467,UH,CZ
"Komňa,Nový dvůr",48.97467,17.806095,UH,CZ
"Komňa,Nový dvůr",48.97446,17.806145,UH,CZ
"Koryčany,,nám.",49.10621,17.163574,KM,CZ
"Koryčany,,nám.",49.106136,17.163202,KM,CZ
"Koryčany,,nám.",49.106174,17.163406,KM,CZ
"Koryčany,,rozc.Mouchnice",49.10693,17.152046,KM,CZ
"Koryčany,,rozc.Mouchnice",49.106663,17.152298,KM,CZ
"Koryčany,,u hřiště",49.11556,17.179918,KM,CZ
"Koryčany,,u hřiště",49.11552,17.179964,KM,CZ
"Koryčany,,u vodárny",49.116695,17.17848,KM,CZ
"Koryčany,,u vodárny",49.116234,17.178316,KM,CZ
"Koryčany,,závod",49.111767,17.169245,KM,CZ
"Koryčany,,závod",49.11174,17.169378,KM,CZ
"Koryčany,Jestřabice",49.092113,17.129814,KM,CZ
"Koryčany,Jestřabice",49.09212,17.129972,KM,CZ
"Koryčany,Jestřabice,rozc.Haluzice",49.09004,17.122448,KM,CZ
"Koryčany,Jestřabice,rozc.Haluzice",49.089993,17.122507,KM,CZ
"Koryčany,Jestřabice,samota",49.075787,17.117012,KM,CZ
"Koryčany,Jestřabice,samota",49.07596,17.117147,KM,CZ
"Koryčany,Lískovec",49.121113,17.17845,KM,CZ
"Koryčany,Lískovec",49.121086,17.17837,KM,CZ
"Koryčany,Lískovec,ZD",49.126804,17.17997,KM,CZ
"Koryčany,Lískovec,ZD",49.12643,17.180325,KM,CZ
"Korytná,,dol.konec",48.946045,17.663008,UH,CZ
"Korytná,,dol.konec",48.946373,17.663025,UH,CZ
"Korytná,,hor.konec",48.93665,17.668753,UH,CZ
"Korytná,,hor.konec",48.9369,17.669088,UH,CZ
"Korytná,,střed",48.941097,17.665564,UH,CZ
"Korytná,,střed",48.941597,17.665222,UH,CZ
Kostelany,49.203033,17.381395,KM,CZ
Kostelany n.Mor.,49.04672,17.406372,UH,CZ
"Kostelany n.Mor.,,rozc.0.5",49.051174,17.39852,UH,CZ
"Kostelany,,Čenče",49.210236,17.374704,KM,CZ
"Kostelany,,Čenče",49.21,17.374989,KM,CZ
"Kostelany,Lhotka",49.22764,17.376013,KM,CZ
"Kostelany,Lhotka",49.22768,17.376097,KM,CZ
"Kostelany,Újezdsko,rozc.",49.216965,17.3725,KM,CZ
"Kostelany,Újezdsko,rozc.",49.21698,17.372564,KM,CZ
"Kostelany,Újezdsko,točna",49.215412,17.368862,KM,CZ
"Kostelec u Holešova,,křiž.",49.375183,17.512669,KM,CZ
"Kostelec u Holešova,,křiž.",49.37514,17.512632,KM,CZ
"Kostelec u Holešova,,nám.",49.374992,17.51232,KM,CZ
"Kostelec u Holešova,,nám.",49.37503,17.512209,KM,CZ
"Kostelec u Holešova,,nám.",49.374947,17.512472,KM,CZ
"Kostelec u Holešova,Karlovice,rest.",49.38485,17.517258,KM,CZ
"Kostelec u Holešova,Karlovice,rest.",49.38485,17.517212,KM,CZ
"Kostolná-Záriečie,,nová štvrť",48.8791,17.967155,,SK
"Kostolná-Záriečie,,nová štvrť",48.878777,17.967491,,SK
Košíky,49.156544,17.417225,UH,CZ
"Koválovice-Osíčany,Osíčany",49.276665,17.173817,PV,CZ
"Koválovice-Osíčany,Osíčany",49.27672,17.173967,PV,CZ
"Kozlovice,,na kopci",49.579617,18.251328,FM,CZ
"Kozlovice,,pila",49.60096,18.258228,FM,CZ
"Kozlovice,,Říčky",49.594807,18.263088,FM,CZ
"Kozlovice,,střed",49.59263,18.256592,FM,CZ
"Kozlovice,,u kříže",49.581448,18.260427,FM,CZ
"Kozlovice,,u Paličky",49.594944,18.279535,FM,CZ
"Kozlovice,,U váhy",49.58887,18.25666,FM,CZ
Kožušice,49.157658,17.187092,VY,CZ
"Krhová,,Jednota",49.488735,17.993507,VS,CZ
"Krhová,,Lipta",49.493713,17.993095,VS,CZ
"Krhová,,Lipta",49.494022,17.993011,VS,CZ
"Krhová,,rest.",49.484207,17.994677,VS,CZ
"Krhová,,rest.",49.485332,17.995253,VS,CZ
"Krhová,,točna",49.500504,17.993238,VS,CZ
"Krhová,,u hřiště",49.48131,17.993923,VS,CZ
"Krhová,,u přejezdu",49.477524,17.991123,VS,CZ
"Krhová,,u přejezdu",49.477512,17.991182,VS,CZ
"Kroměříž,,aut.nádr.",49.301216,17.402916,KM,CZ
"Kroměříž,,aut.nádr.",49.301353,17.40263,KM,CZ
"Kroměříž,,aut.nádr.",49.301422,17.402264,KM,CZ
"Kroměříž,,aut.nádr.",49.301167,17.402245,KM,CZ
"Kroměříž,,aut.nádr.",49.301266,17.403576,KM,CZ
"Kroměříž,,aut.nádr.",49.301193,17.403233,KM,CZ
"Kroměříž,,aut.nádr.",49.30124,17.402603,KM,CZ
"Kroměříž,,aut.nádr.",49.301224,17.40419,KM,CZ
"Kroměříž,,aut.nádr.",49.301456,17.402657,KM,CZ
"Kroměříž,,aut.nádr.",49.301403,17.403273,KM,CZ
"Kroměříž,,aut.nádr.",49.301144,17.403852,KM,CZ
"Kroměříž,,aut.nádr.",49.30138,17.403597,KM,CZ
"Kroměříž,,aut.nádr.",49.301167,17.403547,KM,CZ
"Kroměříž,,aut.nádr.",49.30133,17.404203,KM,CZ
"Kroměříž,,aut.nádr.",49.301327,17.402931,KM,CZ
"Kroměříž,,aut.nádr.",49.301247,17.40388,KM,CZ
"Kroměříž,,Bezručův park",49.29513,17.397556,KM,CZ
"Kroměříž,,Bezručův park",49.29559,17.397173,KM,CZ
"Kroměříž,,Bezručův park",49.29551,17.397114,KM,CZ
"Kroměříž,,Bezručův park",49.295425,17.397232,KM,CZ
"Kroměříž,,Bezručův park",49.295273,17.397404,KM,CZ
"Kroměříž,,Havlíčkova točna",49.291016,17.375914,KM,CZ
"Kroměříž,,Hulínská Magneton",49.30518,17.403313,KM,CZ
"Kroměříž,,Hulínská Magneton",49.305244,17.403824,KM,CZ
"Kroměříž,,Husovo náměstí",49.296032,17.395058,KM,CZ
"Kroměříž,,Husovo náměstí",49.29626,17.395609,KM,CZ
"Kroměříž,,Kaplanova Plastika",49.308388,17.401386,KM,CZ
"Kroměříž,,Kaplanova Plastika",49.30848,17.40103,KM,CZ
"Kroměříž,,Kaplanova rozc.",49.323143,17.389862,KM,CZ
"Kroměříž,,Kaplanova rozc.",49.32309,17.389782,KM,CZ
"Kroměříž,,Kojetínská",49.300995,17.385712,KM,CZ
"Kroměříž,,Kojetínská",49.301674,17.385118,KM,CZ
"Kroměříž,,Kojetínská",49.300274,17.386244,KM,CZ
"Kroměříž,,Lindovka",49.301533,17.37964,KM,CZ
"Kroměříž,,Lindovka",49.301285,17.379448,KM,CZ
"Kroměříž,,Milíčovo nám.",49.296448,17.39074,KM,CZ
"Kroměříž,,Milíčovo nám.",49.29666,17.390636,KM,CZ
"Kroměříž,,Milíčovo nám.",49.29657,17.390629,KM,CZ
"Kroměříž,,Moravská škola",49.28914,17.396328,KM,CZ
"Kroměříž,,Moravská škola",49.289413,17.397432,KM,CZ
"Kroměříž,,Nemocnice",49.29312,17.379498,KM,CZ
"Kroměříž,,Nemocnice",49.29329,17.380184,KM,CZ
"Kroměříž,,Plačkov",49.288586,17.369862,KM,CZ
"Kroměříž,,Plačkov",49.28941,17.37194,KM,CZ
"Kroměříž,,Velehradská u hřbitova",49.287006,17.389069,KM,CZ
"Kroměříž,,Velehradská u hřbitova",49.28713,17.389273,KM,CZ
"Kroměříž,,Výzkumný ústav",49.285187,17.363491,KM,CZ
"Kroměříž,,Výzkumný ústav",49.285183,17.363688,KM,CZ
"Kroměříž,Bílany,rozc.",49.315323,17.425146,KM,CZ
"Kroměříž,Bílany,rozc.",49.315166,17.424717,KM,CZ
"Kroměříž,Bílany,rozc.",49.315247,17.424944,KM,CZ
"Kroměříž,Drahlov",49.257317,17.376415,KM,CZ
"Kroměříž,Drahlov",49.25736,17.3765,KM,CZ
"Kroměříž,Hradisko",49.31976,17.347675,KM,CZ
"Kroměříž,Hradisko",49.319874,17.34761,KM,CZ
"Kroměříž,Hradisko",49.31966,17.347712,KM,CZ
"Kroměříž,Kotojedy,SP",49.2824,17.402788,KM,CZ
"Kroměříž,Kotojedy,SP",49.28264,17.40302,KM,CZ
"Kroměříž,Kotojedy,SS",49.276855,17.402376,KM,CZ
"Kroměříž,Kotojedy,SS",49.27657,17.402727,KM,CZ
"Kroměříž,Postoupky",49.317043,17.356983,KM,CZ
"Kroměříž,Postoupky",49.317062,17.357107,KM,CZ
"Kroměříž,Postoupky",49.31705,17.356785,KM,CZ
"Kroměříž,Postoupky,Miňůvky",49.314857,17.363293,KM,CZ
"Kroměříž,Postoupky,Miňůvky",49.31477,17.363243,KM,CZ
"Kroměříž,Těšnovice,dol.",49.26613,17.416183,KM,CZ
"Kroměříž,Těšnovice,dol.",49.266136,17.416042,KM,CZ
"Kroměříž,Těšnovice,hor.",49.261497,17.419851,KM,CZ
"Kroměříž,Těšnovice,hor.",49.262157,17.41888,KM,CZ
"Kroměříž,Těšnovice,most",49.272472,17.419552,KM,CZ
"Kroměříž,Trávník",49.26963,17.432468,KM,CZ
"Kroměříž,Trávník",49.26977,17.432276,KM,CZ
"Kroměříž,Vážany,hotel Hvězda",49.282207,17.387169,KM,CZ
"Kroměříž,Vážany,točna",49.279396,17.3873,KM,CZ
"Kroměříž,Zlámanka",49.236828,17.37826,KM,CZ
"Kroměříž,Zlámanka",49.236683,17.378288,KM,CZ
Křekov,49.12785,17.969006,ZL,CZ
Křekov,49.12777,17.969894,ZL,CZ
"Křenovice,,Na Zábraní",49.327923,17.271463,PR,CZ
"Křenovice,,Na Zábraní",49.327915,17.271397,PR,CZ
"Křenovice,,rest.",49.327618,17.270105,PR,CZ
"Křenovice,,rest.",49.327568,17.27029,PR,CZ
"Křižanovice u Vyškova,,rozc.0.2",49.283775,17.036652,VY,CZ
"Křtomil,,náves",49.409256,17.628311,PR,CZ
"Křtomil,,náves",49.409164,17.6282,PR,CZ
Kudowa Zdrój,50.442608,16.248337,,PL
Kunkovice,49.182163,17.173498,KM,CZ
"Kunovice,,hřiště",49.44393,17.816263,VS,CZ
"Kunovice,,hřiště",49.44387,17.815111,VS,CZ
"Kunovice,,koupaliště",49.03892,17.491283,UH,CZ
"Kunovice,,koupaliště",49.03898,17.492092,UH,CZ
"Kunovice,,Lidická",49.041027,17.47159,UH,CZ
"Kunovice,,Lidická",49.04097,17.472763,UH,CZ
"Kunovice,,Na Páně",49.44656,17.811075,VS,CZ
"Kunovice,,Na Páně",49.446808,17.812475,VS,CZ
"Kunovice,,Na Rynku",49.043476,17.467432,UH,CZ
"Kunovice,,Na Rynku",49.042618,17.467089,UH,CZ
"Kunovice,,Novoveská",49.032883,17.459951,UH,CZ
"Kunovice,,Novoveská",49.032356,17.459896,UH,CZ
"Kunovice,,ObÚ",49.443077,17.808456,VS,CZ
"Kunovice,,ObÚ",49.44316,17.808355,VS,CZ
"Kunovice,,Osvobození",49.029846,17.4688,UH,CZ
"Kunovice,,Osvobození",49.029938,17.468937,UH,CZ
"Kunovice,,Petříkovec",49.028458,17.458046,UH,CZ
"Kunovice,,rozc.k žel.st.0.5",49.05086,17.466522,UH,CZ
"Kunovice,,rozc.k žel.st.0.5",49.050327,17.466345,UH,CZ
"Kunovice,,škola",49.039005,17.46288,UH,CZ
"Kunovice,,škola",49.038555,17.462656,UH,CZ
"Kunovice,,žel.st.",49.44033,17.818508,VS,CZ
"Kunovice,Nový dvůr",49.004475,17.49407,UH,CZ
"Kunovice,Nový dvůr",49.00533,17.49334,UH,CZ
Kurovice,49.288982,17.515863,KM,CZ
"Kvasice,,nám.",49.241943,17.473007,KM,CZ
"Kvasice,,nám.",49.242043,17.472702,KM,CZ
"Kvasice,,u kapličky",49.23932,17.47214,KM,CZ
"Kvasice,,u kapličky",49.238796,17.471998,KM,CZ
"Kyjov,,aut.st.",49.007015,17.123568,HO,CZ
"Kyjov,,aut.st.",49.006775,17.124088,HO,CZ
"Kyjov,,aut.st.",49.006557,17.124243,HO,CZ
"Kyjov,,Brandlova sídl.",49.01193,17.136623,HO,CZ
"Kyjov,,ČSAD",49.02189,17.123608,HO,CZ
"Kyjov,,ČSAD",49.01948,17.12436,HO,CZ
"Kyjov,,nem.",49.006966,17.110767,HO,CZ
"Kyjov,,pod nemocnicí",49.007732,17.114197,HO,CZ
"Kyjov,,pod nemocnicí",49.007786,17.114368,HO,CZ
"Kyjov,,pod nemocnicí",49.007736,17.114271,HO,CZ
"Kyjov,,žel.st.",49.016052,17.123783,HO,CZ
"Kyjov,Bohuslavice",49.049698,17.123327,HO,CZ
"Kyjov,Bohuslavice",49.049686,17.123425,HO,CZ
"Kyjov,Bohuslavice,rozc.",49.042572,17.119123,HO,CZ
"Kyjov,Bohuslavice,rozc.",49.04263,17.119217,HO,CZ
"Kyjov,Bohuslavice,samota",49.06628,17.113184,HO,CZ
"Kyjov,Bohuslavice,žel.st.",49.05534,17.119364,HO,CZ
"Kyjov,Bohuslavice,žel.st.",49.055416,17.11964,HO,CZ
"Kyjov,Boršov",49.025295,17.122236,HO,CZ
"Kyjov,Boršov",49.025093,17.122587,HO,CZ
"Kyjov,Boršov,hor.zast.",49.02979,17.121378,HO,CZ
"Kyjov,Boršov,hor.zast.",49.02969,17.121532,HO,CZ
"Kyselovice,,rest.",49.377106,17.40233,KM,CZ
Labuty,49.046528,17.212324,HO,CZ
"Lačnov,,Horňansko",49.186707,18.013838,VS,CZ
"Lačnov,,Kozinec",49.19128,18.011148,VS,CZ
"Lačnov,,Kozinec",49.19092,18.011322,VS,CZ
"Lačnov,,rozc.",49.175007,18.018845,VS,CZ
"Lačnov,,střed",49.181503,18.015,VS,CZ
"Lačnov,,střed",49.18163,18.014929,VS,CZ
"Lačnov,,škola",49.179203,18.016598,VS,CZ
"Lačnov,,škola",49.17857,18.016558,VS,CZ
Lechotice,49.274754,17.5876,KM,CZ
Lechotice,49.274673,17.587498,KM,CZ
"Lechotice,,zast.",49.27009,17.587255,KM,CZ
"Leskovec,,Na čtvrti",49.29111,17.999878,VS,CZ
"Leskovec,,Na čtvrti",49.291897,18.000624,VS,CZ
"Leskovec,,ObÚ",49.285686,17.998224,VS,CZ
"Leskovec,,ObÚ",49.285892,17.998247,VS,CZ
"Lešná,,ObÚ",49.51787,17.93086,VS,CZ
"Lešná,,ObÚ",49.517834,17.930927,VS,CZ
"Lešná,,pož.zbroj.",49.520287,17.9301,VS,CZ
"Lešná,,pož.zbroj.",49.519985,17.930414,VS,CZ
"Lešná,,rozc.Vysoká",49.512253,17.938824,VS,CZ
"Lešná,,škola",49.51531,17.931623,VS,CZ
"Lešná,,škola",49.51549,17.931412,VS,CZ
"Lešná,Lhotka n.Bečvou,prům.zóna",49.504417,17.941954,VS,CZ
"Lešná,Mštěnovice,CS CABOT",49.50288,17.957504,VS,CZ
"Lešná,Mštěnovice,CS CABOT",49.50297,17.95774,VS,CZ
"Lešná,Mštěnovice,škola",49.50694,17.957428,VS,CZ
"Lešná,Mštěnovice,škola",49.50699,17.957355,VS,CZ
"Lešná,Perná,střed",49.52827,17.943447,VS,CZ
"Lešná,Perná,střed",49.528316,17.94352,VS,CZ
"Lešná,Příluky,kaple",49.507626,17.949196,VS,CZ
"Lešná,Příluky,kaple",49.507664,17.94918,VS,CZ
Lhota,49.169373,17.602789,ZL,CZ
Lhota,49.16941,17.602736,ZL,CZ
Lhota u Vsetína,49.303986,17.9587,VS,CZ
Lhota u Vsetína,49.304123,17.959064,VS,CZ
"Lhota u Vsetína,,Kapka resort",49.313267,17.972227,VS,CZ
"Lhota u Vsetína,,Kapka resort",49.31188,17.971497,VS,CZ
"Lhota u Vsetína,,Na hranici",49.299133,17.948336,VS,CZ
"Lhota u Vsetína,,Na hranici",49.29929,17.94908,VS,CZ
"Lhota u Vsetína,,U Jakšíků",49.304665,17.957855,VS,CZ
"Lhota u Vsetína,,U Jakšíků",49.30461,17.95772,VS,CZ
"Lhota u Vsetína,,ZŠ",49.308563,17.96299,VS,CZ
"Lhota u Vsetína,Dolansko",49.310062,17.967466,VS,CZ
"Lhota u Vsetína,Dolansko",49.30993,17.967337,VS,CZ
"Lhota,,náves",49.497013,17.616024,PR,CZ
"Lhota,,točna",49.168003,17.603704,ZL,CZ
"Lhotka,,Bahenná",49.594532,18.290909,FM,CZ
"Lhotka,,střed",49.59745,18.29614,FM,CZ
"Lhotka,,u Cvičků",49.602745,18.311346,FM,CZ
"Lhotka,,ZD",49.60032,18.301413,FM,CZ
Lhotsko,49.212826,17.879168,ZL,CZ
Lhotsko,49.213184,17.88008,ZL,CZ
"Lidečko,,Čertovy skály",49.215305,18.04868,VS,CZ
"Lidečko,,Čertovy skály",49.21482,18.04812,VS,CZ
"Lidečko,,pila",49.195637,18.055628,VS,CZ
"Lidečko,,rest.",49.202084,18.051556,VS,CZ
"Lidečko,,rest.",49.202744,18.051382,VS,CZ
"Lidečko,,rozc.Mužíkov",49.232166,18.032627,VS,CZ
"Lidečko,,rozc.Mužíkov",49.232296,18.031816,VS,CZ
"Lidečko,,zast.",49.210262,18.050873,VS,CZ
"Lidečko,,zast.",49.21091,18.050243,VS,CZ
"Linz,,Industriezeile",48.299686,14.321855,,A
Lípa,49.213978,17.770523,ZL,CZ
Lípa,49.21357,17.772076,ZL,CZ
"Lipník n.Bečvou,,aut.st.",49.528763,17.58206,PR,CZ
"Lipník n.Bečvou,,ČSAD",49.52392,17.592333,PR,CZ
"Lipník n.Bečvou,,Komenského-škola",49.52875,17.58858,PR,CZ
"Lipník n.Bečvou,,Pod horou lom",49.512577,17.593458,PR,CZ
"Lipník n.Bečvou,,žel.st.",49.528774,17.572868,PR,CZ
Lipová,49.121735,17.879704,ZL,CZ
Lipová,49.121883,17.879484,ZL,CZ
"Lipová,,kaple",49.410835,17.606958,PR,CZ
"Lipová,,kaple",49.4101,17.608871,PR,CZ
"Lipová,,kaple",49.410427,17.60786,PR,CZ
"Lipová,,Losky",49.11653,17.881186,ZL,CZ
"Lipová,,Losky",49.116505,17.881104,ZL,CZ
"Lipová,,samoobsluha",49.41005,17.617474,PR,CZ
"Liptál,,Na Špici",49.291943,17.909832,VS,CZ
"Liptál,,rozc.Hluboké",49.30057,17.947598,VS,CZ
"Liptál,,rozc.Hluboké",49.30055,17.947416,VS,CZ
"Liptál,,rozc.Sadová",49.290604,17.91974,VS,CZ
"Liptál,,rozc.Sadová",49.2908,17.918032,VS,CZ
"Liptál,,střed",49.290543,17.92714,VS,CZ
"Liptál,,střed",49.290134,17.926666,VS,CZ
"Liptál,,ZŠ",49.291473,17.925789,VS,CZ
"Liptál,,ZŠ",49.291454,17.92566,VS,CZ
"Liptál,Dolansko",49.29616,17.939726,VS,CZ
"Liptál,Dolansko",49.295902,17.93931,VS,CZ
"Liptál,Dolansko,obec",49.297447,17.93946,VS,CZ
"Liptál,Dolansko,obec",49.29747,17.939434,VS,CZ
"Liptál,Lůžko",49.276833,17.91462,VS,CZ
"Liptál,Lůžko",49.276684,17.913977,VS,CZ
"Litenčice,,aut.st.",49.201668,17.208466,KM,CZ
"Litenčice,,u kovárny",49.201817,17.201263,KM,CZ
"Litenčice,,u kovárny",49.20132,17.199965,KM,CZ
"Litenčice,,ZD",49.188625,17.206633,KM,CZ
"Litenčice,,ZD",49.18854,17.206524,KM,CZ
"Litenčice,Strabenice",49.18914,17.231192,KM,CZ
"Lopeník,,mlýn",48.934753,17.744686,UH,CZ
"Lopeník,,mlýn",48.934757,17.744576,UH,CZ
"Lopeník,,Obecní úřad",48.949284,17.78347,UH,CZ
"Lopeník,,Obecní úřad",48.94924,17.783443,UH,CZ
"Lopeník,,točna",48.94776,17.7574,UH,CZ
"Lopeník,,točna",48.94763,17.757158,UH,CZ
"Lopeník,,u Chovanců",48.942093,17.75344,UH,CZ
"Lopeník,,u Vráblíků",48.948578,17.775225,UH,CZ
"Loučka,,čekárna",49.438732,17.832712,VS,CZ
"Loučka,,čekárna",49.438515,17.832949,VS,CZ
"Loučka,,Domov pro Seniory",49.16928,17.88132,ZL,CZ
"Loučka,,Domov pro Seniory",49.169353,17.88101,ZL,CZ
"Loučka,,náves",49.169186,17.87736,ZL,CZ
"Loučka,,náves",49.169254,17.87702,ZL,CZ
"Loučka,,rozc.",49.440483,17.832527,VS,CZ
"Loučka,,rozc.",49.440426,17.832376,VS,CZ
"Loučka,,škola",49.167496,17.877129,ZL,CZ
"Loučka,,škola",49.16751,17.877045,ZL,CZ
"Loučka,Lázy,ObÚ",49.416443,17.86962,VS,CZ
"Loukov,,dolní",49.41844,17.715193,KM,CZ
"Loukov,,dolní",49.41865,17.71513,KM,CZ
"Loukov,,kostel",49.423424,17.723349,KM,CZ
"Loukov,,křiž.",49.42275,17.722036,KM,CZ
"Loukov,,náves",49.42157,17.720655,KM,CZ
"Loukov,,náves",49.421055,17.71937,KM,CZ
"Loukov,Libosváry",49.430653,17.713646,KM,CZ
Lubná,49.223866,17.395351,KM,CZ
"Lubná,,most",49.217728,17.401838,KM,CZ
"Lubná,,most",49.21777,17.401909,KM,CZ
"Lubná,,ÚSP",49.220844,17.397964,KM,CZ
Ludkovice,49.113544,17.726196,ZL,CZ
"Ludkovice,,Paseky",49.108124,17.723186,ZL,CZ
"Ludkovice,,Paseky",49.10815,17.723106,ZL,CZ
"Ludkovice,,přehrada",49.120857,17.728128,ZL,CZ
"Ludkovice,,přehrada",49.121407,17.7289,ZL,CZ
"Ludkovice,Pradlisko",49.139538,17.732315,ZL,CZ
"Ludkovice,Pradlisko,rozc.Řetechov",49.132458,17.734018,ZL,CZ
"Ludkovice,Pradlisko,rozc.Řetechov",49.132465,17.733849,ZL,CZ
Ludslavice,49.30072,17.538685,KM,CZ
Ludslavice,49.30059,17.538813,KM,CZ
"Luhačovice,,aut.st.",49.09897,17.753242,ZL,CZ
"Luhačovice,,aut.st.",49.099,17.75313,ZL,CZ
"Luhačovice,,aut.st.",49.098946,17.752909,ZL,CZ
"Luhačovice,,Družstevní",49.096066,17.744549,ZL,CZ
"Luhačovice,,Družstevní",49.09596,17.74436,ZL,CZ
"Luhačovice,,garáže",49.110104,17.76686,ZL,CZ
"Luhačovice,,garáže",49.11011,17.768105,ZL,CZ
"Luhačovice,,hřbitov",49.092545,17.750872,ZL,CZ
"Luhačovice,,hřbitov",49.09272,17.750605,ZL,CZ
"Luhačovice,,Jestřábí",49.110535,17.765514,ZL,CZ
"Luhačovice,,Jestřábí",49.11076,17.76507,ZL,CZ
"Luhačovice,,pošta",49.10205,17.760157,ZL,CZ
"Luhačovice,,pošta",49.101517,17.760172,ZL,CZ
"Luhačovice,,pošta",49.10178,17.76016,ZL,CZ
"Luhačovice,,Pražská čtvrť",49.113567,17.76728,ZL,CZ
"Luhačovice,,Pražská čtvrť",49.11351,17.767006,ZL,CZ
"Luhačovice,,provozovna",49.091103,17.739052,ZL,CZ
"Luhačovice,,provozovna",49.09128,17.739525,ZL,CZ
"Luhačovice,,u zámku",49.09692,17.749037,ZL,CZ
"Luhačovice,,u zámku",49.0968,17.749037,ZL,CZ
"Luhačovice,,Zahradní čtvrť",49.094345,17.741562,ZL,CZ
"Luhačovice,,Zahradní čtvrť",49.094284,17.741486,ZL,CZ
"Luhačovice,,zotavovna Fontána",49.115303,17.7723,ZL,CZ
"Luhačovice,,zotavovna Fontána",49.115185,17.772102,ZL,CZ
"Luhačovice,Kladná Žilín",49.086655,17.789852,ZL,CZ
"Luhačovice,Kladná Žilín",49.08653,17.789722,ZL,CZ
"Luhačovice,Kladná Žilín,hor.zast.",49.087666,17.785055,ZL,CZ
"Luhačovice,Kladná Žilín,paseky",49.084545,17.765318,ZL,CZ
"Luhačovice,Polichno",49.068108,17.712065,ZL,CZ
"Luhačovice,Polichno",49.068672,17.712746,ZL,CZ
"Lukov,,Domov důchodců",49.29019,17.730234,ZL,CZ
"Lukov,,Domov důchodců",49.290096,17.729973,ZL,CZ
"Lukov,,horní zast.",49.290234,17.738115,ZL,CZ
"Lukov,,horní zast.",49.29013,17.73818,ZL,CZ
"Lukov,,točna",49.292023,17.736507,ZL,CZ
Lukoveček,49.30238,17.669384,ZL,CZ
Lukoveček,49.302338,17.66936,ZL,CZ
"Lukoveček,,Hadovna",49.30751,17.654009,ZL,CZ
"Lukoveček,,Hadovna",49.307465,17.654213,ZL,CZ
"Lúky,,MŠ",49.191586,18.2216,,SK
"Lúky,,MŠ",49.19163,18.221704,,SK
Lutonina,49.239323,17.882765,ZL,CZ
Lutonina,49.239235,17.882755,ZL,CZ
Lutopecny,49.3022,17.344383,KM,CZ
Lutopecny,49.302055,17.344751,KM,CZ
"Lutopecny,,cihelna",49.299133,17.35678,KM,CZ
"Lutopecny,,cihelna",49.298725,17.357466,KM,CZ
"Lutopecny,Měrůtky,rozc.",49.302704,17.336786,KM,CZ
"Lutopecny,Měrůtky,rozc.",49.3026,17.336523,KM,CZ
"Lužná,,obec",49.24008,18.019873,VS,CZ
"Lužná,,obec",49.23988,18.020016,VS,CZ
"Lužná,Neratov",49.244217,18.008944,VS,CZ
"Lužná,Neratov",49.24414,18.008957,VS,CZ
"Lysá p.Makytou,,OcÚ",49.197067,18.195408,,SK
"Lysá p.Makytou,Strelenka",49.185276,18.14372,,SK
"Lysá p.Makytou,Strelenka",49.185223,18.143385,,SK
Machová,49.25331,17.545748,ZL,CZ
Machová,49.253593,17.545303,ZL,CZ
"Malá Bystřice,,rest.U Bušů",49.418373,18.045794,VS,CZ
"Malá Bystřice,,rest.U Bušů",49.418407,18.045893,VS,CZ
"Malá Bystřice,,rest.U Kočibů",49.40295,18.050417,VS,CZ
"Malá Bystřice,,rest.U Kočibů",49.402695,18.050451,VS,CZ
"Malá Bystřice,,revír",49.393936,18.054617,VS,CZ
"Malá Bystřice,,revír",49.39383,18.05464,VS,CZ
"Malá Bystřice,,škola",49.409092,18.04852,VS,CZ
"Malá Bystřice,,škola",49.409126,18.048435,VS,CZ
"Malá Bystřice,,u Melichaříků",49.418537,18.042522,VS,CZ
"Malá Bystřice,,u Melichaříků",49.418552,18.04222,VS,CZ
"Malhotice,,hřbitov",49.48569,17.759815,PR,CZ
"Malhotice,,náves",49.489494,17.763952,PR,CZ
Malínky,49.15913,17.161201,VY,CZ
Martinice,49.3101,17.602324,KM,CZ
Martinice,49.31011,17.60142,KM,CZ
Martinice,49.310104,17.601938,KM,CZ
"Martinice,,u mostu",49.30993,17.599213,KM,CZ
"Martinice,,u mostu",49.309982,17.5992,KM,CZ
Medlovice,49.05207,17.269978,UH,CZ
Medlovice,49.052208,17.269842,UH,CZ
Medlovice,49.05253,17.27014,UH,CZ
Medlovice,49.05245,17.270304,UH,CZ
"Medlovice,,rozc.1.0",49.277927,17.092197,VY,CZ
"Mestečko,,Jednota",49.17435,18.2583,,SK
"Mestečko,,Jednota",49.17437,18.258469,,SK
"Metylovice,,kaplička svatá Anna",49.606174,18.330885,FM,CZ
"Metylovice,,kostel",49.613113,18.33584,FM,CZ
"Metylovice,,Mužný",49.62068,18.320648,FM,CZ
"Metylovice,,Na Čihadle",49.617893,18.33066,FM,CZ
"Metylovice,,Vrchovina",49.60917,18.336664,FM,CZ
"Metylovice,,Zámrklí",49.6035,18.319187,FM,CZ
"Metylovice,,Žukov",49.605064,18.325413,FM,CZ
"Mikulov,,CLO",48.79001,16.635715,BV,CZ
"Mikulůvka,,Čarabovská",49.413834,17.918438,VS,CZ
"Mikulůvka,,Čarabovská",49.4138,17.918495,VS,CZ
"Mikulůvka,,hájenka",49.409145,17.90156,VS,CZ
"Mikulůvka,,kolonie",49.414677,17.93682,VS,CZ
"Mikulůvka,,kolonie",49.414665,17.936852,VS,CZ
"Mikulůvka,,rest.",49.413494,17.927267,VS,CZ
"Mikulůvka,,rest.",49.41345,17.92745,VS,CZ
"Mikulůvka,,rozc.",49.416782,17.945148,VS,CZ
"Mikulůvka,,rozc.",49.416424,17.944227,VS,CZ
"Mikulůvka,,rozc.",49.416473,17.944376,VS,CZ
"Mikulůvka,,rozc.",49.416767,17.945269,VS,CZ
"Mikulůvka,,u Marků",49.41018,17.912462,VS,CZ
"Mikulůvka,,u Marků",49.410183,17.91262,VS,CZ
Mistřice,49.086044,17.53636,UH,CZ
Mistřice,49.085945,17.536304,UH,CZ
"Mistřice,,dol.konec",49.08836,17.533802,UH,CZ
"Mistřice,,Pod Lipkami",49.082382,17.538052,UH,CZ
"Mistřice,,Pod Lipkami",49.08248,17.538054,UH,CZ
"Mistřice,,rozc.1.0",49.09617,17.531502,UH,CZ
"Mistřice,,rozc.1.0",49.09608,17.531431,UH,CZ
"Mistřice,,rozc.1.0",49.09561,17.531025,UH,CZ
"Mistřice,,rozc.1.0",49.095623,17.530935,UH,CZ
"Mistřice,Javorovec",49.076523,17.529345,UH,CZ
"Míškovice,,ObÚ",49.277084,17.548384,KM,CZ
"Míškovice,,ObÚ",49.27638,17.548573,KM,CZ
"Míškovice,,zastávka",49.272858,17.549755,KM,CZ
"Míškovice,,zastávka",49.272846,17.549698,KM,CZ
Modrá,49.109222,17.404552,UH,CZ
"Moravský Písek,,MŠ",48.983482,17.328047,HO,CZ
"Moravský Písek,,ObÚ",48.990105,17.33158,HO,CZ
"Moravský Písek,Kolonie,rozc.",48.979584,17.318136,HO,CZ
"Moravský Písek,Kolonie,žel.st.",48.977375,17.314293,HO,CZ
"Morkovice-Slížany,Morkovice,nám.",49.246876,17.205688,KM,CZ
"Morkovice-Slížany,Morkovice,nám.",49.247,17.206257,KM,CZ
"Morkovice-Slížany,Morkovice,ZD",49.24552,17.19696,KM,CZ
"Morkovice-Slížany,Morkovice,ZD",49.24536,17.197214,KM,CZ
"Morkovice-Slížany,Morkovice,žel.st.",49.252617,17.211418,KM,CZ
"Morkovice-Slížany,Morkovice,žel.st.",49.252388,17.211489,KM,CZ
Mořice,49.32779,17.196987,PV,CZ
Mořice,49.327766,17.19729,PV,CZ
"Mořice,,sokolovna",49.33086,17.196095,PV,CZ
Mouchnice,49.112026,17.135128,HO,CZ
"Mouchnice,,Na požárech",49.11633,17.135105,HO,CZ
"Mrlínek,,křiž.",49.425854,17.683924,KM,CZ
"Mrlínek,,křiž.",49.42584,17.683836,KM,CZ
"Mrlínek,,křiž.",49.42607,17.68406,KM,CZ
Mysločovice,49.255978,17.564407,ZL,CZ
"Mysločovice,,škola",49.26013,17.568806,ZL,CZ
"Nahošovice,,náves",49.4374,17.57814,PR,CZ
"Nahošovice,,Šebestián",49.42954,17.578367,PR,CZ
"Nahošovice,,Šebestián",49.4294,17.57856,PR,CZ
"Nahošovice,,Šebestián",49.42944,17.578411,PR,CZ
"Náchod,,CLO",50.429737,16.197527,,PL
"Napajedla,,aut.st.",49.170685,17.507738,ZL,CZ
"Napajedla,,cihelna",49.179752,17.504389,ZL,CZ
"Napajedla,,cihelna",49.179897,17.504326,ZL,CZ
"Napajedla,,dr.Beneše",49.183765,17.521276,ZL,CZ
"Napajedla,,dr.Beneše",49.184208,17.521532,ZL,CZ
"Napajedla,,hosp.škola",49.165146,17.514906,ZL,CZ
"Napajedla,,hosp.škola",49.16509,17.514769,ZL,CZ
"Napajedla,,Chmelnice",49.17834,17.518948,ZL,CZ
"Napajedla,,Chmelnice",49.178135,17.518925,ZL,CZ
"Napajedla,,průmyslová zóna",49.191624,17.52916,ZL,CZ
"Napajedla,,průmyslová zóna",49.19196,17.529972,ZL,CZ
"Napajedla,,spořitelna",49.172848,17.513067,ZL,CZ
"Napajedla,,spořitelna",49.17285,17.513248,ZL,CZ
"Napajedla,,záv.Slávia",49.164894,17.513124,ZL,CZ
"Napajedla,Prusinky",49.154743,17.526775,ZL,CZ
"Napajedla,Prusinky",49.154858,17.526606,ZL,CZ
Návojná,49.108303,18.053404,ZL,CZ
Návojná,49.108383,18.053278,ZL,CZ
"Návojná,,žel.st.",49.101276,18.044674,ZL,CZ
"Návojná,,žel.st.",49.10123,18.044577,ZL,CZ
Nedachlebice,49.099308,17.58881,UH,CZ
Nedachlebice,49.099403,17.588787,UH,CZ
"Nedachlebice,,hor.konec",49.097607,17.581535,UH,CZ
"Nedachlebice,,hor.konec",49.097893,17.58202,UH,CZ
"Nedachlebice,,u mlýna",49.097607,17.57276,UH,CZ
"Nedachlebice,,u mlýna",49.09766,17.572771,UH,CZ
"Nedakonice,,mlékárna",49.033516,17.381931,UH,CZ
"Nedakonice,,ZD",49.03922,17.38552,UH,CZ
"Nedakonice,,ZD",49.03969,17.38606,UH,CZ
"Nedašov,,paseky",49.100822,18.083033,ZL,CZ
"Nedašov,,paseky",49.099415,18.08567,ZL,CZ
"Nedašov,,pomník",49.103188,18.077822,ZL,CZ
"Nedašov,,pomník",49.10311,18.077848,ZL,CZ
"Nedašov,,rozc.",49.11122,18.065607,ZL,CZ
"Nedašov,,rozc.",49.11125,18.065454,ZL,CZ
"Nedašov,,střed",49.10597,18.073616,ZL,CZ
"Nedašov,,střed",49.105904,18.073557,ZL,CZ
"Nedašov,,točna",49.097412,18.091867,ZL,CZ
"Nedašov,Podelhotí",49.114727,18.072086,ZL,CZ
"Nedašov,Podelhotí",49.114635,18.071812,ZL,CZ
Nedašova Lhota,49.119347,18.078472,ZL,CZ
Nedašova Lhota,49.119244,18.07828,ZL,CZ
"Nedašova Lhota,,kopanice",49.1273,18.094234,ZL,CZ
"Nedašova Lhota,,kopanice",49.127396,18.09352,ZL,CZ
"Nedašova Lhota,,Obecní úřad",49.121494,18.080496,ZL,CZ
"Nedašova Lhota,,Obecní úřad",49.121513,18.08025,ZL,CZ
"Nedašova Lhota,,paseky",49.125885,18.088114,ZL,CZ
"Nedašova Lhota,,paseky",49.12597,18.088154,ZL,CZ
"Nedašova Lhota,,točna",49.127285,18.096254,ZL,CZ
"Němčice n.Hanou,,nákup.stř.",49.34239,17.207949,PV,CZ
"Němčice n.Hanou,,žel.st.",49.344563,17.216454,PV,CZ
"Němčice,,náves",49.365067,17.498348,KM,CZ
"Němčice,,náves",49.365383,17.498695,KM,CZ
"Němčice,,rozc.",49.36965,17.508024,KM,CZ
"Němčice,,rozc.",49.36965,17.508127,KM,CZ
Nemotice,49.12974,17.124636,VY,CZ
"Nemotice,,žel.st.",49.134083,17.11678,VY,CZ
"Nenkovice,,ObÚ",49.004135,17.011305,HO,CZ
"Nenkovice,,škola",49.00462,17.015615,HO,CZ
"Nenkovice,,u kašny",49.001766,17.007996,HO,CZ
"Nesovice,,čerp.st.",49.14964,17.08025,VY,CZ
"Nesovice,,čerp.st.",49.149517,17.080156,VY,CZ
"Nesovice,,ObÚ",49.148624,17.08284,VY,CZ
"Nesovice,,žel.st.",49.149113,17.079584,VY,CZ
"Nesovice,Kotáry",49.14914,17.092484,VY,CZ
"Neubuz,,Obecní úřad",49.26056,17.825905,ZL,CZ
"Neubuz,,zast.",49.256237,17.82194,ZL,CZ
"Neubuz,,zast.",49.2562,17.82201,ZL,CZ
Nezamyslice,49.324516,17.172203,PV,CZ
Nezamyslice,49.32431,17.171495,PV,CZ
"Nezdenice,,pohostinství Jednota",49.021873,17.755262,UH,CZ
"Nezdenice,,pohostinství Jednota",49.021217,17.755363,UH,CZ
"Nezdenice,,pohostinství Jednota",49.02113,17.75624,UH,CZ
"Nezdenice,,pohostinství Jednota",49.021393,17.755585,UH,CZ
"Nezdenice,,státní statek",49.023174,17.7522,UH,CZ
"Nezdenice,,státní statek",49.023384,17.75208,UH,CZ
"Nezdenice,,žel.st.",49.021477,17.750282,UH,CZ
Nítkovice,49.20385,17.166245,KM,CZ
"Nivnice,,Beseda",48.97664,17.6438,UH,CZ
"Nivnice,,Beseda",48.977444,17.643509,UH,CZ
"Nivnice,,Linea",48.993553,17.64294,UH,CZ
"Nivnice,,Linea",48.993473,17.642992,UH,CZ
"Nivnice,,škola",48.973644,17.64802,UH,CZ
"Nivnice,,škola",48.973427,17.64843,UH,CZ
"Nivnice,,u váhy",48.97891,17.638945,UH,CZ
"Nivnice,,u váhy",48.978973,17.639044,UH,CZ
"Nivnice,,ZD",48.98492,17.638197,UH,CZ
"Nivnice,,ZD",48.98595,17.638351,UH,CZ
"Nížkovice,,rozc.0.3",49.10954,16.901035,VY,CZ
"Nový Hrozenkov,,DPS",49.34231,18.210052,VS,CZ
"Nový Hrozenkov,,DPS",49.342144,18.209797,VS,CZ
"Nový Hrozenkov,,rozc.",49.345062,18.214884,VS,CZ
"Nový Hrozenkov,,rozc.",49.344498,18.213615,VS,CZ
"Nový Hrozenkov,,střed",49.33899,18.20118,VS,CZ
"Nový Hrozenkov,,střed",49.338963,18.20096,VS,CZ
"Nový Hrozenkov,,točna",49.340393,18.204967,VS,CZ
"Nový Hrozenkov,Břežitá,rozc.",49.328342,18.170391,VS,CZ
"Nový Hrozenkov,Břežitá,rozc.",49.328175,18.169714,VS,CZ
"Nový Hrozenkov,Čubov",49.33385,18.179008,VS,CZ
"Nový Hrozenkov,Čubov",49.333725,18.178753,VS,CZ
"Nový Hrozenkov,Vranča,Hluchá",49.31662,18.229614,VS,CZ
"Nový Hrozenkov,Vranča,kolonie",49.33001,18.201277,VS,CZ
"Nový Hrozenkov,Vranča,konečná",49.30955,18.238293,VS,CZ
"Nový Hrozenkov,Vranča,Ráztoka",49.320435,18.22462,VS,CZ
"Nový Hrozenkov,Vranča,Ráztoka",49.32046,18.224487,VS,CZ
"Nový Hrozenkov,Vranča,rozc.",49.334946,18.196913,VS,CZ
"Nový Hrozenkov,Vranča,rozc.Vranečka",49.323475,18.208984,VS,CZ
"Nový Hrozenkov,Vranča,rozc.Vranečka",49.32344,18.208958,VS,CZ
"Nový Jičín,,aut.nádr.",49.597275,18.00954,NJ,CZ
"Nový Jičín,,aut.nádr.",49.597534,18.009537,NJ,CZ
"Nový Jičín,,aut.nádr.",49.597744,18.009048,NJ,CZ
"Nový Jičín,,aut.nádr.",49.597843,18.009392,NJ,CZ
"Nový Jičín,,aut.nádr.",49.59791,18.00904,NJ,CZ
"Nový Jičín,,B.Martinů Kaufland",49.586075,18.003172,NJ,CZ
"Nový Jičín,,Bohuslava Martinů Monta",49.591217,17.996792,NJ,CZ
"Nový Jičín,,Karla Kryla",49.592525,18.011856,NJ,CZ
"Nový Jičín,,Nemocnice",49.58917,18.008204,NJ,CZ
"Nový Jičín,,Sokolovská",49.59546,18.012768,NJ,CZ
"Nový Jičín,,Tonak",49.59015,18.015892,NJ,CZ
"Nový Jičín,,Tonak",49.591377,18.015062,NJ,CZ
"Nový Jičín,Bludovice,česká škola",49.565197,18.025455,NJ,CZ
"Nový Jičín,Bludovice,česká škola",49.564587,18.025648,NJ,CZ
"Nový Jičín,Bludovice,Fojtství",49.573936,18.020927,NJ,CZ
"Nový Jičín,Bludovice,Fojtství",49.5742,18.021069,NJ,CZ
"Nový Jičín,Loučka,kaštany",49.59138,17.992943,NJ,CZ
"Nový Jičín,Loučka,Koruna",49.588783,17.98548,NJ,CZ
"Nový Jičín,Loučka,rozc.",49.585655,17.983006,NJ,CZ
"Nový Jičín,Loučka,ZD",49.58408,17.981388,NJ,CZ
"Nový Jičín,Loučka,Žlabec",49.58032,17.97744,NJ,CZ
Obědkovice,49.397392,17.226357,PV,CZ
Obědkovice,49.397316,17.226484,PV,CZ
Obědkovice,49.397453,17.226276,PV,CZ
"Obědkovice,,U křížku",49.397507,17.22515,PV,CZ
Oldřichovice,49.18192,17.561646,ZL,CZ
"Oldřichovice,,škola",49.18001,17.557314,ZL,CZ
"Oldřichovice,,škola",49.17993,17.55716,ZL,CZ
"Olomouc,,Fakultní nem.",49.580803,17.24001,OC,CZ
"Olomouc,,hl.nádr.",49.59206,17.277512,OC,CZ
"Olomouc,,Pionýrská",49.577705,17.238373,OC,CZ
"Opatovice,,dolní konec",49.504192,17.740131,PR,CZ
"Opatovice,,rest.",49.499672,17.739244,PR,CZ
Ořechov,49.03075,17.300776,UH,CZ
"Ořechov,,hřbitov",49.0303,17.308296,UH,CZ
"Ořechov,,hřbitov",49.029987,17.308372,UH,CZ
"Osíčko,,náves",49.430622,17.751398,KM,CZ
"Osíčko,,náves",49.43034,17.751244,KM,CZ
"Osíčko,,rozc.k žel.st.",49.424408,17.744,KM,CZ
"Osíčko,,rozc.k žel.st.",49.424713,17.744738,KM,CZ
"Osíčko,,točna",49.427692,17.748138,KM,CZ
"Ostrata,,dolní zast.",49.266365,17.76403,ZL,CZ
"Ostrata,,horní zast.",49.271,17.767056,ZL,CZ
"Ostrava,Hrabová,PZ sever",49.770023,18.268185,OV,CZ
"Ostrava,Hrabůvka,Benzina",49.78245,18.271507,OV,CZ
"Ostrava,Hrabůvka,Benzina",49.78269,18.27183,OV,CZ
"Ostrava,Hrabůvka,Dřevoprodej",49.79211,18.271929,OV,CZ
"Ostrava,Hrabůvka,Dřevoprodej",49.791855,18.271616,OV,CZ
"Ostrava,Hrabůvka,Poliklinika",49.784897,18.259964,OV,CZ
"Ostrava,Mor.Ostrava,Náměstí Republiky",49.83037,18.279411,OV,CZ
"Ostrava,Mor.Ostrava,Náměstí Republiky",49.83054,18.280209,OV,CZ
"Ostrava,Mor.Ostrava,Náměstí Republiky",49.830524,18.28078,OV,CZ
"Ostrava,Mor.Ostrava,Náměstí Republiky",49.83084,18.279102,OV,CZ
"Ostrava,Poruba,Alšovo nám.",49.829605,18.169144,OV,CZ
"Ostrava,Poruba,Francouzská",49.826065,18.183147,OV,CZ
"Ostrava,Svinov,mosty",49.824306,18.21,OV,CZ
"Ostrava,Svinov,nádraží",49.821312,18.208704,OV,CZ
"Ostrava,Vítkovice,Český dům-Místecká",49.813255,18.275587,OV,CZ
"Ostrava,Vítkovice,Český dům-Místecká",49.81304,18.275204,OV,CZ
"Ostrava,Vítkovice,Dolní Vítkovice",49.818474,18.275948,OV,CZ
"Ostrava,Vítkovice,Dolní Vítkovice",49.818302,18.27569,OV,CZ
"Ostrava,Vítkovice,Důl Jeremenko",49.80684,18.275564,OV,CZ
"Ostrava,Vítkovice,Důl Jeremenko",49.806503,18.275097,OV,CZ
"Ostravice,,aut.st.",49.53732,18.393387,FM,CZ
"Ostravice,,Mazák",49.524895,18.403728,FM,CZ
"Ostravice,,Mohelník",49.559322,18.367716,FM,CZ
"Ostravice,,panelové domy",49.533195,18.396349,FM,CZ
"Ostravice,,rest.U Tkáčů",49.550156,18.379887,FM,CZ
"Ostrožská Lhota,,Jednota",48.978214,17.472233,UH,CZ
"Ostrožská Lhota,,Obecní úřad",48.975822,17.468103,UH,CZ
"Ostrožská Lhota,,ulice Chříb",48.98067,17.464302,UH,CZ
"Ostrožská Nová Ves,,křiž.",49.005062,17.43468,UH,CZ
"Ostrožská Nová Ves,,křiž.",49.005154,17.435,UH,CZ
"Ostrožská Nová Ves,,Novoveské lázně",49.01818,17.446457,UH,CZ
"Ostrožská Nová Ves,,Novoveské lázně",49.017864,17.44622,UH,CZ
"Ostrožská Nová Ves,Chylice",48.99715,17.4288,UH,CZ
"Ostrožská Nová Ves,Chylice",48.997593,17.429516,UH,CZ
"Ostrožská Nová Ves,Kopanice",49.00853,17.439531,UH,CZ
"Ostrožská Nová Ves,Kopanice",49.008465,17.43962,UH,CZ
Osvětimany,49.05612,17.249338,UH,CZ
"Osvětimany,,škola",49.0548,17.255993,UH,CZ
"Osvětimany,,škola",49.054905,17.256872,UH,CZ
"Osvětimany,,ZD",49.056393,17.243685,UH,CZ
"Otrokovice,,náměstí",49.208652,17.5355,ZL,CZ
"Otrokovice,,náměstí",49.20728,17.536732,ZL,CZ
"Otrokovice,,poliklinika",49.205746,17.537596,ZL,CZ
"Otrokovice,,pošta",49.202312,17.536978,ZL,CZ
"Otrokovice,,Štěrkoviště",49.22354,17.51334,ZL,CZ
"Otrokovice,,U Dřevnice",49.2094,17.524525,ZL,CZ
"Otrokovice,,U Dřevnice",49.20921,17.523348,ZL,CZ
"Otrokovice,,žel.st.",49.201885,17.53232,ZL,CZ
"Otrokovice,,žel.st.",49.202503,17.532284,ZL,CZ
"Otrokovice,Baťov,aut.nádr.",49.217064,17.515669,ZL,CZ
"Otrokovice,Baťov,aut.nádr.",49.2163,17.515907,ZL,CZ
"Otrokovice,Baťov,aut.nádr.",49.216785,17.515726,ZL,CZ
"Otrokovice,Baťov,Hurdisky",49.211857,17.5172,ZL,CZ
"Otrokovice,Baťov,Hurdisky",49.211365,17.51728,ZL,CZ
"Otrokovice,Kvítkovice,Napajedelská",49.19852,17.537136,ZL,CZ
"Otrokovice,Kvítkovice,Napajedelská",49.197517,17.537148,ZL,CZ
"Otrokovice,Kvítkovice,Zlínská",49.198956,17.538572,ZL,CZ
"Otrokovice,Kvítkovice,Zlínská",49.199165,17.538103,ZL,CZ
"Oznice,,konečná",49.43515,17.90702,VS,CZ
"Oznice,,škola",49.432384,17.91711,VS,CZ
"Oznice,,škola",49.43243,17.917034,VS,CZ
"Oznice,,u Klaniců",49.425987,17.928888,VS,CZ
"Oznice,,u Piskláků",49.42344,17.940248,VS,CZ
"Oznice,,u Piskláků",49.423454,17.940262,VS,CZ
Pacetluky,49.37909,17.565847,KM,CZ
Pačlavice,49.259872,17.168589,KM,CZ
"Pačlavice,Lhota",49.24425,17.154448,KM,CZ
"Pačlavice,Pornice",49.24977,17.182407,KM,CZ
"Pačlavice,Pornice",49.249756,17.18224,KM,CZ
"Palkovice,,centrum",49.63658,18.31817,FM,CZ
"Palkovice,,kopeček",49.623867,18.289991,FM,CZ
"Palkovice,,rest.U Kuchařů",49.628304,18.30152,FM,CZ
"Palkovice,,rest.U Tomisů",49.63244,18.312971,FM,CZ
"Palkovice,,stará cesta",49.64429,18.324553,FM,CZ
"Palkovice,,Tomis parkoviště",49.631897,18.312729,FM,CZ
"Palkovice,,transformátor",49.64048,18.320112,FM,CZ
"Palkovice,Myslík,kaple",49.617928,18.271723,FM,CZ
"Palkovice,Myslík,rozhraní",49.621735,18.283674,FM,CZ
"Palkovice,Myslík,transformátor",49.612743,18.265244,FM,CZ
"Paršovice,,kostel",49.500263,17.711054,PR,CZ
"Paskov,,autoopravna",49.72395,18.291151,FM,CZ
"Paskov,,Biocel",49.7183,18.296915,FM,CZ
"Paskov,,podchod",49.733208,18.282787,FM,CZ
"Paskov,,rozc.k dolu",49.74225,18.282276,FM,CZ
"Paskov,,u hřbitova",49.729893,18.285172,FM,CZ
"Pašovice,,Obecní úřad",49.078888,17.644754,UH,CZ
Pavlovice u Kojetína,49.30204,17.212124,PV,CZ
"Pavlovice u Kojetína,Unčice",49.29964,17.205074,PV,CZ
Petrůvka,49.106613,17.809307,ZL,CZ
Petrůvka,49.106384,17.809263,ZL,CZ
Petrůvka,49.10654,17.809273,ZL,CZ
"Petrůvka,,paseky",49.10812,17.801914,ZL,CZ
"Petrůvka,,paseky",49.10808,17.801971,ZL,CZ
Pitín,49.0383,17.851933,UH,CZ
Pitín,49.038387,17.851955,UH,CZ
"Pitín,,žel.st.",49.03783,17.845272,UH,CZ
"Pitín,,žel.st.",49.037743,17.84538,UH,CZ
"Počenice-Tetětice,Počenice",49.269897,17.22716,KM,CZ
"Počenice-Tetětice,Počenice",49.2696,17.227173,KM,CZ
"Počenice-Tetětice,Tetětice",49.272984,17.24843,KM,CZ
"Počenice-Tetětice,Tetětice",49.272747,17.248838,KM,CZ
Podhradí,49.138237,17.775175,ZL,CZ
Podhradní Lhota,49.421303,17.79484,KM,CZ
Podhradní Lhota,49.420788,17.795254,KM,CZ
"Podhradní Lhota,,žel.st.",49.432304,17.79832,KM,CZ
Podkopná Lhota,49.304924,17.8318,ZL,CZ
Podkopná Lhota,49.30471,17.83184,ZL,CZ
"Podkopná Lhota,,Moravan",49.30907,17.823547,ZL,CZ
"Podkopná Lhota,,u Jakubů",49.310055,17.828665,ZL,CZ
"Podkopná Lhota,,u Jakubů",49.309895,17.828566,ZL,CZ
"Podolí,,ObÚ",49.43001,17.856524,VS,CZ
"Podolí,,ObÚ",49.430065,17.856483,VS,CZ
"Podolí,,rest.",49.445477,17.530388,PR,CZ
"Podolí,,U Olšavy",49.043404,17.52681,UH,CZ
"Podolí,,U Olšavy",49.04347,17.526735,UH,CZ
"Pohořelice,,hospoda",49.17808,17.535814,ZL,CZ
"Pohořelice,,obchod",49.173923,17.53875,ZL,CZ
"Pohořelice,,obchod",49.173023,17.539394,ZL,CZ
"Pohořelice,,Oldřichovská",49.178555,17.53611,ZL,CZ
"Pohořelice,,Oldřichovská",49.178585,17.53596,ZL,CZ
"Pohořelice,,st.statek",49.16699,17.548395,ZL,CZ
"Polešovice,,Městečko",49.03388,17.340307,UH,CZ
"Polešovice,,Městečko",49.03357,17.341087,UH,CZ
"Polešovice,,Salajka",49.02494,17.354008,UH,CZ
"Polešovice,,Salajka",49.024822,17.353992,UH,CZ
"Polešovice,,u kina",49.029892,17.348787,UH,CZ
"Polešovice,,u kina",49.02965,17.349009,UH,CZ
"Polešovice,,u Marka",49.03423,17.33134,UH,CZ
"Polešovice,,u Marka",49.034176,17.331371,UH,CZ
"Police,,rozc.",49.44917,17.867817,VS,CZ
"Police,,rozc.",49.449142,17.86791,VS,CZ
"Police,,točna",49.455963,17.866282,VS,CZ
"Poličná,,střed",49.466568,17.946377,VS,CZ
"Poličná,,střed",49.4666,17.946753,VS,CZ
"Poličná,,škola",49.466755,17.951628,VS,CZ
"Poličná,,škola",49.467194,17.952875,VS,CZ
"Poličná,,točna",49.466095,17.940004,VS,CZ
"Poličná,,točna",49.46611,17.93977,VS,CZ
"Poličná,,u háje",49.474636,17.918642,VS,CZ
"Poličná,,u háje",49.474533,17.918736,VS,CZ
"Polkovice,,rozc.",49.38868,17.257864,PR,CZ
"Polkovice,,rozc.",49.388508,17.2582,PR,CZ
"Polkovice,,rozc.",49.388813,17.257536,PR,CZ
Poteč,49.155266,18.034296,ZL,CZ
Poteč,49.15431,18.033085,ZL,CZ
"Pozděchov,,obec",49.234135,17.955109,VS,CZ
"Pozděchov,,obec",49.233944,17.955404,VS,CZ
"Pozděchov,,Václavák",49.22772,17.944853,VS,CZ
"Pozděchov,,Václavák",49.227737,17.945105,VS,CZ
"Pozlovice,,dol.konec",49.12147,17.764458,ZL,CZ
"Pozlovice,,dol.konec",49.12116,17.764984,ZL,CZ
"Pozlovice,,hor.konec",49.129715,17.769323,ZL,CZ
"Pozlovice,,hor.konec",49.129658,17.76918,ZL,CZ
"Pozlovice,,Lipská",49.12404,17.794771,ZL,CZ
"Pozlovice,,Lipská",49.123924,17.794226,ZL,CZ
"Pozlovice,,Nad přehradou",49.121105,17.781094,ZL,CZ
"Pozlovice,,Nad přehradou",49.12067,17.780436,ZL,CZ
"Pozlovice,,střed",49.12619,17.768423,ZL,CZ
"Pozlovice,,střed",49.126755,17.768309,ZL,CZ
"Praha,,ÚAN Florenc",50.089428,14.440806,AB,CZ
"Prakšice,,Obecní úřad",49.065823,17.634115,UH,CZ
"Prakšice,,Obecní úřad",49.066093,17.633934,UH,CZ
"Prakšice,,škola",49.07032,17.63496,UH,CZ
"Prakšice,,škola",49.070324,17.635124,UH,CZ
Prasklice,49.268993,17.185978,KM,CZ
Prasklice,49.268944,17.18604,KM,CZ
"Pravčice,,aut.st.",49.323925,17.494583,KM,CZ
"Pravčice,,rozc.0.5",49.318127,17.495916,KM,CZ
"Pravčice,,rozc.0.5",49.31811,17.49707,KM,CZ
"Pravčice,,rozc.0.5",49.31811,17.49652,KM,CZ
"Prievidza,,aut.st.",48.774376,18.617325,,SK
"Prlov,,chata",49.242367,17.973553,VS,CZ
"Prlov,,chata",49.242313,17.973503,VS,CZ
"Prlov,,obec",49.243366,17.960732,VS,CZ
"Prlov,,obec",49.243507,17.960957,VS,CZ
"Prlov,Neratov,rozc.",49.244576,17.985165,VS,CZ
"Prlov,Neratov,rozc.",49.24449,17.985195,VS,CZ
"Prostějov,,aut.st.",49.47462,17.127722,PV,CZ
"Prostějov,,aut.st.",49.472916,17.12876,PV,CZ
"Prostějov,,Brněnská",49.464687,17.111416,PV,CZ
"Prostějov,,Újezd",49.471527,17.11749,PV,CZ
"Prostějov,,Újezd",49.47161,17.11758,PV,CZ
"Prostějov,,Újezd",49.471493,17.11742,PV,CZ
"Prostějov,,Železárny",49.465393,17.133354,PV,CZ
"Prostějov,,Železárny",49.46501,17.133278,PV,CZ
"Prostějov,,Železárny",49.465603,17.13342,PV,CZ
"Prostřední Bečva,,Bártek",49.447693,18.271008,VS,CZ
"Prostřední Bečva,,Bártek",49.447716,18.27113,VS,CZ
"Prostřední Bečva,,hotel Zavadilka",49.437634,18.264317,VS,CZ
"Prostřední Bečva,,hotel Zavadilka",49.43772,18.264896,VS,CZ
"Prostřední Bečva,,Na Nové",49.43757,18.232014,VS,CZ
"Prostřední Bečva,,Na Nové",49.43727,18.231876,VS,CZ
"Prostřední Bečva,,Pod Tanečnicí huť",49.46636,18.278805,VS,CZ
"Prostřední Bečva,,Pod Tanečnicí huť",49.46637,18.278725,VS,CZ
"Prostřední Bečva,,Pod Tanečnicí lom",49.47976,18.28622,VS,CZ
"Prostřední Bečva,,Pod Tanečnicí lom",49.47957,18.286236,VS,CZ
"Prostřední Bečva,,požární dům",49.437176,18.2523,VS,CZ
"Prostřední Bečva,,požární dům",49.437057,18.252542,VS,CZ
"Prostřední Bečva,,požární dům",49.43734,18.252,VS,CZ
"Prostřední Bečva,,Pustevny konečná",49.48706,18.264284,VS,CZ
"Prostřední Bečva,,Pustevny rozc.Skal.",49.482353,18.26292,VS,CZ
"Prostřední Bečva,,Pustevny rozc.Skal.",49.481976,18.26288,VS,CZ
"Prostřední Bečva,,rozc.Nová",49.43951,18.237831,VS,CZ
"Prostřední Bečva,,rozc.Nová",49.43964,18.237688,VS,CZ
"Prostřední Bečva,,U Šírů",49.44615,18.2515,VS,CZ
"Prostřední Bečva,,U Šírů",49.446148,18.251554,VS,CZ
"Prostřední Bečva,Bacov,škola",49.45359,18.252806,VS,CZ
"Prostřední Bečva,Kněhyně,Skokan",49.454643,18.279053,VS,CZ
"Prostřední Bečva,Kněhyně,Skokan",49.454662,18.27915,VS,CZ
"Provodov,,Dvory",49.16421,17.745832,ZL,CZ
"Provodov,,Dvory",49.16426,17.745745,ZL,CZ
"Provodov,,Na zákrutě",49.16674,17.755217,ZL,CZ
"Provodov,,Na zákrutě",49.166763,17.755106,ZL,CZ
"Provodov,,Obecní úřad",49.160805,17.737394,ZL,CZ
"Provodov,,Obecní úřad",49.160873,17.737368,ZL,CZ
"Provodov,,rozc.",49.159794,17.735975,ZL,CZ
"Provodov,,rozc.",49.159744,17.735928,ZL,CZ
"Provodov,Březí",49.15862,17.723862,ZL,CZ
"Provodov,Březí",49.158413,17.723598,ZL,CZ
"Provodov,Maleniska",49.15324,17.741163,ZL,CZ
"Provodov,Maleniska",49.153233,17.741053,ZL,CZ
"Provodov,Zabačky",49.171936,17.764736,ZL,CZ
"Provodov,Zabačky",49.17183,17.764511,ZL,CZ
"Prusinovice,,aut.st.",49.37784,17.589508,KM,CZ
"Prusinovice,,aut.st.",49.377872,17.589184,KM,CZ
"Prusinovice,,Holešovská",49.374237,17.580708,KM,CZ
"Prusinovice,,křiž.",49.376545,17.585258,KM,CZ
"Prusinovice,,křiž.",49.37627,17.584255,KM,CZ
"Prusinovice,,Pacetlucká ulice",49.37641,17.582993,KM,CZ
"Prusinovice,,Pacetlucká ulice",49.37681,17.582727,KM,CZ
"Přerov,,aut.nádr.",49.446995,17.44709,PR,CZ
"Přerov,,aut.nádr.",49.44668,17.448303,PR,CZ
"Přerov,,aut.nádr.",49.44684,17.448412,PR,CZ
"Přerov,,aut.nádr.",49.446976,17.447598,PR,CZ
"Přerov,,aut.nádr.",49.446537,17.448072,PR,CZ
"Přerov,,Čechova",49.45185,17.456207,PR,CZ
"Přerov,,Čechova",49.451805,17.456272,PR,CZ
"Přerov,,HZS",49.43505,17.457869,PR,CZ
"Přerov,,HZS",49.434784,17.457808,PR,CZ
"Přerov,,Jižní čtvrť",49.441807,17.457054,PR,CZ
"Přerov,,Jižní čtvrť",49.441936,17.457098,PR,CZ
"Přerov,,Jižní čtvrť",49.441746,17.456951,PR,CZ
"Přerov,,strojírny",49.442142,17.440014,PR,CZ
"Přerov,,strojírny",49.441532,17.439465,PR,CZ
"Přerov,,Želatovská",49.450832,17.467442,PR,CZ
"Přerov,,Želatovská",49.450916,17.465927,PR,CZ
"Přerov,,Želatovská",49.45085,17.466713,PR,CZ
"Přestavlky,,náves",49.389416,17.478628,PR,CZ
"Přestavlky,,náves",49.38939,17.478745,PR,CZ
"Přestavlky,,náves",49.389435,17.478533,PR,CZ
"Příbor,,Tatra",49.64216,18.151882,NJ,CZ
"Příbor,,Tatra",49.642075,18.151709,NJ,CZ
"Příbor,,u kostela",49.64107,18.140717,NJ,CZ
"Příbor,,u kostela",49.641075,18.140772,NJ,CZ
"Příbor,,u pošty",49.64037,18.141048,NJ,CZ
"Příbor,,u pošty",49.640392,18.141088,NJ,CZ
"Příbor,,u škol",49.639748,18.139908,NJ,CZ
"Příbor,,u škol",49.639446,18.139635,NJ,CZ
"Přílepy,,u nádrže",49.316994,17.625383,KM,CZ
"Přílepy,,u nádrže",49.317207,17.622942,KM,CZ
"Přílepy,,u zámku",49.32101,17.61338,KM,CZ
"Přílepy,,u zámku",49.320976,17.613337,KM,CZ
"Púchov,,1.mája I.",49.11965,18.322506,,SK
"Púchov,,1.mája I.",49.1205,18.32458,,SK
"Púchov,,žel.st.",49.112846,18.32756,,SK
"Racková,,Drahy",49.273167,17.626677,ZL,CZ
"Racková,,Drahy",49.272938,17.627165,ZL,CZ
"Racková,,garáže",49.28047,17.625332,ZL,CZ
"Racková,,garáže",49.2807,17.625273,ZL,CZ
"Racková,,Obecní úřad",49.276035,17.623962,ZL,CZ
"Racková,,Obecní úřad",49.27628,17.624128,ZL,CZ
"Radkova Lhota,,kult.dům",49.442326,17.621344,PR,CZ
"Radkova Lhota,Lhotsko,rozc.",49.451878,17.630379,PR,CZ
"Radkovy,,rest.",49.436092,17.614214,PR,CZ
"Radotín,,Čechův kříž",49.48152,17.625565,PR,CZ
"Radotín,,náves",49.480267,17.631182,PR,CZ
"Rajnochovice,,Bernádka",49.35263,17.797731,KM,CZ
"Rajnochovice,,garáže",49.407635,17.811493,KM,CZ
"Rajnochovice,,garáže",49.40762,17.811447,KM,CZ
"Rajnochovice,,Košovy",49.37381,17.814884,KM,CZ
"Rajnochovice,,ObÚ",49.41354,17.811098,KM,CZ
"Rajnochovice,,ObÚ",49.413456,17.811,KM,CZ
"Rajnochovice,,Rosošná",49.40112,17.814512,KM,CZ
"Rajnochovice,,Rosošná",49.40105,17.814407,KM,CZ
"Rajnochovice,,Sochová",49.390263,17.818342,KM,CZ
"Rajnochovice,,Sochová",49.390343,17.818356,KM,CZ
"Rajnochovice,,u kapličky",49.416206,17.806358,KM,CZ
"Rajnochovice,,u kapličky",49.416183,17.806305,KM,CZ
"Rajnochovice,Tesák",49.36671,17.773643,KM,CZ
"Rajnochovice,Tesák",49.366447,17.773355,KM,CZ
"Rajnochovice,Troják",49.353622,17.812817,KM,CZ
"Rajnochovice,Troják",49.353497,17.812733,KM,CZ
"Rakov,,rest.",49.49133,17.7074,PR,CZ
"Rataje,,křiž.",49.274044,17.333918,KM,CZ
"Rataje,,křiž.",49.27383,17.334251,KM,CZ
"Rataje,,točna",49.269657,17.338734,KM,CZ
"Rataje,Popovice",49.277596,17.33197,KM,CZ
"Rataje,Popovice",49.27749,17.331787,KM,CZ
"Rataje,Sobělice,Nová",49.279972,17.349968,KM,CZ
"Rataje,Sobělice,Nová",49.27992,17.35028,KM,CZ
"Rataje,Sobělice,rozc.",49.277206,17.340014,KM,CZ
"Rataje,Sobělice,rozc.",49.27716,17.340073,KM,CZ
"Ratiboř,,hor.zast.",49.365723,17.90128,VS,CZ
"Ratiboř,,hor.zast.",49.36589,17.90168,VS,CZ
"Ratiboř,,kino",49.367443,17.91618,VS,CZ
"Ratiboř,,kino",49.367527,17.91566,VS,CZ
"Ratiboř,,kino",49.36773,17.91511,VS,CZ
"Ratiboř,,kino",49.367935,17.915186,VS,CZ
"Ratiboř,,Na hranici",49.361862,17.89065,VS,CZ
"Ratiboř,,Na hranici",49.36184,17.890768,VS,CZ
"Ratiboř,,STS",49.36924,17.925425,VS,CZ
"Ratiboř,,STS",49.369102,17.92504,VS,CZ
"Rokytnice,,horní zast.",49.06458,17.905249,ZL,CZ
"Rokytnice,,horní zast.",49.06455,17.905302,ZL,CZ
"Rokytnice,,Obecní dům",49.06704,17.915873,ZL,CZ
"Rokytnice,,Obecní dům",49.066513,17.914518,ZL,CZ
"Rokytnice,,rozc.1.0",49.070976,17.91584,ZL,CZ
"Rokytnice,,TVD",49.069115,17.931744,ZL,CZ
"Rokytnice,,TVD",49.0698,17.930231,ZL,CZ
Roštění,49.36612,17.533558,KM,CZ
Roštění,49.366215,17.532858,KM,CZ
Roštín,49.188995,17.28654,KM,CZ
Roštín,49.18892,17.286572,KM,CZ
"Rouské,,náves",49.471558,17.778631,PR,CZ
"Rožnov p.Radh.,,1.máje",49.462063,18.13116,VS,CZ
"Rožnov p.Radh.,,1.máje",49.46208,18.131054,VS,CZ
"Rožnov p.Radh.,,aut.st.",49.459873,18.134533,VS,CZ
"Rožnov p.Radh.,,aut.st.",49.46013,18.13571,VS,CZ
"Rožnov p.Radh.,,aut.st.",49.460052,18.135183,VS,CZ
"Rožnov p.Radh.,,aut.st.",49.460026,18.134962,VS,CZ
"Rožnov p.Radh.,,aut.st.",49.460083,18.133924,VS,CZ
"Rožnov p.Radh.,,aut.st.",49.460075,18.134212,VS,CZ
"Rožnov p.Radh.,,aut.st.",49.45996,18.13455,VS,CZ
"Rožnov p.Radh.,,aut.st.",49.45995,18.135214,VS,CZ
"Rožnov p.Radh.,,aut.st.",49.45997,18.134075,VS,CZ
"Rožnov p.Radh.,,aut.st.",49.4599,18.134754,VS,CZ
"Rožnov p.Radh.,,aut.st.",49.460133,18.134872,VS,CZ
"Rožnov p.Radh.,,aut.st.",49.460125,18.134672,VS,CZ
"Rožnov p.Radh.,,aut.st.",49.460144,18.135033,VS,CZ
"Rožnov p.Radh.,,Knihovna",49.46245,18.143314,VS,CZ
"Rožnov p.Radh.,,Knihovna",49.46243,18.143623,VS,CZ
"Rožnov p.Radh.,,kopeček",49.47725,18.165224,VS,CZ
"Rožnov p.Radh.,,kopeček",49.477287,18.16514,VS,CZ
"Rožnov p.Radh.,,Koryčanské paseky",49.464172,18.126673,VS,CZ
"Rožnov p.Radh.,,Kramolišov",49.45011,18.140944,VS,CZ
"Rožnov p.Radh.,,Kramolišov",49.449944,18.140863,VS,CZ
"Rožnov p.Radh.,,Lipová",49.448895,18.168722,VS,CZ
"Rožnov p.Radh.,,Lipová",49.4491,18.16954,VS,CZ
"Rožnov p.Radh.,,Na mlýnku",49.451473,18.1594,VS,CZ
"Rožnov p.Radh.,,Na mlýnku",49.45169,18.159033,VS,CZ
"Rožnov p.Radh.,,Na Skalce",49.443344,18.13778,VS,CZ
"Rožnov p.Radh.,,Na Skalce",49.443382,18.137833,VS,CZ
"Rožnov p.Radh.,,obřadní síň",49.453087,18.131556,VS,CZ
"Rožnov p.Radh.,,obřadní síň",49.452984,18.131388,VS,CZ
"Rožnov p.Radh.,,Pod Pindulí",49.494305,18.176067,VS,CZ
"Rožnov p.Radh.,,Pod Pindulí",49.494335,18.176008,VS,CZ
"Rožnov p.Radh.,,Pod Písečnou",49.4637,18.138706,VS,CZ
"Rožnov p.Radh.,,Pod Písečnou",49.46308,18.13852,VS,CZ
"Rožnov p.Radh.,,rest.U eroplánu",49.4656,18.155394,VS,CZ
"Rožnov p.Radh.,,rest.U eroplánu",49.465515,18.15898,VS,CZ
"Rožnov p.Radh.,,rest.U eroplánu",49.466225,18.157492,VS,CZ
"Rožnov p.Radh.,,U bazénu",49.464703,18.127794,VS,CZ
"Rožnov p.Radh.,,U Janoštíků",49.48255,18.169395,VS,CZ
"Rožnov p.Radh.,,U Janoštíků",49.48235,18.169146,VS,CZ
"Rožnov p.Radh.,,u kříže",49.45491,18.15082,VS,CZ
"Rožnov p.Radh.,,u kříže",49.454952,18.151253,VS,CZ
"Rožnov p.Radh.,,u náměstí",49.45673,18.141285,VS,CZ
"Rožnov p.Radh.,,u náměstí",49.456963,18.143282,VS,CZ
"Rožnov p.Radh.,,u trati",49.459698,18.125616,VS,CZ
"Rožnov p.Radh.,,u trati",49.459896,18.123371,VS,CZ
"Rožnov p.Radh.,,Uhliska",49.436295,18.132889,VS,CZ
"Rožnov p.Radh.,,Uhliska",49.436157,18.132782,VS,CZ
"Rožnov p.Radh.,,Videčská",49.457687,18.13728,VS,CZ
"Rožnov p.Radh.,,Videčská",49.45814,18.138187,VS,CZ
"Rožnov p.Radh.,,zemědělská škola",49.461,18.137568,VS,CZ
"Rožnov p.Radh.,,zemědělská škola",49.461136,18.137716,VS,CZ
"Rožnov p.Radh.,Dolní Paseky,palírna",49.4658,18.141258,VS,CZ
"Rožnov p.Radh.,Dolní Paseky,palírna",49.466766,18.142038,VS,CZ
"Rožnov p.Radh.,Dolní Paseky,revír",49.483036,18.1402,VS,CZ
"Rožnov p.Radh.,Dolní Paseky,revír",49.483032,18.140257,VS,CZ
"Rožnov p.Radh.,Dolní Paseky,točna",49.48817,18.1391,VS,CZ
"Rožnov p.Radh.,Dolní Paseky,u Kamen",49.477013,18.142223,VS,CZ
"Rožnov p.Radh.,Dolní Paseky,u Kamen",49.477074,18.142273,VS,CZ
"Rožnov p.Radh.,Dolní Paseky,u Mikun",49.47181,18.143469,VS,CZ
"Rožnov p.Radh.,Dolní Paseky,u Mikun",49.47165,18.143503,VS,CZ
"Rožnov p.Radh.,Dolní Paseky,u trafiky",49.480564,18.141235,VS,CZ
"Rožnov p.Radh.,Dolní Paseky,u trafiky",49.48073,18.141205,VS,CZ
"Rožnov p.Radh.,Horní Paseky,křížek",49.47337,18.162508,VS,CZ
"Rožnov p.Radh.,Horní Paseky,křížek",49.472782,18.162022,VS,CZ
"Rudice,,Jalovčí",49.045498,17.749352,UH,CZ
"Rudice,,Jalovčí",49.045376,17.749191,UH,CZ
"Rudice,,Nezdenské drahy",49.05353,17.738346,UH,CZ
"Rudice,,Nezdenské drahy",49.053448,17.738363,UH,CZ
"Rudice,,Obecní úřad",49.060383,17.740944,UH,CZ
"Rudice,,Obecní úřad",49.06043,17.740788,UH,CZ
"Rudice,,střed",49.05652,17.737593,UH,CZ
"Rudice,,střed",49.05674,17.73772,UH,CZ
"Rudice,,točna",49.06179,17.747618,UH,CZ
"Rudimov,,rozc.3.0",49.088978,17.853115,ZL,CZ
"Rusava,,Hořansko",49.354412,17.700766,KM,CZ
"Rusava,,kino",49.346306,17.680656,KM,CZ
"Rusava,,kino",49.34661,17.680292,KM,CZ
"Rusava,,Podhradí",49.354424,17.6737,KM,CZ
"Rusava,,rozc.",49.34619,17.680244,KM,CZ
"Rusava,,rozc.",49.346165,17.680386,KM,CZ
"Rusava,,u lomu",49.352547,17.694445,KM,CZ
"Rusava,,u lomu",49.352512,17.694471,KM,CZ
"Rusava,,Zakopanica",49.340694,17.685087,KM,CZ
"Rusava,,Zakopanica",49.340782,17.684772,KM,CZ
"Rusava,,ZŠ",49.348156,17.689377,KM,CZ
"Rusava,,ZŠ",49.34812,17.689217,KM,CZ
"Rusava,Ráztoka,hotel",49.33568,17.6965,ZL,CZ
"Rusava,Ráztoka,u mostu",49.334175,17.707155,KM,CZ
"Růžďka,,Masna",49.397163,17.989023,VS,CZ
"Růžďka,,Masna",49.397182,17.989073,VS,CZ
"Růžďka,,u Lašků",49.405315,17.98404,VS,CZ
"Růžďka,,u Lašků",49.405354,17.98408,VS,CZ
"Růžďka,,vozovna ČSAD",49.392708,17.997911,VS,CZ
"Růžďka,Dušná,rest.",49.38231,18.037722,VS,CZ
"Růžďka,Dušná,rest.",49.382336,18.037643,VS,CZ
"Růžďka,Dušná,rozc.Cáb",49.38471,18.043173,VS,CZ
"Růžďka,Dušná,rozc.Cáb",49.38475,18.043127,VS,CZ
"Růžďka,Dušná,serpentiny",49.379116,18.025654,VS,CZ
"Růžďka,Dušná,serpentiny",49.379147,18.025787,VS,CZ
"Růžďka,Holešov",49.388702,18.007591,VS,CZ
Rybníček,49.27584,17.07262,VY,CZ
"Rybníček,,statek",49.277824,17.06553,VY,CZ
"Rymice,,boční",49.344696,17.529276,KM,CZ
"Rymice,,boční",49.344673,17.529102,KM,CZ
"Rymice,,náves",49.34157,17.525105,KM,CZ
"Rymice,,náves",49.341595,17.525047,KM,CZ
"Rymice,,Přerovská",49.344746,17.529549,KM,CZ
"Rymice,,Přerovská",49.344616,17.529531,KM,CZ
"Salaš,,dolina",49.13787,17.360394,UH,CZ
"Salaš,,dolina",49.137753,17.36062,UH,CZ
"Salaš,,hřiště",49.137966,17.351362,UH,CZ
"Salaš,,hřiště",49.13789,17.351564,UH,CZ
"Salaš,,Obecní úřad",49.139942,17.34398,UH,CZ
"Salaš,,Obecní úřad",49.139957,17.343573,UH,CZ
"Salaš,,střelnice",49.12956,17.369509,UH,CZ
"Salaš,,střelnice",49.12939,17.369488,UH,CZ
"Salaš,,točna",49.14332,17.339289,UH,CZ
"Sazovice,,Jednota",49.23699,17.570091,ZL,CZ
"Sazovice,,Jednota",49.236942,17.570305,ZL,CZ
"Sazovice,,Padělky",49.243595,17.568428,ZL,CZ
"Sazovice,,Padělky",49.243805,17.568209,ZL,CZ
"Sedliště,,pošta",49.71828,18.36882,FM,CZ
Sehradice,49.144527,17.82508,ZL,CZ
Sehradice,49.144356,17.82408,ZL,CZ
"Sehradice,,zast.",49.147636,17.834312,ZL,CZ
"Sehradice,,zast.",49.148273,17.836576,ZL,CZ
"Seninka,,pošta",49.273533,17.969751,VS,CZ
"Seninka,,rest.",49.27494,17.978436,VS,CZ
"Seninka,,rest.",49.27492,17.978493,VS,CZ
"Seninka,,rozc.",49.274193,17.999916,VS,CZ
"Seninka,,rozc.",49.273296,17.99926,VS,CZ
"Seninka,,rozc.",49.27366,18.000025,VS,CZ
"Seninka,,u stodoly",49.27373,17.99206,VS,CZ
"Seninka,,u stodoly",49.273705,17.992027,VS,CZ
"Seninka,Hořansko",49.27094,17.956902,VS,CZ
"Skalička,,škola",49.518425,17.79408,PR,CZ
"Skalička,,točna",49.516403,17.795675,PR,CZ
"Skalička,,Větřák",49.513046,17.79724,PR,CZ
Skalka,49.405518,17.168957,PV,CZ
Skalka,49.03529,17.20861,HO,CZ
"Skalka,,lázně",49.40337,17.171728,PV,CZ
"Skalka,,ZD",49.038296,17.20732,HO,CZ
"Skaštice,,křiž.",49.33295,17.41536,KM,CZ
"Skaštice,,křiž.",49.33254,17.41506,KM,CZ
"Slavičín,,Luhačovská",49.087833,17.861298,ZL,CZ
"Slavičín,,Luhačovská",49.087784,17.861128,ZL,CZ
"Slavičín,,Radnice",49.088364,17.87797,ZL,CZ
"Slavičín,,Radnice",49.08764,17.878351,ZL,CZ
"Slavičín,,Radnice",49.08799,17.878208,ZL,CZ
"Slavičín,,U Hotelu",49.083782,17.882616,ZL,CZ
"Slavičín,,U Hotelu",49.083614,17.88299,ZL,CZ
"Slavičín,,U kostela",49.093872,17.876097,ZL,CZ
"Slavičín,,U kostela",49.093693,17.875628,ZL,CZ
"Slavičín,,u žel.st.",49.07586,17.900436,ZL,CZ
"Slavičín,,u žel.st.",49.07544,17.901173,ZL,CZ
"Slavičín,,žel.st.",49.074635,17.8999,ZL,CZ
"Slavičín,Divnice",49.086098,17.91243,ZL,CZ
"Slavičín,Hrádek",49.076725,17.892569,ZL,CZ
"Slavičín,Hrádek",49.076794,17.892944,ZL,CZ
"Slavičín,Hrádek,Divnická",49.077866,17.898582,ZL,CZ
"Slavičín,Hrádek,Divnická",49.077854,17.898855,ZL,CZ
"Slavičín,Hrádek,u kříže",49.07867,17.889263,ZL,CZ
"Slavičín,Hrádek,u kříže",49.078823,17.8892,ZL,CZ
"Slavičín,Lukšín",49.090553,17.871365,ZL,CZ
"Slavičín,Nevšová",49.108265,17.843102,ZL,CZ
"Slavičín,Nevšová,rozc.1.5",49.09552,17.840475,ZL,CZ
"Slavičín,Nevšová,rozc.1.5",49.095467,17.8404,ZL,CZ
"Slavkov p.Host.,,hor.zast.",49.37811,17.674965,KM,CZ
"Slavkov p.Host.,,hor.zast.",49.3781,17.674862,KM,CZ
"Slavkov p.Host.,,ObÚ",49.377052,17.671211,KM,CZ
"Slavkov p.Host.,,ObÚ",49.377094,17.670897,KM,CZ
"Slavkov u Brna,,aut.st.",49.14882,16.876234,VY,CZ
"Slavkov u Brna,,rozc.k žel.st.0.5",49.144573,16.87802,VY,CZ
"Slavkov,,křiž.",48.951378,17.609371,UH,CZ
"Slavkov,,křiž.",48.951397,17.608875,UH,CZ
"Slavkov,,křiž.",48.95066,17.610209,UH,CZ
"Slavkov,,křiž.",48.950928,17.61028,UH,CZ
"Slavkov,,křiž.",48.95114,17.610424,UH,CZ
"Slavkov,,Obecní úřad",48.945305,17.612104,UH,CZ
"Slavkov,,Obecní úřad",48.94547,17.612177,UH,CZ
Slopné,49.15547,17.846449,ZL,CZ
Slopné,49.155655,17.846895,ZL,CZ
"Slopné,,Na Výpustě",49.156445,17.853682,ZL,CZ
"Slopné,,Na Výpustě",49.15716,17.854485,ZL,CZ
"Slušovice,,Dlouhá",49.248104,17.799046,ZL,CZ
"Slušovice,,Dlouhá",49.248222,17.79933,ZL,CZ
"Slušovice,,náměstí",49.24778,17.80172,ZL,CZ
"Slušovice,,náměstí",49.24759,17.803404,ZL,CZ
"Slušovice,,přehrada",49.219547,17.781103,ZL,CZ
"Slušovice,,přehrada",49.218887,17.781193,ZL,CZ
"Slušovice,,škola",49.24898,17.809504,ZL,CZ
"Slušovice,,škola",49.24879,17.809034,ZL,CZ
"Slušovice,,výpočetní středisko",49.259117,17.800629,ZL,CZ
"Slušovice,,výpočetní středisko",49.25914,17.80054,ZL,CZ
Snovídky,49.133106,17.106144,VY,CZ
"Soběchleby,,kostel",49.477905,17.651854,PR,CZ
"Soběchleby,,škola",49.476612,17.656475,PR,CZ
"Soběchleby,,Záhumení",49.478134,17.648802,PR,CZ
"Soběchleby,Símře,rozc.",49.458755,17.654339,PR,CZ
Soběsuky,49.23207,17.359903,KM,CZ
Soběsuky,49.232117,17.360228,KM,CZ
"Soběsuky,,Olšina",49.241886,17.343475,KM,CZ
"Soběsuky,,Olšina",49.242596,17.344482,KM,CZ
"Soběsuky,Milovice",49.221813,17.355177,KM,CZ
"Soběsuky,Milovice,rozc.",49.225037,17.358423,KM,CZ
"Soběsuky,Skržice",49.24007,17.346998,KM,CZ
Spytihněv,49.14194,17.498367,ZL,CZ
Spytihněv,49.141197,17.498344,ZL,CZ
"Spytihněv,,dvůr",49.146976,17.47497,ZL,CZ
"Spytihněv,,dvůr",49.14692,17.47496,ZL,CZ
"Spytihněv,,Kálavice",49.13579,17.4896,ZL,CZ
"Spytihněv,,Kálavice",49.13573,17.489763,ZL,CZ
"Spytihněv,,rozc.",49.141644,17.4977,ZL,CZ
"Spytihněv,,rozc.",49.14157,17.497885,ZL,CZ
"Spytihněv,,sever",49.151356,17.502676,ZL,CZ
"Spytihněv,,sever",49.1518,17.503029,ZL,CZ
Srbce,49.303505,17.229614,PV,CZ
"Stará Ves,,rest.",49.37856,17.48738,PR,CZ
"Stará Ves,,rest.",49.378555,17.486908,PR,CZ
"Stará Ves,,rest.",49.378475,17.487797,PR,CZ
"Staré Hamry,,most",49.460686,18.453833,FM,CZ
"Staré Hamry,,rozc.Černá",49.455666,18.46806,FM,CZ
"Staré Hamry,,Velký potok",49.47866,18.424936,FM,CZ
"Staré Hamry,Samčanka,Obecní úřad",49.46794,18.433393,FM,CZ
"Staré Hutě,,hor.zast.",49.125523,17.278282,UH,CZ
"Staré Hutě,,hor.zast.",49.124397,17.27892,UH,CZ
"Staré Město,,Finská čtvrť",49.07437,17.429855,UH,CZ
"Staré Město,,Finská čtvrť",49.07429,17.430218,UH,CZ
"Staré Město,,hřbitov",49.075703,17.448948,UH,CZ
"Staré Město,,Huštěnovská",49.08394,17.447546,UH,CZ
"Staré Město,,Huštěnovská",49.082657,17.446377,UH,CZ
"Staré Město,,Jalubská",49.091778,17.432966,UH,CZ
"Staré Město,,Jalubská",49.091724,17.432896,UH,CZ
"Staré Město,,Lidový dům",49.076057,17.444391,UH,CZ
"Staré Město,,Lidový dům",49.075996,17.445066,UH,CZ
"Staré Město,,Lidový dům",49.076054,17.444773,UH,CZ
"Staré Město,,nadjezd Tovární",49.0848,17.43294,UH,CZ
"Staré Město,,nadjezd Tovární",49.08447,17.432438,UH,CZ
"Staré Město,,nadjezd Velehradská",49.084503,17.434269,UH,CZ
"Staré Město,,nadjezd Velehradská",49.084747,17.434082,UH,CZ
"Staré Město,,nám.Velké Moravy",49.07853,17.445892,UH,CZ
"Staré Město,,nám.Velké Moravy",49.07884,17.445732,UH,CZ
"Staré Město,,obchodní zóna",49.07739,17.454588,UH,CZ
"Staré Město,,rozc.k žel.st.0.4",49.07367,17.423378,UH,CZ
"Staré Město,,rozc.k žel.st.0.4",49.073513,17.423723,UH,CZ
"Staré Město,,rozc.k žel.st.0.4",49.07359,17.423595,UH,CZ
"Staré Město,,sokolovna",49.075405,17.43852,UH,CZ
"Staré Město,,sokolovna",49.07548,17.439672,UH,CZ
"Staré Město,,Tovární",49.07668,17.428816,UH,CZ
"Staré Město,,Tovární",49.076378,17.42842,UH,CZ
"Staré Město,,Velehradská",49.081055,17.440304,UH,CZ
"Staré Město,,Velehradská",49.080807,17.441105,UH,CZ
"Staré Město,,Zlechovská",49.073795,17.414742,UH,CZ
"Staré Město,,žel.st.",49.075836,17.423592,UH,CZ
"Staré Město,,žel.st.",49.07607,17.423428,UH,CZ
"Staré Město,,žel.st.",49.07579,17.422943,UH,CZ
"Staré Město,,žel.st.",49.07567,17.42282,UH,CZ
"Staré Město,,žel.st.",49.07605,17.423222,UH,CZ
"Staré Město,,žel.st.",49.07591,17.42308,UH,CZ
"Starý Hrozenkov,,celnice",48.952652,17.89226,UH,CZ
"Starý Hrozenkov,,CLO",48.951904,17.896147,UH,CZ
"Starý Hrozenkov,,dol.konec",48.96491,17.86585,UH,CZ
"Starý Hrozenkov,,dol.konec",48.964993,17.865513,UH,CZ
"Starý Hrozenkov,,kulturní dům",48.966503,17.86148,UH,CZ
"Starý Hrozenkov,,kulturní dům",48.96715,17.86137,UH,CZ
"Starý Hrozenkov,,kulturní dům",48.96692,17.860868,UH,CZ
"Starý Hrozenkov,,pila",48.959087,17.87964,UH,CZ
"Starý Hrozenkov,,pila",48.959137,17.879704,UH,CZ
"Starý Hrozenkov,,pila",48.958916,17.87922,UH,CZ
"Starý Hrozenkov,,pila",48.958855,17.879265,UH,CZ
"Starý Hrozenkov,,Vápenická",48.967987,17.85672,UH,CZ
"Starý Hrozenkov,,Vápenická",48.96792,17.856815,UH,CZ
"Starý Jičín,,nám.",49.576927,17.96,NJ,CZ
"Starý Jičín,,škola",49.57592,17.965996,NJ,CZ
"Starý Jičín,Janovice,křiž.",49.560455,17.950487,NJ,CZ
"Starý Jičín,Jičina,kaple",49.57155,17.96222,NJ,CZ
"Starý Jičín,Petřkovice",49.546898,17.950333,NJ,CZ
Stavěšice,49.001923,17.02983,HO,CZ
"Strání,,škola",48.899864,17.709156,UH,CZ
"Strání,,U Popelků",48.906277,17.701675,UH,CZ
"Strání,,U Popelků",48.906353,17.701784,UH,CZ
"Strání,Květná",48.88576,17.720108,UH,CZ
"Strání,Květná,Mlýnky",48.892567,17.711542,UH,CZ
"Strání,Květná,Mlýnky",48.89263,17.711674,UH,CZ
Strážovice,49.00928,17.047325,HO,CZ
"Střelná,,Jednota",49.17756,18.097418,VS,CZ
"Střelná,,rozc.",49.185047,18.075373,VS,CZ
"Střelná,,rozc.",49.185036,18.075214,VS,CZ
Stříbrnice,49.055832,17.30677,UH,CZ
Stříbrnice,49.05633,17.307213,UH,CZ
"Stříbrnice,,rest.",49.3278,17.245405,PR,CZ
"Stříbrnice,,státní",49.326992,17.245687,PR,CZ
"Stříbrnice,,státní",49.32699,17.245396,PR,CZ
"Střílky,,nám.",49.142414,17.211134,KM,CZ
"Střílky,,nám.",49.14243,17.211313,KM,CZ
"Střítež n.Bečvou,,hotel Květoň",49.45844,18.056955,VS,CZ
"Střítež n.Bečvou,,hotel Květoň",49.45906,18.056349,VS,CZ
"Střítež n.Bečvou,,kostel",49.456833,18.064432,VS,CZ
"Střítež n.Bečvou,,kostel",49.456875,18.064447,VS,CZ
"Střítež n.Bečvou,,rozc.",49.465736,18.056408,VS,CZ
"Střítež n.Bečvou,,rozc.",49.465504,18.056047,VS,CZ
"Střítež n.Bečvou,,rozc.",49.465427,18.05602,VS,CZ
Střížovice,49.25635,17.447208,KM,CZ
Střížovice,49.256985,17.447033,KM,CZ
"Stupava,,náves",49.115696,17.2492,UH,CZ
"Stupava,,náves",49.115604,17.249332,UH,CZ
"Stupava,,rozc.Staré Hutě",49.12515,17.259409,UH,CZ
"Stupava,,rozc.Staré Hutě",49.125008,17.260176,UH,CZ
"Stupava,,samota",49.124138,17.258406,UH,CZ
"Stupava,,samota",49.12427,17.258717,UH,CZ
"Stupava,,u kříže",49.12233,17.250216,UH,CZ
"Stupava,,u kříže",49.12232,17.250322,UH,CZ
Suchá Loz,48.96988,17.713242,UH,CZ
Sušice,49.122063,17.452469,UH,CZ
Sušice,49.12202,17.452349,UH,CZ
"Sušice,,Nová ulice",49.116524,17.4528,UH,CZ
"Sušice,,Nová ulice",49.11637,17.452812,UH,CZ
Svárov,49.116135,17.624857,UH,CZ
"Svárov,,paseky",49.120583,17.602272,UH,CZ
"Svárov,,Pod Svárovem",49.11932,17.615973,UH,CZ
"Svárov,,Pod Svárovem",49.119213,17.615747,UH,CZ
"Sviadnov,,ČSAD",49.684208,18.33192,FM,CZ
"Sviadnov,,Důl Staříč 1",49.701084,18.312693,FM,CZ
"Sviadnov,,Husinec",49.68965,18.327204,FM,CZ
"Sviadnov,,rest.Pod Šimlem",49.695755,18.320358,FM,CZ
Syrovín,49.02556,17.263659,HO,CZ
Šanov,49.045704,17.898014,ZL,CZ
"Šanov,,horní zast.",49.048843,17.896095,ZL,CZ
"Šanov,,horní zast.",49.048862,17.896008,ZL,CZ
Šarovy,49.14899,17.607262,ZL,CZ
Šarovy,49.1486,17.606869,ZL,CZ
"Šarovy,,Dvůr Lapač",49.141537,17.60463,UH,CZ
"Šarovy,,Dvůr Lapač",49.140167,17.605145,UH,CZ
"Šarovy,,hor.konec",49.15272,17.610325,ZL,CZ
"Šarovy,,hor.konec",49.151943,17.609743,ZL,CZ
Šelešovice,49.253384,17.35821,KM,CZ
Šelešovice,49.25395,17.358889,KM,CZ
"Šenov,,Lapačka",49.768364,18.380527,OV,CZ
"Šenov,,Škrbeň",49.776775,18.37785,OV,CZ
"Štítná n.Vláří-Popov,Březová",49.072853,17.97008,ZL,CZ
"Štítná n.Vláří-Popov,Březová",49.072735,17.970192,ZL,CZ
"Štítná n.Vláří-Popov,Popov",49.08062,17.968697,ZL,CZ
"Štítná n.Vláří-Popov,Štítná",49.069775,17.97533,ZL,CZ
"Štítná n.Vláří-Popov,Štítná",49.070072,17.975027,ZL,CZ
"Štítná n.Vláří-Popov,Štítná,Brálova",49.068653,17.96994,ZL,CZ
"Štítná n.Vláří-Popov,Štítná,Brálova",49.06866,17.969816,ZL,CZ
"Štítná n.Vláří-Popov,Štítná,přejezd",49.073296,17.992544,ZL,CZ
"Študlov,,rest.",49.1622,18.083157,ZL,CZ
"Študlov,,rest.",49.162247,18.082996,ZL,CZ
"Študlov,,točna",49.158516,18.08618,ZL,CZ
"Šumice,,dol.konec",49.028545,17.711508,UH,CZ
"Šumice,,dol.konec",49.028606,17.711103,UH,CZ
"Šumice,,hor.konec",49.02922,17.733591,UH,CZ
"Šumice,,škola",49.028183,17.722004,UH,CZ
"Šumice,,škola",49.028297,17.721075,UH,CZ
"Šumice,,škola",49.028233,17.72158,UH,CZ
"Šumice,,žel.st.",49.029976,17.72587,UH,CZ
Švábenice,49.278687,17.122826,VY,CZ
"Tečovice,,malenovská",49.216267,17.590012,ZL,CZ
"Tečovice,,malenovská",49.21654,17.58906,ZL,CZ
"Tečovice,,rozc.Lhotka",49.226143,17.581932,ZL,CZ
"Tečovice,,rozc.Lhotka",49.22598,17.58186,ZL,CZ
"Tečovice,,střed",49.221664,17.586432,ZL,CZ
"Tečovice,,střed",49.221333,17.586836,ZL,CZ
"Telč,,aut.nádr.",49.18205,15.464094,JI,CZ
"Těmice,,rest.",49.000393,17.263802,HO,CZ
"Těmice,,u mlýna",49.009026,17.266148,HO,CZ
"Těmice,,ZD",49.0015,17.274733,HO,CZ
"Teplice n.Bečvou,,lázně",49.533073,17.747925,PR,CZ
"Teplice n.Bečvou,,Moravan",49.53029,17.741993,PR,CZ
"Teplice n.Bečvou,,sanatorium Janáček",49.534107,17.743168,PR,CZ
"Teplice n.Bečvou,,Zbrašov",49.52824,17.739418,PR,CZ
"Teplice n.Bečvou,,žel.st.",49.52969,17.748106,PR,CZ
"Tichá,,rest.Fojtství",49.570744,18.221104,NJ,CZ
"Tichá,,u Adamce",49.57047,18.231512,NJ,CZ
"Tichov,,dolní zast.",49.17616,17.981607,ZL,CZ
"Tichov,,Kamenec",49.18247,17.981483,ZL,CZ
"Tichov,,Obecní úřad",49.177746,17.982737,ZL,CZ
"Tichov,Tanečnice",49.170265,17.987907,ZL,CZ
"Tlumačov,,hřebčinec",49.248013,17.5002,ZL,CZ
"Tlumačov,,hřebčinec",49.24824,17.50014,ZL,CZ
"Tlumačov,,křiž.",49.252857,17.495926,ZL,CZ
"Tlumačov,,náměstí",49.25352,17.49353,ZL,CZ
"Tlumačov,,Skalka",49.233692,17.511131,ZL,CZ
"Tlumačov,,Skalka",49.23222,17.513058,ZL,CZ
Topolná,49.12076,17.541603,UH,CZ
Topolná,49.121315,17.540894,UH,CZ
Traplice,49.131226,17.43672,UH,CZ
Traplice,49.131325,17.436687,UH,CZ
"Traplice,,hor.konec",49.127113,17.440472,UH,CZ
"Traplice,,hor.konec",49.12698,17.44048,UH,CZ
"Traplice,,škola",49.136433,17.43272,UH,CZ
"Traplice,,škola",49.136623,17.4323,UH,CZ
"Trenčín,,aut.st.",48.895603,18.051043,,SK
"Trenčín,,aut.st.",48.8961,18.051355,,SK
"Trenčín,,Hasičská",48.89634,18.04208,,SK
"Trenčín,,Hasičská",48.89625,18.039856,,SK
"Trenčín,,Old Herold",48.89909,18.0297,,SK
"Trenčín,,Old Herold",48.899136,18.02981,,SK
"Trenčín,Záblatie,cint.",48.89192,18.000504,,SK
"Trenčín,Záblatie,cint.",48.891502,17.9987,,SK
"Trnava,,Fagus",49.30193,17.842333,ZL,CZ
"Trnava,,Fagus",49.301743,17.842304,ZL,CZ
"Trnava,,hájenka",49.28469,17.829453,ZL,CZ
"Trnava,,hájenka",49.284,17.828789,ZL,CZ
"Trnava,,rozc.",49.298874,17.844189,ZL,CZ
"Trnava,,škola",49.293888,17.840342,ZL,CZ
"Trnava,,škola",49.29369,17.839811,ZL,CZ
"Trnava,,U lipek",49.290756,17.832752,ZL,CZ
"Trnava,,U lipek",49.2897,17.831306,ZL,CZ
"Trnava,Dolansko",49.280968,17.8262,ZL,CZ
"Trnava,Dolansko",49.279724,17.82485,ZL,CZ
"Trnava,Jamice",49.27363,17.818516,ZL,CZ
"Trnava,Jamice",49.27389,17.818666,ZL,CZ
"Trojanovice,,Na Pinduli",49.499935,18.186417,NJ,CZ
"Trojanovice,,Pod Kozincem",49.51453,18.19688,NJ,CZ
"Trojanovice,,rest.u Bačů",49.52219,18.203833,NJ,CZ
"Troubky-Zdislavice,,Stroužník",49.23188,17.291418,KM,CZ
"Troubky-Zdislavice,Troubky,rest.",49.230236,17.26919,KM,CZ
"Troubky-Zdislavice,Troubky,rest.",49.23011,17.269407,KM,CZ
"Troubky-Zdislavice,Troubky,rozc.",49.22836,17.27685,KM,CZ
"Troubky-Zdislavice,Troubky,rozc.",49.22835,17.276606,KM,CZ
"Troubky-Zdislavice,Zdislavice",49.224503,17.261925,KM,CZ
"Troubky-Zdislavice,Zdislavice",49.22442,17.261965,KM,CZ
Třebětice,49.317917,17.518251,KM,CZ
Třebětice,49.31772,17.519564,KM,CZ
Třebětice,49.31777,17.518925,KM,CZ
"Třebíč,,aut.nádr.",49.21453,15.875227,TR,CZ
"Třeboň,,aut.nádr.",49.008034,14.765104,JH,CZ
Tučapy,49.047855,17.333042,UH,CZ
"Tučapy,,hřiště",49.046307,17.328688,UH,CZ
Tupesy,49.083775,17.370192,UH,CZ
Tupesy,49.08389,17.370192,UH,CZ
"Tupesy,,k Břestku",49.087,17.364365,UH,CZ
"Tupesy,,k Břestku",49.08648,17.365046,UH,CZ
Tvorovice,49.375877,17.218773,PV,CZ
"Uherské Hradiště,,aut.nádr.",49.069824,17.464424,UH,CZ
"Uherské Hradiště,,aut.nádr.",49.069805,17.464611,UH,CZ
"Uherské Hradiště,,aut.nádr.",49.070007,17.464966,UH,CZ
"Uherské Hradiště,,aut.nádr.",49.06967,17.465357,UH,CZ
"Uherské Hradiště,,aut.nádr.",49.069748,17.46474,UH,CZ
"Uherské Hradiště,,aut.nádr.",49.069645,17.465803,UH,CZ
"Uherské Hradiště,,aut.nádr.",49.069782,17.464918,UH,CZ
"Uherské Hradiště,,aut.nádr.",49.070004,17.465183,UH,CZ
"Uherské Hradiště,,aut.nádr.",49.06996,17.465849,UH,CZ
"Uherské Hradiště,,aut.nádr.",49.070057,17.464457,UH,CZ
"Uherské Hradiště,,aut.nádr.",49.069942,17.464436,UH,CZ
"Uherské Hradiště,,aut.nádr.",49.06993,17.464634,UH,CZ
"Uherské Hradiště,,aut.nádr.",49.07014,17.464674,UH,CZ
"Uherské Hradiště,,aut.nádr.",49.070076,17.46564,UH,CZ
"Uherské Hradiště,,aut.nádr.",49.07012,17.464985,UH,CZ
"Uherské Hradiště,,aut.nádr.",49.069912,17.464952,UH,CZ
"Uherské Hradiště,,aut.nádr.",49.069874,17.4656,UH,CZ
"Uherské Hradiště,,aut.nádr.",49.06999,17.465387,UH,CZ
"Uherské Hradiště,,aut.nádr.",49.070087,17.46514,UH,CZ
"Uherské Hradiště,,B.Němcové",49.064713,17.466312,UH,CZ
"Uherské Hradiště,,garáže ČSAD",49.05874,17.46641,UH,CZ
"Uherské Hradiště,,garáže ČSAD",49.059673,17.466642,UH,CZ
"Uherské Hradiště,,Jaktáře",49.077892,17.48516,UH,CZ
"Uherské Hradiště,,Jaktáře",49.077312,17.484392,UH,CZ
"Uherské Hradiště,,Mánesova",49.061985,17.46261,UH,CZ
"Uherské Hradiště,,Mánesova",49.06209,17.46264,UH,CZ
"Uherské Hradiště,,Mesit",49.073666,17.481203,UH,CZ
"Uherské Hradiště,,Mesit",49.072403,17.479658,UH,CZ
"Uherské Hradiště,,Na Rybníku",49.069107,17.475828,UH,CZ
"Uherské Hradiště,,Na Rybníku",49.06848,17.476662,UH,CZ
"Uherské Hradiště,,nemocnice",49.064507,17.452282,UH,CZ
"Uherské Hradiště,,Pod Svahy",49.063786,17.471802,UH,CZ
"Uherské Hradiště,,Purkyňova",49.06482,17.454945,UH,CZ
"Uherské Hradiště,,Purkyňova",49.065018,17.454226,UH,CZ
"Uherské Hradiště,,Rybárny",49.073708,17.458536,UH,CZ
"Uherské Hradiště,,Smetanovy sady",49.066326,17.466513,UH,CZ
"Uherské Hradiště,,Sportovní",49.065533,17.474129,UH,CZ
"Uherské Hradiště,,Sportovní",49.06593,17.47456,UH,CZ
"Uherské Hradiště,,Stará Tenice",49.070538,17.452473,UH,CZ
"Uherské Hradiště,,Stará Tenice",49.070644,17.452164,UH,CZ
"Uherské Hradiště,,střední školy",49.066547,17.462866,UH,CZ
"Uherské Hradiště,,střední školy",49.06583,17.463247,UH,CZ
"Uherské Hradiště,,Studentské náměstí",49.06924,17.472624,UH,CZ
"Uherské Hradiště,,Studentské náměstí",49.0692,17.472172,UH,CZ
"Uherské Hradiště,,Svatojiřské nábřeží",49.072662,17.456907,UH,CZ
"Uherské Hradiště,,Svatojiřské nábřeží",49.072414,17.455393,UH,CZ
"Uherské Hradiště,,Svatováclavská",49.06406,17.46179,UH,CZ
"Uherské Hradiště,,Svatováclavská",49.06416,17.461843,UH,CZ
"Uherské Hradiště,,Špitálky",49.05706,17.468128,UH,CZ
"Uherské Hradiště,,Špitálky",49.056946,17.467745,UH,CZ
"Uherské Hradiště,,Špitálky",49.05649,17.469036,UH,CZ
"Uherské Hradiště,,Špitálky",49.056553,17.46836,UH,CZ
"Uherské Hradiště,,Tesco",49.06214,17.468409,UH,CZ
"Uherské Hradiště,,Tesco",49.06219,17.469835,UH,CZ
"Uherské Hradiště,,Tyršovo nám.",49.072266,17.459135,UH,CZ
"Uherské Hradiště,,Východ Derflanská",49.05758,17.478647,UH,CZ
"Uherské Hradiště,,Východ Derflanská",49.057697,17.479382,UH,CZ
"Uherské Hradiště,,Východ Rudy Kubíčka",49.059315,17.484243,UH,CZ
"Uherské Hradiště,,Východ Rudy Kubíčka",49.058983,17.4834,UH,CZ
"Uherské Hradiště,,žel.st.",49.06669,17.458391,UH,CZ
"Uherské Hradiště,,žel.st.",49.06752,17.457413,UH,CZ
"Uherské Hradiště,Jarošov,Blaně",49.090446,17.506098,UH,CZ
"Uherské Hradiště,Jarošov,Blaně",49.090393,17.506475,UH,CZ
"Uherské Hradiště,Jarošov,Louky",49.088608,17.50078,UH,CZ
"Uherské Hradiště,Jarošov,Markov",49.08691,17.50448,UH,CZ
"Uherské Hradiště,Jarošov,náves",49.085888,17.502617,UH,CZ
"Uherské Hradiště,Jarošov,pivovar",49.087044,17.496592,UH,CZ
"Uherské Hradiště,Jarošov,pivovar",49.086693,17.496183,UH,CZ
"Uherské Hradiště,Jarošov,U Řeky",49.08204,17.489298,UH,CZ
"Uherské Hradiště,Jarošov,U Řeky",49.082047,17.489143,UH,CZ
"Uherské Hradiště,Mařatice,dol.konec",49.067764,17.477776,UH,CZ
"Uherské Hradiště,Mařatice,dol.konec",49.067513,17.47808,UH,CZ
"Uherské Hradiště,Mařatice,hor.konec",49.062164,17.482594,UH,CZ
"Uherské Hradiště,Mařatice,hor.konec",49.062027,17.482565,UH,CZ
"Uherské Hradiště,Mařatice,hřbitov",49.063972,17.486889,UH,CZ
"Uherské Hradiště,Mařatice,hřbitov",49.06391,17.486898,UH,CZ
"Uherské Hradiště,Mařatice,hřbitov točna",49.06459,17.48882,UH,CZ
"Uherské Hradiště,Mařatice,škola",49.065166,17.480597,UH,CZ
"Uherské Hradiště,Mařatice,škola",49.064884,17.480757,UH,CZ
"Uherské Hradiště,Míkovice,Hlavní",49.037716,17.504091,UH,CZ
"Uherské Hradiště,Míkovice,Hlavní",49.03777,17.504171,UH,CZ
"Uherské Hradiště,Míkovice,Na Příkopě",49.03904,17.50422,UH,CZ
"Uherské Hradiště,Míkovice,Na Příkopě",49.038666,17.504732,UH,CZ
"Uherské Hradiště,Sady,střed",49.05178,17.479572,UH,CZ
"Uherské Hradiště,Sady,střed",49.051594,17.479752,UH,CZ
"Uherské Hradiště,Sady,Za Kovárnou",49.051235,17.483929,UH,CZ
"Uherské Hradiště,Sady,Za Kovárnou",49.05087,17.48496,UH,CZ
"Uherské Hradiště,Štěpnice,U Olšávky",49.06646,17.443687,UH,CZ
"Uherské Hradiště,Štěpnice,Za Alejí",49.06731,17.44742,UH,CZ
"Uherské Hradiště,Štěpnice,Zahrádky",49.065582,17.450304,UH,CZ
"Uherské Hradiště,Vésky,hor.konec",49.047447,17.497055,UH,CZ
"Uherské Hradiště,Vésky,hor.konec",49.04745,17.4968,UH,CZ
"Uherské Hradiště,Vésky,Olšava",49.041546,17.50122,UH,CZ
"Uherské Hradiště,Vésky,Olšava",49.041164,17.503635,UH,CZ
"Uherské Hradiště,Vésky,střed",49.04353,17.500387,UH,CZ
"Uherské Hradiště,Vésky,střed",49.043636,17.500015,UH,CZ
"Uherský Brod,,Ant.Hrubého",49.025475,17.652445,UH,CZ
"Uherský Brod,,dopravní terminál",49.02228,17.643087,UH,CZ
"Uherský Brod,,dopravní terminál",49.02234,17.64288,UH,CZ
"Uherský Brod,,dopravní terminál",49.02217,17.643003,UH,CZ
"Uherský Brod,,dopravní terminál",49.022617,17.64202,UH,CZ
"Uherský Brod,,dopravní terminál",49.022408,17.64267,UH,CZ
"Uherský Brod,,dopravní terminál",49.02244,17.64216,UH,CZ
"Uherský Brod,,dopravní terminál",49.022373,17.64238,UH,CZ
"Uherský Brod,,dopravní terminál",49.02252,17.64193,UH,CZ
"Uherský Brod,,dopravní terminál",49.02255,17.64224,UH,CZ
"Uherský Brod,,dopravní terminál",49.02248,17.642458,UH,CZ
"Uherský Brod,,dopravní terminál",49.022305,17.642588,UH,CZ
"Uherský Brod,,dopravní terminál",49.022232,17.642803,UH,CZ
"Uherský Brod,,Dům kultury",49.025715,17.646706,UH,CZ
"Uherský Brod,,Hlavní",49.026188,17.658854,UH,CZ
"Uherský Brod,,Hlavní",49.026867,17.659533,UH,CZ
"Uherský Brod,,Mariánské náměstí",49.025726,17.645405,UH,CZ
"Uherský Brod,,Mariánské náměstí",49.02568,17.645666,UH,CZ
"Uherský Brod,,Močidla",49.02611,17.66004,UH,CZ
"Uherský Brod,,Močidla",49.025925,17.659315,UH,CZ
"Uherský Brod,,Neradice",49.024208,17.652664,UH,CZ
"Uherský Brod,,Neradice",49.02411,17.652533,UH,CZ
"Uherský Brod,,Neradice",49.024162,17.652641,UH,CZ
"Uherský Brod,,Nivnická",49.01369,17.652315,UH,CZ
"Uherský Brod,,nový hřbitov",49.03432,17.648363,UH,CZ
"Uherský Brod,,Obchodní",49.02837,17.660675,UH,CZ
"Uherský Brod,,Obchodní",49.02829,17.660885,UH,CZ
"Uherský Brod,,Osvoboditelů",49.02812,17.655382,UH,CZ
"Uherský Brod,,Osvoboditelů",49.02829,17.65552,UH,CZ
"Uherský Brod,,poliklinika",49.029503,17.65258,UH,CZ
"Uherský Brod,,Prakšická",49.031536,17.6457,UH,CZ
"Uherský Brod,,Prakšická",49.03096,17.64584,UH,CZ
"Uherský Brod,,sídliště Olšava",49.01435,17.650126,UH,CZ
"Uherský Brod,,Slovácké náměstí",49.02061,17.645788,UH,CZ
"Uherský Brod,,Slovácké strojírny",49.004417,17.649237,UH,CZ
"Uherský Brod,,sokolovna",49.02618,17.640728,UH,CZ
"Uherský Brod,,sokolovna",49.025986,17.641058,UH,CZ
"Uherský Brod,,Šumická",49.024017,17.657236,UH,CZ
"Uherský Brod,,Šumická",49.024643,17.656612,UH,CZ
"Uherský Brod,,u splavu",49.026978,17.665804,UH,CZ
"Uherský Brod,,u splavu",49.02708,17.66586,UH,CZ
"Uherský Brod,,Větrná",49.032375,17.656096,UH,CZ
"Uherský Brod,,Větrná",49.032364,17.656202,UH,CZ
"Uherský Brod,,Vlčnovská",49.020027,17.638767,UH,CZ
"Uherský Brod,,zimní stadion",49.01853,17.651487,UH,CZ
"Uherský Brod,,zimní stadion",49.01847,17.651669,UH,CZ
"Uherský Brod,,ZŠ Pod Vinohrady",49.02587,17.65379,UH,CZ
"Uherský Brod,Havřice",49.03193,17.622622,UH,CZ
"Uherský Brod,Havřice",49.032265,17.622255,UH,CZ
"Uherský Brod,Havřice,Dolní",49.030304,17.623428,UH,CZ
"Uherský Brod,Havřice,Dolní",49.030537,17.623615,UH,CZ
"Uherský Brod,Havřice,MŠ",49.029747,17.628515,UH,CZ
"Uherský Brod,Havřice,MŠ",49.029736,17.628689,UH,CZ
"Uherský Brod,Králov",49.012012,17.681557,UH,CZ
"Uherský Brod,Králov",49.011868,17.681725,UH,CZ
"Uherský Brod,Maršov,rozc.6.0",49.044373,17.64926,UH,CZ
"Uherský Brod,Maršov,rozc.6.0",49.0454,17.649685,UH,CZ
"Uherský Brod,Těšov",49.030422,17.675505,UH,CZ
"Uherský Brod,Těšov",49.0303,17.67542,UH,CZ
"Uherský Brod,Újezdec",49.03508,17.684755,UH,CZ
"Uherský Brod,Újezdec",49.035065,17.684896,UH,CZ
"Uherský Brod,Újezdec",49.034504,17.684547,UH,CZ
"Uherský Brod,Újezdec",49.034424,17.68461,UH,CZ
"Uherský Brod,Újezdec,žel.st.",49.033325,17.685793,UH,CZ
"Uherský Ostroh,,most",48.986794,17.393724,UH,CZ
"Uherský Ostroh,,náměstí",48.985126,17.388865,UH,CZ
"Uherský Ostroh,,rest.Osmek",48.986183,17.404327,UH,CZ
"Uherský Ostroh,,rest.Osmek",48.986736,17.406471,UH,CZ
"Uherský Ostroh,Kvačice",48.989872,17.410725,UH,CZ
"Uherský Ostroh,Kvačice",48.98989,17.411442,UH,CZ
Uhřičice,49.37161,17.290504,PR,CZ
Uhřičice,49.371437,17.29066,PR,CZ
Uhřičice,49.3718,17.290306,PR,CZ
Újezd,49.168636,17.905088,ZL,CZ
Újezd,49.168583,17.905222,ZL,CZ
Újezd,49.16856,17.90539,ZL,CZ
"Újezd,,pekárna",49.17107,17.915092,ZL,CZ
"Újezd,,pekárna",49.171013,17.914951,ZL,CZ
Újezdec,49.039387,17.270733,UH,CZ
Újezdec,49.039333,17.270245,UH,CZ
"Ústí,,hřiště",49.518013,17.767052,PR,CZ
"Ústí,,osada Mariánské Údolí",49.524975,17.752897,PR,CZ
"Ústí,,pož.zbroj.",49.306007,18.002956,VS,CZ
"Ústí,,pož.zbroj.",49.306595,18.0031,VS,CZ
"Ústí,,rozc.",49.31031,18.005444,VS,CZ
"Ústí,,rozc.",49.31048,18.00526,VS,CZ
"Ústí,,točna",49.30005,18.001957,VS,CZ
"Valašská Bystřice,,centrum",49.414425,18.109758,VS,CZ
"Valašská Bystřice,,centrum",49.414543,18.109798,VS,CZ
"Valašská Bystřice,,Hajdůšky",49.419827,18.086584,VS,CZ
"Valašská Bystřice,,Hajdůšky",49.41989,18.08659,VS,CZ
"Valašská Bystřice,,Hlaváčky",49.427654,18.12389,VS,CZ
"Valašská Bystřice,,Hlaváčky",49.427563,18.12389,VS,CZ
"Valašská Bystřice,,hřiště",49.41007,18.115654,VS,CZ
"Valašská Bystřice,,hřiště",49.410248,18.11537,VS,CZ
"Valašská Bystřice,,Kelnar",49.40049,18.146353,VS,CZ
"Valašská Bystřice,,kostel",49.415573,18.109013,VS,CZ
"Valašská Bystřice,,kostel",49.4156,18.109083,VS,CZ
"Valašská Bystřice,,Křižnice",49.426376,18.115095,VS,CZ
"Valašská Bystřice,,Křižnice",49.426468,18.115007,VS,CZ
"Valašská Bystřice,,Křižnice",49.42699,18.11385,VS,CZ
"Valašská Bystřice,,Leskovec",49.423004,18.11833,VS,CZ
"Valašská Bystřice,,Leskovec",49.422817,18.118237,VS,CZ
"Valašská Bystřice,,Na horách",49.4294,18.107244,VS,CZ
"Valašská Bystřice,,Na horách",49.42948,18.10725,VS,CZ
"Valašská Bystřice,,Paseky",49.40374,18.142263,VS,CZ
"Valašská Bystřice,,Paseky",49.403805,18.142164,VS,CZ
"Valašská Bystřice,,Říka",49.40847,18.126862,VS,CZ
"Valašská Bystřice,,Říka",49.408543,18.126776,VS,CZ
"Valašská Bystřice,,Spina",49.428024,18.101118,VS,CZ
"Valašská Bystřice,,škola",49.412056,18.11208,VS,CZ
"Valašská Bystřice,,škola",49.41196,18.112284,VS,CZ
"Valašská Bystřice,,Tisové",49.420944,18.078371,VS,CZ
"Valašská Bystřice,,Tisové",49.420975,18.07834,VS,CZ
"Valašská Bystřice,,u Machýčků",49.405186,18.138016,VS,CZ
"Valašská Bystřice,,u Machýčků",49.405167,18.138386,VS,CZ
"Valašská Bystřice,,u Petruželů",49.419594,18.096811,VS,CZ
"Valašská Bystřice,,u Petruželů",49.41952,18.097372,VS,CZ
"Valašská Polanka,,ObÚ",49.262375,17.996723,VS,CZ
"Valašská Polanka,,ObÚ",49.262608,17.996798,VS,CZ
"Valašská Polanka,,rozc.",49.249596,18.000196,VS,CZ
"Valašská Polanka,,škola",49.258133,17.995909,VS,CZ
"Valašská Polanka,,škola",49.256477,17.996874,VS,CZ
"Valašská Polanka,Veřečné",49.269085,17.997002,VS,CZ
"Valašská Polanka,Veřečné",49.269127,17.99715,VS,CZ
"Valašská Senice,,II",49.213223,18.11385,VS,CZ
"Valašská Senice,,II",49.21288,18.113852,VS,CZ
"Valašská Senice,,III",49.22125,18.114378,VS,CZ
"Valašská Senice,,III",49.22127,18.11433,VS,CZ
"Valašská Senice,,Jednota",49.224728,18.116287,VS,CZ
"Valašská Senice,,Jednota",49.22472,18.116222,VS,CZ
"Valašská Senice,,konečná",49.23193,18.125826,VS,CZ
"Valašská Senice,,rest.",49.228107,18.119904,VS,CZ
"Valašská Senice,,rest.",49.22828,18.119907,VS,CZ
"Valašské Klobouky,,aut.st.",49.14015,18.007948,ZL,CZ
"Valašské Klobouky,,aut.st.",49.140263,18.008003,ZL,CZ
"Valašské Klobouky,,aut.st.",49.14001,18.007784,ZL,CZ
"Valašské Klobouky,,aut.st.",49.14057,18.008526,ZL,CZ
"Valašské Klobouky,,aut.st.",49.14033,18.008154,ZL,CZ
"Valašské Klobouky,,aut.st.",49.140484,18.008276,ZL,CZ
"Valašské Klobouky,,koliba",49.119003,18.016802,ZL,CZ
"Valašské Klobouky,,koliba",49.118855,18.016811,ZL,CZ
"Valašské Klobouky,,poliklinika",49.142914,18.013865,ZL,CZ
"Valašské Klobouky,,poliklinika",49.142834,18.013548,ZL,CZ
"Valašské Klobouky,,provozovna",49.146458,18.020456,ZL,CZ
"Valašské Klobouky,,provozovna",49.14651,18.020409,ZL,CZ
"Valašské Klobouky,,SÚS",49.14353,17.994543,ZL,CZ
"Valašské Klobouky,,SÚS",49.143505,17.994349,ZL,CZ
"Valašské Klobouky,,Valaška",49.130707,18.011965,ZL,CZ
"Valašské Klobouky,,Valaška",49.12977,18.011742,ZL,CZ
"Valašské Klobouky,Lipina",49.133587,17.98618,ZL,CZ
"Valašské Klobouky,Lipina",49.131542,17.985147,ZL,CZ
"Valašské Klobouky,Mirošov",49.147263,17.978607,ZL,CZ
"Valašské Klobouky,Mirošov",49.147247,17.978476,ZL,CZ
"Valašské Klobouky,Smolina",49.157043,17.99554,ZL,CZ
"Valašské Klobouky,Smolina,dětský domov",49.15531,17.996525,ZL,CZ
"Valašské Klobouky,Sychrov",49.141068,17.999914,ZL,CZ
"Valašské Klobouky,Sychrov",49.14145,17.99843,ZL,CZ
"Valašské Meziříčí,,40. pluku",49.468544,17.982063,VS,CZ
"Valašské Meziříčí,,aut.st.",49.474255,17.974173,VS,CZ
"Valašské Meziříčí,,aut.st.",49.47421,17.973885,VS,CZ
"Valašské Meziříčí,,aut.st.",49.474205,17.97322,VS,CZ
"Valašské Meziříčí,,aut.st.",49.474277,17.974394,VS,CZ
"Valašské Meziříčí,,aut.st.",49.47421,17.974407,VS,CZ
"Valašské Meziříčí,,aut.st.",49.474174,17.973642,VS,CZ
"Valašské Meziříčí,,aut.st.",49.474087,17.97374,VS,CZ
"Valašské Meziříčí,,aut.st.",49.474113,17.973911,VS,CZ
"Valašské Meziříčí,,aut.st.",49.474106,17.97438,VS,CZ
"Valašské Meziříčí,,aut.st.",49.473953,17.973768,VS,CZ
"Valašské Meziříčí,,aut.st.",49.474163,17.974203,VS,CZ
"Valašské Meziříčí,,aut.st.",49.473885,17.974508,VS,CZ
"Valašské Meziříčí,,Beskydská",49.464577,17.993277,VS,CZ
"Valašské Meziříčí,,DEZA I",49.49095,17.959827,VS,CZ
"Valašské Meziříčí,,Koupaliště",49.470207,17.988165,VS,CZ
"Valašské Meziříčí,,Králova",49.468246,17.970469,VS,CZ
"Valašské Meziříčí,,Křižná ul.rozc.",49.47177,17.960358,VS,CZ
"Valašské Meziříčí,,Masarykova rozc.",49.478046,17.969517,VS,CZ
"Valašské Meziříčí,,Masarykova rozc.",49.477993,17.969378,VS,CZ
"Valašské Meziříčí,,Na Štěpánově II",49.465477,17.984638,VS,CZ
"Valašské Meziříčí,,Na Štěpánově samoobsluha",49.4643,17.982014,VS,CZ
"Valašské Meziříčí,,Na Štěpánově točna",49.462772,17.985537,VS,CZ
"Valašské Meziříčí,,Nádražní ul.",49.476456,17.967129,VS,CZ
"Valašské Meziříčí,,nemocnice",49.463425,17.977036,VS,CZ
"Valašské Meziříčí,,Palackého",49.463882,17.966066,VS,CZ
"Valašské Meziříčí,,Palackého",49.463783,17.96616,VS,CZ
"Valašské Meziříčí,,Palackého",49.46392,17.965986,VS,CZ
"Valašské Meziříčí,,Příční",49.466084,17.969406,VS,CZ
"Valašské Meziříčí,,rozc.k nem.",49.460037,17.973047,VS,CZ
"Valašské Meziříčí,,rozc.k nem.",49.460064,17.973038,VS,CZ
"Valašské Meziříčí,,rozc.k nem.",49.45992,17.973185,VS,CZ
"Valašské Meziříčí,,Rožnovská",49.477417,17.979874,VS,CZ
"Valašské Meziříčí,,Rožnovská",49.47719,17.982246,VS,CZ
"Valašské Meziříčí,,sklárny",49.475887,17.984028,VS,CZ
"Valašské Meziříčí,,Smetanova ul.rozc.",49.46558,17.978848,VS,CZ
"Valašské Meziříčí,,sokolovna",49.47018,17.963371,VS,CZ
"Valašské Meziříčí,,sokolovna",49.470284,17.963694,VS,CZ
"Valašské Meziříčí,,Solární",49.472977,17.990503,VS,CZ
"Valašské Meziříčí,,stan.MHD u náměstí",49.47118,17.968756,VS,CZ
"Valašské Meziříčí,,Šafaříkova ul.",49.465874,17.980812,VS,CZ
"Valašské Meziříčí,,škola Křižná",49.47277,17.965134,VS,CZ
"Valašské Meziříčí,,škola Masarykova",49.47527,17.971432,VS,CZ
"Valašské Meziříčí,,škola Šafaříkova",49.466507,17.977373,VS,CZ
"Valašské Meziříčí,,Tesco",49.48438,17.965351,VS,CZ
"Valašské Meziříčí,,Tesco",49.484573,17.965338,VS,CZ
"Valašské Meziříčí,,Tesla I",49.47549,17.977655,VS,CZ
"Valašské Meziříčí,,u aut.st.",49.474873,17.97414,VS,CZ
"Valašské Meziříčí,,u nemocnice",49.464054,17.974686,VS,CZ
"Valašské Meziříčí,,u nemocnice",49.463345,17.97462,VS,CZ
"Valašské Meziříčí,,u Policie",49.47234,17.97298,VS,CZ
"Valašské Meziříčí,,Vsetínská",49.468613,17.973576,VS,CZ
"Valašské Meziříčí,,Vsetínská",49.468685,17.973392,VS,CZ
"Valašské Meziříčí,,Vsetínská",49.46867,17.973476,VS,CZ
"Valašské Meziříčí,,za drahou",49.46868,17.957952,VS,CZ
"Valašské Meziříčí,,žel.st.",49.474724,17.961636,VS,CZ
"Valašské Meziříčí,,žel.st.",49.47493,17.961897,VS,CZ
"Valašské Meziříčí,Bynina,dolní konec",49.49239,17.969404,VS,CZ
"Valašské Meziříčí,Bynina,horní konec",49.500095,17.976334,VS,CZ
"Valašské Meziříčí,Bynina,Jednota",49.495823,17.97356,VS,CZ
"Valašské Meziříčí,Bynina,točna",49.502045,17.980291,VS,CZ
"Valašské Meziříčí,Hrachovec,cihelna",49.475536,18.005745,VS,CZ
"Valašské Meziříčí,Hrachovec,cihelna",49.475086,18.007044,VS,CZ
"Valašské Meziříčí,Hrachovec,kult.dům",49.46557,18.0025,VS,CZ
"Valašské Meziříčí,Hrachovec,lom",49.4541,17.999548,VS,CZ
"Valašské Meziříčí,Hrachovec,rozc.",49.46371,18.000204,VS,CZ
"Valašské Meziříčí,Hrachovec,točna",49.47224,18.006798,VS,CZ
"Valašské Meziříčí,Hrachovec,u Zetků",49.457573,17.998755,VS,CZ
"Valašské Meziříčí,Hrachovec,ZD",49.469296,18.005514,VS,CZ
"Valašské Meziříčí,Lhota",49.479687,17.91352,VS,CZ
"Valašské Meziříčí,Lhota",49.479706,17.913437,VS,CZ
"Valašské Meziříčí,Lhota,dol.konec",49.484005,17.91364,VS,CZ
"Valašské Meziříčí,Podlesí,Brdky",49.451694,17.975813,VS,CZ
"Valašské Meziříčí,Podlesí,Brdky",49.451935,17.975904,VS,CZ
"Valašské Meziříčí,Podlesí,Drážky",49.454433,17.972,VS,CZ
"Valašské Meziříčí,Podlesí,Drážky",49.454594,17.971945,VS,CZ
"Valašské Meziříčí,Podlesí,rest.",49.437027,17.965572,VS,CZ
"Valašské Meziříčí,Podlesí,rest.",49.437515,17.966331,VS,CZ
"Valašské Meziříčí,Podlesí,točna",49.45374,17.978256,VS,CZ
"Valašské Meziříčí,Podlesí,u Kamasů",49.436733,17.985634,VS,CZ
"Valašské Meziříčí,Podlesí,u Kamasů",49.43672,17.985348,VS,CZ
"Valašské Meziříčí,Podlesí,Žabárna",49.42558,17.959028,VS,CZ
"Valašské Meziříčí,Podlesí,Žabárna",49.425503,17.95902,VS,CZ
"Valašské Příkazy,,ObÚ",49.16757,18.056477,ZL,CZ
"Valašské Příkazy,,ObÚ",49.167854,18.056768,ZL,CZ
"Valašské Příkazy,,rozc.",49.16827,18.059307,ZL,CZ
"Valašské Příkazy,,rozc.",49.168156,18.059555,ZL,CZ
"Vápenice,,chata Lopata",48.949265,17.802685,UH,CZ
"Vápenice,,chata Lopata",48.94974,17.8017,UH,CZ
"Vápenice,,Obecní úřad",48.96814,17.84173,UH,CZ
"Vápenice,,Obecní úřad",48.968063,17.841549,UH,CZ
"Vápenice,,prodejna Jednota",48.96808,17.845451,UH,CZ
"Vápenice,,prodejna Jednota",48.968086,17.845575,UH,CZ
"Vápenice,Komínky",48.94503,17.812029,UH,CZ
"Vápenice,Komínky",48.9452,17.811924,UH,CZ
"Vápenice,Losky",48.98028,17.83924,UH,CZ
"Vápenice,Losky",48.980465,17.838924,UH,CZ
"Vápenice,Mikulčin vrch,rozc.",48.947212,17.80765,UH,CZ
"Vápenice,Mikulčin vrch,rozc.",48.947372,17.807602,UH,CZ
Vážany,49.03291,17.312485,UH,CZ
Vážany,49.032867,17.312609,UH,CZ
Vážany,49.03244,17.312674,UH,CZ
Vážany,49.032524,17.312893,UH,CZ
"Velehrad,,cihelna",49.09533,17.422544,UH,CZ
"Velehrad,,cihelna",49.09533,17.422424,UH,CZ
"Velehrad,,hor.konec",49.10901,17.39042,UH,CZ
"Velehrad,,hor.konec",49.108906,17.39036,UH,CZ
"Velehrad,,náměstí",49.10518,17.394474,UH,CZ
"Velehrad,,náměstí",49.105183,17.394333,UH,CZ
"Velehrad,,polesí",49.1171,17.385307,UH,CZ
"Velehrad,,polesí",49.117172,17.38502,UH,CZ
"Velehrad,,rozc.Modrá",49.10359,17.404932,UH,CZ
"Velehrad,,rozc.Modrá",49.103603,17.404976,UH,CZ
"Velehrad,,U rybníků",49.103176,17.403597,UH,CZ
"Velehrad,,U rybníků",49.103123,17.403358,UH,CZ
"Velehrad,,úpravna vody",49.09948,17.414965,UH,CZ
"Veletiny,,Dřevoděl",49.033436,17.565693,UH,CZ
"Veletiny,,Dřevoděl",49.033527,17.565727,UH,CZ
"Veletiny,,kaplička",49.03741,17.563128,UH,CZ
"Veletiny,,křiž.",49.036476,17.561657,UH,CZ
"Veletiny,,křiž.",49.03653,17.561642,UH,CZ
"Velká Lhota,,kostel",49.436543,18.039152,VS,CZ
"Velká Lhota,,Na Blatném",49.42055,18.05151,VS,CZ
"Velká Lhota,,Na Blatném",49.420586,18.051456,VS,CZ
"Velká Lhota,,Na Kútě",49.43785,18.04565,VS,CZ
"Velká Lhota,,Na Kútě",49.437813,18.045732,VS,CZ
"Velká Lhota,,točna",49.431946,18.034742,VS,CZ
"Velká Lhota,,u kříže",49.441807,18.032442,VS,CZ
"Velká Lhota,,u kříže",49.44181,18.032526,VS,CZ
"Velká Lhota,,U Pavlů",49.420765,18.0605,VS,CZ
"Velká Lhota,Malá Lhota,rozc.",49.441418,18.017147,VS,CZ
"Velké Karlovice,,hotel Kratochvíl",49.369846,18.319408,VS,CZ
"Velké Karlovice,,hotel Kratochvíl",49.36996,18.319803,VS,CZ
"Velké Karlovice,,obecní úřad",49.36563,18.311152,VS,CZ
"Velké Karlovice,,obecní úřad",49.365273,18.30984,VS,CZ
"Velké Karlovice,,rozc.Podťaté",49.36814,18.3283,VS,CZ
"Velké Karlovice,,rozc.Podťaté",49.368183,18.32827,VS,CZ
"Velké Karlovice,,rozc.Podťaté",49.368725,18.329191,VS,CZ
"Velké Karlovice,,rozc.Podťaté",49.36866,18.328936,VS,CZ
"Velké Karlovice,,rozc.Soláň",49.360535,18.282846,VS,CZ
"Velké Karlovice,,rozc.Soláň",49.360584,18.2825,VS,CZ
"Velké Karlovice,,U Hoduláků",49.36788,18.341152,VS,CZ
"Velké Karlovice,,U Hoduláků",49.367767,18.341732,VS,CZ
"Velké Karlovice,,U Nádraží",49.363636,18.30352,VS,CZ
"Velké Karlovice,,U Nádraží",49.363537,18.301567,VS,CZ
"Velké Karlovice,Bzové-Soláň,rozc.",49.38652,18.260902,VS,CZ
"Velké Karlovice,Bzové-Soláň,rozc.",49.386726,18.260784,VS,CZ
"Velké Karlovice,Bzové-Soláň,tur.chata",49.389465,18.253988,VS,CZ
"Velké Karlovice,Bzové-Soláň,tur.chata",49.389565,18.254,VS,CZ
"Velké Karlovice,Jezerné",49.375854,18.277365,VS,CZ
"Velké Karlovice,Jezerné",49.376205,18.277485,VS,CZ
"Velké Karlovice,Leskové,hotel Razula",49.371098,18.356243,VS,CZ
"Velké Karlovice,Leskové,hotel Razula",49.371193,18.356464,VS,CZ
"Velké Karlovice,Leskové,Pod Javorem",49.376686,18.386677,VS,CZ
"Velké Karlovice,Leskové,rozc.U Tabulí",49.382545,18.40933,VS,CZ
"Velké Karlovice,Leskové,rozc.U Tabulí",49.382553,18.409212,VS,CZ
"Velké Karlovice,Leskové,U Dorňáků",49.37532,18.36941,VS,CZ
"Velké Karlovice,Pluskovec,střed",49.351433,18.29598,VS,CZ
"Velké Karlovice,Pluskovec,točna",49.34535,18.299274,VS,CZ
"Velké Karlovice,Podťaté,pila",49.355946,18.350498,VS,CZ
"Velké Karlovice,Podťaté,pila",49.3565,18.349852,VS,CZ
"Velké Karlovice,Podťaté,rozc.Tísňavy",49.360153,18.336905,VS,CZ
"Velké Karlovice,Podťaté,Světlá",49.347977,18.368982,VS,CZ
"Velké Karlovice,Podťaté,U Polanských",49.350475,18.360258,VS,CZ
"Velký Ořechov,,aut.st.",49.10926,17.670546,ZL,CZ
"Velký Ořechov,,aut.st.",49.10919,17.670572,ZL,CZ
"Velký Ořechov,,rest.",49.110905,17.665436,ZL,CZ
"Velký Ořechov,,rest.",49.110813,17.6657,ZL,CZ
"Veselá,,rozc.1.0",49.23885,17.789618,ZL,CZ
"Veselá,,rozc.1.0",49.23882,17.789886,ZL,CZ
"Veselá,,u školy",49.236687,17.773748,ZL,CZ
"Veselá,,u školy",49.236694,17.773838,ZL,CZ
"Veselí n.Mor.,,Bartolomějské nám.",48.953533,17.378582,HO,CZ
"Veselí n.Mor.,,žel.st.",48.94926,17.382065,HO,CZ
Věžky,49.285767,17.279638,KM,CZ
Věžky,49.285786,17.2798,KM,CZ
"Věžky,,rozc.",49.406487,17.416704,PR,CZ
"Vidče,,Fabián",49.43976,18.10818,VS,CZ
"Vidče,,Hajný",49.443336,18.085243,VS,CZ
"Vidče,,Hajný",49.443367,18.085302,VS,CZ
"Vidče,,Křižan",49.439583,18.102943,VS,CZ
"Vidče,,Křižan",49.4396,18.103022,VS,CZ
"Vidče,,Křižnice",49.444286,18.118902,VS,CZ
"Vidče,,Křižnice",49.444305,18.118835,VS,CZ
"Vidče,,Portáš",49.448406,18.076778,VS,CZ
"Vidče,,Portáš",49.448452,18.076813,VS,CZ
"Vidče,,škola",49.441338,18.095898,VS,CZ
"Vidče,,škola",49.441387,18.09523,VS,CZ
"Vigantice,,Jednota",49.44246,18.188503,VS,CZ
"Vigantice,,Jednota",49.44268,18.18779,VS,CZ
"Vigantice,,stolařství",49.437515,18.198378,VS,CZ
"Vigantice,,stolařství",49.437695,18.198153,VS,CZ
"Vigantice,,škola",49.444893,18.179976,VS,CZ
"Vigantice,,škola",49.444942,18.179855,VS,CZ
Vitčice,49.31155,17.23966,PV,CZ
"Vítonice,,křiž.",49.448376,17.689596,KM,CZ
"Vítonice,,křiž.",49.448395,17.689371,KM,CZ
"Vítonice,,škola",49.448383,17.689585,KM,CZ
"Vítonice,,škola",49.44777,17.689426,KM,CZ
"Vítonice,,Větřák",49.443867,17.686537,KM,CZ
"Vítonice,,Větřák",49.44385,17.68647,KM,CZ
"Vítonice,,Větřák",49.443897,17.686586,KM,CZ
"Vizovice,,náměstí",49.221703,17.853289,ZL,CZ
"Vizovice,,náměstí",49.22165,17.853342,ZL,CZ
"Vizovice,,Razov",49.213898,17.840504,ZL,CZ
"Vizovice,,Razov",49.213776,17.84057,ZL,CZ
"Vizovice,,Říčanská",49.21222,17.86114,ZL,CZ
"Vizovice,,Říčanská",49.212112,17.86148,ZL,CZ
Vlachova Lhota,49.150772,17.953432,ZL,CZ
Vlachova Lhota,49.150597,17.953333,ZL,CZ
Vlachovice,49.123127,17.939253,ZL,CZ
Vlachovice,49.123363,17.939634,ZL,CZ
Vlachovice,49.12326,17.939487,ZL,CZ
"Vlachovice,,sídliště",49.118965,17.93832,ZL,CZ
"Vlachovice,,sídliště",49.11893,17.938396,ZL,CZ
"Vlachovice,Vrbětice",49.112377,17.938688,ZL,CZ
"Vlachovice,Vrbětice",49.113194,17.938677,ZL,CZ
"Vlachovice,Vrbětice,u Polomíku",49.10451,17.9362,ZL,CZ
"Vlachovice,Vrbětice,u Polomíku",49.104477,17.93631,ZL,CZ
"Vlčková,,most",49.309933,17.764572,ZL,CZ
"Vlčková,,most",49.31065,17.763391,ZL,CZ
"Vlčková,,rozc.",49.297096,17.769918,ZL,CZ
"Vlčková,,rozc.",49.296974,17.769958,ZL,CZ
"Vlčková,,rozc.",49.297283,17.77005,ZL,CZ
"Vlčková,,točna",49.310795,17.758842,ZL,CZ
"Vlčková,,zast.",49.30655,17.766731,ZL,CZ
"Vlčková,,zast.",49.306656,17.766815,ZL,CZ
"Vlčnov,,Araver",49.02133,17.571646,UH,CZ
"Vlčnov,,Araver",49.021507,17.571665,UH,CZ
"Vlčnov,,dol.konec",49.017326,17.576696,UH,CZ
"Vlčnov,,dol.konec",49.017365,17.576834,UH,CZ
"Vlčnov,,hor.konec",49.000687,17.579586,UH,CZ
"Vlčnov,,hor.konec",49.00133,17.579992,UH,CZ
"Vlčnov,,křiž.",49.010345,17.581694,UH,CZ
"Vlčnov,,křiž.",49.010437,17.581833,UH,CZ
"Vlčnov,,sokolovna",49.006508,17.581568,UH,CZ
"Vlčnov,,sokolovna",49.006474,17.581444,UH,CZ
Vlkoš,48.9908,17.161903,HO,CZ
"Vlkoš,,Lidový dům",48.990185,17.164116,HO,CZ
"Vlkoš,,průmysl.areál",49.39712,17.416176,PR,CZ
"Vlkoš,,sokolovna",49.39379,17.417072,PR,CZ
"Vlkoš,,u kostela",49.39506,17.418913,PR,CZ
Vrbka,49.227413,17.415668,KM,CZ
Vrbka,49.22725,17.415487,KM,CZ
Vrchoslavice,49.33275,17.218193,PV,CZ
Vrchoslavice,49.33281,17.218046,PV,CZ
Vrchoslavice,49.332672,17.218405,PV,CZ
"Vrchoslavice,Dlouhá Ves",49.332645,17.228304,PV,CZ
"Vrchoslavice,Dlouhá Ves",49.33272,17.228016,PV,CZ
"Vrchoslavice,Dlouhá Ves",49.332592,17.22868,PV,CZ
Vřesovice,49.40183,17.139086,PV,CZ
Vřesovice,49.058784,17.215113,HO,CZ
"Vřesovice,Paseky",49.059498,17.21966,HO,CZ
"Vsetín,,4.května",49.342937,17.988966,VS,CZ
"Vsetín,,4.května",49.34237,17.98962,VS,CZ
"Vsetín,,archiv",49.345886,17.983126,VS,CZ
"Vsetín,,archiv",49.345764,17.98322,VS,CZ
"Vsetín,,Červenka",49.347897,18.070288,VS,CZ
"Vsetín,,Dolní Jasenka",49.343037,17.993372,VS,CZ
"Vsetín,,Dolní Jasenka",49.34297,17.993216,VS,CZ
"Vsetín,,Dolní náměstí",49.33973,17.993105,VS,CZ
"Vsetín,,Dolní náměstí",49.339783,17.993233,VS,CZ
"Vsetín,,dopravní terminál",49.33411,17.996223,VS,CZ
"Vsetín,,dopravní terminál",49.334946,17.994984,VS,CZ
"Vsetín,,dopravní terminál",49.333847,17.996796,VS,CZ
"Vsetín,,dopravní terminál",49.335224,17.994352,VS,CZ
"Vsetín,,dopravní terminál",49.33497,17.99478,VS,CZ
"Vsetín,,dopravní terminál",49.33449,17.995716,VS,CZ
"Vsetín,,dopravní terminál",49.33541,17.993986,VS,CZ
"Vsetín,,dopravní terminál",49.334995,17.99575,VS,CZ
"Vsetín,,dopravní terminál",49.33533,17.99464,VS,CZ
"Vsetín,,dopravní terminál",49.334778,17.996773,VS,CZ
"Vsetín,,dopravní terminál",49.333763,17.997507,VS,CZ
"Vsetín,,Horní Jasenka",49.36664,18.014765,VS,CZ
"Vsetín,,Horní Jasenka",49.36632,18.014656,VS,CZ
"Vsetín,,Horní náměstí",49.340927,17.999592,VS,CZ
"Vsetín,,průmyslová zóna I",49.35708,17.969606,VS,CZ
"Vsetín,,průmyslová zóna I",49.3565,17.969624,VS,CZ
"Vsetín,,Smetanova",49.333668,18.001778,VS,CZ
"Vsetín,,Smetanova",49.33351,18.001904,VS,CZ
"Vsetín,,Sychrov",49.33928,18.000856,VS,CZ
"Vsetín,,Sychrov",49.339592,18.000269,VS,CZ
"Vsetín,,TES",49.34259,17.983746,VS,CZ
"Vsetín,,Vesník",49.360264,17.96818,VS,CZ
"Vsetín,,Vesník",49.360023,17.968307,VS,CZ
"Vsetín,Benátky,rozcestí",49.336308,17.98688,VS,CZ
"Vsetín,Benátky,rozcestí",49.33631,17.98671,VS,CZ
"Vsetín,Benátky,škola",49.33767,17.983246,VS,CZ
"Vsetín,Benátky,škola",49.337643,17.983149,VS,CZ
"Vsetín,Bobrky",49.36309,17.957945,VS,CZ
"Vsetín,Bobrky",49.363113,17.95719,VS,CZ
"Vsetín,Červenka,střed",49.347805,18.060354,VS,CZ
"Vsetín,Červenka,střed",49.347794,18.060482,VS,CZ
"Vsetín,Janišov",49.32864,17.96537,VS,CZ
"Vsetín,Janišov,rozcestí",49.31994,17.979248,VS,CZ
"Vsetín,Janišov,rozcestí",49.319862,17.979307,VS,CZ
"Vsetín,Janišov,střed",49.32463,17.973288,VS,CZ
"Vsetín,Janišov,střed",49.324593,17.973225,VS,CZ
"Vsetín,Jasenice,Climax",49.34103,18.039211,VS,CZ
"Vsetín,Jasenice,Climax",49.34096,18.03906,VS,CZ
"Vsetín,Jasenice,I",49.345097,18.047253,VS,CZ
"Vsetín,Jasenice,I",49.345142,18.047417,VS,CZ
"Vsetín,Jasenice,technické služby",49.3383,18.03036,VS,CZ
"Vsetín,Jasenice,technické služby",49.33824,18.0305,VS,CZ
"Vsetín,Jasenice,točna",49.34436,18.045773,VS,CZ
"Vsetín,Jasenice,VIII",49.350525,18.04756,VS,CZ
"Vsetín,Jasenice,VIII",49.350704,18.047571,VS,CZ
"Vsetín,Jasenice,XV",49.36078,18.047483,VS,CZ
"Vsetín,Jasenka,hřiště",49.359108,18.001734,VS,CZ
"Vsetín,Jasenka,hřiště",49.359055,18.001608,VS,CZ
"Vsetín,Jasenka,Lom",49.37585,18.020369,VS,CZ
"Vsetín,Jasenka,Lom",49.375843,18.020264,VS,CZ
"Vsetín,Jasenka,Pod Babykou",49.354115,17.999844,VS,CZ
"Vsetín,Jasenka,Pod Babykou",49.354107,17.999727,VS,CZ
"Vsetín,Jasenka,sídliště",49.348698,17.996737,VS,CZ
"Vsetín,Jasenka,sídliště",49.348957,17.996649,VS,CZ
"Vsetín,Jasenka,zastávka",49.363636,18.006914,VS,CZ
"Vsetín,Jasenka,zastávka",49.363735,18.006954,VS,CZ
"Vsetín,Lázky",49.34933,17.974045,VS,CZ
"Vsetín,Lázky",49.349876,17.973513,VS,CZ
"Vsetín,Luh I",49.333427,18.007689,VS,CZ
"Vsetín,Luh I",49.333385,18.008532,VS,CZ
"Vsetín,Luh II",49.335033,18.01682,VS,CZ
"Vsetín,Luh II",49.335033,18.017042,VS,CZ
"Vsetín,Luh III",49.33691,18.023474,VS,CZ
"Vsetín,Luh III",49.33712,18.024828,VS,CZ
"Vsetín,Ohrada",49.3304,18.001991,VS,CZ
"Vsetín,Ohrada",49.32997,18.002058,VS,CZ
"Vsetín,Ohrada",49.33009,18.001904,VS,CZ
"Vsetín,Ohrada",49.330196,18.002052,VS,CZ
"Vsetín,Ohrada,restaurace",49.33059,18.002577,VS,CZ
"Vsetín,Ohrada,sportovní areál",49.327003,18.002172,VS,CZ
"Vsetín,Rokytnice",49.332214,17.986294,VS,CZ
"Vsetín,Rokytnice",49.33278,17.98674,VS,CZ
"Vsetín,Rokytnice,hor.zast.",49.323826,17.98154,VS,CZ
"Vsetín,Rokytnice,hor.zast.",49.323,17.981356,VS,CZ
"Vsetín,Rokytnice,Irisa",49.316597,17.974195,VS,CZ
"Vsetín,Rokytnice,Irisa",49.31728,17.975332,VS,CZ
"Vsetín,Rokytnice,Kotovo",49.332375,17.987858,VS,CZ
"Vsetín,Rokytnice,sídliště",49.33054,17.986317,VS,CZ
"Vsetín,Rokytnice,střed",49.327633,17.983418,VS,CZ
"Vsetín,Rokytnice,střed",49.32765,17.983494,VS,CZ
"Vsetín,Rokytnice,škola",49.330135,17.987906,VS,CZ
"Vsetín,Rybníky",49.340164,17.978722,VS,CZ
"Vsetín,Rybníky,Družstevní",49.34025,17.981018,VS,CZ
"Vsetín,Semetín",49.334717,17.93655,VS,CZ
"Vsetín,Semetín,bike aréna",49.36017,17.954226,VS,CZ
"Vsetín,Semetín,bike aréna",49.36024,17.954355,VS,CZ
"Vsetín,Semetín,hřiště",49.349503,17.953346,VS,CZ
"Vsetín,Semetín,hřiště",49.34955,17.95346,VS,CZ
"Vsetín,Semetín,kemp",49.35349,17.953953,VS,CZ
"Vsetín,Semetín,Mařička",49.338413,17.9466,VS,CZ
"Vsetín,Semetín,Mařička",49.33843,17.946718,VS,CZ
"Vsetín,Semetín,střed",49.345795,17.950865,VS,CZ
"Vsetín,Semetín,střed",49.34574,17.950932,VS,CZ
"Vsetín,Trávníky",49.34028,17.98496,VS,CZ
"Vsetín,Trávníky",49.340454,17.984545,VS,CZ
"Vsetín,Trávníky,mateřská škola",49.338673,17.988272,VS,CZ
"Vsetín,Trávníky,mateřská škola",49.338905,17.987495,VS,CZ
"Všechovice,,aut.st.",49.460888,17.757736,PR,CZ
"Všechovice,,aut.st.",49.461086,17.757547,PR,CZ
"Všechovice,,aut.st.",49.460957,17.757668,PR,CZ
"Všechovice,Přílesí,rozc.",49.452232,17.748735,PR,CZ
"Všemina,,hájenka",49.27445,17.856909,ZL,CZ
"Všemina,,hájenka",49.274452,17.857014,ZL,CZ
"Všemina,,Hořansko",49.283043,17.884212,ZL,CZ
"Všemina,,Hořansko",49.283005,17.884315,ZL,CZ
"Všemina,,Obecní úřad",49.27915,17.868504,ZL,CZ
"Všemina,,Obecní úřad",49.279057,17.868412,ZL,CZ
"Všemina,,točna",49.28486,17.891865,ZL,CZ
"Všemina,,U Fojtů",49.28096,17.876648,ZL,CZ
"Všemina,,U Fojtů",49.28086,17.876488,ZL,CZ
"Všemina,,U Kachtíků",49.27732,17.860435,ZL,CZ
"Všemina,,U Kachtíků",49.27728,17.86052,ZL,CZ
Vysoké Pole,49.17754,17.936373,ZL,CZ
Vysoké Pole,49.17762,17.937347,ZL,CZ
"Vysoké Pole,,rozc.Drnovice",49.17754,17.942554,ZL,CZ
"Vysoké Pole,,rozc.Drnovice",49.177456,17.94254,ZL,CZ
"Vysoké Pole,,rozc.Drnovice",49.17738,17.943735,ZL,CZ
"Vysoké Pole,Podpolí",49.169685,17.94234,ZL,CZ
"Vyškov,,aut.nádr.",49.275444,16.991756,VY,CZ
"Vyškov,,aut.nádr.",49.275764,16.991035,VY,CZ
"Vyškov,,aut.nádr.",49.275833,16.991783,VY,CZ
"Vyškov,,aut.nádr.",49.27542,16.991392,VY,CZ
"Vyškov,,Dukelská u čistírny",49.280613,17.000069,VY,CZ
"Vyškov,,Tržiště",49.280025,17.007372,VY,CZ
"Vyškov,,u podchodu",49.27851,16.99718,VY,CZ
"Vyškov,,žel.st.",49.278103,16.992064,VY,CZ
"Vyškov,,žel.st.",49.27809,16.99217,VY,CZ
"Vyškov,,žel.st.",49.278248,16.992056,VY,CZ
"Vyškov,Marchanice",49.28271,17.02352,VY,CZ
Vyškovec,48.940662,17.853453,UH,CZ
"Vyškovec,Bošáčky",48.937393,17.83144,UH,CZ
"Vyškovec,Bošáčky",48.936573,17.834513,UH,CZ
"Vyškovec,Hribovny,točna",48.933853,17.837858,UH,CZ
Výšovice,49.418037,17.137152,PV,CZ
"Výšovice,,u mostu",49.413536,17.142887,PV,CZ
"Wroclaw,,dw.PKS ul.Sucha",51.110992,17.034164,,PL
"Wullowitz,,ZOLL",48.64464,14.453789,,A
"Zádveřice-Raková,Zádveřice",49.212383,17.806791,ZL,CZ
"Zádveřice-Raková,Zádveřice",49.212257,17.807186,ZL,CZ
"Zádveřice-Raková,Zádveřice,paseky",49.203068,17.803078,ZL,CZ
"Zádveřice-Raková,Zádveřice,paseky",49.203087,17.802992,ZL,CZ
Zahnašovice,49.303955,17.559946,KM,CZ
"Zahnašovice,,Kameňák",49.29072,17.556934,KM,CZ
"Zahnašovice,,U hřbitova",49.303024,17.55906,KM,CZ
Záhorovice,49.022633,17.77818,UH,CZ
Záhorovice,49.022713,17.778011,UH,CZ
Záhorovice,49.022655,17.778109,UH,CZ
"Záhorovice,,dol.konec",49.02227,17.770693,UH,CZ
"Záhorovice,,dol.konec",49.022373,17.77106,UH,CZ
"Záhorovice,,hor.konec",49.02414,17.784184,UH,CZ
"Záhorovice,,hor.konec",49.02372,17.782648,UH,CZ
"Zámrsky,,čekárna",49.505436,17.83068,PR,CZ
"Záriečie,,Stred",49.178032,18.250795,,SK
"Záriečie,,Stred",49.177803,18.25262,,SK
"Záříčí,,ObÚ",49.38317,17.353151,KM,CZ
"Záříčí,,ObÚ",49.383163,17.353031,KM,CZ
"Zástřizly,,rozc.0.3",49.153152,17.228472,KM,CZ
"Zástřizly,,rozc.0.3",49.153606,17.229237,KM,CZ
"Zašová,,konečná",49.485832,18.042942,VS,CZ
"Zašová,,pod Zapadlým",49.473343,18.01716,VS,CZ
"Zašová,,pod Zapadlým",49.473103,18.01804,VS,CZ
"Zašová,,rozc.Veselá",49.47101,18.025717,VS,CZ
"Zašová,,rozc.Veselá",49.47101,18.025404,VS,CZ
"Zašová,,Stračka",49.481525,18.043802,VS,CZ
"Zašová,,Stračka",49.481525,18.043695,VS,CZ
"Zašová,,škola",49.47625,18.043726,VS,CZ
"Zašová,,škola",49.476906,18.043592,VS,CZ
"Zašová,,U chovatelů",49.46838,18.042454,VS,CZ
"Zašová,,U chovatelů",49.468216,18.042477,VS,CZ
"Zašová,,zdrav.stř.",49.47219,18.042513,VS,CZ
"Zašová,,žel.st.",49.467422,18.0436,VS,CZ
"Zašová,,žel.st.",49.46797,18.041294,VS,CZ
"Zašová,Veselá,dol.konec",49.463665,18.028816,VS,CZ
"Zašová,Veselá,dol.konec",49.46367,18.028738,VS,CZ
"Zašová,Veselá,střed",49.460056,18.027763,VS,CZ
"Zborovice,,ObÚ",49.249332,17.284674,KM,CZ
"Zborovice,,ObÚ",49.249374,17.284803,KM,CZ
"Zborovice,,závod",49.252117,17.281462,KM,CZ
"Zborovice,,závod",49.25199,17.281738,KM,CZ
"Zborovice,Medlov",49.260365,17.2666,KM,CZ
"Zborovice,Medlov",49.260296,17.26654,KM,CZ
"Zděchov,,hotel",49.257744,18.076588,VS,CZ
"Zděchov,,hotel",49.257774,18.076653,VS,CZ
"Zděchov,,kolonie",49.266396,18.080055,VS,CZ
"Zděchov,,škola",49.26078,18.07768,VS,CZ
"Zděchov,,škola",49.260925,18.077728,VS,CZ
"Zděchov,Misný",49.26909,18.08276,VS,CZ
"Zděchov,Misný",49.269085,18.08286,VS,CZ
"Zdounky,,nám.",49.228275,17.319962,KM,CZ
"Zdounky,,nám.",49.227943,17.31918,KM,CZ
"Zdounky,,rozc.Divoky",49.224644,17.301554,KM,CZ
"Zdounky,,žel.st.",49.228607,17.315342,KM,CZ
"Zdounky,Cvrčovice",49.224392,17.33784,KM,CZ
"Zdounky,Cvrčovice",49.224323,17.337667,KM,CZ
"Zdounky,Lebedov",49.211365,17.293726,KM,CZ
"Zdounky,Lebedov",49.21161,17.29354,KM,CZ
"Zdounky,Nětčice",49.248547,17.309969,KM,CZ
"Zdounky,Nětčice",49.24865,17.310163,KM,CZ
"Zdounky,Těšánky",49.221066,17.29526,KM,CZ
"Zdounky,Těšánky",49.220707,17.294954,KM,CZ
Zlámanec,49.12953,17.62846,UH,CZ
"Zlechov,,keramika",49.078724,17.376669,UH,CZ
"Zlechov,,keramika",49.07887,17.376438,UH,CZ
"Zlechov,,křiž.",49.072968,17.381218,UH,CZ
"Zlechov,,křiž.",49.072624,17.380173,UH,CZ
"Zlechov,,křiž.",49.073284,17.380096,UH,CZ
"Zlechov,Olší",49.07384,17.39155,UH,CZ
"Zlechov,Olší",49.07379,17.391071,UH,CZ
"Zlín,,aut.nádr.",49.22599,17.65934,ZL,CZ
"Zlín,,aut.nádr.",49.22564,17.66042,ZL,CZ
"Zlín,,aut.nádr.",49.225777,17.660118,ZL,CZ
"Zlín,,aut.nádr.",49.22573,17.65994,ZL,CZ
"Zlín,,aut.nádr.",49.225693,17.65978,ZL,CZ
"Zlín,,aut.nádr.",49.22592,17.660236,ZL,CZ
"Zlín,,aut.nádr.",49.225834,17.661152,ZL,CZ
"Zlín,,aut.nádr.",49.226063,17.660357,ZL,CZ
"Zlín,,aut.nádr.",49.226112,17.660542,ZL,CZ
"Zlín,,aut.nádr.",49.22602,17.660192,ZL,CZ
"Zlín,,aut.nádr.",49.226196,17.660864,ZL,CZ
"Zlín,,aut.nádr.",49.22615,17.660711,ZL,CZ
"Zlín,,aut.nádr.",49.225975,17.660006,ZL,CZ
"Zlín,,aut.nádr.",49.225777,17.660955,ZL,CZ
"Zlín,,aut.nádr.",49.225967,17.660416,ZL,CZ
"Zlín,,aut.nádr.",49.225834,17.659882,ZL,CZ
"Zlín,,aut.nádr.",49.225594,17.660242,ZL,CZ
"Zlín,,aut.nádr.",49.225548,17.660065,ZL,CZ
"Zlín,,aut.nádr.",49.22588,17.660069,ZL,CZ
"Zlín,,aut.nádr.",49.225925,17.65982,ZL,CZ
"Zlín,,aut.nádr.",49.22588,17.659636,ZL,CZ
"Zlín,,aut.nádr.",49.226017,17.6606,ZL,CZ
"Zlín,,aut.nádr.",49.22606,17.66077,ZL,CZ
"Zlín,,aut.nádr.",49.226097,17.660925,ZL,CZ
"Zlín,,aut.nádr.",49.225685,17.6606,ZL,CZ
"Zlín,,aut.nádr.",49.225975,17.660263,ZL,CZ
"Zlín,,aut.nádr.",49.22591,17.660654,ZL,CZ
"Zlín,,aut.nádr.",49.226,17.66098,ZL,CZ
"Zlín,,aut.nádr.",49.225822,17.660309,ZL,CZ
"Zlín,,aut.nádr.",49.225506,17.659887,ZL,CZ
"Zlín,,aut.nádr.",49.22573,17.66078,ZL,CZ
"Zlín,,Cigánov",49.23121,17.671408,ZL,CZ
"Zlín,,Čepkov",49.22857,17.659975,ZL,CZ
"Zlín,,Čepkov",49.228622,17.65703,ZL,CZ
"Zlín,,divadlo",49.225517,17.66993,ZL,CZ
"Zlín,,Dlouhá",49.22648,17.668997,ZL,CZ
"Zlín,,Hradská",49.220707,17.672523,ZL,CZ
"Zlín,,Mladcovská",49.228672,17.653166,ZL,CZ
"Zlín,,Mladcovská",49.22873,17.652756,ZL,CZ
"Zlín,,náměstí Míru",49.225468,17.664904,ZL,CZ
"Zlín,,náměstí Práce",49.22313,17.660624,ZL,CZ
"Zlín,,poliklinika",49.22167,17.65435,ZL,CZ
"Zlín,,Školní",49.223568,17.666937,ZL,CZ
"Zlín,,Věžové domy",49.22519,17.689173,ZL,CZ
"Zlín,,Věžové domy",49.22505,17.690077,ZL,CZ
"Zlín,,Věžové domy",49.22503,17.690355,ZL,CZ
"Zlín,,Věžové domy",49.22508,17.689592,ZL,CZ
"Zlín,,Věžové domy",49.225098,17.689236,ZL,CZ
"Zlín,,Vysoká mez",49.233295,17.68103,ZL,CZ
"Zlín,,Vysoká mez",49.23292,17.679544,ZL,CZ
"Zlín,,Vysoká mez",49.23312,17.680271,ZL,CZ
"Zlín,,Zahradnická",49.220963,17.647892,ZL,CZ
"Zlín,,Zahradnická",49.220837,17.647997,ZL,CZ
"Zlín,,Zimní stadion",49.218098,17.660606,ZL,CZ
"Zlín,,Zimní stadion",49.219116,17.660011,ZL,CZ
"Zlín,Klečůvka",49.229103,17.772224,ZL,CZ
"Zlín,Klečůvka",49.227867,17.772345,ZL,CZ
"Zlín,Kostelec,hřbitov",49.26563,17.71586,ZL,CZ
"Zlín,Kostelec,hřbitov",49.265476,17.715923,ZL,CZ
"Zlín,Kostelec-Lázně,rozc.",49.255234,17.692425,ZL,CZ
"Zlín,Kostelec-Lázně,rozc.",49.254555,17.692251,ZL,CZ
"Zlín,Kostelec-Lázně,rozc.",49.2549,17.69232,ZL,CZ
"Zlín,Kostelec-Lázně,Štípská",49.256817,17.70223,ZL,CZ
"Zlín,Kostelec-Lázně,Štípská",49.25666,17.701448,ZL,CZ
"Zlín,Kudlov,dolní konec",49.209667,17.682142,ZL,CZ
"Zlín,Kudlov,dolní konec",49.20913,17.681755,ZL,CZ
"Zlín,Kudlov,garáže",49.18664,17.699492,ZL,CZ
"Zlín,Kudlov,garáže",49.186775,17.699404,ZL,CZ
"Zlín,Kudlov,myslivna",49.18232,17.70456,ZL,CZ
"Zlín,Kudlov,myslivna",49.182663,17.70378,ZL,CZ
"Zlín,Kudlov,Průkop",49.197536,17.69966,ZL,CZ
"Zlín,Kudlov,Průkop",49.197468,17.699575,ZL,CZ
"Zlín,Kudlov,střed",49.20659,17.682648,ZL,CZ
"Zlín,Kudlov,u pomníku padlých",49.199173,17.688393,ZL,CZ
"Zlín,Kudlov,u pomníku padlých",49.198917,17.687237,ZL,CZ
"Zlín,Kudlov,Výhledy",49.2024,17.684132,ZL,CZ
"Zlín,Kudlov,Výhledy",49.201675,17.684555,ZL,CZ
"Zlín,Lešná,zoo zadní vstup",49.27424,17.72068,ZL,CZ
"Zlín,Lešná,zoo zadní vstup",49.274223,17.72085,ZL,CZ
"Zlín,Louky,křiž.",49.21645,17.62576,ZL,CZ
"Zlín,Louky,křiž.",49.2159,17.624475,ZL,CZ
"Zlín,Louky,obchodní zóna",49.212486,17.614044,ZL,CZ
"Zlín,Louky,obchodní zóna",49.21284,17.615911,ZL,CZ
"Zlín,Lužkovice,Na Gruntech",49.22318,17.746595,ZL,CZ
"Zlín,Malenovice,Karlov",49.19423,17.603384,ZL,CZ
"Zlín,Malenovice,křiž.",49.20956,17.594885,ZL,CZ
"Zlín,Malenovice,křiž.",49.20954,17.596527,ZL,CZ
"Zlín,Malenovice,křiž.",49.209534,17.59572,ZL,CZ
"Zlín,Malenovice,nad Prohledem",49.18207,17.608011,ZL,CZ
"Zlín,Malenovice,nad Prohledem",49.18244,17.607014,ZL,CZ
"Zlín,Malenovice,nad Prohledem",49.182175,17.607912,ZL,CZ
"Zlín,Malenovice,škola",49.20721,17.596228,ZL,CZ
"Zlín,Malenovice,škola",49.207054,17.596214,ZL,CZ
"Zlín,Malenovice,Tečovská",49.212578,17.59491,ZL,CZ
"Zlín,Malenovice,Tečovská",49.21185,17.591787,ZL,CZ
"Zlín,Malenovice,ZPS",49.205296,17.570976,ZL,CZ
"Zlín,Malenovice,ZPS",49.20516,17.572763,ZL,CZ
"Zlín,Malý Kostelec,přehrada",49.26515,17.690771,ZL,CZ
"Zlín,Malý Kostelec,přehrada",49.264828,17.69134,ZL,CZ
"Zlín,Malý Kostelec,přehrada",49.26499,17.691029,ZL,CZ
"Zlín,Mladcová,Bartošův dům",49.241287,17.646503,ZL,CZ
"Zlín,Mladcová,Bartošův dům",49.241016,17.646303,ZL,CZ
"Zlín,Mladcová,hřbitov",49.24805,17.642984,ZL,CZ
"Zlín,Mladcová,hřbitov",49.24803,17.642927,ZL,CZ
"Zlín,Mladcová,hřiště",49.23481,17.645248,ZL,CZ
"Zlín,Mladcová,hřiště",49.235817,17.644709,ZL,CZ
"Zlín,Mladcová,rozvodna",49.23012,17.644163,ZL,CZ
"Zlín,Mladcová,rozvodna",49.229614,17.643955,ZL,CZ
"Zlín,Příluky",49.220833,17.71452,ZL,CZ
"Zlín,Příluky",49.22071,17.714315,ZL,CZ
"Zlín,Salaš,točna",49.172665,17.62696,ZL,CZ
"Zlín,Salaš,zast.",49.1755,17.622885,ZL,CZ
"Zlín,Salaš,zast.",49.175488,17.62282,ZL,CZ
"Zlín,Štípa,Mariánské náměstí",49.262524,17.714865,ZL,CZ
"Zlín,Štípa,Mariánské náměstí",49.262836,17.715506,ZL,CZ
"Zlín,U Majáku,křiž.",49.202084,17.660128,ZL,CZ
"Zlín,U Majáku,křiž.",49.20204,17.65984,ZL,CZ
"Zlobice,,náves",49.30214,17.31241,KM,CZ
"Zlobice,,náves",49.302,17.313631,KM,CZ
"Zubří,,centrum",49.47005,18.091602,VS,CZ
"Zubří,,centrum",49.471104,18.091524,VS,CZ
"Zubří,,Gumárny",49.462147,18.09235,VS,CZ
"Zubří,,Gumárny",49.462215,18.092442,VS,CZ
"Zubří,,kovárna",49.48291,18.089329,VS,CZ
"Zubří,,kovárna",49.482727,18.089409,VS,CZ
"Zubří,,pod rozcestím",49.475346,18.091656,VS,CZ
"Zubří,,rozc.Staré Zubří",49.475483,18.092209,VS,CZ
"Zubří,,rozc.Staré Zubří",49.475533,18.091936,VS,CZ
"Zubří,,točna",49.496426,18.094604,VS,CZ
"Zubří,,u Dořičáků",49.481544,18.10662,VS,CZ
"Zubří,,u Dořičáků",49.481415,18.106447,VS,CZ
"Zubří,,u Perniců",49.488705,18.088572,VS,CZ
"Zubří,,u Perniců",49.48922,18.088629,VS,CZ
"Zubří,,Vlkoprdy",49.476307,18.105556,VS,CZ
"Zubří,,Vlkoprdy",49.47654,18.105553,VS,CZ
"Zubří,,žel.st.",49.461273,18.090424,VS,CZ
"Zubří,,žel.st.",49.461273,18.091225,VS,CZ
"Zubří,Staré Zubří",49.48884,18.104622,VS,CZ
"Žabeň,,střed",49.70885,18.304596,FM,CZ
Žádovice,49.01592,17.19568,HO,CZ
"Žákovice,,kult.dům",49.45428,17.659876,PR,CZ
"Žalkovice,,Jednota",49.37081,17.434652,KM,CZ
"Žalkovice,,Jednota",49.370773,17.434902,KM,CZ
"Žalkovice,,rest.",49.37116,17.43811,KM,CZ
"Žalkovice,,rest.",49.371098,17.438011,KM,CZ
Žarošice,49.04055,16.966948,HO,CZ
"Žarošice,,škola",49.039383,16.961512,HO,CZ
"Žarošice,Silničná,rozc.Uhřice",49.05185,16.953016,HO,CZ
"Žarošice,Těšanka",49.079082,16.93652,HO,CZ
"Žarošice,Zdravá Voda",49.065353,16.945072,HO,CZ
"Želatovice,,kravín",49.442825,17.513,PR,CZ
"Želatovice,,náves",49.444874,17.503613,PR,CZ
"Želatovice,,náves",49.444767,17.50359,PR,CZ
"Želatovice,,ZD",49.442142,17.505848,PR,CZ
"Želechovice n.Dřev.,,host.",49.216995,17.745056,ZL,CZ
"Želechovice n.Dřev.,,host.",49.216957,17.744936,ZL,CZ
"Želechovice n.Dřev.,,Kozačka",49.187717,17.75578,ZL,CZ
"Želechovice n.Dřev.,,křiž.",49.21883,17.746227,ZL,CZ
"Želechovice n.Dřev.,,křiž.",49.21896,17.74504,ZL,CZ
"Želechovice n.Dřev.,,most",49.207382,17.73978,ZL,CZ
"Želechovice n.Dřev.,,most",49.207405,17.739714,ZL,CZ
"Želechovice n.Dřev.,,Oborky",49.19344,17.747171,ZL,CZ
"Želechovice n.Dřev.,,Paseky",49.199142,17.739346,ZL,CZ
"Želechovice n.Dřev.,,Paseky",49.19902,17.739408,ZL,CZ
"Želechovice n.Dřev.,,Příční",49.218525,17.741522,ZL,CZ
"Želechovice n.Dřev.,,sklady",49.217587,17.757648,ZL,CZ
"Želechovice n.Dřev.,,sklady",49.21752,17.75771,ZL,CZ
"Želechovice n.Dřev.,,škola",49.21717,17.7539,ZL,CZ
"Želechovice n.Dřev.,,škola",49.215782,17.758692,ZL,CZ
"Želechovice n.Dřev.,,zbrojnice",49.19622,17.74182,ZL,CZ
"Želechovice n.Dřev.,,ZD",49.2121,17.7418,ZL,CZ
"Želechovice n.Dřev.,,ZD",49.21208,17.741692,ZL,CZ
"Želechovice n.Dřev.,,Zel.údolí",49.1815,17.773449,ZL,CZ
"Želechovice n.Dřev.,,Zel.údolí",49.18148,17.773348,ZL,CZ
Želetice,49.012615,17.009253,HO,CZ
"Želetice,,statek",49.015182,17.006882,HO,CZ
Žeranovice,49.291405,17.602837,KM,CZ
Žeranovice,49.291374,17.60266,KM,CZ
"Žeranovice,,Bednárna",49.29772,17.60234,KM,CZ
"Žeranovice,,Bednárna",49.29773,17.602392,KM,CZ
"Žeranovice,Prosochov",49.289413,17.609003,KM,CZ
"Žeranovice,Prosochov",49.289543,17.608875,KM,CZ
"Žeravice,,obchod",49.016773,17.239252,HO,CZ
"Žeravice,,ObÚ",49.023193,17.236612,HO,CZ
"Žiar n.Hronom,,AS",48.58916,18.857035,,SK
"Žítková,,Obecní úřad",48.980152,17.87998,UH,CZ
"Žítková,,Obecní úřad",48.980095,17.880114,UH,CZ
"Žítková,,rekr.stř.",48.979095,17.898468,UH,CZ
"Žítková,,rozc.",48.988113,17.842842,UH,CZ
"Žítková,,rozc.",48.988045,17.843533,UH,CZ
"Žítková,,ZD",48.97763,17.889114,UH,CZ
"Žítková,,ZD",48.977657,17.889269,UH,CZ
"Žítková,Polany",48.98656,17.868406,UH,CZ
"Žítková,Polany",48.98647,17.868427,UH,CZ
"Žlutava,,dolní zast.",49.19641,17.497162,ZL,CZ
"Žlutava,,dolní zast.",49.19636,17.497095,ZL,CZ
"Žlutava,,hradlo",49.18599,17.505196,ZL,CZ
"Žlutava,,hradlo",49.185204,17.50518,ZL,CZ
"Žlutava,,škola",49.19976,17.490211,ZL,CZ
"Žlutava,,škola",49.199593,17.490204,ZL,CZ
"Žlutava,,točna",49.20097,17.488144,ZL,CZ
"Žlutava,,Žlaby",49.191364,17.498243,ZL,CZ
"Žlutava,,Žlaby",49.191372,17.498123,ZL,CZ
A.Randýskové,49.21854,17.642933,ZL,CZ
A.Randýskové,49.218273,17.644156,ZL,CZ
Antonínova,49.220856,17.652855,ZL,CZ
Bartošova Čtvrť,49.225185,17.706755,ZL,CZ
Bartošova Čtvrť,49.225296,17.70666,ZL,CZ
"Bartošova Čtvrť,zdrav.škola",49.22432,17.702072,ZL,CZ
Baťova nem.,49.22923,17.693521,ZL,CZ
Baťova nem.,49.228985,17.69334,ZL,CZ
"Baťova nem.,pohotovost",49.22727,17.701307,ZL,CZ
"Baťova nem.,pohotovost",49.228012,17.699623,ZL,CZ
"Baťova nem.,vozovna",49.227745,17.693043,ZL,CZ
Benešovo nábřeží,49.23016,17.675016,ZL,CZ
Benešovo nábřeží,49.230385,17.674356,ZL,CZ
Bratří Jaroňků,49.225605,17.67608,ZL,CZ
Bratří Jaroňků,49.225475,17.675676,ZL,CZ
Broučkova,49.225597,17.693333,ZL,CZ
Broučkova,49.225693,17.693436,ZL,CZ
Budovatelská,49.2352,17.668505,ZL,CZ
Budovatelská,49.23537,17.67036,ZL,CZ
Burešov,49.234406,17.685669,ZL,CZ
Burešov,49.235245,17.686089,ZL,CZ
Cigánov,49.23139,17.671947,ZL,CZ
Česká,49.241173,17.66843,ZL,CZ
Česká,49.241405,17.668804,ZL,CZ
Díly II,49.227196,17.679943,ZL,CZ
Díly II,49.22724,17.679243,ZL,CZ
Dlouhá,49.22618,17.66874,ZL,CZ
Družstevní,49.23497,17.658157,ZL,CZ
Družstevní,49.234013,17.657976,ZL,CZ
Dukelská,49.227528,17.699364,ZL,CZ
Dukelská,49.227776,17.697803,ZL,CZ
Dvacátá,49.22376,17.658873,ZL,CZ
"Filmové Ateliéry,Fabiánka",49.202248,17.669115,ZL,CZ
"Filmové Ateliéry,Fabiánka",49.20229,17.669512,ZL,CZ
"Filmové Ateliéry,točna",49.200558,17.670362,ZL,CZ
"Filmové Ateliéry,točna",49.200493,17.670277,ZL,CZ
Hradská,49.22079,17.67232,ZL,CZ
Chlum,49.23008,17.602133,ZL,CZ
Chlum,49.23038,17.602133,ZL,CZ
J.A.Bati,49.222927,17.656652,ZL,CZ
"Jaroslavice,dolní konec",49.214046,17.69746,ZL,CZ
"Jaroslavice,dolní konec",49.213768,17.697292,ZL,CZ
"Jaroslavice,náves",49.21184,17.7017,ZL,CZ
"Jaroslavice,náves",49.211647,17.702097,ZL,CZ
"Jaroslavice,pož.zbroj.",49.21048,17.704147,ZL,CZ
"Jaroslavice,pož.zbroj.",49.21028,17.70414,ZL,CZ
"Jaroslavice,točna",49.2088,17.7055,ZL,CZ
"Jižní Svahy,Kocanda",49.241817,17.675049,ZL,CZ
"Jižní Svahy,Středová",49.236893,17.672983,ZL,CZ
"Jižní Svahy,Středová",49.236897,17.673307,ZL,CZ
K Pasekám,49.23724,17.657145,ZL,CZ
K Pasekám,49.23716,17.656738,ZL,CZ
Klabalská I,49.24053,17.65612,ZL,CZ
"Kostelec,garáže",49.2672,17.705744,ZL,CZ
"Kostelec,garáže",49.267353,17.70638,ZL,CZ
"Kostelec,střed",49.26489,17.701967,ZL,CZ
"Kostelec,střed",49.264874,17.702105,ZL,CZ
"Kostelec,u pomníku TGM",49.260143,17.70224,ZL,CZ
"Kostelec,u pomníku TGM",49.26043,17.702433,ZL,CZ
"Kostelec,U Řadovek",49.259624,17.709703,ZL,CZ
"Kostelec,U Řadovek",49.258312,17.706888,ZL,CZ
"Kostelec-Lázně,Zlínská",49.256905,17.70138,ZL,CZ
"Kostelec-Lázně,Zlínská",49.256985,17.701653,ZL,CZ
Křiby,49.236713,17.66612,ZL,CZ
Křiby,49.236443,17.666164,ZL,CZ
"Kudlov,střed",49.20667,17.68232,ZL,CZ
"Kudlov,tiskárna",49.200363,17.68036,ZL,CZ
"Kudlov,tiskárna",49.20044,17.680544,ZL,CZ
"Kudlov,točna",49.19955,17.694887,ZL,CZ
Kúty,49.231632,17.678354,ZL,CZ
Kúty,49.23144,17.677923,ZL,CZ
"Kvítkovice,hřbitov",49.19293,17.541613,ZL,CZ
"Kvítkovice,náves",49.197197,17.543324,ZL,CZ
"Kvítkovice,Zlínská",49.199184,17.537971,ZL,CZ
"Lazy,škola",49.221767,17.681639,ZL,CZ
"Lazy,škola",49.22159,17.682367,ZL,CZ
Lesní Čtvrť,49.2195,17.691565,ZL,CZ
Lesní Čtvrť,49.21969,17.69169,ZL,CZ
Lesní hřbitov,49.20188,17.662848,ZL,CZ
Lesní hřbitov,49.201694,17.662453,ZL,CZ
Lešetín I,49.227295,17.673635,ZL,CZ
Lešetín I,49.227337,17.671324,ZL,CZ
"Lešná,ZOO",49.27109,17.714596,ZL,CZ
"Lešná,ZOO",49.270992,17.714249,ZL,CZ
"Letná,škola",49.218807,17.650799,ZL,CZ
"Letná,škola",49.218662,17.65028,ZL,CZ
Lhotka,49.23393,17.58944,ZL,CZ
"Louky,hřiště",49.218697,17.618446,ZL,CZ
"Louky,hřiště",49.21899,17.618408,ZL,CZ
"Louky,křiž.",49.21636,17.62543,ZL,CZ
"Louky,prům.zóna",49.214516,17.619247,ZL,CZ
"Louky,Růžová",49.21687,17.628227,ZL,CZ
"Louky,střed",49.21959,17.614147,ZL,CZ
"Louky,střed",49.21967,17.61394,ZL,CZ
"Louky,točna",49.217857,17.608976,ZL,CZ
"Louky,točna",49.217743,17.60837,ZL,CZ
"Lužkovice,Hvozdenská",49.226505,17.737465,ZL,CZ
"Lužkovice,Hvozdenská",49.22646,17.73796,ZL,CZ
"Lužkovice,Kosov",49.223858,17.726074,ZL,CZ
"Lužkovice,Kosov",49.2238,17.724943,ZL,CZ
"Lužkovice,Pod Jurým",49.22384,17.7296,ZL,CZ
"Lužkovice,Pod Jurým",49.22373,17.72918,ZL,CZ
"Lužkovice,prům.zóna-točna",49.22572,17.732033,ZL,CZ
"Lužkovice,prům.zóna-točna",49.225796,17.732843,ZL,CZ
"Lužkovice,Zádědina",49.224274,17.743109,ZL,CZ
M.Knesla,49.224754,17.699516,ZL,CZ
M.Knesla,49.22517,17.698015,ZL,CZ
"Malenovice,1.máje",49.201767,17.595455,ZL,CZ
"Malenovice,Centro",49.20499,17.56974,ZL,CZ
"Malenovice,cihelna",49.211105,17.609488,ZL,CZ
"Malenovice,cihelna",49.21129,17.610992,ZL,CZ
"Malenovice,hřbitov",49.202217,17.575195,ZL,CZ
"Malenovice,hřiště",49.204693,17.58922,ZL,CZ
"Malenovice,hřiště",49.204792,17.589872,ZL,CZ
"Malenovice,Jar.Staši",49.205917,17.593416,ZL,CZ
"Malenovice,Jar.Staši",49.206226,17.59386,ZL,CZ
"Malenovice,Jarolímkovo náměstí",49.20518,17.59462,ZL,CZ
"Malenovice,Kamenec I",49.199074,17.597092,ZL,CZ
"Malenovice,Kamenec II",49.200184,17.598656,ZL,CZ
"Malenovice,Masarykova",49.20771,17.595547,ZL,CZ
"Malenovice,Mlýnská",49.206635,17.585316,ZL,CZ
"Malenovice,obchodní zóna",49.20436,17.562668,ZL,CZ
"Malenovice,obchodní zóna",49.204357,17.564688,ZL,CZ
"Malenovice,Pila",49.21029,17.605356,ZL,CZ
"Malenovice,Pila",49.210335,17.60706,ZL,CZ
"Malenovice,Pionýrů",49.20173,17.595736,ZL,CZ
"Malenovice,sídliště",49.208504,17.589216,ZL,CZ
"Malenovice,sídliště",49.208557,17.5905,ZL,CZ
"Malenovice,Sklady",49.20619,17.578228,ZL,CZ
"Malenovice,Sklady",49.206474,17.580261,ZL,CZ
"Malenovice,Sokolovská",49.20456,17.590916,ZL,CZ
"Malenovice,točna",49.208614,17.595371,ZL,CZ
"Malenovice,točna",49.20865,17.59473,ZL,CZ
"Malenovice,Tyršova",49.20345,17.58361,ZL,CZ
"Malenovice,U Mlýna",49.207405,17.583849,ZL,CZ
"Malenovice,U Mlýna",49.207592,17.585855,ZL,CZ
"Malenovice,Zabrání",49.203686,17.595026,ZL,CZ
"Malenovice,ZPS",49.20528,17.5705,ZL,CZ
Mokrá I,49.23745,17.656244,ZL,CZ
Mokrá II,49.24027,17.652777,ZL,CZ
Morýsovy domy,49.225494,17.682772,ZL,CZ
Morýsovy domy,49.225334,17.683767,ZL,CZ
Na Drahách,49.24192,17.652493,ZL,CZ
Na Vyhlídce,49.218933,17.65516,ZL,CZ
Na Vyhlídce,49.219288,17.655825,ZL,CZ
Náměstí Práce,49.223785,17.66148,ZL,CZ
Obeciny,49.222565,17.697325,ZL,CZ
Obeciny,49.222836,17.69686,ZL,CZ
"Otrokovice,Baťov,aut.nádr.",49.2166,17.515924,ZL,CZ
"Otrokovice,Baťov,aut.nádr.",49.216347,17.516014,ZL,CZ
"Otrokovice,Baťov,Společenský dům",49.21459,17.513613,ZL,CZ
"Otrokovice,Baťov,Společenský dům",49.215435,17.513409,ZL,CZ
"Otrokovice,Baťov,Zahradní",49.21969,17.51441,ZL,CZ
"Otrokovice,Dr.E.Beneše",49.201237,17.535566,ZL,CZ
"Otrokovice,Havlíčkova",49.20323,17.53554,ZL,CZ
"Otrokovice,Nadjezd",49.21123,17.52952,ZL,CZ
"Otrokovice,Nadjezd",49.21149,17.52986,ZL,CZ
"Otrokovice,žel.st.",49.201878,17.532196,ZL,CZ
Padělky I,49.23244,17.676529,ZL,CZ
Padělky I,49.232117,17.675417,ZL,CZ
Padělky IX,49.231987,17.681692,ZL,CZ
Padělky IX,49.23167,17.683151,ZL,CZ
Pančava-Gemini,49.219913,17.70863,ZL,CZ
Pančava-Gemini,49.22009,17.707888,ZL,CZ
Pasecká,49.238865,17.660303,ZL,CZ
Pasecká,49.238644,17.660175,ZL,CZ
Pod Babou,49.23025,17.65399,ZL,CZ
Pod Babou,49.230976,17.65436,ZL,CZ
"Podhoří,M.Alše",49.21665,17.63893,ZL,CZ
"Podhoří,M.Alše",49.2168,17.639769,ZL,CZ
"Podhoří,sídliště",49.218258,17.633907,ZL,CZ
"Podhoří,sídliště",49.218376,17.635756,ZL,CZ
"Podhoří,Svat.Čecha",49.215916,17.634388,ZL,CZ
"Podhoří,Svat.Čecha",49.215836,17.634544,ZL,CZ
"Podhoří,točna",49.21501,17.629827,ZL,CZ
"Podhoří,točna",49.21523,17.630287,ZL,CZ
Podvesná VI,49.22844,17.68316,ZL,CZ
Podvesná VI,49.228016,17.683044,ZL,CZ
Podvesná X,49.22664,17.686647,ZL,CZ
Podvesná X,49.22676,17.686132,ZL,CZ
Podvesná XII,49.228836,17.68828,ZL,CZ
Podvesná XVI,49.22843,17.692675,ZL,CZ
Podvesná XVII,49.22613,17.6921,ZL,CZ
Poliklinika,49.221645,17.652552,ZL,CZ
Prostřední,49.22463,17.6803,ZL,CZ
Prostřední,49.22456,17.679487,ZL,CZ
Prštné,49.219765,17.640385,ZL,CZ
Prštné,49.21961,17.640764,ZL,CZ
"Prštné,Náves",49.22279,17.637188,ZL,CZ
Příční,49.2242,17.690496,ZL,CZ
Příční,49.22405,17.691174,ZL,CZ
Příkrá,49.22069,17.687485,ZL,CZ
Příkrá,49.220753,17.687508,ZL,CZ
Přílucká,49.22152,17.70203,ZL,CZ
Přílucká,49.22148,17.702473,ZL,CZ
"Příluky,Cecilka",49.223427,17.720573,ZL,CZ
"Příluky,Cecilka",49.22272,17.718061,ZL,CZ
"Příluky,hřiště",49.22216,17.717113,ZL,CZ
"Příluky,nová zast.",49.220512,17.714344,ZL,CZ
"Příluky,nová zast.",49.22041,17.714216,ZL,CZ
"Příluky,Pekárenská",49.222233,17.71622,ZL,CZ
"Příluky,Pekárenská",49.22215,17.715654,ZL,CZ
"Příluky,točna",49.22048,17.71413,ZL,CZ
"Příluky,Za Kapličkou",49.226597,17.713177,ZL,CZ
Slínová,49.22389,17.692823,ZL,CZ
Slínová,49.22384,17.693964,ZL,CZ
Slovenská,49.22423,17.67371,ZL,CZ
Slovenská,49.22416,17.67406,ZL,CZ
Slunečná,49.232777,17.66118,ZL,CZ
Slunečná,49.23261,17.660908,ZL,CZ
Spojovací,49.22455,17.68445,ZL,CZ
Spojovací,49.22444,17.68564,ZL,CZ
Sportovní hala,49.219723,17.659044,ZL,CZ
Sportovní hala,49.22049,17.658648,ZL,CZ
"Štípa,družstvo",49.266582,17.728056,ZL,CZ
"Štípa,družstvo",49.26639,17.727732,ZL,CZ
"Štípa,Na Vyhlídce",49.276436,17.740623,ZL,CZ
"Štípa,Na Vyhlídce",49.2765,17.74057,ZL,CZ
"Štípa,Pod Větřákem",49.265736,17.727842,ZL,CZ
"Štípa,škola",49.261887,17.716309,ZL,CZ
"Štípa,škola",49.26196,17.716175,ZL,CZ
"Štípa,U Kapličky",49.268288,17.723532,ZL,CZ
"Štípa,U Kapličky",49.268143,17.723732,ZL,CZ
"Štípa,U Obrázku",49.27259,17.733929,ZL,CZ
"Štípa,U Obrázku",49.272583,17.73382,ZL,CZ
"Štípa,U Potoka",49.26575,17.727436,ZL,CZ
"Štípa,U Potoka",49.266064,17.727118,ZL,CZ
"Štípa,Zámecká",49.269714,17.718756,ZL,CZ
"Tečovice,rozc.Lhotka",49.22638,17.582293,ZL,CZ
Topolová,49.21856,17.646772,ZL,CZ
Topolová,49.21845,17.646563,ZL,CZ
Trávníky,49.20011,17.545233,ZL,CZ
Trávníky,49.2002,17.54624,ZL,CZ
"U Majáku,Ke Křibům",49.20174,17.655031,ZL,CZ
"U Majáku,točna",49.201878,17.652985,ZL,CZ
U Splavu,49.229477,17.68041,ZL,CZ
U Splavu,49.229565,17.680704,ZL,CZ
U Zámku,49.225426,17.66193,ZL,CZ
U Zámku,49.225845,17.661934,ZL,CZ
Univerzitní park,49.221115,17.658787,ZL,CZ
Univerzitní park,49.221,17.65878,ZL,CZ
Valachův žleb,49.2427,17.673931,ZL,CZ
Valachův žleb,49.243,17.6738,ZL,CZ
"Velíková,Dolní konec",49.280304,17.753653,ZL,CZ
"Velíková,Dolní konec",49.28039,17.75374,ZL,CZ
"Velíková,střed",49.2815,17.758278,ZL,CZ
"Velíková,střed",49.28165,17.758284,ZL,CZ
"Velíková,točna",49.28769,17.761068,ZL,CZ
Věžové domy,49.225037,17.689976,ZL,CZ
Vodní,49.22839,17.664976,ZL,CZ
Vršava,49.24202,17.68884,ZL,CZ
"Vršava,Januštice-tenisové kurty",49.239037,17.688932,ZL,CZ
"Vršava,Januštice-tenisové kurty",49.239365,17.688976,ZL,CZ
Zahradnická,49.2209,17.64734,ZL,CZ
Zálešná V,49.23073,17.688377,ZL,CZ
Zálešná V,49.230793,17.687721,ZL,CZ
Zborovská,49.226257,17.7021,ZL,CZ
Zborovská,49.226665,17.70154,ZL,CZ
"Zlín,střed",49.226154,17.659512,ZL,CZ
"Zlínské Paseky,hřiště",49.242813,17.662544,ZL,CZ
"Zlínské Paseky,hřiště",49.242752,17.662697,ZL,CZ
"Zlínské Paseky,točna",49.245216,17.664867,ZL,CZ
Žabárna,49.22526,17.708214,ZL,CZ
"Želechovice,střed",49.217716,17.745897,ZL,CZ
