"Albrechtice,,dvůr Červenky",49.7693062,18.5335464,KA
"Albrechtice,,nákupní středisko",49.7915039,18.5278111,KA
"Albrechtice,,nákupní středisko",49.79177,18.5280533,KA
"Albrechtice,,sídliště",49.7806129,18.5231323,KA
"Albrechtice,,sídliště",49.7805824,18.5234718,KA
"Albrechtice,,střed",49.7856255,18.52509,KA
"Albrechtice,,střed",49.786,18.5252647,KA
"Albrechtice,,u hráze",49.7790527,18.5132828,KA
"Albrechtice,,u hráze",49.7790565,18.5145855,KA
"Albrechtice,,vodojem",49.7757378,18.5024071,KA
"Albrechtice,,vodojem",49.7756271,18.5024662,KA
"Albrechtice,,Wawreczka",49.79512,18.5286217,KA
"Albrechtice,,Wawreczka",49.7950974,18.5285549,KA
"Albrechtice,,Zámostí",49.7802734,18.5277023,KA
"Albrechtice,,Zámostí",49.7805672,18.5275249,KA
"Albrechtice,,žel.st.",49.7931633,18.5254459,KA
"Albrechtice,,žel.st.",49.7933655,18.5246353,KA
"Albrechtice,Pardubice",49.7742043,18.5382137,KA
"Albrechtičky,,Jednota",49.6993523,18.0944462,NJ
"Albrechtičky,,Jednota",49.6991539,18.0946045,NJ
"Albrechtičky,,mateřská škola",49.69966,18.0981655,NJ
"Albrechtičky,,mateřská škola",49.69963,18.0980721,NJ
"Andělská Hora,,aut.st.",50.061203,17.3894939,BR
"Andělská Hora,,aut.st.",50.0611038,17.3894463,BR
"Andělská Hora,Pustá Rudná,samota",50.0789757,17.3965435,BR
"Andělská Hora,Pustá Rudná,samota",50.07897,17.3964214,BR
"Babice,,čekárna",49.73789,17.2613373,OC
"Babice,,čekárna",49.7379036,17.26112,OC
"Bartošovice,,horní konec",49.6529541,18.0463581,NJ
"Bartošovice,,horní konec",49.65275,18.0464954,NJ
"Bartošovice,,Jednota horní",49.6597443,18.0538025,NJ
"Bartošovice,,Jednota horní",49.6596451,18.0536575,NJ
"Bartošovice,,obecní úřad",49.66908,18.0545044,NJ
"Bartošovice,,obecní úřad",49.66923,18.0545349,NJ
"Bartošovice,,rozc.k pískovně",49.64738,18.0493279,NJ
"Bartošovice,,u žel.mostu",49.6872139,18.0623283,NJ
"Bartošovice,,u žel.mostu",49.68722,18.0624046,NJ
"Bartošovice,Hukovice,Jednota",49.650135,18.0196533,NJ
"Bartošovice,Hukovice,Jednota",49.6502,18.0195217,NJ
"Bartošovice,Hukovice,sídliště",49.6525955,18.0283642,NJ
"Bartošovice,Hukovice,sídliště",49.65269,18.0283222,NJ
"Baška,,Malá Baška",49.62632,18.37017,FM
"Baška,,Malá Baška",49.6261864,18.3702221,FM
"Baška,,Obecní úřad",49.6450653,18.3701839,FM
"Baška,,rozc.Janovice",49.6261253,18.36859,FM
"Baška,,střed",49.64272,18.3701954,FM
"Baška,,střed",49.64279,18.3703251,FM
"Baška,,u cihelny",49.6472473,18.3721981,FM
"Baška,,u cihelny",49.64792,18.3724174,FM
"Baška,,žel.st.",49.6512871,18.37016,FM
"Baška,,žel.st.",49.6510849,18.37006,FM
"Baška,Hodoňovice,Kamenec",49.62391,18.3587971,FM
"Baška,Hodoňovice,Kamenec",49.62383,18.3586578,FM
"Baška,Hodoňovice,škola",49.6350822,18.3544159,FM
"Baška,Hodoňovice,škola",49.63491,18.3542671,FM
"Baška,Hodoňovice,transformátor",49.630352,18.3576813,FM
"Baška,Hodoňovice,transformátor",49.6303062,18.3576069,FM
"Baška,Kunčičky u Bašky,rozc.Baška",49.645256,18.3634968,FM
"Baška,Kunčičky u Bašky,rozc.Baška",49.6448021,18.363718,FM
"Baška,Kunčičky u Bašky,škola",49.647625,18.3623867,FM
"Baška,Kunčičky u Bašky,škola",49.6479,18.36216,FM
"Baška,Kunčičky u Bašky,U Stonavských",49.6525421,18.3598824,FM
"Baška,Kunčičky u Bašky,U Stonavských",49.6524658,18.3601437,FM
"Bělá p.Prad.,,Videlský kříž",50.114727,17.2436981,JE
"Bělá p.Prad.,,vodopády",50.1365662,17.2102642,JE
"Bělá p.Prad.,Adolfovice,Mlýnky",50.19892,17.1939526,JE
"Bělá p.Prad.,Domašov,ObÚ",50.17966,17.1992722,JE
"Bělá p.Prad.,Domašov,rozc.",50.16394,17.1965637,JE
"Bělá,,střed",49.9733543,18.146492,OP
"Bělkovice-Lašťany,Bělkovice",49.66816,17.3164024,OC
"Bělkovice-Lašťany,Bělkovice",49.6680069,17.3164539,OC
"Bělkovice-Lašťany,Lašťany,garáž",49.6714058,17.3249664,OC
"Bělkovice-Lašťany,Lašťany,Hostinec",49.6705551,17.3167057,OC
"Bělkovice-Lašťany,Lašťany,pod lipami",49.6730423,17.3168831,OC
"Bělkovice-Lašťany,Lašťany,pod lipami",49.6730766,17.3169689,OC
"Bělotín,,horní konec",49.60366,17.8060913,PR
"Bělotín,,horní konec",49.60351,17.8059673,PR
"Bělotín,,horní konec",49.60382,17.80618,PR
"Bělotín,,rozc.Kunčice",49.5817375,17.7915268,PR
"Bělotín,,rozc.Nejdek",49.5942154,17.8073311,PR
"Bělotín,,rozc.Nejdek",49.59416,17.8072128,PR
"Bělotín,,rozc.Nejdek",49.5942574,17.80742,PR
"Bělotín,,střed",49.5857239,17.7996655,PR
"Bělotín,,střed",49.58572,17.7994576,PR
"Bělotín,,střed",49.58555,17.7997112,PR
"Bělotín,Lučice,dolní konec",49.5911255,17.8303967,PR
"Bělotín,Lučice,rozc.",49.5808029,17.8223858,PR
"Bělotín,Lučice,škola",49.5935936,17.8328629,PR
"Bernartice n.Odrou,,obora",49.6021729,17.9530029,NJ
"Bernartice n.Odrou,,obora",49.60221,17.9530754,NJ
"Bernartice n.Odrou,,rozc.",49.6118,17.9478779,NJ
"Bernartice n.Odrou,,rozc.",49.6120453,17.9479713,NJ
"Bernartice n.Odrou,,rozc.",49.612545,17.9477215,NJ
"Bernartice n.Odrou,,rozc.",49.6125755,17.9478321,NJ
"Bernartice n.Odrou,,točna",49.62092,17.9436665,NJ
"Bílá,,aut.st.",49.44611,18.4612713,FM
"Bílá,,aut.st.",49.4465446,18.461998,FM
"Bílá,,Baraní",49.4480438,18.4956436,FM
"Bílá,,Baraní",49.44807,18.49592,FM
"Bílá,,hájenka",49.4156952,18.3871784,FM
"Bílá,,hájenka",49.41574,18.3871574,FM
"Bílá,,chata Třeštík",49.40225,18.3887024,FM
"Bílá,,chata Třeštík",49.40245,18.3858547,FM
"Bílá,,Konečná st.hr.",49.4528,18.5222073,FM
"Bílá,,Konečná st.hr.",49.4527969,18.5223541,FM
"Bílá,,Mezivodí",49.42537,18.4101524,FM
"Bílá,,Mezivodí",49.42537,18.4101524,FM
"Bílá,,Slaná",49.43223,18.4217,FM
"Bílá,,Slaná",49.4322968,18.4217072,FM
"Bílá,,střed",49.44317,18.4571743,FM
"Bílá,,střed",49.4429779,18.45727,FM
"Bílá,,zámeček",49.44088,18.44712,FM
"Bílá,,zámeček",49.4409561,18.4470081,FM
"Bílá,Bumbálka,st.hr.",49.3991547,18.4097519,FM
"Bílá,Bumbálka,st.hr.",49.3992653,18.4094048,FM
"Bílá,Bumbálka,st.hr.",49.3991661,18.4098454,FM
"Bílá,Hlavatá,kaple",49.41651,18.37354,FM
"Bílá,Hlavatá,kaple",49.41658,18.3736477,FM
"Bílčice,,bytovky",49.8707771,17.56393,BR
"Bílčice,,bytovky",49.8707962,17.5640736,BR
"Bílčice,,hráz",49.8878441,17.5735035,BR
"Bílčice,,hráz",49.8876457,17.5739861,BR
"Bílčice,,kamenolom",49.88336,17.5675964,BR
"Bílčice,,kamenolom",49.88336,17.5676823,BR
"Bílčice,,obecní úřad",49.8703651,17.5670376,BR
"Bílčice,,obecní úřad",49.8702621,17.567,BR
"Bílčice,Májůvka",49.85383,17.55505,BR
"Bílčice,Májůvka",49.8537865,17.5551128,BR
"Bílov,,ČSSS",49.7169228,18.0000763,NJ
"Bílov,,ČSSS",49.7170944,18.0003128,NJ
"Bílov,,střed",49.7358971,18.00225,NJ
"Bílov,,střed",49.7361031,18.0022221,NJ
"Bílovec,,čerp.st.",49.7553139,18.0106583,NJ
"Bílovec,,čerp.st.",49.7555161,18.0118065,NJ
"Bílovec,,most k Vel.Albrechticím",49.75019,18.0248165,NJ
"Bílovec,,most k Vel.Albrechticím",49.7501335,18.02494,NJ
"Bílovec,,most k Vel.Albrechticím",49.7525368,18.0225143,NJ
"Bílovec,,pož.zbroj.",49.7607079,18.0181179,NJ
"Bílovec,,pož.zbroj.",49.7611656,18.0180378,NJ
"Bílovec,,rest.Beseda",49.7597351,18.0197544,NJ
"Bílovec,,rest.Beseda",49.75982,18.0197,NJ
"Bílovec,,u schodů",49.75341,18.0181942,NJ
"Bílovec,,u schodů",49.7549973,18.0148869,NJ
"Bílovec,,Údolí mladých",49.7695236,18.0278111,NJ
"Bílovec,,Údolí mladých",49.7693443,18.02735,NJ
"Bílovec,,žel.st.",49.7537956,18.0149975,NJ
"Bílovec,,žel.st.",49.75361,18.0147858,NJ
"Bílovec,,žel.st.",49.75368,18.01423,NJ
"Bílovec,,žel.st.",49.7538033,18.0144424,NJ
"Bílovec,,žel.st.",49.75367,18.0137062,NJ
"Bílovec,Bravinné",49.75371,17.9640732,NJ
"Bílovec,Bravinné",49.75396,17.9640827,NJ
"Bílovec,Lhotka",49.7776031,18.0686855,NJ
"Bílovec,Lhotka",49.7777557,18.0691872,NJ
"Bílovec,Lubojaty,dvůr",49.77756,18.0392132,NJ
"Bílovec,Lubojaty,dvůr",49.7775421,18.0392933,NJ
"Bílovec,Lubojaty,Niva",49.7865,18.05026,NJ
"Bílovec,Lubojaty,Niva",49.7864876,18.05014,NJ
"Bílovec,Lubojaty,rozc.Bílovec",49.78189,18.0473137,NJ
"Bílovec,Lubojaty,rozc.Bílovec",49.7818642,18.0474453,NJ
"Bílovec,Lubojaty,rozc.Klimkovice",49.78132,18.0490379,NJ
"Bílovec,Lubojaty,rozc.Klimkovice",49.781456,18.04907,NJ
"Bílovec,Nové Dvory,kaple",49.76021,17.9377728,NJ
"Bílovec,Nové Dvory,kaple",49.7601357,17.93785,NJ
"Bílovec,Ohrada",49.7858047,17.9564171,NJ
"Bílovec,Stará Ves,kostel",49.7720146,17.9734669,NJ
"Bílovec,Stará Ves,kostel",49.7728539,17.97286,NJ
"Bílovec,Stará Ves,Požaha rozc.",49.78263,17.9242668,OP
"Bílovec,Stará Ves,Požaha rozc.",49.7827454,17.9242783,OP
"Bílovec,Stará Ves,Požaha střed",49.7777824,17.9255447,NJ
"Bílovec,Stará Ves,Požaha střed",49.77772,17.9256611,NJ
"Bílovec,Stará Ves,rest.Madzia",49.7788277,17.9585381,NJ
"Bílovec,Stará Ves,rest.Madzia",49.7790146,17.9586048,NJ
"Bílovec,Stará Ves,rozc.Bravinné",49.76141,17.9939289,NJ
"Bílovec,Stará Ves,rozc.Bravinné",49.7616158,17.99367,NJ
"Bílovec,Stará Ves,váha",49.7658768,17.98279,NJ
"Bílovec,Stará Ves,váha",49.7661743,17.9826469,NJ
"Bílovec,Výškovice,kaple",49.80772,17.9893246,NJ
"Bílovec,Výškovice,kaple",49.80779,17.98942,NJ
"Bílovec,Výškovice,rest.",49.8082924,17.9891586,NJ
"Bílovec,Výškovice,rest.",49.80834,17.98926,NJ
"Bílovec,Výškovice,transformátor",49.8072968,17.9857655,NJ
"Bílovec,Výškovice,transformátor",49.80737,17.9858246,NJ
"Bítov,,Obecní dům",49.7998734,18.04857,NJ
"Bítov,,Obecní dům",49.80004,18.0483055,NJ
"Bocanovice,,obchod u Bocka",49.5726547,18.7339821,FM
"Bocanovice,,škola",49.5685158,18.7388649,FM
"Bocanovice,,škola",49.5681534,18.73842,FM
"Bocanovice,,žel.st.",49.5650139,18.7408028,FM
"Bohumín,,CLO",49.919735,18.327528,KA
"Bohumín,Kopytov,Stružka",49.93175,18.3516064,KA
"Bohumín,Kopytov,Stružka",49.93172,18.3515377,KA
"Bohumín,Kopytov,točna",49.9397964,18.3574944,KA
"Bohumín,Nový Bohumín,aut.st.",49.89936,18.3533688,KA
"Bohumín,Nový Bohumín,aut.st.",49.89949,18.35325,KA
"Bohumín,Nový Bohumín,aut.st.",49.8994675,18.35342,KA
"Bohumín,Nový Bohumín,aut.st.",49.8995552,18.3533516,KA
"Bohumín,Nový Bohumín,aut.st.",49.8995171,18.35346,KA
"Bohumín,Nový Bohumín,Dvořákova",49.90913,18.3568363,KA
"Bohumín,Nový Bohumín,Eduarda Beneše",49.9035,18.3527451,KA
"Bohumín,Nový Bohumín,Eduarda Beneše",49.90344,18.3529758,KA
"Bohumín,Nový Bohumín,Mírová",49.9082031,18.3553848,KA
"Bohumín,Nový Bohumín,Mírová",49.9080544,18.3558731,KA
"Bohumín,Nový Bohumín,Okružní",49.9024048,18.3473034,KA
"Bohumín,Nový Bohumín,Okružní",49.9025536,18.3469753,KA
"Bohumín,Nový Bohumín,Studentská",49.9047165,18.3629742,KA
"Bohumín,Nový Bohumín,Studentská",49.9044533,18.3626671,KA
"Bohumín,Nový Bohumín,transformátor",49.9091949,18.34904,KA
"Bohumín,Nový Bohumín,transformátor",49.90967,18.3478317,KA
"Bohumín,Nový Bohumín,Vrchlického",49.90537,18.3587685,KA
"Bohumín,Nový Bohumín,Vrchlického",49.9051971,18.3587933,KA
"Bohumín,Nový Bohumín,ŽD vrát.II",49.8922234,18.3588257,KA
"Bohumín,Nový Bohumín,ŽD vrát.II",49.892643,18.3588066,KA
"Bohumín,Nový Bohumín,ŽD vrát.III",49.8872261,18.3533611,KA
"Bohumín,Nový Bohumín,ŽD vrát.III",49.88727,18.35339,KA
"Bohumín,Nový Bohumín,ŽD",49.8942642,18.3592625,KA
"Bohumín,Nový Bohumín,ŽD",49.8953667,18.35871,KA
"Bohumín,Nový Bohumín,žel.st.",49.9015465,18.3594971,KA
"Bohumín,Nový Bohumín,žel.st.",49.9014549,18.3590546,KA
"Bohumín,Pudlov,drátovny",49.89607,18.3471336,KA
"Bohumín,Pudlov,drátovny",49.8961754,18.3469143,KA
"Bohumín,Pudlov,Jateční",49.9051437,18.3480282,KA
"Bohumín,Pudlov,Jateční",49.90555,18.3480358,KA
"Bohumín,Pudlov,Louny",49.8889465,18.32631,KA
"Bohumín,Pudlov,Louny",49.8888054,18.3261318,KA
"Bohumín,Pudlov,Rybena",49.9071579,18.3391743,KA
"Bohumín,Pudlov,Rybena",49.9083672,18.337532,KA
"Bohumín,Pudlov,střed",49.89611,18.3341846,KA
"Bohumín,Pudlov,střed",49.8962746,18.3338642,KA
"Bohumín,Pudlov,ŽD točna",49.8960953,18.3441067,KA
"Bohumín,Skřečoň,Martinov",49.91759,18.3748856,KA
"Bohumín,Skřečoň,Martinov",49.9176445,18.3748646,KA
"Bohumín,Skřečoň,Na kopci",49.89923,18.3886452,KA
"Bohumín,Skřečoň,Na kopci",49.8993454,18.3879,KA
"Bohumín,Skřečoň,Nová Ves Pramen",49.9142456,18.3803558,KA
"Bohumín,Skřečoň,pošta",49.90343,18.3784351,KA
"Bohumín,Skřečoň,pošta",49.903595,18.37829,KA
"Bohumín,Skřečoň,Rockwool",49.90421,18.3738117,KA
"Bohumín,Skřečoň,Rockwool",49.9042931,18.3719959,KA
"Bohumín,Skřečoň,u Haladů",49.90726,18.3854847,KA
"Bohumín,Skřečoň,u Haladů",49.90746,18.38531,KA
"Bohumín,Starý Bohumín,nám.Svobody",49.9193764,18.3291416,KA
"Bohumín,Starý Bohumín,nemocnice",49.9165154,18.3365765,KA
"Bohumín,Starý Bohumín,nemocnice",49.9169769,18.3359928,KA
"Bohumín,Šunychl,křiž.",49.9179153,18.3575287,KA
"Bohumín,Šunychl,křiž.",49.9183,18.3577061,KA
"Bohumín,Šunychl,samoobsluha",49.92144,18.3594837,KA
"Bohumín,Šunychl,škola",49.9281425,18.3547421,KA
"Bohumín,Šunychl,ZD",49.9245338,18.3580246,KA
"Bohumín,Šunychl,ZD",49.9245453,18.3580036,KA
"Bohumín,Vrbice,čerpací stanice",49.8796959,18.3141613,KA
"Bohumín,Vrbice,čerpací stanice",49.8798141,18.3141251,KA
"Bohumín,Vrbice,jezero",49.8778877,18.3068333,KA
"Bohumín,Vrbice,jezero",49.8777657,18.30711,KA
"Bohumín,Vrbice,samoobsluha",49.88322,18.3178635,KA
"Bohumín,Vrbice,samoobsluha",49.8842125,18.3190556,KA
"Bohumín,Záblatí,rest.Na Zálesí",49.8920021,18.3641338,KA
"Bohumín,Záblatí,rest.Na Zálesí",49.8923531,18.3640232,KA
"Bohumín,Záblatí,sokolovna",49.88362,18.3746529,KA
"Bohumín,Záblatí,sokolovna",49.88412,18.3759632,KA
"Bohumín,Záblatí,střed",49.8842659,18.37053,KA
"Bohumín,Záblatí,střed",49.88383,18.37078,KA
"Bohumín,Záblatí,u kříže",49.8886757,18.3674641,KA
"Bohumín,Záblatí,u kříže",49.8888931,18.36742,KA
"Bohuslavice,,č.253",49.9457626,18.1549225,OP
"Bohuslavice,,č.253",49.9458046,18.1548386,OP
"Bohuslavice,,hřiště",49.93668,18.1239929,OP
"Bohuslavice,,hřiště",49.9366722,18.1241188,OP
"Bohuslavice,,rest.Jednota",49.94321,18.1344185,OP
"Bohuslavice,,rest.Jednota",49.94325,18.1341572,OP
"Bohuslavice,,škola",49.9419136,18.1274834,OP
"Bohuslavice,,škola",49.94193,18.1272125,OP
"Bohuslavice,,U Veverky",49.944355,18.1422672,OP
"Bohuslavice,,U Veverky",49.94447,18.14236,OP
"Bohušov,,Benzina",50.2429543,17.7123222,BR
"Bohušov,,Benzina",50.243557,17.7126637,BR
"Bohušov,,obchod",50.2433739,17.7141018,BR
"Bohušov,,obchod",50.2432861,17.7143211,BR
"Bohušov,Dolní Povelice",50.2332153,17.6816559,BR
"Bohušov,Dolní Povelice",50.2332458,17.6816616,BR
"Bohušov,Karlov",50.251255,17.67825,BR
"Bohušov,Karlov",50.2511024,17.678318,BR
"Bohušov,Kašnice",50.2401352,17.73976,BR
"Bohušov,Kašnice",50.2400856,17.73981,BR
"Bolatice,,kaple",49.9474754,18.08533,OP
"Bolatice,,kaple",49.9474258,18.085474,OP
"Bolatice,,Na Výhodě",49.93266,18.0909443,OP
"Bolatice,,Na Výhodě",49.9328041,18.0908737,OP
"Bolatice,,náměstí",49.9524536,18.0797729,OP
"Bolatice,,náměstí",49.9523125,18.0792732,OP
"Bolatice,,škola",49.95534,18.0881844,OP
"Bolatice,,škola",49.9555969,18.08856,OP
"Bolatice,,U hřiště",49.9507523,18.07076,OP
"Bolatice,,U hřiště",49.95069,18.0698681,OP
"Bolatice,,zdravotní středisko",49.9529076,18.0808125,OP
"Bolatice,,žel.st.",49.9638519,18.0742016,OP
"Bolatice,,žel.st.",49.96317,18.0743351,OP
"Bolatice,Borová,Bělská",49.9598465,18.105,OP
"Bolatice,Borová,rozc.",49.9590034,18.0949135,OP
"Bolatice,Borová,rozc.",49.95899,18.0948143,OP
"Bordovice,,rozc.",49.5490341,18.1606255,NJ
"Bordovice,,rozc.",49.54947,18.1600018,NJ
"Bordovice,,rozc.",49.5491524,18.1604519,NJ
"Bordovice,,Růže",49.543148,18.146244,NJ
"Bordovice,,Růže",49.54313,18.14639,NJ
Branka u Opavy,49.8880043,17.8782043,OP
Branka u Opavy,49.88779,17.8779449,OP
"Branka u Opavy,,škola",49.88773,17.8825722,OP
"Branka u Opavy,,továrna",49.88286,17.87745,OP
"Branka u Opavy,,továrna",49.8807678,17.87675,OP
"Brantice,,Jednota",50.0746841,17.6544533,BR
"Brantice,,Jednota",50.074707,17.6545162,BR
"Brantice,,Jednota",50.0747147,17.6563015,BR
"Brantice,,Jednota",50.0747375,17.65627,BR
"Brantice,,obecní úřad",50.0637436,17.6290913,BR
"Brantice,,obecní úřad",50.0637436,17.6294155,BR
"Brantice,,rest.Pod Velehradem",50.05774,17.6216335,BR
"Brantice,,rest.Pod Velehradem",50.05781,17.621664,BR
"Brantice,,rozc.k žel.st.",50.05458,17.6101742,BR
"Brantice,,rozc.k žel.st.",50.05463,17.610054,BR
"Brantice,,u kříže",50.0691757,17.6417885,BR
"Brantice,,u kříže",50.0692,17.6419849,BR
"Brantice,Radim,Radímek",50.0824356,17.5963268,BR
"Brantice,Radim,Radímek",50.08243,17.5964088,BR
"Brantice,Radim,střed",50.07639,17.6000271,BR
"Brantice,Radim,střed",50.0765,17.5999718,BR
"Bratříkovice,,střed",49.932415,17.68783,OP
"Bratříkovice,,střed",49.9324379,17.6880016,OP
"Bravantice,,hřbitov",49.7747765,18.088,NJ
"Bravantice,,hřbitov",49.77503,18.08808,NJ
"Bravantice,,rozc.Bílovec",49.7519646,18.0845814,NJ
"Bravantice,,rozc.Bílovec",49.752224,18.08557,NJ
"Bravantice,,rozc.Studénka",49.75209,18.0874481,NJ
"Bravantice,,rozc.Studénka",49.7520523,18.0872612,NJ
"Bravantice,,transformátor",49.7615356,18.0846062,NJ
"Bravantice,,transformátor",49.761528,18.0843964,NJ
"Bravantice,,u mostu",49.7659836,18.0838623,NJ
"Bravantice,,u mostu",49.7660255,18.08416,NJ
"Brno,,Benešova tř.hotel GRAND",49.1934967,16.6144352,BM
"Brno,,ÚAN Zvonařka",49.1858139,16.61664,BM
"Brno,,ÚAN Zvonařka",49.1858139,16.61664,BM
"Brno,,ÚAN Zvonařka",49.1858139,16.61664,BM
"Brno,,ÚAN Zvonařka",49.1858139,16.61664,BM
"Brno,,ÚAN Zvonařka",49.1858139,16.61664,BM
"Brno,,ÚAN Zvonařka",49.1858139,16.61664,BM
"Brno,,ÚAN Zvonařka",49.1858139,16.61664,BM
"Brno,,ÚAN Zvonařka",49.1858139,16.61664,BM
"Brno,,ÚAN Zvonařka",49.1858139,16.61664,BM
"Brumovice,,č.91",50.0163422,17.7570419,OP
"Brumovice,,č.91",50.01631,17.7571564,OP
"Brumovice,,rozc.Heraltice",50.0157661,17.7418728,OP
"Brumovice,,rozc.Heraltice",50.0158272,17.7422142,OP
"Brumovice,,U Parku",50.0150223,17.7512283,OP
"Brumovice,,U Parku",50.0150833,17.75124,OP
"Brumovice,Skrochovice,most",50.0147057,17.78027,OP
"Brumovice,Skrochovice,most",50.01467,17.7801266,OP
"Brumovice,Skrochovice,rozc.",50.019104,17.7742748,OP
"Brumovice,Skrochovice,rozc.",50.01928,17.7742252,OP
"Brumovice,Skrochovice,žel.st.",50.01813,17.7757549,OP
"Brumovice,Skrochovice,žel.st.",50.01814,17.7757339,OP
"Brumovice,Úblo,škola",50.02156,17.7081623,OP
"Brumovice,Úblo,škola",50.0215378,17.7081337,OP
"Brumovice,Úblo,točna",50.02327,17.7045383,OP
"Brumovice,Úblo,točna",50.0230865,17.7046261,OP
"Bruntál,,Alfun",49.9997978,17.4687748,BR
"Bruntál,,Alfun",49.9998245,17.4686985,BR
"Bruntál,,aut.st.",49.9848137,17.4614773,BR
"Bruntál,,aut.st.",49.9848137,17.4614773,BR
"Bruntál,,aut.st.",49.9848137,17.4614773,BR
"Bruntál,,aut.st.",49.9848137,17.4614773,BR
"Bruntál,,bazén",49.9908142,17.46341,BR
"Bruntál,,bazén",49.9908447,17.4636116,BR
"Bruntál,,bazén",49.9907646,17.46356,BR
"Bruntál,,ČUS",49.99262,17.4692459,BR
"Bruntál,,ČUS",49.9926567,17.46947,BR
"Bruntál,,Dolní",49.9829063,17.4593277,BR
"Bruntál,,Dolní",49.98314,17.4583969,BR
"Bruntál,,Dukelská",49.99179,17.4670277,BR
"Bruntál,,Dukelská",49.9916725,17.4672318,BR
"Bruntál,,Dukelská",49.99156,17.4674034,BR
"Bruntál,,Dukelská",49.9911652,17.4678078,BR
"Bruntál,,Jezdecká",49.99085,17.4478645,BR
"Bruntál,,Jezdecká",49.99116,17.4478951,BR
"Bruntál,,KARLA",50.00771,17.4739285,BR
"Bruntál,,Krnovská",49.9983139,17.4792442,BR
"Bruntál,,Krnovská",49.9983826,17.4788151,BR
"Bruntál,,Květná",49.9873772,17.4697628,BR
"Bruntál,,Květná",49.98728,17.4695473,BR
"Bruntál,,Lesanka",49.98612,17.45613,BR
"Bruntál,,Lesanka",49.9855652,17.4554253,BR
"Bruntál,,LIDL",49.9878845,17.4567566,BR
"Bruntál,,LIDL",49.98778,17.45669,BR
"Bruntál,,nemocnice",49.99377,17.4715023,BR
"Bruntál,,nemocnice",49.9936371,17.4713783,BR
"Bruntál,,nemocnice",49.9935379,17.4711342,BR
"Bruntál,,nemocnice",49.9941635,17.4717484,BR
"Bruntál,,nový hřbitov",49.97699,17.4530849,BR
"Bruntál,,OHS",49.99484,17.4682579,BR
"Bruntál,,OHS",49.99444,17.4678326,BR
"Bruntál,,OSRAM",50.0076141,17.46839,BR
"Bruntál,,OSRAM",50.0074768,17.46842,BR
"Bruntál,,Polní",49.99914,17.47655,BR
"Bruntál,,Polní",49.9990921,17.4766483,BR
"Bruntál,,rest.Sport",49.9791222,17.45631,BR
"Bruntál,,rest.Sport",49.97902,17.45601,BR
"Bruntál,,Seliko",49.99062,17.4587,BR
"Bruntál,,Seliko",49.9910164,17.4575863,BR
"Bruntál,,Seliko",49.99096,17.45779,BR
"Bruntál,,Správa silnic",49.99754,17.4690189,BR
"Bruntál,,Správa silnic",49.9975128,17.4688435,BR
"Bruntál,,Styroprofile",50.0043678,17.4672871,BR
"Bruntál,,Styroprofile",50.0041122,17.4675827,BR
"Bruntál,,U rybníka",49.98265,17.46161,BR
"Bruntál,,U rybníka",49.9827423,17.4614086,BR
"Bruntál,,Uhlířská",49.98299,17.456274,BR
"Bruntál,,Uhlířská",49.9829674,17.4560871,BR
"Bruntál,,Zelenina",49.9754448,17.4689617,BR
"Bruntál,,Zelenina",49.9753647,17.4690075,BR
"Bruntál,,Zeyerova",49.9854736,17.4609928,BR
"Bruntál,,Zeyerova",49.9854279,17.4609051,BR
"Bruntál,,žel.st.",49.99463,17.4740753,BR
"Bruntál,,žel.st.",49.99479,17.47413,BR
"Bruntál,,žel.st.",49.99496,17.4741459,BR
"Bruntál,,žel.st.",49.9951,17.47419,BR
"Bruntál,,žel.st.",49.9949875,17.4744282,BR
"Bruntál,,žel.st.",49.9948349,17.47438,BR
"Bruntál,,žel.st.",49.9946861,17.4743366,BR
"Bruntál,,žel.st.",49.9945335,17.4742947,BR
"Brušperk,,Krmelínská",49.7029037,18.2217026,FM
"Brušperk,,Krmelínská",49.7030449,18.2222462,FM
"Brušperk,,Petřín",49.7100677,18.23324,FM
"Brušperk,,Petřín",49.71017,18.2331924,FM
"Brušperk,,Staroveská",49.7043037,18.21895,FM
"Brušperk,,Staroveská",49.7043228,18.21882,FM
"Brušperk,,střed",49.6984558,18.2239037,FM
"Brušperk,,střed",49.69838,18.2237644,FM
"Brušperk,,točna",49.70907,18.2122,FM
"Brušperk,,u Chamrádů",49.694252,18.2254219,FM
"Brušperk,,u Chamrádů",49.6945648,18.22535,FM
"Bruzovice,,kostel",49.7172,18.4085941,FM
"Bruzovice,,kostel",49.7172928,18.4085979,FM
"Bruzovice,,Křístek",49.7162552,18.4192028,FM
"Bruzovice,,Křístek",49.7165451,18.4194489,FM
"Bruzovice,,kříž",49.7266426,18.39912,FM
"Bruzovice,,kříž",49.7266579,18.3989716,FM
"Bruzovice,,Kunčický",49.7344055,18.4114265,FM
"Bruzovice,,Kunčický",49.7343,18.41102,FM
"Bruzovice,,rest.U Smolíků",49.71692,18.39853,FM
"Bruzovice,,rest.U Smolíků",49.7168961,18.39795,FM
"Bruzovice,,rozc.Pazderná",49.7205429,18.4261932,FM
"Bruzovice,,rozc.Pazderná",49.72061,18.4261379,FM
"Bruzovice,,Velicesta",49.71621,18.3827858,FM
"Bruzovice,,Velicesta",49.7164879,18.3824654,FM
"Bruzovice,,Zámostí",49.7115822,18.431694,FM
"Bruzovice,,Zámostí",49.7115555,18.43161,FM
"Březová,,rozc. Skřipov",49.8252373,17.8819752,OP
"Březová,,rozc. Skřipov",49.8252831,17.8822937,OP
"Březová,,rozc.",49.79076,17.86209,OP
"Březová,,rozc.",49.79104,17.8619518,OP
"Březová,,střed",49.7917938,17.8656464,OP
"Březová,,škola",49.78815,17.8634338,OP
"Březová,,škola",49.78797,17.8632336,OP
"Březová,Gručovice,rozc.",49.7737122,17.8635387,OP
"Březová,Gručovice,rozc.",49.7734,17.8634377,OP
"Březová,Gručovice,střed",49.7766762,17.8736629,OP
"Březová,Leskovec,škola",49.7910728,17.8967876,OP
"Březová,Leskovec,škola",49.7910042,17.8968811,OP
"Březová,Lesní Albrechtice,křiž.",49.80455,17.8624477,OP
"Březová,Lesní Albrechtice,křiž.",49.8044968,17.86271,OP
"Březová,Lesní Albrechtice,střed",49.8078346,17.8645477,OP
"Březová,Lesní Albrechtice,střed",49.80757,17.8643551,OP
"Břidličná,,aut.st.",49.91294,17.37329,BR
"Břidličná,,aut.st.",49.9129829,17.3730526,BR
"Břidličná,,aut.st.",49.91135,17.3694477,BR
"Břidličná,,Kovohutě",49.91903,17.3906631,BR
"Břidličná,,Kovohutě",49.91929,17.3911133,BR
"Břidličná,,lesy",49.9193153,17.4028835,BR
"Břidličná,,lesy",49.9194145,17.4027824,BR
"Břidličná,Albrechtice u Rým.,Jednota",49.9086075,17.3262043,BR
"Břidličná,Albrechtice u Rým.,Jednota",49.9086456,17.3262825,BR
"Břidličná,Vajglov,rest.",49.897377,17.3590851,BR
"Břidličná,Vajglov,rest.",49.89731,17.3590565,BR
"Břidličná,Vajglov,rest.",49.8973961,17.35913,BR
"Břidličná,Vajglov,sídliště",49.8904533,17.3591633,BR
"Břidličná,Vajglov,sídliště",49.89045,17.3592434,BR
"Budišov n.Bud.,,aut.st.",49.7952728,17.62724,OP
"Budišov n.Bud.,,U Rybníka",49.7967339,17.61627,OP
"Budišov n.Bud.,,U Rybníka",49.7968,17.61653,OP
"Budišov n.Bud.,Guntramovice,hor.konec",49.79376,17.5495262,OP
"Budišov n.Bud.,Guntramovice,střed",49.7989044,17.5719547,OP
"Budišov n.Bud.,Guntramovice,střed",49.79882,17.5719051,OP
"Budišov n.Bud.,Podlesí,střed",49.7646,17.59339,OP
"Budišov n.Bud.,Podlesí,střed",49.76453,17.5932579,OP
"Budišov n.Bud.,Podlesí,točna",49.7649078,17.5901051,OP
"Budišov n.Bud.,Podlesí,točna",49.7651062,17.5899582,OP
"Budišov n.Bud.,St.Oldřůvky,hor.konec",49.76277,17.6327438,OP
"Budišov n.Bud.,St.Oldřůvky,hor.konec",49.7627144,17.6326561,OP
"Budišov n.Bud.,St.Oldřůvky,střed",49.76034,17.6385059,OP
"Budišov n.Bud.,St.Oldřůvky,střed",49.7601776,17.6386757,OP
"Budišov n.Bud.,St.Oldřůvky,točna",49.7590141,17.6473866,OP
"Budišov n.Bud.,St.Oldřůvky,točna",49.7590256,17.6470985,OP
"Budišovice,,střed",49.861557,18.0383415,OP
"Budišovice,,střed",49.8614655,18.0383739,OP
"Budišovice,,U Křížku",49.86422,18.0246964,OP
"Budišovice,,U Křížku",49.86425,18.0249062,OP
"Budišovice,,ZD",49.8635368,18.0395432,OP
"Budišovice,,ZD",49.86341,18.03936,OP
"Bukovec,,Markov",49.5183449,18.8069553,FM
"Bukovec,,Pulgruň",49.51637,18.7888889,FM
"Bukovec,,Ski areál - Kempaland",49.5565071,18.8361721,FM
"Bukovec,,škola",49.54832,18.8333321,FM
"Bukovec,,U kostela",49.5505562,18.8288231,FM
"Bukovec,,U kostela",49.5500641,18.8296089,FM
"Bukovec,,u Turka",49.5577736,18.8185253,FM
"Bukovec,,Verner",49.55382,18.82432,FM
"Bukovec,,Verner",49.5532875,18.8245258,FM
"Býkov,,Jednota",50.05268,17.69164,BR
"Býkov,,Jednota",50.0526466,17.6915379,BR
"Býkov,,rozc.",50.05252,17.6829624,BR
"Býkov,,rozc.",50.0524635,17.6828671,BR
"Býkov,Láryšov,rozc.Dubnice",50.0529022,17.6616077,BR
"Býkov,Láryšov,rozc.Dubnice",50.0544472,17.66233,BR
"Býkov,Láryšov,rozc.Dubnice",50.05257,17.6614285,BR
"Býkov,Láryšov,rozc.Dubnice",50.0544357,17.6621933,BR
"Bystřice,,Centrum",49.63701,18.7202225,FM
"Bystřice,,Centrum",49.6372223,18.7194519,FM
"Bystřice,,Karpentská",49.6420631,18.7053719,FM
"Bystřice,,Křivá",49.6132545,18.70729,FM
"Bystřice,,Na Kuližym",49.6410522,18.7443333,FM
"Bystřice,,Na Škubni",49.63434,18.7245388,FM
"Bystřice,,Pila",49.653965,18.7472172,FM
"Bystřice,,pod Prašivou",49.6490135,18.7401638,FM
"Bystřice,,pod Prašivou",49.648716,18.7399845,FM
"Bystřice,,rozc.Košařiska",49.63132,18.7191067,FM
"Bystřice,,rozc.Košařiska",49.63151,18.7191811,FM
"Bystřice,,rozc.Košařiska",49.6303329,18.7187233,FM
"Bystřice,,rozc.Košařiska",49.63049,18.7193623,FM
"Bystřice,,Silnička",49.64395,18.70785,FM
"Bystřice,,Suchý",49.6392136,18.74973,FM
"Bystřice,,u Baráků",49.64335,18.7327919,FM
"Bystřice,,u Cupka",49.6363335,18.7320156,FM
"Bystřice,,U kostela",49.6384659,18.72509,FM
"Bystřice,,u Migusa",49.6368828,18.7335472,FM
"Bystřice,,u Raszky",49.6194153,18.70968,FM
"Bystřice,,u trafa",49.63997,18.7390976,FM
"Bystřice,,závory",49.6281471,18.72705,FM
"Bystřice,,závory",49.6283226,18.72699,FM
"Bystřice,,žel.st.",49.63612,18.7180233,FM
"Bystřice,,žel.st.",49.6359978,18.71816,FM
"Bystřice,,žel.st.",49.63586,18.71832,FM
"Bystřice,Na Pasekách,Pod Lipami",49.6236954,18.7122078,FM
"Bystřice,Na Pasekách,Pod Lipami",49.62366,18.712326,FM
"Bystřice,Paseky,konečná",49.62656,18.7607441,FM
"Bystřice,Paseky,na Kamenném",49.6300278,18.7471352,FM
"Bystřice,Paseky,pod Bukem",49.62682,18.75067,FM
"Bystřice,Paseky,pod Grúněm",49.6299477,18.741642,FM
"Bystřička,,žel.st.",49.4176331,17.9585819,VS
"Bystřička,,žel.st.",49.417675,17.9588432,VS
"Cieszyn,,CLO",49.7666435,18.6406116,
"Čadca,,aut.st. ul.Jesenského",49.44454,18.7845726,
"Čadca,,aut.st. ul.Jesenského",49.44454,18.7845726,
"Čadca,,Pribinova ul.",49.4392967,18.7902927,
"Čadca,,u Sedliaka I",49.4607544,18.78621,
"Čadca,,u Sedliaka I",49.4607544,18.78621,
"Čadca,,u Sedliaka II",49.4657936,18.7889442,
"Čadca,,u Sedliaka II",49.4657936,18.7889442,
"Čadca,,Ul.Slobody TESCO",49.4410248,18.7891846,
"Čadca,,Ul.Slobody TESCO",49.4410248,18.7891846,
"Čadca,Podzávoz,rázc.",49.45319,18.7830734,
"Čadca,Podzávoz,rázc.",49.45319,18.7830734,
"Čaková,,garáž ČSAD",50.0549774,17.5429935,BR
"Čaková,,garáž ČSAD",50.05499,17.5431042,BR
"Čaková,,Jednota",50.0455742,17.5661831,BR
"Čaková,,Jednota",50.0455551,17.5661678,BR
"Čaková,,konečná",50.06164,17.5406628,BR
"Čaková,,konečná",50.0616455,17.5407028,BR
"Čaková,,rest.",50.04483,17.5569382,BR
"Čaková,,rest.",50.04487,17.5569229,BR
"Čaková,,škola",50.0484734,17.5495148,BR
"Čaková,,škola",50.0484962,17.5495529,BR
"Čavisov,,obecní úřad",49.8290329,18.0850086,OV
"Čavisov,,obecní úřad",49.82856,18.0833,OV
"Čeladná,,náměstí",49.548172,18.3373985,FM
"Čeladná,,náměstí",49.5467,18.3363571,FM
"Čeladná,,Památník Josefa Kaluse",49.52817,18.3294182,FM
"Čeladná,,Památník Josefa Kaluse",49.5279655,18.32937,FM
"Čeladná,,pož.zbroj.",49.5453339,18.3332386,FM
"Čeladná,,pož.zbroj.",49.54526,18.33328,FM
"Čeladná,,pož.zbroj.",49.5445023,18.3326035,FM
"Čeladná,,pož.zbroj.",49.5444679,18.3326855,FM
"Čeladná,,Přádelna vlny",49.540535,18.3318787,FM
"Čeladná,,Přádelna vlny",49.54044,18.3316975,FM
"Čeladná,,rest.Kněhyně",49.5193367,18.3340263,FM
"Čeladná,,rest.Kněhyně",49.5190239,18.3338051,FM
"Čeladná,,sokolovna",49.5341377,18.33086,FM
"Čeladná,,sokolovna",49.5341034,18.33072,FM
"Čeladná,,u Bělidla",49.55792,18.34624,FM
"Čeladná,,u Bělidla",49.55795,18.3460884,FM
"Čeladná,,u Holubů",49.5103455,18.3392,FM
"Čeladná,,u Holubů",49.51026,18.33915,FM
"Čeladná,,u Indrstů",49.542408,18.3235168,FM
"Čeladná,,u Indrstů",49.5426636,18.32363,FM
"Čeladná,,u transformátoru",49.5255928,18.3297787,FM
"Čeladná,,u transformátoru",49.5255661,18.3297043,FM
"Čeladná,,žel.st.",49.5529938,18.3349342,FM
"Čeladná,Podolánky,Plucnarka",49.47261,18.3457127,FM
"Čeladná,Podolánky,škola",49.47623,18.3435154,FM
"Čeladná,Podolánky,škola",49.4762764,18.3436985,FM
"Čermná ve Slezsku,,střed",49.78397,17.7069645,OP
"Čermná ve Slezsku,,střed",49.7840271,17.7068653,OP
"Česká Ves,,ObÚ",50.25176,17.2220421,JE
"České Budějovice,,aut.nádr.",48.9728775,14.4874105,CB
"České Budějovice,,aut.nádr.",48.9728775,14.4874105,CB
"Český Krumlov,,aut.nádr.",48.8116074,14.3225489,CK
"Český Těšín,,28.října obchod",49.7426,18.6103134,KA
"Český Těšín,,28.října obchod",49.7426872,18.61041,KA
"Český Těšín,,aut.st.",49.74428,18.6210461,KA
"Český Těšín,,aut.st.",49.74417,18.6208935,KA
"Český Těšín,,aut.st.",49.744072,18.6207561,KA
"Český Těšín,,aut.st.",49.7439079,18.6205273,KA
"Český Těšín,,aut.st.",49.74414,18.6205425,KA
"Český Těšín,,aut.st.",49.7442551,18.6207161,KA
"Český Těšín,,aut.st.",49.74444,18.6209812,KA
"Český Těšín,,aut.st.",49.74466,18.6208458,KA
"Český Těšín,,aut.st.",49.7448,18.6208115,KA
"Český Těšín,,Baliny",49.718544,18.625164,KA
"Český Těšín,,Baliny",49.7189674,18.6247864,KA
"Český Těšín,,banka",49.74684,18.62185,KA
"Český Těšín,,centrální hřbitov",49.75662,18.6037254,KA
"Český Těšín,,CLO",49.74907,18.62629,KA
"Český Těšín,,Domov pro seniory",49.7458344,18.6091118,KA
"Český Těšín,,Domov pro seniory",49.7452431,18.6086788,KA
"Český Těšín,,Hrabinská Delong",49.749115,18.6180744,KA
"Český Těšín,,Hrabinská Delong",49.7491837,18.618206,KA
"Český Těšín,,Hrabinská",49.7489,18.6129246,KA
"Český Těšín,,Hrabinská",49.7489243,18.6127357,KA
"Český Těšín,,Hřbitovní",49.7542038,18.6101685,KA
"Český Těšín,,Hřbitovní",49.7544136,18.6098022,KA
"Český Těšín,,Jablunkovská Zámeček",49.7377739,18.6212521,KA
"Český Těšín,,Jablunkovská Zámeček",49.7380066,18.6210976,KA
"Český Těšín,,kpt.Jaroše",49.7403069,18.6111679,KA
"Český Těšín,,kpt.Jaroše",49.7402763,18.6108723,KA
"Český Těšín,,Lípová prům.zóna",49.74093,18.6018734,KA
"Český Těšín,,Lípová prům.zóna",49.74082,18.6015186,KA
"Český Těšín,,Muzeum",49.7473259,18.6238,KA
"Český Těšín,,Na Mojském",49.7476921,18.6094513,KA
"Český Těšín,,Na Mojském",49.7475548,18.6097431,KA
"Český Těšín,,Nová Tovární točna",49.72891,18.6248646,KA
"Český Těšín,,Nová Tovární Walmark",49.733387,18.6251011,KA
"Český Těšín,,Nová Tovární Walmark",49.73263,18.6248264,KA
"Český Těšín,,Ostravská nemocnice",49.7469559,18.6108913,KA
"Český Těšín,,Ostravská nemocnice",49.7474136,18.6080437,KA
"Český Těšín,,Perex",49.7569,18.6115322,KA
"Český Těšín,,Perex",49.75724,18.6117153,KA
"Český Těšín,,Radnice",49.7459,18.6268311,KA
"Český Těšín,,rest.Na Brandýse",49.7530632,18.614172,KA
"Český Těšín,,rest.Na Brandýse",49.7529678,18.6145649,KA
"Český Těšín,,stadión",49.7398071,18.61243,KA
"Český Těšín,,stadión",49.7399063,18.6123219,KA
"Český Těšín,,Tovární u trati",49.73833,18.6238461,KA
"Český Těšín,,Tovární u trati",49.7382774,18.6236935,KA
"Český Těšín,,u žel.přejezdu",49.724968,18.6203423,KA
"Český Těšín,,žel.st.",49.7436867,18.6233578,KA
"Český Těšín,,žel.st.",49.74392,18.6231632,KA
"Český Těšín,Dolní Žukov,Blahut",49.7298546,18.5904827,KA
"Český Těšín,Dolní Žukov,Blahut",49.7298927,18.59004,KA
"Český Těšín,Dolní Žukov,Kotlovina",49.71995,18.58249,KA
"Český Těšín,Dolní Žukov,Pod zelenou",49.7344,18.6026726,KA
"Český Těšín,Dolní Žukov,Pod zelenou",49.7344437,18.6024952,KA
"Český Těšín,Dolní Žukov,rest.U zvonku",49.719635,18.59133,KA
"Český Těšín,Dolní Žukov,u vodojemu",49.7231178,18.5978184,KA
"Český Těšín,Dolní Žukov,u vodojemu",49.7232056,18.5977631,KA
"Český Těšín,Horní Žukov,Na kopci",49.7150574,18.56347,KA
"Český Těšín,Horní Žukov,rozc.",49.722084,18.5652351,KA
"Český Těšín,Horní Žukov,rozc.",49.72225,18.56565,KA
"Český Těšín,Horní Žukov,škola",49.717804,18.56661,KA
"Český Těšín,Horní Žukov,škola",49.7178345,18.5662785,KA
"Český Těšín,Horní Žukov,točna",49.71899,18.566412,KA
"Český Těšín,Horní Žukov,u Hlaváčů",49.7255363,18.5730267,KA
"Český Těšín,Horní Žukov,u Hlaváčů",49.7253723,18.572504,KA
"Český Těšín,Koňakov,Mírov",49.7382622,18.55161,KA
"Český Těšín,Koňakov,šachta",49.74259,18.5576649,KA
"Český Těšín,Mistřovice,Na Fibakovce",49.7479858,18.5798149,KA
"Český Těšín,Mistřovice,Na Fibakovce",49.74815,18.5792427,KA
"Český Těšín,Mistřovice,rozc.",49.7493134,18.5714149,KA
"Český Těšín,Mistřovice,rozc.",49.74947,18.5711842,KA
"Český Těšín,Mistřovice,topoly",49.7466927,18.5653076,KA
"Český Těšín,Mosty,osada Antoníček",49.73783,18.58817,KA
"Český Těšín,Mosty,pošta",49.7474976,18.5885372,KA
"Český Těšín,Mosty,pošta",49.74765,18.58776,KA
"Český Těšín,Mosty,přehrada",49.7479134,18.6006718,KA
"Český Těšín,Mosty,přehrada",49.7480736,18.60039,KA
"Český Těšín,Stanislavice,Na Vyrubané",49.7552223,18.5599289,KA
"Český Těšín,Stanislavice,Na Vyrubané",49.7564125,18.5572453,KA
"Český Těšín,Stanislavice,škola",49.7606659,18.5425358,KA
"Český Těšín,Stanislavice,škola",49.7605858,18.54112,KA
"Český Těšín,Stanislavice,škola",49.76092,18.5417557,KA
"Český Těšín,Stanislavice,u kříže",49.76038,18.5505924,KA
"Český Těšín,Stanislavice,u kříže",49.7608643,18.5503769,KA
"Český Těšín,Svibice,Čáslavská",49.73169,18.6124058,KA
"Český Těšín,Svibice,farma",49.72597,18.6062946,KA
"Český Těšín,Svibice,farma",49.72603,18.6062183,KA
"Český Těšín,Svibice,kostel",49.7298164,18.61567,KA
"Český Těšín,Svibice,kostel",49.7299156,18.6155739,KA
"Český Těšín,Svibice,Mládežnická",49.73468,18.6153774,KA
"Český Těšín,Svibice,rozc.",49.7247162,18.6194172,KA
"Český Těšín,Svibice,rozc.",49.72387,18.6181774,KA
"Český Těšín,Svibice,samoobsluha",49.7320251,18.6204758,KA
"Český Těšín,Svibice,samoobsluha",49.7317924,18.6201744,KA
"Český Těšín,Svibice,Slovenská",49.7348366,18.6171513,KA
"Český Těšín,Svibice,Slovenská",49.7352142,18.6146355,KA
"Český Těšín,Svibice,Slovenská",49.73503,18.61582,KA
"Český Těšín,Svibice,škola",49.7311,18.6195869,KA
"Český Těšín,Svibice,škola",49.7311668,18.6194744,KA
"Darkovice,,has.zbroj.",49.9372749,18.2246628,OP
"Darkovice,,has.zbroj.",49.9369965,18.2244968,OP
"Darkovice,,obecní úřad",49.9353523,18.2215672,OP
"Darkovice,,obecní úřad",49.9346924,18.2209587,OP
"Darkovice,,U Kříže",49.94093,18.2273216,OP
"Darkovice,,U Kříže",49.9410667,18.2273235,OP
"Děhylov,,družstvo",49.86943,18.1624565,OP
"Děhylov,,rozc.",49.8669357,18.1635017,OP
"Děhylov,,rozc.",49.86782,18.1636944,OP
"Děhylov,,U Potoka",49.87503,18.16817,OP
"Děhylov,,U Potoka",49.8751259,18.1684742,OP
"Děhylov,,žel.st.",49.8798866,18.1704655,OP
"Děhylov,,žel.st.",49.8811035,18.1714382,OP
"Dětmarovice,,EDĚ aut.st.",49.9060059,18.4627838,KA
"Dětmarovice,,EDĚ aut.st.",49.9057159,18.4633026,KA
"Dětmarovice,,mateřská škola",49.8845673,18.4750443,KA
"Dětmarovice,,mateřská škola",49.88483,18.4747829,KA
"Dětmarovice,,nadjezd",49.89274,18.4436817,KA
"Dětmarovice,,nadjezd",49.89281,18.4441185,KA
"Dětmarovice,,obecní úřad",49.8940964,18.4631271,KA
"Dětmarovice,,obecní úřad",49.8936844,18.4654541,KA
"Dětmarovice,,Pod Skotnicí",49.8942833,18.45275,KA
"Dětmarovice,,Pod Skotnicí",49.89438,18.4530983,KA
"Dětmarovice,,rozc.Závada",49.88499,18.49051,KA
"Dětmarovice,,rozc.Závada",49.8851547,18.49042,KA
"Dětmarovice,,V polích",49.9001274,18.4500332,KA
"Dětmarovice,,V polích",49.9000435,18.4495449,KA
"Dětmarovice,,žel.st.",49.9000778,18.46586,KA
"Dětmarovice,,žel.st.",49.8999443,18.4655266,KA
"Dětmarovice,Koukolná",49.8844223,18.4825249,KA
"Dětmarovice,Koukolná",49.8846436,18.48358,KA
"Dětřichov n.Bystř.,,pila",49.842907,17.4047642,BR
"Dětřichov n.Bystř.,,pila",49.8429451,17.4046535,BR
"Dětřichov n.Bystř.,,škola",49.83086,17.3999882,BR
"Dětřichov n.Bystř.,,škola",49.8314667,17.4003811,BR
"Dětřichov n.Bystř.,Krahulčí,rozc.",49.79464,17.3881187,BR
"Dětřichov n.Bystř.,Krahulčí,rozc.",49.79458,17.3881969,BR
"Dívčí Hrad,,bažantnice",50.2353439,17.6416969,BR
"Dívčí Hrad,,bažantnice",50.23532,17.6417618,BR
"Dívčí Hrad,,rozc.",50.24142,17.6354084,BR
"Dívčí Hrad,,rozc.",50.2414474,17.6353359,BR
"Dívčí Hrad,,škola",50.2538528,17.6348763,BR
"Dívčí Hrad,,škola",50.2538643,17.6349258,BR
"Dívčí Hrad,,Životice",50.2547722,17.6273785,BR
"Dívčí Hrad,,Životice",50.2548027,17.627388,BR
"Dlouhá Loučka,,radnice",49.81795,17.1895123,OC
"Dlouhá Loučka,,radnice",49.8184853,17.1897259,OC
"Dlouhá Loučka,,radnice",49.8184853,17.1897259,OC
"Dlouhá Loučka,,rest.U Hvězdy",49.8160477,17.17899,OC
"Dlouhá Loučka,,rest.U Hvězdy",49.8159752,17.1738338,OC
"Dlouhá Loučka,,rest.U Hvězdy",49.8159752,17.1738338,OC
"Dlouhá Loučka,,rozc.",49.82155,17.1984043,OC
"Dlouhá Loučka,,rozc.",49.8212929,17.19832,OC
"Dlouhá Loučka,,rozc.",49.8202248,17.2006416,OC
"Dlouhá Loučka,,rozc.",49.82023,17.2004585,OC
"Dlouhá Loučka,,u spálené hospody",49.81382,17.1663017,OC
"Dlouhá Loučka,,u spálené hospody",49.81382,17.1663017,OC
"Dlouhá Loučka,Křivá",49.83658,17.1992912,OC
"Dlouhá Loučka,Křivá",49.8365326,17.199297,OC
"Dlouhá Loučka,Křivá",49.8366547,17.199234,OC
"Dlouhá Stráň,,rozc.",49.9542542,17.4977989,BR
"Dlouhá Stráň,,rozc.",49.9549141,17.4966125,BR
"Dobrá,,Na Skotni",49.6773071,18.42509,FM
"Dobrá,,Na Skotni",49.67621,18.4250526,FM
"Dobrá,,rest.Na špici",49.6746521,18.4035473,FM
"Dobrá,,rest.Na špici",49.67476,18.4031868,FM
"Dobrá,,střed",49.6736374,18.4155312,FM
"Dobrá,,střed",49.67378,18.4153442,FM
"Dobrá,,u lesa",49.6843643,18.4267349,FM
"Dobrá,,u lesa",49.6843033,18.4265022,FM
"Dobrá,,u žel.st.",49.6685028,18.4220524,FM
"Dobrá,,u žel.st.",49.668457,18.4219418,FM
"Dobrá,,VÚHŽ parkoviště",49.67341,18.3923988,FM
"Dobrá,,VÚHŽ",49.6747971,18.3914471,FM
"Dobrá,,VÚHŽ",49.67481,18.3931713,FM
"Dobratice,,prodejna Lisníková",49.6620827,18.4913216,FM
"Dobratice,,prodejna Lisníková",49.6620636,18.4912262,FM
"Dobratice,,rest.Na šenku",49.66789,18.4840717,FM
"Dobratice,,rest.Na šenku",49.6678162,18.4839172,FM
"Dobratice,,rozc.Komorní Lhotka",49.6579247,18.4940929,FM
"Dobratice,,rozc.Komorní Lhotka",49.6576767,18.49402,FM
"Dobratice,,u pily",49.65169,18.48836,FM
"Dobratice,,u pily",49.6517563,18.4883118,FM
"Dobratice,,u podjezdu",49.6722832,18.47749,FM
"Dobratice,,u podjezdu",49.67255,18.47747,FM
Dobroslavice,49.8799438,18.1418762,OP
"Dolany,,Hanácká zemědělská",49.65492,17.3176022,OC
"Dolany,,rest.",49.6495857,17.3216839,OC
"Dolany,,rest.",49.6498947,17.3199482,OC
"Dolany,,škola",49.64533,17.3235722,OC
"Dolany,Dolánky,rozc.",49.65107,17.3107166,OC
"Dolany,Dolánky,rozc.",49.65127,17.3105717,OC
"Dolany,Dolánky,rozc.",49.65082,17.3108711,OC
"Dolní Bečva,,ObÚ",49.4550438,18.19379,VS
"Dolní Bečva,,ObÚ",49.4546738,18.1946754,VS
"Dolní Bečva,,pila",49.4680176,18.17265,VS
"Dolní Bečva,,pila",49.4679756,18.17271,VS
"Dolní Bečva,,u tabulí",49.4468956,18.2140827,VS
"Dolní Bečva,,u tabulí",49.4471779,18.2125664,VS
"Dolní Bečva,,zotavovna",49.46266,18.1840515,VS
"Dolní Bečva,,zotavovna",49.4626541,18.18399,VS
"Dolní Benešov,,kaple",49.92108,18.1044273,OP
"Dolní Benešov,,kaple",49.9212074,18.1042271,OP
"Dolní Benešov,,kaple",49.921875,18.1043415,OP
"Dolní Benešov,,kaple",49.92149,18.1049461,OP
"Dolní Benešov,,kulturní dům",49.92079,18.1125259,OP
"Dolní Benešov,,kulturní dům",49.92066,18.1130257,OP
"Dolní Benešov,,U Kříže",49.9183922,18.1237774,OP
"Dolní Benešov,,U Kříže",49.9188156,18.1225224,OP
"Dolní Benešov,,žel.st.",49.9229851,18.1184883,OP
"Dolní Benešov,Zábřeh,kostel",49.9213142,18.0790119,OP
"Dolní Benešov,Zábřeh,kostel",49.92146,18.0788174,OP
"Dolní Benešov,Zábřeh,Mexiko",49.9212723,18.086998,OP
"Dolní Benešov,Zábřeh,Mexiko",49.9212837,18.08732,OP
"Dolní Domaslavice,,obecní úřad",49.71265,18.4826527,FM
"Dolní Domaslavice,,obecní úřad",49.7125359,18.48345,FM
"Dolní Domaslavice,,střed",49.7129974,18.489254,FM
"Dolní Domaslavice,,střed",49.712944,18.4892864,FM
"Dolní Domaslavice,,škola",49.71372,18.4815235,FM
"Dolní Domaslavice,,škola",49.7114258,18.4806824,FM
"Dolní Domaslavice,,u Číže",49.71746,18.4822922,FM
"Dolní Domaslavice,,u Číže",49.71746,18.482172,FM
"Dolní Domaslavice,,u kříže",49.7222633,18.4700127,FM
"Dolní Domaslavice,,u kříže",49.7222633,18.4700127,FM
"Dolní Domaslavice,,Vidíkov",49.7046051,18.476944,FM
"Dolní Domaslavice,,Vidíkov",49.7045746,18.4765816,FM
"Dolní Domaslavice,,Závadovice",49.7165947,18.5084229,FM
"Dolní Domaslavice,,Závadovice",49.7165451,18.5085011,FM
"Dolní Domaslavice,,Zvonek",49.7158966,18.5005627,FM
"Dolní Domaslavice,,Zvonek",49.71583,18.50062,FM
Dolní Lhota,49.1385078,17.8117218,ZL
Dolní Lhota,49.8367729,18.0890484,OV
Dolní Lhota,49.8367,18.08907,OV
"Dolní Lhota,,has.zbroj.",49.84027,18.09145,OV
"Dolní Lhota,,has.zbroj.",49.8402138,18.0913429,OV
"Dolní Lhota,,křiž.",49.8456726,18.0934181,OV
"Dolní Lhota,,křiž.",49.84557,18.09332,OV
"Dolní Lhota,,zast.",49.13186,17.806036,ZL
"Dolní Lhota,,zast.",49.1313362,17.80514,ZL
"Dolní Lomná,,hotel Pod akáty",49.54758,18.7061234,FM
"Dolní Lomná,,hotel Pod akáty",49.54771,18.7059078,FM
"Dolní Lomná,,Jestřábský potok",49.5461044,18.6901474,FM
"Dolní Lomná,,Kantořonki",49.5483551,18.66682,FM
"Dolní Lomná,,Matyščina louka",49.5459175,18.6803341,FM
"Dolní Lomná,,Mlýny",49.5597725,18.7395344,FM
"Dolní Lomná,,Mlýny",49.559845,18.7392731,FM
"Dolní Lomná,,viadukt",49.5550423,18.7322769,FM
"Dolní Lomná,,zátoka",49.5495071,18.7167873,FM
"Dolní Lutyně,,Borek kolonie",49.9077072,18.4074383,KA
"Dolní Lutyně,,Borek kolonie",49.9078445,18.4076252,KA
"Dolní Lutyně,,Borek les",49.90626,18.39678,KA
"Dolní Lutyně,,Borek les",49.9063759,18.3964367,KA
"Dolní Lutyně,,kolonie",49.8931122,18.4125462,KA
"Dolní Lutyně,,kolonie",49.8930855,18.4118938,KA
"Dolní Lutyně,,Na kopci",49.90125,18.42031,KA
"Dolní Lutyně,,Na kopci",49.9010849,18.4202518,KA
"Dolní Lutyně,,obecní úřad",49.8990135,18.4299049,KA
"Dolní Lutyně,,obecní úřad",49.89931,18.4299355,KA
"Dolní Lutyně,,pod sadem",49.89595,18.4410381,KA
"Dolní Lutyně,,pod sadem",49.8961067,18.44088,KA
"Dolní Lutyně,,pož.zbroj.",49.90735,18.4164181,KA
"Dolní Lutyně,,pož.zbroj.",49.9069977,18.41676,KA
"Dolní Lutyně,,pož.zbroj.",49.90869,18.4154,KA
"Dolní Lutyně,,střed",49.89928,18.4318237,KA
"Dolní Lutyně,,střed",49.9004555,18.4291477,KA
"Dolní Lutyně,,škola",49.9020233,18.4216671,KA
"Dolní Lutyně,,škola",49.90233,18.4210186,KA
"Dolní Lutyně,,u hřiště",49.8952522,18.4232674,KA
"Dolní Lutyně,,u hřiště",49.8950539,18.42311,KA
"Dolní Lutyně,,V polích",49.89887,18.4011345,KA
"Dolní Lutyně,,V polích",49.89896,18.4006424,KA
"Dolní Lutyně,,Výšina",49.8876953,18.43579,KA
"Dolní Lutyně,,Výšina",49.8885155,18.4368382,KA
"Dolní Lutyně,,Zbytecká",49.8998222,18.40951,KA
"Dolní Lutyně,,Zbytecká",49.89982,18.4083,KA
"Dolní Lutyně,,Zbytky škola",49.8874321,18.40417,KA
"Dolní Lutyně,,Zbytky škola",49.88777,18.4042912,KA
"Dolní Lutyně,Nerad,vlaková zastávka",49.9127731,18.4145756,KA
"Dolní Lutyně,Nerad,vlaková zastávka",49.91307,18.4144669,KA
"Dolní Lutyně,Věřňovice,CLO D1",49.9356956,18.4058037,KA
"Dolní Lutyně,Věřňovice,rest.",49.9254227,18.41364,KA
"Dolní Moravice,,hotel Avalanche",49.98537,17.3199348,BR
"Dolní Moravice,,hotel Avalanche",49.9847221,17.32008,BR
"Dolní Moravice,,kaplička",49.98181,17.2982349,BR
"Dolní Moravice,,kaplička",49.98177,17.2982235,BR
"Dolní Moravice,,rozc.",49.9778442,17.32259,BR
"Dolní Moravice,,rozc.",49.9780846,17.3228264,BR
"Dolní Moravice,,střed",49.9803772,17.3092251,BR
"Dolní Moravice,,střed",49.98053,17.3090611,BR
"Dolní Moravice,Nová Ves,konečná",49.98871,17.2801857,BR
"Dolní Moravice,Nová Ves,konečná",49.988636,17.2804813,BR
"Dolní Tošanovice,,Na Chechlůvce",49.6844254,18.4886837,FM
"Dolní Tošanovice,,Na Chechlůvce",49.68459,18.4886665,FM
"Dolní Životice,,hor.konec",49.8976326,17.7746868,OP
"Dolní Životice,,hor.konec",49.89759,17.7750721,OP
"Dolní Životice,,střed",49.8971825,17.7837067,OP
"Dolní Životice,,střed",49.8972054,17.7835636,OP
"Dolní Životice,,U Sušárny",49.90626,17.7795334,OP
"Dolní Životice,,U Sušárny",49.90635,17.7794724,OP
"Dolní Životice,Hertice,rozc.",49.9083481,17.7996845,OP
"Dolní Životice,Hertice,rozc.",49.90837,17.7994022,OP
"Dolní Životice,Hertice,střed",49.9077835,17.7985954,OP
"Doubrava,,DinoPark",49.85126,18.4584637,KA
"Doubrava,,DinoPark",49.8510933,18.4583969,KA
"Doubrava,,nám.",49.859436,18.48259,KA
"Doubrava,,nám.",49.8593445,18.4827137,KA
"Doubrava,,pekárna",49.85169,18.47605,KA
"Doubrava,,pekárna",49.8519058,18.4760761,KA
"Doubrava,,pekárna",49.85277,18.4762783,KA
"Doubrava,,pekárna",49.8526649,18.4755,KA
"Doubrava,,Špluchov",49.8580933,18.4957275,KA
"Doubrava,,Špluchov",49.85877,18.4960423,KA
"Doubrava,,Vrchovec",49.849472,18.4665642,KA
"Doubrava,,Vrchovec",49.84939,18.4663734,KA
"Drasenhofen,,ZOLL",48.78583,16.6384983,
"Dvorce,,nám.",49.83356,17.54765,BR
"Dvorce,,nám.",49.8336525,17.5475445,BR
"Dvorce,,u Farmy",49.8294144,17.53818,BR
"Dvorce,,u Farmy",49.8295021,17.5382,BR
"Dvorce,,U hřiště",49.8376923,17.5504189,BR
"Dvorce,,U hřiště",49.838356,17.5503731,BR
"Frenštát p.Radh.,,Bezručova",49.5377,18.2305965,NJ
"Frenštát p.Radh.,,Bezručova",49.5378761,18.2303753,NJ
"Frenštát p.Radh.,,Continental",49.53948,18.21195,NJ
"Frenštát p.Radh.,,Dolní",49.5502052,18.2031574,NJ
"Frenštát p.Radh.,,Dolní",49.5502739,18.20342,NJ
"Frenštát p.Radh.,,Kopaná u kaple",49.52507,18.2160015,NJ
"Frenštát p.Radh.,,Kopaná u kaple",49.5250969,18.2160988,NJ
"Frenštát p.Radh.,,Kopaná u kříže",49.51991,18.21744,NJ
"Frenštát p.Radh.,,Kopaná u kříže",49.5199,18.217556,NJ
"Frenštát p.Radh.,,Kopaná u prádelny",49.52886,18.2159767,NJ
"Frenštát p.Radh.,,Kopaná u prádelny",49.5288544,18.215868,NJ
"Frenštát p.Radh.,,mech.stř.",49.5333748,18.23238,NJ
"Frenštát p.Radh.,,mech.stř.",49.53302,18.2324238,NJ
"Frenštát p.Radh.,,Místecká",49.55192,18.2166882,NJ
"Frenštát p.Radh.,,Místecká",49.5518227,18.2164288,NJ
"Frenštát p.Radh.,,Na špici",49.54321,18.2278,NJ
"Frenštát p.Radh.,,Papratná",49.5349,18.1947269,NJ
"Frenštát p.Radh.,,Papratná",49.5349579,18.19476,NJ
"Frenštát p.Radh.,,pož.zbroj.",49.54551,18.2210712,NJ
"Frenštát p.Radh.,,pož.zbroj.",49.5455856,18.2210884,NJ
"Frenštát p.Radh.,,Pramen",49.53608,18.2429371,NJ
"Frenštát p.Radh.,,rest.Na šenku",49.5517921,18.1998081,NJ
"Frenštát p.Radh.,,rest.Na šenku",49.5516739,18.19972,NJ
"Frenštát p.Radh.,,rest.Siberie",49.53326,18.2034683,NJ
"Frenštát p.Radh.,,rest.Siberie",49.53347,18.2033386,NJ
"Frenštát p.Radh.,,rozc.Helštýn",49.53252,18.2149029,NJ
"Frenštát p.Radh.,,rozc.Helštýn",49.5326,18.2149982,NJ
"Frenštát p.Radh.,,rozc.Horečky",49.5342941,18.2029743,NJ
"Frenštát p.Radh.,,rozc.Horečky",49.5343628,18.2029781,NJ
"Frenštát p.Radh.,,rozc.Planiska",49.5333,18.2457027,NJ
"Frenštát p.Radh.,,sídliště",49.54269,18.2079945,NJ
"Frenštát p.Radh.,,sídliště",49.5422173,18.2077065,NJ
"Frenštát p.Radh.,,sklady",49.5399666,18.2340755,NJ
"Frenštát p.Radh.,,u Braunů",49.5354462,18.23606,NJ
"Frenštát p.Radh.,,u Braunů",49.53548,18.2361717,NJ
"Frenštát p.Radh.,,u lávky",49.53008,18.1999855,NJ
"Frenštát p.Radh.,,u lávky",49.5301247,18.1998672,NJ
"Frenštát p.Radh.,,u mostu",49.53712,18.2049026,NJ
"Frenštát p.Radh.,,u mostu",49.5366364,18.2045269,NJ
"Frenštát p.Radh.,,u pily",49.5388374,18.2398338,NJ
"Frenštát p.Radh.,,u škol",49.5456429,18.2134113,NJ
"Frenštát p.Radh.,,u škol",49.5460434,18.2137718,NJ
"Frenštát p.Radh.,,u škol",49.54612,18.2139759,NJ
"Frenštát p.Radh.,,u škol",49.5455437,18.21301,NJ
"Frenštát p.Radh.,,u škol",49.54647,18.2142963,NJ
"Frenštát p.Radh.,,U tírny",49.54117,18.2119884,NJ
"Frenštát p.Radh.,,U tírny",49.5411034,18.2119656,NJ
"Frenštát p.Radh.,,žel.st.",49.5423851,18.2254219,NJ
"Frenštát p.Radh.,,žel.st.",49.5428925,18.2246017,NJ
"Frenštát p.Radh.,,žel.st.",49.5423965,18.2250881,NJ
"Frenštát p.Radh.,,žel.st.",49.54258,18.2246628,NJ
"Frenštát p.Radh.,,Žuchov",49.54561,18.2398987,FM
"Frenštát p.Radh.,,Žuchov",49.5456429,18.23963,NJ
"Fryčovice,,Chamrád",49.6634827,18.22646,FM
"Fryčovice,,Chamrád",49.6635323,18.2262173,FM
"Fryčovice,,koupaliště",49.6858,18.22765,FM
"Fryčovice,,koupaliště",49.68629,18.2276363,FM
"Fryčovice,,u bramborárny",49.67862,18.2327824,FM
"Fryčovice,,u bramborárny",49.6790848,18.23272,FM
"Fryčovice,,u Konečných",49.66877,18.2302113,FM
"Fryčovice,,u Konečných",49.6689758,18.2305088,FM
"Fryčovice,,u kříže",49.6819344,18.2335358,FM
"Fryčovice,,u kříže",49.6819534,18.2337761,FM
"Fryčovice,,Uhelný průzkum",49.6562958,18.22258,FM
"Fryčovice,,Uhelný průzkum",49.65646,18.222784,FM
"Frýdek-Místek,Frýdek,aut.nádr.",49.67865,18.3509846,FM
"Frýdek-Místek,Frýdek,aut.nádr.",49.67874,18.3509636,FM
"Frýdek-Místek,Frýdek,aut.nádr.",49.67831,18.3511124,FM
"Frýdek-Místek,Frýdek,aut.nádr.",49.67835,18.3515167,FM
"Frýdek-Místek,Frýdek,aut.nádr.",49.67871,18.3511963,FM
"Frýdek-Místek,Frýdek,aut.nádr.",49.67881,18.3508816,FM
"Frýdek-Místek,Frýdek,aut.nádr.",49.67881,18.3510761,FM
"Frýdek-Místek,Frýdek,aut.nádr.",49.67894,18.3507919,FM
"Frýdek-Místek,Frýdek,aut.nádr.",49.6786842,18.3507023,FM
"Frýdek-Místek,Frýdek,aut.nádr.",49.6785545,18.3508415,FM
"Frýdek-Místek,Frýdek,aut.nádr.",49.67865,18.3509846,FM
"Frýdek-Místek,Frýdek,Bruzovská",49.6892,18.3565884,FM
"Frýdek-Místek,Frýdek,Bruzovská",49.6895027,18.3568325,FM
"Frýdek-Místek,Frýdek,černá cesta",49.6869,18.3695469,FM
"Frýdek-Místek,Frýdek,černá cesta",49.6869354,18.36946,FM
"Frýdek-Místek,Frýdek,Černá cesta-zahrádky",49.6885262,18.3718071,FM
"Frýdek-Místek,Frýdek,Černá cesta-zahrádky",49.6885757,18.3719387,FM
"Frýdek-Místek,Frýdek,Dobrovského",49.67932,18.36827,FM
"Frýdek-Místek,Frýdek,Dobrovského",49.6789055,18.3679218,FM
"Frýdek-Místek,Frýdek,Lískovecká",49.6912231,18.34318,FM
"Frýdek-Místek,Frýdek,Lískovecká",49.69058,18.3433361,FM
"Frýdek-Místek,Frýdek,magistrát",49.6851234,18.3522472,FM
"Frýdek-Místek,Frýdek,magistrát",49.68517,18.3523655,FM
"Frýdek-Místek,Frýdek,městský hřbitov",49.67557,18.3864651,FM
"Frýdek-Místek,Frýdek,městský hřbitov",49.6755333,18.38569,FM
"Frýdek-Místek,Frýdek,myslivna",49.6957359,18.3686848,FM
"Frýdek-Místek,Frýdek,myslivna",49.6958122,18.3689957,FM
"Frýdek-Místek,Frýdek,Na Veselé",49.67909,18.3570824,FM
"Frýdek-Místek,Frýdek,Na Veselé",49.6793861,18.3566036,FM
"Frýdek-Místek,Frýdek,Na Veselé",49.67957,18.3563251,FM
"Frýdek-Místek,Frýdek,Na Veselé",49.6798134,18.35684,FM
"Frýdek-Místek,Frýdek,Na Veselé",49.6796227,18.3569527,FM
"Frýdek-Místek,Frýdek,Na Vyhlídce",49.6901,18.36523,FM
"Frýdek-Místek,Frýdek,Na Vyhlídce",49.69034,18.3652172,FM
"Frýdek-Místek,Frýdek,nemocnice",49.6894035,18.3545418,FM
"Frýdek-Místek,Frýdek,nemocnice",49.6896553,18.3542576,FM
"Frýdek-Místek,Frýdek,Nová Osada",49.70137,18.3456764,FM
"Frýdek-Místek,Frýdek,Nová Osada",49.7025223,18.345,FM
"Frýdek-Místek,Frýdek,Povodí Odry",49.687336,18.3679428,FM
"Frýdek-Místek,Frýdek,Povodí Odry",49.6870728,18.36764,FM
"Frýdek-Místek,Frýdek,rest.U Gustlíčka",49.67682,18.3665619,FM
"Frýdek-Místek,Frýdek,rest.U Gustlíčka",49.6769333,18.3665237,FM
"Frýdek-Místek,Frýdek,rest.U Hučky",49.67616,18.38067,FM
"Frýdek-Místek,Frýdek,rest.U Hučky",49.6762848,18.3803482,FM
"Frýdek-Místek,Frýdek,rest.U lesa",49.6918449,18.3765469,FM
"Frýdek-Místek,Frýdek,rest.U lesa",49.6917152,18.3763027,FM
"Frýdek-Místek,Frýdek,Revoluční",49.68756,18.3491249,FM
"Frýdek-Místek,Frýdek,Revoluční",49.68759,18.3482628,FM
"Frýdek-Místek,Frýdek,rozc.k Válc.pl.",49.6982765,18.3382511,FM
"Frýdek-Místek,Frýdek,rozc.k Válc.pl.",49.6980324,18.33831,FM
"Frýdek-Místek,Frýdek,rozc.u školy",49.6916924,18.3464069,FM
"Frýdek-Místek,Frýdek,rozc.u školy",49.69135,18.3480434,FM
"Frýdek-Místek,Frýdek,sídliště",49.69245,18.3423462,FM
"Frýdek-Místek,Frýdek,sídliště",49.6928635,18.3418961,FM
"Frýdek-Místek,Frýdek,Slezská",49.6785278,18.3579388,FM
"Frýdek-Místek,Frýdek,Sportovní hala Polárka",49.6816521,18.3497028,FM
"Frýdek-Místek,Frýdek,T.G.Masaryka",49.6810837,18.35585,FM
"Frýdek-Místek,Frýdek,T.G.Masaryka",49.682045,18.3555126,FM
"Frýdek-Místek,Frýdek,ul.Dlouhá",49.69467,18.336462,FM
"Frýdek-Místek,Frýdek,ul.Dlouhá",49.69492,18.3357868,FM
"Frýdek-Místek,Frýdek,ul.Horní",49.69702,18.3493481,FM
"Frýdek-Místek,Frýdek,ul.Horní",49.6970558,18.3492088,FM
"Frýdek-Místek,Frýdek,ul.Míru",49.6871834,18.3386383,FM
"Frýdek-Místek,Frýdek,Válc.pl.aut.st.",49.6911163,18.3323383,FM
"Frýdek-Místek,Frýdek,Válc.pl.podchod",49.69334,18.33096,FM
"Frýdek-Místek,Frýdek,Zámecké náměstí",49.68561,18.34692,FM
"Frýdek-Místek,Frýdek,žel.st.",49.678215,18.35458,FM
"Frýdek-Místek,Frýdek,žel.st.",49.6783,18.3547821,FM
"Frýdek-Místek,Frýdek,žel.st.",49.67844,18.3551388,FM
"Frýdek-Místek,Frýdek,žel.st.",49.6778221,18.3543243,FM
"Frýdek-Místek,Frýdek,žst. Lískovec",49.6958046,18.3292351,FM
"Frýdek-Místek,Frýdek,žst. Lískovec",49.69505,18.3296642,FM
"Frýdek-Místek,Chlebovice,kostel",49.6564064,18.2815933,FM
"Frýdek-Místek,Chlebovice,průmyslová zóna",49.6590919,18.2682629,FM
"Frýdek-Místek,Chlebovice,průmyslová zóna",49.6591454,18.2691669,FM
"Frýdek-Místek,Chlebovice,průmyslová zóna",49.65933,18.26942,FM
"Frýdek-Místek,Chlebovice,střed",49.66106,18.27962,FM
"Frýdek-Místek,Chlebovice,střed",49.66113,18.2792263,FM
"Frýdek-Místek,Lískovec,Elis",49.7226448,18.32131,FM
"Frýdek-Místek,Lískovec,Elis",49.7226143,18.3211937,FM
"Frýdek-Místek,Lískovec,Hájek",49.71044,18.3453541,FM
"Frýdek-Místek,Lískovec,Marlenka",49.7022972,18.3337383,FM
"Frýdek-Místek,Lískovec,pož.zbroj.",49.71021,18.3290367,FM
"Frýdek-Místek,Lískovec,pož.zbroj.",49.7105255,18.32719,FM
"Frýdek-Místek,Lískovec,samoobsluha",49.7108841,18.3267517,FM
"Frýdek-Místek,Lískovec,samoobsluha",49.7105,18.3267136,FM
"Frýdek-Místek,Lískovec,U Hřbitova",49.7097244,18.3383942,FM
"Frýdek-Místek,Lískovec,U Hřbitova",49.7096977,18.3385925,FM
"Frýdek-Místek,Místek,17.listopadu",49.6782761,18.3319016,FM
"Frýdek-Místek,Místek,17.listopadu",49.6781769,18.3321648,FM
"Frýdek-Místek,Místek,8.ZŠ",49.67842,18.3356457,FM
"Frýdek-Místek,Místek,8.ZŠ",49.67817,18.335043,FM
"Frýdek-Místek,Místek,ALBERT HYPERMARKET",49.6748276,18.324604,FM
"Frýdek-Místek,Místek,Anenská",49.6783257,18.3373241,FM
"Frýdek-Místek,Místek,Anenská",49.6784477,18.337204,FM
"Frýdek-Místek,Místek,Anenská",49.67861,18.3370647,FM
"Frýdek-Místek,Místek,Anenská",49.67834,18.3371067,FM
"Frýdek-Místek,Místek,Baseballové hřiště",49.6692352,18.3554134,FM
"Frýdek-Místek,Místek,Baseballové hřiště",49.66883,18.3552647,FM
"Frýdek-Místek,Místek,Beskydská",49.6684532,18.3438129,FM
"Frýdek-Místek,Místek,Beskydská",49.66876,18.3433247,FM
"Frýdek-Místek,Místek,ČSA věž.domy",49.6731453,18.3344078,FM
"Frýdek-Místek,Místek,ČSA věž.domy",49.6735878,18.33382,FM
"Frýdek-Místek,Místek,Domov seniorů",49.671608,18.3499851,FM
"Frýdek-Místek,Místek,Domov seniorů",49.6714859,18.35007,FM
"Frýdek-Místek,Místek,Frýdlantská",49.67194,18.3443451,FM
"Frýdek-Místek,Místek,Frýdlantská",49.6717262,18.3443661,FM
"Frýdek-Místek,Místek,gymnázium",49.6734161,18.33925,FM
"Frýdek-Místek,Místek,gymnázium",49.6733475,18.339,FM
"Frýdek-Místek,Místek,Kino P. Bezruče",49.6709862,18.3452759,FM
"Frýdek-Místek,Místek,Kino P. Bezruče",49.6709,18.3453579,FM
"Frýdek-Místek,Místek,Koloredovský park",49.6816025,18.3342457,FM
"Frýdek-Místek,Místek,Koloredovský park",49.68164,18.3345,FM
"Frýdek-Místek,Místek,Krytý bazén",49.6820068,18.3378239,FM
"Frýdek-Místek,Místek,Krytý bazén",49.68262,18.3385029,FM
"Frýdek-Místek,Místek,Letná točna",49.6613274,18.3554764,FM
"Frýdek-Místek,Místek,Letná",49.6610756,18.3563824,FM
"Frýdek-Místek,Místek,Mozartova",49.6710472,18.3535461,FM
"Frýdek-Místek,Místek,Mozartova",49.6713562,18.3526745,FM
"Frýdek-Místek,Místek,Myslivečka",49.666256,18.3532467,FM
"Frýdek-Místek,Místek,Myslivečka",49.66606,18.35272,FM
"Frýdek-Místek,Místek,Olešná",49.6671028,18.3159447,FM
"Frýdek-Místek,Místek,Ostravská",49.67486,18.3401661,FM
"Frýdek-Místek,Místek,Ostravská",49.67535,18.3393669,FM
"Frýdek-Místek,Místek,Pavlíkova točna",49.66426,18.3367729,FM
"Frýdek-Místek,Místek,Pavlíkova točna",49.664196,18.3367634,FM
"Frýdek-Místek,Místek,Pavlíkova",49.66597,18.3342857,FM
"Frýdek-Místek,Místek,Pavlíkova",49.6658936,18.3341637,FM
"Frýdek-Místek,Místek,Pod Puklí",49.6682358,18.34062,FM
"Frýdek-Místek,Místek,Pod Puklí",49.6684723,18.3398952,FM
"Frýdek-Místek,Místek,poliklinika",49.67769,18.34134,FM
"Frýdek-Místek,Místek,poliklinika",49.6776962,18.3415241,FM
"Frýdek-Místek,Místek,poliklinika",49.6776924,18.3417168,FM
"Frýdek-Místek,Místek,poliklinika",49.67739,18.3419952,FM
"Frýdek-Místek,Místek,poliklinika",49.67739,18.341608,FM
"Frýdek-Místek,Místek,Politických obětí",49.6759338,18.34491,FM
"Frýdek-Místek,Místek,Politických obětí",49.6747856,18.3444653,FM
"Frýdek-Místek,Místek,Příborská",49.6710777,18.33143,FM
"Frýdek-Místek,Místek,Příborská",49.670723,18.32903,FM
"Frýdek-Místek,Místek,Riviéra",49.6689148,18.3478947,FM
"Frýdek-Místek,Místek,Riviéra",49.668972,18.3480835,FM
"Frýdek-Místek,Místek,Štandl",49.6695328,18.3217678,FM
"Frýdek-Místek,Místek,Štandl",49.66907,18.32142,FM
"Frýdek-Místek,Místek,TESCO",49.67244,18.33131,FM
"Frýdek-Místek,Místek,u Škuty",49.65611,18.3275,FM
"Frýdek-Místek,Místek,u Škuty",49.6561,18.32732,FM
"Frýdek-Místek,Místek,u Václavíků",49.6667747,18.3075733,FM
"Frýdek-Místek,Místek,u Václavíků",49.6670647,18.3098183,FM
"Frýdek-Místek,Nové Dvory,Frýdecká skládka",49.6943436,18.3910351,FM
"Frýdek-Místek,Nové Dvory,Pavlík",49.6764832,18.3738327,FM
"Frýdek-Místek,Nové Dvory,Pavlík",49.67638,18.3732758,FM
"Frýdek-Místek,Skalice,kostel",49.6520729,18.41859,FM
"Frýdek-Místek,Skalice,kostel",49.65175,18.4191971,FM
"Frýdek-Místek,Skalice,kult.dům",49.6546822,18.4002476,FM
"Frýdek-Místek,Skalice,kult.dům",49.6542549,18.40086,FM
"Frýdek-Místek,Skalice,škola",49.6527977,18.4068737,FM
"Frýdek-Místek,Skalice,škola",49.65257,18.4072151,FM
"Frýdek-Místek,Skalice,u vrby",49.6607742,18.3944454,FM
"Frýdek-Místek,Skalice,u vrby",49.6599464,18.394453,FM
"Frýdek-Místek,Skalice,Záhoří",49.6448174,18.4270744,FM
"Frýdek-Místek,Skalice,Záhoří",49.6447334,18.4270382,FM
"Frýdek-Místek,Zelinkovice",49.66392,18.2932186,FM
"Frýdek-Místek,Zelinkovice",49.6638947,18.2938576,FM
"Frýdek-Místek,Zelinkovice,Nová osada",49.6572952,18.3066311,FM
"Frýdek-Místek,Zelinkovice,Nová osada",49.65733,18.3066788,FM
"Frýdek-Místek,Zelinkovice,transf.",49.6641579,18.2996979,FM
"Frýdek-Místek,Zelinkovice,transf.",49.6641235,18.2995911,FM
"Frýdlant n.Ost.,,Beskyd",49.5776672,18.3588142,FM
"Frýdlant n.Ost.,,Beskyd",49.5771942,18.3587952,FM
"Frýdlant n.Ost.,,Na Vyhlídce",49.5874,18.3452721,FM
"Frýdlant n.Ost.,,Na Vyhlídce",49.58777,18.34519,FM
"Frýdlant n.Ost.,,Norma",49.5826149,18.35859,FM
"Frýdlant n.Ost.,,Norma",49.5831032,18.35859,FM
"Frýdlant n.Ost.,,park",49.59156,18.3489113,FM
"Frýdlant n.Ost.,,park",49.59071,18.3486233,FM
"Frýdlant n.Ost.,,pomník partyzán",49.5938,18.35777,FM
"Frýdlant n.Ost.,,pomník partyzán",49.59399,18.3578186,FM
"Frýdlant n.Ost.,,pošta",49.5866928,18.35882,FM
"Frýdlant n.Ost.,,pošta",49.5867462,18.35896,FM
"Frýdlant n.Ost.,,rozhraní",49.5818062,18.3402615,FM
"Frýdlant n.Ost.,,rozhraní",49.58186,18.3406048,FM
"Frýdlant n.Ost.,,zahradnictví",49.599884,18.3575535,FM
"Frýdlant n.Ost.,,zahradnictví",49.6001472,18.3579731,FM
"Frýdlant n.Ost.,,žel.st.",49.5894623,18.3542271,FM
"Frýdlant n.Ost.,,žel.st.",49.58958,18.3539963,FM
"Frýdlant n.Ost.,,žel.st.",49.5896759,18.3538837,FM
"Frýdlant n.Ost.,,žel.st.",49.5898361,18.35368,FM
"Frýdlant n.Ost.,Lubno,Horyl",49.6021347,18.3959217,FM
"Frýdlant n.Ost.,Lubno,Horyl",49.60207,18.3958645,FM
"Frýdlant n.Ost.,Lubno,nad kempinkem",49.60232,18.37036,FM
"Frýdlant n.Ost.,Lubno,nad kempinkem",49.60224,18.3705,FM
"Frýdlant n.Ost.,Lubno,rozc.Malenovice",49.6010933,18.3895855,FM
"Frýdlant n.Ost.,Lubno,rozc.Malenovice",49.60108,18.3893414,FM
"Frýdlant n.Ost.,Lubno,samoobsluha",49.5999222,18.3812256,FM
"Frýdlant n.Ost.,Lubno,samoobsluha",49.5998573,18.3812,FM
"Frýdlant n.Ost.,Nová Dědina,Menšík",49.5737152,18.35968,FM
"Frýdlant n.Ost.,Nová Dědina,Menšík",49.5737267,18.3595276,FM
"Frýdlant n.Ost.,Nová Dědina,rest.",49.5691833,18.36013,FM
"Frýdlant n.Ost.,Nová Dědina,rest.",49.5691643,18.3598328,FM
"Frýdlant n.Ost.,Nová Dědina,střed",49.5683746,18.3566113,FM
"Frýdlant n.Ost.,Nová Dědina,střed",49.56839,18.3563976,FM
"Frýdlant n.Ost.,Nová Ves,Ivánek",49.576992,18.38172,FM
"Frýdlant n.Ost.,Nová Ves,Ivánek",49.57688,18.3823414,FM
"Frýdlant n.Ost.,Nová Ves,kolonie",49.57734,18.3770428,FM
"Frýdlant n.Ost.,Nová Ves,kolonie",49.57728,18.3771,FM
"Frýdlant n.Ost.,Nová Ves,mateřská škola",49.5780258,18.3702469,FM
"Frýdlant n.Ost.,Nová Ves,mateřská škola",49.57773,18.3709,FM
"Frýdlant n.Ost.,Nová Ves,most",49.5833626,18.3659286,FM
"Frýdlant n.Ost.,Nová Ves,most",49.5821075,18.3663826,FM
"Fulnek,,ČSSS",49.70383,17.89703,NJ
"Fulnek,,ČSSS",49.70391,17.8973541,NJ
"Fulnek,,nám.",49.7124252,17.90372,NJ
"Fulnek,,nám.",49.7122345,17.9026356,NJ
"Fulnek,,žel.st.",49.71432,17.9115753,NJ
"Fulnek,Děrné,rozc.",49.72203,17.9363689,NJ
"Fulnek,Děrné,střed",49.7258,17.92441,NJ
"Fulnek,Děrné,střed",49.72592,17.9243774,NJ
"Fulnek,Děrné,u Hájků",49.73214,17.9105072,NJ
"Fulnek,Děrné,u Hájků",49.7321968,17.91048,NJ
"Fulnek,Dolejší Kunčice,dolní",49.740284,17.8371449,NJ
"Fulnek,Dolejší Kunčice,dolní",49.7405777,17.8371334,NJ
"Fulnek,Dolejší Kunčice,střed",49.74675,17.83426,NJ
"Fulnek,Dolejší Kunčice,střed",49.7467346,17.8344841,NJ
"Fulnek,Jerlochovice,hor.konec",49.7101669,17.8812256,NJ
"Fulnek,Jerlochovice,hor.konec",49.7102661,17.8812923,NJ
"Fulnek,Jerlochovice,rest.",49.7124939,17.8908577,NJ
"Fulnek,Jerlochovice,rest.",49.7125435,17.89076,NJ
"Fulnek,Jestřábí",49.6899567,17.8852863,NJ
"Fulnek,Jestřábí",49.68997,17.88519,NJ
"Fulnek,Jílovec,střed",49.7301,17.9534569,NJ
"Fulnek,Lukavec,rozc.",49.75193,17.91959,NJ
"Fulnek,Pohořílky,střed",49.7265854,17.9741154,NJ
"Fulnek,Pohořílky,střed",49.7267075,17.973732,NJ
"Fulnek,Stachovice,kostel",49.6956024,17.9336624,NJ
"Fulnek,Stachovice,kostel",49.69599,17.9335938,NJ
"Fulnek,Stachovice,Křístek",49.70126,17.9252377,NJ
"Fulnek,Stachovice,Křístek",49.70132,17.9254417,NJ
"Fulnek,Vlkovice,rest.",49.7231178,17.8482819,NJ
"Fulnek,Vlkovice,rest.",49.7229462,17.8483772,NJ
"Fulnek,Vlkovice,rest.",49.7230148,17.8495636,NJ
"Fulnek,Vlkovice,rest.",49.7231,17.8496,NJ
"Fulnek,Vlkovice,u kříže",49.71753,17.8569069,NJ
"Fulnek,Vlkovice,u kříže",49.71762,17.8568134,NJ
"Fulnek,Vlkovice,u Vlčků",49.7238655,17.834938,NJ
"Fulnek,Vlkovice,u Vlčků",49.72391,17.8351479,NJ
"Háj ve Slezsku,,centrum",49.8987465,18.0948963,OP
"Háj ve Slezsku,,centrum",49.8994064,18.0921249,OP
"Háj ve Slezsku,,školní",49.8984871,18.09727,OP
"Háj ve Slezsku,,školní",49.8983154,18.0979881,OP
"Háj ve Slezsku,Chabičov,rozc.",49.8976746,18.1019154,OP
"Háj ve Slezsku,Chabičov,rozc.",49.89775,18.1019459,OP
"Háj ve Slezsku,Lhota,škola",49.90523,18.0486526,OP
"Háj ve Slezsku,Lhota,škola",49.90521,18.0479259,OP
"Háj ve Slezsku,Smolkov,Jednota",49.90157,18.0769672,OP
"Háj ve Slezsku,Smolkov,Jednota",49.9016228,18.0768337,OP
"Háj ve Slezsku,Smolkov,Luční",49.9041,18.0668182,OP
"Háj ve Slezsku,Smolkov,Luční",49.9041672,18.0665264,OP
"Halenkov,,střed",49.3171234,18.1455669,VS
"Halenkov,,U fabriky",49.3215561,18.1558228,VS
"Hať,,garáž ČSAD",49.9452744,18.2387753,OP
"Hať,,garáž ČSAD",49.94591,18.2391319,OP
"Hať,,mlékárna",49.94528,18.2481728,OP
"Hať,,mlékárna",49.94545,18.2475376,OP
"Hať,,pošta",49.9450226,18.2597771,OP
"Hať,,pošta",49.9452744,18.2592354,OP
"Hať,,Šelvická",49.9449463,18.2336769,OP
"Hať,,Šelvická",49.9448547,18.233366,OP
"Hať,,škola",49.94255,18.2676277,OP
"Hať,,škola",49.9430771,18.2668724,OP
"Hať,,točna",49.9403877,18.2761669,OP
"Havířov,Bludovice,kopec",49.761776,18.4660435,KA
"Havířov,Bludovice,kopec",49.76245,18.4647369,KA
"Havířov,Bludovice,kopec",49.7624931,18.4660645,KA
"Havířov,Bludovice,kopec",49.76152,18.4642887,KA
"Havířov,Bludovice,Mezidolí",49.76706,18.42288,KA
"Havířov,Bludovice,Mezidolí",49.76709,18.42263,KA
"Havířov,Bludovice,Na Důlňáku",49.7687645,18.4296989,KA
"Havířov,Bludovice,Na Důlňáku",49.7688,18.4296551,KA
"Havířov,Bludovice,pod kopcem",49.7677,18.45474,KA
"Havířov,Bludovice,pod kopcem",49.76814,18.4537,KA
"Havířov,Bludovice,polská škola",49.7661667,18.4417114,KA
"Havířov,Bludovice,polská škola",49.7659225,18.4420586,KA
"Havířov,Bludovice,pošta",49.7676964,18.4564762,KA
"Havířov,Bludovice,škola Frýdecká",49.76591,18.44493,KA
"Havířov,Bludovice,škola Frýdecká",49.76594,18.44497,KA
"Havířov,Bludovice,točna Datyňská",49.7648277,18.4198971,KA
"Havířov,Bludovice,točna Datyňská",49.7649269,18.4196548,KA
"Havířov,Bludovice,U Kasperčoka",49.7571,18.4603,KA
"Havířov,Bludovice,U Kasperčoka",49.7573051,18.4606133,KA
"Havířov,Bludovice,u lipek",49.7579231,18.4495163,KA
"Havířov,Bludovice,u lipek",49.7579155,18.4493847,KA
"Havířov,Bludovice,u Lučiny",49.7684,18.4340019,KA
"Havířov,Bludovice,u Lučiny",49.768528,18.43356,KA
"Havířov,Dolní Datyně,rozc.Bludovice",49.76124,18.4164276,KA
"Havířov,Dolní Datyně,rozc.Bludovice",49.7613068,18.4163246,KA
"Havířov,Dolní Datyně,rozc.Bludovice",49.76153,18.4168034,KA
"Havířov,Dolní Datyně,škola",49.7641945,18.4078045,KA
"Havířov,Dolní Datyně,škola",49.7642326,18.40788,KA
"Havířov,Dolní Datyně,točna J.Kotase",49.766964,18.4052677,KA
"Havířov,Dolní Datyně,točna J.Kotase",49.7667542,18.40577,KA
"Havířov,Dolní Suchá,Na Kopci",49.794384,18.4283848,KA
"Havířov,Dolní Suchá,Na Kopci",49.7945175,18.429018,KA
"Havířov,Dolní Suchá,Prachatická",49.807045,18.4282856,KA
"Havířov,Dolní Suchá,Prachatická",49.8069839,18.4282322,KA
"Havířov,Dolní Suchá,Průmyslová zóna Dukla",49.8124352,18.438858,KA
"Havířov,Dolní Suchá,Průmyslová zóna Dukla",49.81145,18.4394016,KA
"Havířov,Dolní Suchá,Sušanské rybníky",49.80429,18.44221,KA
"Havířov,Dolní Suchá,Sušanské rybníky",49.80475,18.44122,KA
"Havířov,Dolní Suchá,Šumbarská",49.8066635,18.4249115,KA
"Havířov,Dolní Suchá,Šumbarská",49.8066254,18.4249458,KA
"Havířov,Dolní Suchá,u křížku",49.79874,18.4349422,KA
"Havířov,Dolní Suchá,u křížku",49.7986832,18.4346142,KA
"Havířov,Dolní Suchá,u lesa",49.8086624,18.42703,KA
"Havířov,Dolní Suchá,u lesa",49.80864,18.4269485,KA
"Havířov,Dolní Suchá,u školy",49.8051338,18.43267,KA
"Havířov,Dolní Suchá,u školy",49.8051338,18.43267,KA
"Havířov,Dolní Suchá,u zahrádek",49.8045,18.4367447,KA
"Havířov,Dolní Suchá,u zahrádek",49.8045,18.4367447,KA
"Havířov,Dolní Suchá,Závodní",49.809,18.43633,KA
"Havířov,Dolní Suchá,Závodní",49.80861,18.43634,KA
"Havířov,Město,Bludovická",49.77239,18.44232,KA
"Havířov,Město,Bludovická",49.77256,18.44276,KA
"Havířov,Město,Česká",49.78813,18.43149,KA
"Havířov,Město,Česká",49.78814,18.43192,KA
"Havířov,Město,Formanská",49.76818,18.41731,KA
"Havířov,Město,Jitřenka",49.77786,18.4416981,KA
"Havířov,Město,Jitřenka",49.7775879,18.4419575,KA
"Havířov,Město,Lípová",49.7763443,18.4352264,KA
"Havířov,Město,Lípová",49.7762947,18.4349728,KA
"Havířov,Město,Magistrát",49.7842,18.4234428,KA
"Havířov,Město,Magistrát",49.7840843,18.4236622,KA
"Havířov,Město,Magistrát",49.78397,18.4238853,KA
"Havířov,Město,Magistrát",49.7838554,18.4241047,KA
"Havířov,Město,Magistrát",49.7835464,18.4240971,KA
"Havířov,Město,Magistrát",49.78375,18.4237041,KA
"Havířov,Město,Magistrát",49.7838478,18.42352,KA
"Havířov,Město,Mánesova",49.7805748,18.44333,KA
"Havířov,Město,Mánesova",49.7804375,18.44428,KA
"Havířov,Město,Moskevská",49.78508,18.44198,KA
"Havířov,Město,Moskevská",49.78559,18.44109,KA
"Havířov,Město,Mozartova",49.78323,18.4433651,KA
"Havířov,Město,Mozartova",49.78169,18.4410629,KA
"Havířov,Město,Na Fojtství",49.7717667,18.4346828,KA
"Havířov,Město,Na Prostředňáku",49.77342,18.41562,KA
"Havířov,Město,Na Prostředňáku",49.77349,18.4155388,KA
"Havířov,Město,Nám.Republiky",49.78093,18.42951,KA
"Havířov,Město,Nám.Republiky",49.78107,18.42896,KA
"Havířov,Město,Národní tř.",49.77653,18.43682,KA
"Havířov,Město,Národní tř.",49.77675,18.43635,KA
"Havířov,Město,nemocnice",49.7852058,18.43677,KA
"Havířov,Město,nemocnice",49.78543,18.43704,KA
"Havířov,Město,nemocnice",49.7847939,18.4359226,KA
"Havířov,Město,obchodní dům",49.7819138,18.43264,KA
"Havířov,Město,obchodní dům",49.78168,18.43197,KA
"Havířov,Město,pož.zbroj.",49.78719,18.43743,KA
"Havířov,Město,pož.zbroj.",49.78757,18.43637,KA
"Havířov,Město,Puškinova",49.77716,18.4452438,KA
"Havířov,Město,Puškinova",49.77643,18.4476318,KA
"Havířov,Město,rondel",49.78954,18.4150486,KA
"Havířov,Město,sběrna",49.7742462,18.4334831,KA
"Havířov,Město,sběrna",49.77399,18.4336033,KA
"Havířov,Město,Slezská",49.77203,18.4366,KA
"Havířov,Město,Slezská",49.7717743,18.43698,KA
"Havířov,Město,střed",49.7793045,18.4346085,KA
"Havířov,Město,střed",49.7792473,18.43488,KA
"Havířov,Město,střed",49.7791977,18.43517,KA
"Havířov,Město,střed",49.7791367,18.4354687,KA
"Havířov,Město,střed",49.77908,18.4357414,KA
"Havířov,Město,střed",49.7790146,18.4360752,KA
"Havířov,Město,střed",49.7787056,18.4362812,KA
"Havířov,Město,střed",49.7787666,18.4359665,KA
"Havířov,Město,střed",49.77882,18.4357014,KA
"Havířov,Město,Tichá",49.78905,18.42621,KA
"Havířov,Město,Tichá",49.7891,18.42535,KA
"Havířov,Město,Tolstého",49.773735,18.4421921,KA
"Havířov,Město,Tolstého",49.77339,18.4424152,KA
"Havířov,Město,u podloubí",49.78601,18.4200153,KA
"Havířov,Město,u podloubí",49.78577,18.41987,KA
"Havířov,Město,u Tesca",49.791172,18.42323,KA
"Havířov,Město,u Tesca",49.7909737,18.42088,KA
"Havířov,Město,Žákovská",49.77828,18.44741,KA
"Havířov,Město,Žákovská",49.7789,18.44791,KA
"Havířov,Město,žel.st.",49.7908669,18.41164,KA
"Havířov,Město,žel.st.",49.79087,18.411808,KA
"Havířov,Město,žel.st.",49.7909,18.4120636,KA
"Havířov,Město,žel.st.",49.79081,18.41226,KA
"Havířov,Město,žel.st.",49.7907677,18.4119568,KA
"Havířov,Podlesí,aut.nádr.",49.7704544,18.4476929,KA
"Havířov,Podlesí,aut.nádr.",49.77053,18.4474277,KA
"Havířov,Podlesí,aut.nádr.",49.77049,18.4480133,KA
"Havířov,Podlesí,aut.nádr.",49.7705574,18.4477711,KA
"Havířov,Podlesí,aut.nádr.",49.77063,18.4475079,KA
"Havířov,Podlesí,aut.nádr.",49.7707024,18.4472523,KA
"Havířov,Podlesí,aut.nádr.",49.7705269,18.4476776,KA
"Havířov,Podlesí,Bezručova",49.7773628,18.457468,KA
"Havířov,Podlesí,Bezručova",49.7768822,18.4585114,KA
"Havířov,Podlesí,lesopark",49.7730179,18.4641914,KA
"Havířov,Podlesí,Merkur",49.7721519,18.45954,KA
"Havířov,Podlesí,Merkur",49.7732773,18.4591312,KA
"Havířov,Podlesí,Nad Terasou",49.77556,18.45194,KA
"Havířov,Podlesí,Nad Terasou",49.77562,18.45289,KA
"Havířov,Podlesí,Okrajová u garáží",49.7698746,18.4552212,KA
"Havířov,Podlesí,Okrajová u garáží",49.76992,18.455,KA
"Havířov,Podlesí,Rušná",49.77781,18.45369,KA
"Havířov,Podlesí,Rušná",49.77828,18.45107,KA
"Havířov,Podlesí,Těšínská",49.7706528,18.44792,KA
"Havířov,Podlesí,Těšínská",49.7705765,18.4481487,KA
"Havířov,Podlesí,Těšínská",49.7704353,18.4490223,KA
"Havířov,Podlesí,Úřad práce",49.77584,18.4458961,KA
"Havířov,Podlesí,Úřad práce",49.7756538,18.4458065,KA
"Havířov,Podlesí,Úřad práce",49.77547,18.445715,KA
"Havířov,Podlesí,Úřad práce",49.7752838,18.4456253,KA
"Havířov,Podlesí,Úřad práce",49.7750969,18.4455261,KA
"Havířov,Podlesí,Úřad práce",49.7749176,18.4454174,KA
"Havířov,Podlesí,Úřad práce",49.77578,18.4455776,KA
"Havířov,Podlesí,Úřad práce",49.77603,18.4457264,KA
"Havířov,Podlesí,zdravotní středisko",49.77444,18.4586,KA
"Havířov,Podlesí,zdravotní středisko",49.77442,18.4585075,KA
"Havířov,Pr.Suchá,Budovatelů",49.79299,18.4488449,KA
"Havířov,Pr.Suchá,Budovatelů",49.7931976,18.4514618,KA
"Havířov,Pr.Suchá,evangelický kostel",49.80249,18.4582863,KA
"Havířov,Pr.Suchá,GLOBUS",49.7920952,18.4397354,KA
"Havířov,Pr.Suchá,katolický kostel",49.80467,18.45076,KA
"Havířov,Pr.Suchá,Kaufland",49.78901,18.4416,KA
"Havířov,Pr.Suchá,Kaufland",49.7884331,18.4404068,KA
"Havířov,Pr.Suchá,Kpt.Jasioka stánek",49.7941856,18.455822,KA
"Havířov,Pr.Suchá,Kpt.Jasioka stánek",49.79402,18.4553089,KA
"Havířov,Pr.Suchá,modlitebna",49.7897034,18.4496937,KA
"Havířov,Pr.Suchá,modlitebna",49.7899666,18.44946,KA
"Havířov,Pr.Suchá,rozc.k žel.st.",49.7926178,18.45962,KA
"Havířov,Pr.Suchá,sídliště",49.7925034,18.4476223,KA
"Havířov,Pr.Suchá,sídliště",49.7925262,18.4471016,KA
"Havířov,Pr.Suchá,Šimala",49.7849426,18.4515533,KA
"Havířov,Pr.Suchá,Šimala",49.7833557,18.4525166,KA
"Havířov,Pr.Suchá,U Hřiště",49.7975121,18.45031,KA
"Havířov,Pr.Suchá,U Hřiště",49.79775,18.4501858,KA
"Havířov,Pr.Suchá,U Skleníků",49.7893524,18.4406662,KA
"Havířov,Pr.Suchá,Vodní",49.8003845,18.4532,KA
"Havířov,Pr.Suchá,Vodní",49.80135,18.45052,KA
"Havířov,Pr.Suchá,Vodní",49.8014374,18.4504471,KA
"Havířov,Pr.Suchá,žel.st.",49.790657,18.4608765,KA
"Havířov,Šumbark,2.etapa Letní",49.80402,18.4211388,KA
"Havířov,Šumbark,2.etapa Letní",49.80436,18.4213,KA
"Havířov,Šumbark,2.etapa Orlí",49.7997,18.4235573,KA
"Havířov,Šumbark,2.etapa Orlí",49.8001976,18.4237213,KA
"Havířov,Šumbark,2.etapa u hřbitova",49.79812,18.41906,KA
"Havířov,Šumbark,2.etapa u hřbitova",49.79799,18.41975,KA
"Havířov,Šumbark,bazén",49.7932243,18.412077,KA
"Havířov,Šumbark,bazén",49.7931747,18.4123535,KA
"Havířov,Šumbark,H.Malířové",49.7968674,18.3970337,KA
"Havířov,Šumbark,H.Malířové",49.7972145,18.3973312,KA
"Havířov,Šumbark,hřbitov",49.79698,18.422226,KA
"Havířov,Šumbark,hřbitov",49.79669,18.4223442,KA
"Havířov,Šumbark,M.Pujmanové",49.79376,18.39791,KA
"Havířov,Šumbark,M.Pujmanové",49.79398,18.39782,KA
"Havířov,Šumbark,mateřská škola",49.79257,18.4034176,KA
"Havířov,Šumbark,mateřská škola",49.79286,18.40378,KA
"Havířov,Šumbark,Obránců míru",49.7944641,18.4069786,KA
"Havířov,Šumbark,Obránců míru",49.7946777,18.4056931,KA
"Havířov,Šumbark,rozc.",49.798275,18.4152336,KA
"Havířov,Šumbark,rozc.",49.7989769,18.41402,KA
"Havířov,Šumbark,SNP",49.79383,18.41022,KA
"Havířov,Šumbark,Školní",49.79517,18.40885,KA
"Havířov,Šumbark,Školní",49.79594,18.40891,KA
"Havířov,Šumbark,točna 2.etapa",49.8054123,18.4201965,KA
"Havířov,Šumbark,točna 2.etapa",49.80538,18.4206,KA
"Havířov,Šumbark,točna Lidická",49.79951,18.4009,KA
"Havířov,Šumbark,točna Lidická",49.79955,18.40126,KA
"Havířov,Šumbark,točna Petřvaldská",49.80184,18.41215,KA
"Havířov,Šumbark,točna Petřvaldská",49.8026924,18.41154,KA
"Havířov,Šumbark,U Jelena",49.80839,18.41244,KA
"Havířov,Šumbark,U Jelena",49.80906,18.41243,KA
"Havířov,Šumbark,U nádraží",49.7914925,18.4035931,KA
"Havířov,Šumbark,U nádraží",49.7914543,18.4070473,KA
"Havířov,Šumbark,Vsuvky",49.7968674,18.40796,KA
"Havířov,Šumbark,Vsuvky",49.79682,18.4082336,KA
"Havířov,Životice,Památník",49.7685051,18.4745388,KA
"Havířov,Životice,Památník",49.76793,18.4737587,KA
"Havířov,Životice,Přátelství",49.7655678,18.47065,KA
"Havířov,Životice,Přátelství",49.7652664,18.47037,KA
"Havířov,Životice,rozc.",49.77384,18.4865589,KA
"Havířov,Životice,rozc.",49.7738075,18.4865589,KA
"Havířov,Životice,točna Pacalůvka",49.77555,18.4954262,KA
"Havířov,Životice,točna Pacalůvka",49.77492,18.4948,KA
"Havířov,Životice,U Křížů",49.7713,18.47714,KA
"Havířov,Životice,U Křížů",49.77153,18.47764,KA
"Heřmanice u Oder,,křiž.",49.7187271,17.8074226,NJ
"Heřmanice u Oder,,křiž.",49.7187767,17.8074532,NJ
"Heřmanice u Oder,,rest.",49.7133026,17.8053474,NJ
"Heřmanice u Oder,,rest.",49.71319,17.80516,NJ
"Heřmanice u Oder,Véska,křiž.",49.72251,17.8106346,NJ
"Heřmanice u Oder,Véska,křiž.",49.7225876,17.8105011,NJ
Heřmánky,49.7068062,17.7681847,NJ
Heřmánky,49.707016,17.7680073,NJ
Heřmánky,49.706707,17.76844,NJ
"Heřmanovice,,hájenka",50.1750145,17.4229851,BR
"Heřmanovice,,hájenka",50.1749725,17.42282,BR
"Heřmanovice,,hřeben",50.2025337,17.4033566,BR
"Heřmanovice,,hřeben",50.20262,17.4033241,BR
"Heřmanovice,,rest.",50.19262,17.3974915,BR
"Heřmanovice,,rest.",50.19266,17.3973751,BR
"Heřmanovice,,rozc.",50.1980438,17.3839016,BR
"Heřmanovice,,rozc.",50.1984329,17.3834438,BR
"Heřmanovice,,rozc.",50.1991653,17.38354,BR
"Heřmanovice,,rozc.",50.1991653,17.38338,BR
"Heřmanovice,,zast.",50.1821861,17.4122467,BR
"Heřmanovice,,zast.",50.1822472,17.4122963,BR
"Heřmanovice,Drakov",50.16929,17.3781643,BR
"Heřmanovice,Drakov",50.16929,17.3781052,BR
"Hladké Životice,,kaple",49.6889954,17.945816,NJ
"Hladké Životice,,kaple",49.6888733,17.9460869,NJ
"Hladké Životice,,kolonie",49.6732864,17.98174,NJ
"Hladké Životice,,kolonie",49.6747,17.9825516,NJ
"Hladké Životice,,křiž.",49.68378,17.95449,NJ
"Hladké Životice,,křiž.",49.68387,17.9544411,NJ
"Hladké Životice,,rest.Kukačka",49.68469,17.9881115,NJ
"Hladké Životice,,rest.Kukačka",49.68464,17.9880924,NJ
"Hladké Životice,,výrobna",49.68237,17.9713821,NJ
"Hladké Životice,,výrobna",49.6823921,17.9712,NJ
"Hladké Životice,,žel.st.",49.67994,17.9880333,NJ
"Hladké Životice,,žel.st.",49.6797333,17.987896,NJ
Hlásnice,49.7525177,17.2927322,OC
Hlásnice,49.7524872,17.29261,OC
Hlásnice,49.7525177,17.2928,OC
"Hlavnice,,střed",49.92497,17.7279816,OP
"Hlavnice,,střed",49.92502,17.7281551,OP
"Hlinka,,Rylovka",50.2877045,17.68674,BR
"Hlinka,,Rylovka",50.2878532,17.68685,BR
"Hlinka,,střed",50.2798157,17.6711216,BR
"Hlinka,,střed",50.2797737,17.6712055,BR
"Hlubočec,,garáž ČSAD",49.8422241,17.9676,OP
"Hlubočec,,garáž ČSAD",49.8422737,17.9675636,OP
"Hlubočec,,střed",49.8420029,17.96983,OP
"Hlubočec,,střed",49.8417931,17.9697647,OP
"Hlubočec,,točna",49.8395538,17.9698181,OP
"Hlubočec,,točna",49.8396835,17.9701328,OP
"Hlučín,,aut.nádr.",49.89769,18.185648,OP
"Hlučín,,aut.nádr.",49.89787,18.18574,OP
"Hlučín,,aut.nádr.",49.8980179,18.1854229,OP
"Hlučín,,aut.nádr.",49.8978958,18.1851788,OP
"Hlučín,,aut.nádr.",49.8976974,18.1852646,OP
"Hlučín,,aut.nádr.",49.8974571,18.1855164,OP
"Hlučín,,cihelna",49.8947563,18.2158871,OP
"Hlučín,,cihelna",49.8949547,18.2157,OP
"Hlučín,,Petra Bezruče",49.90218,18.1897678,OP
"Hlučín,,pneuservis",49.8963,18.1958389,OP
"Hlučín,,pneuservis",49.8963966,18.1988811,OP
"Hlučín,,sídl.OKD",49.90507,18.1908779,OP
"Hlučín,,sídl.OKD",49.9044037,18.19096,OP
"Hlučín,,štěrkovny",49.8906174,18.1768856,OP
"Hlučín,,štěrkovny",49.89134,18.1782265,OP
"Hlučín,,U Kuchaře",49.8964844,18.19246,OP
"Hlučín,Darkovičky,bunkry",49.9271126,18.21666,OP
"Hlučín,Darkovičky,bunkry",49.9271469,18.2165852,OP
"Hlučín,Darkovičky,Pod Františkem",49.92254,18.1974525,OP
"Hlučín,Darkovičky,Pod Františkem",49.9222145,18.19733,OP
"Hlučín,Darkovičky,rozc.Píšť",49.91673,18.1974735,OP
"Hlučín,Darkovičky,rozc.Píšť",49.9167137,18.19708,OP
"Hlučín,Darkovičky,rozc.Píšť",49.9166031,18.1974335,OP
"Hlučín,Darkovičky,rozc.Píšť",49.91628,18.1968975,OP
"Hlučín,Darkovičky,škola",49.9199333,18.2022686,OP
"Hlučín,Darkovičky,škola",49.9195175,18.20164,OP
"Hlučín,Darkovičky,U Dvora",49.92281,18.2065239,OP
"Hlučín,Darkovičky,U Dvora",49.92261,18.2060032,OP
"Hněvošice,,hájenka",49.99558,17.99601,OP
"Hněvošice,,hájenka",49.9961624,17.9965649,OP
"Hněvošice,,hor.konec",50.0012131,18.0040245,OP
"Hněvošice,,hor.konec",50.0011978,18.0037251,OP
"Hněvošice,,rest.",50.00303,18.0087929,OP
"Hněvošice,,rest.",50.0029259,18.0084286,OP
"Hněvošice,,U Dvoru",50.00473,18.0127068,OP
"Hnojník,,Konečný",49.6790237,18.5359459,FM
"Hnojník,,obch.stř.",49.68206,18.5438633,FM
"Hnojník,,obch.stř.",49.6821861,18.54305,FM
"Hnojník,,obch.stř.",49.681572,18.541853,FM
"Hnojník,,obch.stř.",49.6816368,18.5419769,FM
"Hnojník,,rozhraní",49.6820145,18.5549088,FM
"Hnojník,,rozhraní",49.6822,18.554493,FM
"Hnojník,,u Kubisze",49.67337,18.5310669,FM
"Hnojník,,u mlýna",49.6921425,18.5398,FM
"Hnojník,,u mlýna",49.692276,18.5396233,FM
"Hnojník,,žel.st.",49.6784973,18.5386982,FM
"Hodslavice,,bytovky",49.5366745,18.0299187,NJ
"Hodslavice,,bytovky",49.5368538,18.0289955,NJ
"Hodslavice,,dolní konec",49.5501366,18.0260983,NJ
"Hodslavice,,dolní konec",49.5499458,18.02598,NJ
"Hodslavice,,nákup.stř.",49.5375061,18.0225849,NJ
"Hodslavice,,nákup.stř.",49.53728,18.0222,NJ
"Hodslavice,,rozc.Mořkov",49.53816,18.0247231,NJ
"Hodslavice,,rozc.Mořkov",49.5383224,18.0247154,NJ
"Hodslavice,,U viaduktu",49.5575523,18.02262,NJ
"Hodslavice,,U viaduktu",49.55746,18.0224724,NJ
"Holasovice,,žel.st.",49.999836,17.8036079,OP
"Holasovice,,žel.st.",49.9999962,17.803091,OP
"Holasovice,Kamenec,rozc.",49.97491,17.7714386,OP
"Holasovice,Kamenec,rozc.",49.9751358,17.7708035,OP
"Holasovice,Kamenec,střed",49.9775238,17.7722034,OP
"Holasovice,Kamenec,střed",49.97759,17.7721176,OP
"Holasovice,Loděnice,střed",49.99492,17.7851124,OP
"Holasovice,Loděnice,střed",49.99559,17.7848473,OP
"Holasovice,Štemplovec,rozc.",49.97376,17.7881832,OP
"Holasovice,Štemplovec,rozc.",49.97392,17.7884331,OP
"Holasovice,Štemplovec,střed",49.97904,17.7878227,OP
"Holasovice,Štemplovec,střed",49.97918,17.78797,OP
"Holčovice,,bytovky",50.15651,17.49469,BR
"Holčovice,,bytovky",50.15657,17.4943333,BR
"Holčovice,,pošta",50.1568642,17.48558,BR
"Holčovice,Hejnov",50.16689,17.5089321,BR
"Holčovice,Hejnov",50.1668663,17.5088577,BR
"Holčovice,Hejnov",50.1668854,17.50898,BR
"Holčovice,Komora",50.1634521,17.4701347,BR
"Holčovice,Komora",50.1633072,17.4704,BR
"Holčovice,Spálené",50.1599579,17.4586849,BR
"Holčovice,Spálené",50.1600342,17.45906,BR
"Holčovice,Spálené,rozc.",50.16093,17.43402,BR
"Holčovice,Spálené,rozc.",50.1610527,17.4340229,BR
"Holčovice,Spálené,točna",50.15764,17.4482956,BR
"Holčovice,Spálené,točna",50.1574745,17.4484882,BR
"Horní Bečva,,hotel Valaška",49.424015,18.3045521,VS
"Horní Bečva,,hotel Valaška",49.4243622,18.3034,VS
"Horní Bečva,,ObÚ",49.4323578,18.287466,VS
"Horní Bečva,,ObÚ",49.43209,18.28796,VS
"Horní Bečva,,Paseky",49.4193573,18.3309231,VS
"Horní Bečva,,Paseky",49.41926,18.3306541,VS
"Horní Bečva,,přehrada",49.42407,18.31758,VS
"Horní Bečva,,přehrada",49.42395,18.31764,VS
"Horní Bečva,,rest.Na Bečvici",49.4189529,18.3469925,VS
"Horní Bečva,,rest.Na Bečvici",49.41886,18.34698,VS
"Horní Bečva,,stará pošta",49.4331322,18.2784843,VS
"Horní Bečva,,stará pošta",49.4330368,18.2785263,VS
"Horní Bečva,,u Vaníčků",49.4196243,18.3196335,VS
"Horní Bečva,,u Vaníčků",49.4195938,18.3195076,VS
"Horní Bečva,Hlavatá,rozc.",49.4165077,18.3667011,VS
"Horní Bečva,Hlavatá,rozc.",49.4164848,18.3664818,VS
"Horní Benešov,,aut.st.",49.9679,17.6056843,BR
"Horní Benešov,,aut.st.",49.9679,17.6056843,BR
"Horní Benešov,,Bělidlo",49.9471321,17.6125565,BR
"Horní Benešov,,Bělidlo",49.94708,17.6125679,BR
"Horní Benešov,,Leskovecká",49.9643326,17.6031723,BR
"Horní Benešov,,Leskovecká",49.96431,17.60325,BR
"Horní Benešov,,pod městem",49.96743,17.5976,BR
"Horní Benešov,,pod městem",49.96746,17.59781,BR
"Horní Benešov,,RD závod",49.9566574,17.6007118,BR
"Horní Benešov,,RD závod",49.95675,17.6008415,BR
"Horní Benešov,Luhy",49.9762955,17.59905,BR
"Horní Benešov,Luhy",49.97639,17.5992317,BR
"Horní Benešov,Luhy,č.79",49.9699554,17.5944366,BR
"Horní Benešov,Luhy,č.79",49.9699478,17.5943432,BR
"Horní Bludovice,,Adámek",49.75717,18.4175186,KA
"Horní Bludovice,,Adámek",49.7571754,18.4176712,KA
"Horní Bludovice,,Amerika",49.75076,18.4085426,KA
"Horní Bludovice,,Amerika",49.7508125,18.4085159,KA
"Horní Bludovice,,hřbitov",49.74484,18.40694,KA
"Horní Bludovice,,hřbitov",49.74484,18.40694,KA
"Horní Bludovice,,chodníček",49.7402153,18.4201641,KA
"Horní Bludovice,,chodníček",49.7402344,18.4200439,KA
"Horní Bludovice,,Nová Dědina",49.74625,18.44258,KA
"Horní Bludovice,,Nová Dědina",49.74625,18.44258,KA
"Horní Bludovice,,rest.U Mokrošů",49.7511139,18.43779,KA
"Horní Bludovice,,rest.U Mokrošů",49.7512436,18.4374866,KA
"Horní Bludovice,,statek",49.7538872,18.4423847,KA
"Horní Bludovice,,statek",49.7539635,18.44227,KA
"Horní Bludovice,,U kaple",49.74171,18.406456,KA
"Horní Bludovice,,U kaple",49.7417374,18.4065533,KA
"Horní Bludovice,,U lípy",49.7505569,18.4481,KA
"Horní Bludovice,,U lípy",49.75051,18.4481258,KA
"Horní Bludovice,,U Petra",49.7477,18.42977,KA
"Horní Bludovice,,U Petra",49.74772,18.4297466,KA
"Horní Bludovice,,U tří křížů",49.73592,18.4091759,KA
"Horní Bludovice,,U tří křížů",49.7360039,18.4091663,KA
"Horní Bludovice,,U Tůňky",49.74601,18.4025021,KA
"Horní Bludovice,,U Tůňky",49.7460938,18.4025326,KA
"Horní Bludovice,,Vrchy",49.74637,18.4229069,KA
"Horní Bludovice,,Vrchy",49.74639,18.4227257,KA
"Horní Bludovice,,Záguří",49.75056,18.4599724,KA
"Horní Bludovice,,Záguří",49.75056,18.4599724,KA
"Horní Domaslavice,,nocovna ČSAD",49.69776,18.4808044,FM
Horní Lhota,49.1549568,17.8048019,ZL
Horní Lhota,49.15481,17.80475,ZL
"Horní Lhota,,Motorest",49.1460953,17.8043251,ZL
"Horní Lhota,,Motorest",49.14644,17.80392,ZL
"Horní Lhota,,rozc.",49.8632469,18.0715981,OV
"Horní Lhota,,rozc.",49.86326,18.0715256,OV
"Horní Lhota,,samoobsluha",49.85327,18.0687256,OV
"Horní Lhota,,samoobsluha",49.8531265,18.0686359,OV
"Horní Loděnice,,Nové Dvorce",49.7632523,17.3515282,OC
"Horní Loděnice,,Nové Dvorce",49.7634277,17.35167,OC
"Horní Loděnice,,Nové Dvorce",49.7631,17.3513985,OC
"Horní Loděnice,,rest.",49.7703476,17.374876,OC
"Horní Loděnice,,rest.",49.7704239,17.3748474,OC
"Horní Loděnice,,rest.",49.7702637,17.3748913,OC
"Horní Lomná,,Dolní Přelač",49.5217972,18.6416283,FM
"Horní Lomná,,Doubrava",49.5472755,18.6499367,FM
"Horní Lomná,,Havraň",49.54115,18.643,FM
"Horní Lomná,,Horní Přelač",49.5187874,18.6480274,FM
"Horní Lomná,,koupaliště",49.52583,18.63694,FM
"Horní Lomná,,Salajka",49.53403,18.6390476,FM
"Horní Město,,kult.dům",49.90821,17.2116928,BR
"Horní Město,Skály",49.9138,17.22595,BR
"Horní Město,Skály",49.91382,17.2257271,BR
"Horní Město,Skály,rest.",49.9157562,17.23012,BR
"Horní Město,Skály,rest.",49.91572,17.23018,BR
"Horní Suchá,,Děl.dům",49.79738,18.4801,KA
"Horní Suchá,,Děl.dům",49.7981339,18.4786587,KA
"Horní Suchá,,dvůr",49.8006859,18.4790173,KA
"Horní Suchá,,dvůr",49.800663,18.479414,KA
"Horní Suchá,,František",49.8054924,18.4793034,KA
"Horní Suchá,,František",49.8059,18.4794846,KA
"Horní Suchá,,konečná",49.8060265,18.47728,KA
"Horní Suchá,,konečná",49.8055954,18.4768715,KA
"Horní Suchá,,lékárna",49.7993622,18.4641552,KA
"Horní Suchá,,lékárna",49.7992554,18.4646549,KA
"Horní Suchá,,Pašůvka",49.7874374,18.4671612,KA
"Horní Suchá,,Pašůvka",49.7872276,18.4671421,KA
"Horní Suchá,,penzijní domy",49.7987175,18.4903584,KA
"Horní Suchá,,penzijní domy",49.7989044,18.4901142,KA
"Horní Suchá,,škola",49.79677,18.4841671,KA
"Horní Suchá,,škola",49.79648,18.48436,KA
"Horní Suchá,,U Pavlasů",49.7903557,18.487196,KA
"Horní Suchá,,U Pavlasů",49.789608,18.4874229,KA
"Horní Suchá,,žel.st.",49.7938347,18.4849014,KA
"Horní Suchá,,žel.st.",49.7934456,18.4855175,KA
"Horní Tošanovice,,statek",49.6914177,18.5036278,FM
"Horní Tošanovice,,statek",49.69148,18.5034122,FM
"Horní Životice,,rozc.",49.97211,17.6395588,BR
"Horní Životice,,rozc.",49.9722176,17.63964,BR
"Horní Životice,,statek",49.96041,17.64922,BR
"Horní Životice,,statek",49.96036,17.6492,BR
"Horní Životice,,střed",49.96787,17.6423721,BR
"Horní Životice,,střed",49.96789,17.6424561,BR
"Hostašovice,,Domoraz",49.5225258,18.0148487,NJ
"Hostašovice,,Domoraz",49.52248,18.0149727,NJ
"Hostašovice,,hájovna",49.5105324,18.0048141,NJ
"Hostašovice,,hájovna",49.5107231,18.00532,NJ
"Hostašovice,,Jalovčí",49.5317421,18.0062065,NJ
"Hostašovice,,Jalovčí",49.53164,18.0061741,NJ
"Hostašovice,,náves",49.5343971,17.996336,NJ
"Hostašovice,,náves",49.5343323,17.9966145,NJ
"Hostašovice,,u Zrzávky",49.52432,18.0152454,NJ
"Hostašovice,,u Zrzávky",49.52445,18.0150738,NJ
"Hošťálkovy,,dolní zastávka",50.11128,17.6012859,BR
"Hošťálkovy,,dolní zastávka",50.1114349,17.6004925,BR
"Hošťálkovy,,kulturní dům",50.1140442,17.5920811,BR
"Hošťálkovy,,kulturní dům",50.1140671,17.5922,BR
"Hošťálkovy,Křížová",50.1280174,17.55,BR
"Hošťálkovy,Křížová",50.12808,17.5500031,BR
"Hošťálkovy,Staré Purkartice,točna",50.12655,17.5271473,BR
"Hošťálkovy,Staré Purkartice,vlek",50.12512,17.5367756,BR
"Hošťálkovy,Staré Purkartice,vlek",50.12518,17.5367336,BR
"Hošťálkovy,Vraclávek,hasičská louka",50.1179733,17.5837383,BR
"Hošťálkovy,Vraclávek,hasičská louka",50.1180344,17.58373,BR
"Hošťálkovy,Vraclávek,rest.",50.1260948,17.5613956,BR
"Hošťálkovy,Vraclávek,rest.",50.1261673,17.5614014,BR
"Hošťálkovy,Vraclávek,střed",50.1245346,17.5720043,BR
"Hošťálkovy,Vraclávek,střed",50.124588,17.5720577,BR
"Hovězí,,obec",49.305912,18.0597286,VS
"Hrabyně,,obecní úřad",49.88123,18.05443,OP
"Hrabyně,,obecní úřad",49.88206,18.05509,OP
"Hrabyně,,rehab.centrum",49.87185,18.049036,OP
"Hrabyně,,rehab.centrum",49.8718719,18.0492229,OP
"Hrabyně,Josefovice,osada",49.872963,18.0656624,OP
"Hrabyně,Josefovice,osada",49.8734169,18.0647659,OP
"Hradec Králové,,Hlavní nádraží",50.2144,15.8117571,HK
"Hradec Králové,,Terminál HD",50.2166328,15.81314,HK
"Hradec Králové,,Terminál HD",50.2166328,15.81314,HK
"Hradec n.Moravicí,,most",49.8727837,17.87493,OP
"Hradec n.Moravicí,,rozc.Benkovice",49.8696976,17.8684864,OP
"Hradec n.Moravicí,,rozc.Benkovice",49.86974,17.8684654,OP
"Hradec n.Moravicí,,rozc.Benkovice",49.8695068,17.8684731,OP
"Hradec n.Moravicí,,rozc.Benkovice",49.8695221,17.8686752,OP
"Hradec n.Moravicí,,škola",49.8712845,17.8769512,OP
"Hradec n.Moravicí,,škola",49.8707275,17.8774147,OP
"Hradec n.Moravicí,,zámek",49.86597,17.8749657,OP
"Hradec n.Moravicí,,žel.st.",49.8765945,17.8767414,OP
"Hradec n.Moravicí,,žel.st.",49.8770065,17.8769569,OP
"Hradec n.Moravicí,Benkovice,střed",49.8686447,17.8372021,OP
"Hradec n.Moravicí,Bohučovice,lom",49.8602867,17.9087753,OP
"Hradec n.Moravicí,Bohučovice,lom",49.8603058,17.9085865,OP
"Hradec n.Moravicí,Bohučovice,střed",49.86726,17.90221,OP
"Hradec n.Moravicí,Bohučovice,střed",49.8671036,17.9021568,OP
"Hradec n.Moravicí,Břemí,osada",49.8449249,17.80082,OP
"Hradec n.Moravicí,Břemí,osada",49.84495,17.800766,OP
"Hradec n.Moravicí,Domoradovice",49.8460045,17.8172569,OP
"Hradec n.Moravicí,Domoradovice",49.8460426,17.8170414,OP
"Hradec n.Moravicí,Filipovice,rozc.",49.8467178,17.7906532,OP
"Hradec n.Moravicí,Filipovice,rozc.",49.84671,17.7904911,OP
"Hradec n.Moravicí,Jakubčovice,rest.",49.84616,17.9177017,OP
"Hradec n.Moravicí,Jakubčovice,rest.",49.84619,17.91754,OP
"Hradec n.Moravicí,Kajlovec,hájovna",49.8489723,17.8823147,OP
"Hradec n.Moravicí,Kajlovec,hájovna",49.849205,17.8821087,OP
"Hradec n.Moravicí,Kajlovec,lom",49.8353539,17.8867016,OP
"Hradec n.Moravicí,Kajlovec,lom",49.8354034,17.88687,OP
"Hradec n.Moravicí,Kajlovec,střed",49.85592,17.8804016,OP
"Hradec n.Moravicí,Kajlovec,střed",49.8568153,17.8795376,OP
"Hradec n.Moravicí,Žimrovice,rest.",49.85521,17.8492527,OP
"Hradec n.Moravicí,Žimrovice,rest.",49.8552551,17.8492279,OP
Hrádek,49.6152725,18.7381,FM
Hrádek,49.6154976,18.7382164,FM
"Hrádek,,Harcov",49.60694,18.7419949,FM
"Hrádek,,Harcov",49.6066628,18.7423019,FM
"Hranice,,aut.st.",49.5636063,17.7400055,PR
"Hranice,,aut.st.",49.5632973,17.74033,PR
"Hranice,,aut.st.",49.5633621,17.7401371,PR
"Hranice,,aut.st.",49.56322,17.7401676,PR
"Hranice,,aut.st.",49.563,17.7402134,PR
"Hranice,,aut.st.",49.5632973,17.74033,PR
"Hranice,,Cement záv.",49.5622826,17.759901,PR
"Hranice,,CTP přední brána",49.5563545,17.7156258,PR
"Hranice,,CTP přední brána",49.5563431,17.71532,PR
"Hranice,,CTP přední brána",49.5563469,17.71579,PR
"Hranice,,CTP zadní brána",49.5575142,17.7269287,PR
"Hranice,,CTP zadní brána",49.5575333,17.7267914,PR
"Hranice,,gymnázium",49.5520859,17.7367344,PR
"Hranice,,gymnázium",49.5528221,17.7383881,PR
"Hranice,,nem.",49.55565,17.74514,PR
"Hranice,,nem.",49.55582,17.74562,PR
"Hranice,,nem.",49.5551147,17.7438946,PR
"Hranice,,Oseva",49.5669327,17.7307167,PR
"Hranice,,pošta",49.55201,17.73537,PR
"Hranice,,pošta",49.5520134,17.73524,PR
"Hranice,,pošta",49.55202,17.7354851,PR
"Hranice,,sídl.CVH",49.5585823,17.7509861,PR
"Hranice,,sídl.CVH",49.55821,17.7504711,PR
"Hranice,,sídl.CVH",49.55903,17.7516632,PR
"Hranice,,Slávie",49.56056,17.7348671,PR
"Hranice,,Slávie",49.56083,17.7357311,PR
"Hranice,,Slávie",49.5600052,17.7346458,PR
"Hranice,,Šromotovo nám.",49.5509872,17.733448,PR
"Hranice,,Tř.1.máje",49.5577469,17.7351131,PR
"Hranice,,Wienerberger",49.5623169,17.7599335,PR
"Hranice,,Wienerberger",49.5621376,17.7580757,PR
"Hranice,,ZZN",49.56191,17.7343616,PR
"Hranice,Drahotuše,nám.",49.5491753,17.69419,PR
"Hranice,Slavíč,rest.",49.541172,17.6568127,PR
"Hranice,Velká,rozc.",49.57159,17.7299957,PR
"Hrčava,,Gavlonka",49.52575,18.8241634,FM
"Hrčava,,konečná",49.52001,18.8322678,FM
"Hrčava,,konečná",49.5201,18.83241,FM
"Hukvaldy,,Drážky",49.62484,18.2147427,FM
"Hukvaldy,,Drážky",49.6249161,18.2147636,FM
"Hukvaldy,,hotel",49.6244621,18.2205887,FM
"Hukvaldy,,hotel",49.6245079,18.22064,FM
"Hukvaldy,,Losert",49.6262054,18.2296734,FM
"Hukvaldy,,Losert",49.6262474,18.2298717,FM
"Hukvaldy,Dolní Sklenov,restaurace",49.6341133,18.2168922,FM
"Hukvaldy,Dolní Sklenov,restaurace",49.6339951,18.2166939,FM
"Hukvaldy,Dolní Sklenov,rozc.",49.6291046,18.2238979,FM
"Hukvaldy,Dolní Sklenov,rozc.",49.62911,18.2235928,FM
"Hukvaldy,Dolní Sklenov,škola",49.6312141,18.220356,FM
"Hukvaldy,Dolní Sklenov,škola",49.6312523,18.2187176,FM
"Hukvaldy,Horní Sklenov,restaurace",49.6207352,18.21114,FM
"Hukvaldy,Krnalovice",49.65386,18.24018,FM
"Hukvaldy,Krnalovice",49.65445,18.2427845,FM
"Hukvaldy,Rychaltice,pod mostem",49.64972,18.21713,FM
"Hukvaldy,Rychaltice,pod mostem",49.65001,18.21715,FM
"Hukvaldy,Rychaltice,u dvora",49.6426353,18.2181053,FM
"Hukvaldy,Rychaltice,u dvora",49.64292,18.2182865,FM
"Hulín,,nám.",49.31657,17.4660835,KM
"Hulín,,nám.",49.31657,17.4660835,KM
"Huslenky,,ObÚ",49.3049545,18.0983868,VS
"Huslenky,,Pod černým",49.3103561,18.1247635,VS
"Huslenky,,žel.st.",49.3034744,18.0927925,VS
"Huslenky,Bařiny,škola",49.3079262,18.10981,VS
"Hustopeče n.Bečvou,,křiž.k Porubě",49.52961,17.8798523,PR
"Hustopeče n.Bečvou,,nám.",49.5302,17.8701458,PR
"Hustopeče n.Bečvou,,žel.st.",49.52379,17.86441,PR
"Hustopeče n.Bečvou,Poruba,dvůr",49.53914,17.9087124,PR
"Hustopeče n.Bečvou,Poruba,točna",49.5322723,17.9000149,PR
"Huzová,,mlýn",49.8136635,17.2917023,OC
"Huzová,,mlýn",49.8135757,17.2915936,OC
"Huzová,,mlýn",49.8136368,17.2917938,OC
"Huzová,,myslivna",49.8339958,17.3304768,OC
"Huzová,,myslivna",49.83398,17.3303871,OC
"Huzová,,myslivna",49.83409,17.330616,OC
"Huzová,,rest.",49.82168,17.29892,OC
"Huzová,,rest.",49.8216629,17.2987957,OC
"Huzová,,rest.",49.8217239,17.2989922,OC
"Huzová,,sad",49.82545,17.3076057,OC
"Huzová,,sad",49.8254776,17.3082085,OC
"Huzová,,sad",49.82528,17.3070126,OC
"Huzová,Arnoltice",49.8453178,17.3546314,OC
"Huzová,Arnoltice",49.8453674,17.35475,OC
"Huzová,Arnoltice",49.8453636,17.3545437,OC
"Cheb,,aut.nádr.",50.0745773,12.3798714,CH
"Cheb,,aut.nádr.",50.0745773,12.3798714,CH
"Chlebičov,,hor.konec",49.9572029,17.96231,OP
"Chlebičov,,rozc.",49.95683,17.9616642,OP
"Chlebičov,,rozc.",49.9573975,17.9611473,OP
"Chlebičov,,točna",49.9594154,17.9698067,OP
"Chotěbuz,,CLO",49.76336,18.61307,
"Chotěbuz,,hájenka",49.7767525,18.5712,KA
"Chotěbuz,,náves",49.7680969,18.5684929,KA
"Chotěbuz,,škola",49.76704,18.5771713,KA
"Chotěbuz,,u Glace",49.76565,18.5872669,KA
"Chotěbuz,,žel.st.",49.7810135,18.59605,KA
"Chotěbuz,,žel.st.",49.78068,18.5967674,KA
"Chotěbuz,Zpupná Lhota,mateřská škola",49.7656136,18.5944366,KA
"Chotěbuz,Zpupná Lhota,pod Skalkou",49.7621155,18.61105,KA
"Chotěbuz,Zpupná Lhota,pod Skalkou",49.762043,18.6113186,KA
"Chotěbuz,Zpupná Lhota,samoobsluha",49.7673569,18.6034241,KA
"Chotěbuz,Zpupná Lhota,u Mlýnky",49.7693863,18.6069,KA
"Chotěbuz,Zpupná Lhota,u Mlýnky",49.7698936,18.6068554,KA
"Chotěbuz,Zpupná Lhota,u Mlýnky",49.7685471,18.6069336,KA
"Chotěbuz,Zpupná Lhota,u Mlýnky",49.7685966,18.6066074,KA
"Chuchelná,,LNH vodárna",49.9910126,18.1138287,OP
"Chuchelná,,LNH vodárna",49.99107,18.1136169,OP
"Chuchelná,,LNH vodárna",49.9913025,18.1123466,OP
"Chuchelná,,rehabilitační ústav",49.9887772,18.1211281,OP
"Chuchelná,,rehabilitační ústav",49.9888535,18.1210613,OP
"Chuchelná,,u kostela",49.9878159,18.1182671,OP
"Chuchelná,,u kostela",49.98796,18.1182728,OP
"Chuchelná,,žel.st.",49.9889069,18.1136665,OP
"Chuchelná,,žel.st.",49.9889374,18.1135979,OP
"Chuchelná,Resta,osada",49.98901,18.1296444,OP
"Chuchelná,Resta,osada",49.9889832,18.1295872,OP
Chvalíkovice,49.8851662,17.91086,OP
"Chvalíkovice,,Obecní úřad",49.8862343,17.9148235,OP
"Chvalíkovice,,Obecní úřad",49.88631,17.9151134,OP
"Jablůnka,,rest.Na papírně",49.3877335,17.9493828,VS
"Jablůnka,,rest.Na papírně",49.388,17.9494228,VS
"Jablunkov,,aut.st.",49.57854,18.76794,FM
"Jablunkov,,aut.st.",49.5786,18.76826,FM
"Jablunkov,,aut.st.",49.57838,18.76829,FM
"Jablunkov,,aut.st.",49.57824,18.76819,FM
"Jablunkov,,aut.st.",49.57826,18.76795,FM
"Jablunkov,,ČSAD",49.5712357,18.7712631,FM
"Jablunkov,,kaplička",49.5594368,18.7476444,FM
"Jablunkov,,Městský úřad",49.5745773,18.7621479,FM
"Jablunkov,,poliklinika",49.5747948,18.7639,FM
"Jablunkov,,sanatorium",49.57012,18.7579,FM
"Jablunkov,,sanatorium",49.57003,18.7574329,FM
"Jablunkov,,Skotňa",49.56458,18.7467251,FM
"Jablunkov,,Skotňa",49.5646172,18.7465763,FM
"Jablunkov,,točna Písečná",49.5782356,18.7830276,FM
"Jablunkov,,u jatek",49.5814857,18.7662277,FM
"Jablunkov,,U potoka",49.5612831,18.77114,FM
"Jablunkov,Lísky,konečná",49.5546341,18.7671928,FM
"Jablunkov,Lísky,rozc.",49.563736,18.7741985,FM
"Jablunkov,Radvanov,konec",49.5900078,18.78172,FM
"Jablunkov,Radvanov,rozc.",49.58285,18.7759666,FM
"Jablunkov,Radvanov,stolařství",49.58505,18.77862,FM
"Jablunkov,Žihla,u obchodu",49.56768,18.7756977,FM
"Jakartovice,,hor.konec",49.91456,17.674902,OP
"Jakartovice,,hor.konec",49.91463,17.6747761,OP
"Jakartovice,,mateřská škola",49.91493,17.68133,OP
"Jakartovice,,mateřská škola",49.9150162,17.6813068,OP
"Jakartovice,,střed",49.91468,17.68493,OP
"Jakartovice,,střed",49.914772,17.6852074,OP
"Jakartovice,Bohdanovice,střed",49.8994865,17.64103,OP
"Jakartovice,Bohdanovice,střed",49.89936,17.64099,OP
"Jakartovice,Deštné,rozc.",49.89675,17.6809578,OP
"Jakartovice,Deštné,rozc.",49.8966942,17.6808548,OP
"Jakartovice,Deštné,střed",49.8954048,17.6757221,OP
"Jakartovice,Deštné,střed",49.8954735,17.6753826,OP
"Jakartovice,Hoř.Kunčice,rozc.",49.8855247,17.63727,OP
"Jakartovice,Hoř.Kunčice,rozc.",49.8853035,17.6364174,OP
"Jakartovice,Hoř.Kunčice,točna",49.8802757,17.6412983,OP
"Jakartovice,Hoř.Kunčice,U Mor.Harty",49.8747559,17.5988617,OP
"Jakartovice,Hoř.Kunčice,U Mor.Harty",49.87515,17.5985012,OP
"Jakubčovice n.Odrou,,pož.zbroj.",49.6953735,17.7878151,NJ
"Jakubčovice n.Odrou,,pož.zbroj.",49.6952667,17.7878132,NJ
"Jakubčovice n.Odrou,,ROMO",49.6924133,17.7932968,NJ
"Jakubčovice n.Odrou,,ROMO",49.6925545,17.7933941,NJ
"Jakubčovice n.Odrou,,u mostu",49.6956329,17.7841511,NJ
"Jakubčovice n.Odrou,,u mostu",49.69518,17.7847061,NJ
"Janov,,Na pomezí",50.2425079,17.4613419,BR
"Janov,,Na pomezí",50.24247,17.4613686,BR
"Janov,,pod nám.",50.2457428,17.4828167,BR
"Janov,,pod nám.",50.24595,17.48294,BR
"Janov,,Slezanka",50.24313,17.4732,BR
"Janov,,Slezanka",50.24304,17.4732,BR
"Janová,,rozc.",49.3093567,18.0203857,VS
"Janovice,,Chovanec",49.6242676,18.393198,FM
"Janovice,,Chovanec",49.62433,18.3931675,FM
"Janovice,,konečná",49.6202354,18.43571,FM
"Janovice,,Legerský",49.62461,18.3853,FM
"Janovice,,Legerský",49.6247635,18.38557,FM
"Janovice,,rest.Ondráš",49.62274,18.4027748,FM
"Janovice,,rest.Ondráš",49.62267,18.4027252,FM
"Janovice,,Řezáč",49.6171761,18.4172039,FM
"Janovice,,Řezáč",49.61713,18.4164829,FM
"Janovice,,škola",49.6203041,18.4080544,FM
"Janovice,,škola",49.62024,18.4080582,FM
"Janovice,,u transformátoru",49.6206932,18.4288864,FM
"Janovice,,u transformátoru",49.620636,18.42931,FM
"Janovice,Bystré,rest.U Toflů",49.595993,18.4125137,FM
"Janovice,Bystré,rest.U Toflů",49.5959435,18.4126,FM
"Janovice,Bystré,u Zemanů",49.5990944,18.4021454,FM
"Janovice,Bystré,u Zemanů",49.5994072,18.4015217,FM
"Jasenná,,dolní zast.",49.2518921,17.89402,ZL
"Jasenná,,dolní zast.",49.25158,17.89411,ZL
"Jasenná,,horní zast.",49.25785,17.89538,ZL
"Jasenná,,Syrákov",49.27377,17.9043217,ZL
"Jeseník n.Odrou,,rozc.Hrabětice",49.6016579,17.8955326,NJ
"Jeseník n.Odrou,,rozc.Hrabětice",49.6019135,17.8955612,NJ
"Jeseník n.Odrou,,rozc.k mlýnu",49.6243324,17.9089413,NJ
"Jeseník n.Odrou,,rozc.k mlýnu",49.62423,17.909008,NJ
"Jeseník n.Odrou,,rozc.Suchdol",49.61262,17.9049034,NJ
"Jeseník n.Odrou,,rozc.Suchdol",49.6125565,17.9051189,NJ
"Jeseník n.Odrou,,transformátor",49.606987,17.89907,NJ
"Jeseník n.Odrou,,transformátor",49.6070023,17.89916,NJ
"Jeseník n.Odrou,,ZD",49.6167755,17.9094448,NJ
"Jeseník n.Odrou,,ZD",49.6168251,17.90933,NJ
"Jeseník n.Odrou,Blahutovice,rest.",49.5837326,17.87238,NJ
"Jeseník n.Odrou,Hrabětice,točna",49.6051369,17.88288,NJ
"Jeseník n.Odrou,Hůrka,mateřská škola",49.59736,17.9342613,NJ
"Jeseník n.Odrou,Hůrka,mateřská škola",49.59742,17.93435,NJ
"Jeseník n.Odrou,Hůrka,rozc.",49.599968,17.9292831,NJ
"Jeseník n.Odrou,Hůrka,rozc.",49.60012,17.9292145,NJ
"Jeseník n.Odrou,Polouvsí,rest.",49.58549,17.8955383,NJ
"Jeseník n.Odrou,Polouvsí,rest.",49.58554,17.8956146,NJ
"Jeseník n.Odrou,Polouvsí,rozc.",49.58124,17.897646,NJ
"Jeseník n.Odrou,Polouvsí,u kapličky",49.59054,17.8955688,NJ
"Jeseník n.Odrou,Polouvsí,u kapličky",49.5908051,17.8959084,NJ
"Jeseník,,aut.nádr.",50.22632,17.2075367,JE
"Jeseník,,aut.nádr.",50.2262955,17.2070332,JE
"Jeseník,,aut.nádr.",50.22612,17.20717,JE
"Jeseník,,sídliště",50.23736,17.2065811,JE
"Jezdkovice,,rest.",49.92336,17.7760811,OP
"Jezdkovice,,rest.",49.9233246,17.7763557,OP
"Jezdkovice,,rozc.",49.9231071,17.774992,OP
"Jezdkovice,,rozc.Nový Dvůr",49.92331,17.7736855,OP
"Jezdkovice,,rozc.Nový Dvůr",49.9232674,17.7736282,OP
"Jezernice,,os.Familie",49.5357857,17.63408,PR
"Jihlava,,aut.nádr.",49.39964,15.5812006,JI
"Jihlava,,aut.nádr.",49.39964,15.5812006,JI
"Jihlava,,aut.nádr.",49.39964,15.5812006,JI
"Jindřichov,,kino",50.25288,17.5259,BR
"Jindřichov,,kino",50.2528267,17.5258942,BR
"Jindřichov,,rest.U Pepana",50.2535133,17.4984779,BR
"Jindřichov,,rest.U Pepana",50.2534943,17.49853,BR
"Jindřichov,,statek",50.2492142,17.5447,BR
"Jindřichov,,statek",50.2491379,17.5447,BR
"Jindřichov,,škola",50.25293,17.5174484,BR
"Jindřichov,,škola",50.2528572,17.5174465,BR
"Jindřichov,,u Setlových",50.2506561,17.4910469,BR
"Jindřichov,,u Setlových",50.2507553,17.4910946,BR
"Jindřichov,,u váhy",50.2529335,17.5102711,BR
"Jindřichov,,u váhy",50.25289,17.5100822,BR
"Jindřichov,,u zámku",50.25133,17.53701,BR
"Jindřichov,,u zámku",50.2512,17.5359936,BR
"Jindřichov,,u zámku",50.2520065,17.5352478,BR
"Jindřichov,,žel.st.",50.248455,17.5380764,BR
"Jindřichov,,žel.st.",50.2485161,17.5375366,BR
"Jindřichov,,žel.st.",50.2486,17.5375748,BR
"Jindřichov,Arnultovice,kult.dům",50.24986,17.5583038,BR
"Jindřichov,Arnultovice,kult.dům",50.24983,17.5583344,BR
"Jiříkov,,kostel",49.85442,17.2766018,BR
"Jiříkov,,kostel",49.854332,17.2765636,BR
"Jiříkov,Kněžpole",49.85941,17.3113022,BR
"Jiříkov,Kněžpole",49.8594475,17.3114071,BR
"Jiříkov,Křížov,kovárna",49.8393059,17.2574234,BR
"Jiříkov,Křížov,kovárna",49.8393326,17.2573929,BR
"Jiříkov,Sovinec",49.83624,17.2469673,BR
"Jiříkov,Sovinec",49.836235,17.2470417,BR
"Jiříkov,Těchanov,točna",49.852253,17.2462883,BR
"Jistebník,,Dolní dvůr",49.7436,18.1354485,NJ
"Jistebník,,Dolní dvůr",49.7435,18.1354675,NJ
"Jistebník,,Můstek",49.7496071,18.1329517,NJ
"Jistebník,,Můstek",49.7493668,18.13276,NJ
"Jistebník,,náves",49.7537,18.129858,NJ
"Jistebník,,náves",49.75366,18.1297455,NJ
"Jistebník,,u kapličky",49.76,18.1247959,NJ
"Jistebník,,u kapličky",49.76013,18.1245251,NJ
"Jistebník,,žel.st.",49.7492256,18.1502876,NJ
"Kaňovice,,obecní úřad",49.74213,18.3889465,FM
"Kaňovice,,obecní úřad",49.74222,18.38901,FM
"Kaňovice,,rest.U Magerů",49.73891,18.3747387,FM
"Kaňovice,,rest.U Magerů",49.73948,18.3749161,FM
"Kaňovice,,točna",49.7444534,18.396246,FM
"Kaňovice,,točna",49.7445374,18.3962669,FM
"Karlova Studánka,,dolní parkoviště",50.0738754,17.3117542,BR
"Karlova Studánka,,dolní parkoviště",50.0740242,17.3119164,BR
"Karlova Studánka,,Hvězda aut.st.",50.0666847,17.3043976,BR
"Karlova Studánka,,Hvězda aut.st.",50.0667229,17.3051357,BR
"Karlova Studánka,,rest.Hubertus",50.0744133,17.3008919,BR
"Karlova Studánka,,rest.Hubertus",50.0745468,17.3007641,BR
"Karlova Studánka,,rozc.Hvězda",50.06643,17.3053513,BR
"Karlova Studánka,,rozc.Hvězda",50.06643,17.3053513,BR
"Karlova Studánka,,rozc.Hvězda",50.06643,17.3052349,BR
"Karlova Studánka,,rozc.Hvězda",50.0663872,17.3053341,BR
"Karlovice,,rozc.",50.1062546,17.4276123,BR
"Karlovice,,rozc.",50.1063042,17.42764,BR
"Karlovice,,rozc.",50.106472,17.42764,BR
"Karlovice,,rozc.",50.1064644,17.42836,BR
"Karlovice,,Slezan",50.1051559,17.4473915,BR
"Karlovice,,Slezan",50.1052971,17.4473686,BR
"Karlovice,,zem.dům",50.10139,17.4520378,BR
"Karlovice,,zem.dům",50.10151,17.4519424,BR
"Karlovice,,žel.st.",50.107563,17.4382133,BR
"Karlovice,,žel.st.",50.1076279,17.4388657,BR
"Karlovy Vary,,terminál",50.2299461,12.8633575,KV
"Karolinka,,Horebečví",49.3506546,18.2493153,VS
"Karolinka,,požární dům",49.35124,18.2394562,VS
"Karolinka,,rozc.Kobylská",49.35145,18.2309475,VS
"Karolinka,Bzové,rozc.",49.3531952,18.2673531,VS
"Karviná,,Důl Darkov",49.828907,18.5229931,KA
"Karviná,,Důl Darkov",49.8290558,18.5231876,KA
"Karviná,,Důl Darkov",49.8288231,18.5231056,KA
"Karviná,,Důl Darkov",49.8289948,18.5233212,KA
"Karviná,Darkov,hotel",49.8468857,18.5444756,KA
"Karviná,Darkov,hotel",49.84642,18.5442924,KA
"Karviná,Darkov,lázně",49.84138,18.5450878,KA
"Karviná,Darkov,nadjezd",49.83399,18.539032,KA
"Karviná,Darkov,nadjezd",49.83457,18.5405331,KA
"Karviná,Darkov,pomocný závod",49.8380775,18.5462379,KA
"Karviná,Darkov,pomocný závod",49.838253,18.5464287,KA
"Karviná,Darkov,zahr.osada",49.836216,18.5604057,KA
"Karviná,Darkov,zahr.osada",49.8364677,18.5603886,KA
"Karviná,Doly,Děl.dům",49.85208,18.5000648,KA
"Karviná,Doly,Děl.dům",49.85201,18.50042,KA
"Karviná,Doly,Důl ČSA",49.8404732,18.4995956,KA
"Karviná,Doly,Jánská",49.84401,18.502037,KA
"Karviná,Doly,Jánská",49.843792,18.5022564,KA
"Karviná,Doly,rozc.Barbora",49.8338737,18.4764423,KA
"Karviná,Doly,rozc.Barbora",49.83363,18.4778271,KA
"Karviná,Doly,Sovinec rest.",49.8485336,18.5075054,KA
"Karviná,Doly,Sovinec",49.84688,18.5072231,KA
"Karviná,Doly,Sovinec",49.84743,18.5088959,KA
"Karviná,Doly,zast.Barbora",49.8254623,18.4701366,KA
"Karviná,Doly,zast.Barbora",49.8255844,18.4706059,KA
"Karviná,Doly,zast.ČSA",49.84042,18.5009766,KA
"Karviná,Doly,zast.ČSA",49.8406,18.50135,KA
"Karviná,Doly,zast.Gabriela",49.8349,18.4874439,KA
"Karviná,Doly,zast.Gabriela",49.8349152,18.4879551,KA
"Karviná,Fryštát,aut.nádr.",49.85661,18.5271034,KA
"Karviná,Fryštát,aut.nádr.",49.85554,18.5279255,KA
"Karviná,Fryštát,aut.nádr.",49.8556633,18.5276737,KA
"Karviná,Fryštát,aut.nádr.",49.8555069,18.5277729,KA
"Karviná,Fryštát,aut.nádr.",49.8553467,18.527874,KA
"Karviná,Fryštát,aut.nádr.",49.8551826,18.5279675,KA
"Karviná,Fryštát,aut.nádr.",49.85502,18.5280666,KA
"Karviná,Fryštát,aut.nádr.",49.8560638,18.5276051,KA
"Karviná,Fryštát,aut.nádr.",49.8559074,18.5276985,KA
"Karviná,Fryštát,aut.nádr.",49.85571,18.5278282,KA
"Karviná,Fryštát,hasičská zbrojnice",49.8541222,18.5336285,KA
"Karviná,Fryštát,hasičská zbrojnice",49.85473,18.5353069,KA
"Karviná,Fryštát,Lešetínská",49.8526764,18.526,KA
"Karviná,Fryštát,Poštovní",49.85594,18.5448437,KA
"Karviná,Fryštát,Poštovní",49.8558922,18.54452,KA
"Karviná,Fryštát,u parku",49.8510246,18.5430126,KA
"Karviná,Fryštát,u parku",49.8512077,18.5430851,KA
"Karviná,Fryštát,univerzita",49.8550949,18.5492249,KA
"Karviná,Fryštát,univerzita",49.8549576,18.5493546,KA
"Karviná,Fryštát,univerzita",49.8547745,18.5494862,KA
"Karviná,Fryštát,univerzita",49.85462,18.54958,KA
"Karviná,Fryštát,univerzita",49.8519058,18.5496254,KA
"Karviná,Fryštát,univerzita",49.8521767,18.5495987,KA
"Karviná,Fryštát,univerzita",49.8524628,18.5496044,KA
"Karviná,Hranice,bazén",49.8626175,18.5526848,KA
"Karviná,Hranice,bazén",49.8628426,18.5526581,KA
"Karviná,Hranice,bazén",49.8630867,18.5526543,KA
"Karviná,Hranice,bazén",49.8640251,18.5528088,KA
"Karviná,Hranice,Jäkl",49.8725624,18.5476475,KA
"Karviná,Hranice,Jäkl",49.873127,18.5479069,KA
"Karviná,Hranice,okružní",49.8707657,18.5548134,KA
"Karviná,Hranice,okružní",49.8706741,18.5540352,KA
"Karviná,Hranice,pekárna",49.8705368,18.5494823,KA
"Karviná,Hranice,pekárna",49.8705368,18.5494823,KA
"Karviná,Hranice,poliklinika",49.8624153,18.554985,KA
"Karviná,Hranice,poliklinika",49.8621445,18.5539684,KA
"Karviná,Hranice,průmyslová škola",49.8603,18.5502,KA
"Karviná,Hranice,průmyslová škola",49.8603058,18.5498142,KA
"Karviná,Hranice,rehab.sanatorium",49.865612,18.5623283,KA
"Karviná,Hranice,rehab.sanatorium",49.8650932,18.5606689,KA
"Karviná,Hranice,rehab.sanatorium",49.8661346,18.5609989,KA
"Karviná,Hranice,rest.Permon",49.86573,18.55154,KA
"Karviná,Hranice,škola",49.86846,18.5599022,KA
"Karviná,Hranice,škola",49.86823,18.55982,KA
"Karviná,Louky,rest.Zátiší",49.79971,18.58457,KA
"Karviná,Louky,rest.Zátiší",49.7991562,18.5852,KA
"Karviná,Mizerov,rest.Tesarčík",49.8680649,18.5693073,KA
"Karviná,Mizerov,rest.Tesarčík",49.86798,18.5684242,KA
"Karviná,Mizerov,urnový háj",49.8569336,18.5565033,KA
"Karviná,Mizerov,urnový háj",49.85705,18.5563755,KA
"Karviná,Mizerov,urnový háj",49.85717,18.5562363,KA
"Karviná,Mizerov,urnový háj",49.85787,18.55544,KA
"Karviná,Mizerov,urnový háj",49.85828,18.5551567,KA
"Karviná,Mizerov,urnový háj",49.85841,18.5550041,KA
"Karviná,Nové Město,ČSAD",49.8618546,18.5298767,KA
"Karviná,Nové Město,ČSAD",49.8617058,18.5296936,KA
"Karviná,Nové Město,ČSAD",49.8616142,18.529562,KA
"Karviná,Nové Město,ČSAD",49.8616676,18.5293312,KA
"Karviná,Nové Město,ČSAD",49.8618355,18.5295677,KA
"Karviná,Nové Město,gymnázium",49.8641739,18.5281277,KA
"Karviná,Nové Město,gymnázium",49.8646774,18.52807,KA
"Karviná,Nové Město,hornická nemocnice",49.8689423,18.5401115,KA
"Karviná,Nové Město,koupaliště",49.8648376,18.5405655,KA
"Karviná,Nové Město,koupaliště",49.86531,18.5431633,KA
"Karviná,Nové Město,obch.dům",49.8568459,18.5402164,KA
"Karviná,Nové Město,obch.dům",49.8569,18.5404968,KA
"Karviná,Nové Město,obch.dům",49.85697,18.5408211,KA
"Karviná,Nové Město,obch.dům",49.8572,18.5445042,KA
"Karviná,Nové Město,obch.dům",49.85705,18.5437813,KA
"Karviná,Nové Město,obch.dům",49.8570938,18.5433884,KA
"Karviná,Nové Město,obch.dům",49.85708,18.5428772,KA
"Karviná,Nové Město,Osvobození",49.8610229,18.5399,KA
"Karviná,Nové Město,Osvobození",49.86086,18.54,KA
"Karviná,Nové Město,Osvobození",49.8606834,18.5400677,KA
"Karviná,Nové Město,Osvobození",49.8605042,18.54016,KA
"Karviná,Nové Město,Osvobození",49.8598938,18.5401382,KA
"Karviná,Nové Město,Osvobození",49.8601074,18.54004,KA
"Karviná,Nové Město,Osvobození",49.8603439,18.5399475,KA
"Karviná,Nové Město,Osvobození",49.8607,18.5397739,KA
"Karviná,Nové Město,stadion házené",49.8641243,18.536808,KA
"Karviná,Nové Město,stadion házené",49.8640747,18.536562,KA
"Karviná,Nové Město,stadion házené",49.8640251,18.5362854,KA
"Karviná,Nové Město,stadion házené",49.86397,18.5359955,KA
"Karviná,Nové Město,stadion házené",49.86385,18.5345039,KA
"Karviná,Nové Město,stadion házené",49.8640442,18.5356083,KA
"Karviná,Nové Město,U Bažantnice",49.86838,18.5300865,KA
"Karviná,Nové Město,U Bažantnice",49.8685379,18.5307026,KA
"Karviná,Nové Město,úřad práce",49.86745,18.53671,KA
"Karviná,Nové Město,úřad práce",49.86826,18.5365086,KA
"Karviná,Ráj,hostinec",49.8434563,18.5633564,KA
"Karviná,Ráj,hostinec",49.84337,18.563343,KA
"Karviná,Ráj,hřbitov",49.8539658,18.5728817,KA
"Karviná,Ráj,hřbitov",49.8541641,18.5717125,KA
"Karviná,Ráj,Kosmonautů",49.8518,18.5575161,KA
"Karviná,Ráj,Kosmonautů",49.8518028,18.5575142,KA
"Karviná,Ráj,Kosmonautů",49.85232,18.5574627,KA
"Karviná,Ráj,Kosmonautů",49.85233,18.5574684,KA
"Karviná,Ráj,Kosmonautů",49.8528938,18.55757,KA
"Karviná,Ráj,Kosmonautů",49.8525925,18.5576229,KA
"Karviná,Ráj,Na Kopci",49.8537445,18.5653076,KA
"Karviná,Ráj,Na Kopci",49.8539925,18.56315,KA
"Karviná,Ráj,nemocnice",49.8483543,18.5532265,KA
"Karviná,Ráj,nemocnice",49.84852,18.55357,KA
"Karviná,Ráj,nemocnice",49.8486938,18.55388,KA
"Karviná,Ráj,nemocnice",49.8487,18.55422,KA
"Karviná,Ráj,nemocnice",49.8485222,18.55386,KA
"Karviná,Ráj,nemocnice",49.8483658,18.5518341,KA
"Karviná,Ráj,nemocnice",49.84853,18.55165,KA
"Karviná,Ráj,nemocnice",49.8486481,18.5518913,KA
"Karviná,Ráj,nemocnice",49.8484879,18.5520763,KA
"Karviná,Ráj,pod lesem",49.86014,18.57796,KA
"Karviná,Ráj,pod lesem",49.86029,18.5778255,KA
"Karviná,Ráj,rozhraní",49.8646278,18.5739784,KA
"Karviná,Ráj,sídliště",49.845417,18.5574913,KA
"Karviná,Ráj,sídliště",49.8453751,18.5572758,KA
"Karviná,Ráj,státní hranice",49.84047,18.5765762,KA
"Karviná,Ráj,Ščerba",49.853035,18.5799332,KA
"Karviná,Ráj,TESCO",49.8457642,18.554842,KA
"Karviná,Staré Město,hranice",49.8759766,18.4991131,KA
"Karviná,Staré Město,hranice",49.87596,18.4993382,KA
"Karviná,Staré Město,konečná",49.8738441,18.5190048,KA
"Karviná,Staré Město,Nové Pole",49.86738,18.509201,KA
"Karviná,Staré Město,Nové Pole",49.8661957,18.5077477,KA
"Karviná,Staré Město,Olšiny rozc.",49.87077,18.5134487,KA
"Karviná,Staré Město,Olšiny rozc.",49.87045,18.5128,KA
"Karviná,Staré Město,Olšiny",49.86823,18.5122318,KA
"Karviná,Staré Město,Olšiny",49.8697281,18.5106468,KA
"Karviná,Staré Město,osada",49.8566856,18.518446,KA
"Karviná,Staré Město,osada",49.85679,18.5183582,KA
"Karviná,Staré Město,střed",49.8617554,18.5091476,KA
"Karviná,Staré Město,střed",49.8618469,18.5089512,KA
"Karviná,Staré Město,škola",49.86112,18.5145855,KA
"Karviná,Staré Město,škola",49.8613129,18.5140247,KA
"Karviná,Staré Město,u mostu",49.86401,18.5180454,KA
"Karviná,Staré Město,u mostu",49.8646469,18.5174,KA
"Kateřinice,,garáž ČSAD",49.6671867,18.185976,NJ
"Kateřinice,,garáž ČSAD",49.6671944,18.1860867,NJ
"Kateřinice,,horní konec",49.663105,18.1845551,NJ
"Kateřinice,,horní konec",49.6630821,18.1847439,NJ
"Kateřinice,,pož.zbroj.",49.6706429,18.1848049,NJ
"Kateřinice,,pož.zbroj.",49.67041,18.184866,NJ
"Kateřinice,,u dubu",49.6751442,18.1827641,NJ
"Kateřinice,,u dubu",49.67516,18.1829243,NJ
"Klatovy,,aut.nádr.",49.40141,13.28024,KT
"Klimkovice,,centrum",49.7871246,18.1294556,OV
"Klimkovice,,centrum",49.78694,18.1296,OV
"Klimkovice,,hřbitov",49.7924843,18.1397285,OV
"Klimkovice,,hřbitov",49.7923,18.1396713,OV
"Klimkovice,,Požárnická",49.7883263,18.1312447,OV
"Klimkovice,,starý hřbitov",49.7886276,18.1257858,OV
"Klimkovice,,starý hřbitov",49.78866,18.1256275,OV
"Klimkovice,,u rybníčku",49.7861061,18.1130733,OV
"Klimkovice,,u rybníčku",49.7861557,18.112854,OV
"Klimkovice,,Viola",49.79416,18.1465836,OV
"Klimkovice,,Viola",49.7941551,18.1451111,OV
"Klimkovice,,výkupní závod",49.7875671,18.12767,OV
"Klimkovice,Josefovice,Jednota",49.77099,18.1108418,OV
"Klimkovice,Josefovice,Jednota",49.7708855,18.1109,OV
"Klimkovice,Josefovice,rozc.",49.76863,18.11483,OV
"Klimkovice,Josefovice,rozc.",49.7687874,18.1152115,OV
"Klimkovice,Josefovice,rozc.Jistebník",49.7663841,18.1134129,NJ
"Klimkovice,Josefovice,rozc.Jistebník",49.7662964,18.1133766,NJ
"Klimkovice,Václavovice",49.8006439,18.1461067,OV
"Klimkovice,Václavovice",49.8012276,18.1465149,OV
"Kobeřice,,aut.st.",49.984848,18.0530243,OP
"Kobeřice,,aut.st.",49.98507,18.0528526,OP
"Kobeřice,,bytovky",49.9917221,18.0493736,OP
"Kobeřice,,bytovky",49.99182,18.0492649,OP
"Kobeřice,,důl",49.99919,18.0351543,OP
"Kobeřice,,důl",49.999176,18.0349255,OP
"Kobeřice,,most",49.9909477,18.05496,OP
"Kobeřice,,most",49.9910927,18.0551224,OP
"Kobeřice,,Střední dvůr",49.9726257,18.0423336,OP
"Kobeřice,,Střední dvůr",49.97262,18.0421715,OP
"Kobeřice,,U Kříže",49.9806938,18.0467567,OP
"Kobeřice,,U Kříže",49.98089,18.0468655,OP
"Kokory,,rest.U Dohnalů",49.4962234,17.3729954,PR
Komárov,49.7640457,17.24137,OC
"Komorní Lhotka,,Kamenec",49.6669159,18.5298176,FM
"Komorní Lhotka,,konečná",49.64428,18.5349884,FM
"Komorní Lhotka,,náměstí",49.6569176,18.5270767,FM
"Komorní Lhotka,,škola",49.66082,18.5284729,FM
"Komorní Lhotka,,U Gadliny",49.6491852,18.5276413,FM
"Kopřivnice,,Alšova",49.58833,18.1374645,NJ
"Kopřivnice,,aut.nádr.",49.60413,18.1474171,NJ
"Kopřivnice,,aut.nádr.",49.60425,18.14773,NJ
"Kopřivnice,,aut.nádr.",49.6042023,18.1481,NJ
"Kopřivnice,,aut.nádr.",49.60417,18.1483517,NJ
"Kopřivnice,,aut.nádr.",49.6040764,18.1476746,NJ
"Kopřivnice,,aut.nádr.",49.60403,18.14803,NJ
"Kopřivnice,,aut.nádr.",49.6040077,18.1482124,NJ
"Kopřivnice,,aut.nádr.",49.6041641,18.1477127,NJ
"Kopřivnice,,aut.nádr.",49.6041031,18.14808,NJ
"Kopřivnice,,aut.nádr.",49.6040955,18.148243,NJ
"Kopřivnice,,aut.nádr.",49.6042442,18.14722,NJ
"Kopřivnice,,CIREX",49.5994644,18.1725311,NJ
"Kopřivnice,,CIREX",49.5994339,18.172678,NJ
"Kopřivnice,,Čs.armády",49.60105,18.1438351,NJ
"Kopřivnice,,Čs.armády",49.60213,18.1448956,NJ
"Kopřivnice,,DURA",49.602375,18.1675835,NJ
"Kopřivnice,,DURA",49.60242,18.1689911,NJ
"Kopřivnice,,DURA",49.6015434,18.1694374,NJ
"Kopřivnice,,Erich Jaeger",49.6049461,18.1732235,NJ
"Kopřivnice,,Erich Jaeger",49.6048622,18.172823,NJ
"Kopřivnice,,Husova",49.5941467,18.1451111,NJ
"Kopřivnice,,Kaufland",49.6009026,18.1477032,NJ
"Kopřivnice,,Kaufland",49.6007233,18.1474857,NJ
"Kopřivnice,,kolonie",49.60229,18.1396618,NJ
"Kopřivnice,,kolonie",49.60381,18.1381989,NJ
"Kopřivnice,,nám.",49.59401,18.1438351,NJ
"Kopřivnice,,nám.",49.5941238,18.1441059,NJ
"Kopřivnice,,rest.Pod kaštany",49.5897179,18.1419411,NJ
"Kopřivnice,,rest.Pod kaštany",49.59005,18.1422176,NJ
"Kopřivnice,,střední školy",49.5898476,18.15154,NJ
"Kopřivnice,,Tatra vrát.2",49.6043434,18.1597137,NJ
"Kopřivnice,,Tatra vrát.2",49.60457,18.1592,NJ
"Kopřivnice,,Tymphany",49.5974274,18.1737976,NJ
"Kopřivnice,,Uhelné sklady",49.58397,18.1344337,NJ
"Kopřivnice,,Uhelné sklady",49.5845833,18.1355686,NJ
"Kopřivnice,,žel.st.",49.59585,18.1452827,NJ
"Kopřivnice,,žel.st.",49.5962334,18.14522,NJ
"Kopřivnice,,žel.st.",49.5965767,18.1452942,NJ
"Kopřivnice,,žel.st.",49.5965271,18.1453876,NJ
"Kopřivnice,,žel.st.",49.5966721,18.1454639,NJ
"Kopřivnice,,žel.st.",49.5968246,18.14554,NJ
"Kopřivnice,Lubina,kult.dům",49.6168823,18.1695824,NJ
"Kopřivnice,Lubina,kult.dům",49.6168365,18.1697178,NJ
"Kopřivnice,Lubina,Na Holotě",49.6196327,18.1527138,NJ
"Kopřivnice,Lubina,Na Holotě",49.620636,18.1522446,NJ
"Kopřivnice,Lubina,pož.zbroj.",49.6169357,18.1760559,NJ
"Kopřivnice,Lubina,pož.zbroj.",49.6170158,18.1765213,NJ
"Kopřivnice,Lubina,rozc.",49.611557,18.1630268,NJ
"Kopřivnice,Lubina,rozc.",49.6119957,18.16257,NJ
"Kopřivnice,Lubina,rozc.",49.6125565,18.1629677,NJ
"Kopřivnice,Lubina,rozc.",49.6126747,18.16294,NJ
"Kopřivnice,Lubina,rozc.",49.6137161,18.1606083,NJ
"Kopřivnice,Lubina,rozc.",49.6137772,18.16042,NJ
"Kopřivnice,Lubina,točna",49.61892,18.1765747,NJ
"Kopřivnice,Lubina,točna",49.6189346,18.1766739,NJ
"Kopřivnice,Mniší,střed",49.6002274,18.1967258,NJ
"Kopřivnice,Vlčovice,rozc.",49.5973473,18.1893253,NJ
"Kopřivnice,Vlčovice,rozc.",49.5977669,18.1892986,NJ
"Kopřivnice,Vlčovice,rozc.Mniší",49.59851,18.1892223,NJ
"Kopřivnice,Vlčovice,rozc.Mniší",49.5984154,18.1891155,NJ
"Kopřivnice,Vlčovice,u kostela",49.5892334,18.1907578,NJ
"Kopřivnice,Vlčovice,u kostela",49.5917664,18.1914921,NJ
"Kopřivnice,Vlčovice,u mostu",49.5871773,18.19077,NJ
"Kopřivnice,Vlčovice,Zábřežky",49.60174,18.18008,NJ
"Kopřivnice,Vlčovice,Zábřežky",49.6022072,18.17978,NJ
"Košařiska,,host.Samiec",49.5888824,18.6953278,FM
"Košařiska,,Milíř",49.5848846,18.6731472,FM
"Košařiska,,vodárna",49.5855026,18.6834583,FM
"Kozlovice,,garáž ČSAD",49.571907,18.276886,FM
"Kozlovice,,garáž ČSAD",49.57185,18.27679,FM
"Kozlovice,,hájenka",49.6141968,18.24017,FM
"Kozlovice,,hájenka",49.61423,18.240366,FM
"Kozlovice,,Jednota",49.5757828,18.2647514,FM
"Kozlovice,,Jednota",49.5757141,18.2646713,FM
"Kozlovice,,na kopci",49.5796127,18.2511444,FM
"Kozlovice,,na kopci",49.57963,18.251545,FM
"Kozlovice,,Peterek",49.5986061,18.2576828,FM
"Kozlovice,,Peterek",49.5989227,18.2576389,FM
"Kozlovice,,pila",49.6013374,18.2583065,FM
"Kozlovice,,pila",49.60079,18.2581577,FM
"Kozlovice,,Rybí",49.6078339,18.2503033,FM
"Kozlovice,,Rybí",49.6079025,18.2502918,FM
"Kozlovice,,Říčky",49.5946274,18.261734,FM
"Kozlovice,,Říčky",49.5946579,18.2617359,FM
"Kozlovice,,střed",49.5927467,18.25665,FM
"Kozlovice,,střed",49.5925636,18.2565422,FM
"Kozlovice,,u kříže",49.58176,18.2603016,FM
"Kozlovice,,u kříže",49.58109,18.26054,FM
"Kozlovice,,u Paličky",49.5949821,18.2794228,FM
"Kozlovice,,u Paličky",49.5949249,18.2793732,FM
"Kozlovice,,U váhy",49.58877,18.2568378,FM
"Kozlovice,,U váhy",49.5889969,18.25656,FM
"Kozlovice,,Uhry",49.57408,18.2718,FM
"Kozlovice,,Uhry",49.5739822,18.2719116,FM
"Kozlovice,Měrkovice,Dvůr",49.60339,18.2565937,FM
"Kozlovice,Měrkovice,Dvůr",49.60351,18.2565937,FM
"Kozlovice,Měrkovice,Jednota",49.60084,18.2395115,FM
"Kozlovice,Měrkovice,Jednota",49.6009064,18.239397,FM
"Kozlovice,Měrkovice,transformátor",49.5980644,18.2287312,FM
"Kozlovice,Měrkovice,Vrchovina",49.6017838,18.24659,FM
"Kozlovice,Měrkovice,Vrchovina",49.6018524,18.2465515,FM
"Kozmice,,rest.Jednota",49.9133873,18.15502,OP
"Kozmice,,rest.Jednota",49.91337,18.1553326,OP
"Kralupy n.Vlt.,,žel.st.",50.2392769,14.3131685,ME
"Krásná,,Moškoř",49.6058426,18.44015,FM
"Krásná,,Moškoř",49.6059151,18.4397926,FM
"Krásná,,Stříbrník",49.59789,18.420784,FM
"Krásná,,Stříbrník",49.59788,18.4212666,FM
"Krásná,,u Mohyly",49.6043777,18.4325428,FM
"Krásná,,u Mohyly",49.6042976,18.43247,FM
"Krásná,,u Vochaly",49.5997124,18.43009,FM
"Krásná,,u Vochaly",49.59971,18.42976,FM
"Krásná,Nižní Mohelnice,Hlostovice",49.5621834,18.4802036,FM
"Krásná,Nižní Mohelnice,Hlostovice",49.56216,18.4800987,FM
"Krásná,Nižní Mohelnice,lesní správa",49.57517,18.47822,FM
"Krásná,Nižní Mohelnice,lesní správa",49.5751953,18.47805,FM
"Krásná,Nižní Mohelnice,Pod Žorem",49.58867,18.4759636,FM
"Krásná,Nižní Mohelnice,Pod Žorem",49.5885925,18.4758778,FM
"Krásná,Nižní Mohelnice,Rekreant",49.58196,18.479084,FM
"Krásná,Nižní Mohelnice,Rekreant",49.581955,18.47895,FM
"Krásná,Nižní Mohelnice,rozc.Lysá hora",49.5444145,18.4944515,FM
"Krásná,Nižní Mohelnice,rozc.Lysá hora",49.5442848,18.49448,FM
"Krásná,Nižní Mohelnice,Řepčonka",49.5536957,18.4852562,FM
"Krásná,Nižní Mohelnice,Řepčonka",49.55365,18.4851875,FM
"Krásná,Nižní Mohelnice,Stříška",49.5470848,18.489996,FM
"Krásná,Nižní Mohelnice,Stříška",49.5470657,18.4899,FM
"Krásná,Nižní Mohelnice,u Pohludky",49.5944328,18.47201,FM
"Krásná,Nižní Mohelnice,u Pohludky",49.5944061,18.4718761,FM
"Krásná,Vyšní Mohelnice,hotel Visalaje",49.51909,18.5281811,FM
"Krásná,Vyšní Mohelnice,hotel Visalaje",49.5189972,18.52813,FM
"Krásná,Vyšní Mohelnice,Na dolině",49.53455,18.5086651,FM
"Krásná,Vyšní Mohelnice,Na dolině",49.5344772,18.5086365,FM
"Krásná,Vyšní Mohelnice,Sihly",49.529644,18.5162773,FM
"Krásná,Vyšní Mohelnice,Sihly",49.52972,18.51638,FM
"Krásná,Vyšní Mohelnice,Zlatník",49.5357323,18.49885,FM
"Krásná,Vyšní Mohelnice,Zlatník",49.535675,18.4986935,FM
"Krasov,,garáže ČSAD",50.0920753,17.5301666,BR
"Krasov,,garáže ČSAD",50.09215,17.5301018,BR
"Krasov,,obecní úřad",50.09162,17.54343,BR
"Krasov,,obecní úřad",50.09166,17.5434189,BR
"Krasov,,rekr.stř.",50.0922737,17.5610275,BR
"Krasov,,rekr.stř.",50.09231,17.5609875,BR
"Krasov,,rozc.Čaková",50.0911369,17.5502129,BR
"Krasov,,rozc.Čaková",50.0911827,17.5502338,BR
"Krasov,,točna",50.09257,17.5240231,BR
"Krasov,,točna",50.09249,17.5240059,BR
"Kravaře,,Bolatická",49.92892,18.0347672,OP
"Kravaře,,Bolatická",49.9287567,18.03468,OP
"Kravaře,,HD směr Štěpánkovice",49.93328,18.01793,OP
"Kravaře,,HD směr Štěpánkovice",49.93323,18.0177917,OP
"Kravaře,,HD",49.9324074,18.0189857,OP
"Kravaře,,HD",49.93247,18.0193558,OP
"Kravaře,,Jednota",49.93164,18.0256672,OP
"Kravaře,,Jednota",49.9315758,18.0256615,OP
"Kravaře,,kino",49.93122,18.00599,OP
"Kravaře,,kino",49.93131,18.0058537,OP
"Kravaře,,Nádražní",49.932785,18.00922,OP
"Kravaře,,Nádražní",49.9326859,18.0090046,OP
"Kravaře,,Novodvorská",49.933075,18.002512,OP
"Kravaře,,Novodvorská",49.9331741,18.0037937,OP
"Kravaře,,Tyršova",49.92945,18.0075626,OP
"Kravaře,,Tyršova",49.9302559,18.00764,OP
"Kravaře,Dvořisko,č.85",49.92272,18.0069885,OP
"Kravaře,Dvořisko,č.85",49.9230576,18.0071068,OP
"Kravaře,Dvořisko,U Kříže",49.92647,18.0074444,OP
"Kravaře,Dvořisko,U Kříže",49.9266434,18.0075951,OP
"Kravaře,Hanůvka,dvůr",49.9428329,18.02328,OP
"Kravaře,Hanůvka,dvůr",49.9427757,18.0232525,OP
"Kravaře,Kouty,kult.dům",49.92946,18.0292988,OP
"Kravaře,Kouty,kult.dům",49.9294968,18.0290661,OP
"Kravaře,Kouty,Olšinky",49.92572,18.0403786,OP
"Krčmaň,,Olomoucká",49.5218849,17.3436,OC
"Krhová,,Lipta",49.4937134,17.9930954,VS
"Krhová,,Lipta",49.4940262,17.9930134,VS
"Krhová,,rest.",49.4842072,17.9946747,VS
"Krhová,,rest.",49.4853325,17.99525,VS
"Krhová,,točna",49.5005035,17.9932384,VS
"Krhová,,točna",49.5004768,17.9934349,VS
"Krhová,,u přejezdu",49.4775238,17.9911251,VS
"Krhová,,u přejezdu",49.4775124,17.9911823,VS
"Krmelín,,Benátky",49.7289276,18.23532,FM
"Krmelín,,Benátky",49.7292976,18.235815,FM
"Krmelín,,has.zbroj.",49.73116,18.236208,FM
"Krmelín,,has.zbroj.",49.73145,18.236412,FM
"Krmelín,,has.zbroj.",49.73133,18.2369747,FM
"Krmelín,,Paskovská",49.72932,18.2466545,FM
"Krmelín,,Světlov",49.7332,18.2255058,FM
"Krmelín,,Světlov",49.7332878,18.2252445,FM
"Krmelín,,u lesa",49.7393532,18.2384186,FM
"Krmelín,,u lesa",49.7392921,18.2385712,FM
"Krnov,,9.května škola",50.0911369,17.7121468,BR
"Krnov,,9.května škola",50.09017,17.7121124,BR
"Krnov,,aut.st.",50.08848,17.6961517,BR
"Krnov,,aut.st.",50.08852,17.6964169,BR
"Krnov,,aut.st.",50.0885658,17.6966743,BR
"Krnov,,aut.st.",50.08838,17.6961975,BR
"Krnov,,aut.st.",50.0884247,17.6964512,BR
"Krnov,,aut.st.",50.0884666,17.69672,BR
"Krnov,,aut.st.",50.0889664,17.6957436,BR
"Krnov,,Bezručova",50.0901375,17.68858,BR
"Krnov,,Bezručova",50.0902252,17.68846,BR
"Krnov,,Brantická 140",50.07614,17.6600742,BR
"Krnov,,Brantická 140",50.07618,17.6600552,BR
"Krnov,,Cvilín restaurace",50.0787354,17.7177353,BR
"Krnov,,Cvilín restaurace",50.0787735,17.7177162,BR
"Krnov,,Cvilín statek",50.0766029,17.7172642,BR
"Krnov,,Cvilín statek",50.0766029,17.7172642,BR
"Krnov,,Cvilín točna",50.0796661,17.7211952,BR
"Krnov,,ČSAD",50.0999565,17.6742935,BR
"Krnov,,ČSAD",50.0997353,17.67452,BR
"Krnov,,dílny KOS",50.0967331,17.68103,BR
"Krnov,,dílny KOS",50.09643,17.68141,BR
"Krnov,,Dřevosklad",50.1099,17.6970024,BR
"Krnov,,Dřevosklad",50.1098976,17.6969242,BR
"Krnov,,Dům mládeže",50.0866,17.7127857,BR
"Krnov,,Dům mládeže",50.0866928,17.7127476,BR
"Krnov,,Hlubčická Na špici",50.0983,17.71527,BR
"Krnov,,hřbitov",50.0929527,17.7034531,BR
"Krnov,,hřbitov",50.09232,17.704092,BR
"Krnov,,Chářovská garáže",50.0822868,17.6960812,BR
"Krnov,,Chářovská garáže",50.0822868,17.6960812,BR
"Krnov,,Chářovská restaurace",50.08335,17.7013264,BR
"Krnov,,Chářovská restaurace",50.08335,17.7013264,BR
"Krnov,,Ježnická bílé domky",50.09714,17.6747532,BR
"Krnov,,Ježnická bílé domky",50.0972023,17.6745052,BR
"Krnov,,Ježník 187",50.09577,17.6608372,BR
"Krnov,,Ježník 187",50.0958366,17.6607914,BR
"Krnov,,Ježník 54",50.09189,17.6351528,BR
"Krnov,,Ježník 54",50.0919571,17.6351414,BR
"Krnov,,Karnola záv.1",50.08354,17.6918964,BR
"Krnov,,Karnola záv.1",50.0835228,17.69196,BR
"Krnov,,Kaufland",50.0879555,17.7074718,BR
"Krnov,,Kaufland",50.0881844,17.708622,BR
"Krnov,,Lázně",50.08653,17.693327,BR
"Krnov,,Lázně",50.0865746,17.6932449,BR
"Krnov,,M.Gorkého",50.0919724,17.6935825,BR
"Krnov,,M.Gorkého",50.0919724,17.6935825,BR
"Krnov,,mlékárna",50.0809021,17.6864376,BR
"Krnov,,mlékárna",50.080864,17.6864986,BR
"Krnov,,nem.",50.0943642,17.6859665,BR
"Krnov,,nem.",50.0941162,17.6863079,BR
"Krnov,,nem.hl.brána",50.09626,17.6890717,BR
"Krnov,,nem.hl.brána",50.0960922,17.68897,BR
"Krnov,,Nová Cvilínská",50.08424,17.713562,BR
"Krnov,,Nová Cvilínská",50.08427,17.7135143,BR
"Krnov,,Opavská smyčka",50.0861053,17.7234783,BR
"Krnov,,Opavská smyčka",50.0862923,17.7227249,BR
"Krnov,,Opavská škola",50.0878067,17.7112923,BR
"Krnov,,Opavská",50.0871239,17.7172947,BR
"Krnov,,Opavská",50.0872154,17.7160339,BR
"Krnov,,Partyzánů Depo",50.08851,17.67962,BR
"Krnov,,Partyzánů Depo",50.0886154,17.6797562,BR
"Krnov,,Partyzánů",50.0951958,17.6794,BR
"Krnov,,Partyzánů",50.0953636,17.6792812,BR
"Krnov,,Petrovická ul.",50.10397,17.6983452,BR
"Krnov,,Petrovická ul.",50.10395,17.6982727,BR
"Krnov,,Petrův důl",50.0801163,17.7301426,BR
"Krnov,,Petrův důl",50.0799446,17.73012,BR
"Krnov,,Pod Ježníkem",50.09689,17.66792,BR
"Krnov,,Pod Ježníkem",50.0969162,17.6671829,BR
"Krnov,,pošta",50.089283,17.7078342,BR
"Krnov,,pošta",50.08946,17.7076416,BR
"Krnov,,prádelna",50.0795441,17.6672363,BR
"Krnov,,prádelna",50.0794754,17.6671429,BR
"Krnov,,průmyslová zóna",50.0728531,17.7350178,BR
"Krnov,,Rooseveltova",50.0933228,17.6952248,BR
"Krnov,,Rooseveltova",50.0934029,17.6952419,BR
"Krnov,,Slévárna",50.0876274,17.6855431,BR
"Krnov,,Slévárna",50.08756,17.6856213,BR
"Krnov,,Sokolovská ul.",50.0865,17.7062531,BR
"Krnov,,Sokolovská ul.",50.0865,17.7062531,BR
"Krnov,,st.hranice",50.1150627,17.6940956,BR
"Krnov,,statek",50.0814056,17.67478,BR
"Krnov,,statek",50.0814476,17.6747284,BR
"Krnov,,U stadionů",50.0948448,17.6986179,BR
"Krnov,,U stadionů",50.0948524,17.6985111,BR
"Krnov,,U zahrádek",50.0787849,17.7119846,BR
"Krnov,,U zahrádek",50.0787544,17.711937,BR
"Krnov,,ZŠ Janáčkovo nám.",50.09408,17.6896782,BR
"Krnov,,žel.st.",50.0881081,17.68413,BR
"Krnov,,žel.st.",50.08885,17.6839256,BR
"Krnov,,žel.st.Cvilín",50.0930519,17.7115116,BR
"Krnov,,žel.st.Cvilín",50.0931435,17.71141,BR
"Krnov,Červený dvůr",50.0676231,17.73828,BR
"Krnov,Červený dvůr",50.06744,17.7382469,BR
"Krnov,Červený dvůr",50.0681534,17.7382965,BR
"Krnov,Červený dvůr",50.0681229,17.7383022,BR
"Krnov,Guntramovice,točna",50.0693245,17.6645679,BR
"Krnov,Chomýž,Okružní 2",50.10523,17.6658726,BR
"Krnov,Chomýž,Okružní 2",50.1053123,17.6657677,BR
"Krnov,Chomýž,rozc.",50.1042442,17.6649761,BR
"Krnov,Chomýž,rozc.",50.1049271,17.6637383,BR
"Krnov,Chomýž,samoobsluha",50.1088638,17.6585369,BR
"Krnov,Chomýž,samoobsluha",50.1087875,17.6586514,BR
"Krnov,Chomýž,točna",50.1107979,17.6494446,BR
"Krnov,Chomýž,točna",50.1107,17.6494484,BR
"Krnov,Ježník,dom.důch.",50.0938,17.6494331,BR
"Krnov,Ježník,dom.důch.",50.09386,17.6493244,BR
"Krnov,Ježník,obchod",50.0929642,17.6420517,BR
"Krnov,Ježník,obchod",50.09303,17.6418247,BR
"Krnov,Ježník,sanatorium",50.09214,17.6280174,BR
"Krnov,Ježník,sanatorium",50.0922241,17.6279564,BR
"Krnov,Kostelec,kult.dům",50.0855331,17.6723,BR
"Krnov,Kostelec,kult.dům",50.08558,17.6720829,BR
"Krnov,Kostelec,prádelna",50.0830956,17.662262,BR
"Krnov,Kostelec,prádelna",50.0831032,17.662,BR
"Krnov,Kostelec,tělocvična",50.0867577,17.6792526,BR
"Krnov,Kostelec,tělocvična",50.08683,17.6789989,BR
"Krnov,Krásné Loučky,Jednota",50.12354,17.6382275,BR
"Krnov,Krásné Loučky,Jednota",50.12423,17.6374359,BR
"Krnov,Krásné Loučky,pila",50.1231232,17.6277485,BR
"Krnov,Krásné Loučky,pila",50.12316,17.62771,BR
"Kroměříž,,Milíčovo nám.",49.29657,17.3906288,KM
"Kroměříž,,Milíčovo nám.",49.29657,17.3906288,KM
"Kružberk,,Proletář",49.83024,17.6841335,OP
"Kružberk,,Proletář",49.8301849,17.6840687,OP
"Kružberk,,škola",49.8412476,17.6776867,OP
"Kružberk,,škola",49.84135,17.6776714,OP
"Křišťanovice,,kostel",49.85248,17.5111866,BR
"Křišťanovice,,kostel",49.85271,17.5113258,BR
"Křišťanovice,,rozc.",49.84647,17.5109711,BR
"Křišťanovice,,rozc.",49.84656,17.5110588,BR
"Kujavy,,rozc.Hladké Životice",49.7036476,17.9699955,NJ
"Kujavy,,rozc.Hladké Životice",49.70374,17.9699478,NJ
"Kujavy,,rozc.Pohořílky",49.7147369,17.9556255,NJ
"Kujavy,,rozc.Pohořílky",49.7147,17.9558,NJ
"Kujavy,,rozc.Pohořílky",49.7149658,17.95597,NJ
"Kujavy,,rozc.Pohořílky",49.7150879,17.9558716,NJ
"Kujavy,,U Vlachů",49.7103043,17.9621449,NJ
"Kujavy,,U Vlachů",49.7107,17.9617329,NJ
"Kunčice p.Ondřejníkem,,Holubjanky",49.5402946,18.28907,FM
"Kunčice p.Ondřejníkem,,Holubjanky",49.54044,18.2888317,FM
"Kunčice p.Ondřejníkem,,Hučadlo",49.5597229,18.2553082,FM
"Kunčice p.Ondřejníkem,,Hučadlo",49.5597954,18.25542,FM
"Kunčice p.Ondřejníkem,,Huťařství",49.54236,18.2717266,FM
"Kunčice p.Ondřejníkem,,Huťařství",49.5423775,18.2710533,FM
"Kunčice p.Ondřejníkem,,Huťařství",49.54229,18.27236,FM
"Kunčice p.Ondřejníkem,,kostel",49.55062,18.2605686,FM
"Kunčice p.Ondřejníkem,,kostel",49.5506325,18.2608433,FM
"Kunčice p.Ondřejníkem,,Rákovec",49.5483475,18.2490273,FM
"Kunčice p.Ondřejníkem,,Rákovec",49.548275,18.2490845,FM
"Kunčice p.Ondřejníkem,,rozc.k žel.st.",49.5389748,18.2944164,FM
"Kunčice p.Ondřejníkem,,rozc.k žel.st.",49.5388451,18.2950745,FM
"Kunčice p.Ondřejníkem,,Skalka",49.5380821,18.3034344,FM
"Kunčice p.Ondřejníkem,,Skalka",49.5381546,18.3039989,FM
"Kunčice p.Ondřejníkem,,točna",49.5383568,18.3001328,FM
"Kunčice p.Ondřejníkem,,u lávky",49.5635872,18.25252,FM
"Kunčice p.Ondřejníkem,,u lávky",49.5636139,18.2526722,FM
"Kunčice p.Ondřejníkem,,žel.st.",49.5352554,18.2949829,FM
"Kunčice p.Ondřejníkem,,žel.st.",49.53551,18.2951622,FM
"Kunín,,mlékárna",49.62498,17.9897976,NJ
"Kunín,,mlékárna",49.6252174,17.9899063,NJ
"Kunín,,rest.",49.6447067,17.9910316,NJ
"Kunín,,rest.",49.64542,17.9911327,NJ
"Kunín,,u kovárny",49.6413345,17.988142,NJ
"Kunín,,u kovárny",49.64136,17.9885368,NJ
"Kunín,,zdrav.stř.",49.6332779,17.9897041,NJ
"Kunín,,zdrav.stř.",49.63308,17.9900761,NJ
"Kyjovice,,has.zbroj.",49.8319664,18.0410843,OP
"Kyjovice,,has.zbroj.",49.8320923,18.0414,OP
"Kyjovice,,mlýn",49.8271675,18.0334435,OP
"Kyjovice,,mlýn",49.82715,18.0335217,OP
"Kyjovice,,rest.Zátiší",49.84888,18.0531464,OV
"Kyjovice,,rest.Zátiší",49.8484764,18.0531788,OV
"Kyjovice,,transformátor",49.83155,18.0368958,OP
"Kyjovice,,transformátor",49.8315849,18.037077,OP
"Kyjovice,,U Lípy",49.8346176,18.0424232,OP
"Kyjovice,,U Lípy",49.8345566,18.0426579,OP
"Leskovec n.Moravicí,,rozc.Bohdanovice",49.9061279,17.5758686,BR
"Leskovec n.Moravicí,,U Strmeňů",49.90738,17.57802,BR
"Leskovec n.Moravicí,,U Strmeňů",49.9072037,17.57812,BR
"Lešná,,ObÚ",49.51783,17.9309025,VS
"Lešná,,pož.zbroj.",49.52018,17.9302139,VS
"Lešná,,rozc.Vysoká",49.5123138,17.93872,VS
"Lešná,,škola",49.5146446,17.9325066,VS
"Lešná,Mštěnovice,CS CABOT",49.5029259,17.9576283,VS
"Lešná,Mštěnovice,škola",49.50696,17.95739,VS
"Lešná,Perná,střed",49.5282669,17.9435043,VS
"Lešná,Příluky,kaple",49.50771,17.9491749,VS
"Lhota u Vsetína,,U Jakšíků",49.3045959,17.9577084,VS
"Lhota u Vsetína,,U Jakšíků",49.3045959,17.9577084,VS
"Lhotka u Litultovic,,střed",49.8732224,17.730154,OP
"Lhotka u Litultovic,,střed",49.87314,17.7301617,OP
"Lhotka u Litultovic,Hory,rozc.",49.86948,17.7384319,OP
"Lhotka u Litultovic,Hory,rozc.",49.8694878,17.7383823,OP
"Lhotka u Litultovic,Hory,střed",49.8736153,17.7447815,OP
"Lhotka,,Bahenná",49.5945625,18.2908688,FM
"Lhotka,,Bahenná",49.5944138,18.2907639,FM
"Lhotka,,střed",49.5974159,18.2960644,FM
"Lhotka,,střed",49.5975,18.2961426,FM
"Lhotka,,u Cvičků",49.6027222,18.3113461,FM
"Lhotka,,u Cvičků",49.6027946,18.3112411,FM
"Lhotka,,ZD",49.5997772,18.30085,FM
"Lhotka,,ZD",49.60032,18.3013077,FM
"Liberec,,aut.nádr.",50.76332,15.0468063,LI
"Libhošť,,Malá Vídeň",49.63172,18.0870857,NJ
"Libhošť,,Malá Vídeň",49.6320229,18.0875168,NJ
"Libhošť,,rest.u Leidů",49.6243134,18.0744877,NJ
"Libhošť,,rest.u Leidů",49.6243858,18.0744019,NJ
"Libhošť,,transformátor",49.61939,18.0679016,NJ
"Libhošť,,transformátor",49.6194534,18.06784,NJ
"Libhošť,,u kovárny",49.6286354,18.0806923,NJ
"Libhošť,,u kovárny",49.6287,18.08059,NJ
"Lichnov,,č.127",50.0010719,17.612606,BR
"Lichnov,,č.127",50.0011444,17.6128845,BR
"Lichnov,,č.73",49.9944878,17.6102829,BR
"Lichnov,,č.73",49.99448,17.6102276,BR
"Lichnov,,Dolní dráhy",49.57029,18.1793671,NJ
"Lichnov,,Dolní dráhy",49.57028,18.1794834,NJ
"Lichnov,,Na Březinách",49.55217,18.17884,NJ
"Lichnov,,Na Březinách",49.5521049,18.1779442,NJ
"Lichnov,,obecní úřad",49.56423,18.17009,NJ
"Lichnov,,obecní úřad",49.5642471,18.1703739,NJ
"Lichnov,,pož.zbroj.",50.00698,17.6203861,BR
"Lichnov,,pož.zbroj.",50.0070229,17.6212234,BR
"Lichnov,,rest.Na Okluku",49.5747643,18.1826458,NJ
"Lichnov,,rest.Na Okluku",49.57474,18.1824474,NJ
"Lichnov,,rozc.Sosnová",50.0090446,17.6300964,BR
"Lichnov,,rozc.Sosnová",50.0087662,17.6296768,BR
"Lichnov,,transformátor",50.0203857,17.6493168,BR
"Lichnov,,transformátor",50.02066,17.6494064,BR
"Lichnov,,u kostela",50.01378,17.6402969,BR
"Lichnov,,u kostela",50.0137672,17.6401234,BR
"Lichnov,,u Přibylů",49.55358,18.1922073,NJ
"Lichnov,,u Přibylů",49.5540047,18.1911983,NJ
"Lichnov,,Zemanův most",49.5584641,18.1648254,NJ
"Lichnov,,Zemanův most",49.55837,18.1649055,NJ
"Lichnov,Dubnice,pohostinství",50.0402069,17.6393948,BR
"Lichnov,Dubnice,rozc.",50.0416031,17.6439114,BR
"Lichnov,Dubnice,rozc.",50.04167,17.6438923,BR
Lípa,49.21397,17.7705231,ZL
Lípa,49.21357,17.7720757,ZL
"Lipina,,rozc.",49.7412872,17.3224659,OC
"Lipina,,rozc.",49.7418137,17.3226719,OC
"Lipina,,rozc.",49.7407761,17.32233,OC
"Lipník n.Bečvou,,aut.st.",49.52875,17.5821362,PR
"Lipník n.Bečvou,,aut.st.",49.52856,17.5820141,PR
"Lipník n.Bečvou,,ČSAD",49.52392,17.5923328,PR
"Lipník n.Bečvou,,Hranická-škola",49.5287971,17.5982685,PR
"Lipník n.Bečvou,,rest.Moravská brána",49.52803,17.5907269,PR
"Lipník n.Bečvou,,Za vodou",49.5174866,17.5894775,PR
"Lipník n.Bečvou,Nové Dvory,náves",49.5037422,17.5722656,PR
"Liptál,,ZŠ",49.2914467,17.9256954,VS
"Liptál,,ZŠ",49.2914467,17.9256954,VS
"Liptál,Dolansko,obec",49.29743,17.9393883,VS
"Liptál,Dolansko,obec",49.29743,17.9393883,VS
Liptaň,50.2224274,17.6048317,BR
Liptaň,50.2223854,17.6048927,BR
"Liptaň,,na kopci",50.2204437,17.5958061,BR
"Liptaň,,na kopci",50.2204361,17.5960884,BR
"Liptaň,,rozc.Bučávka",50.2214546,17.62478,BR
"Liptaň,,rozc.Bučávka",50.2213249,17.6248589,BR
"Liptaň,Bučávka",50.2063179,17.6234455,BR
"Liptaň,Horní Povelice,obchod",50.2226524,17.6472187,BR
"Liptaň,Horní Povelice,obchod",50.22269,17.6472187,BR
"Liptaň,Horní Povelice,rozc.",50.2241554,17.6508942,BR
"Liptaň,Horní Povelice,rozc.",50.2241249,17.6509686,BR
"Litomyšl,,aut.nádr.",49.86662,16.3111687,SY
"Litultovice,,střed",49.90404,17.7511177,OP
"Litultovice,,střed",49.90427,17.7505436,OP
"Litultovice,,točna",49.9032745,17.7427979,OP
"Litultovice,Choltice,rozc.",49.9100456,17.75727,OP
"Litultovice,Choltice,rozc.",49.90998,17.7573261,OP
"Litultovice,Pilný Mlýn,žel.st.",49.8876,17.7346058,OP
"Litultovice,Pilný Mlýn,žel.st.",49.88749,17.7346516,OP
"Lomnice,,farma",49.8798561,17.4206982,BR
"Lomnice,,farma",49.87996,17.4208565,BR
"Lomnice,,konečná",49.86482,17.41339,BR
"Lomnice,,konečná",49.8653946,17.41357,BR
"Lomnice,,obecní úřad",49.885376,17.4252548,BR
"Lomnice,,obecní úřad",49.8854,17.4251289,BR
"Lomnice,,zastávka u hřiště",49.8708839,17.41492,BR
"Lomnice,,zastávka u hřiště",49.8708954,17.4151211,BR
"Lomnice,Tylov",49.8906364,17.42933,BR
"Lomnice,Tylov",49.8906975,17.4294453,BR
Luboměř p.Strážnou,49.6880531,17.66469,PR
"Luboměř,,farma",49.69174,17.7052917,NJ
"Luboměř,,farma",49.6920738,17.7059383,NJ
"Luboměř,,obecní úřad",49.6865845,17.7036076,NJ
"Luboměř,,obecní úřad",49.68656,17.7037144,NJ
"Luboměř,Heltinov",49.66756,17.7212849,NJ
"Luboměř,Heltinov",49.6674461,17.7210979,NJ
"Lučina,,kemp",49.7210236,18.4462128,FM
"Lučina,,kemp",49.7211342,18.44623,FM
"Lučina,,Kocurovice",49.70443,18.4424267,FM
"Lučina,,Kocurovice",49.70441,18.44204,FM
"Lučina,,přehrada",49.7305679,18.4438972,FM
"Lučina,,přehrada",49.7305374,18.4437428,FM
"Lučina,,střed",49.71611,18.44946,FM
"Lučina,,střed",49.71599,18.4492931,FM
"Ludgeřovice,,Chovatelská",49.8932762,18.2343979,OP
"Ludgeřovice,,Chovatelská",49.89363,18.2343235,OP
"Ludgeřovice,,kostel",49.88954,18.24058,OP
"Ludgeřovice,,kostel",49.89014,18.2394562,OP
"Ludgeřovice,,obecní úřad",49.89315,18.23841,OP
"Ludvíkov,,Koliba",50.11896,17.3560143,BR
"Ludvíkov,,Koliba",50.1192741,17.3565655,BR
"Ludvíkov,,pošta",50.1082878,17.3421612,BR
"Ludvíkov,,pošta",50.1086235,17.3425045,BR
"Ludvíkov,,rest.Stonožka",50.0969124,17.3369389,BR
"Ludvíkov,,rest.Stonožka",50.09682,17.3368568,BR
"Ludvíkov,,Stáje",50.089817,17.32953,BR
"Ludvíkov,,Stáje",50.0898552,17.3294468,BR
"Ludvíkov,,U náhonu",50.10288,17.3397255,BR
"Ludvíkov,,U náhonu",50.1028671,17.33982,BR
"Ludvíkov,,U sudárny",50.115963,17.3501034,BR
"Ludvíkov,,U sudárny",50.1159248,17.3501511,BR
"Luhačovice,,aut.st.",49.099,17.75313,ZL
"Luhačovice,,aut.st.",49.0990067,17.7531,ZL
"Luhačovice,,aut.st.",49.0990372,17.7532673,ZL
"Luhačovice,,garáže",49.11011,17.7681026,ZL
"Luhačovice,,garáže",49.1101036,17.76686,ZL
"Luhačovice,,pošta",49.10178,17.76016,ZL
"Luhačovice,,pošta",49.10205,17.7601566,ZL
"Luhačovice,,pošta",49.1015167,17.7601719,ZL
"Luhačovice,,zotavovna Fontána",49.115303,17.7723,ZL
"Luhačovice,,zotavovna Fontána",49.1151848,17.7721024,ZL
Lutonina,49.2393227,17.8827629,ZL
Lutonina,49.2392349,17.8827572,ZL
"Makov,,Bumbálka št.hr.CLO",49.39911,18.4098034,FM
"Makov,,št.hr.CLO",49.38298,18.41074,
"Malá Morávka,,horní",50.0416374,17.3078671,BR
"Malá Morávka,,horní",50.0414238,17.3076134,BR
"Malá Morávka,,Ovčárna točna",50.0702248,17.2424374,BR
"Malá Morávka,,Ovčárna točna",50.07028,17.2425842,BR
"Malá Morávka,,pila",50.0045929,17.31427,BR
"Malá Morávka,,pila",50.0045853,17.3143845,BR
"Malá Morávka,,Pod Kopřivnou",50.0349922,17.3098774,BR
"Malá Morávka,,Pod Kopřivnou",50.03446,17.3099213,BR
"Malá Morávka,,škola",50.02506,17.3126011,BR
"Malá Morávka,,škola",50.0251541,17.3127766,BR
"Malá Morávka,,u Rychty",50.0174637,17.3112984,BR
"Malá Morávka,,u Rychty",50.0175972,17.31211,BR
"Malá Morávka,,zast.",50.0140648,17.31546,BR
"Malá Morávka,,zast.",50.01418,17.3155289,BR
"Malá Morávka,Karlov,garáž",50.0266876,17.2722588,BR
"Malá Morávka,Karlov,garáž",50.0267258,17.2723522,BR
"Malá Morávka,Karlov,rest.Praděd",50.0187,17.289238,BR
"Malá Morávka,Karlov,rest.Praděd",50.0187531,17.2892475,BR
"Malá Morávka,Karlov,SPD",50.01887,17.29816,BR
"Malá Morávka,Karlov,SPD",50.0189133,17.2981567,BR
"Malá Morávka,Karlov,ubytovna",50.02047,17.283474,BR
"Malá Morávka,Karlov,ubytovna",50.02037,17.2834911,BR
"Malá Štáhle,,rest.",49.9511528,17.3413124,BR
"Malá Štáhle,,rest.",49.95078,17.3405418,BR
"Malá Štáhle,,rozc.",49.9501457,17.3367519,BR
"Malá Štáhle,,rozc.",49.9504166,17.3368111,BR
"Malenovice,,Borová",49.5773544,18.3958225,FM
"Malenovice,,Borová",49.57728,18.3962784,FM
"Malenovice,,Božoň",49.57722,18.39992,FM
"Malenovice,,Božoň",49.5773048,18.3992634,FM
"Malenovice,,Hutě",49.56541,18.4229622,FM
"Malenovice,,parkoviště",49.5750351,18.4038372,FM
"Malenovice,,rozhraní",49.577404,18.39093,FM
"Malenovice,,rozhraní",49.57734,18.39093,FM
"Mankovice,,kafilerie",49.6446037,17.86108,NJ
"Mankovice,,kafilerie",49.64423,17.86184,NJ
"Mankovice,,rest.",49.63474,17.907526,NJ
"Mankovice,,rest.",49.63465,17.9073486,NJ
"Mankovice,,rozc.Jeseník",49.63421,17.9124718,NJ
"Mankovice,,rozc.Jeseník",49.6342163,17.9123859,NJ
"Mankovice,,škola",49.6373177,17.8913975,NJ
"Mankovice,,škola",49.63737,17.890892,NJ
"Mankovice,,Tatra",49.6371841,17.8809013,NJ
"Mankovice,,Tatra",49.6371536,17.88048,NJ
"Mariánské Lázně,,aut.st.",49.95678,12.6965218,CH
"Mariánské Lázně,,aut.st.",49.95678,12.6965218,CH
"Markvartovice,,Hříbovec",49.9152031,18.237566,OP
"Markvartovice,,Hříbovec",49.9146538,18.2371349,OP
"Markvartovice,,obecní úřad",49.90944,18.2341022,OP
"Markvartovice,,obecní úřad",49.9095345,18.23424,OP
"Markvartovice,,rozc.Štípky",49.92035,18.24438,OP
"Markvartovice,,rozc.Štípky",49.9203339,18.2440376,OP
"Markvartovice,,Wybranetz",49.90164,18.2356548,OP
"Markvartovice,,Wybranetz",49.9016724,18.23572,OP
"Markvartovice,,Za Chodníky",49.89801,18.2220535,OP
"Markvartovice,,Za Chodníky",49.8982658,18.22076,OP
"Melč,,rozc.Mokřinky",49.8502274,17.7546577,OP
"Melč,,rozc.Mokřinky",49.8502464,17.7547741,OP
"Melč,,rozc.Moravice",49.85068,17.75489,OP
"Melč,,rozc.Moravice",49.8506432,17.7547283,OP
"Melč,,střed",49.8482056,17.764164,OP
"Melč,,střed",49.8483429,17.7639751,OP
"Melč,,střed",49.8484459,17.7638512,OP
"Melč,,střed",49.84853,17.76423,OP
"Melč,,škola",49.8501244,17.76609,OP
"Melč,Dubí,osada",49.8493729,17.77988,OP
"Melč,Dubí,osada",49.8493538,17.7797527,OP
"Melč,Mokřinky",49.8306847,17.7197266,OP
"Melč,Mokřinky",49.83076,17.71951,OP
"Melč,Mokřinky,DPS",49.83081,17.7142086,OP
"Melč,Mokřinky,DPS",49.830925,17.7141647,OP
"Melč,Mokřinky,Holubice",49.8311,17.7179661,OP
"Město Albrechtice,,aut.st.",50.16398,17.5724182,BR
"Město Albrechtice,,aut.st.",50.1638947,17.5723362,BR
"Město Albrechtice,,aut.st.",50.16376,17.5721989,BR
"Město Albrechtice,,aut.st.",50.1638222,17.5721035,BR
"Město Albrechtice,,aut.st.",50.1639328,17.5721989,BR
"Město Albrechtice,,aut.st.",50.1640549,17.5723438,BR
"Město Albrechtice,,kult.dům",50.1702042,17.5587616,BR
"Město Albrechtice,,kult.dům",50.1702957,17.5587559,BR
"Město Albrechtice,,rozc.Burkvíz",50.1458321,17.5805626,BR
"Město Albrechtice,,rozc.Burkvíz",50.1458473,17.58064,BR
"Město Albrechtice,,rozc.Dakon",50.1655159,17.5781441,BR
"Město Albrechtice,,rozc.Dakon",50.165535,17.5780048,BR
"Město Albrechtice,,silo",50.17248,17.5781174,BR
"Město Albrechtice,,silo",50.1728325,17.57833,BR
"Město Albrechtice,,škola",50.16203,17.5761929,BR
"Město Albrechtice,,škola",50.16198,17.5771351,BR
"Město Albrechtice,Hynčice,lesní závod",50.17578,17.5430412,BR
"Město Albrechtice,Hynčice,lesní závod",50.17594,17.542902,BR
"Město Albrechtice,Hynčice,pošta",50.17952,17.5241623,BR
"Město Albrechtice,Hynčice,pošta",50.1794624,17.5241356,BR
"Město Albrechtice,Hynčice,rest.",50.17916,17.5335312,BR
"Město Albrechtice,Hynčice,rest.",50.17908,17.5335846,BR
"Město Albrechtice,Hynčice,rozc.Dl.Voda",50.17803,17.51456,BR
"Město Albrechtice,Hynčice,rozc.Dl.Voda",50.1779633,17.5146656,BR
"Město Albrechtice,Linhartovy,č.21",50.14098,17.60823,BR
"Město Albrechtice,Linhartovy,č.21",50.1408424,17.6082783,BR
"Město Albrechtice,Linhartovy,rest.",50.1369438,17.6197834,BR
"Město Albrechtice,Linhartovy,rest.",50.13688,17.6198978,BR
"Město Albrechtice,Linhartovy,rozc.",50.1338844,17.618576,BR
"Město Albrechtice,Linhartovy,rozc.",50.1339226,17.6186619,BR
"Město Albrechtice,Opavice",50.1517,17.60234,BR
"Město Albrechtice,Opavice",50.15158,17.60234,BR
"Město Albrechtice,Opavice,statek",50.15492,17.5967751,BR
"Město Albrechtice,Opavice,statek",50.15497,17.5968132,BR
"Metylovice,,Dvořáček",49.6059,18.34223,FM
"Metylovice,,Dvořáček",49.6059265,18.3423462,FM
"Metylovice,,kaplička svatá Anna",49.60598,18.3304768,FM
"Metylovice,,kaplička svatá Anna",49.60625,18.3309269,FM
"Metylovice,,kostel",49.61305,18.3357277,FM
"Metylovice,,kostel",49.61325,18.3359528,FM
"Metylovice,,Mužný",49.62072,18.3206215,FM
"Metylovice,,Mužný",49.62069,18.3205261,FM
"Metylovice,,Na Čihadle",49.61793,18.3306828,FM
"Metylovice,,Na Čihadle",49.6178665,18.330616,FM
"Metylovice,,u Sosny",49.5983925,18.34606,FM
"Metylovice,,u Sosny",49.5984459,18.34615,FM
"Metylovice,,Vrchovina",49.60908,18.3365555,FM
"Metylovice,,Vrchovina",49.60925,18.3367863,FM
"Metylovice,,Zámrklí",49.60347,18.3191833,FM
"Metylovice,,Zámrklí",49.603508,18.3191528,FM
"Metylovice,,Žukov",49.605072,18.3253288,FM
"Metylovice,,Žukov",49.6050758,18.3254929,FM
"Mezina,,kostel",49.9566422,17.4709549,BR
"Mezina,,mateřská škola",49.9587364,17.4768677,BR
"Mezina,,mateřská škola",49.9587,17.4770126,BR
"Mezina,,rozc.",49.96353,17.48747,BR
"Mezina,,rozc.",49.963707,17.4870663,BR
"Mezina,,U lomu",49.9571877,17.4904613,BR
"Mezina,,U lomu",49.95751,17.4904041,BR
"Mikolajice,,střed",49.8772964,17.7936153,OP
"Mikolajice,,střed",49.877327,17.7933578,OP
"Mikulov,,CLO",48.79001,16.6357155,BV
"Mikulovice,,Myslivecká louka",50.28458,17.2913055,JE
"Mikulovice,,ObÚ",50.29811,17.321207,JE
"Mikulovice,Široký Brod,pošta",50.2738037,17.2796917,JE
"Milíkov,,Centrum",49.5855675,18.72107,FM
"Milíkov,,Dědina",49.5858078,18.717268,FM
"Milíkov,,Na vrchu",49.58813,18.7118759,FM
"Milíkov,,pila",49.5927238,18.7021236,FM
"Milíkov,,pila",49.5925446,18.7021046,FM
"Milíkov,,pila",49.5925331,18.702486,FM
"Milíkov,,rozc.",49.6054573,18.7112885,FM
"Milíkov,,Sosna",49.5996437,18.7085743,FM
"Milotice n.Opavou,,I",49.98317,17.53022,BR
"Milotice n.Opavou,,I",49.9832077,17.5303116,BR
"Milotice n.Opavou,,II",49.9876366,17.5355511,BR
"Milotice n.Opavou,,II",49.9876442,17.5354958,BR
"Milotice n.Opavou,,III",49.99333,17.53972,BR
"Milotice n.Opavou,,III",49.99332,17.53976,BR
"Milotice n.Opavou,,rozc.",49.9812,17.5273743,BR
"Milotice n.Opavou,,rozc.",49.98102,17.5276566,BR
"Milotice n.Opavou,,škola",49.9982071,17.54373,BR
"Milotice n.Opavou,,škola",49.9981842,17.5437889,BR
"Mladá Boleslav,,aut.st.",50.4199371,14.91651,MB
"Mladecko,,točna",49.8984833,17.7085037,OP
"Mladecko,,žel.st.",49.8943672,17.7123165,OP
"Mladecko,,žel.st.",49.89448,17.7123661,OP
"Mokré Lazce,,has.zbroj.",49.90523,18.0306988,OP
"Mokré Lazce,,has.zbroj.",49.90521,18.0306,OP
"Mokré Lazce,,rest.",49.9040337,18.0255165,OP
"Mokré Lazce,,rest.",49.90386,18.0263386,OP
"Mokré Lazce,,Sokolská",49.9065857,18.03889,OP
"Mokré Lazce,,Sokolská",49.906723,18.0385666,OP
"Moravice,,střed",49.8578262,17.7206249,OP
"Moravice,,střed",49.8578529,17.7202854,OP
"Morávka,,Bebek",49.5291138,18.5518551,FM
"Morávka,,Bebek",49.5292435,18.5518932,FM
"Morávka,,Janša",49.6065369,18.5022888,FM
"Morávka,,Janša",49.6066437,18.5022488,FM
"Morávka,,Kaluže",49.5425835,18.5491676,FM
"Morávka,,Kaluže",49.54254,18.5490818,FM
"Morávka,,Lipové",49.5941467,18.52505,FM
"Morávka,,Lipové",49.5942955,18.5250168,FM
"Morávka,,přehrada",49.58418,18.5360451,FM
"Morávka,,přehrada",49.5845375,18.5359364,FM
"Morávka,,Psorky",49.57323,18.5484867,FM
"Morávka,,Psorky",49.573204,18.5483856,FM
"Morávka,,Slavíč",49.58231,18.54798,FM
"Morávka,,Slavíč",49.5823326,18.5478287,FM
"Morávka,,střed",49.6004524,18.5160465,FM
"Morávka,,střed",49.6003151,18.5159664,FM
"Morávka,,Úspolka",49.5616074,18.5506516,FM
"Morávka,,Úspolka",49.5617065,18.5505238,FM
"Morávka,,Vlaské",49.6055145,18.50772,FM
"Morávka,,Vlaské",49.6056442,18.5071888,FM
"Moravskoslezský Kočov,,rest.",49.9593544,17.4414577,BR
"Moravskoslezský Kočov,,rest.",49.9591446,17.4413452,BR
"Moravskoslezský Kočov,,řadovka",49.96411,17.440052,BR
"Moravskoslezský Kočov,,řadovka",49.9632874,17.4400177,BR
"Moravskoslezský Kočov,,střed",49.95449,17.4388542,BR
"Moravskoslezský Kočov,,střed",49.95432,17.438652,BR
"Moravskoslezský Kočov,,točna",49.9482346,17.43649,BR
"Moravskoslezský Kočov,,viadukt",49.9442444,17.4377136,BR
"Moravskoslezský Kočov,,viadukt",49.9441948,17.4376755,BR
"Moravskoslezský Kočov,,zast.",49.97073,17.4460564,BR
"Moravskoslezský Kočov,,zast.",49.9706345,17.4455032,BR
"Moravský Beroun,,Granitol",49.7936668,17.4500389,OC
"Moravský Beroun,,Granitol",49.7933044,17.4490089,OC
"Moravský Beroun,,Janáčkova",49.7972755,17.4470844,OC
"Moravský Beroun,,Janáčkova",49.7974358,17.4471416,OC
"Moravský Beroun,,nám.",49.7937126,17.4413872,OC
"Moravský Beroun,,nám.",49.7936325,17.4415283,OC
"Moravský Beroun,,nám.",49.793705,17.441452,OC
"Moravský Beroun,,U Sedmi Dvorů",49.7831764,17.43893,OC
"Moravský Beroun,,U Sedmi Dvorů",49.7839127,17.4391613,OC
"Moravský Beroun,,žel.st.",49.7847328,17.432188,OC
"Moravský Beroun,Čabová",49.8064423,17.4690933,OC
"Moravský Beroun,Čabová",49.8063965,17.46977,OC
"Moravský Beroun,Čabová",49.8064957,17.4684811,OC
"Moravský Beroun,Ondrášov",49.7877579,17.4268112,OC
"Moravský Beroun,Ondrášov",49.7877769,17.4269753,OC
"Moravský Beroun,Ondrášov",49.78775,17.4266357,OC
"Mořkov,,dolní konec",49.5432854,18.0604343,NJ
"Mořkov,,dolní konec",49.5433731,18.0603542,NJ
"Mořkov,,horní konec",49.53147,18.0599346,NJ
"Mořkov,,katol.hřbitov",49.5379257,18.0536385,NJ
"Mořkov,,katol.hřbitov",49.5379,18.05382,NJ
"Mořkov,,kostel",49.5389175,18.0596,NJ
"Mořkov,,kostel",49.5388,18.0594311,NJ
"Mořkov,,Nové domky",49.5366669,18.0422764,NJ
"Mořkov,,Nové domky",49.53665,18.0425949,NJ
"Mořkov,,pomník rudoarmějce",49.5453644,18.07407,NJ
"Mořkov,,pomník rudoarmějce",49.5442467,18.07529,NJ
"Mořkov,,rozc.Frenštát p.Radh.",49.5451546,18.0626373,NJ
"Mořkov,,rozc.Frenštát p.Radh.",49.54526,18.0628529,NJ
"Mořkov,,střed",49.5365372,18.05969,NJ
"Mořkov,,střed",49.5364227,18.0596027,NJ
"Mořkov,,žel.st.",49.52904,18.0683556,NJ
"Mosty u Jablunkova,,Bagno",49.51887,18.7515736,FM
"Mosty u Jablunkova,,Bagno",49.5184021,18.7514687,FM
"Mosty u Jablunkova,,celnice",49.499897,18.7630749,FM
"Mosty u Jablunkova,,Centrum",49.5242729,18.7528648,FM
"Mosty u Jablunkova,,Centrum",49.52387,18.7522411,FM
"Mosty u Jablunkova,,CLO",49.4956741,18.7653637,FM
"Mosty u Jablunkova,,CLO",49.4956741,18.7653637,FM
"Mosty u Jablunkova,,Lupinská",49.5484123,18.7510777,FM
"Mosty u Jablunkova,,Lupinská",49.5489655,18.7502518,FM
"Mosty u Jablunkova,,mateřská škola",49.53434,18.7538548,FM
"Mosty u Jablunkova,,mateřská škola",49.53334,18.7536983,FM
"Mosty u Jablunkova,,Na kopečku",49.5375328,18.75375,FM
"Mosty u Jablunkova,,Na kopečku",49.5374374,18.7535229,FM
"Mosty u Jablunkova,,Na Tunelu",49.5128632,18.7517242,FM
"Mosty u Jablunkova,,Na Tunelu",49.51271,18.751852,FM
"Mosty u Jablunkova,,Na Tunelu",49.51332,18.75238,FM
"Mosty u Jablunkova,,pod kopcem",49.5434647,18.7538853,FM
"Mosty u Jablunkova,,pod kopcem",49.5445442,18.7532234,FM
"Mosty u Jablunkova,,Pod Kostelem",49.5287323,18.7543011,FM
"Mosty u Jablunkova,,pod Šancemi",49.5088272,18.7476959,FM
"Mosty u Jablunkova,,pod Šancemi",49.5090027,18.7477016,FM
"Mosty u Jablunkova,,st.hr.",49.501873,18.7602673,FM
"Mosty u Jablunkova,,st.hr.",49.5016556,18.7608089,FM
"Mosty u Jablunkova,,Ščenté",49.50641,18.7703133,FM
"Mosty u Jablunkova,,Štecovka",49.5121,18.7723465,FM
"Mosty u Jablunkova,,u hřiště",49.5540924,18.7488766,FM
"Mosty u Jablunkova,,u hřiště",49.55409,18.7486362,FM
"Mosty u Jablunkova,,U Jakuba",49.50783,18.7543449,FM
"Mosty u Jablunkova,Šance,kaplička",49.5003471,18.7417526,FM
"Mosty u Jablunkova,Šance,opevnění",49.496048,18.7421989,FM
"Mosty u Jablunkova,Šance,škola",49.5037766,18.7392273,FM
"Mosty u Jablunkova,Šance,škola",49.5033,18.7394333,FM
"Mošnov,,Airport nádraží",49.6937561,18.1197433,NJ
"Mošnov,,autobazar",49.68809,18.1259251,NJ
"Mošnov,,autobazar",49.68809,18.1259251,NJ
"Mošnov,,kostel",49.68897,18.1323738,NJ
"Mošnov,,kostel",49.68897,18.1323738,NJ
"Mošnov,,kostel",49.68897,18.1323738,NJ
"Mošnov,,kostel",49.68897,18.1323738,NJ
"Mošnov,,Malá Strana",49.6845322,18.12423,NJ
"Mošnov,,Malá Strana",49.6846657,18.1243629,NJ
"Mošnov,,mlýn",49.6817474,18.1311646,NJ
"Mošnov,,mlýn",49.6817436,18.1312714,NJ
"Mošnov,,OAMP",49.6816254,18.1067963,NJ
"Mošnov,,PZ BEHR",49.68739,18.1152077,NJ
"Mošnov,,PZ BEHR",49.68832,18.11637,NJ
"Mošnov,,PZ Cromodora",49.6845665,18.1105423,NJ
"Mošnov,,PZ Cromodora",49.6840935,18.10956,NJ
"Mošnov,,PZ Mobis",49.6802673,18.1166821,NJ
"Mošnov,,PZ Mobis",49.68006,18.1171,NJ
"Mutkov,,rozc.",49.79163,17.2837315,OC
"Mutkov,,střed",49.8032341,17.28857,OC
"Mutkov,,střed",49.8032265,17.2886372,OC
"Mutkov,,střed",49.80324,17.288496,OC
"Návsí,,nadjezd",49.60024,18.7438755,FM
"Návsí,,Rogovec",49.5943756,18.7513351,FM
"Návsí,,Rogovec",49.5943451,18.7511978,FM
"Návsí,,Šnapka",49.5787544,18.7404022,FM
"Návsí,,Šnapka",49.57882,18.7401161,FM
"Návsí,,U Kluzů",49.5987854,18.7470684,FM
"Návsí,,U Kluzů",49.5975761,18.7475,FM
"Návsí,,u pily",49.5860825,18.7522488,FM
"Návsí,,u podjezdu",49.58604,18.7582,FM
"Návsí,,u podjezdu",49.5860023,18.7579956,FM
"Návsí,,žel.st.",49.5880661,18.7568264,FM
"Návsí,,žel.st.",49.5881538,18.75673,FM
"Návsí,,žel.st.",49.5882721,18.7566013,FM
"Návsí,,žel.st.",49.5883827,18.7564812,FM
"Návsí,,žel.st.",49.5884972,18.7563686,FM
"Návsí,,žel.st.",49.5886,18.7562523,FM
"Návsí,,žel.st.",49.5898323,18.7554131,FM
"Návsí,Jasení,Goryl",49.57816,18.7285976,FM
"Návsí,Jasení,rozc.Milíkov",49.57666,18.73047,FM
"Návsí,Jasení,Warcop",49.58152,18.7260818,FM
"Neplachovice,,Černý chodník",49.99545,17.8106728,OP
"Neplachovice,,Černý chodník",49.9959679,17.8099918,OP
"Neplachovice,,škola",49.9952164,17.8062763,OP
"Neplachovice,Zadky",49.9740028,17.7955246,OP
"Neplachovice,Zadky",49.9738579,17.7959023,OP
"Nižní Lhoty,,Mojžíšek",49.64926,18.43837,FM
"Nižní Lhoty,,Mojžíšek",49.6502228,18.4376278,FM
"Nošovice,,pivovar",49.66076,18.4262867,FM
"Nošovice,,pivovar",49.66083,18.4261265,FM
"Nošovice,,PZ - jih",49.6561737,18.44468,FM
"Nošovice,,PZ - jih",49.6566925,18.4425449,FM
"Nošovice,,PZ - sever",49.6640434,18.4345932,FM
"Nošovice,,PZ - sever",49.6652679,18.4341183,FM
"Nošovice,,PZ Hyundai - hlavní brána",49.6562767,18.4553986,FM
"Nošovice,,PZ Hyundai - hlavní brána",49.6562042,18.4558468,FM
"Nošovice,,PZ Hyundai - hlavní brána",49.656208,18.4553089,FM
"Nošovice,,PZ Hyundai - hlavní brána",49.6561165,18.4557552,FM
"Nošovice,,PZ Hyundai - hlavní brána",49.6560135,18.4557114,FM
"Nošovice,,PZ Hyundai - hlavní brána",49.65592,18.4561729,FM
"Nošovice,,PZ Hyundai - hlavní brána",49.65592,18.4557,FM
"Nošovice,,PZ Hyundai - hlavní brána",49.65583,18.45616,FM
"Nošovice,,PZ Hyundai - hlavní brána",49.6562271,18.454916,FM
"Nošovice,,PZ Hyundai Steel",49.6633034,18.4569016,FM
"Nošovice,,PZ Hyundai Steel",49.6622162,18.45665,FM
"Nošovice,,PZ IZS",49.66953,18.4381371,FM
"Nošovice,,PZ IZS",49.6688,18.4367123,FM
"Nošovice,,střed",49.6561,18.42983,FM
"Nošovice,,střed",49.6564941,18.4295826,FM
"Nošovice,,střed",49.656105,18.42961,FM
"Nošovice,,U lesa",49.6729,18.4486961,FM
"Nošovice,,U lesa",49.6729927,18.4482956,FM
"Nošovice,,Valošek",49.6723862,18.4389439,FM
"Nošovice,,Valošek",49.6725426,18.43876,FM
"Nová Pláň,,zastávka",49.9185143,17.4741516,BR
"Nová Pláň,,zastávka",49.9187927,17.47429,BR
Nové Heřminovy,50.01916,17.5448761,BR
Nové Heřminovy,50.01854,17.54556,BR
"Nové Heřminovy,,pošta",50.02322,17.5312386,BR
"Nové Heřminovy,,pošta",50.0231552,17.5317059,BR
"Nové Heřminovy,,rest.",50.02407,17.5281315,BR
"Nové Heřminovy,,rest.",50.023613,17.5284367,BR
"Nové Heřminovy,,UNEKO",50.0225334,17.536108,BR
"Nové Heřminovy,,UNEKO",50.02241,17.53633,BR
"Nové Heřminovy,Kunov",50.03673,17.5167637,BR
"Nové Heřminovy,Kunov",50.0372658,17.51624,BR
"Nové Lublice,,střed",49.8637733,17.6784611,OP
"Nové Lublice,,střed",49.86376,17.6785488,OP
"Nové Lublice,,ZD",49.86667,17.6856976,OP
"Nové Lublice,,ZD",49.8667221,17.6857777,OP
"Nové Sedlice,,rozc.",49.9066,18.00513,OP
"Nové Sedlice,,rozc.",49.9071159,18.0027847,OP
"Nové Sedlice,,rozc.Štítina",49.9074745,18.0044346,OP
"Nové Sedlice,,střed",49.9032631,18.0009766,OP
"Nový Hrozenkov,,DPS",49.34225,18.2099323,VS
"Nový Hrozenkov,,rozc.",49.34482,18.2142982,VS
"Nový Hrozenkov,,střed",49.3389626,18.2010612,VS
"Nový Hrozenkov,Břežitá,rozc.",49.32815,18.1697578,VS
"Nový Hrozenkov,Čubov",49.3337822,18.1788864,VS
"Nový Jičín,,aut.nádr.",49.597496,18.0095043,NJ
"Nový Jičín,,aut.nádr.",49.59772,18.0095367,NJ
"Nový Jičín,,aut.nádr.",49.5975952,18.0093212,NJ
"Nový Jičín,,aut.nádr.",49.59764,18.0092468,NJ
"Nový Jičín,,aut.nádr.",49.59772,18.009201,NJ
"Nový Jičín,,aut.nádr.",49.5971451,18.0096989,NJ
"Nový Jičín,,aut.nádr.",49.5972748,18.0095387,NJ
"Nový Jičín,,aut.nádr.",49.5974,18.00937,NJ
"Nový Jičín,,aut.nádr.",49.5975266,18.00921,NJ
"Nový Jičín,,aut.nádr.",49.597744,18.0090485,NJ
"Nový Jičín,,aut.nádr.",49.5974464,18.0102711,NJ
"Nový Jičín,,aut.nádr.",49.5978432,18.0093918,NJ
"Nový Jičín,,aut.nádr.",49.59719,18.00986,NJ
"Nový Jičín,,aut.nádr.",49.59724,18.0097771,NJ
"Nový Jičín,,aut.nádr.",49.5972977,18.0096569,NJ
"Nový Jičín,,aut.nádr.",49.59735,18.0095882,NJ
"Nový Jičín,,aut.nádr.",49.5974159,18.009552,NJ
"Nový Jičín,,aut.nádr.",49.5974655,18.0094719,NJ
"Nový Jičín,,aut.nádr.",49.59753,18.0093632,NJ
"Nový Jičín,,aut.nádr.",49.59678,18.0097885,NJ
"Nový Jičín,,Autopal",49.60193,18.01368,NJ
"Nový Jičín,,Autopal",49.6018867,18.0136967,NJ
"Nový Jičín,,Autopal",49.6019821,18.0136261,NJ
"Nový Jičín,,B.Martinů Kaufland",49.58608,18.0031719,NJ
"Nový Jičín,,B.Martinů Kaufland",49.58611,18.0032215,NJ
"Nový Jičín,,B.Martinů Kaufland",49.58605,18.0031281,NJ
"Nový Jičín,,B.Martinů zem.stavby",49.591217,17.9967918,NJ
"Nový Jičín,,B.Martinů zem.stavby",49.59125,17.9966831,NJ
"Nový Jičín,,B.Martinů zem.stavby",49.5912552,17.99685,NJ
"Nový Jičín,,Bezručova",49.5952568,18.0178833,NJ
"Nový Jičín,,Bezručova",49.59536,18.0178566,NJ
"Nový Jičín,,Bocheta",49.5842133,18.00014,NJ
"Nový Jičín,,Bocheta",49.58423,18.0001,NJ
"Nový Jičín,,Bocheta",49.5842133,18.0002651,NJ
"Nový Jičín,,Dlouhá",49.59555,17.9975567,NJ
"Nový Jičín,,Gregorova zdrav.stř.",49.5948944,18.0026627,NJ
"Nový Jičín,,Hřbitovní domov důchodců",49.60101,18.02508,NJ
"Nový Jičín,,Hřbitovní domov důchodců",49.60125,18.0258884,NJ
"Nový Jičín,,Hřbitovní domov důchodců",49.60104,18.0250359,NJ
"Nový Jičín,,Hřbitovní nákup.stř.",49.5999451,18.0221081,NJ
"Nový Jičín,,Hřbitovní nákup.stř.",49.59987,18.0217476,NJ
"Nový Jičín,,Hřbitovní nákup.stř.",49.6000175,18.02244,NJ
"Nový Jičín,,Máchova",49.5938644,18.0169582,NJ
"Nový Jičín,,Nad Čerťákem",49.5704,17.9991245,NJ
"Nový Jičín,,nem.",49.5891647,18.0082035,NJ
"Nový Jičín,,nem.",49.58924,18.0082111,NJ
"Nový Jičín,,nem.",49.5890732,18.00821,NJ
"Nový Jičín,,Palackého ČSAD",49.5920143,17.9975185,NJ
"Nový Jičín,,Palackého ČSAD",49.59183,17.9970856,NJ
"Nový Jičín,,Palackého ČSAD",49.5921822,17.9979324,NJ
"Nový Jičín,,Palackého škola",49.5937576,18.00316,NJ
"Nový Jičín,,Palackého škola",49.5935478,18.00282,NJ
"Nový Jičín,,Palackého škola",49.593956,18.00342,NJ
"Nový Jičín,,Pod Skalkou Kaufland",49.5853653,18.0043316,NJ
"Nový Jičín,,Pod Skalkou",49.58479,18.01045,NJ
"Nový Jičín,,Pod Svincem",49.5738258,18.00098,NJ
"Nový Jičín,,pošta",49.5925255,18.0118542,NJ
"Nový Jičín,,pošta",49.59276,18.0117626,NJ
"Nový Jičín,,pošta",49.5922928,18.0119743,NJ
"Nový Jičín,,průmyslový park",49.6046753,18.0377178,NJ
"Nový Jičín,,průmyslový park",49.604763,18.03742,NJ
"Nový Jičín,,Riegrova",49.59681,18.0192165,NJ
"Nový Jičín,,Riegrova",49.5968056,18.0191269,NJ
"Nový Jičín,,Sirné lázně",49.6075325,18.0474186,NJ
"Nový Jičín,,Sirné lázně",49.6078224,18.0479031,NJ
"Nový Jičín,,Skalky",49.5795631,18.0088024,NJ
"Nový Jičín,,Smetanovy sady",49.5888939,18.01087,NJ
"Nový Jičín,,Sokolovská",49.59546,18.01277,NJ
"Nový Jičín,,Sokolovská",49.5955,18.0128746,NJ
"Nový Jičín,,Sportovní Dlouhá rozc.",49.5938034,17.9962177,NJ
"Nový Jičín,,staviva",49.6042366,18.0324345,NJ
"Nový Jičín,,staviva",49.6041031,18.0324669,NJ
"Nový Jičín,,staviva",49.6043167,18.03245,NJ
"Nový Jičín,,SÚS",49.6031456,18.01734,NJ
"Nový Jičín,,SÚS",49.60304,18.0172329,NJ
"Nový Jičín,,SÚS",49.6032562,18.0174618,NJ
"Nový Jičín,,Suvorovova Pamela",49.6041031,18.02033,NJ
"Nový Jičín,,Suvorovova Tech.služby",49.6055069,18.0244312,NJ
"Nový Jičín,,Suvorovova Tech.služby",49.60546,18.0244465,NJ
"Nový Jičín,,Suvorovova Tech.služby",49.60556,18.0243931,NJ
"Nový Jičín,,Tonak",49.5901566,18.0158329,NJ
"Nový Jičín,,Tonak",49.5913429,18.0151,NJ
"Nový Jičín,,Tyršova",49.5931549,18.0093479,NJ
"Nový Jičín,,u výměníku",49.59761,18.0020275,NJ
"Nový Jičín,,Žlabec",49.58027,17.9772739,NJ
"Nový Jičín,,Žlabec",49.5803871,17.9775887,NJ
"Nový Jičín,Bludovice,samoobsluha",49.573864,18.0209827,NJ
"Nový Jičín,Bludovice,samoobsluha",49.5741959,18.02108,NJ
"Nový Jičín,Bludovice,škola",49.56504,18.0254974,NJ
"Nový Jičín,Bludovice,škola",49.5646439,18.02567,NJ
"Nový Jičín,Bludovice,závod",49.5549164,18.0172729,NJ
"Nový Jičín,Bludovice,závod",49.5547638,18.0172825,NJ
"Nový Jičín,Kojetín",49.5606041,17.9831924,NJ
"Nový Jičín,Kojetín,Napajedlo",49.5651932,17.9914913,NJ
"Nový Jičín,Loučka,kaštany",49.5913773,17.9929428,NJ
"Nový Jičín,Loučka,kaštany",49.591404,17.993042,NJ
"Nový Jičín,Loučka,kaštany",49.59136,17.9928436,NJ
"Nový Jičín,Loučka,kolonie",49.5841942,17.9904976,NJ
"Nový Jičín,Loučka,kolonie",49.584156,17.9906654,NJ
"Nový Jičín,Loučka,kolonie",49.5842667,17.9903774,NJ
"Nový Jičín,Loučka,rest.Koruna",49.5885773,17.9852,NJ
"Nový Jičín,Loučka,rest.Koruna",49.5889854,17.9857464,NJ
"Nový Jičín,Loučka,rozc.",49.5856552,17.9830055,NJ
"Nový Jičín,Loučka,rozc.",49.58566,17.9830818,NJ
"Nový Jičín,Loučka,rozc.",49.58565,17.9829311,NJ
"Nový Jičín,Loučka,ZD",49.58403,17.9814816,NJ
"Nový Jičín,Loučka,ZD",49.5839577,17.98112,NJ
"Nový Jičín,Straník,rozc.",49.5430069,17.9961777,NJ
"Nový Jičín,Straník,rozc.",49.543,17.9963169,NJ
"Nový Jičín,Žilina,kult.dům",49.58458,18.03286,NJ
"Nový Jičín,Žilina,kult.dům",49.5844231,18.0333061,NJ
"Nový Jičín,Žilina,pož.zbroj.",49.57401,18.0406761,NJ
"Nový Jičín,Žilina,pož.zbroj.",49.5738945,18.0405846,NJ
"Nový Jičín,Žilina,střední zem.škola",49.5897942,18.0226784,NJ
"Nový Jičín,Žilina,střední zem.škola",49.5900078,18.0226536,NJ
"Nový Jičín,Žilina,u partyzána",49.5779457,18.038496,NJ
"Nový Jičín,Žilina,u partyzána",49.57794,18.0386276,NJ
"Nýdek,,náměstí",49.6592941,18.7636852,FM
"Nýdek,,Nýdečanka",49.6565475,18.7567482,FM
"Nýdek,Gora",49.6738167,18.76728,FM
"Nýdek,Gora,Čantoryje",49.6684723,18.7681847,FM
"Nýdek,Gora,konečná",49.6777,18.763998,FM
"Nýdek,Gora,lyžařský můstek",49.66522,18.7659512,FM
"Nýdek,Hluchová",49.6507225,18.7690315,FM
"Nýdek,Hluchová,hájenka",49.6429443,18.7797852,FM
"Nýdek,Hluchová,Poledná",49.64797,18.7725067,FM
"Nýdek,Hluchová,Setinka",49.6370659,18.7861328,FM
"Nýdek,Střelmá",49.6575165,18.7882061,FM
"Nýdek,Střelmá,hájenka",49.65717,18.77594,FM
"Oborná,,dol.zast.",50.0080032,17.5111828,BR
"Oborná,,dol.zast.",50.0084076,17.5118961,BR
"Oborná,,pož.zbroj.",50.0014954,17.49377,BR
"Oborná,,pož.zbroj.",50.00091,17.4924927,BR
"Oborná,,zast.",50.0052147,17.5024319,BR
"Oborná,,zast.",50.00533,17.5026035,BR
"Odry,,aut.st.",49.66718,17.83207,NJ
"Odry,,aut.st.",49.6672478,17.8321171,NJ
"Odry,,aut.st.",49.66728,17.8321838,NJ
"Odry,,aut.st.",49.6673164,17.8322811,NJ
"Odry,,aut.st.",49.6670227,17.8321552,NJ
"Odry,,aut.st.",49.6671867,17.8324089,NJ
"Odry,,aut.st.",49.6674042,17.8324051,NJ
"Odry,,nám.",49.6618538,17.829668,NJ
"Odry,,Potoční",49.6616173,17.8339119,NJ
"Odry,,Skřivánčí",49.6645126,17.8375587,NJ
"Odry,,Tř.Osvobození",49.6703,17.837923,NJ
"Odry,,Tř.Osvobození",49.6705437,17.8380051,NJ
"Odry,Hvězdová",49.68614,17.85778,NJ
"Odry,Hvězdová",49.68637,17.8582211,NJ
"Odry,Kaménka,rest.",49.73432,17.7949085,NJ
"Odry,Kaménka,rest.",49.7342148,17.7947769,NJ
"Odry,Klokočůvek,rest.",49.71904,17.7491722,NJ
"Odry,Loučky,osada",49.68427,17.8075562,NJ
"Odry,Loučky,osada",49.6840858,17.8081169,NJ
"Odry,Loučky,pila",49.676815,17.8199387,NJ
"Odry,Loučky,pila",49.67686,17.8201027,NJ
"Odry,Loučky,škola",49.68369,17.8019333,NJ
"Odry,Loučky,škola",49.68376,17.80201,NJ
"Odry,Loučky,u mostu",49.681572,17.8079052,NJ
"Odry,Loučky,u mostu",49.68152,17.80794,NJ
"Odry,Pohoř,dolní konec",49.6607971,17.8704243,NJ
"Odry,Pohoř,dolní konec",49.6608276,17.8705521,NJ
"Odry,Pohoř,horní konec",49.66085,17.8666039,NJ
"Odry,Pohoř,horní konec",49.6608467,17.86654,NJ
"Odry,Tošovice,kostel",49.6991959,17.8523064,NJ
"Odry,Tošovice,kostel",49.6991539,17.8521347,NJ
"Odry,Tošovice,rozc.",49.7096672,17.868454,NJ
"Odry,Tošovice,rozc.",49.7096672,17.8685474,NJ
"Odry,Tošovice,škola",49.6938133,17.84865,NJ
"Odry,Tošovice,škola",49.69384,17.8485241,NJ
"Odry,Veselí,dolní konec",49.63348,17.80373,NJ
"Odry,Veselí,dolní konec",49.6334457,17.8036575,NJ
"Odry,Veselí,horní konec",49.6404839,17.8055019,NJ
"Odry,Vítovka,ČSSS",49.682148,17.8382053,NJ
"Odry,Vítovka,ČSSS",49.6821938,17.8383884,NJ
"Odry,Vítovka,střed",49.6869621,17.82868,NJ
"Olbramice,,hostinec",49.7865028,18.0927734,OV
"Olbramice,,hostinec",49.78658,18.0928631,OV
"Olbramice,,kostel",49.7935448,18.0848541,OV
"Olbramice,,kostel",49.79381,18.0848179,OV
"Olbramice,,rozc.",49.7854462,18.0929565,OV
"Olbramice,,rozc.",49.78538,18.09274,OV
"Oldřichov,,náves",49.4992142,17.5382423,PR
"Oldřišov,,lihovar",49.9901428,17.9609375,OP
"Oldřišov,,lihovar",49.9902077,17.9609337,OP
"Oldřišov,,Masospol",49.980957,17.98523,OP
"Oldřišov,,Masospol",49.9810371,17.9851418,OP
"Oldřišov,,U Hřiště",49.98938,17.96783,OP
"Oldřišov,,U Hřiště",49.9891777,17.9678211,OP
"Oldřišov,,U Kříže",49.9894943,17.95498,OP
"Oldřišov,,U Kříže",49.9896851,17.9555149,OP
"Oldřišov,Arnoštov,statek",49.9742126,17.9711666,OP
"Oldřišov,Arnoštov,statek",49.97427,17.9711266,OP
"Olomouc,,aut.nádr.",49.5881271,17.28579,OC
"Olomouc,,aut.nádr.",49.5878448,17.2855511,OC
"Olomouc,,aut.nádr.",49.58799,17.2854366,OC
"Olomouc,,aut.nádr.",49.5879059,17.2857189,OC
"Olomouc,,aut.nádr.",49.58804,17.2856,OC
"Olomouc,,aut.nádr.",49.5881271,17.28579,OC
"Olomouc,,aut.nádr.podchod",49.58857,17.2848282,OC
"Olomouc,,aut.nádr.podchod",49.5884552,17.2848721,OC
"Olomouc,,aut.nádr.podchod",49.58857,17.2848282,OC
"Olomouc,,Fakultní nem.",49.581,17.2401085,OC
"Olomouc,,Fibichova",49.5890121,17.2772388,OC
"Olomouc,,Fibichova",49.5888367,17.27687,OC
"Olomouc,,hl.nádr.",49.59195,17.277544,OC
"Olomouc,,hl.nádr.",49.59202,17.2776,OC
"Olomouc,,hl.nádr.",49.5915222,17.2778835,OC
"Olomouc,,hl.nádr.",49.59247,17.2771835,OC
"Olomouc,,hl.nádr.",49.59195,17.277544,OC
"Olomouc,,hl.nádr.",49.59446,17.27652,OC
"Olomouc,,Hodolanská",49.5915451,17.2860889,OC
"Olomouc,,Chválkovická-Epava",49.6071358,17.28221,OC
"Olomouc,,Na Pile",49.60415,17.2797184,OC
"Olomouc,,Na Pile",49.60467,17.2799454,OC
"Olomouc,,Pasteurova",49.5991974,17.2719879,OC
"Olomouc,,Pionýrská",49.57792,17.2384739,OC
"Olomouc,Týneček",49.6224174,17.2956028,OC
"Olšovec,,lom",49.5979843,17.7099972,PR
"Olšovec,,rozc.",49.5936165,17.7126465,PR
"Olšovec,,škola",49.58986,17.7178745,PR
"Opava,,Albert hypermarket",49.9307365,17.87666,OP
"Opava,,Anenská",49.9352074,17.91329,OP
"Opava,,Anenská",49.9343033,17.9147663,OP
"Opava,,Bartoníčkova",49.92864,17.90868,OP
"Opava,,Bartoníčkova",49.92874,17.9082,OP
"Opava,,Bílovecká TQM",49.9306374,17.9148788,OP
"Opava,,Bílovecká TQM",49.93036,17.91493,OP
"Opava,,Divadlo",49.9394646,17.9004841,OP
"Opava,,Divadlo",49.9393044,17.9006672,OP
"Opava,,Divadlo",49.9393,17.90011,OP
"Opava,,Dobrovského",49.95102,17.9017467,OP
"Opava,,Dobrovského",49.95168,17.9007988,OP
"Opava,,Dolní náměstí",49.9393425,17.9052544,OP
"Opava,,Dolní náměstí",49.9391251,17.9055748,OP
"Opava,,Globus",49.92828,17.9383774,OP
"Opava,,Globus",49.9280853,17.9382744,OP
"Opava,,Hobzíkova",49.92973,17.8983212,OP
"Opava,,Hobzíkova",49.92971,17.89825,OP
"Opava,,Holasická",49.9407349,17.9107666,OP
"Opava,,Holasická",49.94152,17.9120712,OP
"Opava,,Holasická",49.9413719,17.9102688,OP
"Opava,,Horovo náměstí",49.9361572,17.8864861,OP
"Opava,,Horovo náměstí",49.9366074,17.8879471,OP
"Opava,,Hradecká",49.9311676,17.89954,OP
"Opava,,Jatky",49.9318771,17.92292,OP
"Opava,,Jatky",49.9311,17.92491,OP
"Opava,,Kaufland",49.9445534,17.927866,OP
"Opava,,Kaufland",49.94451,17.9279137,OP
"Opava,,Koupaliště",49.9506149,17.8851814,OP
"Opava,,Koupaliště",49.9504051,17.8848133,OP
"Opava,,Kylešovský kopec",49.92612,17.9080811,OP
"Opava,,Kylešovský kopec",49.92607,17.9081917,OP
"Opava,,Liliová",49.9374428,17.8817387,OP
"Opava,,Mařádkova",49.9427032,17.8944378,OP
"Opava,,Mařádkova",49.94393,17.8955784,OP
"Opava,,Městské sady",49.94793,17.8887348,OP
"Opava,,Městské sady",49.9481544,17.8890839,OP
"Opava,,Městský hřbitov",49.9283638,17.88494,OP
"Opava,,Městský hřbitov",49.92792,17.8847847,OP
"Opava,,Městský hřbitov",49.9280472,17.8849049,OP
"Opava,,Mírová",49.9366531,17.896841,OP
"Opava,,Mostní",49.9463043,17.8953018,OP
"Opava,,Mostní",49.946743,17.8945923,OP
"Opava,,Nákladní",49.9418,17.8998928,OP
"Opava,,Nákladní",49.9417572,17.9008312,OP
"Opava,,Nemocnice",49.9340134,17.88113,OP
"Opava,,Nemocnice",49.9342575,17.8820114,OP
"Opava,,Nemocnice",49.9338379,17.8806458,OP
"Opava,,Nemocnice",49.93408,17.881546,OP
"Opava,,Olbrichova",49.93576,17.9006062,OP
"Opava,,Olbrichova",49.93564,17.9011745,OP
"Opava,,Ostroj",49.9296341,17.9300289,OP
"Opava,,Ostroj",49.92955,17.9299774,OP
"Opava,,Papírny",49.9274559,17.9363823,OP
"Opava,,Partyzánská",49.9440651,17.90697,OP
"Opava,,Partyzánská",49.944313,17.9070015,OP
"Opava,,Pekárny",49.93014,17.8898163,OP
"Opava,,Pekárny",49.93004,17.8897762,OP
"Opava,,Pekařská",49.94388,17.90365,OP
"Opava,,Pekařská",49.9434967,17.9036827,OP
"Opava,,Praskova",49.93755,17.9066372,OP
"Opava,,Praskova",49.937397,17.9062271,OP
"Opava,,Prokopa Holého",49.9458847,17.8838882,OP
"Opava,,Prokopa Holého",49.94526,17.8832569,OP
"Opava,,Psychiatrická léčebna",49.9314041,17.87453,OP
"Opava,,Psychiatrická léčebna",49.931736,17.8756466,OP
"Opava,,Psychiatrická léčebna",49.9314079,17.8745251,OP
"Opava,,Psychiatrická léčebna",49.9313126,17.8742828,OP
"Opava,,Purkyňova",49.93223,17.8790989,OP
"Opava,,Ratibořská",49.9442329,17.9151649,OP
"Opava,,Ratibořská",49.9440079,17.9150639,OP
"Opava,,Ratibořská",49.9443665,17.9154549,OP
"Opava,,Ratibořská",49.9442444,17.9155483,OP
"Opava,,Rolnická",49.9499664,17.9059048,OP
"Opava,,Rolnická",49.95039,17.9049244,OP
"Opava,,Rooseveltova",49.9322968,17.9019337,OP
"Opava,,Rooseveltova",49.9323,17.9021759,OP
"Opava,,Sluneční",49.9371758,17.8832474,OP
"Opava,,SME",49.9426727,17.8933563,OP
"Opava,,SME",49.94196,17.8947868,OP
"Opava,,Stadion",49.9298363,17.9142914,OP
"Opava,,Stadion",49.92934,17.9139824,OP
"Opava,,Stará silnice",49.94538,17.8871937,OP
"Opava,,Stará silnice",49.9447021,17.8885536,OP
"Opava,,Šeděnkova",49.9470825,17.8829784,OP
"Opava,,Šeděnkova",49.9471855,17.8824635,OP
"Opava,,Šeříková",49.9403267,17.8817081,OP
"Opava,,Švédská kaple",49.9452553,17.92028,OP
"Opava,,Švédská kaple",49.9450722,17.9223347,OP
"Opava,,Těšínská",49.9330864,17.91902,OP
"Opava,,Těšínská",49.9328537,17.9192772,OP
"Opava,,U Cukrovaru",49.9480629,17.905407,OP
"Opava,,U Cukrovaru",49.9469872,17.9049873,OP
"Opava,,U soudu",49.9385452,17.8925285,OP
"Opava,,U soudu",49.9394035,17.8950539,OP
"Opava,,Vančurova",49.9408264,17.8825455,OP
"Opava,,Vaškovo náměstí",49.9329453,17.89781,OP
"Opava,,Vaškovo náměstí",49.93301,17.8965912,OP
"Opava,,Vrchní",49.9485245,17.9084244,OP
"Opava,,Vrchní",49.94835,17.9085159,OP
"Opava,,Východní nádraží",49.9344978,17.9077053,OP
"Opava,,Východní nádraží",49.9342766,17.9081345,OP
"Opava,,Východní nádraží",49.93396,17.9087715,OP
"Opava,,Východní nádraží",49.93416,17.9081364,OP
"Opava,,Zámecký okruh",49.93825,17.9105835,OP
"Opava,,Zámecký okruh",49.9382362,17.91029,OP
"Opava,,Zem.tech.škola",49.93039,17.8815327,OP
"Opava,,Zem.tech.škola",49.92979,17.8827438,OP
"Opava,,Zimní stadion",49.93786,17.9082241,OP
"Opava,,Zimní stadion",49.9375,17.90882,OP
"Opava,,Zukalova",49.9305,17.90619,OP
"Opava,,Zukalova",49.93032,17.90645,OP
"Opava,Jaktař",49.95154,17.8716335,OP
"Opava,Jaktař",49.95125,17.8713112,OP
"Opava,Jaktař",49.95127,17.8712063,OP
"Opava,Jaktař",49.95229,17.8714085,OP
"Opava,Jaktař,mrazírny",49.95737,17.8759575,OP
"Opava,Jaktař,mrazírny",49.9578857,17.87574,OP
"Opava,Jaktař,Palhanecká",49.9548531,17.8741875,OP
"Opava,Jaktař,Palhanecká",49.95497,17.87449,OP
"Opava,Jaktař,STS",49.9469376,17.8581333,OP
"Opava,Jaktař,STS",49.94689,17.8583126,OP
"Opava,Jaktař,škola",49.9501572,17.8673878,OP
"Opava,Jaktař,škola",49.95022,17.8682289,OP
"Opava,Jaktař,U Jaktarky",49.9498672,17.87615,OP
"Opava,Jaktař,U Jaktarky",49.94931,17.8771687,OP
"Opava,Kateřinky",49.9442978,17.9259,OP
"Opava,Kateřinky",49.9444771,17.9259834,OP
"Opava,Kateřinky,Stříbrné jezero",49.954,17.8926239,OP
"Opava,Kateřinky,Stříbrné jezero",49.95415,17.892292,OP
"Opava,Kateřinky,ZEMPRO",49.94899,17.9260864,OP
"Opava,Kateřinky,ZEMPRO",49.9491,17.9265862,OP
"Opava,Komárov,Balakom",49.9170952,17.9642,OP
"Opava,Komárov,Balakom",49.9173279,17.9641914,OP
"Opava,Komárov,Drůb.záv.",49.89533,17.97031,OP
"Opava,Komárov,Drůb.záv.",49.8947258,17.9709511,OP
"Opava,Komárov,Komas",49.91742,17.9647045,OP
"Opava,Komárov,Komas",49.9175529,17.9644814,OP
"Opava,Komárov,Kravařov",49.91313,17.982048,OP
"Opava,Komárov,Kravařov",49.9139023,17.9798317,OP
"Opava,Komárov,Oasa",49.92147,17.9521942,OP
"Opava,Komárov,Oasa",49.9212,17.9532776,OP
"Opava,Komárov,Podvihovská",49.9097557,17.9679356,OP
"Opava,Komárov,Podvihovská",49.91062,17.9679432,OP
"Opava,Komárov,střed",49.91432,17.9701214,OP
"Opava,Komárov,střed",49.9144669,17.9702129,OP
"Opava,Komárov,tělocvična",49.9144745,17.9660683,OP
"Opava,Komárov,tělocvična",49.91459,17.9661369,OP
"Opava,Komárov,TEVA 2",49.91901,17.9717655,OP
"Opava,Komárov,TEVA 2",49.91899,17.9717579,OP
"Opava,Kylešovice,Bavaria",49.9199677,17.92055,OP
"Opava,Kylešovice,Bavaria",49.91998,17.9203529,OP
"Opava,Kylešovice,Bílovecká",49.92106,17.9126873,OP
"Opava,Kylešovice,Bílovecká",49.92153,17.9127941,OP
"Opava,Kylešovice,Bílovecká",49.9210548,17.91223,OP
"Opava,Kylešovice,Gudrichova",49.922348,17.9109421,OP
"Opava,Kylešovice,Gudrichova",49.92167,17.91155,OP
"Opava,Kylešovice,Hlavní",49.9182243,17.9124451,OP
"Opava,Kylešovice,Hlavní",49.91868,17.9112225,OP
"Opava,Kylešovice,hřbitov",49.9162941,17.90866,OP
"Opava,Kylešovice,hřbitov",49.91578,17.907444,OP
"Opava,Kylešovice,Kroftova",49.91702,17.9120846,OP
"Opava,Kylešovice,Kroftova",49.91665,17.9127579,OP
"Opava,Kylešovice,Na Dolní hrázi",49.9204254,17.9251518,OP
"Opava,Kylešovice,Na Dolní hrázi",49.92045,17.9255562,OP
"Opava,Kylešovice,obalovna",49.92039,17.9319077,OP
"Opava,Kylešovice,obalovna",49.9203758,17.93097,OP
"Opava,Kylešovice,SÚS",49.9133568,17.9179821,OP
"Opava,Kylešovice,SÚS",49.9135056,17.917944,OP
"Opava,Kylešovice,SÚS",49.9134941,17.91795,OP
"Opava,Kylešovice,SÚS",49.9133568,17.9179935,OP
"Opava,Kylešovice,škola",49.9189758,17.9165154,OP
"Opava,Kylešovice,škola",49.9189339,17.91594,OP
"Opava,Kylešovice,Vaníčkova",49.9252739,17.9136925,OP
"Opava,Kylešovice,Vaníčkova",49.92474,17.9134865,OP
"Opava,Malé Hoštice",49.9374657,17.9437447,OP
"Opava,Malé Hoštice,rest.",49.9399757,17.9447289,OP
"Opava,Malé Hoštice,rest.",49.93934,17.9446373,OP
"Opava,Malé Hoštice,rest.",49.9397125,17.9451523,OP
"Opava,Milostovice",49.9510651,17.8310871,OP
"Opava,Milostovice",49.9507942,17.83134,OP
"Opava,Milostovice,6.května",49.94801,17.8297367,OP
"Opava,Milostovice,6.května",49.94783,17.8295155,OP
"Opava,Podvihov,hostinec",49.87706,17.9754715,OP
"Opava,Podvihov,hostinec",49.87696,17.9758778,OP
"Opava,Podvihov,Kom.Chaloupky",49.8804321,17.9660931,OP
"Opava,Podvihov,Kom.Chaloupky",49.8800278,17.9656734,OP
"Opava,Podvihov,Na Nové",49.87135,17.96825,OP
"Opava,Podvihov,Na Nové",49.8710861,17.96853,OP
"Opava,Pusté Jakartice,rest.",49.9666939,17.9482956,OP
"Opava,Pusté Jakartice,rest.",49.96683,17.9484062,OP
"Opava,Suché Lazce,dolní",49.91011,17.9868031,OP
"Opava,Suché Lazce,dolní",49.9103928,17.98684,OP
"Opava,Suché Lazce,horní",49.8961449,17.98808,OP
"Opava,Suché Lazce,horní",49.8951454,17.9887047,OP
"Opava,Suché Lazce,Přerovec",49.8873749,17.9924812,OP
"Opava,Suché Lazce,Přerovec",49.88739,17.9925575,OP
"Opava,Suché Lazce,Sedlinka",49.8918266,17.9901447,OP
"Opava,Suché Lazce,Sedlinka",49.8913422,17.9904022,OP
"Opava,Suché Lazce,střed",49.9013023,17.9863224,OP
"Opava,Suché Lazce,střed",49.90154,17.9865761,OP
"Opava,Suché Lazce,ZD",49.9068756,17.9871616,OP
"Opava,Suché Lazce,ZD",49.90681,17.98728,OP
"Opava,Vávrovice,Cukrovar",49.9625549,17.8709812,OP
"Opava,Vávrovice,Cukrovar",49.9628677,17.8706646,OP
"Opava,Vávrovice,Držkovice",49.9851952,17.8449211,OP
"Opava,Vávrovice,Držkovice",49.98537,17.84496,OP
"Opava,Vávrovice,Femont",49.9652519,17.8676834,OP
"Opava,Vávrovice,Femont",49.9653625,17.8677349,OP
"Opava,Vávrovice,Karlovec",49.9579239,17.8812027,OP
"Opava,Vávrovice,Karlovec",49.9580078,17.88107,OP
"Opava,Vávrovice,OPAVIA",49.9735641,17.8560314,OP
"Opava,Vávrovice,OPAVIA",49.97359,17.85606,OP
"Opava,Vávrovice,Palhanec kaple",49.960228,17.8734989,OP
"Opava,Vávrovice,Palhanec kaple",49.9603729,17.8735218,OP
"Opava,Vávrovice,pošta",49.9769,17.8618565,OP
"Opava,Vávrovice,pošta",49.97652,17.8621845,OP
"Opava,Vávrovice,sokolovna",49.9744377,17.86503,OP
"Opava,Vávrovice,sokolovna",49.9734879,17.8652649,OP
"Opava,Vávrovice,škola",49.9789734,17.859724,OP
"Opava,Vávrovice,škola",49.979187,17.8595924,OP
"Opava,Vlaštovičky",49.9688148,17.82705,OP
"Opava,Vlaštovičky,Lužní",49.96469,17.8268852,OP
"Opava,Vlaštovičky,Lužní",49.96456,17.8269634,OP
"Opava,Vlaštovičky,střed",49.9665375,17.8254662,OP
"Opava,Vlaštovičky,střed",49.9666672,17.825386,OP
"Opava,Zlatníky",49.9442673,17.82877,OP
"Opava,Zlatníky,rozc.",49.9440231,17.8284626,OP
"Opava,Zlatníky,rozc.",49.9439774,17.8285542,OP
"Opava,Zlatníky,střed",49.94241,17.8295784,OP
"Opava,Zlatníky,střed",49.9424362,17.8294849,OP
"Orlová,Lazy,Důl Lazy",49.8267326,18.4431286,KA
"Orlová,Lazy,Důl Lazy",49.8265457,18.4432087,KA
"Orlová,Lazy,obalovna",49.839077,18.4481087,KA
"Orlová,Lazy,obalovna",49.8382721,18.4443913,KA
"Orlová,Lazy,Podlesí",49.8247757,18.4228516,KA
"Orlová,Lazy,Podlesí",49.8246155,18.4227,KA
"Orlová,Lazy,Poliklinika",49.8298,18.4394875,KA
"Orlová,Lazy,Poliklinika",49.82976,18.4392433,KA
"Orlová,Lazy,sad",49.8307,18.4222279,KA
"Orlová,Lazy,sad",49.83062,18.422142,KA
"Orlová,Lazy,škola",49.83543,18.4366417,KA
"Orlová,Lazy,škola",49.8354454,18.4364,KA
"Orlová,Lazy,u Kornase",49.8211975,18.4229584,KA
"Orlová,Lazy,Veverka",49.8233337,18.4359074,KA
"Orlová,Lazy,Veverka",49.82409,18.4354458,KA
"Orlová,Lutyně,aut.nádr.",49.8794632,18.4332466,KA
"Orlová,Lutyně,aut.nádr.",49.87948,18.4329147,KA
"Orlová,Lutyně,aut.nádr.",49.8794975,18.43253,KA
"Orlová,Lutyně,aut.nádr.",49.8792953,18.43227,KA
"Orlová,Lutyně,kravín",49.87956,18.4205017,KA
"Orlová,Lutyně,kravín",49.8795242,18.4203949,KA
"Orlová,Lutyně,nákup.stř.",49.87612,18.4369125,KA
"Orlová,Lutyně,nákup.stř.",49.87647,18.4369316,KA
"Orlová,Lutyně,nemocnice",49.87647,18.4346848,KA
"Orlová,Lutyně,nemocnice",49.87652,18.434906,KA
"Orlová,Lutyně,nemocnice",49.876503,18.435524,KA
"Orlová,Lutyně,nemocnice",49.87644,18.4352837,KA
"Orlová,Lutyně,Olmovec",49.88333,18.4347954,KA
"Orlová,Lutyně,Olmovec",49.8833427,18.4345932,KA
"Orlová,Lutyně,Polní",49.8746,18.4237461,KA
"Orlová,Lutyně,Polní",49.8744774,18.42363,KA
"Orlová,Lutyně,pošta",49.871,18.4252586,KA
"Orlová,Lutyně,pošta",49.8711777,18.4253616,KA
"Orlová,Lutyně,pošta",49.8713379,18.42547,KA
"Orlová,Lutyně,pošta",49.87125,18.425703,KA
"Orlová,Lutyně,pošta",49.8710976,18.4255886,KA
"Orlová,Lutyně,rozhraní",49.88425,18.3939056,KA
"Orlová,Lutyně,střed",49.8747177,18.4284611,KA
"Orlová,Lutyně,střed",49.87481,18.4286823,KA
"Orlová,Lutyně,střed",49.8752441,18.4308014,KA
"Orlová,Lutyně,střed",49.8751755,18.4305553,KA
"Orlová,Lutyně,STS",49.8738251,18.4395828,KA
"Orlová,Lutyně,STS",49.8725357,18.44093,KA
"Orlová,Lutyně,u Krůla",49.8782349,18.4258862,KA
"Orlová,Lutyně,u Krůla",49.8781128,18.42586,KA
"Orlová,Lutyně,věžáky",49.86798,18.4222145,KA
"Orlová,Lutyně,věžáky",49.8670921,18.4217453,KA
"Orlová,Lutyně,Výhoda",49.8664551,18.4440441,KA
"Orlová,Lutyně,Výhoda",49.8661346,18.4444752,KA
"Orlová,Lutyně,Zátiší",49.8665276,18.4141827,KA
"Orlová,Lutyně,Zátiší",49.8666153,18.4145584,KA
"Orlová,Město,Cingrův kopec",49.84654,18.4402676,KA
"Orlová,Město,Cingrův kopec",49.84636,18.4400864,KA
"Orlová,Město,čerp.st.",49.8424225,18.4296017,KA
"Orlová,Město,čerp.st.",49.842,18.4298458,KA
"Orlová,Město,čerp.st.",49.8420563,18.42996,KA
"Orlová,Město,Dvě hranice",49.8591766,18.4467754,KA
"Orlová,Město,Dvě hranice",49.8588142,18.4466877,KA
"Orlová,Město,hřbitov",49.8389359,18.4210453,KA
"Orlová,Město,hřbitov",49.83853,18.4202442,KA
"Orlová,Město,kolonie",49.842144,18.42589,KA
"Orlová,Město,kolonie",49.8420753,18.425602,KA
"Orlová,Město,Kopaniny",49.85021,18.4508724,KA
"Orlová,Město,Kopaniny",49.8501663,18.4505577,KA
"Orlová,Město,Mezilesí",49.85586,18.4492149,KA
"Orlová,Město,Mezilesí",49.8558731,18.4489288,KA
"Orlová,Město,nám.",49.84482,18.4294052,KA
"Orlová,Město,nám.",49.8445473,18.42917,KA
"Orlová,Město,park",49.8463821,18.4339027,KA
"Orlová,Město,park",49.8462372,18.43311,KA
"Orlová,Město,smuteční síň",49.8367767,18.4201069,KA
"Orlová,Město,smuteční síň",49.83634,18.41932,KA
"Orlová,Město,škola",49.8343925,18.41868,KA
"Orlová,Město,škola",49.8343239,18.4185562,KA
"Orlová,Město,Zimný důl",49.841053,18.4156456,KA
"Orlová,Město,Zimný důl",49.8409462,18.4144859,KA
"Orlová,Poruba,čist.st.",49.857708,18.4149837,KA
"Orlová,Poruba,čist.st.",49.8562737,18.41475,KA
"Orlová,Poruba,Fojtství",49.8533554,18.42254,KA
"Orlová,Poruba,Fojtství",49.8532829,18.4221668,KA
"Orlová,Poruba,kult.dům",49.84954,18.4142323,KA
"Orlová,Poruba,kult.dům",49.8492546,18.4150581,KA
"Orlová,Poruba,rest.Horník",49.8495178,18.4166088,KA
"Orlová,Poruba,rest.Horník",49.8494835,18.4163532,KA
"Orlová,Poruba,samoobsluha",49.8602066,18.4254284,KA
"Orlová,Poruba,samoobsluha",49.8601341,18.42528,KA
"Orlová,Poruba,škola",49.8635864,18.42275,KA
"Orlová,Poruba,škola",49.8634071,18.4225426,KA
"Orlová,Poruba,u rybníku",49.8527069,18.4077721,KA
"Orlová,Poruba,u rybníku",49.8528328,18.407362,KA
"Orlová,Poruba,zast.u Dolu Fučík 5",49.8447342,18.41652,KA
"Orlová,Poruba,zast.u Dolu Fučík 5",49.8442154,18.4167156,KA
"Orlová,Zbytky,křižovatka",49.8829041,18.3992729,KA
"Orlová,Zbytky,křižovatka",49.8827934,18.3994446,KA
"Orlová,Zbytky,u kříže",49.8821259,18.4176788,KA
"Orlová,Zbytky,u kříže",49.8820953,18.4175854,KA
"Orlová,Zbytky,u Wojtasů",49.88216,18.41073,KA
"Orlová,Zbytky,u Wojtasů",49.8822174,18.41057,KA
"Orlová,Zbytky,Větrná",49.8818321,18.4045868,KA
"Orlová,Zbytky,Větrná",49.8818,18.4048328,KA
"Osoblaha,,aut.st.",50.2738647,17.7118053,BR
"Osoblaha,,jatky",50.29437,17.6995316,BR
"Osoblaha,,jatky",50.29437,17.6995983,BR
"Osoblaha,,rozc.Hlinka",50.2817764,17.7025719,BR
"Osoblaha,,rozc.Hlinka",50.2817039,17.7026844,BR
"Osoblaha,,škola",50.2717667,17.7113285,BR
"Osoblaha,,škola",50.2716446,17.7111969,BR
"Ostrava,,hlavní nádraží",49.8504257,18.2684212,OV
"Ostrava,,hlavní nádraží",49.85025,18.2685089,OV
"Ostrava,,hlavní nádraží",49.8505974,18.2681961,OV
"Ostrava,,Karolina",49.83273,18.2868214,OV
"Ostrava,,most Pionýrů",49.84041,18.2921734,OV
"Ostrava,,most Pionýrů",49.8406143,18.2920837,OV
"Ostrava,,ÚAN",49.8304253,18.2801685,OV
"Ostrava,,ÚAN",49.8305,18.279932,OV
"Ostrava,,ÚAN",49.83063,18.2791214,OV
"Ostrava,,ÚAN",49.8308258,18.2790585,OV
"Ostrava,,ÚAN",49.8305435,18.2802048,OV
"Ostrava,,ÚAN",49.8305473,18.2804565,OV
"Ostrava,,ÚAN",49.8305321,18.2807236,OV
"Ostrava,,ÚAN",49.83023,18.2806034,OV
"Ostrava,,ÚAN",49.8303146,18.2802029,OV
"Ostrava,,ÚAN",49.8304062,18.2808342,OV
"Ostrava,,ÚAN",49.8304176,18.2805576,OV
"Ostrava,,ÚAN",49.83045,18.2791977,OV
"Ostrava,Bartovice,Ještěrka",49.7969322,18.35699,OV
"Ostrava,Bartovice,Ještěrka",49.79762,18.3561611,OV
"Ostrava,Bartovice,Olšák",49.80377,18.3457718,OV
"Ostrava,Bartovice,Olšák",49.80332,18.3469448,OV
"Ostrava,Bartovice,U Samoobsluhy",49.7991562,18.35332,OV
"Ostrava,Bartovice,U Samoobsluhy",49.80084,18.3510227,OV
"Ostrava,Bartovice,Václavek",49.7787,18.3467522,OV
"Ostrava,Heřmanice,Důl Heřmanice",49.8617477,18.31589,OV
"Ostrava,Heřmanice,Důl Heřmanice",49.86199,18.3149815,OV
"Ostrava,Heřmanice,U Dvora",49.86565,18.3272018,OV
"Ostrava,Heřmanice,U Dvora",49.8654175,18.3264618,OV
"Ostrava,Hrabová,PZ jih",49.75912,18.26932,OV
"Ostrava,Hrabová,PZ jih",49.7587624,18.26915,OV
"Ostrava,Hrabová,PZ sever",49.7701759,18.26829,OV
"Ostrava,Hrabová,PZ sever",49.76986,18.2680969,OV
"Ostrava,Hrabová,PZ střed",49.76416,18.2686253,OV
"Ostrava,Hrabová,PZ střed",49.7638359,18.2684765,OV
"Ostrava,Hrabová,Staviva",49.7749519,18.2949524,OV
"Ostrava,Hrabová,Staviva",49.7751,18.2950439,OV
"Ostrava,Hrabová,Žižkovská",49.77593,18.2678356,OV
"Ostrava,Hrabová,Žižkovská",49.7752037,18.2652245,OV
"Ostrava,Hrabová,Žižkovská",49.77505,18.2669029,OV
"Ostrava,Hrabůvka,Benzina",49.782444,18.2714767,OV
"Ostrava,Hrabůvka,Benzina",49.78267,18.2718544,OV
"Ostrava,Hrabůvka,Dřevoprodej",49.79185,18.271574,OV
"Ostrava,Hrabůvka,Dřevoprodej",49.7921333,18.27197,OV
"Ostrava,Hrabůvka,nám.Ostrava-Jih",49.7871323,18.2563133,OV
"Ostrava,Hrabůvka,nám.Ostrava-Jih",49.78703,18.2557831,OV
"Ostrava,Hrabůvka,Poliklinika",49.7851028,18.2600555,OV
"Ostrava,Hrabůvka,Poliklinika",49.7846222,18.2595234,OV
"Ostrava,Hrabůvka,Sámova",49.7914162,18.2525444,OV
"Ostrava,Hrabůvka,Sámova",49.79107,18.2522869,OV
"Ostrava,Hranečník",49.8239021,18.3179989,OV
"Ostrava,Hranečník",49.8245049,18.3187046,OV
"Ostrava,Hranečník",49.8243637,18.31915,OV
"Ostrava,Hranečník",49.8244667,18.3195114,OV
"Ostrava,Hranečník",49.82383,18.3183022,OV
"Ostrava,Hrušov,Hrušovské mosty",49.8637543,18.2920952,OV
"Ostrava,Hrušov,Hrušovské mosty",49.86337,18.2920074,OV
"Ostrava,Hrušov,Na Liščině",49.86115,18.30147,OV
"Ostrava,Hrušov,Na Liščině",49.86079,18.30114,OV
"Ostrava,Hrušov,Žižkova",49.8664742,18.2888165,OV
"Ostrava,Hrušov,Žižkova",49.865757,18.2891865,OV
"Ostrava,Kamenec",49.84494,18.29521,OV
"Ostrava,Kamenec",49.8435555,18.29491,OV
"Ostrava,Kunčice,Areál OZO",49.7858429,18.28809,OV
"Ostrava,Kunčice,Areál OZO",49.7854233,18.28834,OV
"Ostrava,Kunčice,Frýdecká",49.8041878,18.2895012,OV
"Ostrava,Kunčice,Frýdecká",49.8039474,18.28984,OV
"Ostrava,Kunčice,Frýdecká",49.8045158,18.29082,OV
"Ostrava,Kunčice,Frýdecká",49.8047028,18.2912025,OV
"Ostrava,Kunčice,nádraží Kunčice",49.78911,18.289957,OV
"Ostrava,Kunčice,NH hl.brána",49.7977333,18.304,OV
"Ostrava,Kunčice,NH hl.brána",49.79681,18.3030624,OV
"Ostrava,Kunčice,NH jižní brána",49.79176,18.299,OV
"Ostrava,Kunčice,NH jižní brána",49.7923279,18.2987118,OV
"Ostrava,Kunčice,NH Zářičí",49.7974434,18.3289623,OV
"Ostrava,Kunčice,NH Zářičí",49.79736,18.3287678,OV
"Ostrava,Kunčice,škola",49.7926,18.28824,OV
"Ostrava,Kunčice,škola",49.7927551,18.28861,OV
"Ostrava,Kunčice,Vratimovská",49.8045769,18.3018341,OV
"Ostrava,Kunčice,Vratimovská",49.8044167,18.3021564,OV
"Ostrava,Martinov",49.8535156,18.1826725,OV
"Ostrava,Martinov",49.8524971,18.1832657,OV
"Ostrava,Martinov,střed",49.85746,18.1773,OV
"Ostrava,Martinov,střed",49.85613,18.1790771,OV
"Ostrava,Martinov,U Hůry",49.8595734,18.1675777,OV
"Ostrava,Martinov,U Hůry",49.8590775,18.1689148,OV
"Ostrava,Mor.Ostrava,Českobratrská",49.8362656,18.27661,OV
"Ostrava,Mor.Ostrava,Českobratrská",49.83554,18.2759323,OV
"Ostrava,Mor.Ostrava,Hlubinská",49.8199768,18.2701874,OV
"Ostrava,Mor.Ostrava,Hlubinská",49.82063,18.26993,OV
"Ostrava,Mor.Ostrava,Hotel Palace",49.831337,18.2888947,OV
"Ostrava,Mor.Ostrava,Konzervatoř",49.8381271,18.2842026,OV
"Ostrava,Mor.Ostrava,Konzervatoř",49.8382034,18.28361,OV
"Ostrava,Mor.Ostrava,Muglinovská",49.8486748,18.27856,OV
"Ostrava,Mor.Ostrava,Muglinovská",49.8484726,18.2787361,OV
"Ostrava,Mor.Ostrava,Nákladní",49.84065,18.2591324,OV
"Ostrava,Mor.Ostrava,Nákladní",49.8406334,18.2594776,OV
"Ostrava,Muglinov,Bohumínská",49.8589134,18.2920132,OV
"Ostrava,Muglinov,Bohumínská",49.85902,18.2924213,OV
"Ostrava,Muglinov,Lávka",49.8510056,18.2934723,OV
"Ostrava,Muglinov,Lávka",49.8511925,18.2930851,OV
"Ostrava,Muglinov,Mexiko",49.85613,18.2940235,OV
"Ostrava,Muglinov,Mexiko",49.855896,18.2937889,OV
"Ostrava,Nová Bělá,pod kopcem",49.76286,18.2560215,OV
"Ostrava,Nová Bělá,pod kopcem",49.7624321,18.2559357,OV
"Ostrava,Nová Bělá,U Balcara",49.75609,18.2485218,OV
"Ostrava,Nová Bělá,U Balcara",49.7560959,18.2488346,OV
"Ostrava,Nová Ves,vodárna",49.8257675,18.2336655,OV
"Ostrava,Nová Ves,vodárna",49.82554,18.2342319,OV
"Ostrava,Petřkovice,Hornické muzeum",49.8664742,18.2554,OV
"Ostrava,Petřkovice,Hornické muzeum",49.8668861,18.2556133,OV
"Ostrava,Plesná,Žižkov",49.8604164,18.1632862,OV
"Ostrava,Plesná,Žižkov",49.860096,18.1635342,OV
"Ostrava,Polanka,Janová",49.8057327,18.1684227,OV
"Ostrava,Polanka,Janová",49.8056221,18.1685333,OV
"Ostrava,Polanka,Tomáškova",49.80112,18.1609859,OV
"Ostrava,Polanka,Tomáškova",49.80142,18.1615982,OV
"Ostrava,Poruba,Bedřicha Nikodéma",49.84271,18.18269,OV
"Ostrava,Poruba,Bedřicha Nikodéma",49.8434868,18.1820774,OV
"Ostrava,Poruba,Čistírny",49.83916,18.1875362,OV
"Ostrava,Poruba,Čistírny",49.83919,18.1867447,OV
"Ostrava,Poruba,Dílny DP Ostrava",49.8468323,18.1821213,OV
"Ostrava,Poruba,Dílny DP Ostrava",49.8473663,18.1819649,OV
"Ostrava,Poruba,Dílny DP Ostrava",49.8472862,18.1828766,OV
"Ostrava,Poruba,Duha",49.8444481,18.1685619,OV
"Ostrava,Poruba,Duha",49.8447838,18.16891,OV
"Ostrava,Poruba,Fakultní nemocnice",49.82918,18.1629677,OV
"Ostrava,Poruba,Fakultní nemocnice",49.8276062,18.1623287,OV
"Ostrava,Poruba,Hlavní třída",49.83053,18.16401,OV
"Ostrava,Poruba,Ludvíka Podéště",49.84669,18.156,OV
"Ostrava,Poruba,Ludvíka Podéště",49.84696,18.1561012,OV
"Ostrava,Poruba,Opavská",49.8454,18.1509247,OV
"Ostrava,Poruba,Opavská",49.8457832,18.1509113,OV
"Ostrava,Poruba,Splavní",49.82323,18.1608677,OV
"Ostrava,Poruba,Studentská",49.83227,18.15655,OV
"Ostrava,Poruba,Studentská",49.8326263,18.1568279,OV
"Ostrava,Poruba,U nemocnice",49.830513,18.1600761,OV
"Ostrava,Poruba,U nemocnice",49.83074,18.1598568,OV
"Ostrava,Poruba,vozovna",49.83298,18.1737289,OV
"Ostrava,Poruba,vozovna",49.83365,18.1721859,OV
"Ostrava,Poruba,Vřesinská",49.8222,18.1581364,OV
"Ostrava,Poruba,Vřesinská",49.82213,18.1583824,OV
"Ostrava,Poruba,VŠB-TUO",49.83366,18.16557,OV
"Ostrava,Proskovice",49.7517242,18.1973972,OV
"Ostrava,Proskovice",49.7517967,18.19714,OV
"Ostrava,Proskovice,Horní cesta",49.75648,18.2009449,OV
"Ostrava,Proskovice,Horní cesta",49.754055,18.1996918,OV
"Ostrava,Přívoz,Důl Odra",49.8572922,18.2723045,OV
"Ostrava,Přívoz,Důl Odra",49.85772,18.27209,OV
"Ostrava,Přívoz,Hlučínská",49.8603859,18.2639027,OV
"Ostrava,Přívoz,Hlučínská",49.860508,18.2643166,OV
"Ostrava,Přívoz,sad B.Němcové",49.85077,18.2775726,OV
"Ostrava,Přívoz,sad B.Němcové",49.8503571,18.2796478,OV
"Ostrava,Přívoz,sad B.Němcové",49.8517151,18.2802143,OV
"Ostrava,Přívoz,sad B.Němcové",49.8533745,18.27591,OV
"Ostrava,Přívoz,sad B.Němcové",49.8520775,18.2771378,OV
"Ostrava,Pustkovec",49.83849,18.1687984,OV
"Ostrava,Pustkovec",49.8386345,18.1685715,OV
"Ostrava,Pustkovec,Pustkovecká",49.840065,18.1569157,OV
"Ostrava,Pustkovec,Pustkovecká",49.84037,18.15676,OV
"Ostrava,Radvanice,Bajger",49.8065262,18.34122,OV
"Ostrava,Radvanice,Bajger",49.80708,18.3407516,OV
"Ostrava,Radvanice,Fryštátská",49.81216,18.3352623,OV
"Ostrava,Radvanice,Fryštátská",49.8119431,18.3356247,OV
"Ostrava,Radvanice,STAV-IZOL",49.81812,18.31901,OV
"Ostrava,Radvanice,STAV-IZOL",49.81777,18.3193169,OV
"Ostrava,Radvanice,škola",49.8169365,18.3338089,OV
"Ostrava,Radvanice,škola",49.8167877,18.3343887,OV
"Ostrava,Stará Bělá,křiž.",49.7637558,18.2062435,OV
"Ostrava,Stará Bělá,křiž.",49.76372,18.2063446,OV
"Ostrava,Svinov,Fibichova",49.8077965,18.1988583,OV
"Ostrava,Svinov,Fibichova",49.8080864,18.198534,OV
"Ostrava,Svinov,Jelínkova",49.81168,18.1985626,OV
"Ostrava,Svinov,Jelínkova",49.8119125,18.1987514,OV
"Ostrava,Svinov,mosty",49.82432,18.2110367,OV
"Ostrava,Svinov,mosty",49.8234978,18.21054,OV
"Ostrava,Svinov,mosty",49.82409,18.210804,OV
"Ostrava,Svinov,mosty",49.8245468,18.2095814,OV
"Ostrava,Svinov,mosty",49.82405,18.21046,OV
"Ostrava,Svinov,nádraží",49.821312,18.2087021,OV
"Ostrava,Svinov,nádraží",49.8214226,18.20885,OV
"Ostrava,Svinov,nádraží",49.8212128,18.2085514,OV
"Ostrava,Svinov,náměstí",49.81515,18.1970825,OV
"Ostrava,Svinov,náměstí",49.8150368,18.1972084,OV
"Ostrava,Svinov,Přemyšov",49.8061,18.1784344,OV
"Ostrava,Svinov,Přemyšov",49.8058739,18.1779327,OV
"Ostrava,Svinov,škola",49.81835,18.202116,OV
"Ostrava,Svinov,škola",49.81835,18.2018,OV
"Ostrava,Svinov,vysílač",49.81135,18.1934433,OV
"Ostrava,Svinov,vysílač",49.81103,18.1932564,OV
"Ostrava,Vítkovice,Bivojova",49.8075829,18.2728481,OV
"Ostrava,Vítkovice,Bivojova",49.8073578,18.27278,OV
"Ostrava,Vítkovice,Český dům",49.812,18.2738476,OV
"Ostrava,Vítkovice,Český dům",49.81236,18.274,OV
"Ostrava,Vítkovice,Český dům-Místecká",49.8133278,18.2756462,OV
"Ostrava,Vítkovice,Český dům-Místecká",49.81307,18.2751865,OV
"Ostrava,Vítkovice,Dolní Vítkovice",49.8178825,18.2757244,OV
"Ostrava,Vítkovice,Dolní Vítkovice",49.8180847,18.2756557,OV
"Ostrava,Vítkovice,Dolní Vítkovice",49.81848,18.27598,OV
"Ostrava,Vítkovice,Důl Jeremenko",49.8064957,18.2750568,OV
"Ostrava,Vítkovice,Důl Jeremenko",49.8068848,18.2755966,OV
"Ostrava,Vítkovice,Městský stadion",49.80278,18.2591152,OV
"Ostrava,Vítkovice,Městský stadion",49.8011627,18.2556152,OV
"Ostrava,Vítkovice,Mírové nám.",49.81549,18.268364,OV
"Ostrava,Vítkovice,Mírové nám.",49.81522,18.2678814,OV
"Ostrava,Vítkovice,Mírové nám.",49.814373,18.2668114,OV
"Ostrava,Vítkovice,Ocelářská",49.8057861,18.2656078,OV
"Ostrava,Vítkovice,Ocelářská",49.805603,18.2658081,OV
"Ostrava,Vítkovice,Ředitel.Vítkovic",49.80895,18.2534084,OV
"Ostrava,Vítkovice,Ředitel.Vítkovic",49.8074875,18.2501678,OV
"Ostrava,Vítkovice,Štramberská",49.8103371,18.2559128,OV
"Ostrava,Vítkovice,Štramberská",49.8103867,18.2563648,OV
"Ostrava,Vítkovice,U chladičů",49.8146172,18.2736244,OV
"Ostrava,Výškovice,Smrčkova",49.7812538,18.215538,OV
"Ostrava,Výškovice,Smrčkova",49.78138,18.21588,OV
"Ostrava,Výškovice,Staré Výškovice",49.7850533,18.21918,OV
"Ostrava,Výškovice,Staré Výškovice",49.78485,18.219614,OV
"Ostrava,Zábřeh,AVION",49.8017769,18.2271175,OV
"Ostrava,Zábřeh,Kotva",49.7911148,18.2292557,OV
"Ostrava,Zábřeh,Kotva",49.7910461,18.2286415,OV
"Ostrava,Zábřeh,Most Mládeže",49.79849,18.2468472,OV
"Ostrava,Zábřeh,Most Mládeže",49.7982674,18.2475567,OV
"Ostrava,Zábřeh,Rottrův sad",49.80038,18.2531052,OV
"Ostrava,Zábřeh,Shopping Park",49.79957,18.2228565,OV
"Ostrava,Zábřeh,Shopping Park",49.7981339,18.2244186,OV
"Ostrava,Zábřeh,Výškovická",49.79743,18.2318077,OV
"Ostrava,Zábřeh,Výškovická",49.79701,18.2339687,OV
"Ostravice,,aut.st.",49.5374832,18.3934631,FM
"Ostravice,,aut.st.",49.53707,18.3934174,FM
"Ostravice,,Mazák",49.524807,18.4039841,FM
"Ostravice,,Mazák",49.52483,18.4036922,FM
"Ostravice,,Mohelník",49.5592842,18.36764,FM
"Ostravice,,Mohelník",49.5592537,18.367878,FM
"Ostravice,,panelové domy",49.53326,18.396349,FM
"Ostravice,,panelové domy",49.5331535,18.3962822,FM
"Ostravice,,rest.U Tkáčů",49.54863,18.3808727,FM
"Ostravice,,rest.U Tkáčů",49.5502129,18.3799133,FM
"Otice,,kaple",49.91506,17.8689537,OP
"Otice,,Opavská",49.91773,17.8769417,OP
"Otice,,Opavská",49.9173126,17.8763542,OP
"Otice,,Rybníčky rozc.",49.90261,17.8838825,OP
"Otice,,Rybníčky rozc.",49.90392,17.8853149,OP
"Otice,,Rybníčky",49.90445,17.8795567,OP
"Otice,,Rybníčky",49.9044533,17.8796883,OP
"Otice,,střed",49.91567,17.8689938,OP
"Otice,,střed",49.91618,17.86912,OP
"Otice,,škola",49.9168854,17.8703842,OP
"Otice,,škola",49.916893,17.86975,OP
"Otrokovice,,náměstí",49.2080231,17.5361538,ZL
"Otrokovice,,náměstí",49.2080231,17.5361538,ZL
"Palkovice,,Adámek",49.6377945,18.30742,FM
"Palkovice,,centrum",49.63648,18.3181229,FM
"Palkovice,,centrum",49.6366959,18.3182545,FM
"Palkovice,,Dráhy",49.6410751,18.3150425,FM
"Palkovice,,Dráhy",49.64101,18.3150387,FM
"Palkovice,,kopeček",49.62382,18.29006,FM
"Palkovice,,kopeček",49.6238976,18.2899475,FM
"Palkovice,,Osada Široký",49.646553,18.309124,FM
"Palkovice,,Osada Široký",49.64656,18.3092632,FM
"Palkovice,,Podhůří",49.6443062,18.2953758,FM
"Palkovice,,rest.U Kuchařů",49.6285172,18.3023,FM
"Palkovice,,rest.U Kuchařů",49.62814,18.3009319,FM
"Palkovice,,rest.U Tomisů",49.63252,18.3132629,FM
"Palkovice,,rest.U Tomisů",49.6323547,18.3125668,FM
"Palkovice,,stará cesta",49.6439972,18.3245773,FM
"Palkovice,,stará cesta",49.64454,18.3245163,FM
"Palkovice,,Stará osada",49.6539764,18.3087234,FM
"Palkovice,,Stará osada",49.65398,18.3086033,FM
"Palkovice,,Tomis parkoviště",49.6319275,18.3126,FM
"Palkovice,,transformátor",49.6402435,18.3198566,FM
"Palkovice,,transformátor",49.640728,18.32043,FM
"Palkovice,,u Kožuchů",49.6394157,18.2972221,FM
"Palkovice,Myslík,kaple",49.617897,18.27178,FM
"Palkovice,Myslík,kaple",49.6179771,18.2716732,FM
"Palkovice,Myslík,rozhraní",49.6217346,18.2837276,FM
"Palkovice,Myslík,rozhraní",49.6217155,18.2833881,FM
"Palkovice,Myslík,transformátor",49.6127625,18.2653637,FM
"Palkovice,Myslík,transformátor",49.6127968,18.2652283,FM
"Pardubice,,aut.nádr.",50.03463,15.7593937,PA
"Pardubice,,Hlavní nádraží",50.0328255,15.7571192,PA
"Partutovice,,dolní konec",49.624588,17.7033882,PR
"Partutovice,,horní konec",49.63109,17.7080135,PR
"Partutovice,,lyž.vlek",49.6190147,17.7066784,PR
"Paseka,,rozc.",49.79712,17.2219658,OC
"Paseka,,rozc.",49.7971878,17.22202,OC
"Paseka,,rozc.",49.7970238,17.2218513,OC
"Paseka,,sanatorium",49.81083,17.22165,OC
"Paseka,,sanatorium",49.8109627,17.221508,OC
"Paseka,,sanatorium",49.8106956,17.2217636,OC
"Paseka,,VEPA",49.7773552,17.2341518,OC
"Paseka,,VEPA",49.7772331,17.2340527,OC
"Paskov,,autoopravna",49.72387,18.291132,FM
"Paskov,,autoopravna",49.72399,18.2912178,FM
"Paskov,,Biocel aut.st.",49.71605,18.29622,FM
"Paskov,,Biocel",49.718277,18.2970619,FM
"Paskov,,Biocel",49.71836,18.2967453,FM
"Paskov,,dolní most",49.73535,18.2925167,FM
"Paskov,,dolní most",49.7354355,18.2925358,FM
"Paskov,,Folvark",49.7309,18.2998886,FM
"Paskov,,Folvark",49.7306862,18.2994442,FM
"Paskov,,most",49.73427,18.2995243,FM
"Paskov,,most",49.7343979,18.29955,FM
"Paskov,,nadjezd",49.7361221,18.2826519,FM
"Paskov,,nadjezd",49.73604,18.2826843,FM
"Paskov,,náměstí",49.73389,18.291544,FM
"Paskov,,náměstí",49.73389,18.2913952,FM
"Paskov,,podchod",49.7333221,18.2828579,FM
"Paskov,,podchod",49.73309,18.2827148,FM
"Paskov,,Prefa",49.72736,18.27431,FM
"Paskov,,Prefa",49.7274437,18.2742348,FM
"Paskov,,rozc.k dolu",49.7421455,18.2825012,FM
"Paskov,,rozc.k dolu",49.7423477,18.2820568,FM
"Paskov,,sokolovna",49.7316475,18.2899418,FM
"Paskov,,sokolovna",49.73181,18.2889423,FM
"Paskov,,u hřbitova",49.72972,18.28522,FM
"Paskov,,u hřbitova",49.73005,18.2851315,FM
"Paskov,,zámek",49.7324867,18.2927475,FM
"Paskov,,zámek",49.7323837,18.29309,FM
"Paskov,Oprechtice,garáže",49.72565,18.2580261,FM
"Paskov,Oprechtice,garáže",49.7256851,18.2577915,FM
"Paskov,Oprechtice,střed",49.7262268,18.2660027,FM
"Paskov,Oprechtice,střed",49.72628,18.266016,FM
"Pazderna,,kaple",49.70431,18.4351616,FM
"Pazderna,,kaple",49.70434,18.435854,FM
"Pazderna,,Špok",49.697052,18.43547,FM
"Pazderna,,Špok",49.6969872,18.4353428,FM
"Pazderna,,u kříže",49.6904373,18.431242,FM
"Pazderna,,u kříže",49.6905022,18.4311485,FM
"Petrov n.Des.,,ObÚ",50.01618,17.0649071,SU
"Petrov n.Des.,,rozc.k žel.st.",50.0028458,17.0306282,SU
"Petrov n.Des.,,rozc.k žel.st.",50.00271,17.03086,SU
"Petrov n.Des.,,u konečné žel.st.",50.01768,17.0683613,SU
"Petrov n.Des.,,zast.",50.00574,17.04443,SU
"Petrov n.Des.,,zast.",50.00655,17.0460739,SU
"Petrovice u Karv.,,hranice",49.8871841,18.5456562,KA
"Petrovice u Karv.,,hranice",49.887,18.5455627,KA
"Petrovice u Karv.,,Kořec",49.898613,18.52513,KA
"Petrovice u Karv.,,Kořec",49.8985634,18.52485,KA
"Petrovice u Karv.,,Obecní úřad",49.8963737,18.543108,KA
"Petrovice u Karv.,,Obecní úřad",49.8965378,18.5421848,KA
"Petrovice u Karv.,,střed",49.8963242,18.5466175,KA
"Petrovice u Karv.,,střed",49.8962173,18.545784,KA
"Petrovice u Karv.,,U pálenice",49.89739,18.5352345,KA
"Petrovice u Karv.,,U pálenice",49.89748,18.5351715,KA
"Petrovice u Karv.,,žel.st.",49.8945236,18.5468559,KA
"Petrovice u Karv.,,žel.st.",49.8944664,18.5468082,KA
"Petrovice u Karv.,Dolní Markl.,dvůr",49.89091,18.5636444,KA
"Petrovice u Karv.,Dolní Markl.,dvůr",49.8913,18.5626431,KA
"Petrovice u Karv.,Dolní Markl.,kostel",49.89259,18.5667267,KA
"Petrovice u Karv.,Dolní Markl.,Pustky",49.89477,18.5517979,KA
"Petrovice u Karv.,Dolní Markl.,Pustky",49.8946953,18.5517654,KA
"Petrovice u Karv.,Dolní Markl.,rozc.",49.8809738,18.5470181,KA
"Petrovice u Karv.,Dolní Markl.,rozc.",49.8817139,18.54667,KA
"Petrovice u Karv.,Dolní Markl.,škola",49.8822937,18.5501633,KA
"Petrovice u Karv.,Dolní Markl.,škola",49.882267,18.5499382,KA
"Petrovice u Karv.,Prstná,konečná",49.9060135,18.56783,KA
"Petrovice u Karv.,Prstná,Návsí",49.89957,18.5464439,KA
"Petrovice u Karv.,Prstná,Návsí",49.89945,18.5464344,KA
"Petrovice u Karv.,Prstná,Plýtkovec",49.90386,18.5592422,KA
"Petrovice u Karv.,Prstná,Plýtkovec",49.90405,18.5590935,KA
"Petrovice u Karv.,Prstná,rozc.",49.9066963,18.5488319,KA
"Petrovice u Karv.,Prstná,rozc.",49.907135,18.5490875,KA
"Petrovice u Karv.,Prstná,U Hanačky",49.9047737,18.5539,KA
"Petrovice u Karv.,Závada,hřiště",49.90039,18.4984055,KA
"Petrovice u Karv.,Závada,hřiště",49.90048,18.4983349,KA
"Petrovice u Karv.,Závada,konečná",49.89907,18.4898033,KA
"Petrovice u Karv.,Závada,konečná",49.89895,18.4899216,KA
"Petrovice u Karv.,Závada,žel.st.",49.89806,18.5083618,KA
"Petrovice u Karv.,Závada,žel.st.",49.8980026,18.5088921,KA
"Petrovice,,rest.U hájenky",50.22921,17.4451389,BR
"Petrovice,,rozc.",50.2395744,17.4500465,BR
"Petrovice,,rozc.",50.23956,17.4501934,BR
"Petřvald,,Březiny",49.83742,18.4053268,KA
"Petřvald,,Březiny",49.8376846,18.4047413,KA
"Petřvald,,Březiny",49.83874,18.4069023,KA
"Petřvald,,Březiny",49.8388367,18.4067249,KA
"Petřvald,,Důl Fučík 1",49.8190231,18.3772755,KA
"Petřvald,,Dvorek",49.6962051,18.14207,NJ
"Petřvald,,Dvorek",49.69623,18.1420116,NJ
"Petřvald,,Finské domky",49.8157272,18.3983231,KA
"Petřvald,,Finské domky",49.81614,18.3975,KA
"Petřvald,,Hedvika",49.8217239,18.36543,KA
"Petřvald,,Hedvika",49.8218422,18.36505,KA
"Petřvald,,kaple",49.8158,18.371088,KA
"Petřvald,,kaple",49.81551,18.37118,KA
"Petřvald,,kino",49.7063179,18.1500854,NJ
"Petřvald,,kino",49.7062569,18.15023,NJ
"Petřvald,,kino",49.7072067,18.1511745,NJ
"Petřvald,,lékárna",49.82696,18.3736534,KA
"Petřvald,,lékárna",49.82618,18.3722229,KA
"Petřvald,,likérka",49.8168831,18.3745747,KA
"Petřvald,,Na kopci",49.8192253,18.3952541,KA
"Petřvald,,Na kopci",49.8187828,18.3956242,KA
"Petřvald,,nám.",49.7098541,18.1563377,NJ
"Petřvald,,nám.",49.7097626,18.1562462,NJ
"Petřvald,,Parcelace",49.8347473,18.4012527,KA
"Petřvald,,Parcelace",49.8336945,18.400238,KA
"Petřvald,,Pod Sokolovnou",49.8305664,18.3912182,KA
"Petřvald,,Pod Sokolovnou",49.83093,18.3938255,KA
"Petřvald,,pošta",49.8298645,18.3872185,KA
"Petřvald,,pošta",49.8300858,18.3872566,KA
"Petřvald,,pož.zbroj.",49.8432236,18.39932,KA
"Petřvald,,pož.zbroj.",49.8432961,18.398962,KA
"Petřvald,,Pustky",49.8262634,18.3872719,KA
"Petřvald,,Pustky",49.8262444,18.3874016,KA
"Petřvald,,Rekultivace",49.84202,18.40377,KA
"Petřvald,,Rekultivace",49.8424225,18.4038963,KA
"Petřvald,,střed",49.8293571,18.3881931,KA
"Petřvald,,střed",49.8295555,18.3885288,KA
"Petřvald,,škola",49.705513,18.1527519,NJ
"Petřvald,,škola",49.7054634,18.1526451,NJ
"Petřvald,,u Klimků",49.7159653,18.1594238,NJ
"Petřvald,,u Klimků",49.7159729,18.15932,NJ
"Petřvald,,u Ševčíků",49.7117233,18.157,NJ
"Petřvald,,u Ševčíků",49.71171,18.15705,NJ
"Petřvald,,vodárna",49.8133926,18.4026814,KA
"Petřvald,,vodárna",49.813488,18.4028473,KA
"Petřvald,,Vysocký",49.7025375,18.14615,NJ
"Petřvald,,Vysocký",49.7026,18.1463528,NJ
"Petřvald,Petřvaldík,garáže ČSAD",49.72163,18.1353264,NJ
"Petřvald,Petřvaldík,garáže ČSAD",49.7216759,18.1351566,NJ
"Petřvald,Petřvaldík,Zimný důl",49.7276535,18.1411076,NJ
"Petřvald,Petřvaldík,Zimný důl",49.7276764,18.1409187,NJ
"Písečná,,jižní konec",49.56892,18.7886639,FM
"Písečná,,rozc.",50.2726555,17.2508335,JE
"Písečná,,škola",49.5746269,18.7872219,FM
"Písek u Jablunkova,,Kobielusz",49.56107,18.7879,FM
"Písek u Jablunkova,,pož.zbroj.",49.55942,18.8018646,FM
"Písek u Jablunkova,,pož.zbroj.",49.559536,18.80174,FM
"Písek u Jablunkova,,škola",49.56082,18.7964859,FM
"Písek u Jablunkova,,u Módy",49.55801,18.8116741,FM
"Písek u Jablunkova,,u Módy",49.5579071,18.8119888,FM
"Písek,,aut.nádr.",49.2994347,14.1461887,PI
"Píšť,,kostel",49.9784851,18.1970329,OP
"Píšť,,kostel",49.97866,18.1965981,OP
"Píšť,,koupaliště",49.97716,18.18534,OP
"Píšť,,koupaliště",49.9772453,18.18534,OP
"Píšť,,Mýto",49.9756165,18.1794434,OP
"Píšť,,Mýto",49.975563,18.1795521,OP
"Píšť,,Na Pile",49.96793,18.1763325,OP
"Píšť,,Na Pile",49.9679222,18.1762218,OP
"Plzeň,,CAN Husova",49.7460938,13.36316,PM
"Plzeň,,CAN",49.7465324,13.3629789,PM
"Plzeň,,CAN",49.7465324,13.3629789,PM
"Plzeň,,CAN",49.7465324,13.3629789,PM
"Poděbrady,,žel.st.",50.14884,15.12377,NB
"Polom,,pošta",49.5776443,17.8429871,PR
"Polom,,rozc.k žel.st.",49.5765724,17.8569374,PR
"Polom,,rozc.k žel.st.",49.5764847,17.8566532,PR
"Potštát,Lipná,dolní konec",49.67366,17.6909657,PR
"Potštát,Lipná,kaple",49.65962,17.6931686,PR
"Potštát,Lipná,rozc.",49.6590271,17.7050018,PR
"Potštát,Lipná,rozc.",49.65903,17.7048664,PR
"Potštát,Lipná,rozc.",49.6583061,17.704958,PR
"Potštát,Lipná,rozc.",49.6582642,17.70481,PR
"Potštát,Lipná,točna",49.6670341,17.6919422,PR
"Pozlovice,,Lipská",49.12404,17.7947712,ZL
"Pozlovice,,Lipská",49.1239243,17.7942257,ZL
"Pozlovice,,Nad přehradou",49.12067,17.7804375,ZL
"Pozlovice,,Nad přehradou",49.1211052,17.7810936,ZL
"Praha,,Černý Most",50.1090622,14.5770454,AB
"Praha,,Roztyly",50.0380325,14.4763422,AB
"Praha,,ÚAN Florenc",50.0894279,14.4408064,AB
"Praha,,ÚAN Florenc",50.0894279,14.4408064,AB
"Praha,,ÚAN Florenc",50.0894279,14.4408064,AB
"Praha,,ÚAN Florenc",50.0894279,14.4408064,AB
"Praha,,ÚAN Florenc",50.0894279,14.4408064,AB
"Praha,,ÚAN Florenc",50.0894279,14.4408064,AB
"Praha,,ÚAN Florenc",50.0894279,14.4408064,AB
"Praha,,ÚAN Florenc",50.0894279,14.4408064,AB
"Praha,,ÚAN Florenc",50.0894279,14.4408064,AB
"Praha,,ÚAN Florenc",50.0894279,14.4408064,AB
"Praha,,ÚAN Florenc",50.0894279,14.4408064,AB
"Praha,,Želivského",50.07842,14.4742537,AB
"Pražmo,,Obecník",49.6079063,18.4939327,FM
"Pražmo,,Obecník",49.6078339,18.49383,FM
"Prostřední Bečva,,hotel Zavadilka",49.43763,18.2643166,VS
"Prostřední Bečva,,hotel Zavadilka",49.43772,18.2648964,VS
"Prostřední Bečva,,požární dům",49.4371758,18.2523,VS
"Prostřední Bečva,,požární dům",49.43703,18.2525387,VS
"Prostřední Bečva,,Pustevny konečná",49.4871063,18.26431,VS
"Prostřední Bečva,,rozc.Nová",49.43964,18.2376881,VS
"Prostřední Bečva,,rozc.Nová",49.43951,18.2378349,VS
"Prostřední Bečva,,U Šírů",49.44615,18.2515,VS
"Prostřední Bečva,,U Šírů",49.4461479,18.2515545,VS
"Prostřední Bečva,Bacov,škola",49.4535942,18.2528057,VS
"Pržno,,Dolní konec",49.6215858,18.3664227,FM
"Pržno,,Dolní konec",49.62164,18.3663521,FM
"Pržno,,mateřská škola",49.61208,18.3617153,FM
"Pržno,,mateřská škola",49.6122055,18.3615723,FM
"Pržno,,most",49.60844,18.3599281,FM
"Pržno,,most",49.6085625,18.3604565,FM
"Pržno,,rozc.Bystré",49.6088066,18.3616467,FM
"Pržno,,rozc.Bystré",49.6088028,18.3617516,FM
"Pržno,,žel.st.",49.6170235,18.362442,FM
"Pržno,,žel.st.",49.61706,18.3624516,FM
"Přerov,,aut.st.",49.4464073,17.4484367,PR
"Přerov,,aut.st.",49.44654,17.4484463,PR
"Přerov,,aut.st.",49.44677,17.4478149,PR
"Přerov,,aut.st.",49.44677,17.4478149,PR
"Přerov,,Čechova EMOS",49.4518051,17.45627,PR
"Přerov,,Dvořákova",49.45365,17.4657841,PR
"Přerov,,nem.",49.4553146,17.4702644,PR
"Přerov,,nem.",49.45565,17.4717121,PR
"Přerov,Kozlovice,náves",49.4631042,17.4868031,PR
"Přerov,Předmostí,hřbitov",49.4659767,17.4371128,PR
"Příbor,,kolonie",49.62967,18.1388149,NJ
"Příbor,,kolonie",49.6296768,18.1387177,NJ
"Příbor,,Tatra",49.64207,18.1517887,NJ
"Příbor,,Tatra",49.6421547,18.1518841,NJ
"Příbor,,točna",49.6218147,18.1315422,NJ
"Příbor,,točna",49.6218529,18.1314335,NJ
"Příbor,,u kostela",49.6410751,18.1407719,NJ
"Příbor,,u kostela",49.64107,18.1407146,NJ
"Příbor,,u pošty",49.6403923,18.1410885,NJ
"Příbor,,u pošty",49.64037,18.1410465,NJ
"Příbor,,u škol",49.6398849,18.1399288,NJ
"Příbor,,u škol",49.6397476,18.1399078,NJ
"Příbor,,u škol",49.6396332,18.13986,NJ
"Příbor,,u škol",49.6395264,18.1398335,NJ
"Příbor,,u škol",49.6394463,18.1396351,NJ
"Příbor,,u Volného",49.6415062,18.1438713,NJ
"Příbor,,u Volného",49.6415749,18.1441078,NJ
"Příbor,,žel.st.",49.6363564,18.14297,NJ
"Příbor,,žel.st.",49.6366348,18.1429749,NJ
"Příbor,Hájov,Brus",49.6429138,18.1853352,NJ
"Příbor,Hájov,Brus",49.6429,18.1852512,NJ
"Příbor,Hájov,ČSSS",49.6291122,18.1775551,NJ
"Příbor,Hájov,ČSSS",49.62909,18.1774311,NJ
"Příbor,Hájov,kaple",49.63577,18.1907558,NJ
"Příbor,Hájov,kaple",49.6357956,18.1905365,NJ
"Příbor,Hájov,rozc.",49.6458321,18.1846924,NJ
"Příbor,Hájov,rozc.",49.6458168,18.1844826,NJ
"Příbor,Hájov,rozc.",49.64639,18.1827049,NJ
"Příbor,Hájov,rozc.",49.6466675,18.1833477,NJ
"Příbor,Hájov,U Matulů",49.63894,18.18716,NJ
"Příbor,Hájov,U Matulů",49.6388969,18.1872253,NJ
"Příbor,Prchalov,autoservis Jahn",49.64428,18.11128,NJ
"Příbor,Prchalov,autoservis Jahn",49.6443,18.1110744,NJ
"Příbor,Prchalov,u Bönischů",49.6504059,18.1283054,NJ
"Příbor,Prchalov,u Bönischů",49.6504364,18.12827,NJ
"Příbor,Prchalov,U Simprů",49.6480942,18.12161,NJ
"Příbor,Prchalov,U Simprů",49.6478577,18.1214638,NJ
"Příbram,,aut.nádr.",49.6901,14.0031166,PB
"Pstruží,,dubina",49.56506,18.3437252,FM
"Pstruží,,dubina",49.5650253,18.34376,FM
"Pstruží,,Milata",49.5762672,18.3329067,FM
"Pstruží,,Milata",49.5768127,18.3328838,FM
"Pstruží,,pož.zbroj.",49.56753,18.3316765,FM
"Pstruží,,pož.zbroj.",49.5675621,18.33174,FM
"Pstruží,,pož.zbroj.",49.5675621,18.3316956,FM
"Pstruží,,rozc.Frýdlant",49.56381,18.35221,FM
"Pstruží,,rozc.Frýdlant",49.5639343,18.3521614,FM
"Pstruží,,sever",49.5731468,18.3296986,FM
"Pstruží,,sever",49.5731773,18.32984,FM
"Pstruží,,škola",49.5654068,18.3357735,FM
"Pstruží,,škola",49.5653839,18.33567,FM
"Pstruží,,Žáček",49.56437,18.3521175,FM
"Pstruží,,Žáček",49.5643272,18.3520718,FM
"Pustá Polom,,aut.st.",49.8500252,18.0015564,OP
"Pustá Polom,,Nový Dvůr",49.83794,18.0210838,OP
"Pustá Polom,,Nový Dvůr",49.83789,18.0210323,OP
"Pustá Polom,,Podvihovský mlýnek",49.8774147,17.9878349,OP
"Pustá Polom,,škola",49.8494225,17.9978828,OP
"Pustá Polom,,škola",49.8493843,17.9982224,OP
"Pustějov,,pošta",49.70046,18.0034714,NJ
"Pustějov,,rozc.Bílovec",49.70402,17.9976044,NJ
"Pustějov,,rozc.Bílovec",49.7040825,17.9976254,NJ
"Radkov,,has.zbroj.",49.82198,17.76921,OP
"Radkov,,has.zbroj.",49.8218842,17.76929,OP
"Radkov,,rest.",49.8273659,17.7710838,OP
"Radkov,,rest.",49.8273659,17.7712917,OP
"Radkov,Dubová",49.81387,17.770752,OP
"Radkov,Dubová",49.81383,17.7706318,OP
"Radslavice,,náves",49.4773026,17.5162411,PR
"Raduň,,Jednota",49.8950272,17.9400921,OP
"Raduň,,Jednota",49.89347,17.9419479,OP
"Raduň,,škola",49.8910332,17.94057,OP
"Raduň,,škola",49.89113,17.9405365,OP
"Rapotín,,u hřiště",49.9997177,17.0166645,SU
"Rapotín,,u hřiště",50.00001,17.0173569,SU
"Raškovice,,hotel Ondráš",49.6102448,18.4850368,FM
"Raškovice,,kaple",49.61649,18.4773769,FM
"Raškovice,,kaple",49.6164856,18.477644,FM
"Raškovice,,Klimánek",49.63763,18.441328,FM
"Raškovice,,Klimánek",49.6377525,18.4412689,FM
"Raškovice,,Na Kaluži",49.6013145,18.4761047,FM
"Raškovice,,Na Kaluži",49.60132,18.4759655,FM
"Raškovice,,Na pasekách",49.6069145,18.4620724,FM
"Raškovice,,Na pasekách",49.6069832,18.4620876,FM
"Raškovice,,pošta",49.6222763,18.46696,FM
"Raškovice,,pošta",49.6223259,18.4671249,FM
"Raškovice,,restaurace",49.626133,18.4564667,FM
"Raškovice,,restaurace",49.6259651,18.4565582,FM
"Raškovice,,škola",49.6193,18.4750347,FM
"Raškovice,,škola",49.61921,18.47513,FM
"Raškovice,,Trávníky",49.6085129,18.4549065,FM
"Raškovice,,Trávníky",49.608593,18.4548016,FM
"Raškovice,,u mostu",49.6072922,18.47605,FM
"Raškovice,,u mostu",49.6073341,18.476038,FM
"Raškovice,,u Stříže",49.6323051,18.44722,FM
"Raškovice,,u Stříže",49.6321564,18.4470615,FM
"Raškovice,,Výparek",49.60768,18.44823,FM
"Raškovice,,Výparek",49.6077423,18.4481544,FM
"Razová,,Bártek",49.94825,17.5404282,BR
"Razová,,Bártek",49.9482346,17.54054,BR
"Razová,,kaple",49.9534035,17.545536,BR
"Razová,,kino",49.9228325,17.525486,BR
"Razová,,kino",49.92283,17.52542,BR
"Razová,,rest.",49.9179764,17.5259514,BR
"Razová,,škola",49.9320564,17.5317078,BR
"Razová,,škola",49.9319534,17.5319633,BR
"Razová,,u Zaoralů",49.9402,17.5389481,BR
"Razová,,u Zaoralů",49.9401627,17.5391045,BR
"Rohov,,křiž.",50.0148125,18.0671387,OP
"Rohov,,křiž.",50.0158272,18.0684357,OP
"Rohov,,rest.",50.0154533,18.07185,OP
"Rohov,,rest.",50.0155258,18.0716419,OP
"Rokycany,,aut.nádr.",49.74112,13.5908642,RO
"Ropice,,centrum",49.7069435,18.6154232,FM
"Ropice,,centrum",49.70704,18.6155682,FM
"Ropice,,pošta",49.6963348,18.6131821,FM
"Ropice,,pošta",49.6960945,18.61294,FM
"Ropice,,škola",49.70152,18.6141815,FM
"Ropice,,škola",49.7013779,18.61401,FM
"Ropice,,u cihelny",49.69025,18.6119022,FM
"Ropice,,u cihelny",49.69021,18.6117229,FM
"Ropice,,u Kišů",49.6743774,18.5895672,FM
"Ropice,,u Kišů",49.6744423,18.5896873,FM
"Ropice,,u mlýna",49.715107,18.6188641,FM
"Ropice,,u mlýna",49.71559,18.6189423,FM
"Ropice,,žel.st.",49.71239,18.61719,FM
"Ropice,,žel.st.",49.71227,18.61697,FM
"Roudno,,kostel",49.8962173,17.5134144,BR
"Roudno,,kostel",49.8962822,17.5133228,BR
"Roudno,,rozc.",49.8918343,17.5096436,BR
"Roudno,,rozc.",49.8919945,17.5096035,BR
"Roudno,,točna",49.8996773,17.5189629,BR
"Roudno,,Volárna",49.8914032,17.48612,BR
"Roudno,,Volárna",49.89127,17.4862976,BR
"Rožnov p.Radh.,,aut.st.",49.4599571,18.13455,VS
"Rožnov p.Radh.,,aut.st.",49.4599571,18.13455,VS
"Rožnov p.Radh.,,aut.st.",49.45998,18.13406,VS
"Rožnov p.Radh.,,aut.st.",49.4599724,18.1352043,VS
"Rožnov p.Radh.,,aut.st.",49.460125,18.1356716,VS
"Rožnov p.Radh.,,aut.st.",49.4599571,18.13455,VS
"Rožnov p.Radh.,,Knihovna",49.46245,18.1433144,VS
"Rožnov p.Radh.,,Knihovna",49.46243,18.1436253,VS
"Rožnov p.Radh.,,kopeček",49.4772873,18.16514,VS
"Rožnov p.Radh.,,kopeček",49.47725,18.1652241,VS
"Rožnov p.Radh.,,Na Kopově",49.4969559,18.18215,VS
"Rožnov p.Radh.,,Na Kopově",49.49705,18.1825,VS
"Rožnov p.Radh.,,Pod Pindulí",49.4943352,18.1760082,VS
"Rožnov p.Radh.,,Pod Pindulí",49.4943047,18.1760674,VS
"Rožnov p.Radh.,,rest.U eroplánu",49.4656,18.1553936,VS
"Rožnov p.Radh.,,rest.U eroplánu",49.4662247,18.1574917,VS
"Rožnov p.Radh.,,rest.U eroplánu",49.4655151,18.15898,VS
"Rožnov p.Radh.,,U Janoštíků",49.48235,18.1691456,VS
"Rožnov p.Radh.,,U Janoštíků",49.48255,18.1693954,VS
"Rožnov p.Radh.,Horní Paseky,křížek",49.4727821,18.1620216,VS
"Rožnov p.Radh.,Horní Paseky,křížek",49.47337,18.162508,VS
"Rudná p.Prad.,,dolní I",50.02664,17.3871784,BR
"Rudná p.Prad.,,dolní I",50.0265,17.3871651,BR
"Rudná p.Prad.,,horní",50.0163841,17.3683929,BR
"Rudná p.Prad.,,horní",50.0164452,17.3687057,BR
"Rudná p.Prad.,,kult.dům",50.01963,17.3769016,BR
"Rudná p.Prad.,,kult.dům",50.01973,17.37715,BR
"Rudná p.Prad.,Nová Rudná",50.0198746,17.3444843,BR
"Rudná p.Prad.,Nová Rudná",50.0199165,17.3445358,BR
Rusín,50.2097931,17.7356434,BR
Rusín,50.2098656,17.7355652,BR
"Rusín,Hrozová",50.20714,17.7151642,BR
"Rusín,Hrozová",50.20718,17.715126,BR
"Rusín,Matějovice",50.23522,17.7510357,BR
"Rusín,Matějovice",50.2352066,17.7511044,BR
"Rybí,,Fojtství",49.6010361,18.0776978,NJ
"Rybí,,Fojtství",49.60113,18.0781689,NJ
"Rybí,,horní",49.5982857,18.070982,NJ
"Rybí,,horní",49.5983467,18.0710831,NJ
"Rybí,,u Hanzelků",49.5992,18.0835476,NJ
"Rybí,,u Hanzelků",49.599144,18.0835152,NJ
"Rychvald,,Autopal",49.87084,18.3517685,KA
"Rychvald,,Děl.dům",49.8562775,18.3933849,KA
"Rychvald,,Děl.dům",49.8563538,18.3934669,KA
"Rychvald,,Městský úřad",49.8667755,18.3759041,KA
"Rychvald,,Městský úřad",49.866703,18.3757858,KA
"Rychvald,,rest.U cesty",49.87709,18.3802586,KA
"Rychvald,,rest.U cesty",49.87783,18.3808327,KA
"Rychvald,,rozc.",49.88248,18.383276,KA
"Rychvald,,rozc.",49.88305,18.3832932,KA
"Rychvald,,rozc.",49.882885,18.3836269,KA
"Rychvald,,sídliště",49.8726921,18.3776,KA
"Rychvald,,sídliště",49.87279,18.3779068,KA
"Rychvald,,Skříšovský",49.86741,18.36098,KA
"Rychvald,,Skříšovský",49.8672371,18.3608,KA
"Rychvald,,U Heřmánků",49.8495178,18.3927479,KA
"Rychvald,,U Heřmánků",49.8491478,18.3923512,KA
"Rychvald,,u závor",49.8643341,18.3868141,KA
"Rychvald,,u závor",49.8641968,18.3867,KA
"Rychvald,,zámek",49.8652954,18.3527927,KA
"Rychvald,,zámek",49.8653221,18.35229,KA
"Rýmařov,,8.května křiž.",49.9342079,17.2768555,BR
"Rýmařov,,8.května křiž.",49.9342728,17.2768288,BR
"Rýmařov,,8.května RD",49.9322357,17.2859631,BR
"Rýmařov,,8.května RD",49.93237,17.2855549,BR
"Rýmařov,,aut.st.",49.9304924,17.27451,BR
"Rýmařov,,aut.st.",49.9305153,17.2747078,BR
"Rýmařov,,aut.st.",49.93055,17.2749271,BR
"Rýmařov,,aut.st.",49.9303856,17.27453,BR
"Rýmařov,,aut.st.",49.9304161,17.27474,BR
"Rýmařov,,aut.st.",49.9304466,17.27497,BR
"Rýmařov,,GP závod",49.9312,17.2974873,BR
"Rýmařov,,GP závod",49.93119,17.2975159,BR
"Rýmařov,,Hornoměstská KB",49.93236,17.2680111,BR
"Rýmařov,,Hornoměstská KB",49.932457,17.2676582,BR
"Rýmařov,,Hornoměstská nemocnice",49.9310722,17.263134,BR
"Rýmařov,,Hornoměstská nemocnice",49.93112,17.2631283,BR
"Rýmařov,,Opavská Hedva",49.9353676,17.2777462,BR
"Rýmařov,,Opavská Hedva",49.93531,17.2777138,BR
"Rýmařov,,RD dopravní závod",49.9312553,17.2935028,BR
"Rýmařov,,Sokolovská KB",49.9331055,17.26759,BR
"Rýmařov,,Sokolovská KB",49.9330864,17.267767,BR
"Rýmařov,,STS",49.9328346,17.3063774,BR
"Rýmařov,,STS",49.93267,17.3060913,BR
"Rýmařov,,tř.Hrdinů",49.92999,17.2803917,BR
"Rýmařov,,tř.Hrdinů",49.929863,17.28065,BR
"Rýmařov,,závod RD",49.93337,17.2872028,BR
"Rýmařov,,závod RD",49.9332924,17.2868023,BR
"Rýmařov,,žel.st.",49.9299545,17.2842274,BR
"Rýmařov,Edrovice",49.94113,17.2601128,BR
"Rýmařov,Edrovice",49.940712,17.2610283,BR
"Rýmařov,Jamartice,hřbitov",49.9411926,17.3216877,BR
"Rýmařov,Jamartice,hřbitov",49.9420547,17.32356,BR
"Rýmařov,Jamartice,rest.",49.9374771,17.32061,BR
"Rýmařov,Jamartice,rest.",49.93797,17.3217564,BR
"Rýmařov,Janovice,Dětský domov",49.94383,17.2562389,BR
"Rýmařov,Janovice,Dětský domov",49.94387,17.2562885,BR
"Rýmařov,Janovice,křiž.Růžová",49.9542656,17.24471,BR
"Rýmařov,Janovice,křiž.Růžová",49.9540825,17.2450733,BR
"Rýmařov,Janovice,zámek",49.9476242,17.25136,BR
"Rýmařov,Janovice,zámek",49.94769,17.25146,BR
"Rýmařov,Ondřejov,bytovky",49.9187241,17.2856865,BR
"Rýmařov,Ondřejov,točna",49.91579,17.2878132,BR
"Rýmařov,Stránské,Polesí",49.89623,17.3068619,BR
"Rýmařov,Stránské,Polesí",49.8961525,17.3067951,BR
"Ryžoviště,,nám.",49.8752556,17.3590069,BR
"Ryžoviště,,nám.",49.8753967,17.3589973,BR
"Ryžoviště,,nám.",49.8752365,17.3590832,BR
"Řeka,,hotel Řeka",49.641037,18.5712776,FM
"Řeka,,konečná",49.616848,18.5818214,FM
"Řeka,,pila",49.6239052,18.5756435,FM
"Řeka,,pila",49.6242256,18.5752831,FM
"Řeka,,restaurace",49.63075,18.5734348,FM
"Řepiště,,Pod dvorem",49.7419319,18.3123989,FM
"Řepiště,,Pod dvorem",49.7415352,18.3127613,FM
"Řepiště,,u kříže",49.73214,18.3198242,FM
"Řepiště,,u kříže",49.73179,18.31971,FM
"Řepiště,,u školy",49.7360878,18.3179436,FM
"Řepiště,,u školy",49.7362862,18.3175735,FM
"Řepiště,,žel.st.Paskov",49.7360458,18.3036671,FM
"Sedliště,,Černá zem",49.71232,18.3677235,FM
"Sedliště,,Černá zem",49.7121048,18.36763,FM
"Sedliště,,dolní konec",49.7209854,18.3510056,FM
"Sedliště,,kaple",49.7296143,18.36435,FM
"Sedliště,,kaple",49.7295761,18.3642025,FM
"Sedliště,,pošta",49.71785,18.3686485,FM
"Sedliště,,pošta",49.7190475,18.3689175,FM
"Sedliště,,pošta",49.7183037,18.3696175,FM
"Sedliště,,škola",49.718708,18.3662281,FM
"Sedliště,,U Řepišťského lesa",49.723465,18.3449211,FM
"Sedliště,,U Řepišťského lesa",49.72339,18.3449688,FM
"Sedlnice,,Borovec",49.63639,18.0972424,NJ
"Sedlnice,,Borovec",49.6363144,18.0967579,NJ
"Sedlnice,,ČSSS",49.683033,18.0797768,NJ
"Sedlnice,,ČSSS",49.6829643,18.0799637,NJ
"Sedlnice,,Jednota",49.6711922,18.0847111,NJ
"Sedlnice,,Jednota",49.6712265,18.0850716,NJ
"Sedlnice,,obecní úřad",49.65871,18.0872555,NJ
"Sedlnice,,obecní úřad",49.6586456,18.087,NJ
"Sedlnice,,rozc.Bartošovice",49.66124,18.0859146,NJ
"Sedlnice,,rozc.Bartošovice",49.6614876,18.0859528,NJ
"Sedlnice,,škola",49.6442375,18.0921955,NJ
"Sedlnice,,škola",49.64422,18.0920525,NJ
"Sedlnice,,u Čuntů",49.6512833,18.08931,NJ
"Sedlnice,,u Čuntů",49.6515121,18.0895119,NJ
"Sedlnice,,ZD",49.63748,18.09779,NJ
"Sedlnice,,ZD",49.63764,18.0977859,NJ
"Sedlnice,,žel.st.",49.6743736,18.1042385,NJ
"Skotnice,,mlýn",49.652813,18.1394272,NJ
"Skotnice,,mlýn",49.6526566,18.1384811,NJ
"Skotnice,,na dálnici",49.6546936,18.1387138,NJ
"Skotnice,,na dálnici",49.65512,18.1386948,NJ
"Skotnice,,pož.zbroj.",49.6572952,18.1340179,NJ
"Skotnice,,pož.zbroj.",49.65738,18.13386,NJ
"Skotnice,,Skorotín",49.6667633,18.1374435,NJ
"Skotnice,,Skorotín",49.6667938,18.13756,NJ
"Skotnice,,Stikovec",49.6603165,18.13832,NJ
"Skotnice,,Stikovec",49.6603279,18.1382141,NJ
"Skřipov,,hájenka Mostky",49.8298759,17.9142113,OP
"Skřipov,,hájenka Mostky",49.8298645,17.9141388,OP
"Skřipov,,U Kostela",49.8191757,17.9105473,OP
"Skřipov,,U Kostela",49.81915,17.9104214,OP
"Skřipov,Hrabství,rest.",49.8199234,17.94895,OP
"Skřipov,Hrabství,rest.",49.8198853,17.9492073,OP
"Skřipov,Hrabství,točna",49.8200531,17.945488,OP
"Skřipov,Hrabství,točna",49.8200378,17.9453964,OP
Slatina,49.7897644,17.9794044,NJ
Slatina,49.78977,17.9795551,NJ
"Slatina,,u skály",49.78323,17.9680843,NJ
"Slatina,,u skály",49.783287,17.9681225,NJ
"Slatina,Nový Svět",49.79114,17.9956245,NJ
"Slatina,Nový Svět",49.7911568,17.99591,NJ
Slavkov,49.9220772,17.8365917,OP
"Slavkov,,Černá cesta",49.92221,17.8479729,OP
"Slavkov,,Černá cesta",49.922245,17.8477325,OP
"Slavkov,,Latarna",49.9269333,17.8634338,OP
"Slavkov,,Latarna",49.9275131,17.8647861,OP
"Slavkov,,škola",49.919075,17.8363914,OP
"Slavkov,,škola",49.9189262,17.83624,OP
"Slavkov,,u areálu",49.921,17.8424129,OP
"Slavkov,,u areálu",49.9209633,17.8431854,OP
"Slavkov,,Zámecká",49.9186,17.8333855,OP
Slezské Pavlovice,50.3098259,17.7004337,BR
"Slezské Rudoltice,,nám.",50.20502,17.6890011,BR
"Slezské Rudoltice,,nám.",50.20491,17.6890774,BR
"Slezské Rudoltice,,u kostela",50.2075768,17.6781712,BR
"Slezské Rudoltice,,u kostela",50.20745,17.6778927,BR
"Slezské Rudoltice,Amalín,žel.st.",50.2158165,17.6631527,BR
"Slezské Rudoltice,Amalín,žel.st.",50.21579,17.6631031,BR
"Slezské Rudoltice,Koberno,točna",50.2199059,17.7047634,BR
"Slezské Rudoltice,Víno",50.19054,17.65145,BR
"Služovice,,obecní úřad",49.98925,17.9949684,OP
"Služovice,,obecní úřad",49.9887238,17.9952,OP
"Služovice,,škola",49.9896622,18.0001163,OP
"Služovice,,škola",49.9896965,17.99981,OP
"Služovice,Vrbka,točna",49.985508,18.013382,OP
"Smilovice,,pošta",49.6613731,18.5718632,FM
"Smilovice,,u jezu",49.6713562,18.5750961,FM
"Smilovice,,u jezu",49.6710968,18.57485,FM
"Smilovice,,u myslivecké chaty",49.6519356,18.5717239,FM
"Soběšovice,,Na husarůvce",49.72858,18.46227,FM
"Soběšovice,,Na husarůvce",49.7281,18.4626522,FM
"Soběšovice,,Pitrov",49.7335243,18.4563274,FM
"Soběšovice,,Pitrov",49.73323,18.4563217,FM
"Sobotín,,koliba",50.0161133,17.0802288,SU
"Sobotín,,koliba",50.01581,17.0805035,SU
"Sobotín,,u kostela",50.00797,17.0910988,SU
"Sobotín,,u kostela",50.0076523,17.0910568,SU
"Sobotín,Klepáčov,rekr.stř.",50.00751,17.1345673,SU
"Sobotín,Klepáčov,rekr.stř.",50.00669,17.1338749,SU
"Sobotín,Rudoltice,lesní školka",50.0122643,17.1502075,SU
"Sobotín,Rudoltice,lesní školka",50.01216,17.15007,SU
"Sobotín,Rudoltice,motorest Skřítek",49.998867,17.15476,SU
"Sobotín,Rudoltice,motorest Skřítek",49.9987335,17.1544914,SU
"Sobotín,Rudoltice,myslivna",49.9918327,17.1251221,SU
"Sobotín,Rudoltice,Rychta",49.9895859,17.10123,SU
"Sobotín,Rudoltice,Rychta",49.9891853,17.1014862,SU
"Sosnová,,Obecní úřad",49.99884,17.6623573,OP
"Sosnová,,Obecní úřad",49.9988022,17.6630154,OP
"Sosnová,,Obecní úřad",49.99873,17.6629448,OP
"Spálov,,dolní konec",49.7042847,17.7291279,NJ
"Spálov,,dolní konec",49.70432,17.7294617,NJ
"Spálov,,Na Kocandě",49.69966,17.7149715,NJ
"Spálov,,Na Kocandě",49.7002029,17.71534,NJ
"Spálov,,obecní úřad",49.7040977,17.7219887,NJ
"Spálov,,obecní úřad",49.7039642,17.7217426,NJ
"Spálov,,pod kopcem",49.7010574,17.7343082,NJ
"Spálov,,pod kopcem",49.70158,17.7337589,NJ
"Stará Ves n.Ondř.,,křiž.",49.72676,18.195015,OV
"Stará Ves n.Ondř.,,křiž.",49.726963,18.1955624,OV
"Stará Ves n.Ondř.,,Na drahách",49.7265,18.1935844,OV
"Stará Ves n.Ondř.,,Na drahách",49.7269974,18.1936131,OV
"Stará Ves n.Ondř.,,Na hůře",49.7139969,18.2067738,OV
"Stará Ves n.Ondř.,,Na hůře",49.714592,18.206316,OV
"Stará Ves n.Ondř.,,Pod Hůrkou",49.7285767,18.1819153,OV
"Stará Ves n.Ondř.,,Pod Hůrkou",49.728653,18.1808472,OV
"Stará Ves n.Ondř.,,pošta",49.72839,18.187542,OV
"Stará Ves n.Ondř.,,pošta",49.7285919,18.1872883,OV
"Stará Ves n.Ondř.,,u dubu",49.72132,18.1995811,OV
"Stará Ves n.Ondř.,,u dubu",49.7213745,18.1996269,OV
"Stará Ves n.Ondř.,Košatka,M.Košatka",49.7333641,18.1627769,OV
"Stará Ves n.Ondř.,Košatka,M.Košatka",49.7334557,18.1627388,OV
"Stará Ves n.Ondř.,Košatka,u mostu",49.7345238,18.1670437,OV
"Stará Ves n.Ondř.,Košatka,u mostu",49.734623,18.1667862,OV
"Stará Ves n.Ondř.,Košatka,V.Košatka",49.73249,18.14947,OV
"Stará Ves n.Ondř.,Košatka,V.Košatka",49.73261,18.1495838,OV
"Stará Ves,,Anenská Huť",49.9729,17.2278328,BR
"Stará Ves,,Anenská Huť",49.9729538,17.2278919,BR
"Stará Ves,,pila",49.97207,17.22991,BR
"Stará Ves,,pila",49.97207,17.2297153,BR
"Stará Ves,,škola",49.9586754,17.2369041,BR
"Stará Ves,,turbína",49.96656,17.2374973,BR
"Stará Ves,,turbína",49.9668236,17.2374668,BR
"Stará Ves,Žďárský Potok,Jednota",49.9697151,17.207655,BR
"Stará Ves,Žďárský Potok,Jednota",49.9698524,17.2070751,BR
"Stará Ves,Žďárský Potok,točna",49.97313,17.2167549,BR
"Stará Ves,Žďárský Potok,točna",49.9732246,17.2167816,BR
"Staré Hamry,,hotel Ostravačka",49.4657249,18.4463024,FM
"Staré Hamry,,hotel Ostravačka",49.4655075,18.44651,FM
"Staré Hamry,,most",49.4606361,18.4538078,FM
"Staré Hamry,,most",49.4607353,18.4538364,FM
"Staré Hamry,,most",49.46123,18.4531231,FM
"Staré Hamry,,most",49.461235,18.4530354,FM
"Staré Hamry,,rozc.Černá",49.4557076,18.46811,FM
"Staré Hamry,,rozc.Černá",49.45559,18.46803,FM
"Staré Hamry,,rozc.Černá",49.45511,18.4687233,FM
"Staré Hamry,,rozc.Černá",49.4551659,18.4686432,FM
"Staré Hamry,,rozc.Gruň",49.48148,18.4519272,FM
"Staré Hamry,,rozc.Gruň",49.4814262,18.4519749,FM
"Staré Hamry,,Stýskalonka",49.47596,18.4402866,FM
"Staré Hamry,,Stýskalonka",49.47596,18.4402866,FM
"Staré Hamry,,u kostela",49.4722824,18.4455566,FM
"Staré Hamry,,u kostela",49.47242,18.445652,FM
"Staré Hamry,,Velký potok",49.4783325,18.4248714,FM
"Staré Hamry,,Velký potok",49.4790154,18.4250565,FM
"Staré Hamry,Jamník",49.48308,18.4551373,FM
"Staré Hamry,Samčanka,Obecní úřad",49.46765,18.4331856,FM
"Staré Hamry,Samčanka,Obecní úřad",49.4683151,18.4333878,FM
"Staré Heřminovy,,obecní úřad",49.9332,17.6254959,BR
"Staré Heřminovy,,obecní úřad",49.93306,17.6255,BR
"Staré Město,,Na Skotni",49.66784,18.3737431,FM
"Staré Město,,Na Skotni",49.66793,18.373724,FM
"Staré Město,,střed",49.6685562,18.36521,FM
"Staré Město,,střed",49.6688347,18.3651123,FM
"Staré Město,,škola",50.0036278,17.43226,BR
"Staré Město,,škola",50.0037766,17.431778,BR
"Staré Město,,u hřbitova",49.6639938,18.3678932,FM
"Staré Město,,u hřbitova",49.66421,18.3676758,FM
"Staré Město,,u kaštanu",50.00779,17.4228573,BR
"Staré Město,,u kaštanu",50.00789,17.4228611,BR
"Staré Město,,Větrovan",50.0098228,17.4279366,BR
"Staré Město,,zastávka",50.0022964,17.4401684,BR
"Staré Město,,zastávka",50.0024261,17.44011,BR
"Staré Město,,Zbytky",49.6551132,18.3696327,FM
"Staré Město,,Zbytky",49.654953,18.3695259,FM
"Staré Město,Nová Véska,pálenice",50.0142021,17.4093876,BR
"Staré Město,Nová Véska,pálenice",50.0143661,17.4090576,BR
"Staré Těchanovice,,dol.konec",49.81866,17.6846428,OP
"Staré Těchanovice,,dol.konec",49.8187561,17.6846943,OP
"Staré Těchanovice,,kostel",49.81765,17.6939163,OP
"Staré Těchanovice,,kostel",49.8176,17.6942253,OP
"Staré Těchanovice,,lihovar",49.8267174,17.6841125,OP
"Staré Těchanovice,,lihovar",49.8267441,17.68426,OP
"Staré Těchanovice,Jánské Koupele",49.8348846,17.7061558,OP
"Staré Těchanovice,Jánské Koupele",49.8349571,17.7062817,OP
"Starý Jičín,,Na Vsetíně",49.5752945,17.94773,NJ
"Starý Jičín,,Na Vsetíně",49.57523,17.9477463,NJ
"Starý Jičín,,nám.",49.57685,17.9597015,NJ
"Starý Jičín,,nám.",49.5769157,17.96033,NJ
"Starý Jičín,,škola",49.57572,17.96556,NJ
"Starý Jičín,,škola",49.57608,17.9665165,NJ
"Starý Jičín,Dub,rest.",49.57197,17.8823547,NJ
"Starý Jičín,Dub,rest.",49.5721779,17.8819847,NJ
"Starý Jičín,Heřmanice,rozc.",49.5733528,17.8763123,NJ
"Starý Jičín,Heřmanice,rozc.",49.5734138,17.8762074,NJ
"Starý Jičín,Heřmanice,točna",49.55944,17.8636742,NJ
"Starý Jičín,Janovice,křiž.",49.5604324,17.9504452,NJ
"Starý Jičín,Janovice,křiž.",49.56049,17.9504929,NJ
"Starý Jičín,Jičína,kaple",49.57153,17.9622612,NJ
"Starý Jičín,Jičína,kaple",49.57159,17.9622116,NJ
"Starý Jičín,Palačov,rest.",49.550312,17.9202843,NJ
"Starý Jičín,Petřkovice",49.5468826,17.95041,NJ
"Starý Jičín,Petřkovice",49.5469246,17.95029,NJ
"Starý Jičín,Starojická Lhota,pož.zbroj",49.57339,17.9174957,NJ
"Starý Jičín,Starojická Lhota,pož.zbroj",49.5735054,17.9172764,NJ
"Starý Jičín,Starojická Lhota,u hřiště",49.5715828,17.9125423,NJ
"Starý Jičín,Starojická Lhota,u hřiště",49.5714035,17.9122829,NJ
"Starý Jičín,Vlčnov,rozc.",49.58302,17.95104,NJ
"Starý Jičín,Vlčnov,rozc.",49.583168,17.9508877,NJ
"Staříč,,kostel",49.6868134,18.2739544,FM
"Staříč,,kostel",49.6863327,18.272543,FM
"Staříč,,mlýn",49.6906738,18.2947216,FM
"Staříč,,mlýn",49.6906624,18.29437,FM
"Staříč,,Na Kútách",49.68383,18.244173,FM
"Staříč,,Na Kútách",49.68376,18.24345,FM
"Staříč,,transformátor",49.68857,18.2867622,FM
"Staříč,,transformátor",49.6886253,18.286068,FM
"Staříč,,u Brunclíků",49.6840172,18.2604084,FM
"Staříč,,u Brunclíků",49.68415,18.260622,FM
"Staříč,,u Hejdrycha",49.6873055,18.2804546,FM
"Staříč,,u Hejdrycha",49.68745,18.280344,FM
"Staříč,,u Míčků",49.68365,18.2524052,FM
"Staříč,,u Míčků",49.68358,18.2522755,FM
"Stěbořice,,střed",49.9380722,17.8088226,OP
"Stěbořice,,střed",49.93826,17.8094025,OP
"Stěbořice,,škola",49.93992,17.8137455,OP
"Stěbořice,,škola",49.94003,17.8142223,OP
"Stěbořice,,ZD",49.9369469,17.8044987,OP
"Stěbořice,,ZD",49.9368935,17.8046074,OP
"Stěbořice,Jamnice,rybník",49.9602356,17.7885056,OP
"Stěbořice,Jamnice,rybník",49.9601364,17.7885227,OP
"Stěbořice,Nový Dvůr,ARBORETUM",49.9324,17.77037,OP
"Stěbořice,Nový Dvůr,ARBORETUM",49.93236,17.7697754,OP
"Stěbořice,Nový Dvůr,Březová u Řehulky",49.9457321,17.7687531,OP
"Stěbořice,Nový Dvůr,Březová u Řehulky",49.9458,17.7688046,OP
"Stěbořice,Nový Dvůr,Březová",49.948,17.7779255,OP
"Stěbořice,Nový Dvůr,Březová",49.94804,17.7779617,OP
"Stonava,,Bonkov rozcestí",49.82456,18.5345058,KA
"Stonava,,Bonkov rozcestí",49.82424,18.53431,KA
"Stonava,,Bonkov",49.8190041,18.5352783,KA
"Stonava,,Bonkov",49.8192978,18.5352612,KA
"Stonava,,Dělnický dům",49.81335,18.5364132,KA
"Stonava,,Dělnický dům",49.8152924,18.5359783,KA
"Stonava,,Důl ČSM-Jih",49.80269,18.5534859,KA
"Stonava,,Důl ČSM-Jih",49.80257,18.5534382,KA
"Stonava,,Důl ČSM-Jih",49.8027153,18.553278,KA
"Stonava,,Důl ČSM-Jih",49.8026161,18.55322,KA
"Stonava,,Důl ČSM-Jih",49.8027344,18.5531883,KA
"Stonava,,Důl ČSM-Sever",49.8152847,18.5480824,KA
"Stonava,,Důl ČSM-Sever",49.8152771,18.5478783,KA
"Stonava,,Důl ČSM-Sever",49.8154335,18.5475464,KA
"Stonava,,Důl ČSM-Sever",49.81559,18.5474377,KA
"Stonava,,Důl ČSM-Sever",49.8159065,18.5475674,KA
"Stonava,,Důl ČSM-Sever",49.81575,18.5477676,KA
"Stonava,,Holkovice",49.81,18.5291367,KA
"Stonava,,Holkovice",49.8101654,18.5292454,KA
"Stonava,,Hořany",49.8064232,18.5374737,KA
"Stonava,,Hořany",49.8068924,18.5418949,KA
"Stonava,,kaple",49.8011322,18.5292931,KA
"Stonava,,kaple",49.80101,18.529213,KA
"Stonava,,Mexico",49.8082924,18.5530567,KA
"Stonava,,Nový svět u Bulače",49.7965431,18.5030174,KA
"Stonava,,Nový svět u Bulače",49.7969856,18.5013752,KA
"Stonava,,Pindur",49.82876,18.5341644,KA
"Stonava,,Pindur",49.8290977,18.53405,KA
"Stonava,,PZKO",49.81698,18.53323,KA
"Stonava,,PZKO",49.8171959,18.5337982,KA
"Stonava,,rozc.Albrechtice",49.80416,18.5289154,KA
"Stonava,,rozc.Albrechtice",49.80424,18.52896,KA
"Stonava,,rozc.Albrechtice",49.8044128,18.5279,KA
"Stonava,,rozc.Albrechtice",49.8045158,18.52777,KA
"Stonava,,sídl.Nový svět",49.7984772,18.51439,KA
"Stonava,,sídl.Nový svět",49.79855,18.5148487,KA
"Stonava,,sídl.Nový svět",49.7972679,18.5162411,KA
"Stonava,,sídl.Nový svět",49.7973022,18.5159359,KA
"Stonava,,sídliště Hořany",49.80941,18.5406437,KA
"Stonava,,sídliště Hořany",49.80862,18.5380039,KA
"Stonava,,u Böhmu",49.8113365,18.5369511,KA
"Stonava,,u Böhmu",49.8121643,18.5367527,KA
"Stonava,,U Palírny",49.8086281,18.5276089,KA
"Stonava,,U Palírny",49.8087234,18.5274181,KA
"Stonava,,základní škola",49.8167953,18.5248566,KA
"Stonava,,základní škola",49.81748,18.5262032,KA
"Stonava,,základní škola",49.81791,18.5245972,KA
"Stonava,,základní škola",49.8172379,18.5247631,KA
"Stonava,,zdravotní středisko",49.8168144,18.53458,KA
"Strahovice,,kaple",50.0042763,18.0899181,OP
"Stříbro,,aut.st.",49.75357,12.997221,TC
"Stříbro,,aut.st.",49.75357,12.997221,TC
"Střítež,,kostel",49.6895943,18.5743618,FM
"Střítež,,Mánes",49.6767273,18.5773048,FM
"Střítež,,Obecní úřad",49.6816978,18.5704727,FM
"Střítež,,transformátor",49.6846848,18.5715427,FM
"Střítež,,u parku",49.6795464,18.5695152,FM
"Střítež,,u parku",49.6797066,18.569458,FM
"Střítež,,žel.zast.",49.6790733,18.5687923,FM
"Střítež,,žel.zast.",49.67923,18.5687675,FM
"Studénka,,Děl.dům",49.7241554,18.078228,NJ
"Studénka,,hor.konec",49.728344,18.0739384,NJ
"Studénka,,hor.konec",49.72827,18.0739937,NJ
"Studénka,,jesle",49.71059,18.07089,NJ
"Studénka,,jesle",49.7104073,18.0707874,NJ
"Studénka,,rozc.k žel.st.",49.7003326,18.06061,NJ
"Studénka,,rozc.k žel.st.",49.7002258,18.0602913,NJ
"Studénka,,stavebniny",49.7148933,18.0713959,NJ
"Studénka,,stavebniny",49.7150269,18.07131,NJ
"Studénka,,Vagónka vrát.2",49.7106,18.06444,NJ
"Studénka,,základní škola",49.7190552,18.0759487,NJ
"Studénka,,základní škola",49.7190666,18.0758171,NJ
"Studénka,,žel.st. bílovecké nást.",49.708065,18.0667458,NJ
"Studénka,,žel.st. bílovecké nást.",49.7080345,18.0667553,NJ
"Studénka,,žel.st.",49.70714,18.0666676,NJ
"Studénka,,žel.st.",49.70711,18.0665035,NJ
"Studénka,Butovice,Budovatelská",49.7104721,18.0544186,NJ
"Studénka,Butovice,Budovatelská",49.7103729,18.0540886,NJ
"Studénka,Butovice,Kotvice",49.7137222,18.0539551,NJ
"Studénka,Butovice,Kotvice",49.7141266,18.0545864,NJ
"Studénka,Butovice,lékárna",49.7128525,18.0435028,NJ
"Studénka,Butovice,lékárna",49.7129631,18.0435333,NJ
"Studénka,Butovice,LIDL",49.7071,18.0483589,NJ
"Studénka,Butovice,Mírová",49.71425,18.0506516,NJ
"Studénka,Butovice,Mírová",49.7141228,18.0506935,NJ
"Studénka,Butovice,rest.Obecní",49.71689,18.0378075,NJ
"Studénka,Butovice,rest.Obecní",49.7170639,18.0381126,NJ
"Studénka,Butovice,STS",49.7232246,18.0280018,NJ
"Studénka,Butovice,STS",49.7230949,18.0280228,NJ
"Studénka,Butovice,transformátor",49.7197456,18.031456,NJ
"Studénka,Butovice,transformátor",49.7194023,18.0321369,NJ
"Studénka,Butovice,Vagónka hl.vrát.",49.7055779,18.0519085,NJ
"Studénka,Nová Horka",49.6933022,18.0673962,NJ
"Studénka,Nová Horka,rozc.Albrechtičky",49.6898575,18.0706024,NJ
"Studénka,Nová Horka,rozc.Albrechtičky",49.6900063,18.070488,NJ
"Sudice,,nám.",50.0313873,18.0682449,OP
"Sudice,,nám.",50.03139,18.0683346,OP
"Suchdol n.Odrou,,činžovní domy",49.6376877,17.929882,NJ
"Suchdol n.Odrou,,činžovní domy",49.6376534,17.9295979,NJ
"Suchdol n.Odrou,,kostel",49.6556435,17.9287148,NJ
"Suchdol n.Odrou,,kostel",49.65576,17.9286652,NJ
"Suchdol n.Odrou,,nákup.stř.",49.64723,17.9363136,NJ
"Suchdol n.Odrou,,nákup.stř.",49.64739,17.93606,NJ
"Suchdol n.Odrou,,podjezd",49.6448021,17.9419384,NJ
"Suchdol n.Odrou,,podjezd",49.6448135,17.9421635,NJ
"Suchdol n.Odrou,,rest.Plšek",49.66136,17.9202137,NJ
"Suchdol n.Odrou,,rest.Plšek",49.66139,17.920435,NJ
"Suchdol n.Odrou,,škola",49.6529465,17.9322929,NJ
"Suchdol n.Odrou,,škola",49.6533737,17.9321079,NJ
"Suchdol n.Odrou,,u sila",49.63542,17.9202538,NJ
"Suchdol n.Odrou,,u sila",49.6353531,17.9202,NJ
"Suchdol n.Odrou,,žel.st.",49.64172,17.9393444,NJ
"Suchdol n.Odrou,,žel.st.",49.64171,17.93904,NJ
"Suchdol n.Odrou,Kletné",49.6708221,17.906086,NJ
"Sušice,,náves",49.4836464,17.53756,PR
"Sušice,,osada Kudlov",49.4913635,17.5526619,PR
"Svatoňovice,,točna",49.7936,17.6675053,OP
"Svatoňovice,,žel.st.",49.79941,17.6694679,OP
"Svatoňovice,,žel.st.",49.7994041,17.6695442,OP
"Světlá Hora,,aut.st.",50.0441628,17.4009933,BR
"Světlá Hora,,aut.st.",50.04426,17.401123,BR
"Světlá Hora,,rozc.",50.0388947,17.4035969,BR
"Světlá Hora,,rozc.",50.03922,17.403244,BR
"Světlá Hora,Dětřichovice,Jednota",50.05601,17.43201,BR
"Světlá Hora,Dětřichovice,Jednota",50.05612,17.43193,BR
"Světlá Hora,Dětřichovice,točna",50.0524254,17.44259,BR
"Světlá Hora,Dětřichovice,točna",50.0524063,17.4423161,BR
"Světlá Hora,Podlesí",50.0445862,17.3453369,BR
"Světlá Hora,Podlesí,rozc.",50.04201,17.3574276,BR
"Světlá Hora,Stará Voda",50.0550766,17.3776188,BR
"Světlá Hora,Stará Voda",50.055,17.3776016,BR
"Světlá Hora,Suchá Rudná,Klenoty",50.0656166,17.3713627,BR
"Světlá Hora,Suchá Rudná,Klenoty",50.06547,17.37101,BR
"Světlá Hora,Suchá Rudná,točna",50.0631142,17.35971,BR
"Sviadnov,,ČSAD",49.68383,18.3322029,FM
"Sviadnov,,ČSAD",49.68465,18.3316,FM
"Sviadnov,,Důl Staříč 1",49.70137,18.3124714,FM
"Sviadnov,,Důl Staříč 1",49.70079,18.31297,FM
"Sviadnov,,Husinec",49.6896439,18.32708,FM
"Sviadnov,,Husinec",49.6896439,18.3272686,FM
"Sviadnov,,Hutní montáže",49.6954155,18.32192,FM
"Sviadnov,,Hutní montáže",49.69555,18.3221035,FM
"Sviadnov,,rest.Pod Šimlem",49.6959343,18.3202553,FM
"Sviadnov,,rest.Pod Šimlem",49.6955872,18.3204479,FM
"Sviadnov,,rozc.Staříč",49.69446,18.32001,FM
"Sviadnov,,rozc.Staříč",49.6944656,18.3197784,FM
"Svitavy,,aut.nádr.",49.7545967,16.4665,SY
"Svobodné Heřmanice,,dolní konec",49.94192,17.6760349,BR
"Svobodné Heřmanice,,dolní konec",49.94184,17.67628,BR
"Svobodné Heřmanice,,obecní úřad",49.9446754,17.6747379,BR
"Svobodné Heřmanice,,obecní úřad",49.9446869,17.6746349,BR
"Svobodné Heřmanice,,rozc.",49.9511375,17.67097,BR
"Svobodné Heřmanice,,rozc.",49.95104,17.6710224,BR
"Svobodné Heřmanice,,žel.st.",49.9455643,17.6530685,BR
"Svobodné Heřmanice,,žel.st.",49.9455376,17.65311,BR
"Svrčinovec,,Hlaváč",49.4747467,18.7912788,
"Svrčinovec,,Hlaváč",49.4747467,18.7912788,
"Svrčinovec,,št.hr.CLO",49.49518,18.7660847,
"Svrčinovec,,št.hr.CLO",49.49518,18.7660847,
"Svrčinovec,,u Liščáka",49.4912872,18.7819824,
"Svrčinovec,,u Liščáka",49.4912872,18.7819824,
"Svrčinovec,,u Mišov",49.4711838,18.7888374,
"Svrčinovec,,u Mišov",49.4711838,18.7888374,
"Svrčinovec,,U Padyšáka",49.4843559,18.7906132,
"Svrčinovec,,U Padyšáka",49.4843559,18.7906132,
"Svrčinovec,,Zatky",49.4938354,18.77087,
"Svrčinovec,,Zatky",49.4938354,18.77087,
"Svrčinovec,,žel.zast.",49.48067,18.7929935,
"Svrčinovec,,žel.zast.",49.48067,18.7929935,
"Šenov u N.Jičína,,autoservis",49.6054344,18.0033379,NJ
"Šenov u N.Jičína,,autoservis",49.6056137,18.0035133,NJ
"Šenov u N.Jičína,,kostel",49.62068,17.9898682,NJ
"Šenov u N.Jičína,,kostel",49.6207275,17.9896584,NJ
"Šenov u N.Jičína,,opravárenský závod",49.61506,17.9948215,NJ
"Šenov u N.Jičína,,opravárenský závod",49.61505,17.9944324,NJ
"Šenov u N.Jičína,,Salaš",49.6191177,17.9735584,NJ
"Šenov u N.Jičína,,Salaš",49.6191978,17.9734039,NJ
"Šenov u N.Jičína,,Tatra",49.61104,17.9977779,NJ
"Šenov u N.Jičína,,Tatra",49.6111221,17.997858,NJ
"Šenov u N.Jičína,,Tesco",49.6012154,18.0047531,NJ
"Šenov,,Březůvka",49.77027,18.3857384,OV
"Šenov,,Březůvka",49.77023,18.3856487,OV
"Šenov,,bytovky",49.7770233,18.4089222,OV
"Šenov,,bytovky",49.77712,18.40889,OV
"Šenov,,ČSAD",49.79078,18.39713,OV
"Šenov,,ČSAD",49.7906837,18.3965645,OV
"Šenov,,křiž.",49.7940254,18.3697414,OV
"Šenov,,křiž.",49.7941742,18.3695736,OV
"Šenov,,křiž.",49.79495,18.3713474,OV
"Šenov,,křiž.",49.79467,18.3713551,OV
"Šenov,,křiž.",49.7923965,18.3706017,OV
"Šenov,,křiž.",49.79334,18.3705254,OV
"Šenov,,křiž.k Dolní Datyni",49.7619476,18.3836479,OV
"Šenov,,křiž.k Dolní Datyni",49.7622528,18.3836288,OV
"Šenov,,Lapačka",49.7683,18.3806648,OV
"Šenov,,Lapačka",49.7683029,18.3804684,OV
"Šenov,,Lapačka",49.7686234,18.3806038,OV
"Šenov,,Lapačka",49.7685471,18.3806267,OV
"Šenov,,Na Šimšce",49.7725525,18.3906765,OV
"Šenov,,Na Šimšce",49.7726173,18.3906384,OV
"Šenov,,Na Škrbeni",49.7773247,18.3996124,OV
"Šenov,,Na Škrbeni",49.7773933,18.3995438,OV
"Šenov,,náměstí",49.7852745,18.37555,OV
"Šenov,,náměstí",49.7852058,18.3753567,OV
"Šenov,,Nová",49.79571,18.3886089,OV
"Šenov,,Nová",49.7957268,18.3884983,OV
"Šenov,,Petřvaldská",49.8074,18.3778629,OV
"Šenov,,Petřvaldská",49.80708,18.3775463,OV
"Šenov,,Pod Šodkem",49.79151,18.3909626,OV
"Šenov,,Pod Šodkem",49.79156,18.3896847,OV
"Šenov,,rozc.",49.779644,18.35883,OV
"Šenov,,rozc.",49.77955,18.35866,OV
"Šenov,,rozc.Šimška",49.77674,18.38896,OV
"Šenov,,rozc.Šimška",49.7768,18.3889542,OV
"Šenov,,škola Podlesí",49.7924767,18.3830833,OV
"Šenov,,škola Podlesí",49.79236,18.3829861,OV
"Šenov,,Škrbeň",49.7768059,18.3777618,OV
"Šenov,,Škrbeň",49.7767448,18.3779526,OV
"Šenov,,Škrbeň",49.77717,18.3785248,OV
"Šenov,,Škrbeň",49.7770958,18.37855,OV
"Šenov,,U hřbitova",49.7880974,18.3720055,OV
"Šenov,,V Družstvu",49.7999878,18.3755,OV
"Šenov,,V Družstvu",49.80063,18.3756733,OV
"Šenov,,V Družstvu",49.80021,18.37582,OV
"Šenov,,V Družstvu-Březová",49.7985268,18.3804054,OV
"Šenov,,V Družstvu-Březová",49.7984734,18.3803635,OV
"Šenov,,Volenství",49.7730675,18.3653164,OV
"Šenov,,Volenství",49.7728767,18.3655148,OV
"Šilheřovice,,Fulneček",49.9236755,18.2606754,OP
"Šilheřovice,,Fulneček",49.9237022,18.2612171,OP
"Šilheřovice,,obecní úřad",49.925972,18.2702484,OP
"Šilheřovice,,obecní úřad",49.92575,18.2696381,OP
"Šilheřovice,,Ricka",49.9283371,18.28464,OP
"Šilheřovice,,Ricka",49.928215,18.2847042,OP
"Šilheřovice,,SOU",49.9270134,18.272892,OP
"Široká Niva,,kolárna",50.0547447,17.4856377,BR
"Široká Niva,,kolárna",50.05471,17.48564,BR
"Široká Niva,,rest.",50.0640259,17.4797344,BR
"Široká Niva,,rest.",50.06394,17.4796543,BR
"Široká Niva,,U lomu",50.07375,17.4644489,BR
"Široká Niva,,U lomu",50.0738564,17.464386,BR
"Široká Niva,Pocheň,Jednota",50.0767021,17.4509087,BR
"Široká Niva,Pocheň,Jednota",50.076767,17.4508762,BR
"Štáblovice,,U Křížku",49.88521,17.8184643,OP
"Štáblovice,,U Křížku",49.885067,17.8182735,OP
"Štáblovice,,zámek",49.8792458,17.81894,OP
"Štáblovice,,zámek",49.87927,17.818882,OP
"Štáblovice,Lipina,střed",49.8601761,17.7966042,OP
"Štáblovice,Vendelín,rozc.",49.8695374,17.81611,OP
"Štěpánkovice,,has.zbroj.",49.9582863,18.0357285,OP
"Štěpánkovice,,has.zbroj.",49.9581528,18.0359669,OP
"Štěpánkovice,,žel.st.",49.9508629,18.03311,OP
"Štěpánkovice,,žel.st.",49.95111,18.0335922,OP
"Štěpánkovice,Albertovec",49.96539,18.0626068,OP
"Štěpánkovice,Svoboda",49.9700851,18.0138531,OP
"Štěpánkovice,Svoboda",49.9701653,18.0137272,OP
"Šternberk,,Aleš",49.7012672,17.29334,OC
"Šternberk,,Aleš",49.70102,17.2932148,OC
"Šternberk,,Aleš",49.7014,17.2934551,OC
"Šternberk,,aut.st.",49.721447,17.2855778,OC
"Šternberk,,aut.st.",49.7214851,17.28573,OC
"Šternberk,,aut.st.",49.72162,17.28562,OC
"Šternberk,,aut.st.",49.72179,17.2854939,OC
"Šternberk,,Dlouhá",49.72682,17.2776623,OC
"Šternberk,,Dlouhá",49.7273254,17.2770424,OC
"Šternberk,,Dvorská",49.73217,17.2990532,OC
"Šternberk,,Dvorská",49.732193,17.2991428,OC
"Šternberk,,Dvorská",49.7322769,17.2992229,OC
"Šternberk,,Dvorská",49.73233,17.299324,OC
"Šternberk,,Jesenická",49.7362175,17.2945023,OC
"Šternberk,,Jesenická",49.7363739,17.2943439,OC
"Šternberk,,Jesenická",49.7361336,17.2945957,OC
"Šternberk,,Masarykova",49.72585,17.2917385,OC
"Šternberk,,Masarykova",49.72565,17.2908821,OC
"Šternberk,,Masarykova",49.7255554,17.2897911,OC
"Šternberk,,nem.",49.7230835,17.2978363,OC
"Šternberk,,nem.",49.72299,17.2978077,OC
"Šternberk,,nem.",49.72317,17.29784,OC
"Šternberk,,Olomoucká",49.71544,17.28982,OC
"Šternberk,,Olomoucká",49.7157249,17.2898,OC
"Šternberk,,Olomoucká",49.7162628,17.2901134,OC
"Šternberk,,Svatoplukova",49.7237434,17.3027649,OC
"Šternberk,,Svatoplukova",49.7236824,17.3029537,OC
"Šternberk,,Svatoplukova",49.72381,17.3025665,OC
"Šternberk,Chabičov",49.7658463,17.2967072,OC
"Šternberk,Chabičov",49.7657547,17.2969856,OC
"Šternberk,Chabičov",49.7659225,17.2964077,OC
"Šternberk,Krákořice",49.7495728,17.2639771,OC
"Šternberk,Krákořice",49.7493324,17.2639771,OC
"Štítina,,škola",49.9151764,18.01331,OP
"Štítina,,žel.st.",49.9128838,18.0091515,OP
"Štítina,,žel.st.",49.91282,18.00922,OP
"Štramberk,,Kateřina",49.5953178,18.0930862,NJ
"Štramberk,,Kateřina",49.59536,18.09322,NJ
"Štramberk,,Městský úřad",49.5905724,18.11784,NJ
"Štramberk,,Městský úřad",49.5906448,18.1178,NJ
"Štramberk,,Petřkovský",49.5867577,18.10129,NJ
"Štramberk,,Petřkovský",49.5867157,18.1013317,NJ
"Štramberk,,rest.Palárna",49.5833626,18.1300564,NJ
"Štramberk,,rest.Palárna",49.5834541,18.1303234,NJ
"Štramberk,,rest.Pod Bílou horou",49.5930443,18.11109,NJ
"Štramberk,,rest.Pod Bílou horou",49.593132,18.1101131,NJ
"Štramberk,,rest.Pod Bílou horou",49.59367,18.1105843,NJ
"Štramberk,,rest.Prosek",49.5873871,18.1222572,NJ
"Štramberk,,rest.Prosek",49.5883064,18.1216965,NJ
"Štramberk,,sídl.Bařiny",49.5771637,18.12417,NJ
"Štramberk,,sídl.Bařiny",49.57715,18.1240654,NJ
"Štramberk,,sídl.Bařiny",49.5778236,18.1251659,NJ
"Štramberk,,u mlýna",49.59403,18.1016636,NJ
"Štramberk,,u mlýna",49.59403,18.1015759,NJ
"Štramberk,Libotín,koupaliště",49.5863228,18.0979233,NJ
"Šumperk,,aut.st.",49.96208,16.9807434,SU
"Šumperk,,aut.st.",49.9625549,16.98098,SU
"Šumvald,,dol.konec",49.8259277,17.1194153,OC
"Šumvald,,rozc.Dlouhá Loučka",49.8313866,17.13161,OC
"Šumvald,,u Smrčků",49.82847,17.1225853,OC
"Tachov,,aut.nádr.",49.801075,12.635704,TC
"Tachov,,aut.nádr.",49.801075,12.635704,TC
"Těrlicko,,čekárna",49.7671356,18.4872875,KA
"Těrlicko,,Dlouhá",49.75235,18.47215,KA
"Těrlicko,,Dlouhá",49.7524033,18.4719563,KA
"Těrlicko,,hřbitov",49.7562447,18.47908,KA
"Těrlicko,,hřbitov",49.75722,18.4769287,KA
"Těrlicko,,křiž.",49.7531357,18.48869,KA
"Těrlicko,,nad hrází",49.75386,18.5049763,KA
"Těrlicko,,nad hrází",49.7536621,18.5040684,KA
"Těrlicko,,obecní úřad",49.7520332,18.4835739,KA
"Těrlicko,,obecní úřad",49.7520332,18.4832077,KA
"Těrlicko,,Osekovec",49.7610359,18.48827,KA
"Těrlicko,,střed",49.7516975,18.4893379,KA
"Těrlicko,,střed",49.75193,18.4893417,KA
"Těrlicko,,střed",49.7512627,18.4895744,KA
"Těrlicko,,střed",49.7510757,18.4895859,KA
"Těrlicko,,střed",49.7504044,18.48959,KA
"Těrlicko,,V zátoce",49.76912,18.4952965,KA
"Těrlicko,,V zátoce",49.76912,18.4951649,KA
"Těrlicko,,Zadky",49.7429657,18.49705,KA
"Těrlicko,,Zadky",49.744175,18.4979477,KA
"Těrlicko,,Zelené Město Na kopci",49.7415733,18.4889965,KA
"Těrlicko,,Zelené Město Na kopci",49.74154,18.4888744,KA
"Těrlicko,,Zelené Město Na mezi",49.7371674,18.4864655,KA
"Těrlicko,,Zelené Město Na mezi",49.7371445,18.4865246,KA
"Těrlicko,,Zelené Město rozc.",49.7394867,18.4878731,KA
"Těrlicko,,Zelené Město rozc.",49.73951,18.4877529,KA
"Těrlicko,,Zelené Město U Goduly",49.7349052,18.4853649,KA
"Těrlicko,,Zelené Město",49.7435875,18.4892521,KA
"Těrlicko,,Zelené Město",49.74341,18.4894676,KA
"Těrlicko,,Zelmer",49.73668,18.4961452,KA
"Těrlicko,,Zelmer",49.7373238,18.496212,KA
"Těrlicko,Hradiště,Horní dvůr",49.7393227,18.5414886,KA
"Těrlicko,Hradiště,Kaménka",49.7423248,18.5406132,KA
"Těrlicko,Hradiště,kulturní dům",49.7305946,18.5226555,KA
"Těrlicko,Hradiště,škola",49.74104,18.5308762,KA
"Těrlicko,Hradiště,u Káňů",49.7303276,18.5100441,KA
"Těrlicko,Hradiště,u Káňů",49.73056,18.509882,KA
"Těrlicko,Hradiště,u statku",49.73974,18.5248871,KA
"Těrlicko,Hradiště,U Stonávky",49.7289162,18.5127583,KA
"Těrlicko,Kostelec",49.75768,18.5238342,KA
"Těrlicko,Kostelec",49.75781,18.52396,KA
"Těškovice,,dol.konec",49.8157272,18.02629,OP
"Těškovice,,dol.konec",49.8156166,18.0259953,OP
"Těškovice,,střed",49.814167,18.0191021,OP
"Těškovice,,střed",49.8142052,18.0189247,OP
"Těškovice,,ZD",49.8131676,18.0300369,OP
"Těškovice,,ZD",49.81344,18.0296116,OP
"Tichá,,kult.dům",49.57143,18.2224865,NJ
"Tichá,,kult.dům",49.57137,18.2221756,NJ
"Tichá,,rest.Fojtství",49.5708046,18.2210445,NJ
"Tichá,,rest.Fojtství",49.5706139,18.2211514,NJ
"Tichá,,rest.Pod Hůrkou",49.5785866,18.1928024,NJ
"Tichá,,rest.Pod Hůrkou",49.5786743,18.1930027,NJ
"Tichá,,rozc.Tichá",49.5812225,18.1877785,NJ
"Tichá,,rozc.Tichá",49.5813179,18.1880188,NJ
"Tichá,,u Adamce",49.570507,18.2315273,NJ
"Tichá,,u Adamce",49.5702553,18.23225,NJ
"Tichá,,u hřbitova",49.556427,18.2170181,NJ
"Tichá,,u hřbitova",49.5564232,18.21715,NJ
"Tichá,,u lávky",49.5711975,18.2141037,NJ
"Tichá,,u lávky",49.5712624,18.2141037,NJ
"Tichá,,u lomu",49.5711441,18.203352,NJ
"Tichá,,u lomu",49.5712357,18.2033348,NJ
"Tichá,,u mostu",49.56741,18.2411289,NJ
"Tichá,,u mostu",49.5673637,18.2411823,NJ
"Tísek,,garáž",49.79417,18.00739,NJ
"Tísek,,garáž",49.7940369,18.0074062,NJ
"Tísek,,obecní úřad",49.7927055,18.01494,NJ
"Tísek,,obecní úřad",49.79278,18.0148754,NJ
"Tísek,,obecní úřad",49.7925568,18.01357,NJ
"Tísek,,u kostela",49.7889175,18.0134,NJ
"Tísek,,u kostela",49.7888145,18.0133,NJ
"Tísek,Karlovice,rozc.",49.7959557,18.0054684,NJ
"Tísek,Karlovice,rozc.",49.79589,18.005434,NJ
"Tovéř,,kaple",49.6394768,17.3176022,OC
"Tovéř,,kaple",49.6394539,17.3179035,OC
"Trnávka,,dvorek",49.68157,18.1813335,NJ
"Trnávka,,dvorek",49.6825752,18.1810989,NJ
"Trnávka,,dvorek",49.6816025,18.1813927,NJ
"Trnávka,,dvorek",49.6826324,18.1810169,NJ
"Trnávka,,Jednota",49.684864,18.1777611,NJ
"Trnávka,,Jednota",49.6847839,18.1779232,NJ
"Trnávka,,pož.zbroj.",49.6887474,18.1767139,NJ
"Trnávka,,pož.zbroj.",49.6885338,18.17686,NJ
"Trojanovice,,Horečky",49.535553,18.18937,NJ
"Trojanovice,,Horečky",49.5355721,18.1891422,NJ
"Trojanovice,,hotel Beskyd",49.5201149,18.2382431,NJ
"Trojanovice,,hotel Beskyd",49.51991,18.2380924,NJ
"Trojanovice,,Jednota",49.5271149,18.1955128,NJ
"Trojanovice,,Jednota",49.5271759,18.1954384,NJ
"Trojanovice,,konečná",49.5334549,18.1823177,NJ
"Trojanovice,,Na Pinduli",49.49986,18.1865978,NJ
"Trojanovice,,Na Pinduli",49.4999657,18.1863461,NJ
"Trojanovice,,Pod Kozincem",49.51453,18.1969929,NJ
"Trojanovice,,Pod Kozincem",49.5145531,18.1968441,NJ
"Trojanovice,,rest.Ráztoka",49.5072174,18.2468662,NJ
"Trojanovice,,rest.Ráztoka",49.5071526,18.246582,NJ
"Trojanovice,,rest.u Bačů",49.5222168,18.2039719,NJ
"Trojanovice,,rest.u Bačů",49.5221519,18.2037468,NJ
"Trojanovice,,rest.u Balitů",49.5263367,18.2356911,NJ
"Trojanovice,,rest.u Balitů",49.5263672,18.2359028,NJ
"Trojanovice,,rest.U šenku",49.5244865,18.2630653,NJ
"Trojanovice,,rest.U šenku",49.5244064,18.2630329,NJ
"Trojanovice,,střed",49.5234833,18.1885262,NJ
"Trojanovice,,střed",49.5235634,18.18844,NJ
"Trojanovice,,točna",49.5074463,18.2314529,NJ
"Trojanovice,,u Bartoňů",49.5315628,18.24386,NJ
"Trojanovice,,u Bartoňů",49.5314636,18.24383,NJ
"Trojanovice,,u Černých",49.5145264,18.2276077,NJ
"Trojanovice,,u Černých",49.5145035,18.2275143,NJ
"Trojanovice,,u Hutyrů",49.5234337,18.1818848,NJ
"Trojanovice,,u Jandů",49.5263176,18.2539883,NJ
"Trojanovice,,u Jandů",49.5263863,18.2540417,NJ
"Trojanovice,,u Kociánů",49.5133324,18.2419,NJ
"Trojanovice,,u Kociánů",49.5135231,18.2414379,NJ
"Trojanovice,,u Maďů",49.5204048,18.2232685,NJ
"Trojanovice,,u Maďů",49.5203857,18.2231712,NJ
"Trojanovice,,u Šablatury",49.51038,18.2300949,NJ
"Trojanovice,,u Šablatury",49.51036,18.2299728,NJ
"Trojanovice,Bystré,Maralův kopec",49.52333,18.2822552,NJ
"Trojanovice,Bystré,u kříže",49.5243568,18.2737484,NJ
"Trojanovice,Bystré,u kříže",49.5244255,18.273735,FM
"Třanovice,,Dolina",49.7173538,18.5473728,FM
"Třanovice,,Dolina",49.7174568,18.5471745,FM
"Třanovice,,křiž.",49.7086,18.53519,FM
"Třanovice,,křiž.",49.708828,18.53523,FM
"Třanovice,,Na Cymbálce",49.70104,18.51899,FM
"Třanovice,,Na Cymbálce",49.7009354,18.5190239,FM
"Třanovice,,Podnikatelské centrum",49.71202,18.5291862,FM
"Třanovice,,Podnikatelské centrum",49.7121429,18.5293045,FM
"Třanovice,,U Labudy",49.6988029,18.5412064,FM
"Třanovice,,U Labudy",49.6992378,18.5413113,FM
"Třanovice,,U Paverů",49.7181435,18.5194511,FM
"Třanovice,,U Paverů",49.71879,18.51957,FM
"Třanovice,,U Paverů",49.7186,18.5189972,FM
"Třanovice,,Vyrubaná",49.68703,18.5229836,FM
"Třanovice,,Vyrubaná",49.68723,18.52288,FM
"Třanovice,,Zadky",49.7130127,18.5239716,FM
"Třanovice,,Zadky",49.7130966,18.5240173,FM
"Třebom,,nám.",50.045433,18.0258541,OP
"Třebom,,nám.",50.0454063,18.0259819,OP
"Třemešná,,obecní úřad",50.20617,17.5742416,BR
"Třemešná,,obecní úřad",50.20623,17.57429,BR
"Třemešná,,rozc.Damašek",50.21909,17.5581551,BR
"Třemešná,,rozc.Damašek",50.21915,17.5582275,BR
"Třemešná,,žel.st.",50.2014465,17.574358,BR
"Třemešná,,žel.st.",50.2016563,17.5744686,BR
"Třemešná,Rudíkovy,rozc.",50.1857033,17.5789413,BR
"Třemešná,Rudíkovy,rozc.",50.1866646,17.5788212,BR
"Třinec,,aut.st.",49.6805458,18.6668129,FM
"Třinec,,aut.st.",49.6805458,18.6668129,FM
"Třinec,,aut.st.",49.6800728,18.6663876,FM
"Třinec,,aut.st.",49.6802521,18.6663971,FM
"Třinec,,aut.st.",49.6804123,18.6664085,FM
"Třinec,,aut.st.",49.6805725,18.66643,FM
"Třinec,,aut.st.",49.6807022,18.6664429,FM
"Třinec,,aut.st.",49.68062,18.6665916,FM
"Třinec,,aut.st.",49.68074,18.6666,FM
"Třinec,,aut.st.",49.6800575,18.6665363,FM
"Třinec,,aut.st.",49.6801949,18.66655,FM
"Třinec,,aut.st.",49.6803322,18.6665649,FM
"Třinec,,aut.st.",49.6804771,18.6665764,FM
"Třinec,,aut.st.",49.68026,18.666708,FM
"Třinec,,aut.st.",49.68041,18.6667213,FM
"Třinec,,aut.st.",49.68056,18.6667366,FM
"Třinec,,aut.st.",49.68071,18.666748,FM
"Třinec,,aut.st.",49.6803246,18.6668644,FM
"Třinec,,aut.st.",49.68046,18.6668758,FM
"Třinec,,aut.st.",49.6806221,18.6668949,FM
"Třinec,,aut.st.",49.6807823,18.6669064,FM
"Třinec,,aut.st.",49.6803436,18.6670132,FM
"Třinec,,aut.st.",49.6805649,18.6670284,FM
"Třinec,,aut.st.",49.6807861,18.6670437,FM
"Třinec,,aut.st.",49.6803322,18.6671562,FM
"Třinec,,aut.st.",49.68049,18.6671638,FM
"Třinec,,aut.st.",49.6806679,18.6671867,FM
"Třinec,,aut.st.",49.6805458,18.6668129,FM
"Třinec,,aut.st.",49.6801529,18.66687,FM
"Třinec,,aut.st.pod Kanadou",49.6834526,18.6523476,FM
"Třinec,,aut.st.pod Kanadou",49.6833,18.6524658,FM
"Třinec,,aut.st.pod Kanadou",49.6831474,18.6526012,FM
"Třinec,,aut.st.pod Kanadou",49.6829948,18.6527157,FM
"Třinec,,aut.st.pod Kanadou",49.68285,18.6528473,FM
"Třinec,,aut.st.pod Kanadou",49.6836243,18.6527,FM
"Třinec,,magistrát",49.67655,18.6739655,FM
"Třinec,,magistrát",49.67596,18.6744213,FM
"Třinec,,obecní domy",49.6709976,18.6597118,FM
"Třinec,,obecní domy",49.6714859,18.6597538,FM
"Třinec,,Pod Borkem",49.6867065,18.6715221,FM
"Třinec,,Pod Borkem",49.6862259,18.6710243,FM
"Třinec,,Pod Kanadou",49.68279,18.6544914,FM
"Třinec,,Pod Kanadou",49.6828041,18.6541443,FM
"Třinec,,Pod Lesní ul.",49.6746559,18.66946,FM
"Třinec,,Pod Lesní ul.",49.67529,18.6686211,FM
"Třinec,,rozc.k žel.st.",49.68425,18.6671638,FM
"Třinec,,rozc.k žel.st.",49.6840057,18.6673183,FM
"Třinec,,TESCO",49.6759148,18.66284,FM
"Třinec,,TESCO",49.6756172,18.6623859,FM
"Třinec,,základní škola",49.68337,18.66915,FM
"Třinec,,žel.st.",49.6880074,18.66184,FM
"Třinec,,žel.st.",49.68809,18.6617069,FM
"Třinec,,žel.st.",49.6880379,18.66196,FM
"Třinec,,žel.st.",49.68816,18.6618176,FM
"Třinec,,žel.st.",49.6885452,18.661644,FM
"Třinec,,žel.st.",49.68786,18.66218,FM
"Třinec,Borek,konečná",49.6944237,18.6575832,FM
"Třinec,Borek,samoobsluha",49.6931839,18.6596889,FM
"Třinec,Borek,u hřiště",49.6914673,18.6622753,FM
"Třinec,Borek,u hřiště",49.69153,18.6623268,FM
"Třinec,Dolní Líštná,Mravcůvka",49.6912537,18.6913376,FM
"Třinec,Dolní Líštná,Mravcůvka",49.691227,18.6902466,FM
"Třinec,Dolní Líštná,na kopci",49.68933,18.6795464,FM
"Třinec,Dolní Líštná,na kopci",49.68937,18.67924,FM
"Třinec,Dolní Líštná,Němcovka",49.68784,18.6771,FM
"Třinec,Dolní Líštná,Němcovka",49.687912,18.6770859,FM
"Třinec,Dolní Líštná,rozhraní",49.6868858,18.6923923,FM
"Třinec,Dolní Líštná,rozhraní",49.68687,18.69254,FM
"Třinec,Dolní Líštná,Sosna Dom.důch.",49.6791229,18.6854668,FM
"Třinec,Dolní Líštná,Sosna Dom.důch.",49.67918,18.6851559,FM
"Třinec,Dolní Líštná,Sosna Folvark",49.68455,18.67451,FM
"Třinec,Dolní Líštná,Sosna Folvark",49.6847153,18.6752033,FM
"Třinec,Dolní Líštná,Sosna nemocnice",49.6747246,18.69329,FM
"Třinec,Dolní Líštná,Sosna sídliště",49.6826935,18.6799755,FM
"Třinec,Dolní Líštná,Sosna sídliště",49.6828651,18.6800518,FM
"Třinec,Dolní Líštná,trafo",49.6871223,18.6855888,FM
"Třinec,Dolní Líštná,trafo",49.6872063,18.68574,FM
"Třinec,Dolní Líštná,u můstku",49.68791,18.6988258,FM
"Třinec,Dolní Líštná,u můstku",49.6879768,18.6987514,FM
"Třinec,Guty,hospoda",49.6432,18.6197433,FM
"Třinec,Guty,hospoda",49.6432762,18.6196117,FM
"Třinec,Guty,hranice",49.6588745,18.6125851,FM
"Třinec,Guty,hranice",49.6588936,18.6127281,FM
"Třinec,Guty,konečná",49.6489334,18.5955887,FM
"Třinec,Guty,most",49.6447563,18.60936,FM
"Třinec,Guty,most",49.6449623,18.6083,FM
"Třinec,Guty,střed",49.647995,18.5984516,FM
"Třinec,Guty,střed",49.6481,18.59852,FM
"Třinec,Guty,škola",49.646595,18.6042061,FM
"Třinec,Guty,škola",49.64597,18.6041565,FM
"Třinec,Guty,Vrchy",49.6521263,18.60843,FM
"Třinec,Horní Líštná,pož.zbroj.",49.69269,18.70161,FM
"Třinec,Horní Líštná,pož.zbroj.",49.6929779,18.7018814,FM
"Třinec,Horní Líštná,prodejna",49.6918373,18.7039528,FM
"Třinec,Horní Líštná,prodejna",49.6917572,18.7037144,FM
"Třinec,Horní Líštná,státní hranice",49.69899,18.7106724,FM
"Třinec,Horní Líštná,u vývozu",49.6971169,18.709198,FM
"Třinec,Horní Líštná,Valovka",49.69485,18.7109,FM
"Třinec,Kanada,rozcestí",49.6803741,18.6508236,FM
"Třinec,Kanada,rozcestí",49.6805649,18.6512718,FM
"Třinec,Kanada,rozcestí",49.68047,18.6510067,FM
"Třinec,Kanada,střed",49.6768341,18.6489429,FM
"Třinec,Kanada,střed",49.6768761,18.6488323,FM
"Třinec,Kanada,školy",49.67288,18.6432476,FM
"Třinec,Karpentná,Jednota",49.63718,18.6913013,FM
"Třinec,Karpentná,Jednota",49.6370773,18.69129,FM
"Třinec,Karpentná,křiž.",49.6309738,18.6810856,FM
"Třinec,Karpentná,sídliště",49.63581,18.6864986,FM
"Třinec,Karpentná,sídliště",49.6359024,18.6865711,FM
"Třinec,Karpentná,u lesa",49.63327,18.6741581,FM
"Třinec,Kojkovice,konečná",49.7022171,18.7073784,FM
"Třinec,Kojkovice,kopec",49.7039566,18.6938381,FM
"Třinec,Kojkovice,kopec",49.7038651,18.6938477,FM
"Třinec,Kojkovice,st.hranice",49.7036,18.68073,FM
"Třinec,Kojkovice,st.hranice",49.7034836,18.680706,FM
"Třinec,Kojkovice,škola",49.7013855,18.6848812,FM
"Třinec,Kojkovice,škola",49.7013359,18.6848164,FM
"Třinec,Kojkovice,transf.",49.7011147,18.6899643,FM
"Třinec,Kojkovice,transf.",49.7010841,18.6901474,FM
"Třinec,Kojkovice,u kříže",49.70376,18.6997852,FM
"Třinec,Kojkovice,u kříže",49.70365,18.69972,FM
"Třinec,Konská,Podlesí konečná",49.69185,18.63299,FM
"Třinec,Konská,Podlesí křiž.",49.6843529,18.6314812,FM
"Třinec,Konská,Podlesí křiž.",49.6842346,18.6312,FM
"Třinec,Konská,Podlesí na kopci",49.6878624,18.6239071,FM
"Třinec,Konská,Podlesí na kopci",49.6879425,18.6239281,FM
"Třinec,Konská,Podlesí Neboranka",49.6940842,18.6278152,FM
"Třinec,Konská,Podlesí Neboranka",49.6941261,18.6279888,FM
"Třinec,Konská,Podlesí nemocnice",49.68159,18.6422253,FM
"Třinec,Konská,Podlesí nemocnice",49.68144,18.6425228,FM
"Třinec,Konská,Podlesí škola",49.68415,18.6348782,FM
"Třinec,Konská,Podlesí škola",49.6842346,18.6349831,FM
"Třinec,Konská,Podlesí u lípy",49.68385,18.621582,FM
"Třinec,Konská,Podlesí u lípy",49.683815,18.62147,FM
"Třinec,Konská,PZ konečná",49.70856,18.6307869,FM
"Třinec,Konská,PZ konečná",49.70863,18.6308117,FM
"Třinec,Konská,PZ u mostu",49.7047157,18.63575,FM
"Třinec,Konská,PZ u mostu",49.7049522,18.6353664,FM
"Třinec,Konská,PZ",49.70691,18.6326923,FM
"Třinec,Konská,PZ",49.70694,18.6325073,FM
"Třinec,Konská,válcovna C",49.69806,18.6316757,FM
"Třinec,Konská,Velké doly",49.7100945,18.6342754,FM
"Třinec,Konská,Velké doly",49.71152,18.63413,FM
"Třinec,Konská,výklopník",49.6952,18.6512852,FM
"Třinec,Konská,výklopník",49.6953239,18.6512642,FM
"Třinec,Konská,žel.st.",49.7025642,18.6416149,FM
"Třinec,Konská,žel.st.",49.70294,18.6415062,FM
"Třinec,Lyžbice,Kamionka",49.6601,18.6717777,FM
"Třinec,Lyžbice,nám.T.G.Masaryka",49.6695175,18.6809616,FM
"Třinec,Lyžbice,nám.T.G.Masaryka",49.6697121,18.6807537,FM
"Třinec,Lyžbice,nám.T.G.Masaryka",49.6699257,18.6805286,FM
"Třinec,Lyžbice,nám.T.G.Masaryka",49.6699677,18.68092,FM
"Třinec,Lyžbice,nám.T.G.Masaryka",49.66989,18.681,FM
"Třinec,Lyžbice,nám.T.G.Masaryka",49.6697655,18.6811314,FM
"Třinec,Lyžbice,obch.dům",49.6739235,18.67671,FM
"Třinec,Lyžbice,obch.dům",49.6739,18.67658,FM
"Třinec,Lyžbice,pož.zbroj.",49.66194,18.6818733,FM
"Třinec,Lyžbice,pož.zbroj.",49.66195,18.6808834,FM
"Třinec,Lyžbice,rest.Zobawa",49.66048,18.6901054,FM
"Třinec,Lyžbice,rest.Zobawa",49.660656,18.68964,FM
"Třinec,Lyžbice,škola",49.6648445,18.68629,FM
"Třinec,Lyžbice,škola",49.6645432,18.6865864,FM
"Třinec,Lyžbice,škola",49.6648331,18.6860638,FM
"Třinec,Lyžbice,Terasa konečná",49.6648827,18.6770267,FM
"Třinec,Lyžbice,Terasa konečná",49.6647034,18.6769676,FM
"Třinec,Lyžbice,Terasa konečná",49.66476,18.67652,FM
"Třinec,Lyžbice,Terasa Kosmos",49.6683,18.6771049,FM
"Třinec,Lyžbice,Terasa Kosmos",49.6681557,18.6772842,FM
"Třinec,Lyžbice,Terasa Kosmos",49.6688,18.6762943,FM
"Třinec,Lyžbice,Terasa Kosmos",49.6688957,18.6761932,FM
"Třinec,Lyžbice,Terasa Styl",49.6715164,18.6719971,FM
"Třinec,Lyžbice,Terasa Styl",49.67141,18.6721649,FM
"Třinec,Lyžbice,Terasa Styl",49.6712151,18.6720753,FM
"Třinec,Lyžbice,za tratí",49.6707,18.68315,FM
"Třinec,Nebory,górka",49.67784,18.6195545,FM
"Třinec,Nebory,hranice",49.67714,18.6047573,FM
"Třinec,Nebory,hranice",49.677124,18.6043186,FM
"Třinec,Nebory,Na Dušinci",49.6661072,18.6329842,FM
"Třinec,Nebory,Na Dušinci",49.6662636,18.63295,FM
"Třinec,Nebory,pod kravínem",49.67271,18.6146774,FM
"Třinec,Nebory,pod kravínem",49.67295,18.6153831,FM
"Třinec,Nebory,rest.Bobek",49.6816177,18.6123371,FM
"Třinec,Nebory,rest.Bobek",49.6819954,18.6123562,FM
"Třinec,Nebory,Rusnok",49.6639824,18.6153049,FM
"Třinec,Nebory,Rusnok",49.663887,18.6150417,FM
"Třinec,Nebory,Sojka",49.6700859,18.62719,FM
"Třinec,Nebory,Sojka",49.6701927,18.6272449,FM
"Třinec,Nebory,škola",49.6751862,18.61969,FM
"Třinec,Nebory,škola",49.675415,18.61962,FM
"Třinec,Nebory,večerka",49.6759,18.6184254,FM
"Třinec,Oldřichovice,česká škola",49.6533546,18.6510754,FM
"Třinec,Oldřichovice,česká škola",49.6533127,18.6509018,FM
"Třinec,Oldřichovice,ke Karpentné",49.6391945,18.6564159,FM
"Třinec,Oldřichovice,ke Karpentné",49.63921,18.6563225,FM
"Třinec,Oldřichovice,ke Karpentné",49.6393433,18.6567764,FM
"Třinec,Oldřichovice,ke Karpentné",49.6394043,18.6567917,FM
"Třinec,Oldřichovice,Lomnisko",49.6336021,18.6574421,FM
"Třinec,Oldřichovice,Lomnisko",49.63357,18.6573219,FM
"Třinec,Oldřichovice,Na linii",49.6372833,18.66296,FM
"Třinec,Oldřichovice,Na linii",49.63692,18.6636658,FM
"Třinec,Oldřichovice,Na Tyrské",49.6618958,18.6512775,FM
"Třinec,Oldřichovice,Na Tyrské",49.6622658,18.6514416,FM
"Třinec,Oldřichovice,Na Tyrské",49.66267,18.6513023,FM
"Třinec,Oldřichovice,Na Tyrské",49.6629143,18.65072,FM
"Třinec,Oldřichovice,obchvat",49.6575851,18.6408787,FM
"Třinec,Oldřichovice,obchvat",49.65729,18.6402054,FM
"Třinec,Oldřichovice,penzion",49.6579857,18.6502171,FM
"Třinec,Oldřichovice,penzion",49.65834,18.65023,FM
"Třinec,Oldřichovice,pila",49.6527672,18.6302261,FM
"Třinec,Oldřichovice,pila",49.65286,18.6302357,FM
"Třinec,Oldřichovice,pod Kozincem",49.6281471,18.6646481,FM
"Třinec,Oldřichovice,polská škola",49.6482239,18.6540642,FM
"Třinec,Oldřichovice,polská škola",49.6483841,18.65424,FM
"Třinec,Oldřichovice,rest.Na rozcestí",49.6442871,18.654232,FM
"Třinec,Oldřichovice,rest.Na rozcestí",49.6443977,18.6542645,FM
"Třinec,Oldřichovice,rest.Na rozcestí",49.6441879,18.654726,FM
"Třinec,Oldřichovice,rest.Na rozcestí",49.6443634,18.65474,FM
"Třinec,Oldřichovice,rozc.ke Kozinci",49.6348839,18.6572876,FM
"Třinec,Oldřichovice,rozc.ke Kozinci",49.63495,18.6572723,FM
"Třinec,Oldřichovice,Tesla",49.66278,18.6471882,FM
"Třinec,Oldřichovice,Tesla",49.6625633,18.64713,FM
"Třinec,Oldřichovice,u lanovky",49.6445274,18.64288,FM
"Třinec,Oldřichovice,u lanovky",49.6446037,18.64289,FM
"Třinec,Oldřichovice,ves",49.6460876,18.6384754,FM
"Třinec,Oldřichovice,Větrník",49.6607666,18.66372,FM
"Třinec,Oldřichovice,Větrník",49.6609,18.6636887,FM
"Třinec,Oldřichovice,vodárna",49.6317139,18.6637344,FM
"Třinec,Oldřichovice,vodárna",49.6317329,18.66344,FM
"Třinec,Oldřichovice,Záhoří",49.64604,18.62209,FM
"Třinec,Oldřichovice,Záhoří",49.6460724,18.6219826,FM
"Třinec,Osůvky",49.692688,18.6659317,FM
"Třinec,Osůvky",49.6928368,18.6658249,FM
"Třinec,Osůvky,konečná",49.7047,18.6667652,FM
"Třinec,Osůvky,Pod Osůvkami",49.6948662,18.6667271,FM
"Třinec,Osůvky,Pod Osůvkami",49.6949348,18.6668282,FM
"Třinec,Osůvky,potraviny",49.6999626,18.6671925,FM
"Třinec,Osůvky,potraviny",49.70014,18.66722,FM
"Třinec,Osůvky,vápeník",49.6986046,18.67363,FM
"Třinec,Osůvky,vápeník",49.6985664,18.6737061,FM
"Třinec,Tyra,hájenka",49.606144,18.6308842,FM
"Třinec,Tyra,pila",49.6121368,18.6376629,FM
"Třinec,Tyra,pila",49.6123924,18.6377125,FM
"Třinec,Tyra,střed",49.6210022,18.6478252,FM
"Třinec,Tyra,střed",49.621,18.6476517,FM
"Třinec,Tyra,trafo",49.6171036,18.64324,FM
"Třinec,Tyra,trafo",49.6170731,18.6430149,FM
"Třinec,Tyra,u stáje",49.625927,18.6529045,FM
"Třinec,Tyra,u stáje",49.6257362,18.6524162,FM
"Tvrdkov,,kostel",49.8953,17.1789246,BR
"Tvrdkov,,kostel",49.8953667,17.1785984,BR
"Tvrdkov,Ruda,hájenka",49.87683,17.1953068,BR
"Tvrdkov,Ruda,hájenka",49.8769035,17.19538,BR
"Tvrdkov,Ruda,rest.",49.8627243,17.1876564,BR
"Tvrdkov,Ruda,rest.",49.8627853,17.1876068,BR
"Uhlířov,,střed",49.8971176,17.8411083,OP
"Uhlířov,,střed",49.8971252,17.8410244,OP
"Uničov,,aut.st.",49.7738152,17.1177578,OC
"Uničov,,aut.st.",49.77396,17.11768,OC
"Uničov,,Bezručovo nám.",49.7696075,17.1250248,OC
"Uničov,,Dukelská",49.769928,17.11596,OC
"Uničov,,poliklinika",49.76704,17.12033,OC
"Uničov,,sídl.Moravské nám.",49.7705879,17.1141834,OC
"Uničov,,sídl.Pionýrů",49.7675438,17.11255,OC
"Uničov,,Šumperská",49.78225,17.1220646,OC
"Uničov,,Šumperská",49.78217,17.1219158,OC
"Uničov,,Šumperská",49.7823143,17.1222,OC
"Uničov,,TESCO",49.7760429,17.1208344,OC
"Uničov,,u pomníku",49.7737045,17.1203442,OC
"Uničov,,UNEX",49.77817,17.1422977,OC
"Uničov,,žel.st.",49.77881,17.1164989,OC
"Uničov,,žel.st.",49.77891,17.1162434,OC
"Uničov,,žel.st.",49.7787361,17.1167755,OC
"Uničov,Dolní Sukolom,rest.",49.78938,17.1345387,OC
"Uničov,Dolní Sukolom,rest.",49.78934,17.13432,OC
"Uničov,Horní Sukolom,rest.",49.8020859,17.137928,OC
"Uničov,Horní Sukolom,rest.",49.8020859,17.137928,OC
"Ústí,,rozc.",49.3104,18.00536,VS
"Úvalno,,Dolní rozcestí",50.0481224,17.7514839,BR
"Úvalno,,Dolní rozcestí",50.0481758,17.75145,BR
"Úvalno,,hájenka",50.0466652,17.7065353,BR
"Úvalno,,hájenka",50.0466576,17.7064419,BR
"Úvalno,,K Pochni",50.0464745,17.7337856,BR
"Úvalno,,K Pochni",50.0465,17.7337437,BR
"Úvalno,,Kostel",50.0471344,17.7442627,BR
"Úvalno,,Kostel",50.047184,17.74402,BR
"Úvalno,,Kulturní dům",50.047493,17.7529373,BR
"Úvalno,,Kulturní dům",50.04834,17.75273,BR
"Václavov,,hájenka",49.99029,17.3172932,BR
"Václavov,,hájenka",49.9903641,17.3173485,BR
"Václavov,,střed",49.9799728,17.3736076,BR
"Václavov,,střed",49.9800835,17.3734665,BR
"Václavovice,,garáž ČSAD",49.7504,18.3789215,OV
"Václavovice,,garáž ČSAD",49.750267,18.3787518,OV
"Václavovice,,rest.u Čepaníků",49.7560158,18.3827362,OV
"Václavovice,,rest.u Čepaníků",49.7559471,18.3825016,OV
"Václavovice,,střed",49.7563438,18.3724,OV
"Valašské Meziříčí,,aut.st.",49.4743767,17.9738331,VS
"Valašské Meziříčí,,aut.st.",49.4743767,17.9738331,VS
"Valašské Meziříčí,,aut.st.",49.4743767,17.9738331,VS
"Valašské Meziříčí,,aut.st.",49.4742851,17.9742088,VS
"Valašské Meziříčí,,DEZA I",49.4909935,17.9599171,VS
"Valašské Meziříčí,,Masarykova rozc.",49.4779358,17.9694958,VS
"Valašské Meziříčí,,Tesco",49.4844742,17.9653511,VS
"Valašské Meziříčí,,u nemocnice",49.4640541,17.9746857,VS
"Valašské Meziříčí,,u nemocnice",49.4633446,17.9746189,VS
"Valašské Meziříčí,,u skláren",49.477417,17.9798737,VS
"Valašské Meziříčí,,u skláren",49.47719,17.9822464,VS
"Valašské Meziříčí,,Vsetínská",49.4686127,17.9735756,VS
"Valašské Meziříčí,,Vsetínská",49.4686852,17.97339,VS
"Valšov,,chaty",49.92641,17.4398212,BR
"Valšov,,chaty",49.9263725,17.4396782,BR
"Valšov,,u Malovaných",49.91991,17.442688,BR
"Valšov,,u Malovaných",49.9201622,17.44278,BR
"Valšov,,žel.st.",49.9334526,17.4379539,BR
"Valšov,,žel.st.",49.933445,17.4380836,BR
"Velká Polom,,aut.st.",49.8634453,18.0976,OV
"Velká Polom,,aut.st.",49.86344,18.0975018,OV
"Velká Polom,,kaple",49.85882,18.09619,OV
"Velká Polom,,kaple",49.8589058,18.09626,OV
"Velká Polom,,rozc.Hor.Lhota",49.86979,18.080698,OV
"Velká Polom,,rozc.Hor.Lhota",49.86993,18.0805168,OV
"Velká Polom,,střed",49.86331,18.0927925,OV
"Velká Polom,,střed",49.8632774,18.0923939,OV
"Velká Polom,,U Lihovaru",49.86538,18.0895977,OV
"Velká Polom,,U Lihovaru",49.8653221,18.0894222,OV
"Velká Štáhle,,Kovohutě",49.9325027,17.3522358,BR
"Velká Štáhle,,Kovohutě",49.9330864,17.3516235,BR
"Velká Štáhle,,nad výkupem",49.9181976,17.3615246,BR
"Velká Štáhle,,nad výkupem",49.91833,17.3614254,BR
"Velká Štáhle,,rest.",49.92962,17.3565178,BR
"Velká Štáhle,,rest.",49.9297028,17.3566055,BR
"Velká Štáhle,,rozc.",49.9367027,17.3425789,BR
"Velká Štáhle,,rozc.",49.9369431,17.3418751,BR
"Velké Albrechtice,,Gigant",49.74045,18.0857334,NJ
"Velké Albrechtice,,Gigant",49.74064,18.0850353,NJ
"Velké Albrechtice,,Plemenářská farma",49.754612,18.0528469,NJ
"Velké Albrechtice,,Plemenářská farma",49.75475,18.0505276,NJ
"Velké Albrechtice,,sokolovna",49.7509727,18.0456123,NJ
"Velké Albrechtice,,sokolovna",49.7507362,18.0464764,NJ
"Velké Albrechtice,,u okálů",49.7508049,18.0268745,NJ
"Velké Albrechtice,,u okálů",49.75071,18.0271,NJ
"Velké Albrechtice,,u remízy",49.7469864,18.06376,NJ
"Velké Albrechtice,,u remízy",49.74689,18.0637913,NJ
"Velké Heraltice,,aut.st.",49.97464,17.7285061,OP
"Velké Heraltice,,aut.st.",49.97468,17.7285366,OP
"Velké Heraltice,,hosp.družstvo",49.97888,17.75262,OP
"Velké Heraltice,,hosp.družstvo",49.97884,17.75191,OP
"Velké Heraltice,,U Zámku",49.97605,17.7372437,OP
"Velké Heraltice,Košetice,kostel",49.96122,17.6888371,OP
"Velké Heraltice,Košetice,kostel",49.96125,17.6888542,OP
"Velké Heraltice,Košetice,náves",49.9585228,17.6892586,OP
"Velké Heraltice,Malé Heral.,has.zbroj.",49.9809875,17.686018,OP
"Velké Heraltice,Malé Heral.,has.zbroj.",49.98103,17.68587,OP
"Velké Heraltice,Malé Heral.,rest.",49.982132,17.6831989,OP
"Velké Heraltice,Malé Heral.,rest.",49.9823341,17.6826248,OP
"Velké Heraltice,Sádek,dvůr",49.9518547,17.7337971,OP
"Velké Heraltice,Sádek,dvůr",49.951828,17.73368,OP
"Velké Heraltice,Sádek,U Kostela",49.9529839,17.7472763,OP
"Velké Heraltice,Sádek,U Kostela",49.95308,17.747366,OP
"Velké Hoštice,,has.zbroj.",49.9348259,17.9735241,OP
"Velké Hoštice,,rest.",49.93615,17.9735489,OP
"Velké Hoštice,,rest.",49.9363022,17.97406,OP
"Velké Hoštice,,rozc.Chlebičov",49.9369774,17.9705,OP
"Velké Hoštice,,rozc.Chlebičov",49.93693,17.9703522,OP
"Velké Karlovice,,hotel Kratochvíl",49.3698921,18.3195839,VS
"Velké Karlovice,,obecní úřad",49.3653755,18.31023,VS
"Velké Karlovice,,rozc.Podťaté",49.3687363,18.3277531,VS
"Velké Karlovice,,rozc.Podťaté",49.3687363,18.3277531,VS
"Velké Karlovice,,rozc.Soláň",49.36052,18.28282,VS
"Velké Karlovice,,U Hoduláků",49.3678,18.3415031,VS
"Velké Karlovice,,U Hoduláků",49.3678,18.3415031,VS
"Velké Karlovice,,U Nádraží",49.36364,18.30261,VS
"Velké Karlovice,Leskové,hotel Razula",49.3710861,18.3562717,VS
"Velké Karlovice,Leskové,hotel Razula",49.3710861,18.3562717,VS
"Velké Karlovice,Leskové,Pod Javorem",49.3768578,18.3869,VS
"Velké Karlovice,Leskové,rozc.U Tabulí",49.3825569,18.4093056,VS
"Velké Karlovice,Leskové,rozc.U Tabulí",49.3825569,18.4093056,VS
"Velké Karlovice,Leskové,U Dorňáků",49.3753281,18.3694248,VS
"Velké Karlovice,Leskové,U Dorňáků",49.3753281,18.3694248,VS
"Vělopolí,,Janík",49.70705,18.56309,FM
"Vělopolí,,Obecní úřad",49.70052,18.5711384,FM
"Vendryně,,Gornionka",49.6679459,18.71926,FM
"Vendryně,,konečná",49.66806,18.7284164,FM
"Vendryně,,kult.dům",49.6673355,18.71142,FM
"Vendryně,,Moržol",49.64818,18.7033558,FM
"Vendryně,,Moržol",49.64852,18.7032566,FM
"Vendryně,,Na Černovském",49.6548843,18.6968765,FM
"Vendryně,,Na Černovském",49.6551476,18.6969147,FM
"Vendryně,,Na Černovském",49.65522,18.6964817,FM
"Vendryně,,stadion",49.66442,18.7043114,FM
"Vendryně,,stadion",49.66431,18.7042828,FM
"Vendryně,,stadion",49.663784,18.7039623,FM
"Vendryně,,stadion",49.6637535,18.7041454,FM
"Vendryně,,u Číže",49.6399536,18.69857,FM
"Vendryně,,u kříže",49.6594963,18.6983452,FM
"Vendryně,,u kříže",49.6594963,18.69851,FM
"Vendryně,,u žel.st.",49.65735,18.69647,FM
"Vendryně,,u žel.st.",49.6572075,18.6967926,FM
"Vendryně,,vápenka",49.6753235,18.7185383,FM
"Vendryně,Záolší,konečná",49.62536,18.70507,FM
"Vendryně,Záolší,škola",49.63229,18.7008476,FM
"Veřovice,,nákup.stř.",49.5372963,18.1255341,NJ
"Veřovice,,nákup.stř.",49.5375,18.1253815,NJ
"Veřovice,,rozc.směr Mořkov",49.54124,18.0932865,NJ
"Veřovice,,rozc.směr Mořkov",49.5412941,18.0932751,NJ
"Veřovice,,rozc.směr Ženklava",49.54152,18.0961647,NJ
"Veřovice,,rozc.směr Ženklava",49.5418243,18.0962982,NJ
"Veřovice,,SITEX",49.53876,18.1043968,NJ
"Veřovice,,SITEX",49.53886,18.1042271,NJ
"Veřovice,,škola",49.5395851,18.1146374,NJ
"Veřovice,,škola",49.5396461,18.1144447,NJ
"Veřovice,,žel.st.",49.5364647,18.1302719,NJ
"Veřovice,,žel.st.",49.5364075,18.129982,NJ
"Větřkovice,,kult.dům",49.7801361,17.8203716,OP
"Větřkovice,,kult.dům",49.7803955,17.820118,OP
"Větřkovice,,mlýn",49.7735443,17.8151836,OP
"Větřkovice,,mlýn",49.7738342,17.8160362,OP
"Větřkovice,,rozc.Jelenice",49.7815666,17.8216743,OP
"Větřkovice,,rozc.Jelenice",49.7816734,17.8209019,OP
"Větřkovice,Nové Vrbno",49.76351,17.8125324,OP
"Větřkovice,Nové Vrbno",49.763504,17.8124676,OP
"Vítkov,,aut.st.",49.7793465,17.7548676,OP
"Vítkov,,aut.st.",49.7792854,17.7549877,OP
"Vítkov,,aut.st.",49.7794876,17.7549839,OP
"Vítkov,,aut.st.",49.7794266,17.7551327,OP
"Vítkov,,aut.st.",49.7796326,17.755127,OP
"Vítkov,,aut.st.",49.7797432,17.7552319,OP
"Vítkov,,Hedva",49.77719,17.75276,OP
"Vítkov,,Hráz družby",49.767437,17.7829514,OP
"Vítkov,,Hráz družby",49.7674751,17.7830086,OP
"Vítkov,,LIDL",49.776,17.7492142,OP
"Vítkov,,LIDL",49.7760658,17.7494717,OP
"Vítkov,,nem.",49.7857552,17.76021,OP
"Vítkov,,nem.",49.7857666,17.7600918,OP
"Vítkov,,střední škola",49.77713,17.75861,OP
"Vítkov,,střední škola",49.77706,17.7585983,OP
"Vítkov,,žel.st.",49.77382,17.7481155,OP
"Vítkov,,žel.st.",49.77391,17.74818,OP
"Vítkov,Horní Ves",49.7834549,17.7621346,OP
"Vítkov,Horní Ves",49.7833862,17.7624569,OP
"Vítkov,Jelenice,střed",49.8054047,17.83578,OP
"Vítkov,Jelenice,střed",49.8053627,17.8358,OP
"Vítkov,Klokočov,has.zbroj.",49.7518425,17.7345943,OP
"Vítkov,Klokočov,has.zbroj.",49.7518272,17.7345276,OP
"Vítkov,Klokočov,kostel",49.7476425,17.74084,OP
"Vítkov,Klokočov,ozdravovna",49.7545357,17.7245884,OP
"Vítkov,Lhotka,střed",49.803688,17.7342281,OP
"Vítkov,Lhotka,střed",49.8036346,17.7340431,OP
"Vítkov,Nové Těch.",49.80694,17.7147388,OP
"Vítkov,Nové Těch.",49.8070831,17.71484,OP
"Vítkov,Podhradí",49.8024559,17.7703476,OP
"Vítkov,Podhradí",49.8023453,17.770422,OP
"Vítkov,Prostřední Dvůr",49.78344,17.7875862,OP
"Vítkov,Prostřední Dvůr",49.7835464,17.7873039,OP
"Vítkov,Zálužné",49.8228531,17.7133636,OP
"Vítkov,Zálužné",49.8228569,17.7134361,OP
"Vítkov,Zálužné,rozcestí",49.81435,17.7103786,OP
"Vítkov,Zálužné,rozcestí",49.81448,17.7107182,OP
"Vizovice,,náměstí",49.221653,17.8533325,ZL
"Vizovice,,náměstí",49.2217026,17.8532887,ZL
"Vizovice,,náměstí",49.22165,17.8533421,ZL
"Vojkovice,,kaple",49.6755676,18.457056,FM
"Vojkovice,,kaple",49.67558,18.4574413,FM
"Vojkovice,,křiž.k Dobraticím",49.6812859,18.4676113,FM
"Vojkovice,,křiž.k Dobraticím",49.6813126,18.4677162,FM
"Vojkovice,,odbočka Šprochovice",49.6783066,18.4749279,FM
"Vojkovice,,odbočka Šprochovice",49.67868,18.4743271,FM
"Vojkovice,,střed",49.6808777,18.46568,FM
"Vojkovice,,střed",49.68183,18.46693,FM
"Vratimov,,Důlňák",49.7645149,18.3363762,OV
"Vratimov,,Důlňák",49.7646141,18.3363876,OV
"Vratimov,,Kartonážka",49.7792358,18.31849,OV
"Vratimov,,Kartonážka",49.7786942,18.3180923,OV
"Vratimov,,nádraží",49.7717438,18.3014679,OV
"Vratimov,,nádraží",49.7719536,18.30035,OV
"Vratimov,,náměstí",49.77163,18.3072186,OV
"Vratimov,,náměstí",49.77091,18.308094,OV
"Vratimov,,Odboje",49.7661438,18.3122768,OV
"Vratimov,,Odboje",49.7670135,18.3118572,OV
"Vratimov,,rest.Nimrod",49.7567062,18.3136425,OV
"Vratimov,,rest.Nimrod",49.7562561,18.3137951,OV
"Vratimov,,u kříže",49.7501335,18.3116245,OV
"Vratimov,,u kříže",49.7498322,18.3117332,OV
"Vratimov,,U Paneláků",49.76837,18.3230324,OV
"Vratimov,,U Paneláků",49.76827,18.3239651,OV
"Vratimov,,ZD",49.76204,18.31311,OV
"Vratimov,,ZD",49.76238,18.3133488,OV
"Vratimov,Horní Datyně,Společenský dům",49.76562,18.35473,OV
"Vratimov,Horní Datyně,Společenský dům",49.76502,18.35324,OV
"Vražné,,pošta",49.6259766,17.86136,NJ
"Vražné,,pošta",49.625988,17.8611469,NJ
"Vražné,,rest.",49.6286,17.8662739,NJ
"Vražné,,rest.",49.6287155,17.8671246,NJ
"Vražné,,rest.",49.62813,17.8668518,NJ
"Vražné,,U hřiště",49.62423,17.8516922,NJ
"Vražné,,U hřiště",49.62433,17.8518753,NJ
"Vražné,,u mlýna",49.6360779,17.8567924,NJ
"Vražné,,u mlýna",49.63561,17.85719,NJ
"Vražné,Emauzy",49.6373253,17.8341236,NJ
"Vražné,Emauzy",49.6380424,17.8350372,NJ
"Vražné,Hynčice",49.62175,17.8397846,NJ
"Vražné,Hynčice",49.6217766,17.83969,NJ
"Vražné,Hynčice,Mendel",49.61902,17.83566,NJ
"Vražné,Hynčice,Mendel",49.6190453,17.8355446,NJ
"Vrbno p.Prad.,,centrum",50.12017,17.384304,BR
"Vrbno p.Prad.,,centrum",50.12125,17.3810539,BR
"Vrbno p.Prad.,,Dřevokombinát",50.1225052,17.3733234,BR
"Vrbno p.Prad.,,Dřevokombinát",50.12259,17.3727589,BR
"Vrbno p.Prad.,,rozc.Ludvíkov",50.12333,17.3626156,BR
"Vrbno p.Prad.,,rozc.Ludvíkov",50.12325,17.3625469,BR
"Vrbno p.Prad.,,rozc.Ludvíkov",50.1236725,17.3631668,BR
"Vrbno p.Prad.,,rozc.Ludvíkov",50.1237869,17.36296,BR
"Vrbno p.Prad.,,zámeček",50.11351,17.39347,BR
"Vrbno p.Prad.,,zámeček",50.1135559,17.3936138,BR
"Vrbno p.Prad.,,žel.st.",50.11748,17.3879662,BR
"Vrbno p.Prad.,,žel.st.",50.1175,17.3877926,BR
"Vrbno p.Prad.,Bílý Potok",50.12949,17.3177,BR
"Vrbno p.Prad.,Bílý Potok",50.12943,17.3177071,BR
"Vrbno p.Prad.,Mnichov,Dom.důch.",50.138443,17.3795929,BR
"Vrbno p.Prad.,Mnichov,Dom.důch.",50.1384468,17.37967,BR
"Vrbno p.Prad.,Mnichov,hájenka",50.1491356,17.3744736,BR
"Vrbno p.Prad.,Mnichov,hájenka",50.1491776,17.3745155,BR
"Vrbno p.Prad.,Mnichov,konečná",50.1548576,17.369482,BR
"Vrbno p.Prad.,Mnichov,Rákosí",50.128,17.3761883,BR
"Vrbno p.Prad.,Mnichov,Rákosí",50.1279945,17.3762569,BR
"Vrbno p.Prad.,Mnichov,sběr.sur.",50.12578,17.3808517,BR
"Vrbno p.Prad.,Mnichov,u mostu",50.1438942,17.3790016,BR
"Vrbno p.Prad.,Mnichov,u mostu",50.1439438,17.3788433,BR
"Vrbno p.Prad.,Vidly,konečná",50.1051674,17.26877,BR
"Vrbno p.Prad.,Vidly,konečná",50.10627,17.2721863,BR
"Vrbno p.Prad.,Železná,hájenka",50.12755,17.35602,BR
"Vrbno p.Prad.,Železná,hájenka",50.12761,17.3559589,BR
"Vrbno p.Prad.,Železná,rozc.",50.1271248,17.3646069,BR
"Vrbno p.Prad.,Železná,rozc.",50.1271629,17.3646755,BR
"Vrchy,,hájenka",49.74887,17.8862267,NJ
"Vrchy,,hájenka",49.7490158,17.8861179,NJ
"Vrchy,,rest.",49.7503662,17.8715172,NJ
"Vrchy,,rest.",49.75049,17.8714466,NJ
Vršovice,49.8861427,17.9337444,OP
Vršovice,49.8861923,17.9336033,OP
"Vřesina,,Dařanec",49.9493828,18.1950836,OP
"Vřesina,,Dařanec",49.94906,18.1952915,OP
"Vřesina,,hřbitov",49.8227959,18.1296158,OV
"Vřesina,,hřbitov",49.8226662,18.1298389,OV
"Vřesina,,kaple",49.818367,18.121582,OV
"Vřesina,,kaple",49.81829,18.1213436,OV
"Vřesina,,Mexiko",49.80632,18.1237144,OV
"Vřesina,,Mexiko",49.806427,18.1236687,OV
"Vřesina,,rest.",49.94447,18.1941471,OP
"Vřesina,,rest.",49.9452133,18.1943989,OP
"Vřesina,,samoobsluha",49.8223534,18.12551,OV
"Vřesina,,samoobsluha",49.8223763,18.12541,OV
"Vřesina,,U Hájenky",49.95551,18.19576,OP
"Vřesina,,U Hájenky",49.9547729,18.1955929,OP
"Vřesina,,u potoka",49.8113747,18.1233654,OV
"Vřesina,,u potoka",49.8114052,18.1233,OV
"Vsetín,,aut.nádr.",49.3347778,17.99677,VS
"Vsetín,,aut.nádr.",49.33481,17.9967,VS
"Vsetín,,aut.nádr.",49.3347778,17.99677,VS
"Vsetín,,aut.nádr.",49.3347778,17.99677,VS
"Vsetín,Ohrada",49.3301964,18.0020523,VS
"Vsetín,Rokytnice",49.3331451,17.9869766,VS
"Vsetín,Rokytnice",49.3333,17.9869366,VS
"Vysoká,,náves",50.2612762,17.59045,BR
"Vysoká,,rozc.",50.255352,17.5862751,BR
"Vysoká,,střed",50.2622337,17.58866,BR
"Vysoká,,střed",50.26243,17.5889072,BR
"Vysoká,Bartultovice",50.2755432,17.5875225,BR
"Vysoká,Pitárné,rozc.",50.2491226,17.6017723,BR
"Vysoká,Pitárné,rozc.",50.2490234,17.601944,BR
"Vysoká,Pitárné,u Grossmanů",50.24217,17.5938683,BR
"Vysoká,Pitárné,u Němečků",50.25258,17.6141319,BR
"Vysoká,Pitárné,u Němečků",50.2525978,17.61411,BR
"Vysoké Mýto,,aut.nádr.",49.95299,16.1559448,UO
"Vyšní Lhoty,,pod Prašivou",49.6295052,18.4674549,FM
"Vyšní Lhoty,,pod Prašivou",49.6294441,18.46736,FM
"Vyšní Lhoty,,přivádeč",49.6402321,18.4536972,FM
"Vyšní Lhoty,,přivádeč",49.6402779,18.45362,FM
"Vyšní Lhoty,,rest.Harenda",49.6483154,18.4849319,FM
"Vyšní Lhoty,,rest.Harenda",49.6483078,18.48483,FM
"Vyšní Lhoty,,rest.Maryčka",49.6361122,18.45601,FM
"Vyšní Lhoty,,rest.Maryčka",49.6361046,18.4565411,FM
"Vyšní Lhoty,,u kříže",49.64078,18.4465866,FM
"Vyšní Lhoty,,u kříže",49.64098,18.4462337,FM
"Vyšní Lhoty,,u mostu",49.62448,18.4746838,FM
"Vyšní Lhoty,,u mostu",49.6248741,18.4746742,FM
"Vyšní Lhoty,,u vodárny",49.64315,18.46373,FM
"Vyšní Lhoty,,u vodárny",49.64322,18.4636841,FM
"Vyšní Lhoty,,Višňovka",49.64606,18.4743786,FM
"Vyšní Lhoty,,Višňovka",49.64615,18.4743252,FM
"Zádveřice-Raková,Zádveřice",49.2123833,17.8067913,ZL
"Zádveřice-Raková,Zádveřice",49.2122574,17.8071861,ZL
"Zátor,,č.68",50.0279732,17.5941563,BR
"Zátor,,č.68",50.0280876,17.59425,BR
"Zátor,,DPS",50.03313,17.5940418,BR
"Zátor,,DPS",50.033,17.5939884,BR
"Zátor,,Iktus",50.043232,17.5799217,BR
"Zátor,,Iktus",50.04305,17.5798035,BR
"Zátor,,kyselka",50.0401764,17.5939884,BR
"Zátor,,kyselka",50.0403938,17.5941925,BR
"Zátor,,obecní úřad",50.04337,17.5915489,BR
"Zátor,,obecní úřad",50.0433,17.5914764,BR
"Zátor,,pod točnou",50.0230865,17.59396,BR
"Zátor,,pod točnou",50.02318,17.5939827,BR
"Zátor,,škola",50.0445251,17.5889015,BR
"Zátor,,škola",50.04447,17.58917,BR
"Zátor,,točna",50.02173,17.5956631,BR
"Zátor,,u mostu",50.0501938,17.6026535,BR
"Zátor,,u mostu",50.0502319,17.6026077,BR
"Závada,,rest.",49.9541,18.1653061,OP
"Závada,,rest.",49.9541779,18.1653881,OP
"Závišice,,rozc.Příbor Palička",49.61084,18.1204262,NJ
"Závišice,,rozc.Příbor Palička",49.61091,18.1202259,NJ
"Závišice,,rozc.Štramberk",49.6047058,18.1023884,NJ
"Závišice,,rozc.Štramberk",49.6047134,18.1024685,NJ
"Závišice,,u mostu",49.6106758,18.1030464,NJ
"Závišice,,u mostu",49.6107254,18.1029472,NJ
"Závišice,Paseky",49.61351,18.1197968,NJ
"Závišice,Paseky",49.6141739,18.1195641,NJ
"Zbyslavice,,střed",49.80527,18.07637,OV
"Zbyslavice,,střed",49.8053474,18.0763149,OV
"Zlaté Hory,,aut.st.",50.2606,17.39812,JE
"Zlaté Hory,,aut.st.",50.26045,17.3984432,JE
"Zlaté Hory,,aut.st.",50.2605553,17.3984337,JE
"Zlaté Hory,,Jednota",50.25373,17.3991127,JE
"Zlaté Hory,,Jednota",50.2538033,17.3992176,JE
"Zlaté Hory,,Jednota",50.2537041,17.3989353,JE
"Zlaté Hory,,poutní kostel",50.21626,17.40445,JE
"Zlaté Hory,,poutní kostel",50.2162,17.4042549,JE
"Zlaté Hory,,poutní kostel",50.2163048,17.4045982,JE
"Zlaté Hory,,RD",50.2245064,17.4048214,JE
"Zlaté Hory,,RD",50.22405,17.4049358,JE
"Zlaté Hory,,RD",50.2249374,17.4047012,JE
"Zlaté Hory,,rozc.k areálu BOHEMA",50.2474823,17.3967667,JE
"Zlaté Hory,,rozc.k areálu BOHEMA",50.2475662,17.39705,JE
"Zlaté Hory,,rozc.k areálu BOHEMA",50.2474,17.3964748,JE
"Zlaté Hory,Ondřejovice,rest.",50.2636261,17.3540363,JE
"Zlaté Hory,Ondřejovice,záv.",50.2819824,17.3385811,JE
"Zlaté Hory,Petrovy Boudy,hřeben",50.2423477,17.4270935,BR
"Zlaté Hory,Petrovy Boudy,hřeben",50.2424164,17.42721,BR
"Zlín,,aut.nádr.",49.225975,17.6602631,ZL
"Zlín,,aut.nádr.",49.225975,17.6602631,ZL
"Zlín,,aut.nádr.",49.225975,17.6602631,ZL
"Zlín,,aut.nádr.",49.225975,17.6602631,ZL
"Zlín,,Dlouhá",49.2263336,17.6687012,ZL
"Zlín,,nemocnice",49.2251167,17.689642,ZL
"Zlín,,nemocnice",49.2250938,17.6892376,ZL
"Zlín,,nemocnice",49.2250671,17.6895981,ZL
"Zlín,,nemocnice",49.2251167,17.689642,ZL
"Zlín,Malenovice,U Mlýna",49.2075157,17.5849628,ZL
"Zlín,Malenovice,U Mlýna",49.2075157,17.5849628,ZL
"Zubří,,žel.st.",49.46106,18.0923862,VS
"Žabeň,,střed",49.7090378,18.3046112,FM
"Žabeň,,střed",49.70869,18.30458,FM
"Želechovice n.Dřev.,,křiž.",49.21883,17.74623,ZL
"Želechovice n.Dřev.,,křiž.",49.21896,17.7450371,ZL
"Ženklava,,kostel",49.56386,18.1077423,NJ
"Ženklava,,kostel",49.56384,18.1079,NJ
"Ženklava,,Lacina",49.5569649,18.1036835,NJ
"Ženklava,,Lacina",49.5570374,18.1036034,NJ
"Ženklava,,most",49.5719,18.1091633,NJ
"Ženklava,,most",49.5719337,18.109272,NJ
"Žermanice,,pod hrází",49.73715,18.44049,FM
"Žermanice,,pod hrází",49.7370949,18.44067,FM
"Žermanice,,rozc.",49.740303,18.4484711,FM
"Žermanice,,rozc.",49.7398834,18.4492645,FM
"Žermanice,,rozc.",49.7401924,18.4480019,FM
"Žermanice,,Zbytky",49.730732,18.4319267,FM
"Žermanice,,Zbytky",49.73063,18.43164,FM
"Žilina,,AS",49.2253723,18.74798,
"Životice u N.Jičína,,kostel",49.55274,18.0515232,NJ
"Životice u N.Jičína,,kostel",49.5528221,18.0516129,NJ
"Životice u N.Jičína,,obecní úřad",49.5568161,18.0472832,NJ
"Životice u N.Jičína,,obecní úřad",49.55846,18.0467358,NJ
"Životice u N.Jičína,,u Jana",49.5652351,18.0435829,NJ
"Životice u N.Jičína,,u Jana",49.5650978,18.04348,NJ
