"Bezvěrov,Dolní Jamné",49.97341190513979,13.059541704332148,PS,CZ
"Bezvěrov,Dolní Jamné",49.97354560480288,13.059454404068614,PS,CZ
"Bezvěrov,Chudeč,rozc.",49.9734592048273,13.077503904145063,PS,CZ
"Bezvěrov,Chudeč,rozc.",49.97312140520951,13.07729000394295,PS,CZ
"Bezvěrov,Chudeč,rozc.",49.974105805484456,13.077210605074033,PS,CZ
"Bezvěrov,Chudeč,rozc.",49.974162805272194,13.077106104267257,PS,CZ
"Bezvěrov,Krašov",49.9966717049808,13.097069704814695,PS,CZ
"Bezvěrov,Služetín",50.010863905192814,13.088185304326021,PS,CZ
"Bezvěrov,Služetín",50.01088110481507,13.088035004425334,PS,CZ
"Bezvěrov,Světec",49.96141110552014,13.038104704888095,PS,CZ
"Bezvěrov,Světec",49.961461905163866,13.038173304216286,PS,CZ
"Bezvěrov,Vlkošov",50.010914704655136,13.112674204104474,PS,CZ
"Bezvěrov,Vlkošov",50.01096470518164,13.11258830412913,PS,CZ
Bílov,50.01720220494435,13.424581404494282,PS,CZ
"Biřkov,,kaplička",49.5184442049666,13.231191905293569,KT,CZ
"Biřkov,,kaplička",49.518207204532686,13.230633104507767,KT,CZ
"Biřkov,,VAÚ",49.520798604506936,13.242871704803667,KT,CZ
"Biřkov,Zderaz,rozc.0.5",49.507724404294216,13.21547330498043,KT,CZ
"Biřkov,Zderaz,rozc.0.5",49.507805304313855,13.215603904353152,KT,CZ
"Blatná,,žel.st.",49.43062000426851,13.87306170533533,ST,CZ
"Blatná,,Palackého",49.42891100498014,13.881743905257025,ST,CZ
"Blatná,,Palackého",49.428153304785376,13.881971904572621,ST,CZ
Blatnice,49.72002140521792,13.157340004912406,PS,CZ
Blatnice,49.71972670462951,13.157091905132889,PS,CZ
"Blatnice,,rozc.",49.7152681052975,13.159145004994414,PS,CZ
"Blatnice,,rozc.",49.71537810475294,13.159154404399088,PS,CZ
Blatno,50.096910605138014,13.389362204446844,LN,CZ
Blatno,50.09679970509454,13.38955670501587,LN,CZ
"Blatno,,žel.st.",50.09968610554411,13.389558905207132,LN,CZ
Blažim,49.9160942054042,13.04754860450835,PS,CZ
Blažim,49.91610030516182,13.047613104647697,PS,CZ
Blížejov,49.50023440469343,12.989495004852664,DO,CZ
Blížejov,49.50046970492767,12.989682804531817,DO,CZ
"Blížejov,,škola",49.49935810501155,12.987392504545431,DO,CZ
"Blížejov,,škola",49.499229404364655,12.98734470520123,DO,CZ
"Blížejov,,žel.st.",49.501152204614264,12.993889204627502,DO,CZ
"Blížejov,Františkov",49.49702170509647,13.016839404931119,DO,CZ
"Blížejov,Lštění,Hvízdalka",49.48662920499253,13.0400086048791,DO,CZ
"Blovice,Štítov",49.60102220514275,13.568204205104344,PJ,CZ
"Blovice,Štítov",49.60116720476252,13.568410804851917,PJ,CZ
"Blovice,Vlčice",49.5684731047829,13.546726405139108,PJ,CZ
"Blovice,Vlčice",49.57013780493419,13.54631330529168,PJ,CZ
"Bohy,Rakolusky",49.92762280525861,13.5966742046518,PS,CZ
"Bochov,,nám.",50.150298605275445,13.045382203767906,KV,CZ
"Bochov,,nám.",50.15034530516017,13.045478904045561,KV,CZ
"Bochov,Dlouhá Ves",50.128966705075186,13.047746704392571,KV,CZ
"Bochov,Dlouhá Ves",50.128701905341195,13.047981404005256,KV,CZ
"Bochov,Kozlov",50.10741190529706,13.09783900404258,KV,CZ
"Bochov,Kozlov",50.10794500486512,13.030573605222376,KV,CZ
"Bochov,Kozlov,rozc.",50.100761705561496,13.024796104994394,KV,CZ
"Bochov,Kozlov,rozc.",50.101438905476684,13.02482440468156,KV,CZ
Bolešiny,49.410056104353885,13.36256250510107,KT,CZ
Bolešiny,49.41007530492205,13.362759705102484,KT,CZ
"Bolešiny,Domažličky",49.419245804643126,13.380098605444916,KT,CZ
"Bolešiny,Kroměždice",49.40779640486709,13.398490004768925,KT,CZ
"Bolešiny,Kroměždice",49.40782220419091,13.399340605055139,KT,CZ
"Bolešiny,Kroměždice,rozc.u prodejny",49.408367204222735,13.399790804614925,KT,CZ
"Bolešiny,Kroměždice,rozc.u prodejny",49.408220804964195,13.399738605192978,KT,CZ
"Bolešiny,Pečetín",49.4187108046518,13.404251705108448,KT,CZ
"Bolešiny,Slavošovice,rozc.0.5",49.399842205031135,13.336005604986685,KT,CZ
"Bolešiny,Slavošovice,rozc.0.5",49.39985970463392,13.336296704909298,KT,CZ
"Bolešiny,Újezdec",49.430347504291845,13.368622205264607,KT,CZ
"Bolešiny,Újezdec",49.43034500438858,13.368795305132409,KT,CZ
Bolkov,49.533842805106595,13.224857504259115,PJ,CZ
Bolkov,49.5342294051599,13.224755605009715,PJ,CZ
"Bor,,aut.st.",49.71514900469744,12.777816004940378,TC,CZ
"Bor,,aut.st.",49.71501200473621,12.777806004256668,TC,CZ
"Bor,,aut.st.",49.71482500469376,12.777762004402346,TC,CZ
"Bor,,aut.st.",49.71511200497301,12.77765600481952,TC,CZ
"Bor,,aut.st.",49.714932004448336,12.777644004208785,TC,CZ
"Bor,,aut.st.",49.71476600468866,12.777612004206807,TC,CZ
"Bor,,statek",49.70946670483446,12.780003304447757,TC,CZ
"Bor,,statek",49.70947690478879,12.780212504551084,TC,CZ
"Bor,,Agroservis",49.72275170495678,12.77889330415035,TC,CZ
"Bor,,Agroservis",49.72294940536228,12.779063604464103,TC,CZ
"Bor,,ZŠ",49.71268690494406,12.772731703893083,TC,CZ
"Bor,,ZŠ",49.712976704754574,12.772032804741702,TC,CZ
"Bor,Bezděkov",49.77909780519742,12.776582503563901,TC,CZ
"Bor,Bezděkov",49.77917140505936,12.776633303976364,TC,CZ
"Karlovy Vary,,Matoniho nábř.",50.23979750532922,12.889447204922439,KV,CZ
"Karlovy Vary,,Matoniho nábř.",50.23868280486284,12.888489204751789,KV,CZ
"Sirá,,rozc.1.0",49.8326367052087,13.733230804435852,RO,CZ
"Sirá,,rozc.1.0",49.83267060518598,13.733150605698574,RO,CZ
"Babylon,,hotel Belveder",49.393617804595145,12.859940304309614,DO,CZ
"Babylon,,hotel Belveder",49.393930304605966,12.859928304472014,DO,CZ
"Babylon,,hotel Bohmann",49.39894810442298,12.859318104958053,DO,CZ
"Babylon,,hotel Bohmann",49.39914890445381,12.8594764041511,DO,CZ
"Babylon,,koupaliště",49.40419420506377,12.8601119045752,DO,CZ
"Babylon,,koupaliště",49.404944704597334,12.86081250401877,DO,CZ
Bayer.Eisenstein,49.12132371535207,13.207974306315691,,CZ
"Bayer.Eisenstein,,Local-Bahn-Museum",49.119610725404,13.203160631981644,,CZ
Bdeněves,49.76944280506614,13.235357804268109,PS,CZ
Bdeněves,49.76951030512824,13.235155305302706,PS,CZ
"Bdeněves,,háj.",49.76751280497993,13.207090304296756,PS,CZ
"Bdeněves,,háj.",49.76722610479221,13.200532204088715,PS,CZ
Bečov n.Teplou,50.088246105473864,12.840627204215878,KV,CZ
Bečov n.Teplou,50.08844280515794,12.840438904609389,KV,CZ
"Bečov n.Teplou,Krásný Jez",50.12597190548445,12.85111750484382,KV,CZ
"Bečov n.Teplou,Krásný Jez",50.12484780499764,12.850689703685081,KV,CZ
"Bečov n.Teplou,Vodná",50.105583904815276,12.84682860460112,KV,CZ
"Bečov n.Teplou,Vodná",50.10574330504924,12.84682580436199,KV,CZ
Běhařov,49.34480170466797,13.160210804064072,KT,CZ
"Bělá nad Radbuzou,,KOVOBEL",49.592178005206435,12.72461300390452,DO,CZ
"Bělá nad Radbuzou,,KOVOBEL",49.59219100516846,12.724670003727354,DO,CZ
"Bělá nad Radbuzou,,rozcestí Železná",49.59090390483724,12.702919404708886,DO,CZ
"Bělá nad Radbuzou,,rozcestí Železná",49.59069860491146,12.70233030365593,DO,CZ
"Bělá nad Radbuzou,,rozcestí Železná",49.59715220507567,12.74459310382167,DO,CZ
"Bělá nad Radbuzou,Čečín",49.59718750469112,12.74457440464796,DO,CZ
"Bělá nad Radbuzou,Železná",49.58574470491236,12.587790304020912,DO,CZ
"Běšiny,,náves",49.299133904280936,13.30998890441615,KT,CZ
"Běšiny,,náves",49.299413304878016,13.310729204094665,KT,CZ
"Běšiny,,u žel.přejezdu",49.30659500481571,13.30189110471511,KT,CZ
"Běšiny,,u žel.přejezdu",49.306609204828256,13.301971704862536,KT,CZ
"Horažďovice,Svaté Pole",49.30346580459705,13.716556405469406,KT,CZ
"Horažďovice,Třebomyslice",49.35119170448728,13.670340305106793,KT,CZ
"Horažďovice,Třebomyslice",49.35106580436344,13.670366104704815,KT,CZ
"Horažďovice,Třebomyslice,u háj.",49.35936420456254,13.658396705376276,KT,CZ
"Horažďovice,Třebomyslice,u háj.",49.359289204242835,13.658324705040167,KT,CZ
"Horažďovice,Veřechov",49.28782690487024,13.711384405356576,KT,CZ
"Horažďovice,Veřechov",49.28776920450052,13.711456404472285,KT,CZ
Horní Bělá,49.88892940482653,13.264972204594637,PS,CZ
Horní Bělá,49.88888110528362,13.264573105204216,PS,CZ
"Horní Bělá,Hubenov",49.88751530465814,13.238036104067925,PS,CZ
"Horní Bělá,Hubenov",49.88762140452328,13.237919704452453,PS,CZ
"Horní Bělá,Tlucná",49.87787890529767,13.284724204254518,PS,CZ
"Horní Bělá,Tlucná",49.87883110534911,13.285326404589211,PS,CZ
"Horní Bělá,Vrtbo",49.886578904731046,13.249223104353678,PS,CZ
"Horní Bělá,Vrtbo",49.88644110466213,13.24909310516794,PS,CZ
"Horní Bělá,Vrtbo,rozc.",49.88538890469747,13.24159310507044,PS,CZ
Horní Bříza,49.84020420496569,13.353131705041754,PS,CZ
Horní Bříza,49.8404328047788,13.353206104815955,PS,CZ
Horní Bříza,49.84022250479235,13.354692204824174,PS,CZ
Horní Bříza,49.840321105016464,13.354639704912268,PS,CZ
"Horní Bříza,,aut.st.",49.84901060492708,13.37251940472127,PS,CZ
"Horní Bříza,,rozc.1.0",49.85270170486033,13.389991404896177,PS,CZ
"Horní Bříza,,rozc.1.0",49.8529225046108,13.390068605000183,PS,CZ
"Horní Bříza,,sídliště",49.84338610526782,13.357263105261582,PS,CZ
"Horní Bříza,,Sluneční údolí",49.84710140500683,13.344512504958436,PS,CZ
"Horní Bříza,,Sluneční údolí",49.846914404691645,13.344846104164084,PS,CZ
"Horní Bříza,,Kaolinka",49.85650470462929,13.362658604223732,PS,CZ
"Horní Bříza,,žel.st.",49.85050140524263,13.380268304662591,PS,CZ
"Horní Bříza,,žel.st.",49.85042940487248,13.380454704859599,PS,CZ
Horní Kamenice,49.568947804882114,13.099260803908969,PJ,CZ
Horní Kozolupy,49.83868420461857,12.943298303883394,TC,CZ
Horní Kozolupy,49.8385369044861,12.943335804044718,TC,CZ
"Horní Kozolupy,,rozc.",49.83716170542772,12.944198104723624,TC,CZ
"Horní Kozolupy,,rozc.",49.83718500469925,12.944261105116249,TC,CZ
"Horní Kozolupy,Očín",49.84303920507028,12.945278104019478,TC,CZ
Brnířov,49.38476420450034,13.047828604812715,DO,CZ
Brnířov,49.38493720431832,13.04778030498175,DO,CZ
"Brnířov,,žel.přejezd",49.38156110447943,13.042745304562809,DO,CZ
"Brnířov,,žel.přejezd",49.38154810424811,13.04271860471014,DO,CZ
Brod nad Tichou,49.83592470535134,12.741302503411793,TC,CZ
Brod nad Tichou,49.83566280529455,12.741353304432852,TC,CZ
"Brod nad Tichou,,nádraží",49.829966704679656,12.740416904413271,TC,CZ
"Brod nad Tichou,,nádraží",49.82997190460691,12.740481403656263,TC,CZ
"Brod nad Tichou,,ZCHPD",49.8240644052984,12.737593604392309,TC,CZ
"Brod nad Tichou,,ZCHPD",49.825255005165474,12.737840304010135,TC,CZ
Brodeslavy,49.95326060535623,13.55761560549889,PS,CZ
Brodeslavy,49.95328640466306,13.557535805662297,PS,CZ
"Brodeslavy,,rozc.",49.95417030533545,13.548067505250414,PS,CZ
"Brodeslavy,,rozc.",49.95414610533595,13.548024405024956,PS,CZ
Broumov,49.88920530483813,12.606828304125836,TC,CZ
"Břasy,,Křemelák",49.82888640445241,13.587936104782841,RO,CZ
"Břasy,,Křemelák",49.82878810536438,13.58780530549058,RO,CZ
"Břasy,,ObÚ",49.82891390503289,13.584261904899847,RO,CZ
"Břasy,,ObÚ",49.829132804537856,13.584188105413716,RO,CZ
"Břasy,,ObÚ",49.82794220482478,13.584981404365868,RO,CZ
"Břasy,,ObÚ",49.82800390484661,13.58489110542852,RO,CZ
"Břasy,,záv.",49.83410690459972,13.583112205739836,RO,CZ
"Břasy,,záv.",49.83373080469044,13.583978605496908,RO,CZ
"Břasy,Darová",49.83681780505444,13.517368104527387,RO,CZ
"Břasy,Darová,důl",49.83778530446529,13.531014705048054,RO,CZ
"Břasy,Darová,důl",49.83775780526,13.5310694043055,RO,CZ
"Břasy,Dolní Stupno",49.81806170482443,13.576387504607125,RO,CZ
"Břasy,Dolní Stupno",49.81811860481985,13.576490805487822,RO,CZ
"Břasy,Kříše",49.83117360467901,13.555570605665553,RO,CZ
"Břasy,Stupno,žel.st.",49.82466940466567,13.578037804496827,RO,CZ
"Břasy,Stupno,žel.st.",49.8250814049618,13.577713105213993,RO,CZ
"Břasy,,u hřiště",49.836120004658056,13.57967690570752,RO,CZ
"Břasy,,u hřiště",49.8354703045577,13.580205305301666,RO,CZ
"Břasy,,u statku",49.84177780503253,13.586674204738168,RO,CZ
"Břasy,,u statku",49.84172920485094,13.586508604692394,RO,CZ
"Břasy,Vranovice",49.84529720504621,13.554167205145394,RO,CZ
"Břasy,Vranovice",49.84522440450315,13.55437970526747,RO,CZ
"Břasy,,DPS",49.84035140511337,13.578704204988584,RO,CZ
"Břasy,,DPS",49.84005780456647,13.578624405377282,RO,CZ
"Břasy,Vranovice,u Martínků",49.843370005057615,13.567455605472277,RO,CZ
"Břasy,Vranovice,u Martínků",49.843329705144576,13.567321404525368,RO,CZ
"Čachrov,Chvalšovice,rozc.2.0",49.247190004699355,13.313377505387852,KT,CZ
"Čachrov,Chvalšovice,rozc.2.0",49.24726640419374,13.313302204325717,KT,CZ
"Čachrov,Javorná,prodejna",49.21749890407018,13.302944204244287,KT,CZ
"Čachrov,Javorná,prodejna",49.21721420451388,13.30313830502427,KT,CZ
"Čachrov,Javorná,u rest.",49.22330440487814,13.289748605194394,KT,CZ
"Čachrov,Javorná,u rest.",49.22301080476091,13.289803604239003,KT,CZ
"Čachrov,Jesení",49.24752780412717,13.29695170435107,KT,CZ
"Čachrov,Jesení",49.246014204841885,13.295675305156276,KT,CZ
"Čachrov,Jesení,u Tomanů",49.239079404975584,13.291778905093741,KT,CZ
"Čachrov,Jesení,u Tomanů",49.239028104500015,13.291809404335405,KT,CZ
"Čachrov,Kunkovice",49.24981750448611,13.326635805344294,KT,CZ
"Čachrov,Kunkovice,rozc.3.0",49.25360110485784,13.30645940434381,KT,CZ
"Čachrov,Kunkovice,rozc.3.0",49.253286104813185,13.306335604441868,KT,CZ
"Čachrov,Onen Svět,rozc.0.8",49.231165804281645,13.286233604881005,KT,CZ
"Čachrov,Onen Svět,rozc.0.8",49.23157440450565,13.285762204324149,KT,CZ
"Částkov,,obec",49.75607690506343,12.674525603993136,TC,CZ
"Částkov,Maršovy Chody",49.75351330456561,12.648294403767895,TC,CZ
"Částkov,Maršovy Chody,rozc.",49.75395500469149,12.643474203573716,TC,CZ
"Částkov,Maršovy Chody,rozc.",49.75392470497949,12.643447004367813,TC,CZ
"Částkov,Pernolec",49.77411940514905,12.677420603782096,TC,CZ
"Částkov,Pernolec",49.77436890491241,12.677352204708125,TC,CZ
Čečovice,49.585368905212135,13.02201920466994,PJ,CZ
Čečovice,49.58536030439726,13.021917504011803,PJ,CZ
Čeminy,49.79960920464572,13.252916404396483,PS,CZ
"Čeminy,Kumberk",49.791635604725336,13.270019205169518,PS,CZ
"Čeminy,Kumberk",49.79164170513496,13.269924705194258,PS,CZ
"Město Touškov,,rozc.Kumberk",49.7754575051482,13.26941780409477,PS,CZ
"Město Touškov,,rozc.Kumberk",49.775357204427465,13.26950610441564,PM,CZ
Čermná,49.53162360502887,13.11467610466998,DO,CZ
Čermná,49.53184530509146,13.114461704855488,DO,CZ
"Čermná,,rozc.0.5",49.53055970500205,13.128718104195935,DO,CZ
"Čermná,,rozc.0.5",49.530618104701155,13.128756905096669,DO,CZ
"Petrohrad,Černčice",50.13950920531955,13.436663105290128,LN,CZ
"Petrohrad,Černčice",50.13936830551544,13.436688604797618,LN,CZ
"Petrohrad,Černčice,škola",50.142024204969736,13.435764705043146,LN,CZ
"Petrohrad,Černčice,škola",50.14201220512602,13.435625304197549,LN,CZ
Černíkov,49.42245580454109,13.129661904907032,KT,CZ
"Česká Kubice,,Koptovna",49.37458030437977,12.860965304982216,DO,CZ
"Česká Kubice,,škola",49.36939860442316,12.859012804640832,DO,CZ
"Česká Kubice,,škola",49.369409405061894,12.859240304675472,DO,CZ
"Česká Kubice,,žel.st.",49.37157860479142,12.863400804934958,DO,CZ
"Česká Kubice,,žel.st.",49.37151780429796,12.863912204662084,DO,CZ
"Česká Kubice,Folmava",49.352007204980254,12.849943104857415,DO,CZ
"Česká Kubice,Folmava",49.35196470507759,12.850053604726998,DO,CZ
"Česká Kubice,Malý Spálenec",49.36591670449744,12.882901404262551,DO,CZ
"Česká Kubice,Malý Spálenec",49.36592420498859,12.882971704019546,DO,CZ
"Česká Kubice,Malý Spálenec,chaty",49.3688756044132,12.875172504704189,DO,CZ
"Česká Kubice,Malý Spálenec,chaty",49.36891140461815,12.875122204752053,DO,CZ
"Česká Kubice,Spálenec",49.35959310493073,12.893710604470733,DO,CZ
"Číhaň,,rozc.0.4",49.34290110482092,13.432865305017456,KT,CZ
"Číhaň,rozc.0,4",49.3413400042153,13.432004405049756,KT,CZ
"Číháň,,točna",49.342120304231955,13.426366104543838,KT,CZ
"Číhaň,Bukovák,u nadjezdu",49.35046420479795,13.421398304398677,KT,CZ
"Číhaň,Bukovák,u nadjezdu",49.351305004265605,13.41908610488119,KT,CZ
"Číhaň,Plánička,rozc.0.4",49.34709170488451,13.460286705151713,KT,CZ
"Číhaň,Plánička,rozc.0.4",49.3470217048788,13.460088104814309,KT,CZ
Čilá,49.960464404807304,13.742534705166822,RO,CZ
Čilá,49.96035080485996,13.74222920525454,RO,CZ
Čímice,49.25314690425609,13.605716905178165,KT,CZ
Čistá,50.02795280527483,13.569978305506053,RA,CZ
"Čistá,,žel.st.",50.03275030461121,13.570178104541496,RA,CZ
Čižice,49.648254204741185,13.397652505244313,PJ,CZ
Čižice,49.648330604972244,13.397529204961812,PJ,CZ
"Čižice,,Na výsluní",49.643189404654144,13.39806000489622,PJ,CZ
"Čižice,,Na výsluní",49.64318420439389,13.398021104229626,PJ,CZ
Čížkov,49.54145060449964,13.679351905725028,PJ,CZ
Čížkov,49.54119970483969,13.679705805520374,PJ,CZ
"Čížkov,Čečovice",49.523225004266415,13.658872205391448,PJ,CZ
"Čížkov,Čečovice",49.52323110436108,13.658815805109802,PJ,CZ
"Čížkov,Čečovice,rozc.0.4",49.5199322047997,13.660951404768058,PJ,CZ
"Čížkov,Čečovice,rozc.0.4",49.5199008042086,13.660865604631379,PJ,CZ
"Čížkov,Čečovice,rozc.0.4",49.519388904517484,13.66060000510606,PJ,CZ
"Čížkov,Čečovice,rozc.0.4",49.519500604779985,13.660793105607658,PJ,CZ
"Vrčeň,,U Vojtěcha",49.51344830452874,13.636333104462382,PJ,CZ
"Vrčeň,,U Vojtěcha",49.51345810466762,13.636465004582872,PJ,CZ
"Díly,,II",49.452097804327295,12.78629940379418,DO,CZ
Dlažov,49.3659789045438,13.165970805237281,KT,CZ
Dlažov,49.36605780446417,13.16587420506814,KT,CZ
"Dlažov,,u školy",49.36245080448739,13.165378904830588,KT,CZ
"Dlažov,,u školy",49.36295610472085,13.165559404788096,KT,CZ
"Dlažov,Buková",49.37960580497144,13.16794170504061,KT,CZ
"Dlažov,Buková",49.379422204751215,13.167881905003778,KT,CZ
"Dlažov,Miletice",49.35553420461602,13.166485005095604,KT,CZ
"Dlažov,Miletice",49.35544030427857,13.166439204392043,KT,CZ
"Dlažov,Nová Víska",49.373682204525984,13.153688105227289,KT,CZ
"Dlažov,Nová Víska",49.37374920420212,13.153482804427593,KT,CZ
"Dlažov,Soustov,rozc.0.5",49.381943604285894,13.188483104617315,KT,CZ
"Dlažov,Soustov,rozc.0.5",49.381959704202835,13.18807000454118,KT,CZ
"Dlažov,Vráž",49.374461404329594,13.167054704632575,KT,CZ
"Dlažov,Vráž",49.374548304891555,13.166778304049146,KT,CZ
"Dlažov,Vráž",49.37417360460917,13.167643605147026,KT,CZ
"Dlažov,Vráž",49.374060304163336,13.167589704617702,KT,CZ
Dlouhá Ves,49.194483304515586,13.505580305195936,KT,CZ
Dlouhá Ves,49.196161404405856,13.506645804536968,KT,CZ
"Dlouhá Ves,,u mostu",49.18939140448905,13.50049170466981,KT,CZ
"Dlouhá Ves,,u mostu",49.188952804209556,13.50033110491357,KT,CZ
"Dlouhá Ves,Annín,camp",49.177065004009236,13.506636404708082,KT,CZ
"Dlouhá Ves,Annín,camp",49.17685750460815,13.507041104884218,KT,CZ
"Dlouhá Ves,Annín,rozc.0.5",49.17111690419783,13.517373605409695,KT,CZ
"Dlouhá Ves,Annín,rozc.0.5",49.17083670423014,13.516742505563451,KT,CZ
"Dlouhá Ves,Bohdašice,rozc.0.5",49.17649060393881,13.51837500463313,KT,CZ
"Dlouhá Ves,Bohdašice,rozc.0.5",49.17650030432737,13.518151905341037,KT,CZ
"Dlouhá Ves,Nové Městečko",49.17927750456829,13.497844404510912,KT,CZ
"Dlouhá Ves,Nové Městečko",49.17922440471779,13.497805804538899,KT,CZ
Dlouhý Újezd,49.766895604857154,12.6284203041066,TC,CZ
"Dlouhý Újezd,,rozc.",49.748189405038495,12.617703603708383,TC,CZ
"Dlouhý Újezd,,rozc.",49.74814000534697,12.61772640399104,TC,CZ
Dnešice,49.604804704651144,13.264199205065147,PJ,CZ
Dnešice,49.60485780496523,13.26453440482357,PJ,CZ
"Dnešice,,zast.",49.61006330457168,13.26850000424401,PJ,CZ
"Dnešice,,zast.",49.61052390497417,13.269307504694643,PJ,CZ
"Dnešice,Černotín",49.6182772048971,13.238610604496529,PJ,CZ
"Dnešice,Černotín",49.61821640463204,13.238499204258535,PJ,CZ
"Dobršín,,obalovna",49.260582504678524,13.570742805628361,KT,CZ
"Dobršín,,obalovna",49.26058940403499,13.569723604991399,KT,CZ
"Dolany,,u has.zbroj.",49.44381810448788,13.245590605136808,KT,CZ
"Dolany,,VNK",49.43643360425164,13.248056104752663,KT,CZ
"Dolany,,VNK",49.43686500493932,13.24839530483572,KT,CZ
"Dolany,Balkovy",49.44440420445311,13.21680220447849,KT,CZ
"Dolany,Malechov",49.455751404339196,13.259802504491779,KT,CZ
"Dolany,Malechov",49.455724204842404,13.260006404209,KT,CZ
"Dolany,Malechov,háj.",49.46560940503717,13.243516703916386,KT,CZ
"Dolany,Malechov,háj.",49.46557830498768,13.243686104293458,KT,CZ
"Dolany,Svrčovec,mlýn",49.42502640451199,13.251584205183748,KT,CZ
"Dolany,Svrčovec,mlýn",49.4246975044268,13.252387504233372,KT,CZ
"Dolany,Svrčovec,náves",49.42538170431556,13.244175605173648,KT,CZ
"Dolany,Svrčovec,náves",49.42529250484774,13.244774704926389,KT,CZ
"Dolany,Svrčovec,u lomu",49.42253780445836,13.252673904357069,KT,CZ
"Dolany,Svrčovec,u lomu",49.42199640475612,13.25327220508737,KT,CZ
"Dolany,Trštýn",49.460396104346295,13.267153904174192,KT,CZ
"Dolany,Trštýn",49.46004920495698,13.266979704158182,KT,CZ
Dolany,49.808260005315745,13.472600005492069,PS,CZ
Dolany,49.808300005326664,13.47267000502211,PS,CZ
"Dolany,,I",49.8043100050644,13.469140005046178,PS,CZ
"Dolany,,I",49.804230004476096,13.469090005022382,PS,CZ
"Dolany,,V rybníčkách",49.814320004604134,13.486530004381429,PS,CZ
Dolce,49.552849404432244,13.393745804745537,PJ,CZ
Dolce,49.55281030478011,13.393577205055784,PJ,CZ
Dolní Bělá,49.89541060506359,13.27416390537726,PS,CZ
Dolní Bělá,49.8953992047677,13.274387805063506,PS,CZ
"Dolní Bělá,,Berk",49.90137060470816,13.268215004379325,PS,CZ
"Dolní Bělá,,Berk",49.901336705053154,13.26826420485879,PS,CZ
"Líté,,Spálený mlýn",49.905593305158995,13.26231140522978,PS,CZ
Dolní Hradiště,49.913709704814345,13.495534704287023,PS,CZ
Dolní Hradiště,49.913713305300774,13.495608905182918,PS,CZ
Dolní Lukavice,49.60181080463594,13.34517610492302,PJ,CZ
Dolní Lukavice,49.60187000468707,13.344868305314964,PJ,CZ
"Dolní Lukavice,,na vršku",49.60172030473835,13.338931105428358,PJ,CZ
"Dolní Lukavice,,ZD",49.60099890499347,13.355281104286464,PJ,CZ
"Dolní Lukavice,,ZD",49.60092170493052,13.355247504752992,PJ,CZ
"Dolní Lukavice,Krasavce",49.598765304875656,13.368591704532738,PJ,CZ
"Dolní Lukavice,Krasavce",49.598694204291654,13.368551404524425,PJ,CZ
"Domažlice,,Poděbradova",49.44188600484391,12.930402004436397,DO,CZ
"Domažlice,,Poděbradova",49.44186600445126,12.93052200383381,DO,CZ
"Domažlice,,Poděbradova",49.44186400460767,12.930623004464984,DO,CZ
"Domažlice,,Poděbradova",49.44192200484484,12.930737004224621,DO,CZ
"Domažlice,,Poděbradova",49.441922005117284,12.930958004461193,DO,CZ
"Domažlice,,Poděbradova",49.44187800496638,12.93141400493319,DO,CZ
"Domažlice,,Poděbradova",49.441778004487176,12.931054005070791,DO,CZ
"Domažlice,,Poděbradova",49.441788004312514,12.930832004160282,DO,CZ
"Domažlice,,Poděbradova",49.44179600504007,12.930649004631857,DO,CZ
"Domažlice,,Poděbradova",49.441667004891386,12.930971003901389,DO,CZ
"Domažlice,,Poděbradova",49.44211190489739,12.930014404781852,DO,CZ
"Domažlice,,Cihlářská",49.43293190463795,12.943300604412004,DO,CZ
"Domažlice,,Sadová",49.44093330461031,12.92033000462806,DO,CZ
"Domažlice,,Prokopova Velikého",49.44693280452654,12.93236140479545,DO,CZ
"Domažlice,,Prokopova Velikého",49.446435804826926,12.932195304533003,DO,CZ
"Domažlice,,Švabinského",49.44637640491705,12.927488603747035,DO,CZ
"Domažlice,,Švabinského",49.446380804355485,12.927618604796761,DO,CZ
"Domažlice,,u čist.st.",49.431666904877964,12.960129404723503,DO,CZ
"Domažlice,,u čist.st.",49.432068904658045,12.959646404549071,DO,CZ
"Domažlice,,Hanův park",49.440565304942595,12.922510804174763,DO,CZ
"Domažlice,,Hanův park",49.440556104967825,12.923004404424017,DO,CZ
"Domažlice,,U Svatých",49.43926470481842,12.937673104788578,DO,CZ
"Domažlice,,U Svatých",49.43943920479022,12.937783903892615,DO,CZ
"Domažlice,,U Hřbitova",49.44140170456897,12.94334420486636,DO,CZ
"Domažlice,,U Hřbitova",49.44142440430474,12.943007503868891,DO,CZ
"Domažlice,,Cihlářská,závodiště",49.430134404966836,12.948233904761073,DO,CZ
"Domažlice,,Vlakové nádraží",49.4355240051411,12.944551004793592,DO,CZ
"Domažlice,,Vlakové nádraží",49.435470004586605,12.944232004479343,DO,CZ
"Domažlice,,Vlakové nádraží",49.435536004999726,12.943988003742085,DO,CZ
"Domažlice,,Vlakové nádraží",49.435616004351864,12.943737004533931,DO,CZ
"Domažlice,,Vlakové nádraží",49.43567600459695,12.943559004336114,DO,CZ
"Domažlice,,Vlakové nádraží",49.435594005100306,12.944138004780571,DO,CZ
"Domažlice,,Vlakové nádraží",49.435618004485455,12.944017005102076,DO,CZ
Dýšina,49.77736000451793,13.496330004552302,PM,CZ
Dýšina,49.77747000522498,13.495160004287914,PM,CZ
"Dýšina,,Armaturka",49.78120000495024,13.493200004584608,PM,CZ
"Dýšina,,Armaturka",49.781130005095136,13.493010005173094,PM,CZ
"Dýšina,,Škoda Engineering",49.76479000498058,13.495190005428976,PM,CZ
"Dýšina,Nová Huť",49.78188000473775,13.512020004328717,PM,CZ
Ejpovice,49.7446314052022,13.513585804193948,RO,CZ
Ejpovice,49.744919205059645,13.514816904561446,RO,CZ
Erpužice,49.806856704744234,13.034706904708644,TC,CZ
Erpužice,49.80666720514929,13.035923304066166,TC,CZ
Erpužice,49.80686640469302,13.035854704521187,TC,CZ
"Erpužice,Malovice",49.79054190487626,13.05606830422411,TC,CZ
Frymburk,49.24873690441002,13.706572805660699,KT,CZ
"Furth i.W.,,Bahnhof",49.30943630477807,12.83862810486015,,D
Halže,49.83145360538211,12.57709420411232,TC,CZ
"Halže,,u školy",49.829443904840325,12.58303250394638,TC,CZ
"Halže,,u školy",49.82939890517323,12.583099403839896,TC,CZ
"Halže,Branka",49.82501280469998,12.526073904510366,TC,CZ
"Halže,Horní Výšina",49.825184205268314,12.55238530352203,TC,CZ
"Halže,Horní Výšina",49.825139405057705,12.552545003321269,TC,CZ
"Halže,Svobodka",49.81336190472615,12.582004204444559,TC,CZ
"Halže,Svobodka",49.813323904710636,12.582233604597107,TC,CZ
"Halže,Svobodka,úpravna vody",49.81165940541739,12.593706904104831,TC,CZ
"Halže,Svobodka,úpravna vody",49.811710605263386,12.593608904206757,TC,CZ
"Hamry,,host.",49.21507390459306,13.160398104138894,KT,CZ
"Hamry,,rozc.1.0",49.237672804512115,13.156933304467124,KT,CZ
"Hamry,,rozc.1.0",49.2375589046035,13.156771705241542,KT,CZ
"Hamry,,točna",49.207077804346625,13.177463104700927,KT,CZ
"Hamry,,u kostela",49.23058470450579,13.160062505096041,KT,CZ
"Hamry,,u kostela",49.230523304381684,13.160117505036373,KT,CZ
Hartmanice,49.170484204678836,13.454651704576689,KT,CZ
Hartmanice,49.170287204286645,13.454635005405311,KT,CZ
"Hartmanice,Dobrá Voda",49.156541104020185,13.434441404892592,KT,CZ
"Hartmanice,Dobrá Voda",49.15681530417468,13.433490805425812,KT,CZ
"Hartmanice,Dolejší Krušec,rozc.1.0",49.17469390454496,13.480933905374709,KT,CZ
"Hartmanice,Dolejší Krušec,rozc.1.0",49.175834204054375,13.483206904659808,KT,CZ
"Hartmanice,Dolejší Těšov",49.18810830454861,13.425669704238258,KT,CZ
"Hartmanice,Chlum",49.18342080447933,13.44822310430469,KT,CZ
"Hartmanice,Chlum",49.18326420485919,13.448041104635854,KT,CZ
Hlohová,49.53406440455407,13.078246404420668,DO,CZ
"Hlohová,,rozc.0.8",49.53711670458891,13.087093304667935,DO,CZ
"Hlohová,,rozc.0.8",49.53739750497738,13.086920604385545,DO,CZ
"Hlohová,,rozc.0.8",49.5371319050022,13.086587504087449,DO,CZ
Hlohovčice,49.521062204637424,13.113583904998007,DO,CZ
Hlohovčice,49.52151140466815,13.113240604886741,DO,CZ
"Hlohovčice,,rozc.0.4",49.51900060466998,13.115787203921526,DO,CZ
"Hlohovčice,,rozc.0.4",49.51893610506269,13.115897204138237,DO,CZ
Hlohovice,49.88935560476587,13.643329205459208,RO,CZ
Hlohovice,49.88940920492377,13.643244704894526,RO,CZ
"Hlohovice,,v háječku",49.88095420471044,13.64344000467497,RO,CZ
"Hlohovice,,v háječku",49.8808336049856,13.643422504576698,RO,CZ
"Hlohovice,Hlohovičky",49.89384030481839,13.673571104907063,RO,CZ
"Hlohovice,Mostiště",49.87617720539291,13.630093905291604,RO,CZ
"Hlohovice,Svinná",49.89495890485217,13.61961470522017,RO,CZ
"Hlohovice,Svinná",49.89452080459744,13.620265304789038,RO,CZ
"Hlohovice,Svinná,u Vlčků",49.886687505022536,13.618424405314036,RO,CZ
Hnačov,49.36199500479598,13.48009830449884,KT,CZ
Hnačov,49.36175470446756,13.479905304902555,KT,CZ
Hněvnice,49.7287197046403,13.103210305158195,PS,CZ
Hněvnice,49.72873030440808,13.10296080432666,PS,CZ
Hněvnice,49.72857580456752,13.101957805122437,PS,CZ
"Höll,,Gasthaus Hölzlwirt",49.41693690474787,12.712611104576455,,CZ
Holoubkov,49.77556220470386,13.692023905561145,RO,CZ
Holoubkov,49.775701704699465,13.691796405283158,RO,CZ
"Holoubkov,,rozc.k žel.st.",49.77282190514536,13.694661904909136,RO,CZ
Holovousy,49.96790860515152,13.615099704429072,PS,CZ
Holovousy,49.967864404620954,13.615205304598163,PS,CZ
"Holýšov,,hřbitov",49.5901725050103,13.089301703904834,PJ,CZ
"Holýšov,,hřbitov",49.590115005237635,13.089382204923547,PJ,CZ
"Holýšov,,škola",49.592469404555196,13.106386104101846,PJ,CZ
"Holýšov,,u Obuvi",49.594753104541574,13.101193304526952,PJ,CZ
"Holýšov,,u Obuvi",49.594714704605636,13.101352204713569,PJ,CZ
"Holýšov,,žel.st.",49.59741610463257,13.101898604159985,PJ,CZ
"Holýšov,Dolní Kamenice",49.577705604938636,13.093545304319733,PJ,CZ
"Holýšov,Dolní Kamenice",49.57767440514671,13.093616904869538,PJ,CZ
"Holýšov,Výhledy",49.59003860468187,13.103153305092802,PJ,CZ
"Holýšov,Výhledy",49.590020004495024,13.103282504905641,PJ,CZ
Honezovice,49.6392408046764,13.06572000435012,PJ,CZ
"Horšovský Týn,Nová Ves",49.52896860518183,12.924370804437688,DO,CZ
"Horšovský Týn,Nová Ves",49.52886060455783,12.924086704053746,DO,CZ
"Horšovský Týn,Oplotec",49.57939470441794,12.830106404165377,DO,CZ
"Horšovský Týn,Podrážnice",49.55474360503605,12.963016904145812,DO,CZ
"Horšovský Týn,Podrážnice,rozc.1.5",49.548588604771204,12.94808000459852,DO,CZ
"Horšovský Týn,Podrážnice,rozc.1.5",49.5482458047709,12.948022204707565,DO,CZ
"Horšovský Týn,Semošice",49.53850970449878,12.978855004747547,DO,CZ
"Horšovský Týn,Semošice",49.53850970488503,12.979420804494927,DO,CZ
"Horšovský Týn,Tasnovice",49.56717610514264,12.833111404766967,DO,CZ
"Horšovský Týn,Tasnovice,rozc.0.7",49.56154640439104,12.828819704893185,DO,CZ
"Horšovský Týn,Tasnovice,rozc.0.7",49.561531704834024,12.828684404493515,DO,CZ
"Senomaty,Hostokryje,rozc.",50.07103110476904,13.679324404583143,RA,CZ
"Hostouň,,rozc.1.7",49.56803190439768,12.781613904842478,DO,CZ
"Hostouň,Babice",49.60765190475461,12.781264704549853,DO,CZ
"Hostouň,Babice",49.607638104913676,12.781291404487924,DO,CZ
"Hostouň,Holubeč",49.59734580483115,12.78232140455757,DO,CZ
"Hostouň,Holubeč",49.5975144044514,12.782943604582695,DO,CZ
"Hostouň,Mělnice",49.59346920492856,12.81296110488591,DO,CZ
"Hostouň,Mělnice",49.59345970446718,12.81293440437996,DO,CZ
"Hostouň,Přes",49.610901104968455,12.801331703652085,DO,CZ
"Hostouň,Slatina,rozc.1.5",49.53873360504512,12.785796704627023,DO,CZ
"Hostouň,Slatina,rozc.1.5",49.53874060475474,12.785879704941621,DO,CZ
"Hostouň,Svržno",49.574892505236576,12.771479704538168,DO,CZ
"Hostouň,Svržno",49.57484080445402,12.771484203672662,DO,CZ
"Hostouň,Svržno",49.57436310499748,12.771098903865676,DO,CZ
"Hostouň,Svržno",49.57423940491511,12.771152503935923,DO,CZ
"Hostouň,Sychrov",49.61881190486325,12.791759404787886,DO,CZ
"Hostouň,Sychrov,rozc.1.4",49.60850220492056,12.793333304442815,DO,CZ
"Hostouň,Štítary",49.56491890516777,12.816599704123792,DO,CZ
Hošťka,49.696355605113396,12.59924500405033,TC,CZ
"Hošťka,Žebráky",49.72079080441515,12.58206060350985,TC,CZ
"Hošťka,Žebráky",49.72072060500717,12.582004204292717,TC,CZ
"Hrádek,,u Hánů",49.26068580442987,13.499475004308968,KT,CZ
"Hrádek,,u Hánů",49.26081190412862,13.499748304508527,KT,CZ
"Hrádek,,u ObÚ",49.260980804747106,13.494430604964178,KT,CZ
Hradiště u Domažlic,49.46468030440649,13.051529704106798,DO,CZ
Hromnice,49.848437804861234,13.439687204960697,PS,CZ
"Hromnice,,I",49.84580780515688,13.43909640417268,PS,CZ
"Hromnice,,I",49.84576890467364,13.439046904820954,PS,CZ
"Hromnice,,u koupaliště",49.85243170454226,13.431738104384996,PS,CZ
"Hromnice,Býkov",49.859341404562635,13.421523305327776,PS,CZ
"Hromnice,Chotiná",49.85516190492011,13.485429405362835,PS,CZ
"Hromnice,Chotiná",49.855152505019326,13.485465604634232,PS,CZ
"Hromnice,Chotiná,rozc.",49.84139530491419,13.486509405282616,PS,CZ
"Hromnice,Chotiná,rozc.",49.84138580511018,13.486561905134996,PS,CZ
"Hromnice,Chotiná,u mostu",49.85795970515792,13.479391705204112,PS,CZ
"Hromnice,Kostelec",49.833548304456954,13.509981704615601,PS,CZ
"Nadryby,,Čihadlo",49.820870005179856,13.502180004599683,PS,CZ
"Nadryby,,Čihadlo",49.820820005230885,13.502160004746633,PS,CZ
"Hromnice,Malá Hromnice",49.844444404910746,13.451745005141195,PS,CZ
"Hromnice,Malá Hromnice",49.84429420492773,13.45202920503537,PS,CZ
"Hromnice,Nynice",49.84522280514148,13.509759204785194,PS,CZ
"Hromnice,Planá",49.85584250462635,13.51664420490725,PS,CZ
"Hromnice,Planá",49.85584440521022,13.516743304204486,PS,CZ
"Kaceřov,,u mostu",49.863905605073015,13.504057505369445,PS,CZ
"Hromnice,Žichlice",49.83998390536717,13.458554705181967,PS,CZ
"Hromnice,Žichlice",49.840098104766156,13.457782205502173,PS,CZ
"Hromnice,Žichlice",49.83930060503696,13.46041860517794,PS,CZ
"Hromnice,Žichlice,rozc.",49.83307750484811,13.46792610426074,PS,CZ
"Hromnice,Žichlice,rozc.",49.833039404791684,13.467872504501896,PS,CZ
"Hromnice,Žichlice,ZD",49.83757470459652,13.463699404285636,PS,CZ
"Hromnice,Žichlice,ZD",49.837587504974515,13.463564204865973,PS,CZ
"Hřebečníky,Týřovice",49.98015330526616,13.785041905215781,RA,CZ
"Hřebečníky,Týřovice",49.980156705384594,13.784800604934208,RA,CZ
"Kralovice,Hubenov",50.00229530489202,13.481132504699996,PS,CZ
"Kralovice,Hubenov",50.00192580481999,13.481937204436841,PS,CZ
"Kralovice,Hubenov,rozc.",50.00845330478825,13.4752214054182,PS,CZ
Chlum,49.605168905109146,13.479187804745214,PJ,CZ
"Chlum,,dům peč.služby",49.60662250448786,13.474365005117434,PJ,CZ
"Chlum,,dům peč.služby",49.60668330442965,13.47438110434081,PJ,CZ
"Chlum,,MŠ",49.60811720479245,13.484045805177631,PJ,CZ
"Chlum,,MŠ",49.6081078043824,13.484258905677907,PJ,CZ
"Chlum,,rozc.0.6",49.92936190472698,13.67081110546039,RO,CZ
"Chlum,,rozc.0.6",49.92937560494822,13.67071310566376,RO,CZ
"Chlum,,ves",49.93444610532551,13.658209704429803,RO,CZ
"Chlumčany,,nám.",49.6319586049834,13.311137805154011,PJ,CZ
"Chlumčany,,nám.",49.63189780460465,13.311490604855981,PJ,CZ
"Chlumčany,,osada",49.6273031051101,13.281134204245665,PJ,CZ
"Chlumčany,,osada",49.62736720518053,13.281975304435065,PJ,CZ
"Chlumčany,,Porobeton",49.623897805023056,13.291792504576476,PJ,CZ
"Chlumčany,,Porobeton",49.623933605077774,13.291921105246063,PJ,CZ
"Chlumčany,,záv.",49.62284580458059,13.287435004571831,PJ,CZ
"Chlumčany,,záv.",49.62303330431745,13.288619404439908,PJ,CZ
"Chlumčany,,žel.st.",49.623373104685186,13.292098105296724,PJ,CZ
"Chlumčany,,žel.st.",49.623569404596644,13.292964405123598,PJ,CZ
"Chlumčany,Hradčany",49.62921280508022,13.349825304649848,PJ,CZ
"Chlumčany,Hradčany,u čerp.st.",49.62983080441302,13.33154000450716,PJ,CZ
"Chlumčany,Hradčany,u čerp.st.",49.63050750508863,13.33152640532189,PJ,CZ
Chlumy,49.43785000480173,13.6377175045092,PJ,CZ
Chocenice,49.54896420506728,13.518596704520641,PJ,CZ
Chocenice,49.548444704959444,13.519025805422858,PJ,CZ
"Chocenice,Chocenická Lhota",49.56894420487766,13.506323104623094,PJ,CZ
"Chocenice,Chocenická Lhota",49.56871640458001,13.50623440432564,PJ,CZ
"Chocenice,Kotousov",49.555294204819724,13.511635005043072,PJ,CZ
"Chocenice,Kotousov",49.55499110453001,13.511786704768745,PJ,CZ
"Chocenice,Kotousov",49.55565640489336,13.510429404415007,PJ,CZ
"Chocenice,Kotousov",49.55562330486452,13.510607805270475,PJ,CZ
"Chocenice,Landava",49.543306404520386,13.518681105153156,PJ,CZ
"Chocenice,Landava",49.54250220448219,13.51819830557856,PJ,CZ
"Chocenice,Zhůř",49.5355869051571,13.518474705305591,PJ,CZ
"Chocenice,Zhůř",49.536267504568414,13.518024205400412,PJ,CZ
Chocomyšl,49.466862504363036,13.130693105098986,DO,CZ
Chocomyšl,49.46695750448278,13.130679705146964,DO,CZ
Chodov,49.41766780486718,12.830238104933327,DO,CZ
Chodov,49.41761360487531,12.830263303886493,DO,CZ
"Chodov,,Jednota",49.41877390481704,12.835742504767309,DO,CZ
"Chodov,,Jednota",49.41853640461153,12.83507720402273,DO,CZ
"Chodský Újezd,Neblažov,rozc.",49.84594190506188,12.690415304341268,TC,CZ
"Chodský Újezd,Neblažov,rozc.",49.84498030544148,12.689251104306992,TC,CZ
"Chodský Újezd,Prostřední Žďár",49.857455605436904,12.577535304449839,TC,CZ
"Chodský Újezd,Přední Žďár",49.858475005367055,12.592201404125696,TC,CZ
"Chodský Újezd,Přední Žďár",49.858444704840785,12.592213603559955,TC,CZ
"Chodský Újezd,Štokov",49.84768190498698,12.624851404445057,TC,CZ
"Chodský Újezd,Štokov,rozc.",49.85012440539026,12.644685803687562,TC,CZ
"Chodský Újezd,Štokov,rozc.",49.850128604838225,12.644609403830136,TC,CZ
Chomle,49.86332890489292,13.637007805295996,RO,CZ
Chomle,49.863335305217255,13.636776904966277,RO,CZ
"Chomle,,rozc.",49.863898304959136,13.638607204915436,RO,CZ
"Chotěnov-Skláře,Chotěnov,rozc.",49.93376810533499,12.712391103472328,CH,CZ
"Chotěnov-Skláře,Chotěnov,rozc.",49.933791405238814,12.712318603871207,CH,CZ
"Chotěnov-Skláře,Skláře",49.92912170466515,12.714680004833811,CH,CZ
"Chotěnov-Skláře,Skláře",49.92801830522521,12.71472170369437,CH,CZ
"Chotěšov,,nám.",49.65348310443793,13.202999204419635,PJ,CZ
"Chotěšov,,nám.",49.6533503047608,13.202940304578227,PJ,CZ
"Chotěšov,,statek",49.65457940498858,13.196039704137053,PJ,CZ
"Chotěšov,,statek",49.65444830437474,13.196120304642514,PJ,CZ
"Chotěšov,,u hřbitova",49.655610304690185,13.206514204582966,PJ,CZ
"Chotěšov,,u hřbitova",49.65551030493407,13.20650610508272,PJ,CZ
"Chotěšov,,u školy",49.652387205179316,13.196583304882422,PJ,CZ
"Chotěšov,,žel.st.",49.65670940473441,13.20004280532509,PJ,CZ
"Chotěšov,,žel.st.",49.6566817046662,13.1998858052756,PJ,CZ
"Chotěšov,Hoříkovice",49.67298860443835,13.182257205154663,PJ,CZ
"Chotěšov,Losina",49.63714310450713,13.217360604087226,PJ,CZ
"Chotěšov,Losina",49.637026704807894,13.217273304981111,PJ,CZ
"Chotěšov,Mantov,hor.kolonie",49.64213330512701,13.212453303947958,PJ,CZ
"Chotěšov,Mantov,hor.kolonie",49.641926704524664,13.212551405288119,PJ,CZ
"Chotěšov,Mantov,u kovárny",49.64722140464373,13.209381104648237,PJ,CZ
"Chotěšov,Mantov,u kovárny",49.647154405101034,13.209228104120378,PJ,CZ
"Chotěšov,Týnec",49.67086080522744,13.194563104994755,PJ,CZ
"Zbůch,,Starý důl rozc.",49.671356704499374,13.215659704038956,PJ,CZ
"Zbůch,,Starý důl rozc.",49.67056080444128,13.214328104477282,PJ,CZ
Chotíkov,49.791470005261196,13.32208190536069,PS,CZ
Chotíkov,49.79131750510587,13.322278604375084,PS,CZ
"Chotíkov,,u školy",49.7963181044949,13.313030804940826,PS,CZ
"Chudenín,Svatá Kateřina",49.27252920422559,13.064760005105228,KT,CZ
"Chudenín,Svatá Kateřina,st.hr.",49.26646250422407,13.0485008047735,KT,CZ
"Chudenín,Svatá Kateřina,st.hr.",49.26646530416085,13.048619704899082,KT,CZ
"Chudenín,Uhliště",49.2797869049426,13.090907804053641,KT,CZ
"Chudenín,Uhliště",49.27983860409747,13.09074810460706,KT,CZ
"Chudenín,Zadní Fleky",49.29242140423739,13.061761904240212,KT,CZ
"Chválenice,,ObÚ",49.64401420463459,13.475440005534507,PM,CZ
"Chválenice,,ObÚ",49.64286940498476,13.475764404661188,PM,CZ
"Chválenice,,bytovky",49.64713250523556,13.471388605002911,PM,CZ
"Chválenice,,bytovky",49.64658530454301,13.471844405494858,PM,CZ
"Chválenice,,požár.nádrž",49.64432580502429,13.47562670521012,PM,CZ
"Chválenice,Chouzovy",49.62525580507142,13.475268304739362,PM,CZ
"Chválenice,Chouzovy",49.62544330455247,13.47524940486495,PM,CZ
"Chválenice,Želčany,náves",49.628563104431706,13.48298920508551,PM,CZ
"Chválenice,Želčany,náves",49.62883920466899,13.482280804624443,PM,CZ
"Chyše,Žďárek",50.1096056054531,13.28907720448376,KV,CZ
"Janovice nad Úhlavou,,náměstí",49.345244704477096,13.217405804114561,KT,CZ
"Janovice nad Úhlavou,,Rozvojová zóna",49.33218780477719,13.209827204298675,KT,CZ
"Janovice nad Úhlavou,,u ZD",49.34693110453582,13.223493604328628,KT,CZ
"Janovice nad Úhlavou,,u ZD",49.346484404372156,13.222336404449834,KT,CZ
"Janovice nad Úhlavou,,u mostu",49.34752420451349,13.209480005029972,KT,CZ
"Janovice nad Úhlavou,Dolní Lhota,rozcestí",49.36589000483643,13.243811704387081,KT,CZ
"Janovice nad Úhlavou,Dolní Lhota,rozcestí",49.36584310431236,13.243962805376475,KT,CZ
"Janovice nad Úhlavou,Granátka",49.35734940431221,13.231900004388686,KT,CZ
"Janovice nad Úhlavou,Granátka",49.35768670490951,13.232013904583189,KT,CZ
"Janovice nad Úhlavou,Hvízdalka,rozcestí",49.33086360491231,13.196267504162257,KT,CZ
"Janovice nad Úhlavou,Hvízdalka,rozcestí",49.33125000500743,13.196508904729694,KT,CZ
"Lomec,Novákovice,rozc.0.4",49.37553360475877,13.267089203997692,KT,CZ
"Lomec,Novákovice,rozc.0.4",49.37611500428874,13.267930004682531,KT,CZ
"Janovice nad Úhlavou,Ondřejovice,rozcestí",49.32646250410513,13.213547504307744,KT,CZ
"Janovice nad Úhlavou,Ondřejovice,rozcestí",49.32623030420252,13.213618304580567,KT,CZ
"Švihov,Kaliště,ves",49.49727420478404,13.331928304200925,KT,CZ
Kamenec,49.880849705050956,13.595775005241672,RO,CZ
Kamenec,49.88094220495617,13.595970604511084,RO,CZ
"Kamenec,Chalupy",49.881169405175456,13.602026104357618,RO,CZ
"Kamenec,Chalupy",49.881177504602256,13.600470305473111,RO,CZ
"Kamenný Újezd,,Jednota",49.72356080457427,13.622930005678901,RO,CZ
"Kamenný Újezd,,Jednota",49.72314920510214,13.622726705503064,RO,CZ
"Kamenný Újezd,,Kocanda",49.722582505073994,13.630110004736471,RO,CZ
"Kamenný Újezd,,Kocanda",49.72232280489597,13.630776404808588,RO,CZ
"Kamenný Újezd,,Lihovar",49.72482310509345,13.615777804529372,RO,CZ
"Kamenný Újezd,,Lihovar",49.724712204753914,13.615717504759132,RO,CZ
"Kamenný Újezd,,rozc.0.6",49.72578110443378,13.631896705002948,RO,CZ
"Kamenný Újezd,,rozc.0.6",49.72572580488691,13.631869405044819,RO,CZ
Kanice,49.47491750495557,13.072799204521253,DO,CZ
Kanice,49.475118604607765,13.072947804424652,DO,CZ
Kanice,49.47505860425155,13.072778904028015,DO,CZ
"Kanice,Příkřice",49.47162000451926,13.097128305135355,DO,CZ
"Kanice,Příkřice,rozc.1.0",49.47615780476057,13.079752204906246,DO,CZ
"Kanice,Příkřice,rozc.1.0",49.47622140499105,13.079851704112482,DO,CZ
Kaničky,49.475138905092706,13.142845305028628,DO,CZ
"Karlovy Vary,,Richmond",50.21655220555629,12.889693604797014,KV,CZ
"Karlovy Vary,,Richmond",50.21666030490808,12.889481004140919,KV,CZ
"Karlovy Vary,,terminál",50.23014580536012,12.86476580361312,KV,CZ
"Karlovy Vary,,terminál",50.22990110476597,12.863351103851615,KV,CZ
"Karlovy Vary,,mlékárna",50.23488470535177,12.875964703659728,KV,CZ
"Karlovy Vary,,mlékárna",50.234785805254475,12.875902504945735,KV,CZ
"Karlovy Vary,,Svatošská",50.20925030528997,12.826235804315798,KV,CZ
"Karlovy Vary,,Svatošská",50.20897280531195,12.826284203962668,KV,CZ
Kařez,49.82458060477341,13.78273310590493,RO,CZ
Kařez,49.824545604523514,13.783153605140722,RO,CZ
"Kařez,,Pětidomí",49.83688830448449,13.778853605163118,RO,CZ
"Kařez,,Pětidomí",49.83681470460824,13.778791105671653,RO,CZ
"Kařez,,rozc.U sudů",49.830302504942544,13.79638220526484,RO,CZ
"Kařez,,rozc.U sudů",49.83024830487854,13.796274204674967,RO,CZ
"Kařez,,u Jednoty",49.82201780524428,13.782745805525972,RO,CZ
"Kařez,,u Jednoty",49.822055605148456,13.782846905113175,RO,CZ
Cekov,49.82212670445234,13.763921405338646,RO,CZ
Cekov,49.82223220525394,13.763865004572017,RO,CZ
"Kaznějov,,rozc.1.0",49.89952560500833,13.375809404384505,PS,CZ
"Kaznějov,,rozc.1.0",49.89974610508974,13.375877204916112,PS,CZ
"Kaznějov,,rozc.servis",49.90014250541252,13.374919404918664,PS,CZ
"Kaznějov,,rozc.servis",49.90010720466333,13.374235304803552,PS,CZ
"Kaznějov,,ZZN rozc.0.8",49.89717530490959,13.36301940505249,PS,CZ
"Kaznějov,,Kaolinka",49.8935181045399,13.350298605043335,PS,CZ
"Kaznějov,,Kaolinka",49.89355530524038,13.350238104960006,PS,CZ
"Kaznějov,,Kaolinka rozc.",49.89619330493022,13.350594204413573,PS,CZ
"Kaznějov,,Kaolinka rozc.",49.89611060455857,13.3511547051246,PS,CZ
"Kaznějov,,Prefa",49.89112500479848,13.353803305042536,PS,CZ
Kbel,49.49432170470402,13.366821905170797,PJ,CZ
Kbel,49.49426170488774,13.366674404115775,PJ,CZ
"Kbel,Babice,rozc.1.0",49.49029890465597,13.378748605143437,PJ,CZ
"Kbel,Babice,rozc.1.0",49.490605304588044,13.378340305493989,PJ,CZ
"Kbel,Malinec",49.486826104370714,13.376815305002518,PJ,CZ
"Kbel,Malinec",49.48672060485681,13.37681110414492,PJ,CZ
"Kbel,Nová Ves,rozc.0.5",49.4926169045568,13.373949705455637,PJ,CZ
Kbelany,49.73230610478691,13.125946104052337,PS,CZ
"Kbelany,,rozc.0.3",49.729378604579594,13.125091705036976,PS,CZ
"Kbelany,,rozc.0.3",49.72940640533733,13.125452505096858,PS,CZ
"Kbelany,,rozc.0.3",49.72967970457181,13.125785004998225,PS,CZ
"Kdyně,,aut.st.",49.38886000449767,13.037805004446858,DO,CZ
"Kdyně,,aut.st.",49.38859300461142,13.037686004659648,DO,CZ
"Kdyně,,aut.st.",49.389041004166984,13.038041003968049,DO,CZ
"Kdyně,,aut.st.",49.38890200495008,13.037936004788389,DO,CZ
"Kdyně,,aut.st.",49.388772004815976,13.03783800421525,DO,CZ
"Kdyně,,aut.st.",49.38860400456325,13.037820005061262,DO,CZ
"Kdyně,,aut.st.",49.38849500480227,13.037758004508412,DO,CZ
"Kdyně,,aut.st.",49.389002004556886,13.037902005020987,DO,CZ
"Kdyně,,Chata Koráb rozc.0.5",49.403746404601534,13.071799405035705,DO,CZ
"Kdyně,,Chata Koráb rozc.0.5",49.40377690446039,13.071741704411917,DO,CZ
"Kdyně,,Na hájovně",49.40200420506027,13.055022204743453,DO,CZ
"Kdyně,,Na hájovně",49.40204060482018,13.0555547043081,DO,CZ
"Kdyně,,nám.profesora Žákavce",49.391592805045725,13.042299204211568,DO,CZ
"Kdyně,,Rýznberská",49.39993220451564,13.037614705140177,DO,CZ
"Kladruby,,u školy",49.715446704923984,12.986127504291488,TC,CZ
"Kladruby,,u školy",49.71526440491993,12.987909704006428,TC,CZ
"Kladruby,,Zadní",49.71478560456908,12.97985390492011,TC,CZ
"Kladruby,Brod",49.6946242050276,12.92022330381671,TC,CZ
"Kladruby,Brod",49.69456000491761,12.920118904215002,TC,CZ
"Kladruby,Brod,háj.",49.70228830515817,12.929425803811055,TC,CZ
"Kladruby,Brod,háj.",49.702340304752056,12.929613604398847,TC,CZ
"Kladruby,Láz",49.72232610520046,12.947367804770533,TC,CZ
"Kladruby,Milevo",49.682213904443024,12.95641390434254,TC,CZ
"Kladruby,Milevo",49.68228690460916,12.956694204508619,TC,CZ
"Kladruby,Milevo,lesní školka",49.67460000495814,12.949920804019497,TC,CZ
"Kladruby,Milevo,lesní školka",49.67462000492016,12.950033603799444,TC,CZ
"Kladruby,Milevo,lom",49.70185920507285,12.967556104896973,TC,CZ
"Kladruby,Milevo,lom",49.701859204953934,12.96768500405892,TC,CZ
"Kladruby,Tuněchody",49.67573810492033,12.91840310378478,TC,CZ
"Kladruby,Tuněchody",49.67580560493977,12.918425805001823,TC,CZ
"Kladruby,Vrbice",49.735248305172554,12.947680804878011,TC,CZ
"Kladruby,Vrbice",49.73516530503838,12.947758604435684,TC,CZ
"Kladruby,Vrbice,rozc.",49.73662610486742,12.990270604332776,TC,CZ
"Kladruby,Vrbice,rozc.",49.7360350052844,12.990208904394596,TC,CZ
"Kladruby,Žďár",49.70990860505671,13.016099704619778,TC,CZ
"Kladruby,Žďár",49.7100033049449,13.015987204018158,TC,CZ
Klášter,49.50160080431324,13.576401104896984,PJ,CZ
Klášter,49.50196060494653,13.576415804548478,PJ,CZ
"Klatovy,,aut.nádr.",49.40145180431808,13.279803804995373,KT,CZ
"Klatovy,,aut.nádr.",49.401439704548885,13.279912005350239,KT,CZ
"Klatovy,,aut.nádr.",49.401466304803556,13.27994720493735,KT,CZ
"Klatovy,,aut.nádr.",49.40147860479692,13.280098604808227,KT,CZ
"Klatovy,,aut.nádr.",49.40154470453655,13.280310405152198,KT,CZ
"Klatovy,,aut.nádr.",49.40155200505683,13.28030250460665,KT,CZ
"Klatovy,,aut.nádr.",49.40157020439589,13.280358604221362,KT,CZ
"Klatovy,,aut.nádr.",49.40160370447225,13.280519505338296,KT,CZ
"Klatovy,,aut.nádr.",49.401258604813265,13.279968104028095,KT,CZ
"Klatovy,,aut.nádr.",49.40123140474233,13.279882204452464,KT,CZ
"Klatovy,,Hlávkova",49.40120500442385,13.279336405387136,KT,CZ
"Klatovy,,Hlávkova",49.40121330426045,13.279100605137968,KT,CZ
"Klatovy,,u Gymnázia",49.3916967045771,13.299405004779404,KT,CZ
"Klatovy,,u Gymnázia",49.39134470491742,13.299439704474327,KT,CZ
"Klatovy,,Koldinova u masokomb.",49.407497805010664,13.277522504680453,KT,CZ
"Klatovy,,Koldinova u masokomb.",49.40732750452203,13.277751104969774,KT,CZ
"Klatovy,,u Škodovky",49.39546920480718,13.286941904903998,KT,CZ
"Klatovy,,u Škodovky",49.39529470426909,13.285977805334,KT,CZ
"Klatovy,,ul.5.května u zast.ČD",49.38700580431688,13.29651360518345,KT,CZ
"Klatovy,,ul.5.května u zast.ČD",49.38711390464716,13.296625005404053,KT,CZ
"Klatovy,,Vídeňská",49.39151670490401,13.29573310497046,KT,CZ
"Klatovy,,Vídeňská",49.39251540444872,13.294944104957139,KT,CZ
"Klatovy,,Kozak",49.40401860429649,13.277516404856513,KT,CZ
"Klatovy,,Kozak",49.40412080437656,13.277744404200046,KT,CZ
"Klatovy,Beňovy",49.39097810476409,13.26220110509988,KT,CZ
"Klatovy,Beňovy",49.39091080465119,13.261833604415523,KT,CZ
"Klatovy,Čínov",49.39266780426965,13.326407505294373,KT,CZ
"Klatovy,Čínov",49.392914404828275,13.326123304624659,KT,CZ
"Klatovy,Čínov,mlýn",49.39749250445366,13.343807505502323,KT,CZ
"Klatovy,Čínov,mlýn",49.397448904311304,13.343893905290768,KT,CZ
"Klatovy,Dobrá Voda,rozc.0.8",49.3329967044058,13.352420805044526,KT,CZ
"Klatovy,Dobrá Voda,rozc.0.8",49.33282890450653,13.352678305038959,KT,CZ
"Klatovy,Drslavice,rozc.0.3",49.417545004680235,13.211842805256895,KT,CZ
"Klatovy,Drslavice,rozc.0.3",49.41759080435921,13.212010605256744,KT,CZ
"Klatovy,Habartice,garáž ČSAD",49.38986860431658,13.410757505128158,KT,CZ
"Klatovy,Habartice,náves",49.39097530445106,13.40601890490418,KT,CZ
"Klatovy,Habartice,náves",49.391044704522194,13.406111905494505,KT,CZ
"Klatovy,Chaloupky,rozc.0.8",49.41616890420714,13.312961104479061,KT,CZ
"Klatovy,Chaloupky,rozc.0.8",49.41610580424394,13.313101104397418,KT,CZ
"Klatovy,Kal,rozc.0.5",49.391631404424764,13.25379250530519,KT,CZ
"Klatovy,Kal,rozc.0.5",49.39149690418829,13.254221704278033,KT,CZ
"Klatovy,Křištín,rozc.0.4",49.33569360472808,13.342708905342498,KT,CZ
"Klatovy,Křištín,rozc.0.4",49.335616704216854,13.342545305482833,KT,CZ
"Klatovy,Kydliny",49.38796890467042,13.35579470462605,KT,CZ
"Klatovy,Kydliny",49.38776750449711,13.355550004291155,KT,CZ
"Klatovy,Kydliny,rozc.1.3",49.3991517044884,13.353925805139186,KT,CZ
"Klenčí pod Čerchovem,,škola",49.43725060460409,12.818089404304501,DO,CZ
"Klenčí pod Čerchovem,,STEATIT",49.43067560480155,12.81249190424823,DO,CZ
"Klenčí pod Čerchovem,,STEATIT",49.43050670442331,12.81239080382735,DO,CZ
"Klenčí pod Čerchovem,,nádraží",49.437981104267635,12.822143604575194,DO,CZ
"Klenčí pod Čerchovem,,nádraží",49.43803420470286,12.821951704114252,DO,CZ
"Klenčí pod Čerchovem,Capartice",49.412782804694785,12.789291904067484,DO,CZ
"Klenčí pod Čerchovem,Capartice",49.4129025047758,12.78853560410436,DO,CZ
"Klenčí pod Čerchovem,Jindřichova Hora",49.41441530504793,12.754059704616076,DO,CZ
"Klenčí pod Čerchovem,Jindřichova Hora",49.41450970433481,12.753444203706374,DO,CZ
"Klenčí pod Čerchovem,Černá Řeka",49.41402420481868,12.763249404714477,DO,CZ
"Klenčí pod Čerchovem,Černá Řeka",49.41408780451848,12.76300110397635,DO,CZ
"Klenčí pod Čerchovem,Výhledy",49.415417205001496,12.805553303550893,DO,CZ
"Klenčí pod Čerchovem,Výhledy",49.41400110458935,12.804128903679388,DO,CZ
Klenová,49.33384810474859,13.235949405139015,KT,CZ
Klenová,49.33386690467118,13.236084705248972,KT,CZ
Kočín,49.92995170524882,13.476026705118649,PS,CZ
Kočín,49.93008670479304,13.47716140552388,PS,CZ
"Kočín,,rozc.1.0",49.93360280497179,13.461068304429821,PS,CZ
"Kočín,,rozc.1.0",49.93358440514602,13.460874404248031,PS,CZ
Kočov,49.81067810483702,12.737801404077379,TC,CZ
"Kočov,Janov",49.79511580511732,12.755723903633296,TC,CZ
"Kočov,Janov",49.795398104872575,12.755540304565171,TC,CZ
"Kokašice,,u rybníka",49.87919250517563,12.950233304604874,TC,CZ
"Kokašice,,u rybníka",49.87925220469683,12.9501878050119,TC,CZ
"Kokašice,,u samoobsluhy",49.87838890454516,12.947257504284936,TC,CZ
"Kokašice,,u samoobsluhy",49.878488104689445,12.947319204083959,TC,CZ
"Kokašice,Čeliv",49.8902997046761,12.953721904355826,TC,CZ
"Kokašice,Krasíkov",49.88042610464984,12.935225604377976,TC,CZ
"Kokašice,Krasíkov",49.880458305396324,12.935280804060056,TC,CZ
Kolinec,49.2998139043515,13.440651405182198,KT,CZ
Kolinec,49.300198604991,13.441456105238538,KT,CZ
"Kolinec,Boříkovy,točna",49.33007530502429,13.387068105017484,KT,CZ
"Kolinec,Brod",49.330439204659406,13.441593304949377,KT,CZ
"Kolinec,Brod",49.330207504123216,13.441868304797527,KT,CZ
"Kolinec,Jindřichovice",49.297724204913955,13.395656105215222,KT,CZ
"Kolinec,Jindřichovice",49.29757720471457,13.395194704780575,KT,CZ
"Kostelec,Alfrédov",49.68492310492878,13.030760304356706,TC,CZ
"Kostelec,Alfrédov",49.68486670473966,13.030653104695636,TC,CZ
"Kostelec,Beraní Dvůr",49.69023560494611,13.034036704535144,TC,CZ
"Kostelec,Beraní Dvůr",49.690264205185514,13.034146704779385,TC,CZ
"Kostelec,Nedražice",49.65743190495025,13.036325304190541,TC,CZ
"Kostelec,Nedražice",49.65578610465501,13.035557503889711,TC,CZ
"Kostelec,Ostrov",49.699221904679156,13.043911404928856,TC,CZ
"Kostelec,Ostrov",49.699100604890745,13.0437797042783,TC,CZ
"Kostelec,Ostrov,prům.zóna I",49.70266310490529,13.040248605146916,TC,CZ
"Kostelec,Ostrov,prům.zóna I",49.70258500466146,13.04018310509113,TC,CZ
Kotovice,49.67344060491745,13.156065304210777,PJ,CZ
Kotovice,49.6734831044249,13.156117504993736,PJ,CZ
"Kotovice,Nový",49.680380604450306,13.149834404325793,PJ,CZ
"Kotovice,Nový",49.68033110439617,13.149787504768458,PJ,CZ
Kout na Šumavě,49.40310720493884,13.000773603887332,DO,CZ
Kout na Šumavě,49.40307500492818,13.000970804969006,DO,CZ
"Kout na Šumavě,,sídliště",49.40049780422293,13.005223304144636,DO,CZ
"Kout na Šumavě,,sídliště",49.40061920448922,13.005876703866305,DO,CZ
"Kout na Šumavě,,žel.st.",49.39706580468707,13.0133008050669,DO,CZ
"Kout na Šumavě,,žel.st.",49.39702830448847,13.013408104028203,DO,CZ
"Kout na Šumavě,Nový Dvůr",49.414351104836285,13.004228304015157,DO,CZ
"Kout na Šumavě,Nový Dvůr",49.41433190469033,13.004420303774058,DO,CZ
"Kout na Šumavě,Nový Dvůr,rozc.0.5",49.413021404868296,13.0008408050498,DO,CZ
"Kout na Šumavě,Nový Dvůr,rozc.0.5",49.41329890461444,13.000982804931159,DO,CZ
Kovčín,49.415592504790524,13.60805190479099,KT,CZ
Kozlovice,49.46704860495616,13.58137110509042,PJ,CZ
Kozlovice,49.46665560486707,13.58176420525852,PJ,CZ
Kozojedy,49.930361405374974,13.544174204814077,PS,CZ
Kozojedy,49.93038640447812,13.5443392045274,PS,CZ
"Dobříč,Bertín",49.89245860514325,13.508391905133385,PS,CZ
"Dobříč,Bertín",49.892477804921505,13.508469705097404,PS,CZ
"Kozojedy,Borek",49.91840190474421,13.51798720543522,PS,CZ
"Kozojedy,Borek,u mlýna",49.91604000458321,13.51890250489413,PS,CZ
"Kozojedy,Borek,u mlýna",49.91609780493682,13.518972204880596,PS,CZ
"Kozojedy,Břízsko",49.905368305219845,13.5194503050977,PS,CZ
"Kozojedy,Břízsko",49.90533470461158,13.519421405427897,PS,CZ
"Kozojedy,Lednice",49.942368904942825,13.514083304337895,PS,CZ
"Kozojedy,Lednice",49.94233580477291,13.514398304654833,PS,CZ
"Kralovice,,cihelna",49.973444204591246,13.505552804521873,PS,CZ
"Kralovice,,ČSAD",49.98806030536591,13.49106420415839,PS,CZ
"Kralovice,,ČSAD",49.988019404707195,13.491068605178986,PS,CZ
"Kralovice,,ZVŠ",49.980067805380024,13.480729705042334,PS,CZ
"Kralovice,,ZVŠ",49.98010250526943,13.481742505168087,PS,CZ
"Kralovice,,žel.st.",49.988551105310826,13.489833904677667,PS,CZ
"Kralovice,Bukovina",49.98998720457644,13.411967504774017,PS,CZ
"Kralovice,Bukovina",49.9900011052577,13.41188560452927,PS,CZ
"Kralovice,Červená Hora",49.99725170535145,13.449553905151113,PS,CZ
"Kralovice,Červená Hora",49.99732580514036,13.44947360468492,PS,CZ
"Kralovice,Hradecko",50.00849560468468,13.505567205157492,PS,CZ
"Kralovice,Mariánský Týnec",49.98597030543516,13.465434704921156,PS,CZ
"Kralovice,Mariánský Týnec",49.985986705218366,13.465450805008484,PS,CZ
"Kralovice,Řemešín",49.99540140537093,13.387471904683755,PS,CZ
"Kralovice,Řemešín,rozc.",49.98197830537188,13.38900940458083,PS,CZ
"Kralovice,Řemešín,rozc.",49.98201420520007,13.388946905284424,PS,CZ
"Kralovice,Trojany",49.984116104982306,13.406175604209494,PS,CZ
"Kralovice,Trojany",49.98417470493339,13.406052204906715,PS,CZ
"Kralovice,Trojany",49.98427220551423,13.405770605412183,PS,CZ
"Kralovice,Trojany",49.98420330541883,13.405730304986092,PS,CZ
"Kralovice,Trojany,rozc.",49.98560360507402,13.427013904946975,PS,CZ
"Kralovice,Trojany,rozc.",49.985642505171214,13.426909404777646,PS,CZ
Kramolín,49.448380804672475,13.579765804740779,PJ,CZ
Kramolín,49.448497804205516,13.579862504803941,PJ,CZ
Krásné Údolí,50.07263310497963,12.920798604346382,KV,CZ
Krásné Údolí,50.07254420553855,12.921004404766666,KV,CZ
Krašovice,49.87308810505873,13.304071905341106,PS,CZ
Krašovice,49.87324890540807,13.304023604755894,PS,CZ
Krsy,49.92528420517733,13.054199204294491,PS,CZ
Krsy,49.92537470547246,13.053866704767616,PS,CZ
"Krsy,Lichov",49.91876250458504,13.0808831041135,PS,CZ
"Krsy,Lichov",49.918757205193984,13.081019704451716,PS,CZ
"Krsy,Trhomné",49.94545030482657,13.082661905156982,PS,CZ
"Krsy,Trhomné",49.944219704964745,13.08209390421066,PS,CZ
Kryry,50.17271940543849,13.423017505364042,LN,CZ
Kryry,50.17264810529728,13.422899405279008,LN,CZ
Křelovice,49.874400004585766,13.07696390479256,PS,CZ
Křelovice,49.87449530496988,13.076934404562536,PS,CZ
"Křelovice,Pakoslav",49.87406830521014,13.050114204920222,PS,CZ
"Křelovice,Rozněvice",49.857758905192796,13.065693105116162,PS,CZ
"Horská Kvilda,,u Vydřího Mostu",49.0513778040403,13.57125810446114,KT,CZ
Kyšice,49.75453000505351,13.484590005479296,PM,CZ
Kyšice,49.754860004414226,13.48470000504441,PM,CZ
"Kyšice,,ObÚ",49.752000004570995,13.48781000515286,PM,CZ
"Kyšice,,rozc.1.0",49.74568780483345,13.489902805265912,PM,CZ
"Ledce,,kult.dům",49.821580804586354,13.328121105248043,PS,CZ
"Ledce,,kult.dům",49.82179940524957,13.328279405124475,PS,CZ
"Ledce,,u Pellerů",49.82163860529095,13.3377347050156,PS,CZ
"Ledce,,u Pellerů",49.821594704538896,13.33817280460727,PS,CZ
"Ledce,Dubský mlýn",49.82081470531185,13.349685604600877,PS,CZ
"Ledce,Dubský mlýn",49.820812504949174,13.349832504683715,PS,CZ
Lesná,49.754271404704994,12.53737420440258,TC,CZ
Lesná,49.754235804800004,12.53740080425365,TC,CZ
"Lesná,Jedlina,háj.",49.73746860500507,12.496011004190809,TC,CZ
"Lesná,Jedlina,háj.",49.73734720457239,12.496100004616382,TC,CZ
"Lesná,Písařova Vesce",49.773059404934855,12.564329404100173,TC,CZ
"Lesná,Písařova Vesce",49.77308110474852,12.564383103623719,TC,CZ
"Lesná,Stará Knížecí Huť",49.721384204679154,12.469296703992153,TC,CZ
Lestkov,49.88293610487243,12.871235603788977,TC,CZ
Lestkov,49.88286610531585,12.871116104324686,TC,CZ
"Lestkov,Domaslav",49.87671970543474,12.909718104875756,TC,CZ
"Lestkov,Hanov",49.90791250531219,12.871756903698142,TC,CZ
"Lestkov,Stan",49.866723604945456,12.845170604607928,TC,CZ
"Lestkov,Vysoké Jamné",49.88085030497368,12.843597204178005,TC,CZ
"Lestkov,Vysoké Jamné",49.880924404927505,12.843720804919208,TC,CZ
"Letiny,,lázně",49.52952420498993,13.454038104277956,PJ,CZ
"Letiny,,lázně",49.52964110441488,13.454083604259665,PJ,CZ
"Letiny,,pošta",49.53591220445445,13.457503605071718,PJ,CZ
"Letiny,,pošta",49.5359183048922,13.457447205492109,PJ,CZ
"Letiny,,u kostela",49.53937080437558,13.455328604763421,PJ,CZ
"Letiny,,u kostela",49.53898530483069,13.455288304798195,PJ,CZ
"Letiny,Bzí",49.54760530431357,13.488165804486941,PJ,CZ
"Letiny,Bzí,rozc.0.8",49.55304250480831,13.493026905400642,PJ,CZ
"Letiny,Bzí,rozc.0.8",49.55311390456424,13.493220005443264,PJ,CZ
"Letiny,Chocenický Újezd",49.56777000489969,13.479291905143123,PJ,CZ
"Letiny,Kbelnice",49.541721904452075,13.441952804940968,PJ,CZ
"Letiny,Kbelnice,rozc.1.3",49.54369280467398,13.452382504545344,PJ,CZ
"Letiny,Kbelnice,rozc.1.3",49.54275750469185,13.45255940505005,PJ,CZ
"Líšťany,Náklov,rozc.",49.83427470534246,13.170432805049158,PS,CZ
"Líšťany,Písek",49.81064440454961,13.18897580519847,PS,CZ
"Líšťany,Písek",49.810660004499795,13.188683304871796,PS,CZ
"Líšťany,Třebobuz,rozc.",49.811407504605135,13.164945604782735,PS,CZ
"Líšťany,Třebobuz,rozc.",49.81129780476319,13.16497110521746,PS,CZ
Líté,49.913564704973105,13.260772204655876,PS,CZ
Líté,49.91368470530972,13.260931105221388,PS,CZ
"Litohlavy,,háj.",49.76103640503684,13.569810604396924,RO,CZ
"Litohlavy,,háj.",49.760785005266825,13.569999704927342,RO,CZ
"Litohlavy,,náves",49.769051704638734,13.563152804575472,RO,CZ
"Litohlavy,,u mostu",49.764738904640126,13.566714404606229,RO,CZ
"Litohlavy,,u mostu",49.76452670444213,13.566827204728483,RO,CZ
"Lnáře,,střed",49.45721970475381,13.782346404540508,ST,CZ
"Lnáře,,střed",49.45718420480327,13.782806405311941,ST,CZ
"Lnáře,,střed",49.45701500433869,13.783835005153364,ST,CZ
Lochousice,49.676046405012364,13.091467205012101,PS,CZ
Losiná,49.66818920451184,13.458648605056869,PM,CZ
Losiná,49.668344404528746,13.458604405096922,PM,CZ
"Losiná,,ObÚ",49.669732204601644,13.447898904381676,PM,CZ
"Losiná,,čerpací stanice",49.67533110448162,13.448598304383756,PM,CZ
"Losiná,,čerpací stanice",49.67521110473366,13.448558104491365,PM,CZ
Loučim,49.36794440453557,13.112621105059823,DO,CZ
Loučim,49.3680658048039,13.113141704894879,DO,CZ
"Loučim,,rozc.1.4",49.36433860495311,13.102615604074332,DO,CZ
"Loučim,,rozc.1.4",49.36455830493014,13.102546904294696,DO,CZ
Louňová,49.56479440453886,13.60586360501503,PJ,CZ
"Louňová,,rozc.1.0",49.57217080445875,13.604195305243039,PJ,CZ
"Louňová,,rozc.1.0",49.57219780504525,13.603906904923273,PJ,CZ
"Louňová,Kbely",49.568511905015086,13.627201905134743,PJ,CZ
"Louňová,Kbely",49.568475304862865,13.627120305534797,PJ,CZ
Loza,49.89306830538365,13.288676104348275,PS,CZ
Loza,49.89319330481612,13.28892970545487,PS,CZ
Loza,49.89347250457609,13.29011390503991,PS,CZ
"Lubenec,Vítkovice,rozc.",50.10336360519503,13.300684404933952,LN,CZ
"Lubenec,Vítkovice,rozc.",50.10346000476552,13.300456404194417,LN,CZ
"Lubná,,sídliště",50.077610605013184,13.708273905428484,RA,CZ
"Lubná,,sídliště",50.07775080506397,13.708424205043942,RA,CZ
"Lubná,,u hřbitova",50.075137805434345,13.701662204762822,RA,CZ
"Lubná,,u hřbitova",50.07507140534131,13.701860805247392,RA,CZ
Lužany,49.549664204309806,13.315716404912193,PJ,CZ
Lužany,49.549581104604215,13.316076904123584,PJ,CZ
"Manětín,Stvolny,rozc.",50.03001970525359,13.255383904447314,PS,CZ
"Manětín,Újezd",49.99850250550265,13.190064705197257,PS,CZ
"Manětín,Újezd,rozc.1.0",49.994367205191075,13.198629204794669,PS,CZ
"Manětín,Vladměřice",49.974667804596265,13.26182500409855,PS,CZ
"Manětín,Vladměřice",49.97468080470323,13.261870604930621,PS,CZ
"Manětín,Zhořec",50.00872610540181,13.140518605182075,PS,CZ
"Manětín,Zhořec",50.00862890537041,13.140364404775243,PS,CZ
Maňovice,49.392831404740065,13.655676704462577,KT,CZ
Maňovice,49.3928756046531,13.655601404636265,KT,CZ
"Maňovice,,rozc.0.5",49.3972006043383,13.643786705200664,KT,CZ
"Maňovice,,rozc.0.5",49.397258904366254,13.643590805118825,KT,CZ
"Mariánské Lázně,,aut.st.",49.95688200517254,12.695984004063776,CH,CZ
"Mariánské Lázně,,aut.st.",49.956834004757624,12.696226004404744,CH,CZ
"Mariánské Lázně,,aut.st.",49.956774005269246,12.696473004640541,CH,CZ
"Mariánské Lázně,,aut.st.",49.95669700493269,12.69668900353657,CH,CZ
"Mariánské Lázně,,aut.st.",49.956643005132534,12.696880004808673,CH,CZ
"Mariánské Lázně,,aut.st.",49.957337005080745,12.695021004185367,CH,CZ
"Mariánské Lázně,,tržnice",49.96291970480456,12.701071703832739,CH,CZ
"Mariánské Lázně,,tržnice",49.964261405363736,12.701150604398004,CH,CZ
"Mariánské Lázně,Úšovice,st.domy",49.95217720534196,12.703762503852754,CH,CZ
"Mariánské Lázně,Úšovice,st.domy",49.9511719046586,12.704061404158663,CH,CZ
"Mariánské Lázně,Úšovice,Kollárova",49.957100604858674,12.701375603912071,CH,CZ
"Mariánské Lázně,Úšovice,Kollárova",49.95689530527075,12.701370003731988,CH,CZ
Meclov,49.50581440489369,12.880536404829847,DO,CZ
Meclov,49.50569970460425,12.880686404015433,DO,CZ
"Meclov,,rozc.0.5",49.501287804341096,12.888435604264075,DO,CZ
"Meclov,,rozc.0.5",49.501670804533624,12.890270604015502,DO,CZ
"Meclov,,rozc.0.5",49.50065670443135,12.88977610423624,DO,CZ
"Meclov,,rozc.0.5",49.50021670514717,12.888275604674146,DO,CZ
"Meclov,Bozdíš,rozc.1.0",49.48371560466228,12.919567504186094,DO,CZ
"Meclov,Březí",49.490243604900925,12.88078920394111,DO,CZ
"Meclov,Březí",49.489996104732214,12.88085640394761,DO,CZ
"Meclov,Jeníkovice,rozc.0.5",49.49886580492654,12.94601500394397,DO,CZ
"Meclov,Jeníkovice,rozc.0.5",49.498513104698866,12.945883604306356,DO,CZ
"Merklín,,u křížku",49.56530500466295,13.194320604774187,PJ,CZ
"Merklín,,u křížku",49.565280605103226,13.194502805056171,PJ,CZ
"Merklín,Kloušov",49.5478528049859,13.180295604193187,PJ,CZ
"Merklín,Kloušov",49.54781280458955,13.180420304602448,PJ,CZ
"Merklín,Kloušov,rozc.1.0",49.55385830502148,13.190407204296301,PJ,CZ
"Merklín,Kloušov,rozc.1.0",49.553810604828776,13.190366904699395,PJ,CZ
"Merklín,Lhota",49.55301420439635,13.153250804590693,PJ,CZ
"Merklín,,Zelený háj",49.549609704579815,13.133194704405392,PJ,CZ
"Merklín,,Zelený háj",49.54952860513135,13.133198604055044,PJ,CZ
Město Touškov,49.77612360465469,13.251186704441455,PS,CZ
"Město Touškov,Dobronice,rozc.",49.774927804819036,13.225226904137232,PS,CZ
"Město Touškov,Dobronice,rozc.",49.77497690518524,13.225555603931841,PS,CZ
"Město Touškov,Kůští",49.80064060518151,13.282017204422404,PS,CZ
"Město Touškov,Kůští,rozc.",49.810499404746544,13.282906904896707,PS,CZ
"Město Touškov,Kůští,rozc.",49.810338104516454,13.283036904731206,PS,CZ
Mešno,49.655655804644475,13.621689705393543,RO,CZ
Mešno,49.655645604405066,13.621772804773006,RO,CZ
Mezholezy u Horš.Týna,49.6246922051062,12.90470250439226,DO,CZ
Mezholezy u Horš.Týna,49.624661704961895,12.904817804216432,DO,CZ
"Mezholezy u Horš.Týna,Buková",49.639608905135,12.921834704035316,DO,CZ
Mezholezy u Kdyně,49.411744404368065,13.103692804686935,DO,CZ
Mezholezy u Kdyně,49.41180060498408,13.103729704367941,DO,CZ
"Úsilov,,Zalč",49.40427190444874,13.080747504663224,DO,CZ
"Úsilov,,Zalč",49.404213604318464,13.080551903950209,DO,CZ
Mezihoří,49.48795030475214,13.255728104559555,KT,CZ
Mezihoří,49.48791560486846,13.255880804011179,KT,CZ
Milavče,49.46571810433034,12.98351360496129,DO,CZ
Milavče,49.46540420482298,12.983350004771388,DO,CZ
"Milavče,Božkovy",49.46466000459802,13.014945005032732,DO,CZ
"Milavče,Božkov,rozcestí",49.46183440453151,13.016861904630877,DO,CZ
"Milavče,Božkov,rozcestí",49.46187110461297,13.016811104496805,DO,CZ
"Milavče,Božkov,rozcestí",49.4620275049488,13.016901705032435,DO,CZ
"Milavče,Radonice",49.457151904823405,13.001191904461715,DO,CZ
"Milavče,Radonice",49.457283904450314,13.000963604847051,DO,CZ
"Milavče,Radonice,ovčín",49.45083280508859,12.994892204642722,DO,CZ
"Milavče,Radonice,ovčín",49.45115970506317,12.994759704120597,DO,CZ
"Mirošov,Myť,u vodojemu",49.675391405002145,13.665520305001575,RO,CZ
Mířkov,49.58904690459086,12.880520303915509,DO,CZ
Mířkov,49.58894690500357,12.880559204220155,DO,CZ
"Mířkov,Křakov",49.5899211049956,12.909626104377915,DO,CZ
"Mířkov,Nový Dvůr",49.57537170476814,12.908627804334666,DO,CZ
"Mířkov,Nový Dvůr",49.575321105208964,12.908568904896956,DO,CZ
"Mířkov,Nový Dvůr,rozc.1.0",49.575825805066145,12.899029704087464,DO,CZ
"Mířkov,Nový Dvůr,rozc.1.0",49.57574830448816,12.89895330467902,DO,CZ
Míšov,49.62271860455345,13.724926905586557,PJ,CZ
Míšov,49.622815804834225,13.724846105338418,PJ,CZ
Mladotice,49.98539670464769,13.364296405523826,PS,CZ
Mladotice,49.985465604657286,13.364092505490609,PS,CZ
"Mladotice,,háj.",49.97481500461732,13.363260004236988,PS,CZ
"Mladotice,,zastávka",49.97403330467856,13.341591105489853,PS,CZ
"Mladotice,,zastávka",49.97412310523307,13.341588605253769,PS,CZ
"Mladotice,,žel.st.",49.98653970501061,13.364286404631796,PS,CZ
"Mladotice,Chrašťovice",50.007353104933976,13.351852204525244,PS,CZ
"Mladotice,Chrašťovice",50.00759940478365,13.352060305459245,PS,CZ
"Mladotice,Strážiště",49.99210140473323,13.329832804412954,PS,CZ
"Mladotice,Strážiště,rozc.",49.989773304883066,13.362900805525518,PS,CZ
"Mladotice,Strážiště,rozc.",49.98980780507993,13.362951904838138,PS,CZ
"Mladotice,Velká Černá Hať",50.00825030518885,13.333591704503437,PS,CZ
Mladý Smolivec,49.50659420436789,13.73548810562637,PJ,CZ
Mladý Smolivec,49.50639140444667,13.73545470488823,PJ,CZ
"Mladý Smolivec,,bytovky",49.50718560499732,13.731684705035049,PJ,CZ
"Mladý Smolivec,,ZD",49.50234920454149,13.735443905511136,PJ,CZ
"Mladý Smolivec,Budislavice",49.50583060424146,13.716846904692385,PJ,CZ
"Mladý Smolivec,Budislavice",49.505870604342185,13.716771704821822,PJ,CZ
"Mladý Smolivec,Dožice,u pošty",49.52401140456657,13.70464440497035,PJ,CZ
"Mladý Smolivec,Dožice,koupaliště",49.52112080471262,13.69248250481937,PJ,CZ
"Mladý Smolivec,Dožice,koupaliště",49.52118610492287,13.69278640572831,PJ,CZ
"Mladý Smolivec,Dožice,rozc.2.0",49.5105369051208,13.73010470566183,PJ,CZ
"Mochtín,Kocourov",49.359323104224394,13.383500304647836,KT,CZ
"Mochtín,Nový Čestín",49.360371404765694,13.367848305228735,KT,CZ
"Mochtín,Nový Čestín",49.360229704887864,13.368110004482832,KT,CZ
"Mochtín,Srbice,rozc.0.3",49.35349310482161,13.345727504409151,KT,CZ
"Mochtín,Srbice,rozc.0.3",49.35334280454706,13.345673904219588,KT,CZ
"Mochtín,Újezdec",49.35761580477525,13.331118904392971,KT,CZ
"Mochtín,Újezdec,rozc.hlavní silnice",49.3642756046367,13.340077205467445,KT,CZ
"Mochtín,Újezdec,rozc.hlavní silnice",49.36404140437408,13.340206104799329,KT,CZ
"Mochtín,Újezdec,rozcestí",49.361676904339376,13.340900605511198,KT,CZ
"Mochtín,Újezdec,rozcestí",49.36172220415887,13.340793104488446,KT,CZ
Mokrosuky,49.274564204855075,13.45819060423162,KT,CZ
"Mokrosuky,,rozc.1.2",49.27686670457865,13.46739580461531,KT,CZ
"Mokrosuky,,rozc.1.2",49.27664610460697,13.46744000459856,KT,CZ
Mokrouše,49.714980004716146,13.52454000511451,PM,CZ
Mokrouše,49.7148600049542,13.524670005089279,PM,CZ
"Mokrouše,,garáž ČSAD",49.71803000463972,13.516700005393869,PM,CZ
"Mokrouše,,garáž ČSAD",49.71796000511045,13.516790005077246,PM,CZ
"Mokrouše,,háj.",49.70821000483127,13.54390000466292,RO,CZ
"Mokrouše,,háj.",49.70829000505985,13.54365000548609,RO,CZ
Mrákov,49.40317720504968,12.950138904338482,DO,CZ
Mrákov,49.40310860432084,12.950066405156743,DO,CZ
"Mrákov,,u křížku",49.40245080429098,12.947546104706847,DO,CZ
"Mrákov,,u křížku",49.40234530447519,12.947000303911688,DO,CZ
"Mrákov,,u křížku",49.40224030437475,12.947306704722397,DO,CZ
"Mrákov,,u křížku",49.4022742050728,12.947328104160729,DO,CZ
"Mrákov,,ZŠ",49.40356500482533,12.956842004118572,DO,CZ
"Mrákov,Klíčov,lom",49.39488780425314,12.961548604494743,DO,CZ
"Mrákov,Klíčov,lom",49.394839704412924,12.961520604956041,DO,CZ
"Mrákov,Mlýneček",49.37301940469419,12.953721905016948,DO,CZ
"Mrákov,Mlýneček,rozc.0.5",49.37404110452059,12.967919404743958,DO,CZ
"Mrákov,Mlýneček,rozc.0.5",49.37409170493944,12.967888603917366,DO,CZ
"Mrákov,Nový Klíčov",49.38141170434166,12.965599204410585,DO,CZ
"Mrákov,Nový Klíčov",49.38159080436086,12.965779403833396,DO,CZ
"Mrákov,Smolov",49.41667060427894,12.958267504365413,DO,CZ
"Mrákov,Smolov",49.41685560430351,12.958170804091164,DO,CZ
"Mrákov,Starý Klíčov",49.399432804655774,12.959376904798555,DO,CZ
"Mrákov,Štítovky",49.37742940473824,12.966018904841317,DO,CZ
"Nalžovské Hory,Letovy",49.32271250467803,13.532842505594456,KT,CZ
"Nalžovské Hory,Letovy",49.32267060449101,13.533309204907829,KT,CZ
"Nalžovské Hory,Miřenice",49.31037250484114,13.557790804890505,KT,CZ
"Nalžovské Hory,Nalžovy",49.33408470408007,13.55161890475612,KT,CZ
"Nalžovské Hory,Nalžovy",49.33400440473164,13.551690004456088,KT,CZ
"Nalžovské Hory,Neprochovy",49.36455830409786,13.598555004694163,KT,CZ
"Nalžovské Hory,Otěšín",49.31153060405346,13.55002830475006,KT,CZ
"Nalžovské Hory,Otěšín",49.31134170491051,13.549883604993651,KT,CZ
"Nalžovské Hory,Radice",49.381465604547245,13.563778605052143,KT,CZ
"Nalžovské Hory,Radice",49.3813983048055,13.563771905450485,KT,CZ
"Nalžovské Hory,Sedlečko",49.3062225042729,13.526723904758924,KT,CZ
"Nalžovské Hory,Sedlečko",49.30623470467429,13.526852805268078,KT,CZ
"Nalžovské Hory,Těchonice",49.36826940449896,13.571120004874086,KT,CZ
"Nalžovské Hory,Ústaleč",49.31617750466428,13.498848104705221,KT,CZ
"Nalžovské Hory,Velenovy,I",49.35775110468419,13.545879205341544,KT,CZ
"Nalžovské Hory,Velenovy,I",49.35778170450834,13.546085605183624,KT,CZ
"Nalžovské Hory,Velenovy,II",49.361210604399034,13.546069405076175,KT,CZ
"Nalžovské Hory,Velenovy,II",49.361045604888126,13.545925804779129,KT,CZ
"Nalžovské Hory,Žďár",49.38019560428634,13.555790304373822,KT,CZ
"Nalžovské Hory,Žďár",49.380288104874104,13.55592440514891,KT,CZ
Nebílovy,49.62958390500973,13.42883330476549,PJ,CZ
Nebílovy,49.630126904911364,13.429261405274719,PJ,CZ
"Nebílovy,,Na rajči",49.63364720485262,13.433048105089368,PJ,CZ
"Nebílovy,,Na rajči",49.63364470444674,13.43310310491603,PJ,CZ
Nečtiny,49.975338305042655,13.164620004583552,PS,CZ
Nečtiny,49.975701405227234,13.164378604972347,PS,CZ
"Nečtiny,,Hrad Nečtiny",49.9571053052469,13.156211103835787,PS,CZ
"Nečtiny,Březín",49.961112205379834,13.133125604693904,PS,CZ
"Nečtiny,Doubravice,rozc.",49.981075004623186,13.168065004250451,PS,CZ
"Nečtiny,Doubravice,rozc.",49.98109420529309,13.167982204673315,PS,CZ
"Nečtiny,,Hamr",49.987744204971435,13.183405605159818,PS,CZ
"Nečtiny,,Hamr",49.9877581051514,13.183361405256113,PS,CZ
"Nečtiny,Lešovice,rozc.0.3",49.991149705180305,13.190900005146887,PS,CZ
"Nečtiny,Lešovice,rozc.0.3",49.99115140515122,13.190804704893454,PS,CZ
"Nečtiny,Plachtín",49.94660780522016,13.160545003910121,PS,CZ
"Nepomuk,Zelený Dol",49.48756780482251,13.579751105153107,PJ,CZ
"Nepomuk,Zelený Dol",49.486917204679244,13.58026330557081,PJ,CZ
Netunice,49.619800305184654,13.424316705221166,PJ,CZ
Netunice,49.61991610480491,13.424285004653239,PJ,CZ
Netunice,49.61615060440824,13.430458304617309,PJ,CZ
"Netunice,Mrtol",49.61698360508239,13.4194306051558,PJ,CZ
"Neuměř,,rozc.0.4",49.59510530494109,13.059738604780307,PJ,CZ
"Neuměř,,rozc.0.4",49.59500530510249,13.05971720421598,PJ,CZ
Neurazy,49.44223280459575,13.514967805585469,PJ,CZ
Neurazy,49.44219000418266,13.51506030509232,PJ,CZ
"Neurazy,,Na Cikánce",49.43625310445928,13.511395005468971,PJ,CZ
"Neurazy,,Na Cikánce",49.43635080488818,13.511505005010012,PJ,CZ
"Neurazy,Klikařov",49.45151530442061,13.509380605247566,PJ,CZ
"Neurazy,Klikařov",49.45152060434852,13.50921170502802,PJ,CZ
"Neurazy,Nová Ves",49.465212204601286,13.535908904334514,PJ,CZ
"Neurazy,Nová Ves",49.4652706042322,13.53574420544864,PJ,CZ
"Neurazy,Partoltice",49.459611704560565,13.470932205211447,PJ,CZ
"Neurazy,,pila",49.44393500449613,13.530295305198175,PJ,CZ
"Neurazy,Radochovy",49.45360830461507,13.476985604357798,PJ,CZ
"Neurazy,Soběsuky",49.46147580420991,13.548103604556664,PJ,CZ
"Neurazy,Soběsuky",49.461406104301524,13.548156104426015,PJ,CZ
"Neurazy,Vojovice",49.464087504381,13.502149404842987,PJ,CZ
"Neurazy,Vojovice",49.4641136046028,13.50203940464239,PJ,CZ
"Neurazy,Vojovice",49.46310640451939,13.501277805372665,PJ,CZ
Nevid,49.68582530479726,13.606727805569404,RO,CZ
"Nevolice,,rozc.0.5",49.41740640459088,12.92666030390573,DO,CZ
"Nevolice,,rozc.0.5",49.41760280438945,12.926978104153102,DO,CZ
"Nevolice,,rozc.0.5",49.41767080510021,12.92663750453824,DO,CZ
"Nevolice,,rozc.0.5",49.4174239049023,12.926271404385894,DO,CZ
Nevřeň,49.82418890495534,13.275683605244902,PS,CZ
Nevřeň,49.82430530506883,13.27627610414892,PS,CZ
"Nevřeň,Nová Hospoda",49.81828920513779,13.258387505041227,PS,CZ
"Nevřeň,Nová Hospoda",49.8193353045375,13.255746705107045,PS,CZ
Nezabudice,50.01247390525177,13.820016034814273,RA,CZ
Nezamyslice,49.26257860420056,13.674783305734922,KT,CZ
Nezamyslice,49.26267080459782,13.674689705040851,KT,CZ
"Nové Mitrovice,Nechanice",49.58229890484854,13.645524204763957,PJ,CZ
"Nové Mitrovice,Nechanice",49.58231640499615,13.645660805118961,PJ,CZ
"Nové Mitrovice,Planiny",49.60341830440435,13.691529405471226,PJ,CZ
"Nové Mitrovice,Planiny",49.603410604458574,13.691408905229952,PJ,CZ
Nový Kramolín,49.47744440492438,12.80666500390273,DO,CZ
Nový Kramolín,49.47745830486749,12.806329704462089,DO,CZ
"Nýrsko,,Komenského",49.29036500411146,13.139159704096354,KT,CZ
"Nýrsko,,Komenského",49.29039920423518,13.139059205263225,KT,CZ
"Nýrsko,,Komenského",49.2904211041957,13.138980005236702,KT,CZ
"Nýrsko,,nám.",49.29383580414274,13.14396530474335,KT,CZ
"Nýrsko,,nám.",49.293885604325254,13.143785604966764,KT,CZ
"Nýrsko,,samoty",49.28316670431529,13.1504906041727,KT,CZ
"Nýrsko,,samoty",49.28311140427168,13.150481105279017,KT,CZ
"Nýrsko,,Pod Mezí",49.29701940457031,13.151330804986685,KT,CZ
"Nýrsko,,Pod Mezí",49.29685670481156,13.151178104876543,KT,CZ
"Nýrsko,,vlakové nádraží",49.29767610428916,13.153239404990078,KT,CZ
"Nýrsko,Bystřice nad Úhlavou,náves",49.304751704621786,13.154840305021917,KT,CZ
"Nýrsko,Bystřice nad Úhlavou,rozcestí",49.303669404253256,13.156664204824517,KT,CZ
"Nýrsko,Bystřice nad Úhlavou,rozcestí",49.302981904526504,13.154360605102497,KT,CZ
"Nýrsko,Hodousice",49.29532780434506,13.170664404955216,KT,CZ
"Nýrsko,Starý Láz,rozc.0.5",49.30856920498997,13.169882204542787,KT,CZ
"Nýrsko,Starý Láz,rozc.0.5",49.30752000444809,13.168869404549172,KT,CZ
"Nýrsko,Zelená Lhota",49.24143720449908,13.173767804319997,KT,CZ
"Nýrsko,Zelená Lhota",49.2414717044661,13.173689204972725,KT,CZ
"Nýrsko,Zelená Lhota",49.2415836043841,13.173757504611388,KT,CZ
"Nýrsko,Zelená Lhota,host.",49.24512170432922,13.170815004431468,KT,CZ
"Nýrsko,Zelená Lhota,host.",49.24527860458575,13.170882504279248,KT,CZ
"Nýrsko,Zelená Lhota,lesnická škola",49.23467420457702,13.17122560502411,KT,CZ
"Nýrsko,Zelená Lhota,lesnická škola",49.23459890430292,13.171151905126349,KT,CZ
"Nýrsko,Zelená Lhota,rozcestí k nádraží",49.2460194041714,13.173751405069003,KT,CZ
"Nýrsko,Zelená Lhota,rozcestí k nádraží",49.24648390487408,13.1732878044734,KT,CZ
"Nýřany,,DIOSS",49.70982920516222,13.16922970389076,PS,CZ
"Nýřany,,DIOSS rozc.",49.71528060451244,13.16839720421322,PS,CZ
"Nýřany,,DIOSS rozc.",49.715371104418246,13.168194704520543,PS,CZ
"Tlučná,,kolonie",49.719843104748975,13.22532720470538,PS,CZ
"Tlučná,,kolonie",49.71981440466887,13.224904705230857,PS,CZ
"Oplot,,rozc.1.8",49.59141560451514,13.257253604340484,PJ,CZ
"Oplot,,rozc.1.8",49.59134860481938,13.25717440481606,PJ,CZ
"Osek,,Lidový dům",49.76928250473284,13.589795604828455,RO,CZ
"Osek,,Lidový dům",49.76960190437214,13.589534404481748,RO,CZ
"Osek,,Sokolovna",49.77842750491818,13.590955605074758,RO,CZ
"Osek,,Sokolovna",49.77797000450891,13.590688904866488,RO,CZ
"Osek,,ZD",49.78343500479025,13.591494405383903,RO,CZ
"Osek,,ZD",49.78263310439802,13.591375304571208,RO,CZ
"Osek,,ZŠ",49.77880560463245,13.59211560549484,RO,CZ
"Osek,,ZŠ",49.77870110479771,13.591958604548438,RO,CZ
"Osek,Vitinka",49.78718190445608,13.565795804727696,RO,CZ
"Osek,Vitinka",49.78711220509533,13.565804405455555,RO,CZ
"Osek,Vitinka,rozc.1.1",49.78826470504037,13.591451705566726,RO,CZ
"Osek,Vitinka,rozc.1.1",49.78813830527383,13.591396404633036,RO,CZ
"Osek,Vitinka,u transf.",49.78607780476736,13.571104205077166,RO,CZ
"Osek,Vitinka,u transf.",49.78592190497702,13.571372505545005,RO,CZ
Oselce,49.43642470419665,13.672571905229983,PJ,CZ
Oselce,49.43646780498492,13.672403305666833,PJ,CZ
"Oselce,Kotouň",49.450468904236786,13.677433104933705,PJ,CZ
"Oselce,Kotouň",49.45048110445116,13.677096405724631,PJ,CZ
"Oselce,Kotouň,žel.st.",49.463044404209455,13.666853905010614,PJ,CZ
"Oselce,Kotouň,žel.st.",49.46304110501403,13.6666603055045,PJ,CZ
Ostrov u Bezdružic,49.899868304810376,13.042115304070117,PS,CZ
Ostrov u Bezdružic,49.90010000498433,13.04165920498702,PS,CZ
"Ostrov u Bezdružic,Krsov",49.89214610498021,13.057831704443043,PS,CZ
"Ostrov u Bezdružic,Krsov",49.89186000517252,13.057800804557278,PS,CZ
"Ostrov u Bezdružic,Pláň",49.90677000474364,13.077438604859882,PS,CZ
"Ostrov u Bezdružic,Pláň",49.90670940506756,13.077725604619125,PS,CZ
"Ostrov u Bezdružic,Pláň,rozc.",49.914180005192186,13.089563304127422,PS,CZ
"Ostrov u Bezdružic,Pláň,rozc.",49.914254204997384,13.089489703922593,PS,CZ
Ostrovec-Lhotka,49.91103640532285,13.720161705435835,RO,CZ
Ostřetice,49.42303250412849,13.344708104282825,KT,CZ
Ostřetice,49.42297250507741,13.344829205304483,KT,CZ
"Ostřetice,Makalovy",49.43598420469009,13.33762970461904,KT,CZ
"Ostřetice,Makalovy",49.435952804290665,13.337476904642697,KT,CZ
Osvračín,49.5129406049553,13.04523920401844,DO,CZ
Osvračín,49.512990604906065,13.044911905084593,DO,CZ
"Osvračín,Mimov",49.500707804449625,13.057186703923849,DO,CZ
"Osvračín,Mimov",49.50110220439719,13.057611704931974,DO,CZ
Ošelín,49.772138104726466,12.856162203811031,TC,CZ
Ošelín,49.77199170481241,12.855506103898147,TC,CZ
"Pernarec,Krukanice",49.84350140528182,13.0960133045986,PS,CZ
"Pernarec,Málkovice",49.854007804861446,13.111039404827602,PS,CZ
"Pernarec,Málkovice",49.85393940451098,13.111024704503166,PS,CZ
"Pernarec,Skupeč",49.87230250533088,13.110010003802559,PS,CZ
"Pernarec,Skupeč",49.872201405256874,13.109871904399249,PS,CZ
"Petrovice u Sušice,,náves",49.21951360413872,13.439451905118387,KT,CZ
"Petrovice u Sušice,,náves",49.219590304239425,13.439522205159639,KT,CZ
"Petrovice u Sušice,Částkov",49.236817804778205,13.449460604621448,KT,CZ
"Petrovice u Sušice,Františkova Ves",49.22170420490516,13.470291905204352,KT,CZ
"Petrovice u Sušice,Františkova Ves",49.22170080460176,13.470407804774128,KT,CZ
"Petrovice u Sušice,Jiřičná",49.20636470448749,13.448056704531357,KT,CZ
"Petrovice u Sušice,Jiřičná",49.20631940468339,13.448031905099077,KT,CZ
"Petrovice u Sušice,Maršovice",49.241638304576654,13.4350406044284,KT,CZ
"Petrovice u Sušice,Maršovice",49.241693904199636,13.435157505151414,KT,CZ
"Petrovice u Sušice,,Mýto",49.21828780427943,13.445738105616542,KT,CZ
"Petrovice u Sušice,,Mýto",49.21834330423235,13.445441905439724,KT,CZ
"Petrovice u Sušice,,Mýto",49.217956904297374,13.445746405163595,KT,CZ
"Petrovice u Sušice,,Mýto",49.217842504286764,13.445700804977246,KT,CZ
"Petrovice u Sušice,Rovná,rozc.2.0",49.22140360411951,13.434471105362741,KT,CZ
"Petrovice u Sušice,Rovná,rozc.2.0",49.22153560415385,13.434334705172237,KT,CZ
"Petrovice u Sušice,Trsice,rozc.2.0",49.22339860444745,13.460198104308661,KT,CZ
"Petrovice u Sušice,Trsice,rozc.2.0",49.223400304110726,13.459949704528968,KT,CZ
"Petrovice u Sušice,Trsice,rozc.2.0",49.223595004242746,13.462028904394893,KT,CZ
"Petrovice u Sušice,Trsice,rozc.2.0",49.22368920473853,13.461730604823304,KT,CZ
"Petrovice u Sušice,Žíkov",49.23185250475319,13.456473604965613,KT,CZ
Petrovice,50.066900005270014,13.638311104679172,RA,CZ
Petrovice,50.06709310524189,13.63800390520838,RA,CZ
"Petrovice,,statek",50.06738220465395,13.647033605138061,RA,CZ
"Petrovice,,statek",50.067330604811445,13.64719060475701,RA,CZ
"Planá,,aut.st.",49.86819860481253,12.745773104717337,TC,CZ
"Planá,,aut.st.",49.86820920528884,12.745559703512638,TC,CZ
"Planá,,aut.st.",49.868185804893564,12.745274204570537,TC,CZ
"Planá,,aut.st.",49.86809420510734,12.74514280479234,TC,CZ
"Planá,Vysoké Sedliště,rozc.",49.84579440519862,12.765777204587035,TC,CZ
"Planá,Zliv,rozc.",49.83225420473109,12.801768304650409,TC,CZ
"Planá,Zliv,rozc.",49.83222560525278,12.801329704499334,TC,CZ
Pláně,49.94972220532618,13.308520005091527,PS,CZ
Pláně,49.949765604825664,13.30847060535938,PS,CZ
"Pláně,Korýtka",49.94311360513648,13.322330304864218,PS,CZ
"Pláně,Korýtka",49.94311030492009,13.322383905042695,PS,CZ
"Pláně,Ondřejov",49.967570804762204,13.33680000482554,PS,CZ
"Pláně,Vrážné,rozc.",49.947418304704925,13.330454405245,PS,CZ
"Plánice,,nám.",49.38940720435806,13.473972805049454,KT,CZ
"Plánice,,nám.",49.38931670434585,13.473920604312381,KT,CZ
"Plánice,Bližanovy",49.425449204251464,13.504287204686761,KT,CZ
"Plánice,Bližanovy",49.42531310419767,13.504032804643035,KT,CZ
"Plánice,Křížovice",49.361573104836275,13.440718104976371,KT,CZ
"Plánice,Křížovice",49.361503904185355,13.440658305442476,KT,CZ
"Plánice,Křížovice,rozc.1.6",49.347646104228886,13.438554705331835,KT,CZ
"Plánice,Křížovice,rozc.1.6",49.34832420479359,13.434682804769194,KT,CZ
"Plánice,Křížovice,rozc.1.6",49.3488997044044,13.437331405508589,KT,CZ
"Plánice,Křížovice,rozc.1.6",49.347291704323,13.436115605481074,KT,CZ
"Plánice,Kvasetice",49.40237390436192,13.49624530435467,KT,CZ
"Plánice,Kvasetice",49.402366104837604,13.496125805141796,KT,CZ
"Plánice,Lovčice",49.41115280465392,13.511760604636239,KT,CZ
"Plánice,Lovčice",49.41125750439362,13.511875805184758,KT,CZ
"Plánice,Mlynářovice",49.42922830496386,13.457802504714463,KT,CZ
"Plánice,Mlynářovice",49.42923890512249,13.457743305462811,KT,CZ
"Plánice,Mlynářovice,rozc.0.7",49.425391104518425,13.450088105410735,KT,CZ
"Plánice,Mlynářovice,rozc.0.7",49.425348304576865,13.449834704313146,KT,CZ
"Plánice,Nicov",49.38334060461781,13.500253304619457,KT,CZ
"Plánice,Nicov",49.3833689044131,13.500256104878517,KT,CZ
"Plánice,Nová Plánice",49.37136000496631,13.447039405351529,KT,CZ
"Plánice,,Nové Město",49.39277670439538,13.464768304522632,KT,CZ
"Plánice,,Nové Město",49.3928728048192,13.4648969046414,KT,CZ
"Plánice,Pohoří",49.419159704145486,13.529773604540193,KT,CZ
"Plánice,Pohoří",49.41910860489536,13.529630604279182,KT,CZ
"Plánice,Štipoklasy",49.40111390461618,13.534558105152282,KT,CZ
"Plánice,Štipoklasy,u ZD",49.40212060448102,13.535749704459183,KT,CZ
"Plzeň,,CAN",49.74658160454289,13.3631018048572,PM,CZ
"Plzeň,,CAN",49.74660740525438,13.362895404563382,PM,CZ
"Plzeň,,CAN",49.74661710452816,13.362678605295303,PM,CZ
"Plzeň,,CAN",49.746637605245056,13.36241340457331,PM,CZ
"Plzeň,,CAN",49.74665730484994,13.362126004928232,PM,CZ
"Plzeň,,CAN",49.74669550497602,13.361859404785688,PM,CZ
"Plzeň,,CAN",49.74658860503234,13.364119404605068,PM,CZ
"Plzeň,,CAN",49.74661290495243,13.363809404188238,PM,CZ
"Plzeň,,CAN",49.74664690471083,13.363551004944052,PM,CZ
"Plzeň,,CAN",49.74668820509608,13.363154304747697,PM,CZ
"Plzeň,,CAN",49.74667900449716,13.36296670456421,PM,CZ
"Plzeň,,CAN",49.746700304688275,13.362591605171076,PM,CZ
"Plzeň,,CAN",49.74673070504263,13.362256804410976,PM,CZ
"Plzeň,,CAN",49.74675160488355,13.362063804420222,PM,CZ
"Plzeň,,CAN",49.74671750516389,13.363965504511723,PM,CZ
"Plzeň,,CAN",49.74668300499768,13.363841605031029,PM,CZ
"Plzeň,,CAN",49.74672360531359,13.363606904975635,PM,CZ
"Plzeň,,CAN",49.74675300449175,13.363117604954786,PM,CZ
"Plzeň,,CAN",49.74680220498219,13.36294930420864,PM,CZ
"Plzeň,,CAN",49.74682870497654,13.362526304310803,PM,CZ
"Plzeň,,CAN",49.74687300473727,13.362188004840874,PM,CZ
"Plzeň,,CAN",49.74653690447357,13.362378104651503,PM,CZ
"Plzeň,,Bory",49.7256500051047,13.359800005072909,PM,CZ
"Plzeň,,Bory",49.725780005016574,13.360160005240422,PM,CZ
"Plzeň,,Bory",49.72595060493867,13.359678304527042,PM,CZ
"Plzeň,,Božkov",49.731450004524774,13.420880004973249,PM,CZ
"Plzeň,,Božkov",49.73142000460123,13.420950004905,PM,CZ
"Plzeň,,Nádraží Slovany",49.73607000459843,13.40486000474428,PM,CZ
"Plzeň,,Nádraží Slovany",49.735030004406816,13.40604000426071,PM,CZ
"Plzeň,,Opavská",49.750900004827606,13.414060004506362,PM,CZ
"Plzeň,,Opavská",49.750930004940614,13.413840004294238,PM,CZ
"Přeštice,Skočice,háj.",49.554448104584395,13.281324704545101,PJ,CZ
"Přeštice,Skočice,háj.",49.55440470443042,13.281401105190634,PJ,CZ
"Plzeň,,Nová Hospoda",49.72989280455606,13.313508305393613,PM,CZ
"Plzeň,,Petřínská",49.73341750480265,13.409660004486994,PM,CZ
"Plzeň,,Petřínská",49.73337670515626,13.41015080503377,PM,CZ
"Plzeň,,Adelova",49.727202804853626,13.377640605429029,PM,CZ
"Plzeň,,Adelova",49.72791640506871,13.37729780443453,PM,CZ
"Plzeň,,Lesní závod",49.77916000512834,13.409940004708236,PM,CZ
"Plzeň,,Lesní závod",49.77932000507095,13.410030005049903,PM,CZ
"Plzeň,,Nádraží Bílá Hora",49.76835000456007,13.401190005335382,PM,CZ
"Plzeň,,Nádraží Bílá Hora",49.76841000525233,13.401540004423005,PM,CZ
"Poběžovice,Sedlec,výkrmna",49.52640580500344,12.808214204073456,DO,CZ
"Poběžovice,Šitboř",49.49908690441104,12.791055304681473,DO,CZ
"Poběžovice,Šitboř",49.49918970511756,12.791016403887568,DO,CZ
"Poběžovice,Zámělič",49.512302504355745,12.83222280425969,DO,CZ
"Poběžovice,Zámělič",49.51220500448674,12.832463904483243,DO,CZ
Pocinovice,49.34317720431275,13.133195004891345,DO,CZ
"Pocinovice,Orlovice",49.33126280493379,13.09109920380431,DO,CZ
Poděvousy,49.527630604459226,13.128733304196212,DO,CZ
Poděvousy,49.52786060487474,13.128962804463075,DO,CZ
Podmokly,49.230077504274156,13.578792205299944,KT,CZ
Podmokly,49.229955004772975,13.578911904364283,KT,CZ
Podmokly,49.941891705015315,13.702797205653345,RO,CZ
Podmokly,49.94178220526588,13.702578905554986,RO,CZ
"Podmokly,,rozc.2.0",49.93523860483697,13.684698305514864,RO,CZ
"Podmokly,,rozc.2.0",49.93522110534784,13.684637504791516,RO,CZ
"Podmokly,,u Červených",49.945228305129525,13.702481104634836,RO,CZ
"Podmokly,,u Červených",49.945209205333455,13.70237360542328,RO,CZ
"Podmokly,Bučiny",49.94842860530131,13.720942805483874,RO,CZ
"Podmokly,,Podmokelský mlýn",49.944365604729995,13.7412989047949,RO,CZ
"Podmokly,,Podmokelský mlýn",49.94433810486954,13.741456405031537,RO,CZ
Polánka,49.435255304997305,13.555655604398684,PJ,CZ
"Polánka,,Dol.",49.43201440473149,13.559883904609421,PJ,CZ
"Polánka,,Dol.",49.43196140482855,13.559845005481824,PJ,CZ
"Kramolín,,Baníř",49.43314750505927,13.580330605052264,PJ,CZ
"Kramolín,,Baníř",49.43320500470124,13.580437805615775,PJ,CZ
Poleň,49.42320220426752,13.179158304619012,KT,CZ
Poleň,49.4235306049533,13.179019204157303,KT,CZ
"Poleň,Pušperk,rozcestí",49.430173304247596,13.16672940496898,KT,CZ
"Poleň,Pušperk,rozcestí",49.43017250466563,13.166777804479878,KT,CZ
"Poleň,Mlýnec,rozc.0.5",49.41536110501821,13.167942203920646,KT,CZ
"Poleň,Mlýnec,rozc.0.5",49.41546560485857,13.167819704299482,KT,CZ
"Poleň,Poleňka,rozc.0.3",49.4321828050891,13.185114204748924,KT,CZ
"Poleň,Poleňka,rozc.0.3",49.43204860460721,13.185030304716348,KT,CZ
"Poleň,Zdeslav",49.4189564047724,13.16063220421962,KT,CZ
"Poleň,Zdeslav",49.418947505107916,13.160700804841131,KT,CZ
"Postřekov,,I",49.45899500464554,12.799041104519953,DO,CZ
"Postřekov,,I",49.45897580435945,12.798821404515,DO,CZ
"Postřekov,,II",49.459029704396244,12.804149204654003,DO,CZ
"Postřekov,,II",49.45903390494216,12.804174703831416,DO,CZ
Potvorov,50.01642220463078,13.399350804842959,PS,CZ
Přestavlky,49.59979970466916,13.245133104561637,PJ,CZ
"Přeštice,,nám.",49.57324470434289,13.329779204899973,PJ,CZ
"Přeštice,,nám.",49.573193604772094,13.329937504319954,PJ,CZ
"Přeštice,,nám.",49.57315360483477,13.330074404533635,PJ,CZ
"Přeštice,,nám.",49.57309530491113,13.330274204633305,PJ,CZ
"Přeštice,,nám.",49.57329280462725,13.3299967046419,PJ,CZ
"Přeštice,,nám.",49.573347504573526,13.329798604845664,PJ,CZ
"Přeštice,,STS",49.574610304606026,13.317036105219747,PJ,CZ
"Přeštice,,u hřbitova",49.56842690502597,13.326418305309737,PJ,CZ
"Přeštice,,u hřbitova",49.56929390504972,13.326765805166254,PJ,CZ
"Přeštice,,u židovského hřbitova",49.5774967049899,13.352136905155078,PJ,CZ
"Přeštice,,u židovského hřbitova",49.577585605029704,13.352162205379216,PJ,CZ
"Přeštice,,žel.st.",49.5743250046082,13.32317440430173,PJ,CZ
"Přeštice,,žel.st.",49.574451104441955,13.323134204873746,PJ,CZ
"Přeštice,,žel.st.",49.57458940503544,13.32309390470376,PJ,CZ
"Přeštice,,žel.st.",49.574731904423466,13.32305220503245,PJ,CZ
"Přeštice,,žel.st.",49.57483890510847,13.322950305055425,PJ,CZ
"Přeštice,,žel.st.",49.57457440471397,13.323011905241202,PJ,CZ
"Přeštice,,žel.st.",49.57436420469159,13.323070004180735,PJ,CZ
"Přeštice,,žel.st.",49.574181404636285,13.323159704368194,PJ,CZ
"Přeštice,Skočice",49.56053390442272,13.29822830491542,PJ,CZ
"Přeštice,Skočice",49.560623304958824,13.298130604022198,PJ,CZ
"Přeštice,Skočice,u kovárny",49.55940780453522,13.293825304118288,PJ,CZ
"Přeštice,Skočice,u kovárny",49.55943830462916,13.294011704596944,PJ,CZ
"Přeštice,Skočice,ZŠ",49.56106940463384,13.292442505242455,PJ,CZ
"Přeštice,Skočice,ZŠ",49.561147504513144,13.292156904317403,PJ,CZ
"Přeštice,Střížov",49.583011405055466,13.358980804989319,PJ,CZ
"Přeštice,Střížov",49.583070604405435,13.359108104230922,PJ,CZ
"Přeštice,Žerovice",49.580101704503036,13.303242804202542,PJ,CZ
"Přeštice,Žerovice",49.58013830479691,13.303073904700492,PJ,CZ
Příčina,50.06813750494526,13.664821905137215,RA,CZ
Příčina,50.068083304764734,13.6649333048471,RA,CZ
Příchovice,49.56202420471006,13.337560305377986,PJ,CZ
Příchovice,49.561971104677454,13.338330005343577,PJ,CZ
"Příchovice,Kucíny",49.56404030460178,13.370065304688191,PJ,CZ
"Příchovice,Kucíny",49.56386030479841,13.370259704589762,PJ,CZ
"Příchovice,Loupensko,háj.",49.52746440457651,13.357798305459516,PJ,CZ
"Příchovice,Loupensko,háj.",49.52746940452185,13.35773690549283,PJ,CZ
Ptenín,49.53109940432898,13.186641404268853,PJ,CZ
Ptenín,49.5309828043657,13.186563604642387,PJ,CZ
"Ptenín,Újezdec",49.5167919045183,13.198376105053558,PJ,CZ
Puclice,49.553700605034564,13.018740304245751,DO,CZ
Puclice,49.55374750457697,13.018368904034569,DO,CZ
"Puclice,Doubrava",49.563507204923575,12.99277030508416,DO,CZ
"Puclice,Doubrava",49.5633211047464,12.992610803957081,DO,CZ
"Puclice,Malý Malahov",49.569846904500004,13.004532204521945,DO,CZ
"Puclice,Malý Malahov,rozc.0.6",49.56625330435325,13.001054403933471,DO,CZ
"Puclice,Malý Malahov,rozc.0.6",49.56635530468297,13.00095670405506,DO,CZ
"Puclice,Malý Malahov,rozc.0.6",49.566184405177005,13.000857204508375,DO,CZ
"Rabí,,nám.",49.28100140460754,13.61918640452831,KT,CZ
"Rabí,,nám.",49.281159404295195,13.618967204648909,KT,CZ
"Rabí,Bojanovice",49.29341720465446,13.642197204803947,KT,CZ
"Rabí,Bojanovice",49.29343940467212,13.642054204439967,KT,CZ
"Rabí,Čepice",49.267399404228506,13.593955804642587,KT,CZ
"Rabí,Čepice",49.2671964042897,13.594760604866849,KT,CZ
"Rabí,Čepice,rozc.0.3",49.26964580480305,13.593961105152275,KT,CZ
"Rabí,Čepice,rozc.0.3",49.269642204921304,13.594229404991827,KT,CZ
"Radkovice,,Na návsi",49.54765500456491,13.367993104943878,PJ,CZ
"Radkovice,,Na návsi",49.54778920504422,13.368047504962986,PJ,CZ
"Radkovice,,u cihelny",49.54360920464369,13.374866404443033,PJ,CZ
"Radkovice,,u cihelny",49.543599704765086,13.374838304140045,PJ,CZ
"Radnice,,nám.",49.85716780490602,13.606964404595548,RO,CZ
"Radnice,,nám.",49.857150304512324,13.606705305098048,RO,CZ
"Radnice,,Puchmajerova",49.8574861051642,13.614185604804176,RO,CZ
"Radnice,,Puchmajerova",49.857561104807665,13.61413580538139,RO,CZ
"Radnice,,rozc.2.0",49.847178104851146,13.613997504806923,RO,CZ
"Radnice,,rozc.2.0",49.847083305267,13.613956705095987,RO,CZ
"Radnice,,rozc.k žel.st.",49.860020304421,13.60229390459242,RO,CZ
"Radnice,,rozc.k žel.st.",49.85995780508033,13.602240005347442,RO,CZ
"Radnice,,žel.st.",49.85808920454671,13.597201704768276,RO,CZ
"Radnice,,žel.st.",49.85805280517241,13.597086904417703,RO,CZ
"Radnice,Svatá Barbora",49.869793104534764,13.592183104947388,RO,CZ
"Radnice,Svatá Barbora",49.869767504772184,13.59209530474331,RO,CZ
"Raková,,dol.",49.703590304917746,13.581690005369454,RO,CZ
"Raková,,dol.",49.703084204348436,13.581406704491123,RO,CZ
"Raková,,Jednota",49.697951404518314,13.579380605455873,RO,CZ
"Raková,,Jednota",49.69791610508828,13.579171904912297,RO,CZ
"Rakovník,,aut.st.",50.10061190526723,13.73228940534066,RA,CZ
"Rokycany,,nem.",49.74975170486142,13.603471104979695,RO,CZ
"Rokycany,,nem.rozc.",49.74623170471468,13.60009360514026,RO,CZ
"Rokycany,,nem.rozc.",49.74608530529067,13.600267205476326,RO,CZ
"Rokycany,,Páclovna",49.745054204479594,13.616065004848098,RO,CZ
"Rokycany,,Páclovna",49.74491030479815,13.615957805502543,RO,CZ
"Rokycany,,Pivovarská",49.742534404968765,13.602793304674295,RO,CZ
"Rokycany,,Jiráskova",49.739901704906494,13.598476104882119,RO,CZ
"Rokycany,,Šťáhlavská",49.737205804460196,13.584663305785527,RO,CZ
"Rokycany,,u Jednoty",49.73717140444777,13.584652505447448,RO,CZ
"Rokycany,,u kasáren",49.73385280469042,13.58698640496088,RO,CZ
"Rokycany,,u kasáren",49.733666904586755,13.586848905655001,RO,CZ
"Rokycany,,u statku",49.73148280452966,13.617900804886558,RO,CZ
"Rokycany,,u statku",49.73144140516102,13.617847804316938,RO,CZ
"Rokycany,,u Suchánků",49.72395140516005,13.580364204379283,RO,CZ
"Rokycany,,u Suchánků",49.723829705016826,13.580023305158537,RO,CZ
"Rokycany,,u Václava",49.73429690503927,13.595453104588206,RO,CZ
"Rokycany,,Vokáčova",49.73565920454638,13.592386904858738,RO,CZ
"Rokycany,,ZŠ Jižní předm.",49.737522204719845,13.594903305296702,RO,CZ
"Rokycany,,ZŠ Jižní předm.",49.73752220464845,13.594385805181423,RO,CZ
"Rokycany,,Železná",49.742364204597195,13.601834205005881,RO,CZ
"Rokycany,,Železná",49.74312030501531,13.602548305053537,RO,CZ
"Rokycany,Borek",49.74767810488175,13.624230605145929,RO,CZ
"Rokycany,Borek",49.74754110479038,13.623288904625019,RO,CZ
"Rokycany,Němčičky",49.718765604944366,13.570312204365818,RO,CZ
"Rokycany,Němčičky",49.71835140439214,13.570098904472184,RO,CZ
Roupov,49.5387908043529,13.249887804095309,PJ,CZ
Roupov,49.5388656048295,13.249848904131397,PJ,CZ
"Roupov,,háj.",49.54918860473646,13.26705530513729,PJ,CZ
"Roupov,,háj.",49.54919560476601,13.267157204160181,PJ,CZ
"Roupov,,ObÚ",49.53939470512904,13.254900804673138,PJ,CZ
"Roupov,,ObÚ",49.539438304941044,13.255320804848001,PJ,CZ
"Rozvadov,Diana",49.6315820051307,12.594746004298383,TC,CZ
"Rozvadov,Diana,pila",49.63626100469366,12.594998003897382,TC,CZ
"Rozvadov,Diana,pila",49.63617000484136,12.595043003720741,TC,CZ
"Rozvadov,Kateřina",49.66770500477942,12.598551004506227,TC,CZ
"Rozvadov,Kateřina,rozc.",49.67475280456453,12.599337504195674,TC,CZ
"Rozvadov,Kateřina,rozc.",49.67459470472678,12.600177204201316,TC,CZ
"Rozvadov,Milíře,rozc.",49.67489420505623,12.617568603965106,TC,CZ
"Sedliště,,pod školou",49.525392204456466,13.62614280554005,PJ,CZ
Semněvice,49.59767810484105,12.929540304453234,DO,CZ
Semněvice,49.597645804945714,12.929711903892647,DO,CZ
"Semněvice,Pocinovice",49.588076405235,12.957800304815235,DO,CZ
"Semněvice,Pocinovice,rozc.0.7",49.58743250489675,12.950874404298276,DO,CZ
"Semněvice,Pocinovice,rozc.0.7",49.587233604930155,12.950567504360672,DO,CZ
"Semněvice,Pocinovice,rozc.0.7",49.58772330494707,12.95062060374729,DO,CZ
"Semněvice,Šlovice",49.58874060438792,12.966622204166526,DO,CZ
Sirá,49.8210478052952,13.738301405609583,RO,CZ
Skapce,49.65815690473477,12.99097080461509,TC,CZ
Skapce,49.65820920467534,12.990949404475202,TC,CZ
"Skapce,,rozc.",49.66484970512696,12.988319704133087,TC,CZ
"Skapce,Krtín",49.6543986050491,13.007360003735524,TC,CZ
"Skapce,Zálezly",49.64890780480242,12.994966704922714,TC,CZ
Skašov,49.510123604805166,13.430802804819134,PJ,CZ
Skašov,49.51047110498114,13.431144704238026,PJ,CZ
"Skašov,,u dvora",49.51376860463836,13.433673104279963,PJ,CZ
Skomelno,49.846353605224365,13.644984705463646,RO,CZ
"Skomelno,,rybník",49.84698360527919,13.635888604378628,RO,CZ
Skořice,49.677817804410154,13.70532670581676,RO,CZ
Skořice,49.67771220446739,13.70543690463592,RO,CZ
"Skořice,,Strnadův mlýn",49.680727804592145,13.688182804832495,RO,CZ
Skryje,49.965176104576685,13.767130304604844,RA,CZ
"Skryje,,u mostu",49.96970670488546,13.772821905829396,RA,CZ
"Skryje,,u mostu",49.970017204567284,13.772092204774369,RA,CZ
"Skryje,,U ručiček",49.945334204949496,13.765107805823455,RA,CZ
"Skryje,,U ručiček",49.945434204499854,13.765078305042355,RA,CZ
Slatina,49.38772830427187,13.744113105706354,KT,CZ
Slatina,49.387820804562836,13.743945305841898,KT,CZ
"Slatina,,rozc.1.0",49.38147940423695,13.756210605816095,KT,CZ
"Slatina,,rozc.1.0",49.381453104676346,13.756073904869876,KT,CZ
"Slatina,Březsko",49.983411904644484,13.61323030551356,PS,CZ
"Slatina,Březsko",49.983385304846514,13.613536105079119,PS,CZ
Smědčice,49.79900810523283,13.51289170513885,RO,CZ
Smědčice,49.79860670443501,13.513197504826387,RO,CZ
Soběkury,49.575761104712,13.23938750494811,PJ,CZ
Soběkury,49.576012504419744,13.239512205409401,PJ,CZ
"Spáňov,,rozc.0.5",49.41764780501012,12.994716104575843,DO,CZ
Srbice,49.50812110442255,13.11842920515201,DO,CZ
Srbice,49.50843890465025,13.119372804983074,DO,CZ
"Srbice,,rozc.0.5",49.51121390473276,13.12277750445047,DO,CZ
"Srbice,Strýčkovice",49.502128905031434,13.16430000455278,DO,CZ
"Srbice,Těšovice",49.50460890503679,13.141258604484305,DO,CZ
"Srbice,Těšovice",49.504851404647106,13.140920804571874,DO,CZ
Srby,49.519293904956406,13.603736904313108,PJ,CZ
Srby u Domažlic,49.53592190453426,12.867580304993197,DO,CZ
Srby u Domažlic,49.5359150044634,12.867768104471894,DO,CZ
"Srby u Domažlic,Medná",49.536499704393044,12.85057080410064,DO,CZ
"Srby u Domažlic,Medná",49.53643170519215,12.850543904846205,DO,CZ
"Srby u Domažlic,Polžice",49.536543604325495,12.888431104369804,DO,CZ
"Srby u Domažlic,Polžice",49.53649750437662,12.888466104138676,DO,CZ
"Srby u Domažlic,Vítání",49.55192690442615,12.8394050043829,DO,CZ
"Srby u Domažlic,Vítání",49.55190000506797,12.839312204473913,DO,CZ
Srní,49.08696560449363,13.480403905381088,KT,CZ
Srní,49.08700530420773,13.480324205482848,KT,CZ
"Srní,,penzion Zvoneček",49.07117470406497,13.485696704954819,KT,CZ
"Srní,,penzion Zvoneček",49.07114750453393,13.48565030511322,KT,CZ
"Srní,,chata Povydří",49.09589560428441,13.486175005359335,KT,CZ
"Srní,,chata Povydří",49.0958714046441,13.486381404629466,KT,CZ
"Srní,Antýgl",49.05808190404427,13.51197580475553,KT,CZ
"Srní,Antýgl",49.05740670460074,13.512061905288608,KT,CZ
"Rejštejn,Čeňkova Pila",49.107209203892616,13.494064404601321,KT,CZ
"Rejštejn,Čeňkova Pila",49.10695810432481,13.493827204574607,KT,CZ
"Srní,Mechov",49.080609404448005,13.45906440537711,KT,CZ
"Srní,Mechov",49.080555604588255,13.459438904614059,KT,CZ
"Srní,Rokyta",49.062293604279056,13.503887205176817,KT,CZ
"Srní,Rokyta",49.06214170398781,13.504291105030974,KT,CZ
"Prášily,Velký Bor",49.102524404509516,13.430047505072904,KT,CZ
"Prášily,Velký Bor",49.10205940431959,13.428269205139594,KT,CZ
"Stachy,,aut.st.",49.10171780431954,13.66963060576093,PT,CZ
"Stachy,,Chalupy rozc.0.4",49.11295310400652,13.648340605260103,PT,CZ
"Stachy,,Chalupy rozc.0.4",49.112821404124816,13.648498105141446,PT,CZ
"Nicov,Řetenice",49.13269580468833,13.612441705047242,PT,CZ
"Nicov,Řetenice",49.13249440429807,13.612321904558788,PT,CZ
"Stachy,,Šebestov",49.11621720424539,13.643463605332368,PT,CZ
"Stachy,,Šebestov",49.11600690426836,13.643465305117285,PT,CZ
"Kryry,Stebno",50.1164911050478,13.417463904988812,LN,CZ
Stod,49.640215604793795,13.164446403982616,PJ,CZ
Stod,49.639048105186866,13.164844705051259,PJ,CZ
"Stod,,cihelna",49.644720004478614,13.153297204691222,PJ,CZ
"Stod,,cihelna",49.644817804377375,13.153203604438703,PJ,CZ
"Stod,,předměstí",49.633167504592166,13.168217205145021,PJ,CZ
"Stod,,předměstí",49.63301640442252,13.168163605385537,PJ,CZ
"Stod,,Nádražní",49.640444405020595,13.161260604619232,PJ,CZ
"Stod,,Nádražní",49.64033310470486,13.161235804465012,PJ,CZ
"Stod,,u hliniště",49.65432280512863,13.153851103947071,PJ,CZ
"Stod,,u hliniště",49.65442080493039,13.153956905218777,PJ,CZ
"Stod,,u nem.",49.63754250512665,13.156650805030138,PJ,CZ
"Stod,,u nem.",49.637569704758526,13.156901704602618,PJ,CZ
"Stod,,Kotovická",49.643608604411114,13.158532805193166,PJ,CZ
"Stod,,Kotovická",49.64386640443963,13.15858390453754,PJ,CZ
"Stod,,žel.st.",49.63991420464466,13.156219405295442,PJ,CZ
"Stod,Lelov",49.61864610507993,13.164194404367116,PJ,CZ
"Stod,Lelov",49.61860810445956,13.164033604788704,PJ,CZ
"Strašice,,Dvůr",49.74482060506754,13.763578605339625,RO,CZ
"Strašice,,Dvůr",49.74487330480256,13.763490005119976,RO,CZ
"Dobřív,,Melmatěj",49.72890890441577,13.724883305611952,RO,CZ
"Dobřív,,Melmatěj",49.72889170444094,13.724660805914956,RO,CZ
"Strašice,,Mikulíkův mlýn",49.73105530510686,13.745666405291987,RO,CZ
"Strašice,,Mikulíkův mlýn",49.7310681048285,13.745384705047746,RO,CZ
"Strašice,,ObÚ",49.73473440466925,13.75720750534912,RO,CZ
"Strašice,,ObÚ",49.734758304546816,13.757041905730121,RO,CZ
"Strašice,,U Libuše",49.73846640465374,13.75497420454182,RO,CZ
"Strašice,,U Libuše",49.73842610439088,13.755149004898716,RO,CZ
Strašín,49.17881750416688,13.640771904504541,KT,CZ
Strašín,49.17863750404024,13.640829404875717,KT,CZ
"Strašín,Lazny",49.172937204340684,13.635501904612664,KT,CZ
"Strašín,Lazny,rozc.1.0",49.17967190440968,13.629063304647454,KT,CZ
"Strašín,Lazny,rozc.1.0",49.17974750440359,13.628931105394317,KT,CZ
"Strašín,Lhota,rozc.1.0",49.19357140409103,13.66480420580306,KT,CZ
"Strašín,Lhota,rozc.1.0",49.19350530443746,13.664651404585198,KT,CZ
"Strašín,Nahořánky,rozc.0.8",49.18404860429289,13.645786705658825,KT,CZ
"Strašín,Nahořánky,rozc.0.8",49.184080604040226,13.645755005262673,KT,CZ
Stráž,49.41522580435505,12.914039704624814,DO,CZ
Stráž,49.41522190495811,12.913894704837862,DO,CZ
Stráž,49.668943605046536,12.775974404519918,TC,CZ
"Stráž,Bernartice",49.62786780470783,12.800342204084608,TC,CZ
"Stříbro,,aut.st.",49.753512005119134,12.997048004054564,TC,CZ
"Stříbro,,aut.st.",49.75356600519896,12.997237003851998,TC,CZ
"Stříbro,,aut.st.",49.753608004503675,12.997449004754946,TC,CZ
"Stříbro,,aut.st.",49.75341200530634,12.997052004916542,TC,CZ
"Stříbro,,aut.st.",49.75346000518449,12.997299004299311,TC,CZ
"Stříbro,,aut.st.",49.75324700471257,12.997058004080445,TC,CZ
"Stříbro,,Brožíkova",49.76025390478476,13.006261704430205,TC,CZ
"Stříbro,,kino",49.75393670491281,12.99936330458025,TC,CZ
"Stříbro,,kino",49.753850005256,12.998942203741336,TC,CZ
"Stříbro,,nám.",49.75274920495977,13.0048831038433,TC,CZ
"Stříbro,,nám.",49.75267310466564,13.00460280472072,TC,CZ
"Stříbro,,pošta",49.75475470464609,13.001533603965274,TC,CZ
"Stříbro,,pošta",49.75474690494388,13.001400804325822,TC,CZ
"Stříbro,,rest.Plzeňka",49.74373190490518,13.000003304434367,TC,CZ
"Stříbro,,rest.Plzeňka",49.7437717052872,13.000045004608534,TC,CZ
"Stříbro,,rozc.k nádr.",49.74366970534945,13.003229204971786,TC,CZ
"Stříbro,,rozc.k nádr.",49.744565804771206,13.002294403826008,TC,CZ
"Stříbro,,stadion",49.75836220455083,13.00725940513462,TC,CZ
"Stříbro,,stadion",49.75865250493052,13.007606904227908,TC,CZ
"Stříbro,,Gymnázium",49.75892530498578,13.000713604504778,TC,CZ
"Stříbro,,Gymnázium",49.759121905064454,13.000472204439692,TC,CZ
"Stříbro,,Západní předm.",49.75267830530845,12.987979404206113,TC,CZ
"Stříbro,,Západní předm.",49.75276940497953,12.987818604992253,TC,CZ
"Stříbro,,záv.",49.755728904647846,12.993161704990442,TC,CZ
"Stříbro,,záv.",49.755690804923084,12.99309720495357,TC,CZ
"Stříbro,,žel.st.",49.741680604536434,13.000577804076768,TC,CZ
Benešovice,49.72824330503681,12.902407504383072,TC,CZ
Benešovice,49.72748970476722,12.900465603981239,TC,CZ
"Stříbro,Lhota",49.728523905114734,13.048150004973895,TC,CZ
"Stříbro,Milíkov,rozc.",49.74590940448189,12.944981403848956,TC,CZ
"Stříbro,Milíkov,rozc.",49.74572060516967,12.944364404197625,TC,CZ
"Stříbro,Otročín",49.77053360463216,12.948064404965354,TC,CZ
"Stříbro,Otročín",49.770470604932264,12.948321405056655,TC,CZ
Sulislav,49.74901060457525,13.073953304251493,TC,CZ
Sulislav,49.74889940457493,13.073238604394689,TC,CZ
"Stříbro,Svatý Petr,křiž.",49.7744783052824,13.011807504781418,TC,CZ
"Stříbro,Svatý Petr,křiž.",49.77437810511749,13.011595604943881,TC,CZ
Sytno,49.73994110459027,13.043324205070402,TC,CZ
Sytno,49.7398683045198,13.041879704032032,TC,CZ
"Stříbro,,Siemens",49.743242504910576,13.021611704236975,TC,CZ
"Sušice,,žel.st.",49.246137704129815,13.541792505510266,KT,CZ
"Sušice,,žel.st.",49.246169704466695,13.541796404436848,KT,CZ
"Sušice,,žel.st.",49.24617610459703,13.541885805604874,KT,CZ
"Sušice,,žel.st.",49.24622150494869,13.542082805485776,KT,CZ
"Sušice,,žel.st.",49.24619000436402,13.542033304319418,KT,CZ
"Sušice,,žel.st.",49.246214704154085,13.542783005411124,KT,CZ
"Sušice,,žel.st.",49.24632060413672,13.541285004844763,KT,CZ
"Sušice,,žel.st.",49.24626170468042,13.542014705376946,KT,CZ
"Sušice,Albrechtice",49.20144720452812,13.56648440466071,KT,CZ
"Sušice,Albrechtice",49.201570004436995,13.566261405422292,KT,CZ
"Sušice,Červené Dvorce",49.214706903986915,13.503998904691011,KT,CZ
"Sušice,Červené Dvorce",49.214544704402606,13.503825004462307,KT,CZ
"Sušice,Divišov",49.21082280425686,13.511634405556809,KT,CZ
"Sušice,Divišov",49.21094080443843,13.511630805622195,KT,CZ
"Sušice,Dolní Staňkov",49.22075670479918,13.478280004677947,KT,CZ
"Sušice,Chmelná",49.24794170427184,13.568807805385916,KT,CZ
"Sušice,Chmelná",49.24779250425561,13.569175304539048,KT,CZ
"Sušice,Malá Chmelná,rozc.0.5",49.24466420406186,13.558106904572098,KT,CZ
"Sušice,Malá Chmelná,rozc.0.5",49.24455470459475,13.55806890475282,KT,CZ
"Sušice,Rok,rozc.0.3",49.22031640485977,13.542179405020859,KT,CZ
"Sušice,Rok,rozc.0.3",49.22023920424846,13.542050305420691,KT,CZ
"Sušice,Volšovy",49.21643830469485,13.488694704786214,KT,CZ
"Sušice,Volšovy",49.21643190422514,13.488848604681014,KT,CZ
"Sušice,Záluží",49.20898830478718,13.548173905031065,KT,CZ
"Sušice,Záluží",49.208955804900874,13.548295305304032,KT,CZ
Svéradice,49.37121890471336,13.739078905224554,KT,CZ
Svéradice,49.37110390462314,13.73947420471672,KT,CZ
Svéradice,49.37158220495335,13.738897205254613,KT,CZ
Svéradice,49.371533104227666,13.738815805523519,KT,CZ
Svojkovice,49.761041705230696,13.650120304604185,RO,CZ
Svojkovice,49.75880110511712,13.646056705252855,RO,CZ
"Svojkovice,,rozc.0.3",49.76242170523517,13.650505304948974,RO,CZ
"Svojkovice,,rozc.0.3",49.76237390437958,13.650447504905527,RO,CZ
Svojšín,49.76620780501724,12.910200004196339,TC,CZ
Svojšín,49.765842204442585,12.910364703858766,TC,CZ
"Svojšín,,žel.st.",49.76326330483267,12.911485603748599,TC,CZ
"Svojšín,Nynkov,rozc.",49.76164560479373,12.893878604645263,TC,CZ
"Svojšín,Nynkov,rozc.",49.76162720494532,12.893786104720045,TC,CZ
"Švihov,Kokšín",49.463367204801095,13.28747310467251,KT,CZ
"Švihov,Lhovice",49.503262204364546,13.269291105044328,KT,CZ
"Švihov,Lhovice",49.50220780437981,13.269685304171249,KT,CZ
"Tachov,,Americká",49.79070220482095,12.619628904335825,TC,CZ
"Tachov,,Americká",49.79096190496961,12.620288904211776,TC,CZ
"Tachov,,aut.nádr.",49.801529005185735,12.635480004269073,TC,CZ
"Tachov,,aut.nádr.",49.801412004564654,12.635463003611628,TC,CZ
"Tachov,,aut.nádr.",49.801204005207516,12.635447004456704,TC,CZ
"Tachov,,aut.nádr.",49.80091700470684,12.635381003724499,TC,CZ
"Tachov,,aut.nádr.",49.8012510051448,12.63551800395419,TC,CZ
"Tachov,,aut.nádr.",49.80109500475751,12.635503004789316,TC,CZ
"Tachov,,aut.nádr.",49.80089100484687,12.635716003677286,TC,CZ
"Tachov,,aut.nádr.",49.800757004673656,12.635694003810706,TC,CZ
"Tachov,,aut.nádr.",49.80059300516331,12.635654004023161,TC,CZ
"Tachov,,Chodská Agroservis",49.79368580474237,12.638451704802826,TC,CZ
"Tachov,,Chodská Agroservis",49.79361610465925,12.63850920444578,TC,CZ
"Tachov,,kasárna",49.806440305298985,12.64280220354463,TC,CZ
"Tachov,,mlékárna",49.7921578051886,12.646714204004033,TC,CZ
"Tachov,,mlékárna",49.791751104897884,12.647541104686521,TC,CZ
"Tachov,,poliklinika",49.7973261050332,12.634903104599186,TC,CZ
"Tachov,,poliklinika",49.79782140524427,12.633996404413905,TC,CZ
"Tachov,,Prokopa Velikého",49.79852060471982,12.624233304506918,TC,CZ
"Tachov,,Rapotínská",49.79093140518049,12.642142503871387,TC,CZ
"Tachov,,Rapotínská",49.79113920455945,12.64200310418331,TC,CZ
"Tachov,,u letiště",49.78186470487279,12.626479204152044,TC,CZ
"Tachov,,u letiště",49.78265280494486,12.626759403709904,TC,CZ
"Tachov,,u Rybeny",49.79434920538552,12.629324204575362,TC,CZ
"Tachov,,u Rybeny",49.793839204565124,12.629234203996091,TC,CZ
"Tachov,,ČSAD",49.79282720500072,12.655423103611735,TC,CZ
"Tachov,,ČSAD",49.79273250512026,12.655650004491985,TC,CZ
"Tachov,,SSRV",49.786255005030725,12.645707204646206,TC,CZ
"Tachov,,SSRV",49.78637860501724,12.645720603403653,TC,CZ
"Tachov,,Urbanity Campus",49.79195640444609,12.662661703577053,TC,CZ
"Tachov,,BHS",49.80766640492942,12.632474404788018,TC,CZ
"Tachov,,BHS",49.80757470503686,12.632528104492298,TC,CZ
"Tachov,Malý Rapotín",49.78774940503718,12.661071403851226,TC,CZ
"Tachov,Malý Rapotín",49.788042804798316,12.658886904201058,TC,CZ
"Tisová,Hlinné",49.75930470483648,12.741443604121969,TC,CZ
"Tisová,Trnová",49.77840170484057,12.687444404371274,TC,CZ
"Tisová,Trnová",49.778104704816705,12.688371104764316,TC,CZ
"Jesenice,,Tlestky",50.07570440466545,13.464050804592263,RA,CZ
"Jesenice,,Tlestky",50.07578750530634,13.464157204781902,RA,CZ
"Tlučná,,ZŠ",49.72459610479188,13.236919704588988,PS,CZ
"Tlučná,,ZŠ",49.72462920499088,13.236679704339613,PS,CZ
Tlumačov,49.404080604271066,12.930686904979574,DO,CZ
"Tlumačov,Filipova Hora",49.38244810502883,12.931141704023556,DO,CZ
"Tlumačov,Filipova Hora",49.382473304235695,12.931317504890526,DO,CZ
"Tlumačov,Filipova Hora,rozc.0.6",49.37658030469249,12.927946105018847,DO,CZ
"Tlumačov,Filipova Hora,rozc.0.6",49.376579404786504,12.927996104528548,DO,CZ
Tojice,49.49234060507103,13.626747505189098,PJ,CZ
Tojice,49.49221940501006,13.626708605173368,PJ,CZ
"Toužim,,aut.st.",50.05606170487173,12.989501905161212,KV,CZ
"Toužim,,aut.st.",50.05600220508527,12.989615304483848,KV,CZ
"Toužim,,háj.",50.04680110461101,12.993776103941414,KV,CZ
"Toužim,,háj.",50.04615560474035,12.992598104706822,KV,CZ
"Toužim,,Malé nám.",50.06011690465662,12.986465803994639,KV,CZ
"Toužim,,Malé nám.",50.060915305153394,12.986828304921543,KV,CZ
"Toužim,,nám.",50.059630605390716,12.984507804446043,KV,CZ
"Toužim,,nám.",50.059615805436515,12.984853103867593,KV,CZ
"Toužim,,žel.st.",50.05130690486809,12.99252610465857,KV,CZ
"Toužim,Nežichov,rozc.",50.01194580468986,13.031776404422873,KV,CZ
"Toužim,Nežichov,rozc.",50.01193060464299,13.031685804385763,KV,CZ
"Toužim,Třebouň",50.02308310462413,13.013373603960112,KV,CZ
"Toužim,Třebouň",50.02290920480644,13.01359420441157,KV,CZ
Trhanov,49.42004220449983,12.84454920473056,DO,CZ
Trhanov,49.420050804611506,12.844981103940443,DO,CZ
Trhanov,49.420538604688474,12.845708004856418,DO,CZ
Trhanov,49.42050970435879,12.845577803750981,DO,CZ
"Trhanov,,žel.zast.",49.4196036045204,12.840279204551816,DO,CZ
"Trhanov,,žel.zast.",49.419699404206874,12.840715004213965,DO,CZ
"Trhanov,Nový Hamr",49.42935500488235,12.839961904097988,DO,CZ
"Trhanov,Pila,rozc.0.5",49.42025390456419,12.860965604680686,DO,CZ
"Trhanov,Pila,rozc.0.5",49.42015080508387,12.860871704594512,DO,CZ
Trnová,49.86072250471628,13.31956830420448,PS,CZ
Trnová,49.86071110501403,13.31988080480605,PS,CZ
"Trnová,,I",49.857533305128854,13.325804204788845,PS,CZ
"Trnová,,I",49.85755220502338,13.325824404063624,PS,CZ
Týček,49.86865140480443,13.794065004985601,RO,CZ
Týček,49.86857140471474,13.79394170481949,RO,CZ
"Tymákov,,háj.",49.711580004837906,13.492560005112717,PM,CZ
"Tymákov,,háj.",49.71124000482605,13.492220005449711,PM,CZ
"Tymákov,,na vršku",49.72263000450661,13.496450005562325,PM,CZ
"Tymákov,,na vršku",49.72258000502124,13.4963700044448,PM,CZ
"Tymákov,,ObÚ",49.719250004453734,13.50940000474782,PM,CZ
"Tymákov,,ObÚ",49.71908000449,13.509210004523139,PM,CZ
"Tymákov,,rozc.",49.720770004694685,13.504850004706253,PM,CZ
"Tymákov,,rozc.",49.72080000491732,13.504810005366823,PM,CZ
"Tymákov,,ZD",49.71953610499013,13.5016172044877,PM,CZ
"Tymákov,,ZD",49.719620005138644,13.50157000478077,PM,CZ
"Týnec,,náves",49.34800140490102,13.262405804206038,KT,CZ
"Týnec,,náves",49.34794030434391,13.26248080509847,KT,CZ
"Týnec,,točna",49.347602804509165,13.25954560506723,KT,CZ
"Týnec,Loreta,rozc.0.3",49.35562970488779,13.280709204894672,KT,CZ
"Týnec,Loreta,rozc.0.3",49.35564280443646,13.280543105245574,KT,CZ
"Týnec,Rozpáralka",49.34262080411588,13.252718904650452,KT,CZ
"Týnec,Rozpáralka",49.3426906044854,13.252662504867102,KT,CZ
Týniště,49.521389404573874,13.417920605203069,PJ,CZ
Týniště,49.52114470429465,13.418165804897313,PJ,CZ
Úboč,49.44291610496098,13.086910003843103,DO,CZ
Úboč,49.44289330483681,13.086836404137921,DO,CZ
"Úboč,Stará Huť",49.43332220473441,13.079192805214042,DO,CZ
"Úboč,Stará Huť",49.43329530419868,13.079117804268648,DO,CZ
Úherce,49.7003544049548,13.215124204442409,PS,CZ
Úherce,49.70051390516325,13.215156405134541,PS,CZ
Újezd,49.435620005025406,12.869522204639727,DO,CZ
Újezd,49.435296704700136,12.870652803789987,DO,CZ
"Újezd,Hrádek",49.432738104276396,12.867165003794398,DO,CZ
"Újezd,Hrádek",49.4326483050124,12.867138104160311,DO,CZ
"Újezd,Petrovice",49.441764204659535,12.891898604485384,DO,CZ
"Újezd,Petrovice",49.44177640430915,12.89169080377956,DO,CZ
Újezd nade Mží,49.789356904873664,13.19581580409224,PS,CZ
Újezd nade Mží,49.78935000489746,13.195640305244616,PS,CZ
"Újezd nade Mží,,rozcestí",49.80432720505122,13.206600304839583,PS,CZ
"Újezd nade Mží,,rozcestí",49.80430640446082,13.206701104568221,PS,CZ
"Újezd nade Mží,,u můstku",49.77981390510045,13.211600005170283,PS,CZ
"Újezd nade Mží,,u můstku",49.77974280472788,13.211695305159743,PS,CZ
Újezd u Plánice,49.41956060462754,13.459297505512248,KT,CZ
Újezd u Plánice,49.41966890453321,13.459560605142066,KT,CZ
"Újezd u Plánice,,pila",49.41478440454201,13.451503104907927,KT,CZ
Úsilov,49.39652500505688,13.129521104841185,DO,CZ
Úsilov,49.39662530506718,13.129498104920245,DO,CZ
"Úterý,,Na točně",49.94001330538544,13.005542803979285,PS,CZ
"Úterý,,sídliště",49.937849204603424,12.997048104690137,PS,CZ
"Úterý,,sídliště",49.93773780538557,12.997115004875406,PS,CZ
"Úterý,Olešovice",49.93733170468539,13.011139203970512,PS,CZ
"Úterý,Olešovice",49.9373247047535,13.011530805101906,PS,CZ
"Blažim,,háj.",49.92226610480215,13.02779690519648,PS,CZ
"Úterý,Vidžín",49.96564190477216,12.980798104738788,PS,CZ
Útušice,49.677565004935424,13.381825304980687,PJ,CZ
Útušice,49.67730440478579,13.381648304725141,PJ,CZ
"Útušice,Robčice",49.66772140506039,13.370806905271442,PJ,CZ
"Útušice,Robčice",49.66783690501012,13.370890304413406,PJ,CZ
Útvina,50.069238104825594,12.95607640454675,KV,CZ
Útvina,50.06906670499986,12.954923604154503,KV,CZ
"Vejprnice,,Pod farou",49.72999530488242,13.276462204854582,PS,CZ
"Vejprnice,,Pod farou",49.7299608047476,13.276696904495536,PS,CZ
Vejvanov,49.868635304650795,13.652644705262606,RO,CZ
Vejvanov,49.86848940492781,13.652470304888022,RO,CZ
"Vejvanov,Pajzov,rozc.0.3",49.86506220490521,13.64937890500936,RO,CZ
Velečín,50.07460670468625,13.401233304831754,PS,CZ
Velečín,50.07459810543324,13.401280305036385,PS,CZ
Velhartice,49.265724404788386,13.389476704083622,KT,CZ
Velhartice,49.26578780444987,13.389733105021294,KT,CZ
"Velhartice,,Na Šlajfu",49.26680750415468,13.405785604339522,KT,CZ
"Velhartice,,Na Šlajfu",49.26683140478042,13.405738305417993,KT,CZ
"Velhartice,Drouhavec",49.264492204403524,13.42797390546682,KT,CZ
"Velhartice,Hory Matky Boží",49.268263304308014,13.43456190532545,KT,CZ
"Velhartice,Chotěšov",49.256848104574175,13.355137505058789,KT,CZ
"Velhartice,Nemilkov",49.266194404688875,13.36262580427993,KT,CZ
"Velhartice,Nemilkov",49.26607330434723,13.362840005469684,KT,CZ
"Velhartice,Nemilkov,žel.st.",49.283112504672076,13.346604704237794,KT,CZ
"Velhartice,Nemilkov,žel.st.",49.28313140475715,13.34667170441242,KT,CZ
"Velhartice,Zahálka",49.255618304508964,13.375484704582522,KT,CZ
"Velhartice,Zahálka",49.255660004305675,13.375589704548526,KT,CZ
"Velhartice,Zahálka,rozc.0.2",49.2538889048115,13.377290604782877,KT,CZ
"Velhartice,Zahálka,rozc.0.2",49.25406470474553,13.377434705112234,KT,CZ
Velké Hydčice,49.29907940449629,13.666028104974382,KT,CZ
Velké Hydčice,49.29907440460687,13.665801105151493,KT,CZ
"Volduchy,,Parádovna",49.77435890472897,13.61821110484961,RO,CZ
"Volduchy,,Parádovna",49.77441330450379,13.61860000514347,RO,CZ
"Volduchy,,u Siegrů",49.773787805005846,13.629052205701674,RO,CZ
"Volduchy,,u Siegrů",49.77369190525356,13.628926404623636,RO,CZ
"Vranov,Svinná,rozc.",49.749826904777024,13.019683304764651,TC,CZ
Vrčeň,49.50781280491202,13.618702504869136,PJ,CZ
Vrčeň,49.507925804263216,13.619370305352708,PJ,CZ
Vrhaveč,49.34430860421938,13.297275004733734,KT,CZ
Vrhaveč,49.34474890461742,13.297084704314345,KT,CZ
"Vrhaveč,,škola",49.34730690485834,13.296685004695677,KT,CZ
"Vrhaveč,Dubový Mlýn",49.335375305036436,13.302621904978288,KT,CZ
"Vrhaveč,Dubový Mlýn",49.33532970430599,13.302550004727125,KT,CZ
"Vrhaveč,Malá Víska",49.35257280414757,13.296823104931642,KT,CZ
"Vrhaveč,Malá Víska",49.351888604720365,13.296726704033894,KT,CZ
"Vrhaveč,Neznašovy",49.32805860442381,13.302519704164665,KT,CZ
"Vrhaveč,Neznašovy",49.32836970477353,13.302357504706986,KT,CZ
"Vrhaveč,Radinovy,náves",49.32651310456604,13.308858304452105,KT,CZ
Vřeskovice,49.524045804952664,13.270785804793224,KT,CZ
Vřeskovice,49.52405970439728,13.270599405046312,KT,CZ
Vřeskovice,49.524495804318,13.270425005224254,KT,CZ
Vstiš,49.64461420525288,13.248591105278422,PJ,CZ
Vstiš,49.644790604784944,13.248895605020037,PJ,CZ
"Vstiš,,Bayer důl",49.63777250496794,13.24698440484944,PJ,CZ
"Vstiš,,Bayer důl",49.63778390470562,13.247117204649172,PJ,CZ
Všehrdy,49.96507780530138,13.585144204810184,PS,CZ
Všehrdy,49.964664204720854,13.585546104767703,PS,CZ
Všehrdy,49.963597505129606,13.584686705053647,PS,CZ
Všekary,49.60289140463149,13.041755604928898,PJ,CZ
Všekary,49.602880804555035,13.041630004009582,PJ,CZ
Všekary,49.60324780500556,13.041772204240992,PJ,CZ
Všenice,49.8153919051121,13.562743304529073,RO,CZ
Všenice,49.815340304886256,13.562918904510454,RO,CZ
Všepadly,49.45053720462189,13.10509360408573,DO,CZ
Všepadly,49.45068030435842,13.105181704784103,DO,CZ
Všeruby,49.34152420465373,12.984925604351607,DO,CZ
"Všeruby,,garáž",49.34440310478156,12.990428604664633,DO,CZ
"Všeruby,,garáž",49.344304204731316,12.990062504638924,DO,CZ
"Všeruby,,odb.celnice",49.34032330422573,12.978589704659575,DO,CZ
"Všeruby,Brůdek",49.36693610502817,13.009976404596165,DO,CZ
"Všeruby,Brůdek",49.36690560495172,13.009826404231983,DO,CZ
"Všeruby,Hájek",49.35197250459843,13.002626704912515,DO,CZ
"Zahořany,Bořice,II",49.42839330490777,12.972748303721772,DO,CZ
"Zahořany,Bořice,II",49.428283604904344,12.972814204597926,DO,CZ
"Zahořany,Hříchovice",49.45510140440493,13.037982505096549,DO,CZ
"Zahořany,Oprechtice,zastávka",49.424738104465504,13.033815804164727,DO,CZ
"Zahořany,Oprechtice,zastávka",49.42477780471652,13.033778105164712,DO,CZ
"Zahořany,Sedlice,rozc.0.8",49.433778604427296,12.995653904739752,DO,CZ
"Zahořany,Sedlice,rozc.0.8",49.43378940480876,12.995582804694857,DO,CZ
"Zahořany,Stanětice",49.44171470416701,13.024884403961716,DO,CZ
"Zahořany,Stanětice",49.441756104432194,13.024885804010308,DO,CZ
Zahrádka,49.88114250506567,13.211699405103237,PS,CZ
Zahrádka,49.88123580495383,13.21163780513167,PS,CZ
Zahrádka,49.8808733050244,13.211447805182956,PS,CZ
Zahrádka,49.880865305103605,13.211603105205276,PS,CZ
"Zahrádka,Hůrky",49.884231705367654,13.18258670502188,PS,CZ
"Zahrádka,Hůrky",49.884253305198506,13.182544203919045,PS,CZ
Záchlumí,49.7994208047733,12.965065604525877,TC,CZ
Záchlumí,49.79947190501439,12.964956904436182,TC,CZ
"Záchlumí,,rozc.",49.78628780502108,12.956621104285386,TC,CZ
"Záchlumí,,rozc.",49.78621330541005,12.956493904982215,TC,CZ
"Záchlumí,,Ústřední dílny",49.79269750533622,12.962969704391185,TC,CZ
"Záchlumí,,Ústřední dílny",49.79266310463523,12.962853103879608,TC,CZ
"Zavidov,,žel.zast.",50.055840604767255,13.628236705725284,RA,CZ
"Zavidov,,žel.zast.",50.055753304818985,13.62808390502204,RA,CZ
Zavlekov,49.336713104117,13.489060004888175,KT,CZ
"Zavlekov,,náves",49.33669940412823,13.490873605274961,KT,CZ
"Zavlekov,Mladice",49.330639204340216,13.499051904458884,KT,CZ
"Zavlekov,Mladice",49.33062780478743,13.498948605576645,KT,CZ
"Zavlekov,Skránčice,rozc.1.0",49.34810250476573,13.472833605144102,KT,CZ
"Zavlekov,Skránčice,rozc.1.0",49.34797940423725,13.47303360474395,KT,CZ
"Zbiroh,,Čapský mlýn",49.842314704979884,13.775170005009372,RO,CZ
"Zbiroh,,Čapský mlýn",49.842275805257266,13.77508420549426,RO,CZ
"Zbiroh,,nám.",49.859143605154756,13.769048305785862,RO,CZ
"Zbiroh,,nám.",49.85919890522921,13.769214404911919,RO,CZ
"Zbiroh,,nám.",49.858508905215594,13.76930690491435,RO,CZ
"Zbiroh,,Švabín",49.852728304963506,13.75269360481215,RO,CZ
"Zbiroh,,Švabín",49.85257390526295,13.752678605044638,RO,CZ
"Zbiroh,,u hřbitova",49.85424310518932,13.765484204964482,RO,CZ
"Zbiroh,,u hřbitova",49.85440060506946,13.766127805469724,RO,CZ
Žákava,49.630514404339934,13.5293453048506,PJ,CZ
"Žákava,,rozc.0.5",49.63229220452222,13.536600005499432,PJ,CZ
"Žákava,,rozc.0.5",49.63243500513104,13.536356704344831,PJ,CZ
Ždánov,49.45920670462226,12.853738904690424,DO,CZ
Ždánov,49.45941670508501,12.853481404913662,DO,CZ
Žďár,50.058195605142515,13.459073304302892,RA,CZ
Žďár,50.05825970506895,13.459118304729893,RA,CZ
Ždírec,49.55293330477757,13.572816105514361,PJ,CZ
Ždírec,49.552793304811175,13.572705005265318,PJ,CZ
"Ždírec,Smederov",49.5607606049516,13.579798105373728,PJ,CZ
"Ždírec,Žďár",49.553940804956525,13.581691704321083,PJ,CZ
Železná Ruda,49.137463604245,13.231586704155443,KT,CZ
Železná Ruda,49.137305604103595,13.232198104234499,KT,CZ
"Železná Ruda,,žel.st.",49.142273904340946,13.22901280510898,KT,CZ
"Železná Ruda,,žel.st.",49.14253390485857,13.228761705085402,KT,CZ
"Železná Ruda,Alžbětín",49.12607940420738,13.213440304507015,KT,CZ
"Železná Ruda,Alžbětín",49.12633560461271,13.213723105154193,KT,CZ
"Železná Ruda,Alžbětín,st.hr.",49.12339060395822,13.207569404634794,KT,CZ
"Železná Ruda,Hojsova Stráž",49.21122640461053,13.197245804168121,KT,CZ
"Železná Ruda,Hojsova Stráž",49.21012860424654,13.19827030459101,KT,CZ
"Železná Ruda,Hojsova Stráž,chata",49.20517500418245,13.20688970485633,KT,CZ
"Železná Ruda,Hojsova Stráž,chata",49.20521750462798,13.20677390398546,KT,CZ
"Železná Ruda,Hojsova Stráž,žel.st.rozc.",49.2168858048944,13.192666404486523,KT,CZ
"Železná Ruda,Hojsova Stráž,žel.st.rozc.",49.216389204598,13.192189204931749,KT,CZ
"Železná Ruda,Špičák",49.172893904191724,13.225800005394525,KT,CZ
"Železná Ruda,Špičák",49.17275140470743,13.22538920457463,KT,CZ
"Železná Ruda,Špičák,Jezerka",49.152777804753185,13.225644204365679,KT,CZ
"Železná Ruda,Špičák,Jezerka",49.15220310398401,13.225952804121706,KT,CZ
"Železná Ruda,Špičák,Pod Můstkem",49.20007440473748,13.214686104286084,KT,CZ
"Železná Ruda,Špičák,Pod Můstkem",49.20023940484782,13.21500060485855,KT,CZ
"Železná Ruda,Špičák,U Trojúhelníku",49.19263560428327,13.232170804040692,KT,CZ
"Železná Ruda,Špičák,U Trojúhelníku",49.19236280461098,13.232030804250204,KT,CZ
"Železná Ruda,Špičák,rozcestí k nádraží",49.159607504906184,13.226541404978569,KT,CZ
"Železná Ruda,Špičák,rozcestí k nádraží",49.15941890418546,13.226459705407144,KT,CZ
"Žihle,,st.statek",50.04249560490409,13.38627810414903,PS,CZ
"Žinkovy,,Nový rybník",49.48739440437605,13.538527504851533,PJ,CZ
"Žinkovy,,Nový rybník",49.487360804404595,13.53866560567185,PJ,CZ
"Žinkovy,,škola",49.483235805075374,13.499496104937498,PJ,CZ
"Žinkovy,,škola",49.48314190453266,13.499621704851094,PJ,CZ
"Žinkovy,,u lipek",49.47534500483357,13.489923304821186,PJ,CZ
"Žinkovy,,u lipek",49.47536330480896,13.489836104264192,PJ,CZ
"Žinkovy,Březí",49.501630004508534,13.465461905333871,PJ,CZ
"Žinkovy,Březí",49.501715304261914,13.465161405110711,PJ,CZ
"Žinkovy,Čepinec",49.47063560441371,13.482937805344417,PJ,CZ
"Žinkovy,Čepinec",49.470664204466075,13.482909704335844,PJ,CZ
"Žinkovy,Kokořov",49.49802280494447,13.503098304600298,PJ,CZ
"Žinkovy,Kokořov",49.49813420461005,13.503195004544887,PJ,CZ
"Žinkovy,Žitín",49.5030619043037,13.476167504580127,PJ,CZ
"Žinkovy,Žitín",49.5029983050585,13.476221104456512,PJ,CZ
Životice,49.46463360504667,13.682766905253136,PJ,CZ
Životice,49.464531704637814,13.682988305229582,PJ,CZ
"Žlutice,,Nádražní",50.08882690487168,13.163986905169015,KV,CZ
"Žlutice,,Nádražní",50.08875560533807,13.163816704840151,KV,CZ
"Žlutice,,zahradnictví",50.084165605151554,13.181934704634452,KV,CZ
"Žlutice,,žel.st.",50.08535390492121,13.158741904377147,KV,CZ
"Žlutice,Záhořice,žel.zast.",50.078573304737866,13.194135604518491,KV,CZ
"Bochov,,SÚS",50.14883280538074,13.05197500438239,KV,CZ
"Bochov,,SÚS",50.1488964049209,13.051883905080944,KV,CZ
Hradec,49.63518670434722,13.121864204407546,PJ,CZ
Hradec,49.634673604492264,13.12113060425745,PJ,CZ
"Chlumčany,,Dobřanská",49.63151190452809,13.308785604328435,PJ,CZ
"Chlumčany,,Dobřanská",49.63140860515911,13.308892805111945,PJ,CZ
Lisov,49.638548904926694,13.101821104843669,PJ,CZ
Lisov,49.63850310504692,13.101857504244403,PJ,CZ
"Plzeň,,Pietas",49.7479653050301,13.4150597046487,PM,CZ
"Plzeň,,Pietas",49.74769500507944,13.414638604383446,PM,CZ
"Rozvadov,,hor.zast.",49.66768440510464,12.551240803384918,TC,CZ
"Rozvadov,,u motorestu",49.67057640515225,12.555543304370742,TC,CZ
"Rozvadov,,u pošty",49.671857505050774,12.558627803706935,TC,CZ
Střelice,49.63067440495677,13.134671703990167,PJ,CZ
"Bělá nad Radbuzou,,město",49.59144470523659,12.715311404425467,DO,CZ
"Bělá nad Radbuzou,,město",49.59153250470892,12.715191904020276,DO,CZ
"Bělá nad Radbuzou,,nádraží",49.5893642052301,12.72010940472419,DO,CZ
"Zruč-Senec,,náves",49.8087700045792,13.432400004300476,PS,CZ
"Klatovy,Otín,drůbežárna",49.44986580481048,13.337778605356796,KT,CZ
"Klatovy,Otín,drůbežárna",49.449809204589755,13.33807030544452,KT,CZ
"Lubenec,,Pražská",50.13217190524348,13.31586940436843,LN,CZ
"Plzeň,,Divadlo Alfa",49.74855250476382,13.403646104763258,PM,CZ
"Plzeň,,Divadlo Alfa",49.74827170515219,13.403587204657946,PM,CZ
"Plzeň,,Tyršův most",49.71979030462217,13.38119190458995,PM,CZ
"Plzeň,,Tyršův most",49.71948750443446,13.38128890498202,PM,CZ
"Plzeň,,Radobyčice",49.697532204889356,13.392953305341594,PM,CZ
"Plzeň,,Radobyčice",49.69774920448469,13.393176104792804,PM,CZ
"Přeštice,,Na Jordáně",49.57474810478862,13.335198604614408,PJ,CZ
"Přeštice,,Na Jordáně",49.57462890504659,13.335206704742896,PJ,CZ
"Pšov,Víska",50.04042610474451,13.22780830423211,KV,CZ
"Pšov,Víska",50.040417505366854,13.227890305213535,KV,CZ
"Chotěšov,,u kláštera",49.65297170464152,13.19627360521587,PJ,CZ
"Merklín,,Školní",49.5628975049956,13.198199704454199,PJ,CZ
"Plzeň,,Doubravka",49.75881000453768,13.425000004399482,PM,CZ
"Plzeň,,Doubravka",49.75858530510174,13.423994704955508,PM,CZ
"Plzeň,,Doubravka",49.75922060501694,13.4245469050121,PM,CZ
"Plzeň,,Doubravka",49.75910890465991,13.424829405455643,PM,CZ
"Plzeň,,U Apolla",49.74636890464818,13.34773000429051,PM,CZ
"Plzeň,,U Apolla",49.74643360456637,13.347524204331734,PM,CZ
"Plzeň,,U Přehrady",49.71556420477959,13.357736704248715,PM,CZ
"Plzeň,,U Přehrady",49.71490860505611,13.35755970436629,PM,CZ
"Plzeň,,Chebská",49.75633030502592,13.30644780515299,PM,CZ
"Plzeň,,Chebská",49.75616390491181,13.306550805096196,PM,CZ
"Plzeň,,Pošta logistika",49.75183670480549,13.322839205352123,PM,CZ
"Plzeň,,Pošta logistika",49.75198140489909,13.322832505426682,PM,CZ
"Plzeň,,Litice",49.693876105273084,13.35110940514595,PM,CZ
"Plzeň,,Litice",49.693706104349154,13.35097000451189,PM,CZ
Volduchy,49.77608970495457,13.62338780547828,RO,CZ
"Zruč-Senec,,rozc.",49.80778000470554,13.421020005305365,PS,CZ
"Zruč-Senec,,rozc.",49.80802000515532,13.421170004653362,PS,CZ
"Zbůch,,Starý důl",49.6707253051461,13.211290604833943,PS,CZ
"Zbůch,,Starý důl",49.67068970516524,13.211411104154198,PS,CZ
"Bor,Nová Hospoda,rozc.I",49.75140110505341,12.775707804431798,TC,CZ
"Bor,Nová Hospoda,rozc.I",49.75160060498904,12.775833903656995,TC,CZ
Břežany,50.0053206049581,13.580591705491063,RA,CZ
"Karlovy Vary,,nemocnice",50.231533905176775,12.87550330378247,KV,CZ
"Prášily,Slučí Tah,háj.",49.1527328048638,13.34972190497178,KT,CZ
"Ejpovice,,sklady",49.73930720445129,13.511112204728065,RO,CZ
"Plasy,,žel.st.",49.93079830503922,13.38124670432321,PS,CZ
"Kožlany,,KERAMO",49.99256500465588,13.535378904646102,PS,CZ
"Kožlany,,KERAMO",49.99256440512475,13.535335804601456,PS,CZ
"Kožlany,Dřevec,u kapličky",49.971340805409945,13.538433304958923,PS,CZ
"Česká Kubice,Spálenec,školka",49.36065250431866,12.890276404460296,DO,CZ
"Česká Kubice,Spálenec,školka",49.36068940503749,12.890414404787156,DO,CZ
"Bezdružice,,žel.st.",49.90352890513235,12.968129704394807,TC,CZ
"Plzeň,,U Václava",49.74694310449555,13.431765004940805,PM,CZ
"Plzeň,,NC Borská pole",49.73058440455696,13.344735604874487,PM,CZ
"Plzeň,,NC Borská pole",49.73080640486034,13.345317805178679,PM,CZ
"Plasy,,Babinská",49.93416170531642,13.392849405068167,PS,CZ
"Plzeň,,Ústřední hřbitov",49.7466692048971,13.43323310542159,PM,CZ
"Kaznějov,,ZŠ",49.89645330491942,13.383037805218768,PS,CZ
"Starý Plzenec,,nádraží",49.69613000445154,13.474450004472217,PM,CZ
"Česká Kubice,Folmava,celnice",49.34306140501971,12.851408104430874,DO,CZ
"Měčín,,u kostela",49.48011750468275,13.402883305014667,KT,CZ
"Měčín,,u kostela",49.47979500433922,13.403463305399647,KT,CZ
"Město Touškov,,Novem Car",49.783823104517815,13.246850804402516,PS,CZ
"Kokašice,Lomy",49.86072030542501,12.936887504527817,TC,CZ
"Plzeň,,U Viaduktu",49.73742360449041,13.312088304719252,PM,CZ
"Plzeň,,U Viaduktu",49.737330004663484,13.311806704301567,PM,CZ
"Plzeň,,Na Rozcestí",49.75620000453765,13.451710004641797,PM,CZ
"Plzeň,,Na Rozcestí",49.75628000479974,13.451700005565318,PM,CZ
"Plzeň,,Nad Hrádkem",49.759940004725934,13.459630004699193,PM,CZ
"Plzeň,,Nad Hrádkem",49.760020005079554,13.459640004809204,PM,CZ
"Plzeň,,Na Samotě",49.75631000498686,13.472090004738362,PM,CZ
"Plzeň,,Na Samotě",49.75638000472453,13.471790004554997,PM,CZ
"Plzeň,,Habrmannovo nám.",49.7579900047301,13.421470004344263,PM,CZ
"Plzeň,,Habrmannovo nám.",49.757320005281535,13.42086000490449,PM,CZ
"Plzeň,,Slovany",49.722946404824235,13.401057805137247,PM,CZ
"Plzeň,,Slovany",49.72302610463465,13.40095080539407,PM,CZ
"Plzeň,,Slovany",49.723136404809196,13.400853105461668,PM,CZ
"Plzeň,,Slovany",49.72433170459218,13.400824705377296,PM,CZ
"Plzeň,,Pekárna",49.723653104583235,13.415283305088138,PM,CZ
"Plzeň,,Pekárna",49.724032805274156,13.415071405160557,PM,CZ
"Lohberg,,Oberlohberg",49.179624304753744,13.108128204151996,,D
"Lohberg,,Altschrenkenthal",49.18607400421403,13.06462564002292,,D
"Lohberg,,Altschrenkenthal",49.18583930398393,13.064581289105162,,D
"Plzeň,,Domažlická rondel",49.73285000509671,13.321684405359285,PM,CZ
"Plzeň,,Domažlická rondel",49.73268890502591,13.321907504251968,PM,CZ
"Volduchy,,Borgers",49.76692580515662,13.638397504543851,RO,CZ
"Volduchy,,Borgers",49.766658604979135,13.638616704341647,RO,CZ
"Vlčtejn,,rozc.",49.61086890510534,13.491395804608258,PJ,CZ
"Vlčtejn,,rozc.",49.61102330425974,13.49187420449466,PJ,CZ
"Rokycany,,Plzeňská",49.742066704491364,13.583034404495523,RO,CZ
"Rokycany,,Plzeňská",49.74193750476603,13.582633304577989,RO,CZ
"Jesenice,Podbořánky",50.0523042047683,13.450912804294335,RA,CZ
"Vejprnice,,bytovky",49.73227390525241,13.282910304619787,PS,CZ
"Vejprnice,,bytovky",49.73221250500398,13.28382220456664,PS,CZ
"Brnířov,,ves",49.382604404345685,13.04796890426139,DO,CZ
"Brnířov,,ves",49.38264890428652,13.047844204551938,DO,CZ
"Plzeň,,Náves Litice",49.6989097047099,13.354932504373723,PM,CZ
"Plzeň,,Náves Litice",49.69851030522454,13.354818604607841,PM,CZ
"Starý Plzenec,,zdrav.stř.",49.69676890448104,13.477817504441264,PM,CZ
"Domažlice,,nová nem.",49.438416405027425,12.908055304419435,DO,CZ
"Plzeň,,CAN Tylova",49.74530720493832,13.36232920535579,PM,CZ
"Plzeň,,CAN Tylova",49.745461404517336,13.362000604420771,PM,CZ
"Plzeň,,K Bukové",49.73207000510124,13.429540004735163,PM,CZ
"Plzeň,,K Bukové",49.73182000446376,13.43053000502539,PM,CZ
"Plzeň,,Barvínková",49.709761704633465,13.422976905188085,PM,CZ
"Plzeň,,Nemocnice Lochotín",49.7641319047774,13.379474204989503,PM,CZ
"Bor,Nová Hospoda,rozc.II",49.7515208044095,12.777696703708328,TC,CZ
"Bor,Nová Hospoda,rozc.II",49.75164560456208,12.777597504135507,TC,CZ
"Bušovice,,konečná",49.79438060494497,13.536701105446541,RO,CZ
"Dýšina,,náves",49.77755000453479,13.491030005301559,PM,CZ
"Dýšina,,náves",49.77827000530984,13.491250005097468,PM,CZ
"Dýšina,,u viaduktu",49.777740005022885,13.50175000542419,PM,CZ
"Dýšina,,u viaduktu",49.777910004549,13.501810004469428,PM,CZ
"Plzeň,,NC Černice",49.699395604638056,13.426913304984238,PM,CZ
"Plzeň,,NC Černice",49.699456405226044,13.426763104877475,PM,CZ
"Plzeň,,Čisticí stanice",49.76212000505842,13.403690004680263,PM,CZ
"Plzeň,,Čisticí stanice",49.762460005142906,13.40338000426644,PM,CZ
"Plzeň,,Stavební stroje",49.749210005144846,13.402410004396662,PM,CZ
Abzw.Ottenzell,49.20368120485561,13.003136029805285,,D
"Arrach,,Bahnhof",49.19560980448255,13.002241847030644,,D
"Arrach,,Bahnhof",49.19544680423974,13.002721691050997,,D
Eck,49.16413824560557,12.989724504392932,,D
Eck,49.16330820481575,12.990849042502681,,D
"Arnbruck,,Dorfplatz",49.12943970419517,12.997224388839243,,D
"Lestkov,Vrbice,rozc.1.0",49.90560670463486,12.892868603811799,TC,CZ
"Rokycany,,Soukenická",49.74304390522359,13.601627505392209,RO,CZ
"Hostouň,Mírkovice",49.57971560499606,12.793092504843415,DO,CZ
"Hartmanice,Keply",49.199709204208325,13.352745004916672,KT,CZ
"Přehýšov,Bítov,náves",49.69476250494769,13.097005603964478,PS,CZ
"Železná Ruda,Špičák,Stella",49.16477390471332,13.225917205193735,KT,CZ
"Železná Ruda,Špičák,Stella",49.164211704053606,13.225773104110745,KT,CZ
"Železná Ruda,,Pod Belvederem-camping",49.14250890400908,13.245953605042681,KT,CZ
"Železná Ruda,,Pod Belvederem-camping",49.14204830458558,13.245289704004485,KT,CZ
"Přeštice,,Na Chmelnicích",49.580487504896006,13.32742030532085,PJ,CZ
"Přeštice,,Na Chmelnicích",49.58034470484893,13.327304704487508,PJ,CZ
"Přeštice,,Zahradní",49.57878830443055,13.336353304865208,PJ,CZ
"Přeštice,,Gagarinova",49.57982170489054,13.331057204636648,PJ,CZ
"Přeštice,,Dukelská",49.57758310471751,13.325093304834633,PJ,CZ
"Přeštice,,Dukelská",49.577641404357614,13.32500360517316,PJ,CZ
"Přeštice,,u hřbitova I",49.56896970452972,13.326028104627262,PJ,CZ
"Stříbro,,hotel Branka",49.748605004781346,12.999209204249661,TC,CZ
"Stříbro,,hotel Branka",49.74859390537375,12.999108604798966,TC,CZ
"Domažlice,,Dvořákova",49.435800304417725,12.919736404491058,DO,CZ
"Tachov,,Rotarex",49.78876560472331,12.661248304036022,TC,CZ
"Plzeň,,K Radyni",49.69609920472762,13.42378860484854,PM,CZ
"Plzeň,,K Radyni",49.695553604735316,13.423721404760421,PM,CZ
"Plzeň,,K Losiné",49.6904031050904,13.424472505444097,PM,CZ
"Plzeň,,K Losiné",49.6903119047313,13.424192205342823,PM,CZ
"Horšovský Týn,,Pivovarská ul.",49.52658470483302,12.94560810465673,DO,CZ
"Stráž,Souměř",49.678455004857085,12.756339204838197,TC,CZ
"Stráž,Souměř",49.67830560449339,12.756221104262403,TC,CZ
"Stříbro,Milíkov",49.74726170531111,12.940005304487798,TC,CZ
"Žihle,,žel.st.",50.04631080489899,13.363084704853145,PS,CZ
"Žihle,,žel.st.",50.046128905114664,13.363005604889553,PS,CZ
"Žihle,,nám.",50.04500140473322,13.373823104303169,PS,CZ
"Klatovy,,Plánická u kruh.objezdu",49.39592560464424,13.310202204617061,KT,CZ
"Klatovy,,Plánická u kruh.objezdu",49.3960686043516,13.31028280424399,KT,CZ
"Klatovy,,Terminál-nádraží",49.401387204683324,13.275307205261772,KT,CZ
"Klatovy,,Terminál-nádraží",49.40146000484856,13.275638904550014,KT,CZ
"Klatovy,,Terminál-nádraží",49.401546404192715,13.276022204948557,KT,CZ
"Klatovy,,Terminál-nádraží",49.40168110451802,13.276707804415667,KT,CZ
"Klatovy,,Terminál-nádraží",49.401735804604435,13.276986105396052,KT,CZ
"Klatovy,,Terminál-nádraží",49.40178640496681,13.277240804219325,KT,CZ
"Klatovy,,Terminál-nádraží",49.40124440433503,13.275864204749421,KT,CZ
"Klatovy,,Terminál-nádraží",49.40131860464691,13.276156104318035,KT,CZ
"Klatovy,,Terminál-nádraží",49.40137970475023,13.276432504537473,KT,CZ
"Klatovy,,Terminál-nádraží",49.40144920460037,13.277039705274323,KT,CZ
"Klatovy,,Terminál-nádraží",49.40151110496714,13.277039704417538,KT,CZ
"Klatovy,,Terminál-nádraží",49.401582504603866,13.277597204253562,KT,CZ
"Klatovy,,Terminál-nádraží",49.40163830459993,13.277857504859197,KT,CZ
"Kryry,,Železniční",50.16892920527531,13.424821104650155,LN,CZ
"Kryry,,Železniční",50.168867205036115,13.424743305557431,LN,CZ
"Plasy,,u školy",49.935993305353485,13.392509205016944,PS,CZ
"Plasy,,u školy",49.93651470474199,13.393482805080549,PS,CZ
"Waldmünchen,,TV-Halle",49.37693830503263,12.703221404543315,,D
"Waldmünchen,,Bahnhof",49.37803330416358,12.69640860367106,,D
"Manětín,Vysočany",50.00840830538065,13.283749704863114,PS,CZ
"Manětín,Kotaneč",50.01744000464493,13.284405804407706,PS,CZ
"Šťáhlavy,,KS-Europe",49.67996970525557,13.498341105293385,PM,CZ
"Šťáhlavy,,KS-Europe",49.680115604676274,13.498278904738115,PM,CZ
"Kařez,,žel.zast.",49.8225075053552,13.778688905543966,RO,CZ
"Kvilda,,Bučina st.hr.",48.96542030452471,13.589977204860176,PT,CZ
"Rokycany,,U Lázní",49.740694704826026,13.599839205338746,RO,CZ
"Dobříč,,u školy",49.88371560525926,13.46395310539878,PS,CZ
"Dobříč,,náves",49.88399110499301,13.4683069046324,PS,CZ
"Dobříč,,náves",49.883901105066876,13.468249405468448,PS,CZ
"Plzeň,,Pod Kyjovem",49.76597780464711,13.315789704239526,PM,CZ
"Plzeň,,Pod Kyjovem",49.76584030469831,13.315870005386005,PM,CZ
"Poběžovice,Ohnišťovice,u žel.zast.",49.51207420508976,12.847723303931458,DO,CZ
"Poběžovice,Ohnišťovice,u žel.zast.",49.51202890513295,12.847985003803494,DO,CZ
"Nýřany,,Prům.zóna U Mexika",49.70753560438972,13.222205804514848,PS,CZ
"Úherce,,Průmyslová zóna",49.701940004552206,13.228476104734943,PS,CZ
"Bohy,,točna",49.93821530460156,13.57171280546279,PS,CZ
"Bohy,,náves",49.937733905166276,13.575850804943853,PS,CZ
"Bohy,,náves",49.937724205291964,13.575789205464517,PS,CZ
"Kostelec,Popov,rozc.",49.70333330462967,13.064151104285303,TC,CZ
"Švihov,,K Lesovně",49.47737360474922,13.292249405287777,KT,CZ
"Švihov,,K Lesovně",49.47752360435657,13.291988105414259,KT,CZ
"Bor,Nový Mlýn,rozc.1.0",49.69071060465267,12.733578104898955,TC,CZ
"Bor,Nový Mlýn,rozc.1.0",49.69067670519047,12.733668103463192,TC,CZ
"Chodský Újezd,Nahý Újezdec,rozc.0.3",49.83678170500315,12.680620803445183,TC,CZ
"Chodský Újezd,Nahý Újezdec,rozc.0.3",49.837125005188426,12.68143500447597,TC,CZ
"Chodský Újezd,Nahý Újezdec,obec",49.836989005049794,12.686412004565026,TC,CZ
"Plzeň,,Dolní Vlkýš",49.78383750482824,13.286437204422592,PM,CZ
"Erpužice,,u hřiště",49.80825110496718,13.034751103937644,TC,CZ
"Černošín,Pytlov,náves",49.79658300517578,12.920937003967792,TC,CZ
"Černošín,Pytlov,rozc.0.5",49.80003190461782,12.926409204974165,TC,CZ
"Černošín,Pytlov,rozc.0.5",49.80002670505178,12.92610610390702,TC,CZ
"Zahořany,,Husmánkův Mlýn",49.43961440491821,12.99571000476087,DO,CZ
"Zahořany,,Husmánkův Mlýn",49.439474204652036,12.995711404821982,DO,CZ
"Mladý Smolivec,Dožice,na točně",49.52191110458465,13.705928305133583,PJ,CZ
"Mladý Smolivec,Dožice,na točně",49.521869404367486,13.705756705041242,PJ,CZ
"Plzeň,,Waltrova",49.74067720518687,13.328144204692942,PM,CZ
"Plzeň,,Waltrova",49.74091970443993,13.329026404687509,PM,CZ
"Zbůch,,náměstí",49.680701904568245,13.223140604644945,PS,CZ
"Zbůch,,náměstí",49.68057530475877,13.223103104754513,PS,CZ
"Plzeň,,Belánka",49.739926105002496,13.373340305367135,PM,CZ
"Štichovice,,náves",49.97746500541726,13.302917804227809,PS,CZ
"Holýšov,,Nový Dvůr",49.6069194045533,13.09610720484789,PJ,CZ
"Starý Plzenec,Sedlec,Školní",49.692343905247036,13.4888561049585,PM,CZ
"Starý Plzenec,Sedlec,Školní",49.69214060506863,13.48820250478257,PM,CZ
"Blatná,,Vorlíčkova",49.42169470425986,13.882288305725318,ST,CZ
"Líšťany,Třebobuz,kaplička",49.81864690504424,13.157736904653907,PS,CZ
"Bělá nad Radbuzou,Újezd Svatého Kříže,bytovky",49.575590304679956,12.742904703704564,DO,CZ
"Horšice,Újezd,horní zast.",49.537338305059066,13.406154704171152,PJ,CZ
"Nezabudice,,U Rozvědčíka",50.00489080512984,13.821144405137693,RA,CZ
"Nezabudice,,U Rozvědčíka",50.00478390513874,13.820071704549928,RA,CZ
"Nezabudice,,přívoz",50.01343060509756,13.829320004656843,RA,CZ
"Nezabudice,,přívoz",50.013354405180685,13.82963110503359,RA,CZ
"Roztoky,,Višňová",50.018690604641144,13.854532805754726,RA,CZ
"Roztoky,,Višňová",50.01871470480645,13.854151704972866,RA,CZ
"Tisová,,u kostela",49.764963305043665,12.71350780435558,TC,CZ
"Chanovice,,závod",49.40603690479256,13.718880004432345,KT,CZ
"Úlice,,náves",49.7606217044175,13.148038304355874,PS,CZ
"Výrov,Hadačka,hl.silnice",49.96501580538883,13.454508605340024,PS,CZ
"Výrov,Hadačka,hl.silnice",49.96489920508224,13.454457504459812,PS,CZ
"Lužany,,obecní úřad",49.54575500505552,13.315180004278657,PJ,CZ
"Lužany,,obecní úřad",49.54637530473782,13.315546105298383,PJ,CZ
"Blovice,Stará Huť,u rybníka",49.56483560439389,13.557009705505257,PJ,CZ
"Blovice,Stará Huť,u rybníka",49.564813604342824,13.557253604913576,PJ,CZ
"Zahořany,,u obchodu",49.43306530437503,13.001075305027646,DO,CZ
"Zahořany,Oprechtice,náves",49.428967504679036,13.034350004322457,DO,CZ
"Zahořany,Oprechtice,náves",49.42885610455891,13.034248304603624,DO,CZ
"Zahořany,Oprechtice,náves",49.42920580435736,13.034795604659003,DO,CZ
"Kbel,,ObÚ",49.4935431049037,13.365177504092689,PJ,CZ
"Nezvěstice,,Varta Milínovská",49.63805810452717,13.526022505655106,PM,CZ
"Nezvěstice,,Varta Milínovská",49.638058104455205,13.526121704581296,PM,CZ
"Bor,Kosov,obec",49.70201500525992,12.831471404313412,TC,CZ
"Bodenmais,,Rathaus",49.07011340470028,13.101317944958229,,D
"Bodenmais,,Joska Arkaden",49.06955180408069,13.095021233174414,,D
"Bodenmais,,Joska Arkaden",49.069598404134474,13.095101627352413,,D
"Bodenmais,,Seniorenresidenz",49.07352640444847,13.086936411748702,,D
"Bodenmais,,Seniorenresidenz",49.073733104542974,13.086302108978103,,D
"Bodenmais,,Mooshof",49.07549600402645,13.079566927126002,,D
"Bodenmais,,Mooshof",49.075393304254206,13.079990153653442,,D
"Štěnovice,,Modřínová",49.66429060446121,13.396147804838895,PJ,CZ
"Chodová Planá,,Slunečná",49.8877700049088,12.733012504820508,TC,CZ
"Chodová Planá,,Slunečná",49.88777690503797,12.732872804429704,TC,CZ
"Seč,,hl.silnice",49.59088330482063,13.495752505020961,PJ,CZ
"Seč,,hl.silnice",49.58854970446881,13.496589405477165,PJ,CZ
"Draženov,,u kapličky",49.45580110439629,12.872060004907476,DO,CZ
"Draženov,,u kapličky",49.455787204225544,12.871712504215218,DO,CZ
"Neurazy,Vojovice,náves",49.46411580456452,13.502156405206318,PJ,CZ
"Neurazy,Vojovice,náves",49.46414970487278,13.502069205095223,PJ,CZ
"Čížkov,Železný Újezd,u památníku",49.56047390495075,13.672981705423913,PJ,CZ
"Chocenice,Kotousov,u kapličky",49.55567610437633,13.509867804728835,PJ,CZ
"Chocenice,Kotousov,u kapličky",49.55560060514498,13.510523605311976,PJ,CZ
"Hromnice,Žichlice,u památníku",49.839294205056646,13.460404404766212,PS,CZ
"Myslív,,pošta",49.41402860459107,13.570648605296212,KT,CZ
"Myslív,,pošta",49.41401030441301,13.570851105577596,KT,CZ
"Břežany,,náves",49.34839890420038,13.617129204689208,KT,CZ
"Bor,,zámek",49.708697805331475,12.778377504267228,TC,CZ
"Bor,,zámek",49.70867000505675,12.77849690389978,TC,CZ
"Kostelec,Ostrov,prům.zóna II",49.702928305151424,13.041840804542156,TC,CZ
"Kostelec,Ostrov,prům.zóna II",49.70284940458467,13.042710004315522,TC,CZ
"Chlumčany,Hradčany,rozcestí",49.630555005202666,13.328569204961102,PJ,CZ
"Chlumčany,Hradčany,rozcestí",49.63053420476806,13.328933394387532,PJ,CZ
"Plzeň,,Lhota",49.68249670496894,13.316575804438825,PM,CZ
"Losiná,,okružní křižovatka",49.678317805109884,13.44449530488309,PM,CZ
"Losiná,,okružní křižovatka",49.67827970481757,13.444763304760075,PM,CZ
"Bor,Nová Hospoda,restaurace",49.74685646500607,12.775627995871663,TC,CZ
"Holýšov,,Kasárenská",49.61015360498665,13.087714204952412,PJ,CZ
"Losiná,,APB",49.67628530506728,13.443368605396115,PM,CZ
"Plzeň,,Safírová",49.75675000455986,13.437280005278978,PM,CZ
"Plzeň,,Safírová",49.75684000485529,13.437140005541115,PM,CZ
"Biřkov,,vodní nádrž",49.51906250463434,13.23147890448439,KT,CZ
"Biřkov,,vodní nádrž",49.518999704682386,13.23137420400031,KT,CZ
"Bezvěrov,,hlavní silnice",49.99437000543531,13.060180804259486,PS,CZ
"Bezvěrov,,hlavní silnice",49.99494440538739,13.058836403748334,PS,CZ
"Všehrdy,,obecní úřad",49.963593104733036,13.584680004638209,PS,CZ
"Obora,Dolní Výšina,v.n.Lučina",49.81733390495009,12.556558903987236,TC,CZ
"Tymákov,,garáž ČSAD konečná",49.717650005277186,13.516390005465938,PM,CZ
"Němčovice,,u hřiště",49.87786440502738,13.567173905363049,RO,CZ
"Němčovice,,u hřiště",49.877784204873386,13.567292805037598,RO,CZ
"Čížkov,Přešín,Krahulice",49.56436030475821,13.634982804972381,PJ,CZ
"Čížkov,Přešín,Krahulice",49.5642506047857,13.635281904350448,PJ,CZ
"Bärnau,,Post",49.80988470488113,12.431499403888987,,D
"Bärnau,,Post",49.80972890515482,12.431322203884118,,D
Heimhof (Ri Schwarzenbach),49.811899405326905,12.413061903178164,,D
Heimhof (Ri Schwarzenbach),49.81185080502533,12.41300280364243,,D
"Wendern,,Abzw",49.82822000505271,12.402780804528035,,D
"Wendern,,Abzw",49.82839200503152,12.402601004226067,,D
"Tännersreuth,,Abzw",49.8335767053834,12.394576103597048,,D
"Tännersreuth,,Abzw",49.83335690496786,12.394670004482967,,D
Schwarzenbach b.Tirschenreuth,49.8396678048633,12.38102280391829,,D
Schwarzenbach b.Tirschenreuth,49.83960560516281,12.380861903557555,,D
"Grün,,Haus Nr.5",49.85027390536441,12.369446404117427,,D
"Grün,,Haus Nr.5",49.849485304988946,12.370594403792422,,D
Lodermühl,49.8539140052398,12.353849403562474,,D
Lodermühl,49.8583964052013,12.35490000422166,,D
"Tirschenreuth,,Gewebeg.Süd",49.86869250508692,12.341390603137185,,D
"Tirschenreuth,,Gewebeg.Süd",49.86816000496343,12.341074204406292,,D
"Tirschenreuth,,Murrschrottpl/BRK I",49.881250604724016,12.338450803442031,,D
"Tirschenreuth,,Murrschrottpl/BRK I",49.881108905253505,12.338402504421685,,D
"Tirschenreuth,,ZOB Großparkplatz",49.876749705395234,12.33345920313294,,D
"Toužim,Kojšovice",50.081845004838385,13.00684190440932,KV,CZ
"Toužim,Kojšovice",50.08193000514126,13.0069447043882,KV,CZ
"Vejprnice,,u hřiště",49.72360250514832,13.282371404735928,PS,CZ
"Vejprnice,,Tyršova",49.72728610496025,13.279315005233936,PS,CZ
"Vejprnice,,Tyršova",49.72722110478108,13.279281705123761,PS,CZ
"Vejprnice,,Náves",49.72848000505729,13.2762694044997,PS,CZ
"Vejprnice,,U školy",49.73243640520036,13.279321705218774,PS,CZ
"Vejprnice,,U školy",49.73230300520844,13.279065604252105,PS,CZ
"Vejprnice,,Křimická",49.73232030460933,13.279065604625561,PS,CZ
"Vejprnice,,Křimická",49.73695310520146,13.284464704340124,PS,CZ
"Tlučná,,konečná",49.72356420525425,13.229668605113083,PS,CZ
"Tlučná,,ZŠ",49.725110004807775,13.240865304478028,PS,CZ
"Tlučná,,Čampule",49.719915604690904,13.243457805021869,PS,CZ
"Blatná,,poliklinika",49.431071904928935,13.883762805152019,ST,CZ
"Blatná,,poliklinika",49.43107720468206,13.883925005435682,ST,CZ
"Blatná,,SOU",49.42041060453252,13.877403305672663,ST,CZ
"Blatná,,SOU",49.42046560417681,13.877205005286381,ST,CZ
"Blatná,Blatenka",49.40045780425264,13.854703905138118,ST,CZ
"Blatná,Blatenka",49.400629704509385,13.854615305293542,ST,CZ
"Blatná,Čekanice",49.3758489046307,13.885322205212837,ST,CZ
"Blatná,Čekanice",49.375843304309974,13.885212205662114,ST,CZ
"Blatná,Drahenický Málkov,I",49.47537420469214,13.904715605923606,ST,CZ
"Blatná,Drahenický Málkov,I",49.47532110474238,13.904755805321212,ST,CZ
"Blatná,Drahenický Málkov,II",49.472396104665016,13.90052140571613,ST,CZ
"Blatná,Drahenický Málkov,II",49.47238830492926,13.90075190467508,ST,CZ
"Blatná,Hněvkov",49.401049704673305,13.905231405200162,ST,CZ
"Blatná,Hněvkov",49.400654204319125,13.904640005573123,ST,CZ
"Blatná,Hněvkov,rozc.1.2",49.411199704370745,13.906607505986265,ST,CZ
"Blatná,Hněvkov,rozc.1.2",49.411144704403476,13.90667860531388,ST,CZ
"Blatná,Řečice,dílny ZPK",49.43674530483421,13.864851105456205,ST,CZ
"Blatná,Řečice,dílny ZPK",49.436810804751254,13.86489420545387,ST,CZ
"Blatná,Skaličany",49.43733190465508,13.915460306003745,ST,CZ
"Blatná,Skaličany",49.43738330428755,13.91571500567912,ST,CZ
"Bohumilice,,rozc.0.5",49.10602500461287,13.809275805199281,PT,CZ
"Bohumilice,,rozc.0.5",49.10633610459002,13.809617805261368,PT,CZ
Borová Lada,48.99008810384947,13.659542504724755,PT,CZ
Borová Lada,48.99033190476068,13.660278905512621,PT,CZ
"Borová Lada,,České Chalupy",48.99327360382981,13.666544204747453,PT,CZ
"Borová Lada,,České Chalupy",48.99356220437529,13.666686405736568,PT,CZ
"Borová Lada,,Hrabická Lada",49.00182470422733,13.671870305414956,PT,CZ
"Borová Lada,,Hrabická Lada",49.00164420405241,13.671714704982337,PT,CZ
"Borová Lada,Nový Svět",49.00700690445992,13.669871405236744,PT,CZ
"Borová Lada,Nový Svět",49.00684860452934,13.6699558054934,PT,CZ
"Borová Lada,Svinná Lada",48.995438603780826,13.654694404564772,PT,CZ
"Borová Lada,Svinná Lada",48.995585604633874,13.654564405267552,PT,CZ
"Borová Lada,Šindlov,rozc.0.5",49.022475804733745,13.666441405276565,PT,CZ
"Borová Lada,Šindlov,rozc.0.5",49.022324404570895,13.666330004426769,PT,CZ
"Borová Lada,,Zahrádky",48.972251103892134,13.676047804615584,PT,CZ
"Borová Lada,,Zahrádky",48.97216580440361,13.676026405437241,PT,CZ
Bošice,49.08977720395912,13.840289705903588,PT,CZ
"Čkyně,,aut.nádr.",49.114978603984056,13.825645805083074,PT,CZ
"Čkyně,,žel.st.",49.11252860414204,13.832213305703968,PT,CZ
"Čkyně,,žel.st.",49.11240140392139,13.832206404810814,PT,CZ
"Čkyně,Dolany",49.11638190456943,13.801509705361244,PT,CZ
"Čkyně,Dolany",49.116180004718956,13.800146105579824,PT,CZ
"Čkyně,Horosedly,rozc.1.0",49.11600720466305,13.789055804693449,PT,CZ
"Čkyně,Horosedly,rozc.1.0",49.116225004486644,13.789103904820324,PT,CZ
"Čkyně,Onšovice",49.1110150039508,13.774833305685636,PT,CZ
"Čkyně,Onšovice,rozc.1.0",49.11492640420047,13.775881705803558,PT,CZ
"Čkyně,Spůle,rozc.1.0",49.098455604674754,13.802309205405022,PT,CZ
"Čkyně,Spůle,rozc.1.0",49.09848530456669,13.802577205237725,PT,CZ
Doubravice,49.352110304364814,13.861135005979847,ST,CZ
Doubravice,49.35213560403843,13.86082920478184,ST,CZ
"Doubravice,Nahošín",49.35346670427089,13.842822805073052,ST,CZ
"Doubravice,Nahošín",49.35321080421154,13.841625006014612,ST,CZ
Drachkov,49.24318750460882,13.843981404719324,ST,CZ
Drachkov,49.24326060411142,13.843642205080277,ST,CZ
Drážov,49.16736280423559,13.741069204670532,ST,CZ
Drážov,49.16721720421575,13.741623104580828,ST,CZ
"Drážov,,rozc.1.0",49.160261704304524,13.73943470503906,ST,CZ
"Drážov,,rozc.1.0",49.16027750446127,13.738522805681074,ST,CZ
"Drážov,Dobrš",49.15584890397747,13.752836705093564,ST,CZ
"Nová Ves,,rozc.Kváskovice 1.5",49.181363104426886,13.745838104783557,ST,CZ
"Nová Ves,,rozc.Kváskovice 1.5",49.18115810440852,13.745292204827251,ST,CZ
"Drážov,Zálesí,Jednota",49.16430640451504,13.727908905712065,ST,CZ
"Drážov,Zálesí,Jednota",49.164247804161185,13.727880605152913,ST,CZ
"Drážov,Zálesí,samoty",49.158573104224985,13.714757205446967,ST,CZ
"Drážov,Zálesí,samoty",49.158250304739816,13.71458470536215,ST,CZ
"Drážov,Zálesí,škola",49.16317330444391,13.723339205637139,ST,CZ
"Drážov,Zálesí,škola",49.162994404527524,13.72319830478389,ST,CZ
Droužetice,49.28684190431395,13.898562204981749,ST,CZ
Droužetice,49.2881383041599,13.897825805705002,ST,CZ
"Droužetice,Černíkov",49.30282330413373,13.894741405113512,ST,CZ
"Droužetice,Černíkov",49.30262390472287,13.894842804963469,ST,CZ
Dřešín,49.16086310468118,13.775925305583497,ST,CZ
Dřešín,49.160615804552855,13.77626750563159,ST,CZ
"Dřešín,,chat.obl.",49.15092940389104,13.771320004705416,ST,CZ
"Dřešín,,chat.obl.",49.15103560460683,13.771794705600033,ST,CZ
"Dřešín,,rozc.0.2",49.16381610421413,13.779126104605114,ST,CZ
"Dřešín,,rozc.0.2",49.16390360398793,13.779167805154014,ST,CZ
"Kraselov,,rozc.1.2",49.21525810411862,13.8043611050045,ST,CZ
"Kraselov,,rozc.1.2",49.215110804312,13.804165304972088,ST,CZ
"Kraselov,,ZD",49.22202940450536,13.799356704777848,ST,CZ
"Kraselov,,ZD",49.221918904812156,13.799105805273106,ST,CZ
"Kraselov,Mladotice",49.21675390425687,13.790053605631737,ST,CZ
"Kraselov,Mladotice",49.21686170462641,13.78984170461598,ST,CZ
Krejnice,49.232443904810204,13.718696105501312,ST,CZ
Krejnice,49.23265140453079,13.718623605781016,ST,CZ
"Krejnice,,Nad mlýnem",49.226135304748304,13.718508904967534,ST,CZ
Krty,49.291351404079435,13.8476333050664,ST,CZ
Krty,49.29134940459357,13.84790560456575,ST,CZ
"Kvilda,Františkov",49.00319890391639,13.619495305701166,PT,CZ
"Kvilda,Františkov",49.003209404340716,13.618979205530957,PT,CZ
"Kvilda,,Vilémov",49.014315004097234,13.584001104886068,PT,CZ
"Kvilda,,Vilémov",49.01425250389812,13.583923305223177,PT,CZ
Lažánky,49.39020440477497,13.838692805433745,ST,CZ
Lažánky,49.390238604916775,13.83853190502866,ST,CZ
Lažany,49.36301860408457,13.883633605365308,ST,CZ
Lažany,49.36293420416559,13.8834853056177,ST,CZ
Lčovice,49.11596860420279,13.851758304844509,PT,CZ
Lčovice,49.1158636043531,13.851632205301021,PT,CZ
"Lčovice,,rozc.1.0",49.119810604262256,13.848203605545676,PT,CZ
"Lčovice,,rozc.1.0",49.119688104706995,13.848499705456685,PT,CZ
"Malenice,,žel.zast.Lčovice",49.108863304109676,13.866108105008717,ST,CZ
"Malenice,,žel.zast.Lčovice",49.10879500421988,13.866097505450833,ST,CZ
Libětice,49.21936970474254,13.862951404734526,ST,CZ
Libětice,49.2195606045657,13.862883105164297,ST,CZ
Litochovice,49.158651704114256,13.941338305103887,ST,CZ
"Litochovice,Neuslužice",49.16587560459201,13.943837505031722,ST,CZ
"Litochovice,Neuslužice",49.1658886046411,13.943948905421331,ST,CZ
"Litochovice,Střítež",49.17258670411592,13.96224690600555,ST,CZ
"Skály,,rozc.Střítež 1.9",49.172354404336424,13.980685005841895,ST,CZ
"Skály,,rozc.Střítež 1.9",49.1723344045907,13.980781704670912,ST,CZ
"Lnáře,,U Barochů",49.47125560449835,13.772204205065766,ST,CZ
"Předmíř,,U Červenků",49.47724690498333,13.766086405299982,ST,CZ
"Předmíř,,U Červenků",49.477296704747204,13.766156405053561,ST,CZ
"Lnáře,Zahorčice",49.472097805058134,13.786556105679459,ST,CZ
"Lnáře,Zahorčice",49.47210720429937,13.786754404738643,ST,CZ
Mačkov,49.40418720437559,13.885845804688799,ST,CZ
"Strakonice,,rozc.Nebřehovice 0.3",49.23960940449659,13.968435605440467,ST,CZ
"Nebřehovice,Zadní Ptákovice",49.23465060480449,13.949851705717816,ST,CZ
"Nebřehovice,Zadní Ptákovice",49.23457610460497,13.950047506016839,ST,CZ
Němětice,49.19517360405684,13.881463906019832,ST,CZ
Němětice,49.19526830488606,13.880508905815494,ST,CZ
"Strunkovice n.Vol.,,rozc.Němětice 0.5",49.1988042046762,13.88577610593991,ST,CZ
"Strunkovice n.Vol.,,rozc.Němětice 0.5",49.198611704330716,13.88561030483588,ST,CZ
Nihošovice,49.1874431040257,13.863660305116358,ST,CZ
Nihošovice,49.186688304462805,13.86268530460194,ST,CZ
"Nihošovice,,lom",49.18501420431157,13.852253904823272,ST,CZ
"Nihošovice,,lom",49.18507970426776,13.852857505933986,ST,CZ
"Nihošovice,Jetišov,rozc.0.8",49.2022908045245,13.828721104652587,ST,CZ
"Nihošovice,Jetišov,rozc.0.8",49.20226810484141,13.82864720576395,ST,CZ
Nišovice,49.1573686043735,13.898302805554673,ST,CZ
Nišovice,49.1572047041667,13.898510805817946,ST,CZ
"Volyně,Černětice,žel.st.Nišovice",49.149869204461396,13.906339404873131,ST,CZ
"Volyně,Černětice,žel.st.Nišovice",49.15029970430893,13.905306904715118,ST,CZ
Nová Ves,49.18761830434337,13.733273605562415,ST,CZ
Nová Ves,49.187359204002156,13.733663905542368,ST,CZ
"Nová Ves,Lazna",49.183547804311324,13.735523904637267,ST,CZ
"Nová Ves,Lazna",49.18320330416935,13.735651404680459,ST,CZ
"Nová Ves,Lhota p.Kůstrým",49.18947080482124,13.696976705348051,ST,CZ
"Nová Ves,Lhota p.Kůstrým",49.1894314039956,13.697003604818441,ST,CZ
"Nová Ves,Víska",49.18827810416705,13.72396060481444,ST,CZ
"Nová Ves,Víska",49.18812970489538,13.72378080562625,ST,CZ
Nové Hutě,49.03867080472426,13.646000605170663,PT,CZ
"Nové Hutě,,chata",49.03431780466736,13.647175005448714,PT,CZ
"Nové Hutě,,chata",49.03430360440282,13.647023305680491,PT,CZ
"Nové Hutě,,polesí",49.025375303976105,13.653131704596762,PT,CZ
"Nové Hutě,,polesí",49.02552830392694,13.653006905849141,PT,CZ
"Zdíkov,,rozc.Nové Hutě 1.0",49.04800310395924,13.665077505201124,PT,CZ
"Zdíkov,,rozc.Nové Hutě 1.0",49.04802940441273,13.664712805413862,PT,CZ
"Nové Hutě,,samoty",49.04202190437436,13.653550805341037,PT,CZ
"Nové Hutě,,samoty",49.04188830468767,13.653015804739365,PT,CZ
"Nové Hutě,,Pláně",49.05453330406884,13.63348420512461,PT,CZ
"Nové Hutě,,Pláně",49.054448104417126,13.633688105475006,PT,CZ
Novosedly,49.262762804592995,13.798021905216528,ST,CZ
Slaník,49.26923860446731,13.953734405332199,ST,CZ
Sousedovice,49.23279110475341,13.868430605459142,ST,CZ
Sousedovice,49.23286560423406,13.868383605765276,ST,CZ
"Stachy,,V Dílech",49.12607190435343,13.647723605401625,PT,CZ
"Stachy,,V Dílech",49.126071904518845,13.64783500448168,PT,CZ
"Stachy,Kůsov",49.085903304755604,13.641835304883104,PT,CZ
"Stachy,Kůsov",49.085887204625294,13.641662205626544,PT,CZ
"Stachy,Kůsov,dom.důch.",49.09092670399413,13.642268304715692,PT,CZ
"Stachy,Kůsov,dom.důch.",49.09103470426002,13.642183905597975,PT,CZ
"Stachy,,Michalov",49.10050810453474,13.645787204362357,PT,CZ
"Stachy,,Michalov",49.10036500443438,13.645500304418082,PT,CZ
"Stachy,,Říhov rozc.0.5",49.094271904244806,13.648415005784809,PT,CZ
"Stachy,,Říhov rozc.0.5",49.09427360411428,13.648150805150337,PT,CZ
"Stachy,Úbislav",49.120626104017404,13.664251405007988,PT,CZ
"Stachy,Úbislav",49.12052250446987,13.664266104662325,PT,CZ
"Stachy,Úbislav,koupaliště rozc.1.0",49.121431104214444,13.672451905349838,PT,CZ
"Stachy,Úbislav,koupaliště rozc.1.0",49.12137670449461,13.672769704405287,PT,CZ
"Stachy,Úbislav,rozc.1.0",49.118638103940114,13.649734405184589,PT,CZ
"Stachy,Úbislav,rozc.1.0",49.11842830447625,13.649946404798198,PT,CZ
"Stachy,Úbislav,rozc.1.0",49.118323904421345,13.64985000445155,PT,CZ
"Stachy,,Zadov horská služba",49.06679890416755,13.630544404804995,PT,CZ
"Stachy,,Zadov horská služba",49.066918303855466,13.630557804492895,PT,CZ
"Stachy,,Zadov Churáňov hotel",49.06784580394468,13.625318905445747,PT,CZ
"Stachy,,Zadov Churáňov hotel",49.06793890413232,13.624987505281574,PT,CZ
"Stachy,,Zadov Sporthotel",49.06886440393557,13.619980604678595,PT,CZ
"Stachy,,Zadov U Křížku",49.07861940456573,13.635045605220325,PT,CZ
"Stachy,,Zadov U Křížku",49.07867030433451,13.634793304620954,PT,CZ
"Strakonice,,aut.nádr.",49.25596830433291,13.91648890556401,ST,CZ
"Strakonice,,aut.nádr.",49.2559136044339,13.916511904733536,ST,CZ
"Strakonice,,aut.nádr.",49.25580170438388,13.916560304857342,ST,CZ
"Strakonice,,aut.nádr.",49.255746704347395,13.91658440552963,ST,CZ
"Strakonice,,aut.nádr.",49.255639704076096,13.916631404779316,ST,CZ
"Strakonice,,aut.nádr.",49.25558640451817,13.916654205633067,ST,CZ
"Strakonice,,aut.nádr.",49.25551970413451,13.916681106056576,ST,CZ
"Strakonice,,Radomyšlská I",49.26535420457307,13.905866405091677,ST,CZ
"Strakonice,,Raisova",49.26997920402309,13.908738105052395,ST,CZ
"Strakonice,,Raisova",49.26997690429342,13.909160605478867,ST,CZ
"Strakonice,,Raisova I",49.268749404736035,13.913985604876828,ST,CZ
"Strakonice,,Raisova I",49.26871690456657,13.914538104651701,ST,CZ
"Strakonice,,sídl.1.máje",49.266750004417645,13.91142920597212,ST,CZ
"Strakonice,,sídl.1.máje",49.266792804503865,13.911838105708988,ST,CZ
"Strakonice,,sídl.Mír",49.26189310404356,13.894545005687862,ST,CZ
"Strakonice,,sídl.Mír",49.26196720470965,13.89495140495226,ST,CZ
"Strakonice,,Sídliště",49.26893170449188,13.893702505131772,ST,CZ
"Strakonice,,Šumavská I",49.24841530419383,13.913123305681335,ST,CZ
"Strakonice,,Švandy dudáka",49.268769404387264,13.885463905436788,ST,CZ
"Strakonice,,Švandy dudáka",49.268699404206416,13.885378105105378,ST,CZ
"Strakonice,,Tržnice",49.25952310478448,13.90231000536722,ST,CZ
"Strakonice,,u cihelny",49.273175803979306,13.91119330490454,ST,CZ
"Strakonice,,U Dudáka",49.25569360464455,13.91209530482898,ST,CZ
"Strakonice,,U Dudáka",49.25569830425773,13.912335306061852,ST,CZ
"Strakonice,,5.května",49.254747804212194,13.90794390580134,ST,CZ
"Strakonice,,5.května",49.25485110411485,13.907730605613578,ST,CZ
"Strakonice,,Vajax",49.23861330464236,13.922013905069972,ST,CZ
"Strakonice,,Vajax",49.238423304361184,13.92211860514497,ST,CZ
"Radošovice,,Vajax rozc.1.0",49.23970640431117,13.914617505961123,ST,CZ
"Radošovice,,Vajax rozc.1.0",49.23967830411552,13.914545305601289,ST,CZ
"Strakonice,,Velké nám.",49.260878904427955,13.901469705240258,ST,CZ
"Strakonice,,Velké nám.",49.260734404751936,13.901379704667178,ST,CZ
"Strakonice,,Volyňská",49.2514567044063,13.912890005555449,ST,CZ
"Strakonice,,Volyňská",49.251250604326586,13.912492505956573,ST,CZ
"Strakonice,,Zvolenská",49.266900604819895,13.897325605695757,ST,CZ
"Strakonice,,Zvolenská",49.26676030452112,13.897515805502403,ST,CZ
"Strakonice,Hajská",49.2567097043811,13.947398105265338,ST,CZ
"Strakonice,Modlešovice",49.24981170446972,13.972088605267095,ST,CZ
"Strakonice,Nový Dražejov",49.26366470455109,13.863814205417984,ST,CZ
"Strakonice,Nový Dražejov",49.263760604786846,13.864301104699198,ST,CZ
"Strakonice,Starý Dražejov",49.2728597047923,13.867479705809414,ST,CZ
"Strakonice,Střela",49.26742310465987,13.849880305241154,ST,CZ
"Strakonice,Střela",49.267005604434885,13.852063604983288,ST,CZ
"Úlehle,Radkovice",49.19654940450706,13.834265805155125,ST,CZ
"Úlehle,Radkovice",49.196144704659176,13.83365170479482,ST,CZ
"Úlehle,Švejcarova Lhota,rozc.3.0",49.21158390415766,13.844251105208013,ST,CZ
"Úlehle,Švejcarova Lhota,rozc.3.0",49.211540804087385,13.844312805350397,ST,CZ
Uzenice,49.47338610427546,13.959630605719846,ST,CZ
Uzenice,49.47333560481289,13.959772805382647,ST,CZ
Uzeničky,49.48825940435812,13.953816905856963,ST,CZ
Uzeničky,49.488263904330445,13.95365060494268,ST,CZ
"Uzeničky,Černívsko",49.474048604248225,13.937086705988968,ST,CZ
"Uzeničky,Černívsko",49.474021704212795,13.937223305238481,ST,CZ
"Uzeničky,Černívsko,rozc.Černívsko 2.0",49.47771720481878,13.91659470507339,ST,CZ
"Uzeničky,Černívsko,rozc.Černívsko 2.0",49.477630604339076,13.916562505486453,ST,CZ
"Vacov,,aut.st.",49.13602000416282,13.725743304761027,PT,CZ
"Vacov,,aut.st.",49.13597080433552,13.725590305584058,PT,CZ
"Vacov,,aut.st.",49.13594360452473,13.725512505011473,PT,CZ
"Vacov,,aut.st.",49.13591720474251,13.72542940457065,PT,CZ
"Vacov,,aut.st.",49.13589280482428,13.725347505667985,PT,CZ
"Vacov,,aut.st.",49.13584280469053,13.725181404962317,PT,CZ
"Vacov,Benešova Hora",49.123408604710846,13.699460804570036,PT,CZ
"Vacov,Benešova Hora",49.123486704068334,13.699358905587479,PT,CZ
"Vacov,,Bošice",49.13491170423676,13.682338305668017,PT,CZ
"Vacov,,Bošice",49.135139704187246,13.682522204574303,PT,CZ
"Vacov,Čábuze",49.11458530450534,13.713363105011734,PT,CZ
"Vacov,Čábuze",49.114678604496305,13.712665305550075,PT,CZ
"Vacov,Čábuze,Langův mlýn",49.10993500433009,13.709369705416924,PT,CZ
"Vacov,Čábuze,Langův mlýn",49.10992360396989,13.708722205155034,PT,CZ
"Vacov,,Javorina",49.13737780424335,13.669813104590473,PT,CZ
"Vacov,,Javorina",49.13752690431098,13.669530305195748,PT,CZ
"Vacov,Javorník",49.13806830469027,13.663949205510548,PT,CZ
"Vacov,Javorník",49.13806030453009,13.663816405408955,PT,CZ
"Vacov,Lhota n.Rohanovem",49.13962030396908,13.688798605039283,PT,CZ
"Vacov,Lhota n.Rohanovem",49.13972390474755,13.688789204520923,PT,CZ
"Vacov,Miřetice",49.13226140451098,13.738525004608102,PT,CZ
"Vacov,Miřetice",49.1321042042213,13.738630805784263,PT,CZ
"Vacov,Miřetice,Jas",49.13393670452437,13.734768605269876,PT,CZ
"Vacov,Miřetice,Jas",49.133849204159254,13.734693604807262,PT,CZ
"Vacov,Mladíkov",49.124993904017884,13.719332205518931,PT,CZ
"Vimperk,,Špidrova",49.05306330381204,13.804777804837668,PT,CZ
"Vimperk,,U Kašpírka",49.076220304275914,13.781290305053254,PT,CZ
"Vimperk,,U Kašpírka",49.076505804090246,13.78156110554091,PT,CZ
"Vimperk,,ZZN",49.05103610412646,13.772359405741257,PT,CZ
"Vimperk,,ZZN",49.05114000432842,13.77196140531754,PT,CZ
"Vimperk,Arnoštka",49.002432504634356,13.76654280571815,PT,CZ
"Vimperk,Arnoštka",49.002257503986975,13.766694205939533,PT,CZ
"Vimperk,Bořanovice",49.07773670427618,13.803964404842922,PT,CZ
"Vimperk,Bořanovice",49.07796250442136,13.80412670532947,PT,CZ
"Vimperk,Boubská",49.06709920426686,13.798486405337197,PT,CZ
"Vimperk,Boubská",49.06720280435212,13.798695605754132,PT,CZ
"Vimperk,Boubská,samoty",49.06102970405884,13.794569404884797,PT,CZ
"Vimperk,Boubská,samoty",49.061018104099844,13.794745304633762,PT,CZ
"Vimperk,Cejsice",49.073125303971274,13.756586404978213,PT,CZ
"Vimperk,Cejsice",49.073173604065786,13.756665305805532,PT,CZ
"Vimperk,Hrabice",49.06669860428947,13.762569704709525,PT,CZ
"Vimperk,Hrabice",49.06684360442465,13.762624705640537,PT,CZ
"Vimperk,,Kamenná Lhota",49.05930310453946,13.718161905219256,PT,CZ
"Vimperk,,Kamenná Lhota",49.059373304050084,13.717569205761931,PT,CZ
"Vimperk,Klášterec",49.03448220397162,13.758742205906202,PT,CZ
"Vimperk,Klášterec",49.03435030436498,13.75857470509942,PT,CZ
"Vimperk,Klášterec,rozc.1.0",49.04167060405187,13.760726905107086,PT,CZ
"Vimperk,Klášterec,rozc.1.0",49.040065304238894,13.7605003053268,PT,CZ
"Vimperk,Korkusova Huť",49.015400004691834,13.769038605722807,PT,CZ
"Vimperk,Korkusova Huť",49.015515304308686,13.768921905731453,PT,CZ
"Vimperk,Křesanov",49.06877280403798,13.743442205703529,PT,CZ
"Vimperk,Křesanov",49.06855920396668,13.743030305253411,PT,CZ
"Vimperk,Lipka",49.020625003927606,13.73530860525131,PT,CZ
"Vimperk,Pravětín",49.04368560415539,13.806495304651467,PT,CZ
"Vimperk,,Sloup",49.06278190448638,13.738046705241805,PT,CZ
"Vimperk,,Sloup",49.06299610415548,13.738010305000007,PT,CZ
"Vimperk,,Sloup hospodářství",49.06393940452759,13.736145605409986,PT,CZ
"Vimperk,,Sloup hospodářství",49.06402860441504,13.73623560580646,PT,CZ
"Vimperk,Solná Lhota",49.03144360426821,13.762942204608272,PT,CZ
"Vimperk,Solná Lhota",49.03162750401473,13.762754405474656,PT,CZ
"Vimperk,Sudslavice",49.08903280441352,13.79390610545713,PT,CZ
"Vimperk,Sudslavice",49.08931970439792,13.794098105873418,PT,CZ
"Vimperk,Výškovice,rozc.1.0",49.08399280465326,13.786647804508455,PT,CZ
"Zdíkov,Nový Dvůr",49.07699810461603,13.660857505700022,PT,CZ
"Zdíkov,Putkov",49.1011800046152,13.746922204845143,PT,CZ
"Zdíkov,Račov",49.09415860435024,13.732440604585477,PT,CZ
"Zdíkov,Račov",49.09411110452043,13.732636405430242,PT,CZ
"Zdíkov,Zdíkovec",49.096153604131274,13.69104530503116,PT,CZ
"Zdíkov,Zdíkovec",49.096493304658054,13.691023904611669,PT,CZ
"Zdíkov,Zdíkovec,Dřevopodnik",49.099290304038696,13.676495305127391,PT,CZ
"Zdíkov,Zdíkovec,Dřevopodnik",49.09947470391424,13.67637970508654,PT,CZ
"Zdíkov,Zdíkovec,rozc.0.5",49.0994117042694,13.688931705737636,PT,CZ
"Zdíkov,Zdíkovec,rozc.0.5",49.09970250456767,13.690870004794114,PT,CZ
"Zdíkov,Zdíkovec,rozc.0.5",49.09930220472516,13.689199205690164,PT,CZ
"Zdíkov,Zdíkovec,rozc.0.5",49.099558604338554,13.690585805402334,PT,CZ
"Zdíkov,Žírec",49.08465580420677,13.720433105584902,PT,CZ
"Zdíkov,Žírec",49.084643604253664,13.721005805527739,PT,CZ
"Zdíkov,Žírec,rozc.1.5",49.081278604577975,13.710464405483508,PT,CZ
"Zdíkov,Žírec,rozc.1.5",49.08119610425319,13.710460605833626,PT,CZ
Zvotoky,49.21137110400749,13.757212805119245,ST,CZ
"Strašice,,samoty u Zvotok",49.21397310419143,13.752511405338126,ST,CZ
"Zdíkov,Putkov,samoty",49.09849530443804,13.739432504944617,PT,CZ
"Zdíkov,Putkov,samoty",49.09860670420316,13.739464705679678,PT,CZ
"Stachy,,Zadov Pod Javorem",49.07381220471673,13.63388920523372,PT,CZ
"Stachy,,Zadov Pod Javorem",49.074102203975016,13.633773904951356,PT,CZ
Předmíř,49.488619404935434,13.769260004927316,ST,CZ
"Strakonice,,Na Ohradě",49.25781720472401,13.906736404876339,ST,CZ
"Strakonice,,Na Ohradě",49.258170804650106,13.906567504698135,ST,CZ
"Vimperk,Křesanov,Loužka",49.07086500418783,13.746908905711445,PT,CZ
"Vimperk,Křesanov,Loužka",49.07084220458543,13.746525304715519,PT,CZ
"Blatná,,Riegrova",49.433421704436384,13.871447504633442,ST,CZ
"Kraselov,Milčice,rozc.0.7",49.23309190451205,13.805324404550099,ST,CZ
"Kraselov,Milčice,rozc.0.7",49.23321720432723,13.805325805899207,ST,CZ
"Čestice,Krušlov,rozc.0.6",49.146421404032175,13.817936704692405,ST,CZ
"Čestice,Nuzín,rozc.1",49.15552390481002,13.81712890513215,ST,CZ
"Čestice,Nuzín,rozc.1",49.15550110427539,13.817037805952191,ST,CZ
"Lnáře,,Pod Klášterem",49.453646904344524,13.794408905870297,ST,CZ
"Lnáře,,Pod Klášterem",49.45370580467975,13.794339205230608,ST,CZ
"Lnáře,,U Přístavu",49.46014360467462,13.786256905047003,ST,CZ
"Vimperk,,Pod Homolkou",49.05600580445275,13.794805305583138,PT,CZ
"Vimperk,,Luční",49.062191703842004,13.779811704780066,PT,CZ
"Litochovice,,u rybníka",49.16011500404582,13.941676105988233,ST,CZ
"Litochovice,,u rybníka",49.160306904517334,13.941952205039508,ST,CZ
"Čestice,,Na Špici rozc.Radkovice 2.5",49.17645330406024,13.817229405527588,ST,CZ
"Čestice,,Na Špici rozc.Radkovice 2.5",49.17614560446468,13.817049705396062,ST,CZ
"Volyně,Černětice,náves",49.14372560419132,13.90704420578525,ST,CZ
"Volyně,Černětice,náves",49.14375360421637,13.90737140535332,ST,CZ
"Bělčice,,Podruhelská",49.50252690446682,13.885269405023587,ST,CZ
"Bělčice,,Podruhelská",49.50247310486674,13.885223605905576,ST,CZ
"Vimperk,,Základní škola TGM",49.05513170444084,13.778889705212206,PT,CZ
"Vimperk,,U kulturního střediska",49.055426704249165,13.779624405303446,PT,CZ
"Strakonice,,Katovická",49.262950004613714,13.890601905163042,ST,CZ
"Strakonice,,Katovická",49.26303440466991,13.891064705734777,ST,CZ
"Vimperk,,Sklářská",49.057950004281054,13.784986105581783,PT,CZ
"Vimperk,,Pod Fišerkou",49.05931390425538,13.784266704921901,PT,CZ
"Hoslovice,Škrobočov",49.212037504747414,13.781938906006477,ST,CZ
"Hoslovice,Škrobočov",49.2118606042075,13.78193080438733,ST,CZ
"Hoslovice,Hodějov,rozc.2.0",49.19574830434694,13.778825005054093,ST,CZ
"Hoslovice,Hodějov",49.20603940393407,13.775262805992352,ST,CZ
"Hoslovice,Hodějov",49.205972804457154,13.775372805344643,ST,CZ
"Hoslovice,rozc.Drážov 2.5",49.18501900455077,13.755015004991098,ST,CZ
"Hoslovice,rozc.Drážov 2.5",49.185775604648214,13.755068604382958,ST,CZ
Hoslovice,49.19285610429238,13.7640567052362,ST,CZ
Hoslovice,49.1923233041187,13.76212000450545,ST,CZ
Němčice,49.192532804706474,13.79984940577144,ST,CZ
Němčice,49.192680004862396,13.799785005684349,ST,CZ
"Běšiny,,u žel.st.",49.30488690434898,13.304810305165988,KT,CZ
"Běšiny,,u žel.st.",49.304938604195506,13.304664204440854,KT,CZ
"Běšiny,,žel.st.",49.304822204104234,13.303805304700784,KT,CZ
"Běšiny,Hořákov",49.28588530459563,13.301784404667426,KT,CZ
"Běšiny,Hořákov",49.28526860446768,13.30145500427111,KT,CZ
"Běšiny,Kozí",49.30806580467053,13.294602804895115,KT,CZ
"Běšiny,Kozí",49.308188604977175,13.294693304818404,KT,CZ
"Běšiny,Úloh",49.28984170432113,13.330773605080607,KT,CZ
"Běšiny,Úloh",49.28993720440441,13.33072470414808,KT,CZ
Bezděkov,49.3811644049042,13.226009404286911,KT,CZ
Bezděkov,49.38112940425879,13.22599610468717,KT,CZ
"Bezděkov,Koryta",49.38940440449125,13.215148605097491,KT,CZ
"Bezděkov,Koryta",49.38908610440492,13.215068604928529,KT,CZ
"Bezděkov,Koryta,rozc.0.2",49.387486904521296,13.219639404911083,KT,CZ
"Bezděkov,Koryta,rozc.0.2",49.38743720428721,13.219935804268585,KT,CZ
"Bezděkov,Koryta,rozc.0.2",49.3874686046226,13.22070110470258,KT,CZ
"Bezděkov,Tětětice",49.4061442045642,13.197592804931727,KT,CZ
"Bezděkov,Tětětice",49.40575170415369,13.197994204077853,KT,CZ
"Bezděkov,,ves",49.82419810529342,13.596929205188589,RO,CZ
"Bezděkov,,ves",49.82408530529563,13.59681080517764,RO,CZ
"Bezdružice,,aut.st.",49.907578304639514,12.970464404663344,TC,CZ
"Bezdružice,,aut.st.",49.90737140483767,12.970911103761441,TC,CZ
"Bezdružice,Dolní Polžice",49.895335805335144,12.955898904407668,TC,CZ
"Bezdružice,Dolní Polžice",49.89533670457663,12.955834404313798,TC,CZ
"Bezdružice,Horní Polžice,rozc.",49.90398030464553,12.926365305100283,TC,CZ
"Bezdružice,Horní Polžice,rozc.",49.9041239048647,12.926472504846425,TC,CZ
"Bezdružice,Křivce,rozc.",49.920755605406434,12.985251404342113,TC,CZ
"Bezdružice,Křivce,rozc.",49.92060170491241,12.985180604829976,TC,CZ
"Bezdružice,Pačín",49.910799205248296,12.915215804575267,TC,CZ
"Bezdružice,Pačín",49.91077420508002,12.915382204600885,TC,CZ
"Bezdružice,Řešín",49.90972060472748,12.950655604536463,TC,CZ
"Bezdružice,Řešín",49.90977940549098,12.950647504865282,TC,CZ
"Bezdružice,Zhořec",49.9100758045584,12.904462804172178,TC,CZ
Bezvěrov,49.99480860517757,13.060097804839298,PS,CZ
Bezvěrov,49.99477920511984,13.060218304745165,PS,CZ
"Toužim,Nežichov,hájenka",50.003616405112005,13.044184204478725,KV,CZ
"Toužim,Nežichov,hájenka",50.00343220522677,13.044335004676979,KV,CZ
"Bezvěrov,Buč",50.020598605290445,13.086491104535634,PS,CZ
"Blížejov,Lštění,Hvízdalka",49.486565604444124,13.039794204167176,DO,CZ
"Blížejov,Chotiměř",49.504762204584985,13.02189530518048,DO,CZ
"Blížejov,Chotiměř",49.50466690509517,13.021730004188266,DO,CZ
"Blížejov,Lštění",49.48327170437532,13.040411704381548,DO,CZ
"Blížejov,Lštění",49.4833814047817,13.040376904967516,DO,CZ
"Blížejov,Malonice",49.48977890459259,13.018737504367902,DO,CZ
"Blížejov,Malonice",49.489699404359754,13.018743104295003,DO,CZ
"Blížejov,Nahošice",49.48590000459447,12.989051105157836,DO,CZ
"Blížejov,Nahošice",49.48582610502447,12.98899190468654,DO,CZ
"Blížejov,Přívozec",49.49989670457433,13.006224404108355,DO,CZ
"Blížejov,Přívozec",49.50001780479055,13.006895005110724,DO,CZ
"Blížejov,Výrov,rozc.0.7",49.489894405061364,12.982573304176427,DO,CZ
"Blížejov,Výrov,rozc.0.7",49.48979420464218,12.982545304676266,DO,CZ
"Blovice,,čerp.st.",49.58542220463795,13.535930804718607,PJ,CZ
"Blovice,,čerp.st.",49.585096904485226,13.534440805186954,PJ,CZ
"Blovice,,nám.",49.58170530493999,13.540218105340674,PJ,CZ
"Blovice,,nám.",49.58182170506122,13.540267504376615,PJ,CZ
"Blovice,,obch.dům",49.58059470470663,13.539963105261965,PJ,CZ
"Blovice,,obch.dům",49.58043310466894,13.539682805059535,PJ,CZ
"Blovice,,u hřbitova",49.58939500465397,13.534408305332866,PJ,CZ
"Blovice,,u hřbitova",49.589152504783385,13.534322504621942,PJ,CZ
"Blovice,,žel.st.",49.58092600490831,13.531900005245243,PJ,CZ
"Blovice,,žel.st.",49.58077200445943,13.531948004623734,PJ,CZ
"Blovice,,žel.st.",49.5807280044823,13.531755004848758,PJ,CZ
"Blovice,,žel.st.",49.58064600472954,13.53176800430768,PJ,CZ
"Blovice,Habří",49.58645690478582,13.579134704415168,PJ,CZ
"Blovice,Habří",49.58643440518705,13.579160005285987,PJ,CZ
"Blovice,Hradiště",49.576533604607434,13.545024405005922,PJ,CZ
"Blovice,Hradiště",49.57580920471629,13.543394004311498,PJ,CZ
"Blovice,Hradiště",49.57604560441445,13.545240304427647,PJ,CZ
"Blovice,Hradišťská Lhotka,rozc.0.9",49.573998605037914,13.590411405415528,PJ,CZ
"Blovice,Hradišťská Lhotka,rozc.0.9",49.57397140431919,13.590230605083049,PJ,CZ
"Blovice,Hradišťský Újezd",49.572224405085514,13.579005604318533,PJ,CZ
"Blovice,Hradišťský Újezd",49.57217640482605,13.579324705076536,PJ,CZ
"Blovice,Kamensko",49.595792505097926,13.529577804697777,PJ,CZ
"Blovice,Kamensko",49.59571170477469,13.52958580526514,PJ,CZ
"Blovice,Komorno",49.57128110438453,13.520121705686876,PJ,CZ
"Blovice,Komorno",49.57131080452342,13.5200411052312,PJ,CZ
"Blovice,Stará Huť",49.56431860441928,13.555858904591298,PJ,CZ
"Bor,Boječnice",49.68536690445501,12.815034204281616,TC,CZ
"Bor,Boječnice",49.685367805325946,12.815106704587642,TC,CZ
"Bor,Borovany",49.69352610527784,12.85239390465861,TC,CZ
"Bor,Borovany,rozc.",49.70108670530774,12.80042560416059,TC,CZ
"Bor,Borovany,rozc.",49.70109440470395,12.800681704299508,TC,CZ
"Bor,Čečkovice",49.73037500523462,12.783311404493341,TC,CZ
"Bor,Čečkovice",49.7318494045881,12.782508904599702,TC,CZ
"Bor,Damnov",49.78786000496132,12.795490604832327,TC,CZ
"Bor,Doly",49.73329250463155,12.73823640416621,TC,CZ
"Bor,Doly",49.73331780455623,12.738370604684162,TC,CZ
"Bor,Holostřevy",49.721290805019116,12.859673104256192,TC,CZ
"Bor,Holostřevy",49.721314405297186,12.860445604913645,TC,CZ
"Bor,Holostřevy,rest.Kadrnožka",49.72518220498151,12.841760003701623,TC,CZ
"Bor,Holostřevy,rest.Kadrnožka",49.725789404674224,12.84145390409879,TC,CZ
"Bor,Holostřevy,rest.Kadrnožka",49.72575470499931,12.841618903628575,TC,CZ
"Bor,Kosov,rozc.",49.69841360443858,12.829191904483379,TC,CZ
"Bor,Kosov,rozc.",49.69843030522012,12.829250804222953,TC,CZ
"Bor,Kurojedy",49.75402110467477,12.82346440424743,TC,CZ
"Bor,Kurojedy",49.754073105093,12.823363904005657,TC,CZ
"Bor,Lhota",49.7583008046098,12.774010304050242,TC,CZ
"Bor,Lhota",49.75832750458083,12.774180604489521,TC,CZ
"Bor,Lužná",49.71863890488237,12.733489403950808,TC,CZ
"Bor,Málkovice",49.742323304481076,12.838650604288723,TC,CZ
"Bor,Málkovice",49.74215170458213,12.838638304826572,TC,CZ
"Bor,Malovice",49.73884420461265,12.819518103758073,TC,CZ
"Bor,Nová Hospoda",49.75073920518726,12.781091403824897,TC,CZ
"Bor,Nová Hospoda",49.75071500446243,12.78100560413219,TC,CZ
"Bor,Nový Dvůr,rozc.",49.6877058044499,12.78043560371348,TC,CZ
"Bor,Nový Dvůr,rozc.",49.68765640467988,12.780521404295635,TC,CZ
"Bor,Ostrov",49.75560440493536,12.765440604851227,TC,CZ
"Bor,Ostrov",49.75586420517721,12.7650944040375,TC,CZ
"Bor,Skviřín",49.714327204743945,12.814716703737586,TC,CZ
"Bor,Skviřín",49.714599204465316,12.815101703972571,TC,CZ
"Bor,Vysočany",49.70156250528252,12.755816704598756,TC,CZ
"Bor,Vysočany",49.701415004966,12.755808604228285,TC,CZ
"Bor,Vysočany,INZO",49.6979022047646,12.740426904506602,TC,CZ
"Bor,Vysočany,osada",49.69616220487019,12.746825303506428,TC,CZ
"Bor,Vysočany,osada",49.695990605193124,12.746712503825666,TC,CZ
Borovno,49.62064690467058,13.690949705290107,PJ,CZ
Borovno,49.62083530484877,13.691107204785686,PJ,CZ
"Borovy,,u kult.domu",49.525415804444705,13.300229704392509,PJ,CZ
"Borovy,,u kult.domu",49.526208904580244,13.30097670410871,PJ,CZ
"Borovy,,žel.st.",49.526718104317894,13.299695804279896,PJ,CZ
Březina,49.80930190450413,13.601632205154605,RO,CZ
Březina,49.80870170498497,13.600605304978208,RO,CZ
"Březina,,zámek",49.813945604619605,13.603376704824596,RO,CZ
"Březina,,zámek",49.813750305073576,13.603218904853932,RO,CZ
"Břežany,,obecní úřad",49.34636810427074,13.618758105630056,KT,CZ
"Břežany,,obecní úřad",49.346485604676175,13.618594404944119,KT,CZ
"Břežany,,rozc.",49.999124705325734,13.568793304330711,RA,CZ
Bučí,49.88539530540419,13.302596705085652,PS,CZ
Bučí,49.885500804767986,13.30268670462853,PS,CZ
Budětice,49.2835133040926,13.585071104967119,KT,CZ
Budětice,49.28344750426867,13.585121105440711,KT,CZ
"Budětice,Vlkonice",49.300802504345356,13.588369205651052,KT,CZ
"Budětice,Vlkonice",49.30093220470853,13.58831720555855,KT,CZ
Bujesily,49.91526780477226,13.573571105324344,RO,CZ
Bujesily,49.915262205192676,13.573473604721698,RO,CZ
Buková,49.537260604860776,13.158909204987914,PJ,CZ
Buková,49.53734750459683,13.158783104300927,PJ,CZ
Bukovec,49.58704360439185,12.994720304722316,PJ,CZ
"Bukovec,,rozc.0.4",49.58923000445841,12.997444405193507,PJ,CZ
"Bukovec,,rozc.0.4",49.58939830474453,12.997161404525729,PJ,CZ
"Bukovec,,rozc.0.4",49.58937060441386,12.997113905010114,PJ,CZ
"Bukovec,,rozc.0.4",49.589248904443835,12.997455304991174,PJ,CZ
Bukovník,49.22242220456605,13.662309404397103,KT,CZ
Bukovník,49.22241970455327,13.662066905741668,KT,CZ
Bušovice,49.7960294047359,13.531560304728782,RO,CZ
Bušovice,49.79579860479216,13.531765005012382,RO,CZ
Bušovice,49.795723304750865,13.532043904425528,RO,CZ
"Bušovice,Sedlecko",49.80612640454824,13.527569704330105,RO,CZ
"Bušovice,Sedlecko",49.80608470513786,13.527687504773168,RO,CZ
"Bušovice,Sedlecko",49.80588470447523,13.52796780475077,RO,CZ
"Bušovice,Sedlecko",49.806029405268006,13.528072505377457,RO,CZ
"Bušovice,Střapole",49.808666904678894,13.54313110449597,RO,CZ
"Bušovice,Střapole",49.80859860493492,13.543062805653188,RO,CZ
Cebiv,49.83082690527731,12.980064704855515,TC,CZ
Cebiv,49.83085640476235,12.980287504559849,TC,CZ
"Cebiv,Bezemín,rozc.",49.84437890530907,12.989240604917741,TC,CZ
Ctiboř,49.82695940467747,12.609056903700345,TC,CZ
"Ctiboř,Březí",49.839680304608514,12.636361904213171,TC,CZ
"Ctiboř,Březí",49.83972360521512,12.636317804039997,TC,CZ
Čachrov,49.26429810483138,13.303456704694078,KT,CZ
Čachrov,49.26445310430831,13.303165304155826,KT,CZ
"Čachrov,Březí,rozc.0.4",49.277055304415775,13.290962805150738,KT,CZ
"Čachrov,Březí,rozc.0.4",49.27677690427541,13.291140304146142,KT,CZ
"Mezholezy u Kdyně,Luh,rozc.0.5",49.40994500486423,13.111251404923918,DO,CZ
"Mezholezy u Kdyně,Luh,rozc.0.5",49.41001830415952,13.111168104178292,DO,CZ
"Černíkov,Rudoltice",49.41078440503287,13.13898920502464,KT,CZ
"Černíkov,Rudoltice",49.41074250429381,13.138994404235737,KT,CZ
"Černíkov,Slavíkovice",49.38739330461225,13.151289204513136,KT,CZ
"Černíkov,Vílov",49.39741080503877,13.147303105093075,KT,CZ
"Černíkov,Vílov",49.3974561048756,13.147420304870547,KT,CZ
Černíkovice,49.975225604725466,13.566815604559363,PS,CZ
Černíkovice,49.975203904528676,13.566264404422881,PS,CZ
"Černíkovice,,rozc.",49.966244404668586,13.555051905697084,PS,CZ
"Černíkovice,,rozc.",49.96622890501697,13.554979405358125,PS,CZ
"Černíkovice,,rozc.",49.966401904544654,13.554985604772197,PS,CZ
Černošín,49.81650280507395,12.883175604194836,TC,CZ
Černošín,49.816368604599276,12.884501904239556,TC,CZ
"Černošín,,pila",49.812644404863065,12.880304204077925,TC,CZ
"Černošín,,pila",49.812713605112336,12.880317504535803,TC,CZ
"Černošín,Krásné Údolí",49.805421904492945,12.911141703959439,TC,CZ
"Černošín,Krásné Údolí",49.805586404534914,12.910278104632955,TC,CZ
"Černošín,Lažany,rozc.",49.79973830476188,12.886342504959458,TC,CZ
"Černošín,Lažany,rozc.",49.79964310531483,12.886545004679157,TC,CZ
"Černošín,Ostrovce,rozc.",49.78954080447725,12.894665604248104,TC,CZ
"Černošín,Ostrovce,rozc.",49.78959470506872,12.89472970365319,TC,CZ
"Černošín,Třebel,rozc.",49.825306705030144,12.850734403658494,TC,CZ
"Černošín,Třebel,rozc.",49.82549190451145,12.849709703759416,TC,CZ
"Černošín,Víchov",49.792695005021876,12.944530004891448,TC,CZ
"Černošín,Víchov",49.79252190514409,12.945527804667696,TC,CZ
Černovice,49.615088104650376,12.996235804865293,PJ,CZ
"Černovice,,DPS",49.60727250436057,13.001482204318586,PJ,CZ
"Černovice,,DPS",49.60720110506848,13.00169280409975,PJ,CZ
"Černovice,Nemněnice",49.59979530464547,12.986746104441796,PJ,CZ
Červené Poříčí,49.500093104548526,13.292941904365106,KT,CZ
Červené Poříčí,49.50214080478223,13.294346105150899,KT,CZ
Česká Bříza,49.83011750520703,13.429202504726035,PS,CZ
Česká Bříza,49.83007170485671,13.429292504646753,PS,CZ
"Česká Bříza,,kult.dům",49.827331404624225,13.429854204956241,PS,CZ
"Česká Bříza,,kult.dům",49.82726890486199,13.429950304822391,PS,CZ
"Česká Bříza,,u mlýna",49.833643305233934,13.423829405114786,PS,CZ
"Česká Bříza,,u mlýna",49.833656105005936,13.423859205152079,PS,CZ
"Česká Kubice,,Koptovna",49.373429204801845,12.860252504925228,DO,CZ
"Čížkov,Chynín",49.559383904243546,13.712793905078072,PJ,CZ
"Čížkov,Chynín",49.55934030441936,13.713370605425766,PJ,CZ
"Čížkov,Liškov",49.50297310492575,13.66997940551405,PJ,CZ
"Čížkov,Měrčín",49.52136360490276,13.683837204373136,PJ,CZ
"Čížkov,Měrčín",49.52148190498929,13.684035605420721,PJ,CZ
"Čížkov,Přešín",49.55919250499354,13.648387504687843,PJ,CZ
"Čížkov,Přešín",49.55912890499942,13.64821310543937,PJ,CZ
"Čížkov,Zahrádka",49.53270780458389,13.66154750473059,PJ,CZ
"Čížkov,Zahrádka",49.53264860448002,13.66145110461651,PJ,CZ
"Čížkov,Zahrádka",49.53347220427539,13.662197505194003,PJ,CZ
"Čížkov,Zahrádka",49.533556704866506,13.662158605191983,PJ,CZ
"Čížkov,Zahrádka,Smetalky",49.53066280448834,13.64845330469972,PJ,CZ
"Čížkov,Zahrádka,Smetalky",49.53060080431991,13.648391405499737,PJ,CZ
"Čížkov,Železný Újezd",49.56046690505697,13.672972504481852,PJ,CZ
"Čížkov,Železný Újezd",49.56175250466076,13.674005305550638,PJ,CZ
"Nové Mitrovice,,U Žílů",49.57540500435768,13.683534004591875,PJ,CZ
"Nové Mitrovice,,U Žílů",49.576112204494514,13.683552505220385,PJ,CZ
Čmelíny,49.48763110513142,13.653349405469667,PJ,CZ
Čmelíny,49.487813104738535,13.653376404707032,PJ,CZ
"Čmelíny,Víska",49.48904670436501,13.661692505703844,PJ,CZ
"Čmelíny,Víska",49.48888640431872,13.661996904997029,PJ,CZ
"Klatovy,Dehtín",49.44707440435336,13.287025005016652,KT,CZ
"Klatovy,Dehtín",49.447277804475796,13.287246104574931,KT,CZ
Dešenice,49.274171904246984,13.17124750493479,KT,CZ
Dešenice,49.27429440426541,13.171080004452419,KT,CZ
"Dešenice,,háj.",49.27721330438724,13.195253604730304,KT,CZ
"Dešenice,Děpoltice",49.264003604843246,13.21824690415418,KT,CZ
"Dešenice,Děpoltice,rozc.1.8",49.27493110482905,13.230952504593228,KT,CZ
"Dešenice,Děpoltice,rozc.1.8",49.27461170441236,13.230678605029158,KT,CZ
"Dešenice,Divišovice",49.266557504599554,13.233521904970276,KT,CZ
"Dešenice,Kunce,rozc.1.0",49.271749704935104,13.204157504275898,KT,CZ
"Dešenice,Kunce,rozc.1.0",49.271696404871015,13.204362805120216,KT,CZ
"Dešenice,Milence",49.27453360422025,13.157042504755553,KT,CZ
"Dešenice,Milence",49.27450190472632,13.156736704917625,KT,CZ
"Dešenice,Milence,přehrada",49.26611890485913,13.152198304644479,KT,CZ
"Dešenice,Milence,přehrada",49.265915804953664,13.151967205089068,KT,CZ
"Dešenice,Žižnětice,rozc.1.5",49.28061170408167,13.185860604107837,KT,CZ
"Dešenice,Žižnětice,rozc.1.5",49.28065110413421,13.18583110414526,KT,CZ
"Díly,,I",49.448618604819366,12.78472750440055,DO,CZ
"Díly,,I",49.448575805114956,12.78477310432829,DO,CZ
"Dobršín,,rozc.0.4",49.25911470429047,13.558318104719277,KT,CZ
"Dobršín,,rozc.0.4",49.258964204305485,13.558259205719507,KT,CZ
"Dobřany,,Důl Dobré štěstí",49.67259280452318,13.30215390469756,PJ,CZ
"Dobřany,,Důl Dobré štěstí",49.67274220490747,13.302431404720357,PJ,CZ
"Dobřany,,Hvízdalka",49.640013604865956,13.28702890497418,PJ,CZ
"Dobřany,,Hvízdalka",49.639977505153745,13.287125303969294,PJ,CZ
"Dobřany,,léčebna",49.64476530461436,13.288687804415874,PJ,CZ
"Dobřany,,léčebna",49.64473390448554,13.288566904321694,PJ,CZ
"Dobřany,,Lidový dům",49.649292205237145,13.286410604903296,PJ,CZ
"Dobřany,,Lidový dům",49.64934810501206,13.286718904053801,PJ,CZ
"Dobřany,,MŠ",49.65200110455402,13.288870004998854,PJ,CZ
"Dobřany,,MŠ",49.65198110492741,13.288989405130819,PJ,CZ
"Dobřany,,Přeštická",49.64950080468269,13.289428105199786,PJ,CZ
"Dobřany,,Přeštická",49.649561704868844,13.289280605350296,PJ,CZ
"Dobřany,,rozc.k žel.st.",49.654893904498266,13.300319204354427,PJ,CZ
"Dobřany,,rozc.k žel.st.",49.65481610512452,13.298560305193497,PJ,CZ
"Dobřany,,u čerp.st.",49.65411330486214,13.294205005270069,PJ,CZ
"Dobřany,,u čerp.st.",49.65414030453592,13.29301810534177,PJ,CZ
"Dobřany,,žel.st.",49.656329204665404,13.302840304877314,PJ,CZ
"Dobřany,,žel.st.",49.656281404425876,13.302743905350678,PJ,CZ
"Dobřany,Dobřánky",49.655853304686666,13.282837805030352,PJ,CZ
"Dobřany,Dobřánky",49.65592190496124,13.282568304367507,PJ,CZ
"Dobřany,Šlovice",49.67614810455526,13.349960005218524,PJ,CZ
"Dobřany,Šlovice",49.676171405049026,13.349796405163985,PJ,CZ
"Dobřany,Šlovice,na vršku",49.66715190516689,13.346635304271288,PJ,CZ
"Dobřany,Vodní Újezd,na návsi",49.65758560479374,13.258486904603515,PJ,CZ
"Dobřany,Vodní Újezd,na návsi",49.657531704758966,13.258332805063542,PJ,CZ
Dobříč,49.88581640465157,13.47194190554396,PS,CZ
Dobříč,49.885790004896926,13.47200440434803,PS,CZ
"Dobříč,Čivice",49.88296970452606,13.512286404616445,PS,CZ
"Dobříč,Čivice",49.88300080522319,13.51239970438183,PS,CZ
Dobřív,49.71519860449319,13.685134405789697,RO,CZ
Dobřív,49.715368304578014,13.684683904860774,RO,CZ
"Dobřív,,chaty",49.72228470500803,13.70569830444056,RO,CZ
"Dobřív,,chaty",49.72228440500951,13.705439705161089,RO,CZ
"Dobřív,,Na Fořtovně",49.71805000470909,13.695213905835013,RO,CZ
"Dobřív,,Na Fořtovně",49.717751704877585,13.694455804750449,RO,CZ
"Dobřív,Pavlovsko",49.71813170477221,13.666192504737788,RO,CZ
"Dobřív,Pavlovsko",49.718045304899086,13.66613220485261,RO,CZ
"Dolany,,náves",49.44348310435577,13.248154204735156,KT,CZ
"Dolany,,náves",49.443145304427105,13.24815440502313,KT,CZ
"Dolany,,u has.zbroj.",49.44385390507347,13.245283305236331,KT,CZ
"Dolní Lukavice,Krasavce,rozc.1.2",49.59097440500072,13.381512505233243,PJ,CZ
"Dolní Lukavice,Krasavce,rozc.1.2",49.59094920513254,13.38149110497699,PJ,CZ
"Dolní Lukavice,Lišice",49.61375110464991,13.354178104296144,PJ,CZ
"Dolní Lukavice,Lišice",49.61353670503487,13.354441905019803,PJ,CZ
"Dolní Lukavice,Lišice,u sloupu",49.606341704645374,13.346290004705985,PJ,CZ
"Dolní Lukavice,Lišice,u sloupu",49.60641640448016,13.346461704980683,PJ,CZ
"Dolní Lukavice,Snopoušovy",49.61469110523101,13.383434205166987,PJ,CZ
"Dolní Lukavice,Snopoušovy,rozc.0.5",49.61812890430215,13.38139390463334,PJ,CZ
"Dolní Lukavice,Snopoušovy,rozc.0.5",49.618245304617254,13.38082860455433,PJ,CZ
"Dolní Lukavice,Snopoušovy,rozc.0.5",49.61797170516747,13.381382505359728,PJ,CZ
"Domažlice,,Baarova I.",49.44591000484756,12.922273104038181,DO,CZ
"Domažlice,,Baarova I.",49.44587940432217,12.922218104744562,DO,CZ
"Domažlice,,Baarova II.",49.44477860433863,12.91744220433942,DO,CZ
"Domažlice,,Baarova II.",49.44485690465769,12.917440003976054,DO,CZ
"Domažlice,,Benešova I",49.44184110491731,12.925095604766373,DO,CZ
"Domažlice,,Benešova II",49.44521420450094,12.92411170376547,DO,CZ
"Domažlice,,Benešova II",49.445306704537444,12.924115804157866,DO,CZ
"Domažlice,,Před Smolovem",49.42834500479837,12.960275004982282,DO,CZ
"Domažlice,,Před Smolovem",49.42849420479766,12.960275005028175,DO,CZ
"Domažlice,,Čapka Choda",49.44333690487726,12.919321404003957,DO,CZ
"Domažlice,,Čapka Choda",49.4432986045434,12.919466104096994,DO,CZ
"Domažlice,,Havlíčkova",49.43846470463654,12.929512504843625,DO,CZ
"Domažlice,,Havlíčkova",49.43827610459492,12.928812504844279,DO,CZ
"Domažlice,,Masarykova",49.433840604860734,12.95110560369937,DO,CZ
"Domažlice,,Masarykova",49.434232804820034,12.95024190425325,DO,CZ
"Domažlice,,Kozinova",49.438487804321774,12.916188104980847,DO,CZ
"Domažlice,,Kozinova",49.43877330437015,12.916803604680993,DO,CZ
"Domažlice,,Mánesova I.",49.44449580469847,12.925498104145907,DO,CZ
"Domažlice,,Mánesova I.",49.44441830462561,12.925391903720907,DO,CZ
"Domažlice,,Mánesova II.",49.44523500508572,12.928280604563238,DO,CZ
"Domažlice,,Mánesova II.",49.44534360455579,12.928808904653772,DO,CZ
"Domažlice,,Cihlářská,Jirklova",49.43032280421421,12.943398104022567,DO,CZ
"Domažlice,,Cihlářská,Jirklova",49.43030940481632,12.943321404645815,DO,CZ
"Domažlice,,Palackého",49.43664250489606,12.913509203624708,DO,CZ
"Domažlice,,Poděbradova",49.44193100502933,12.930179004461976,DO,CZ
"Domažlice,,Poděbradova",49.44192300481739,12.930279004832693,DO,CZ
"Domažlice,,Vlakové nádraží",49.43567600496678,12.943876004655793,DO,CZ
"Domažlice,,U žel.zastávky",49.4366300044656,12.925410004228592,DO,CZ
"Domažlice,,U žel.zastávky",49.43663690449543,12.925580304787795,DO,CZ
"Domažlice,Havlovice",49.429395304804785,12.887869203747785,DO,CZ
"Domažlice,Havlovice",49.43068250506164,12.889192804272582,DO,CZ
"Domažlice,Havlovice,rozc.0.5",49.43664170489619,12.891943604677921,DO,CZ
"Domažlice,Havlovice,rozc.0.5",49.43658920455817,12.892148904667538,DO,CZ
"Domažlice,Havlovice,Valcha",49.422527204312544,12.87823860502575,DO,CZ
"Domažlice,Havlovice,Valcha",49.422716104570654,12.878680004814191,DO,CZ
Domoraz,49.250368604241444,13.662784405319417,KT,CZ
"Nezamyslice,,rozc.0.3",49.26153140406471,13.67074750516024,KT,CZ
"Nezamyslice,,rozc.0.3",49.261585804829544,13.67068580520385,KT,CZ
Drahkov,49.55766310520262,13.474581105338585,PJ,CZ
Drahkov,49.55781000477886,13.473815005129175,PJ,CZ
"Drahkov,Dubiny",49.55444440437902,13.46856250526522,PJ,CZ
"Drahkov,Dubiny",49.554312204547415,13.468144205384577,PJ,CZ
Drahoňův Újezd,49.87738360513563,13.725421104590902,RO,CZ
Drahoňův Újezd,49.877264404560094,13.725510304521324,RO,CZ
"Drahoňův Újezd,,u cihelny",49.88057030498005,13.73377530499714,RO,CZ
"Drahoňův Újezd,,u cihelny",49.880469205295626,13.733558305330579,RO,CZ
Drahotín,49.5237978050195,12.758205604720413,DO,CZ
Drahotín,49.52377420450149,12.758141103671328,DO,CZ
"Drahotín,Bílovice,rozc.1.2",49.52556970458132,12.767197504932161,DO,CZ
"Drahotín,Bílovice,rozc.1.2",49.525630005106315,12.767096904133998,DO,CZ
Dražeň,49.92801500529849,13.285144704775654,PS,CZ
Draženov,49.45520440452663,12.87216170382391,DO,CZ
Draženov,49.454487204295496,12.874417504799952,DO,CZ
Draženov,49.45578860445296,12.87170440405789,DO,CZ
Draženov,49.45580250432283,12.872003304249816,DO,CZ
"Kakejcov,Dražky",49.67280640450932,13.63273580542305,RO,CZ
Dražovice,49.22401250414318,13.608703104689901,KT,CZ
Dražovice,49.223930004712564,13.609108904714741,KT,CZ
"Dražovice,,Podhrází",49.22093810404613,13.600848604464462,KT,CZ
"Dražovice,,Podhrází",49.22089280469599,13.60072970437779,KT,CZ
"Dražovice,,Podhrází rozc.0.5",49.223129204559285,13.6024097050979,KT,CZ
"Dražovice,,Podhrází rozc.0.5",49.22311830407794,13.601956904848599,KT,CZ
"Dražovice,,Podhrází rozc.0.5",49.22291280407655,13.602232805204892,KT,CZ
Druztová,49.79863000497573,13.448010005258848,PS,CZ
"Druztová,Drahotín",49.80692000477085,13.445340004998938,PS,CZ
"Druztová,Drahotín",49.80676000446192,13.445540004989416,PS,CZ
"Hartmanice,Chlum,pila",49.188833604751984,13.451123604270718,KT,CZ
"Hartmanice,Chlum,pila",49.188885803984725,13.451126404469703,KT,CZ
"Hartmanice,Kundratice",49.16102810415751,13.46337170499583,KT,CZ
"Hartmanice,Palvínov,rozcestí",49.170469404489765,13.470716405562607,KT,CZ
"Hartmanice,Palvínov,rozcestí",49.17048360445774,13.470215004227269,KT,CZ
"Prášily,Skelná",49.15639220448476,13.383746104377813,KT,CZ
"Prášily,Skelná",49.15645860414964,13.383815004357688,KT,CZ
"Prášily,Skelná",49.15701000468966,13.384510605009389,KT,CZ
"Prášily,Skelná",49.15707080443663,13.384505004328275,KT,CZ
"Hartmanice,Světlá",49.19482830478785,13.451639204330938,KT,CZ
"Hartmanice,Světlá",49.1949208044255,13.45171560544108,KT,CZ
Hejná,49.290444204380144,13.672410005183067,KT,CZ
Heřmanova Huť,49.710257505166794,13.087813603863857,PS,CZ
"Heřmanova Huť,Dolní Sekyřany",49.7067081052941,13.100908304621754,PS,CZ
"Heřmanova Huť,Dolní Sekyřany",49.70668060525572,13.101122804286756,PS,CZ
"Heřmanova Huť,Dolní Sekyřany,rozc.",49.706550305256336,13.104686105155722,PS,CZ
"Heřmanova Huť,Dolní Sekyřany,rozc.",49.70655190524504,13.10485500495141,PS,CZ
"Heřmanova Huť,Horní Sekyřany",49.70455890472173,13.088861104232997,PS,CZ
"Heřmanova Huť,Horní Sekyřany",49.70467530495121,13.087466405096148,PS,CZ
"Heřmanova Huť,Vlkýš",49.71623140441285,13.091537803960557,PS,CZ
"Heřmanova Huť,Vlkýš",49.716175005148195,13.091553904315,PS,CZ
Hlavňovice,49.23851640453737,13.393908604345164,KT,CZ
Hlavňovice,49.23888250413299,13.39361940432586,KT,CZ
"Hlavňovice,,u rest.",49.23958470419294,13.393676405589256,KT,CZ
"Hlavňovice,,u školy",49.238588104526876,13.393335005435071,KT,CZ
"Hlavňovice,Cihelna",49.25167500450941,13.427981704578801,KT,CZ
"Hlavňovice,Cihelna",49.25185030467307,13.428036704966615,KT,CZ
"Hlavňovice,Cihelna,Zápotočí",49.24658500426643,13.431183304568393,KT,CZ
"Hlavňovice,Cihelna,Zápotočí",49.24654860489564,13.431203605170989,KT,CZ
"Hlavňovice,Milínov",49.24161640476689,13.387314404674635,KT,CZ
"Hlavňovice,Milínov",49.241879404826264,13.38709970429751,KT,CZ
"Hlavňovice,Pích",49.232350804196045,13.418428105234259,KT,CZ
"Hlavňovice,Pích",49.23259920442407,13.41754580512359,KT,CZ
"Hlavňovice,Přestanice",49.248273104900136,13.413608304760114,KT,CZ
"Hlavňovice,Přestanice",49.24836250481528,13.413750005192707,KT,CZ
"Hlavňovice,Zámyšl",49.22832830434194,13.376471705121986,KT,CZ
"Hlavňovice,Zámyšl",49.22834080416006,13.37636440487911,KT,CZ
Hlince,49.94847330534822,13.624216704282405,PS,CZ
Hlohová,49.53400970500217,13.078231705030158,DO,CZ
Honezovice,49.63922690462024,13.065540303975876,PJ,CZ
"Honezovice,Hradišťany",49.63137440518768,13.029998904786424,PJ,CZ
Hora Svatého Václava,49.51895030458428,12.739831104399016,DO,CZ
Hora Svatého Václava,49.519180304792286,12.740464204288806,DO,CZ
"Hora Svatého Václava,Načetín,rozcestí",49.52035780513392,12.752186103567386,DO,CZ
"Hora Svatého Václava,Načetín,rozcestí",49.52033610435179,12.752042504317373,DO,CZ
"Hora Svatého Václava,Šidlákov",49.52151250468273,12.718250004865716,DO,CZ
"Hora Svatého Václava,Šidlákov",49.52151940513015,12.718186904650954,DO,CZ
"Horažďovice,,odrůdová zkušebna",49.333638104506555,13.699884204947551,KT,CZ
"Horažďovice,,odrůdová zkušebna",49.33330030425009,13.69964190526087,KT,CZ
"Horažďovice,,předměstí",49.329183104203906,13.7329381057392,KT,CZ
"Horažďovice,,předměstí",49.32921780456744,13.732841704726706,KT,CZ
"Horažďovice,,předměstí žel.st.",49.33106780450818,13.738449705632963,KT,CZ
"Horažďovice,,předměstí žel.st.",49.330849404204265,13.739169704757582,KT,CZ
"Horažďovice,,u Jitexu",49.31760970447972,13.70243390500418,KT,CZ
"Horažďovice,,u Jitexu",49.3173333041858,13.702847204714441,KT,CZ
"Horažďovice,,u mostu",49.317735804880456,13.706854404982487,KT,CZ
"Horažďovice,,u mostu",49.31749360455379,13.707211704493227,KT,CZ
"Horažďovice,,u školy",49.324399204530344,13.69564640506987,KT,CZ
"Horažďovice,,u školy",49.32269890422414,13.69822690539639,KT,CZ
"Horažďovice,,u tržiště",49.32549690468804,13.700668105554247,KT,CZ
"Horažďovice,,u tržiště",49.32551500466232,13.70046810489667,KT,CZ
"Horažďovice,,u ÚNZ",49.32528310425734,13.714630605076373,KT,CZ
"Horažďovice,,u ÚNZ",49.325213104581806,13.714616905060748,KT,CZ
"Horažďovice,,žel.st.",49.32134390452521,13.709743305643743,KT,CZ
"Horažďovice,,žel.st.",49.32132580467159,13.70951580513782,KT,CZ
"Horažďovice,,žel.st.",49.321468204199476,13.709952305785416,KT,CZ
"Horažďovice,,žel.st.",49.321722804279666,13.710607505707998,KT,CZ
"Horažďovice,Babín",49.346932504511564,13.72709810581951,KT,CZ
"Horažďovice,Boubín",49.30057280458639,13.696469704800048,KT,CZ
"Horažďovice,Boubín",49.3005108048947,13.696373305213179,KT,CZ
"Horažďovice,Boubín,na samotě",49.30490360448499,13.698840304888886,KT,CZ
"Horažďovice,Boubín,na samotě",49.304991104784094,13.698777205625836,KT,CZ
"Horažďovice,Horažďovická Lhota",49.354193904412796,13.683508305345885,KT,CZ
"Horažďovice,Nový Dvůr,rozc.0.2",49.325187204770955,13.68051440452566,KT,CZ
"Horažďovice,Nový Dvůr,rozc.0.2",49.32525360471976,13.680574705741575,KT,CZ
"Horní Kozolupy,Očín",49.842928304615285,12.945213904677669,TC,CZ
"Horní Kozolupy,Slavice",49.81950890473422,12.948972204929797,TC,CZ
"Horní Kozolupy,Slavice",49.81937060516585,12.948836904904931,TC,CZ
"Horní Kozolupy,Strahov",49.85342170536663,12.956143104934837,TC,CZ
"Horní Kozolupy,Strahov",49.8535817053273,12.95628250379338,TC,CZ
Horní Lukavice,49.61365610503282,13.32519530478339,PJ,CZ
Horní Lukavice,49.61316080429501,13.32488420437576,PJ,CZ
Horšice,49.53278360433922,13.38848500491253,PJ,CZ
"Horšice,,u školy",49.53428640489215,13.391636104712955,PJ,CZ
"Horšice,,u školy",49.53406080458924,13.39145720481379,PJ,CZ
"Horšice,Újezd,zámek",49.53726720447449,13.403937805015731,PJ,CZ
"Horšice,Újezd,zámek",49.53732420480753,13.40374060436357,PJ,CZ
"Horšice,Vitouň",49.53902530503459,13.378591104795523,PJ,CZ
Horšovský Týn,49.52693580441352,12.944925004705565,DO,CZ
Horšovský Týn,49.52700970473287,12.94585190458758,DO,CZ
"Horšovský Týn,,koupaliště v Podhájí",49.51328830473662,12.908840004012465,DO,CZ
"Horšovský Týn,,koupaliště v Podhájí",49.51395080480708,12.910453303772693,DO,CZ
"Horšovský Týn,,Vrchlického",49.52851250502235,12.937101105019858,DO,CZ
"Horšovský Týn,,Vrchlického",49.52839690492757,12.936370304303473,DO,CZ
"Horšovský Týn,,Plastik",49.53476110439892,12.927731904419906,DO,CZ
"Horšovský Týn,,Plastik",49.53451890489357,12.927992204821313,DO,CZ
"Horšovský Týn,,žel.st.",49.525328605045196,12.937555305000767,DO,CZ
"Horšovský Týn,,žel.st.",49.524931404389086,12.936978103816658,DO,CZ
"Horšovský Týn,Borovice",49.56765720462252,12.943032804677955,DO,CZ
"Horšovský Týn,Borovice",49.56756920508383,12.942991403658423,DO,CZ
"Horšovský Týn,Dolní Metelsko",49.56503560503334,12.914151404858227,DO,CZ
"Horšovský Týn,Hašov",49.56602250479996,12.864483304256416,DO,CZ
"Horšovský Týn,Horní Metelsko",49.56675690498431,12.895172204347224,DO,CZ
"Horšovský Týn,Horní Metelsko",49.566685604902055,12.89503530437851,DO,CZ
"Horšovský Týn,Horšov",49.53962360476148,12.92282280476261,DO,CZ
"Horšovský Týn,Horšov",49.53960560481479,12.92264830469253,DO,CZ
"Horšovský Týn,Kocourov",49.55338390501755,12.920251703880078,DO,CZ
"Horšovský Týn,Kocourov",49.55336640458486,12.920172504674424,DO,CZ
"Horšovský Týn,Lazce",49.5065153045664,12.965963604756965,DO,CZ
"Horšovský Týn,Lazce",49.506523104828105,12.965636404496072,DO,CZ
"Hrádek,,u ObÚ",49.26081530413731,13.494501704579344,KT,CZ
"Hrádek,Čejkovy",49.29234720459608,13.517010005369482,KT,CZ
"Hrádek,Čejkovy",49.29227720478799,13.516516404998848,KT,CZ
"Hrádek,Čermná",49.287631404544356,13.47133360450218,KT,CZ
"Hrádek,Kašovice",49.27406420451363,13.474995304901862,KT,CZ
"Hrádek,Kašovice",49.27415330422402,13.474614404297647,KT,CZ
"Hrádek,Odolenov,rozc.2.0",49.25557810474479,13.498930004912712,KT,CZ
"Hrádek,Odolenov,rozc.2.0",49.255235004050334,13.498604205057253,KT,CZ
"Hrádek,Puchverk",49.289011404127045,13.460222805329247,KT,CZ
"Hrádek,Puchverk",49.28894310461878,13.460163604546171,KT,CZ
"Hrádek,Tedražice,náves",49.26508080453636,13.521284204477357,KT,CZ
"Hrádek,Tedražice,náves",49.26496360437601,13.52142110550285,KT,CZ
"Hrádek,Tedražice,u mlýna",49.257544204431305,13.527500605507514,KT,CZ
"Hrádek,Tedražice,u mlýna",49.257309404092574,13.527567505496771,KT,CZ
"Hrádek,Zbynice",49.28783280453539,13.502575304953893,KT,CZ
"Hrádek,Zbynice",49.28762280439282,13.502231904517696,KT,CZ
"Hrádek,,kult.dům",49.71068310454944,13.648761404895485,RO,CZ
"Hrádek,,kult.dům",49.710687504597004,13.648941405521555,RO,CZ
"Hrádek,,sídliště",49.714238604752374,13.640415805247029,RO,CZ
"Hrádek,,sídliště",49.71416390436046,13.640286104475548,RO,CZ
"Hrádek,,u Krajana",49.71642500521757,13.654826705417584,RO,CZ
"Hrádek,,u Krajana",49.71637780442732,13.654623904736253,RO,CZ
"Hrádek,Nová Huť",49.71784890485279,13.636981905652416,RO,CZ
"Hrádek,Nová Huť",49.71749640451299,13.637030805254645,RO,CZ
Hradešice,49.32472440416604,13.596230304631925,KT,CZ
Hradešice,49.32466830412189,13.596259404597165,KT,CZ
"Hradešice,,náves",49.3228106044812,13.59652000538564,KT,CZ
"Hradešice,,náves",49.32301560439467,13.596737504935415,KT,CZ
"Hradešice,,u Sv.Antonína",49.329337804430615,13.577183604741736,KT,CZ
"Hradešice,,u Sv.Antonína",49.32937530441928,13.576251704425504,KT,CZ
"Hradešice,Černíč",49.312084204863886,13.589726404628877,KT,CZ
"Hradešice,Černíč",49.31214080407774,13.590157204874767,KT,CZ
"Hradešice,Smrkovec",49.34198530454723,13.600061704543666,KT,CZ
"Hradešice,Smrkovec",49.34199470425673,13.600022804446715,KT,CZ
Hradiště,49.43940970502935,13.756038105254255,PJ,CZ
Hradiště,49.43941140446847,13.755898305148365,PJ,CZ
"Hradiště,Bezděkov",49.41630060463403,13.740320805584616,PJ,CZ
"Hradiště,Záhořčičky",49.42713560478754,13.75815830549533,PJ,CZ
"Hradiště,,ves",49.96273190508164,13.717756104640236,RO,CZ
Hradiště u Domažlic,49.464633905121396,13.05158330470142,DO,CZ
Hůrky,49.74443720501789,13.680287504689568,RO,CZ
Hůrky,49.74447360445891,13.6800919050605,RO,CZ
"Hůrky,,chaty",49.72584440487963,13.677346704731955,RO,CZ
"Hůrky,,ObÚ",49.747193104744234,13.685466704655044,RO,CZ
"Dobřív,,u hřbitova",49.716700804685885,13.678399705774009,RO,CZ
"Dobřív,,u hřbitova",49.716623104876184,13.67846420503055,RO,CZ
"Dražeň,,Bažantnice",49.93505250464119,13.278051704210327,PS,CZ
"Dražeň,,Bažantnice",49.93508970517456,13.278152204420357,PS,CZ
"Dražeň,,Osojno",49.94259250507395,13.282531404467136,PS,CZ
"Dražeň,,Osojno",49.94261030531065,13.282696404003897,PS,CZ
"Hvozd,,rozc.",49.94393330470783,13.268839705309677,PS,CZ
"Hvozd,,rozc.",49.94397280530795,13.268790004444389,PS,CZ
"Hvozd,Hodovíz",49.955207504533185,13.276287504136162,PS,CZ
"Hvozd,Hodovíz",49.95504360460113,13.276444404489725,PS,CZ
"Hvozd,Hodovíz,sklady",49.96783360507695,13.26705000503593,PS,CZ
"Hvozd,Hodovíz,sklady",49.967861905121204,13.26707810457109,PS,CZ
"Hvozd,Radějov,rozc.",49.95843940483439,13.255610604864751,PS,CZ
Hvožďany,49.50043940468934,12.767442804778007,DO,CZ
"Chanovice,,rest.",49.40376580463994,13.71606310444768,KT,CZ
"Chanovice,rest.",49.40362720447294,13.715825604987161,KT,CZ
"Chanovice,Černice,rozc.0.2",49.419433104229526,13.67428170579849,KT,CZ
"Chanovice,Černice,rozc.0.2",49.41938860482113,13.673751905569627,KT,CZ
"Chanovice,Defurovy Lažany",49.40743810419111,13.677258304693002,KT,CZ
"Chanovice,Defurovy Lažany",49.40729470409687,13.677313904777831,KT,CZ
"Chanovice,Dobrotice",49.391575804557924,13.713208104817616,KT,CZ
"Chanovice,Dobrotice",49.39142310484288,13.713225805774417,KT,CZ
"Chanovice,Holkovice",49.38242360496924,13.70520920487652,KT,CZ
"Chanovice,Holkovice",49.38239780474827,13.70510310480215,KT,CZ
"Chanovice,Újezd u Chanovic",49.400959204871135,13.698701105005489,KT,CZ
"Chanovice,Újezd u Chanovic",49.400908604739705,13.69881640482175,KT,CZ
"Cheznovice,,ObÚ",49.778912804962474,13.784935005456925,RO,CZ
"Cheznovice,,ObÚ",49.77894720508028,13.78464530450441,RO,CZ
"Cheznovice,,rekr.stř.",49.783926705068836,13.771209705668113,RO,CZ
"Cheznovice,,rekr.stř.",49.78383280446433,13.771272805636002,RO,CZ
"Cheznovice,,rybník",49.78056250520476,13.782282204508997,RO,CZ
"Cheznovice,,rybník",49.78087810509652,13.78225110498052,RO,CZ
Chlistov,49.32049560463235,13.360452204916198,KT,CZ
Chlistov,49.320465804695395,13.36057030487881,KT,CZ
Chlum,49.60522280512273,13.47909720440865,PJ,CZ
"Chodov,Podskalí",49.4139769048535,12.834423604127464,DO,CZ
"Chodová Planá,,U kostela",49.89504500512799,12.729718304674345,TC,CZ
"Chodová Planá,,U kostela",49.89528500457163,12.729508903722891,TC,CZ
"Chodová Planá,,Mariánskolázeňská",49.897668604884664,12.73113030408963,TC,CZ
"Chodová Planá,,Mariánskolázeňská",49.897713104664184,12.730826903859926,TC,CZ
"Chodová Planá,Boněnov",49.91148440514682,12.802853603893384,TC,CZ
"Chodová Planá,Dolní Kramolín,rozc.",49.91094810516615,12.739283903946582,TC,CZ
"Chodová Planá,Dolní Kramolín,rozc.",49.91096690545665,12.739179404618515,TC,CZ
"Chodová Planá,Hostíčkov",49.90221060536128,12.82120360370751,TC,CZ
"Chodová Planá,Michalovy Hory",49.90051250463221,12.783104703936319,TC,CZ
"Chodová Planá,Michalovy Hory",49.900665304872646,12.783210804959491,TC,CZ
"Chodová Planá,Michalovy Hory,škola",49.896847204603766,12.782024403779433,TC,CZ
"Chodová Planá,Michalovy Hory,škola",49.89664610539508,12.781844203716059,TC,CZ
"Chodová Planá,Výškov",49.8920100053855,12.769279703490476,TC,CZ
"Chodová Planá,Výškov",49.89203250544287,12.769047804265684,TC,CZ
"Chodská Lhota,,I",49.358397204779365,13.083668104499802,DO,CZ
"Chodská Lhota,,I",49.35836530478349,13.083409704770848,DO,CZ
"Chodská Lhota,,rozc.0.2",49.35739810422932,13.075421404985809,DO,CZ
"Chodská Lhota,,rozc.0.2",49.35743310451272,13.07561110406347,DO,CZ
"Chodská Lhota,,Štefle",49.34927190439168,13.066233904565582,DO,CZ
"Chodská Lhota,,žel.zast.",49.365017504833524,13.067923104744308,DO,CZ
"Chodská Lhota,,žel.zast.",49.36493250485903,13.068091704570154,DO,CZ
"Chodská Lhota,Výrov",49.34394830430717,13.09116000393875,DO,CZ
"Chodská Lhota,Výrov",49.343828604573545,13.091253304265518,DO,CZ
Chodský Újezd,49.864273605080506,12.652606403949767,TC,CZ
Chodský Újezd,49.865187205426636,12.654608904221314,TC,CZ
Chodský Újezd,49.86502560489234,12.654501404370937,TC,CZ
"Chodský Újezd,Dolní Jadruž",49.86501000525901,12.687238104688456,TC,CZ
"Chodský Újezd,Dolní Jadruž,rozc.",49.85801670462577,12.704561404915399,TC,CZ
"Chodský Újezd,Dolní Jadruž,rozc.",49.85732860457141,12.702925604038702,TC,CZ
"Chodský Újezd,Dolní Jadruž,rozc.",49.85903360461158,12.702183304792905,TC,CZ
"Chodský Újezd,Horní Jadruž",49.86728670541497,12.66765360378656,TC,CZ
"Chodský Újezd,Horní Jadruž",49.867117205061675,12.668058603770984,TC,CZ
"Chotíkov,,u školy",49.79614670479735,13.313159204931436,PS,CZ
"Chrást,,Lidový dům",49.79822000487155,13.496860004997622,PM,CZ
"Chrást,,Lidový dům",49.79875000516805,13.497180004441287,PM,CZ
"Chrást,,rozvodna",49.78053190487339,13.473161404884404,PM,CZ
"Chrást,,rozvodna",49.78058640524658,13.473538305353935,PM,CZ
"Chrást,,ZŠ",49.79324000526212,13.493410004242472,PM,CZ
"Chrást,,ZŠ",49.79295000510327,13.492860004185594,PM,CZ
Chrastavice,49.45338810485588,12.956616904414703,DO,CZ
Chrastavice,49.45348920493346,12.956586104030075,DO,CZ
Chříč,49.97194440494734,13.64593940500314,PS,CZ
Studená,49.960112805087626,13.643343305229001,PS,CZ
Studená,49.960073304911525,13.643387804492486,PS,CZ
"Chudenice,,Bažantnice",49.44415360445723,13.164743304770505,KT,CZ
"Chudenice,,Bažantnice",49.44420310490674,13.164757505037455,KT,CZ
"Chudenice,,nám.",49.46688280488174,13.173033305081626,KT,CZ
"Chudenice,,u kovárny",49.46748360432397,13.181431104502993,KT,CZ
"Chudenice,,u kovárny",49.46742890489923,13.181503604117554,KT,CZ
"Chudenice,,u školy",49.46410810455156,13.173371704411954,KT,CZ
"Chudenice,,u školy",49.46398860442256,13.173360804106306,KT,CZ
"Chudenice,,zámek Lázeň",49.45381000423245,13.161338304606442,KT,CZ
"Chudenice,Býšov",49.482368104338434,13.188517205133866,KT,CZ
"Chudenice,Býšov",49.482353104543414,13.188395305283086,KT,CZ
"Chudenice,Lučice",49.45132890463547,13.162405004095186,KT,CZ
"Chudenice,Lučice",49.451389204446535,13.162497504292936,KT,CZ
"Chudenice,Slatina",49.44604030472909,13.189408904765848,KT,CZ
"Chudenice,Slatina",49.445711404319034,13.189566904414772,KT,CZ
"Chudenice,Slatina,rozc.1.5",49.442961904709705,13.209003304585254,KT,CZ
"Chudenice,Slatina,rozc.1.5",49.442949704722956,13.208853104812752,KT,CZ
Chudenín,49.292886904287855,13.102115803970955,KT,CZ
Chudenín,49.293250804323144,13.10185560461262,KT,CZ
"Chudenín,Červené Dřevo",49.29639000444774,13.043183304101778,KT,CZ
"Chudenín,Hadrava",49.31101860474861,13.123764404464549,KT,CZ
"Chudenín,Liščí",49.31203140442813,13.047455005234392,KT,CZ
"Chudenín,Liščí,háj.",49.31547560414475,13.065800004766658,KT,CZ
"Chudenín,Přední Fleky",49.29008000427907,13.046159404088291,KT,CZ
"Chudenín,Radošín,rozc.0.5",49.278425304237736,13.083590304250041,KT,CZ
"Chudenín,Radošín,rozc.0.5",49.278458904058375,13.083726104198828,KT,CZ
"Chudenín,Skelná Huť",49.28031610453098,13.114478904326312,KT,CZ
"Chudenín,Skelná Huť",49.28043970450345,13.115113904526533,KT,CZ
"Chudenín,Svatá Kateřina",49.27250220475927,13.065063304734904,KT,CZ
"Janovice nad Úhlavou,Osiná,rozcestí",49.31697500459217,13.175732505308709,KT,CZ
"Janovice nad Úhlavou,Osiná,rozcestí",49.316858604517215,13.175375304728169,KT,CZ
"Janovice nad Úhlavou,Petrovice nad Úhlavou",49.32389420464414,13.183561704803347,KT,CZ
"Janovice nad Úhlavou,Petrovice nad Úhlavou",49.32421920470539,13.183929203960897,KT,CZ
"Janovice nad Úhlavou,Veselí",49.35004470484944,13.202908603986725,KT,CZ
"Janovice nad Úhlavou,Veselí",49.35005250480789,13.203041703913147,KT,CZ
Jarov,49.52162420428879,13.508425005475305,PJ,CZ
Jarov,49.52121860482852,13.508268305364803,PJ,CZ
"Jarov,,cihelna",49.52441970504847,13.509354405094554,PJ,CZ
"Jarov,,cihelna",49.52436310492783,13.509284704614755,PJ,CZ
Jarov,49.872209405244995,13.474174704867538,PS,CZ
Javor,49.32671860446866,13.246003604576073,KT,CZ
"Jesenice,,nám.",50.09866940481637,13.471617505310705,RA,CZ
"Jesenice,,žel.st.",50.09314860487867,13.47016720496932,RA,CZ
Ježovy,49.491316404989405,13.228908604211332,KT,CZ
"Ježovy,,na vršku",49.490996704530815,13.236098905047779,KT,CZ
"Ježovy,,na vršku",49.49099750431163,13.23617000544774,KT,CZ
"Ježovy,Chlumská",49.4700764050201,13.224112804039432,KT,CZ
"Ježovy,Chlumská",49.46989750504504,13.227032504563352,KT,CZ
"Ježovy,Chlumská,rozc.0.3",49.47056890436578,13.22008250478441,KT,CZ
"Ježovy,Chlumská,rozc.0.3",49.470683104678436,13.219955004856208,KT,CZ
"Ježovy,Trnčí",49.48016420505251,13.211543104265045,KT,CZ
"Ježovy,Trnčí",49.4801586049734,13.211325603935533,KT,CZ
"Švihov,Jíno",49.509213304588556,13.310206904951002,KT,CZ
"Švihov,Jíno",49.50909310433957,13.310101104377463,KT,CZ
Kaceřov,49.87029220471663,13.51272810469594,PS,CZ
Kaceřov,49.87028440499892,13.512795005549101,PS,CZ
"Kadov,,náves",49.4034336047726,13.776325005267767,ST,CZ
"Kadov,,náves",49.402707504109564,13.774887204965498,ST,CZ
"Kadov,Lnářský Málkov",49.39244560450722,13.774638305342105,ST,CZ
"Kadov,Lnářský Málkov",49.392503104252725,13.77458750528626,ST,CZ
"Kadov,Pole",49.41307560461274,13.781491904685977,ST,CZ
"Kadov,Pole",49.41314560461902,13.781215804873016,ST,CZ
Kakejcov,49.66561720457873,13.62455360490929,RO,CZ
Kakejcov,49.66564920478279,13.624662205198387,RO,CZ
Kalenice,49.271191404253486,13.717583104867167,ST,CZ
Kalenice,49.27131560493205,13.717525005174938,ST,CZ
"Švihov,Kaliště,rozc.1.6",49.506176905062055,13.314506905207137,KT,CZ
"Švihov,Kaliště,rozc.1.6",49.506198904726865,13.314002804054931,KT,CZ
"Švihov,Kaliště,rozc.1.6",49.50601690504082,13.314249404065254,KT,CZ
Kařízek,49.813223605083145,13.799210005144023,RO,CZ
Kařízek,49.81317690454049,13.7992633059163,RO,CZ
"Kasejovice,,koupaliště",49.45252190429363,13.745039405563043,PJ,CZ
"Kasejovice,,koupaliště",49.45246330456268,13.745062205175223,PJ,CZ
"Kasejovice,,nám.",49.46444920425357,13.739748905578221,PJ,CZ
"Kasejovice,,u hřiště",49.45995190435586,13.747362205608665,PJ,CZ
"Kasejovice,,u hřiště",49.4598481042381,13.747391904758215,PJ,CZ
"Kasejovice,,zdrav.stř.",49.46347280452892,13.73541170528763,PJ,CZ
"Kasejovice,,zdrav.stř.",49.463683104865055,13.735533904929213,PJ,CZ
"Kasejovice,,žel.st.",49.458221404456864,13.744670805715302,PJ,CZ
"Kasejovice,,žel.st.",49.45824060444171,13.744828905863699,PJ,CZ
"Kasejovice,Chloumek",49.484597804607226,13.725857804789147,PJ,CZ
"Mladý Smolivec,,rozc.Chloumek",49.49843610424264,13.737502204584526,PJ,CZ
"Mladý Smolivec,,rozc.Chloumek",49.49847970439905,13.73758530499272,PJ,CZ
"Kasejovice,Kladrubce",49.48463220425787,13.68170440491734,PJ,CZ
"Kasejovice,Podhůří,rozc.0.5",49.46841580506429,13.664380305560012,PJ,CZ
"Kasejovice,Podhůří,rozc.0.5",49.46825890447497,13.664573604643213,PJ,CZ
"Kasejovice,Podhůří,rozc.0.5",49.46758860471692,13.665474704763943,PJ,CZ
"Kasejovice,Polánka",49.45365310458616,13.726875604720336,PJ,CZ
"Kasejovice,Polánka",49.4536578042125,13.72673470455647,PJ,CZ
"Kasejovice,Řesanice",49.44033390468454,13.712283104681775,PJ,CZ
"Kasejovice,Újezd,rozcestí",49.475773104375676,13.751251405785505,PJ,CZ
"Kasejovice,Újezd,záv.",49.4732756045406,13.757420605358316,PJ,CZ
Kašperské Hory,49.14343170426876,13.555043904376511,KT,CZ
"Kašperské Hory,Cikánka",49.14612080438134,13.569558904649595,KT,CZ
"Kašperské Hory,Cikánka",49.14608360440996,13.569369705443071,KT,CZ
"Nicov,,Domky",49.1437331045181,13.596865004960991,PT,CZ
"Kašperské Hory,Chlum",49.1370550046458,13.586641905614142,KT,CZ
"Kašperské Hory,Chlum",49.13702030411694,13.586156105130035,KT,CZ
"Kašperské Hory,Tuškov",49.16002940409306,13.539828905117064,KT,CZ
"Kašperské Hory,Žlíbek,rozc.0.5",49.15733470442541,13.582204205384919,KT,CZ
"Kašperské Hory,Žlíbek,rozc.0.5",49.15757220463361,13.582085005471871,KT,CZ
Kaznějov,49.892846704781746,13.383584405309726,PS,CZ
Kaznějov,49.892399205322455,13.384376404519392,PS,CZ
"Kaznějov,,Parlament",49.890793105379,13.392909404630434,PS,CZ
"Kdyně,,sídliště",49.39400030445606,13.037657504021894,DO,CZ
"Kdyně,,sídliště",49.39401000427411,13.037408104073652,DO,CZ
"Kdyně,,žel.st.",49.38401200502655,13.032322004189142,DO,CZ
"Kdyně,,žel.st.",49.383969705081114,13.032040304501603,DO,CZ
"Kdyně,Dobříkov,rozc.0.8",49.371672804896185,13.084238305057923,DO,CZ
"Kdyně,Dobříkov,rozc.0.8",49.371753904765676,13.082398304528635,DO,CZ
"Kdyně,Hluboká",49.37160690425372,13.066029704709791,DO,CZ
"Kdyně,Hluboká",49.37158860469309,13.066641103952543,DO,CZ
"Kdyně,Podzámčí",49.40817500430359,13.037500003925151,DO,CZ
"Kdyně,Pranty",49.37140440435806,13.018487504317056,DO,CZ
"Kdyně,Pranty",49.37147810414154,13.01858670412612,DO,CZ
"Kdyně,Prapořiště",49.384888904649806,13.025625303880782,DO,CZ
"Kdyně,Prapořiště",49.384976904618,13.025586405093382,DO,CZ
"Kdyně,Prapořiště",49.38557390429361,13.025317804567848,DO,CZ
"Kdyně,Smržovice,rozc.0.5",49.36854080485583,13.093449204752897,DO,CZ
"Kdyně,Smržovice,rozc.0.5",49.36848500491587,13.093270804889777,DO,CZ
"Kdyně,Starec",49.384269204705724,13.005161704270133,DO,CZ
"Kdyně,Vítovky",49.361281104162714,13.056047804600778,DO,CZ
Kejnice,49.26776110452504,13.694043904697347,KT,CZ
Kejnice,49.26800280466721,13.694131905335418,KT,CZ
"Kejnice,,rozc.1.5",49.25397530428973,13.690455005457762,KT,CZ
"Kejnice,Karlovce,rozc.0.5",49.27737470444737,13.697101905689246,KT,CZ
"Kejnice,Karlovce,rozc.0.5",49.277174704090214,13.696911104654859,KT,CZ
Klabava,49.75336280527934,13.538580005290587,RO,CZ
Kladruby,49.91299330536332,13.631314705269244,RO,CZ
Kladruby,49.91302810468769,13.631104704725672,RO,CZ
"Kladruby,Hřešihlavy",49.92838500519419,13.618866405500693,RO,CZ
"Kladruby,Hřešihlavy",49.92836560474043,13.618739704840106,RO,CZ
"Kladruby,Třímany",49.94067000491334,13.60778140461322,RO,CZ
"Kladruby,Vítání",49.90447000526347,13.6561583055151,RO,CZ
"Kladruby,Vítání",49.90437000475548,13.655675604814935,RO,CZ
"Kladruby,Vítání",49.90428360534672,13.655951704898557,RO,CZ
"Kladruby,Vítání",49.904293905385764,13.655774705311915,RO,CZ
"Kladruby,Vojenice",49.90381690490106,13.633248904641189,RO,CZ
"Kladruby,Vojenice,rozc.1.1",49.91079690469804,13.642151905175307,RO,CZ
"Kladruby,Vojenice,rozc.1.1",49.91085420524071,13.641953905012727,RO,CZ
"Kladruby,,mlýn",49.73073610511515,12.985601405063033,TC,CZ
"Kladruby,,mlýn",49.730447505171895,12.985389404058509,TC,CZ
"Kladruby,,rozc.",49.7155847051,12.968672204473657,TC,CZ
"Klatovy,,aut.nádr.",49.401366704362246,13.280318304260817,KT,CZ
"Klatovy,,aut.nádr.",49.40137630432589,13.280494605269057,KT,CZ
"Klatovy,,aut.nádr.",49.401225804893905,13.280099804349355,KT,CZ
"Klatovy,,aut.nádr.",49.40129660435923,13.280245204402991,KT,CZ
"Klatovy,,aut.nádr.",49.40130140462523,13.280522405286902,KT,CZ
"Klatovy,,aut.nádr.",49.401290304533084,13.280640304107868,KT,CZ
"Klatovy,,aut.nádr.",49.40114030471373,13.28017010498004,KT,CZ
"Klatovy,,aut.nádr.",49.401157504638235,13.280409105018817,KT,CZ
"Klatovy,,aut.nádr.",49.40096660440194,13.280079805044524,KT,CZ
"Klatovy,,aut.nádr.",49.401107804429294,13.279821405279256,KT,CZ
"Klatovy,,Domažlické předm.",49.39232780496983,13.2759261049037,KT,CZ
"Klatovy,,Domažlické předm.",49.39268500435762,13.27772860545982,KT,CZ
"Klatovy,,Koldinova u Kozaku",49.404962504317695,13.279030304285005,KT,CZ
"Klatovy,,Koldinova u Kozaku",49.405411104404,13.27894580525594,KT,CZ
"Klatovy,,Tylovo nábř.",49.39870670507944,13.288801105142227,KT,CZ
"Klatovy,,Tylovo nábř.",49.398790604883956,13.288700604666035,KT,CZ
"Klatovy,,Tylovo nábř.",49.39888030439033,13.288578604431532,KT,CZ
"Klatovy,,Tylovo nábř.",49.398961404143726,13.288479204392177,KT,CZ
"Klatovy,,nábř.kpt.Nálepky",49.39991780435672,13.287582704391285,KT,CZ
"Klatovy,,nábř.kpt.Nálepky",49.40098950488989,13.284095104893613,KT,CZ
"Klatovy,,Plánická sídl.",49.3952164050506,13.30516810475045,KT,CZ
"Klatovy,,Plánická sídl.",49.39486170414525,13.305128904496822,KT,CZ
"Klatovy,,Plánická u Netrvalů",49.394720004535365,13.297641404156689,KT,CZ
"Klatovy,,Plánická u Netrvalů",49.394761704312735,13.299832805160749,KT,CZ
"Klatovy,,pod nem.",49.401634204819636,13.290758304925452,KT,CZ
"Klatovy,,pod nem.",49.401513105103895,13.291209405205812,KT,CZ
"Klatovy,,Podhůrecká pod stadionem",49.39437000483251,13.28051000428726,KT,CZ
"Klatovy,,Podhůrecká u prodejny",49.398850004817184,13.278310004704002,KT,CZ
"Klatovy,,Podhůrecká u prodejny",49.39954000445562,13.278120004570296,KT,CZ
"Klatovy,,Rozhrání u ACHP",49.40686000491285,13.297957504437157,KT,CZ
"Klatovy,,Rozhrání u ACHP",49.40678860499906,13.298070304679028,KT,CZ
"Klatovy,,Rybníčky",49.3985414043235,13.293380004878609,KT,CZ
"Klatovy,,Rybníčky",49.39779690501001,13.29359310499425,KT,CZ
"Klatovy,,Špalkovský rybník",49.38178060457409,13.308497204366244,KT,CZ
"Klatovy,,Špalkovský rybník",49.3824511042619,13.307435004729541,KT,CZ
"Klatovy,Kydliny,rozc.1.3",49.399116104667385,13.35402530433333,KT,CZ
"Klatovy,Luby,u drůb.záv.",49.38313470451368,13.297270805181634,KT,CZ
"Klatovy,Luby,u drůb.záv.",49.3829592043405,13.29713280549314,KT,CZ
"Klatovy,Luby,u drůbežárny",49.366883604270456,13.301426904950423,KT,CZ
"Klatovy,Luby,u drůbežárny",49.3665106041225,13.30098310449463,KT,CZ
"Klatovy,Luby,u drůbežárny II",49.36164030431625,13.292559705104484,KT,CZ
"Klatovy,Luby,u drůbežárny II",49.36161470481296,13.292356404050373,KT,CZ
"Klatovy,Luby,u pily",49.37306330494087,13.300484204667425,KT,CZ
"Klatovy,Luby,u pily",49.37316390425163,13.300347504638937,KT,CZ
"Klatovy,Luby,u pošty",49.375370804373205,13.300305804325237,KT,CZ
"Klatovy,Luby,u pošty",49.3751989049071,13.300148904385194,KT,CZ
"Klatovy,Luby,záv.Silnice",49.378445304965076,13.299640604068799,KT,CZ
"Klatovy,Luby,záv.Silnice",49.378837204796696,13.299372204171746,KT,CZ
"Klatovy,Otín",49.447486704671896,13.333691904858641,KT,CZ
"Klatovy,Otín",49.447424204635695,13.333865804317075,KT,CZ
"Klatovy,Pihovice,rozc.1.5",49.414614204361726,13.329321704713136,KT,CZ
"Klatovy,Pihovice,rozc.1.5",49.41447500448227,13.329036904770273,KT,CZ
"Klatovy,Sobětice",49.37494860432956,13.316624705479086,KT,CZ
"Klatovy,Sobětice",49.37572060471318,13.315436704089096,KT,CZ
"Klatovy,Střeziměř",49.331792659935644,13.336527867121713,KT,CZ
"Klatovy,Štěpánovice",49.42807060443808,13.285308905317919,KT,CZ
"Klatovy,Štěpánovice",49.427316904996616,13.285598304816919,KT,CZ
"Klatovy,Tajanov",49.402217505032766,13.256091404490544,KT,CZ
"Klatovy,Tajanov",49.402330004880284,13.255803104312088,KT,CZ
"Klatovy,Točník",49.43212420470183,13.313829704943132,KT,CZ
"Klatovy,Točník",49.4336428045985,13.314323604279263,KT,CZ
"Klatovy,Točník,u žel.zast.",49.429086904656536,13.31115080429708,KT,CZ
"Klatovy,Točník,u žel.zast.",49.429161904527305,13.311286105252504,KT,CZ
"Klatovy,Tupadly",49.404357204729536,13.229591105299724,KT,CZ
"Klatovy,Tupadly",49.404520605060625,13.229071904548727,KT,CZ
"Klatovy,Tupadly,dvůr",49.407666404920526,13.22178580489145,KT,CZ
"Klatovy,Věckovice",49.41385000461701,13.202609203972896,KT,CZ
"Klatovy,Věckovice",49.41383060429258,13.202542204543459,KT,CZ
"Klatovy,Vícenice",49.444824704512136,13.296904705110537,KT,CZ
"Klatovy,Vícenice",49.4448456042163,13.297266704280739,KT,CZ
"Klatovy,Vítkovice",49.405472804539045,13.428396104922731,KT,CZ
"Klatovy,Vítkovice",49.40547970442669,13.428527504234594,KT,CZ
"Klenčí pod Čerchovem,,škola",49.436922805085224,12.816918604411775,DO,CZ
"Kolinec,Lukoviště,rozc.1.5",49.32015890439682,13.402283105420915,KT,CZ
"Kolinec,Lukoviště,rozc.1.5",49.3199700046017,13.402231904222171,KT,CZ
"Kolinec,Malonice",49.289862804877686,13.37797000449942,KT,CZ
"Kolinec,Mlázovy",49.313793904678235,13.407839404266625,KT,CZ
"Kolinec,Mlázovy",49.31379030478774,13.407581905206902,KT,CZ
"Kolinec,Střítež,rozc.1.0",49.2958308044936,13.379224205151766,KT,CZ
"Kolinec,Střítež,rozc.1.0",49.29578530482994,13.379438904368158,KT,CZ
"Kolinec,Ujčín",49.28616000418837,13.421601904402614,KT,CZ
"Kolinec,Ujčín,rozc.1.0",49.29340920455303,13.423685005031242,KT,CZ
"Kolinec,Ujčín,rozc.1.0",49.29353170433134,13.423676904787495,KT,CZ
"Kolinec,Vlčkovice",49.3219583048184,13.440856405242947,KT,CZ
"Kolinec,Vlčkovice",49.32148780439242,13.439930605558626,KT,CZ
Koloveč,49.48809860461633,13.109244204721138,DO,CZ
Koloveč,49.48805690460295,13.109419704750735,DO,CZ
"Koloveč,,škola",49.48797500460887,13.112060004316286,DO,CZ
"Koloveč,,škola",49.48785800453033,13.112128005196558,DO,CZ
"Koloveč,,u pletáren",49.484719404303654,13.111995804998784,DO,CZ
"Koloveč,,u pletáren",49.48457830443673,13.11209750436821,DO,CZ
"Koloveč,Zichov",49.48548030509564,13.139764405019152,DO,CZ
"Koloveč,Zichov",49.48542310441534,13.139813104260572,DO,CZ
"Konstantinovy Lázně,,aut.st.",49.884500005041964,12.975810004055324,TC,CZ
"Konstantinovy Lázně,,kamenolom",49.87246610480065,12.97627140405044,TC,CZ
"Konstantinovy Lázně,,kamenolom",49.872449705449746,12.97621390477289,TC,CZ
"Konstantinovy Lázně,Břetislav,rozc.",49.87962580507,12.972515004944391,TC,CZ
"Konstantinovy Lázně,Břetislav,rozc.",49.87969110527695,12.972426404233527,TC,CZ
"Konstantinovy Lázně,Nová Ves",49.88962390472806,12.985895003865073,TC,CZ
"Konstantinovy Lázně,Nová Ves",49.889562805183985,12.985809204471458,TC,CZ
"Konstantinovy Lázně,Okrouhlé Hrad.",49.86605420451913,12.993324204296217,TC,CZ
"Konstantinovy Lázně,Okrouhlé Hrad.",49.865966404916485,12.993131103749935,TC,CZ
"Konstantinovy Lázně,Okrouhlé Hrad.,r.",49.86873220466832,13.004300804522519,TC,CZ
"Konstantinovy Lázně,Okrouhlé Hrad.,r.",49.868754404731085,13.004237804448541,TC,CZ
"Konstantinovy Lázně,Poloučany",49.875878104695985,12.99911170467526,TC,CZ
"Konstantinovy Lázně,Poloučany",49.87584330525267,12.999086104274685,TC,CZ
Kopidlo,49.94257890456721,13.46377220468966,PS,CZ
Kopidlo,49.94269890497506,13.463914204568976,PS,CZ
Koryta,49.900661705315514,13.47501140447799,PS,CZ
Koryta,49.900605305436336,13.475362805323446,PS,CZ
Kostelec,49.67431890491124,13.025598604113926,TC,CZ
Kostelec,49.67425810457485,13.025483104688387,TC,CZ
"Kozojedy,Robčice",49.90145360461108,13.534218305701014,PS,CZ
"Bohy,,Rohy",49.94292530510233,13.563021704995565,PS,CZ
"Bohy,,Rohy",49.94272610525615,13.562938304790402,PS,CZ
Kozolupy,49.765064704563954,13.247608604771113,PS,CZ
Kozolupy,49.76493310475944,13.247568305141879,PS,CZ
"Kozolupy,,I",49.76494420483242,13.249100005026495,PS,CZ
"Kozolupy,,I",49.764955604663776,13.249203305173365,PS,CZ
"Kozolupy,,u Jána",49.763399204714595,13.256220304500786,PS,CZ
"Kozolupy,,u Jána",49.76285580465377,13.259635804540997,PS,CZ
"Kozolupy,,ZŠ",49.76451250494924,13.246479704226067,PS,CZ
"Kozolupy,,ZŠ",49.76448310456488,13.246560004565866,PS,CZ
"Kožlany,,u školy",49.994960004624694,13.546775805272203,PS,CZ
"Kožlany,,u školy",49.994793104687346,13.545286704811309,PS,CZ
"Kožlany,,u váhy",49.993425805404215,13.535109204341623,PS,CZ
"Kožlany,,u váhy",49.993390804844765,13.536802505019677,PS,CZ
"Kožlany,,žel.st.",49.99157720481805,13.524509705487265,PS,CZ
"Kožlany,,žel.st.",49.992769404703,13.531633605702428,PS,CZ
"Kožlany,Buček",49.95236140458368,13.524897204386415,PS,CZ
"Kožlany,Buček",49.95247110456272,13.524929705216158,PS,CZ
"Kožlany,Buček",49.95225810462866,13.524802505458188,PS,CZ
"Kožlany,Buček,rozc.1.0",49.956198605153176,13.506396404982855,PS,CZ
"Kožlany,Buček,rozc.1.0",49.95608720506684,13.506266105129068,PS,CZ
"Kožlany,Dřevec",49.97064080498167,13.539412505134994,PS,CZ
"Kožlany,Hedčany",49.98699330494644,13.573091704643444,PS,CZ
"Kožlany,Hedčany",49.987022804716055,13.572923304598268,PS,CZ
"Kožlany,Hedčany,rozc.0.3",49.985792205151334,13.569149205557482,PS,CZ
"Kožlany,Hedčany,rozc.0.3",49.98574500504976,13.56912080491565,PS,CZ
"Kožlany,Hedčany,rozc.0.3",49.98558720522476,13.568950604512276,PS,CZ
"Kožlany,Hedčany,rozc.0.3",49.98558810476516,13.56891720493446,PS,CZ
"Kožlany,Hodyně",49.96093170469029,13.531182805227468,PS,CZ
"Kožlany,Hodyně",49.96083500464245,13.531229704983055,PS,CZ
Kralovice,49.98061920527557,13.48552810513226,PS,CZ
Kralovice,49.98087440538916,13.485683605091841,PS,CZ
Kralovice,49.981005604593605,13.485839204801099,PS,CZ
Kralovice,49.981121105254324,13.485941104624244,PS,CZ
Kralovice,49.981191705242956,13.486013604677249,PS,CZ
Kralovice,49.98121920460914,13.486623605264446,PS,CZ
"Kralovice,,cihelna",49.97346220460956,13.50560670537849,PS,CZ
Křenice,49.502567204783574,13.199494204495398,KT,CZ
Křenice,49.50263190466312,13.199424404804782,KT,CZ
"Křenice,Kámen",49.494600604540054,13.213249704793741,KT,CZ
"Křenice,Kámen",49.494577804591145,13.21329940531301,KT,CZ
"Křenice,Kámen,rozc.0.8",49.49039310493682,13.217725304370479,KT,CZ
"Křenice,Kámen,rozc.0.8",49.49040780499531,13.218005604117517,KT,CZ
"Křenice,Kámen,rozc.0.8",49.49020500458922,13.217751904588583,KT,CZ
"Křenice,Přetín",49.496655004360605,13.188071704331788,KT,CZ
Křenovy,49.539578304786424,13.022963304361793,DO,CZ
Křenovy,49.53932640491652,13.022397804598844,DO,CZ
"Křivoklát,,žel.zast.",50.03791330520311,13.870545604789374,RA,CZ
"Křivoklát,,žel.zast.",50.036800305049475,13.870427504980293,RA,CZ
"Křivoklát,,škola",50.031094205316606,13.866178905826365,RA,CZ
"Křivoklát,,škola",50.031049405427936,13.866028605207319,RA,CZ
Kšice,49.80160280449534,12.997718604145808,TC,CZ
Kšice,49.80165470454931,12.997600603932852,TC,CZ
"Kšice,Lomnička,rozc.",49.816251704598976,13.021743104439897,TC,CZ
Kunějovice,49.86212030531599,13.23746250397524,PS,CZ
Kunějovice,49.86139140506158,13.236417204424813,PS,CZ
"Kunějovice,,rozc.1.0",49.8640039049042,13.2493356046703,PS,CZ
"Kunějovice,,rozc.1.0",49.86394500485623,13.249469704372485,PS,CZ
"Kunějovice,,rozc.1.0",49.863932204908906,13.24923610520086,PS,CZ
Kvášňovice,49.413143104208714,13.64202780474384,KT,CZ
"Kvíčovice,,I",49.589693904805145,13.077728304966474,PJ,CZ
"Kvíčovice,,I",49.58966170505642,13.077762803780873,PJ,CZ
"Kvíčovice,,II",49.59026690460427,13.072127805237844,PJ,CZ
"Kvíčovice,,II",49.590191104875395,13.071941104202184,PJ,CZ
Kvilda,49.01821000464252,13.579540604720126,PT,CZ
Kvilda,49.01809470436693,13.579497204733386,PT,CZ
"Kvilda,,Bučina",48.97122280468572,13.596972804881897,PT,CZ
"Kvilda,,Bučina",48.97127170396628,13.596921105366276,PT,CZ
"Kvilda,,most",49.02274610392597,13.581147805185877,PT,CZ
"Kvilda,,most",49.0224950041471,13.581097505593673,PT,CZ
"Kvilda,,park.u Jezerní slatě",49.03936690460977,13.578290304272818,PT,CZ
"Kvilda,,Horská Kvilda rozc.3.0",49.03675190391312,13.578200604668845,PT,CZ
"Kvilda,,Horská Kvilda rozc.3.0",49.03673890409088,13.578262204704322,PT,CZ
"Horská Kvilda,,u hotelu",49.05772170454533,13.558176904757019,KT,CZ
"Horská Kvilda,,u hotelu",49.057698904751156,13.558079405299958,KT,CZ
"Horská Kvilda,,u prodejny",49.054654704131686,13.56318530457346,KT,CZ
"Horská Kvilda,,u prodejny",49.05460920408518,13.563150304677462,KT,CZ
"Horská Kvilda,,u Vydřího Mostu",49.051375803943216,13.571395805337563,KT,CZ
"Letiny,Svárkov",49.51951970438508,13.46815580480633,PJ,CZ
Letkov,49.72982000443171,13.461960004730392,PM,CZ
Letkov,49.729910004590515,13.46267000556443,PM,CZ
Lhota pod Radčem,49.82732690498394,13.711148904640277,RO,CZ
Lhota pod Radčem,49.82722530468873,13.710895004600076,RO,CZ
"Lhota pod Radčem,,u mlýna",49.83261580480505,13.725854704800488,RO,CZ
"Lhota pod Radčem,,u mlýna",49.832626704720234,13.726065005142269,RO,CZ
"Plzeň,,Pod Dubovkou",49.694900005028344,13.321540605269815,PM,CZ
"Plzeň,,Pod Dubovkou",49.694986904878405,13.321672505392396,PM,CZ
"Plzeň,,Chaty Lhota",49.70110280453021,13.327182205207745,PM,CZ
"Plzeň,,Chaty Lhota",49.70117390485747,13.3272950042818,PM,CZ
"Plzeň,,Náves Lhota",49.690720604847,13.32104970540602,PM,CZ
"Plzeň,,Náves Lhota",49.69063890487967,13.320915004510065,PM,CZ
Lhotka u Radnic,49.88980030470555,13.581361405205591,RO,CZ
"Lhotka u Radnic,,rozc.1.0",49.890256404869824,13.566275005656342,RO,CZ
"Lhotka u Radnic,,rozc.1.0",49.890135305185446,13.566097804844228,RO,CZ
Lhůta,49.701220004992905,13.528840004849597,PM,CZ
Libkov,49.366817804225064,13.13423310512956,DO,CZ
Libkov,49.366669404334054,13.133857504614841,DO,CZ
Liblín,49.916813104494814,13.54278610462708,RO,CZ
Liblín,49.916729205214644,13.542766905328554,RO,CZ
"Liblín,Horní Liblín",49.91406530518721,13.552026704660184,RO,CZ
Líně,49.69580720493952,13.258910604013844,PS,CZ
Líně,49.695269405196775,13.257569404323323,PS,CZ
"Líně,,sídliště",49.69080810456949,13.261640804627294,PS,CZ
"Líně,Sulkov",49.70682310475801,13.278070604348075,PS,CZ
"Líně,Sulkov",49.70607360454194,13.276783104972163,PS,CZ
Líšina,49.60374830500723,13.164359204251026,PJ,CZ
Líšina,49.60351530456937,13.164301704311665,PJ,CZ
Líšná,49.88413890486963,13.804351104891605,RO,CZ
Líšťany,49.83012140501993,13.181742504500345,PS,CZ
"Líšťany,,Žebrácký potok",49.81076390523256,13.131552204879016,PS,CZ
"Líšťany,,Žebrácký potok",49.810735304671404,13.13156310411442,PS,CZ
"Líšťany,Hunčice",49.83449110512052,13.20423530530098,PS,CZ
"Líšťany,Hunčice",49.83459390502732,13.204007204875365,PS,CZ
"Líšťany,Hunčice,rozc.",49.83822560526791,13.212566904960665,PS,CZ
"Líšťany,Hunčice,rozc.",49.83752580487923,13.21373920451737,PS,CZ
"Líšťany,Hunčice,rozc.",49.83842530500996,13.21379250476139,PS,CZ
"Líšťany,Lipno",49.80993640477079,13.17244750463626,PS,CZ
"Líšťany,Lipno",49.80982640498498,13.172380605187957,PS,CZ
"Líšťany,Luhov",49.81483890488389,13.14391190526007,PS,CZ
"Líšťany,Náklov,rozc.",49.83413190475476,13.17039940429954,PS,CZ
"Lužany,Dlouhá Louka",49.54136860451963,13.283815605210405,PJ,CZ
"Lužany,Zelená Hora,rozc.0.5",49.54350420509494,13.335404205001113,PJ,CZ
"Lužany,Zelená Hora,rozc.0.5",49.543515604722614,13.335464404089782,PJ,CZ
"Lužany,Zelené,rozc.0.5",49.53704940511001,13.342916404865324,PJ,CZ
"Lužany,Zelené,rozc.0.5",49.53716580471045,13.342838604308646,PJ,CZ
Luženičky,49.45882280493422,12.897825604473175,DO,CZ
Luženičky,49.4588222043141,12.89757360478896,DO,CZ
"Luženičky,Luženice",49.464715804631204,12.891579703879676,DO,CZ
"Luženičky,Luženice",49.464668604428574,12.89174890509804,DO,CZ
"Plzeň,,Malesice",49.77064140458762,13.298247504626948,PM,CZ
"Plzeň,,Malesice",49.7704111049012,13.297743304907822,PM,CZ
"Blatno,Malměřice",50.116118904773366,13.385855605458664,LN,CZ
"Blatno,Malměřice",50.11606640474073,13.38580580427052,LN,CZ
Malý Bor,49.33070920490436,13.650688604950282,KT,CZ
Malý Bor,49.33084560488679,13.650547805573101,KT,CZ
"Malý Bor,Hliněný Újezd",49.30667440443301,13.648660804484303,KT,CZ
"Malý Bor,Hliněný Újezd",49.30667060409515,13.648525005121874,KT,CZ
"Malý Bor,Malé Hydčice,rozc.1.0",49.30548220443609,13.661767505261903,KT,CZ
"Malý Bor,Malé Hydčice,rozc.1.0",49.306002204228925,13.662580605004159,KT,CZ
"Malý Bor,Týnec",49.31332190436804,13.660898105479452,KT,CZ
"Malý Bor,Týnec",49.313399404926265,13.661100805171406,KT,CZ
"Malý Bor,Týnec,rozc.1.0",49.314842504608826,13.671096105443493,KT,CZ
"Malý Bor,Týnec,rozc.1.0",49.314739404769675,13.670905804379348,KT,CZ
"Manětín,,nám.",49.991668105216405,13.231063904496308,PS,CZ
"Manětín,,nám.",49.992182504695556,13.233493104813473,PS,CZ
"Manětín,Brdo,rozc.1.0",50.006106105285404,13.247602204892901,PS,CZ
"Manětín,Česká Doubravice,rozc.",49.97577390498131,13.271696405238812,PS,CZ
"Manětín,Hrádek,rozc.1.0",50.0110436047497,13.248611905254016,PS,CZ
"Manětín,Luková",50.015842504681316,13.159250004414664,PS,CZ
"Manětín,Luková",50.015874404938266,13.159232504142988,PS,CZ
"Manětín,Mezí",50.00507030503105,13.15799720400981,PS,CZ
"Manětín,Mezí",50.00507280522809,13.157872503874998,PS,CZ
"Manětín,Rabštejn nad Střelou",50.04198830494904,13.289213604644269,PS,CZ
"Manětín,Rabštejn nad Střelou",50.0419306048424,13.289271405197786,PS,CZ
"Manětín,Stvolny",50.033228605068715,13.252948904243897,PS,CZ
"Manětín,Stvolny",50.0332700053871,13.252947504844757,PS,CZ
"Manětín,Stvolny,rozc.",50.03008610494398,13.255345005335554,PS,CZ
"Meclov,Mašovice",49.51488920483353,12.898961404795388,DO,CZ
"Meclov,Mašovice",49.514806104982185,12.898979203650063,DO,CZ
"Meclov,Mašovice,rozc.1.4",49.510183904274804,12.900492203981152,DO,CZ
"Meclov,Mašovice,rozc.1.4",49.51091440488531,12.902027803973445,DO,CZ
"Meclov,Mračnice",49.49883720499509,12.9000428046976,DO,CZ
"Meclov,Mračnice",49.49875970463403,12.900105804666204,DO,CZ
"Meclov,Němčice",49.49182330480105,12.915333604566413,DO,CZ
"Meclov,Němčice",49.49189310457289,12.915460804183706,DO,CZ
"Meclov,Třebnice",49.479943304853826,12.930005304947194,DO,CZ
"Meclov,Třebnice",49.47986500488762,12.929879203776203,DO,CZ
"Meclov,Třebnice,rozc.0.6",49.477951904895,12.937633103694447,DO,CZ
"Meclov,Třebnice,rozc.0.6",49.4782911044233,12.93792000512478,DO,CZ
"Měčín,,náves",49.47896420460419,13.40561610423258,KT,CZ
"Měčín,,náves",49.47877720434324,13.405833105503486,KT,CZ
"Měčín,,u školy",49.48116030434593,13.40601110481792,KT,CZ
"Měčín,,u školy",49.48111720452212,13.406159204206311,KT,CZ
"Měčín,Bíluky",49.46846530456048,13.420576104443747,KT,CZ
"Měčín,Bíluky",49.46860080501149,13.42047310538725,KT,CZ
"Měčín,Hráz",49.477038604707936,13.347330004523313,KT,CZ
"Měčín,Hráz",49.47716060427859,13.347522805210701,KT,CZ
"Měčín,Nedanice",49.467859204335255,13.385894405140933,KT,CZ
"Měčín,Nedanice",49.467733104931156,13.385969204654968,KT,CZ
"Měčín,Nedaničky",49.46463420448074,13.375606105161557,KT,CZ
"Měčín,Nedaničky",49.46467750486083,13.375524404245885,KT,CZ
"Měčín,Nedaničky,rozc.0.3",49.467256104960306,13.379957204195486,KT,CZ
"Měčín,Nedaničky,rozc.0.3",49.46725610434657,13.380072204836562,KT,CZ
"Měčín,Petrovice",49.453978904360156,13.426371905604654,KT,CZ
"Měčín,Petrovice",49.45373940473021,13.42609440523379,KT,CZ
"Měčín,Radkovice",49.48754530478356,13.444951404714997,KT,CZ
"Měčín,Třebýcina",49.46954810448695,13.354067804982497,KT,CZ
"Měčín,Třebýcina",49.46968830449535,13.35397170526272,KT,CZ
"Medový Újezd,,hor.",49.76862720493751,13.720369205208687,RO,CZ
"Mýto,,rozc.Medový Újezd",49.7818139052322,13.712704705364857,RO,CZ
"Mýto,,rozc.Medový Újezd",49.781883104873664,13.712647204971665,RO,CZ
"Medový Újezd,,u pomníku",49.77429440455824,13.718199204744241,RO,CZ
"Medový Újezd,,u pomníku",49.77430220453953,13.718073904780942,RO,CZ
Měcholupy,49.51884830442993,13.533158304907772,PJ,CZ
Měcholupy,49.51911110417251,13.5327011043945,PJ,CZ
Merklín,49.561486704861416,13.19743080431052,PJ,CZ
Merklín,49.5603367044388,13.19746970539344,PJ,CZ
Merklín,49.56031390470559,13.197669704932302,PJ,CZ
"Merklín,,rozc.1.4",49.55587360430911,13.211497804396524,PJ,CZ
"Merklín,,rozc.1.4",49.55581000428009,13.211618604177644,PJ,CZ
"Milavče,Radonice,rozc.0.7",49.456356104276786,12.990993604360515,DO,CZ
"Milavče,Radonice,rozc.0.7",49.456455004758276,12.990932803831658,DO,CZ
Mileč,49.46949860494249,13.604168605503101,PJ,CZ
Mileč,49.46928330499837,13.604124405191614,PJ,CZ
"Mileč,Bezděkovec",49.46497080487588,13.63911500494846,PJ,CZ
"Mileč,Maňovice",49.453632204452056,13.598584205223654,PJ,CZ
"Mileč,Maňovice",49.45344280437381,13.598623104845434,PJ,CZ
"Mileč,Maňovice,rozc.1.0",49.45503140433738,13.608709405550806,PJ,CZ
"Mileč,Maňovice,rozc.1.0",49.45503670470405,13.608856904952876,PJ,CZ
"Mileč,Záhoří",49.461459704151856,13.616689204612412,PJ,CZ
"Mileč,Záhoří",49.4614244042988,13.616528104771755,PJ,CZ
"Mileč,Želvice",49.467564404561635,13.629064704854068,PJ,CZ
"Mileč,Želvice",49.4675122044222,13.629095605356687,PJ,CZ
"Mileč,Želvice,rozc.",49.467547204412135,13.6237714057104,PJ,CZ
"Mileč,Želvice,rozc.",49.46748000435625,13.623664205303433,PJ,CZ
Milínov,49.64372060502231,13.564167505627344,PJ,CZ
Milínov,49.64359030466434,13.564140604626209,PJ,CZ
Milíře,49.79684970485232,12.550505304555069,TC,CZ
Milíře,49.796480005131485,12.550195603310362,TC,CZ
"Milíře,,háj.",49.78548810516409,12.534931404257012,TC,CZ
"Milíře,,háj.",49.785409204786234,12.534903103682355,TC,CZ
"Milíře,Zadní Milíře",49.78043640475676,12.5357200044061,TC,CZ
Mirošov,49.68715000502595,13.660560804510032,RO,CZ
Mirošov,49.68700940505089,13.660510804863753,RO,CZ
"Mirošov,,U Nádraží",49.701921404762814,13.667950304559161,RO,CZ
"Mirošov,,Kamínky",49.684750004871646,13.639542505724375,RO,CZ
"Mirošov,,Kamínky",49.684747505208335,13.639598605052056,RO,CZ
"Mirošov,,Kamýky",49.67796500436585,13.631500805153053,RO,CZ
"Mirošov,,Kamýky",49.67796500482418,13.631554405735557,RO,CZ
"Mirošov,,na Čtrnáctce",49.70032310457304,13.65213250581057,RO,CZ
"Mirošov,,na Čtrnáctce",49.700210004754375,13.651969205365118,RO,CZ
"Mirošov,,nad roklí",49.6866686047823,13.650272505680771,RO,CZ
"Mirošov,,nad roklí",49.68658000514889,13.650328604732886,RO,CZ
"Mirošov,,Spojovací",49.68768670480192,13.667533105643214,RO,CZ
"Mirošov,,Spojovací",49.68762440459185,13.667663604500673,RO,CZ
"Mirošov,,u mostu",49.6956347050035,13.667165304965737,RO,CZ
"Mirošov,,ZD",49.69294140500978,13.656034704660525,RO,CZ
"Mirošov,,ZD",49.69280250457859,13.656042804789754,RO,CZ
"Mirošov,Janov,rozc.0.6",49.705313604679304,13.65632690580511,RO,CZ
"Mirošov,Janov,rozc.0.6",49.705322204823354,13.656239405535723,RO,CZ
"Mirošov,Myť,rozc.0.7",49.68223190518115,13.681548605175154,RO,CZ
"Mirošov,Myť,rozc.0.7",49.68218420497903,13.681595604833369,RO,CZ
"Mirošov,Myť,u vodojemu",49.675819704543585,13.66552060545159,RO,CZ
"Mladý Smolivec,Dožice,rozc.2.0",49.5105158046901,13.730248305374523,PJ,CZ
"Mladý Smolivec,Radošice",49.53662420470603,13.725130805732224,PJ,CZ
"Mladý Smolivec,Radošice",49.53681670498439,13.725176404677484,PJ,CZ
"Mladý Smolivec,Radošice",49.53720670501466,13.72517780541442,PJ,CZ
"Mladý Smolivec,Radošice",49.537200604582054,13.725391105134682,PJ,CZ
"Mladý Smolivec,Starý Smolivec",49.523724404932544,13.747969705006165,PJ,CZ
"Mladý Smolivec,Starý Smolivec",49.52377280493848,13.748073105730723,PJ,CZ
"Mladý Smolivec,Starý Smolivec,I",49.527445604932645,13.751149705206364,PJ,CZ
"Mladý Smolivec,Starý Smolivec,I",49.52755280475849,13.751365605358172,PJ,CZ
"Mladý Smolivec,Starý Smolivec,II",49.528605804499136,13.751486105151411,PJ,CZ
"Mladý Smolivec,Starý Smolivec,II",49.528805304629984,13.75146190509412,PJ,CZ
"Mladý Smolivec,Starý Smolivec,II",49.52886360419836,13.751916704785861,PJ,CZ
Mlečice,49.92017080522171,13.695477805577257,RO,CZ
Mlečice,49.9201650045215,13.695265605077836,RO,CZ
"Mlečice,,ZŠ",49.92191580485253,13.695975805079765,RO,CZ
"Mlečice,,ZŠ",49.92184110466777,13.696031105559417,RO,CZ
"Mlečice,Prašný Újezd",49.91377360528565,13.661656404578283,RO,CZ
"Mlečice,Prašný Újezd",49.91376310526074,13.661432204445141,RO,CZ
"Mlečice,Skoupý",49.907027504957604,13.663187804942078,RO,CZ
"Mlečice,Skoupý",49.90709970463108,13.6631242058222,RO,CZ
Mlýnské Struhadlo,49.432108604119335,13.46962560436945,KT,CZ
Mnichov,49.497014405093424,12.76488140472369,DO,CZ
Mnichov,49.49691860479742,12.76466940401544,DO,CZ
"Mnichov,Pivoň",49.483506704503,12.736303904440142,DO,CZ
"Mnichov,Pivoň",49.48368810460485,12.736392803696054,DO,CZ
"Mnichov,Vranov",49.478340004489205,12.736039204520301,DO,CZ
Močerady,49.51815810449141,13.074775304885218,DO,CZ
Močerady,49.518160005175886,13.07455810503837,DO,CZ
Modrava,49.025219404279675,13.49856310453594,KT,CZ
Modrava,49.02446440438193,13.498533105385095,KT,CZ
"Modrava,Filipova Huť",49.029410304194144,13.519589705144753,KT,CZ
"Modrava,Filipova Huť",49.029453604720196,13.519840804849917,KT,CZ
Mohelnice,49.48049190443481,13.640920304579902,PJ,CZ
"Mochtín,,náves",49.36040420424264,13.35718170496107,KT,CZ
"Mochtín,,u prodejny",49.360834204888334,13.3536183045983,KT,CZ
"Mochtín,Bystré",49.35637060415575,13.39912190436575,KT,CZ
"Mochtín,Bystré",49.35584360478872,13.400252504222095,KT,CZ
"Mochtín,Hoštice",49.37337250413903,13.365876704575433,KT,CZ
"Mochtín,Hoštice",49.37352170465753,13.366085304712852,KT,CZ
"Mochtín,Hoštice",49.3736581044707,13.365705604208861,KT,CZ
"Mochtín,Hoštičky",49.3777850043481,13.372583105501512,KT,CZ
"Mochtín,Kocourov",49.35950190464041,13.383273604422518,KT,CZ
"Mrákov,Tisová,lom",49.4053639043126,12.97227280441308,DO,CZ
Mrtník,49.895413305207406,13.310781104412124,PS,CZ
Mrtník,49.89549170467634,13.31087000424433,PS,CZ
"Mrtník,,I",49.89514390467599,13.307968904565987,PS,CZ
"Mrtník,,I",49.8951836050423,13.308017205067257,PS,CZ
"Mrtník,,rozc.",49.88877780492398,13.300773105155944,PS,CZ
"Mutěnín,,I",49.54604580455857,12.754870604912998,DO,CZ
"Mutěnín,,II",49.544961404899325,12.744776404263375,DO,CZ
"Mutěnín,,II",49.54497080500957,12.744529703503666,DO,CZ
"Mutěnín,,žel.zast.",49.5453914043147,12.772581104185905,DO,CZ
"Mutěnín,,žel.zast.",49.54539140517013,12.772672504157178,DO,CZ
"Mutěnín,Ostrov",49.54200110515652,12.710989704199058,DO,CZ
"Mutěnín,Starý Kramolín",49.5543586051206,12.741211903873213,DO,CZ
Myslinka,49.74852530492859,13.218881904445821,PS,CZ
Myslív,49.41406690462655,13.570813605010613,KT,CZ
Myslív,49.41403030487679,13.57094580448222,KT,CZ
Myslív,49.41739780448025,13.573966904369144,KT,CZ
Myslív,49.41746420495112,13.574005804289063,KT,CZ
"Myslív,,Draha",49.422429204869225,13.574063304754386,KT,CZ
"Myslív,,Draha",49.422789404233455,13.57433560477716,KT,CZ
"Myslív,,sokolovna",49.41527690438907,13.572863904934817,KT,CZ
"Myslív,,sokolovna",49.41521860430327,13.572825005357785,KT,CZ
"Myslív,,St.rybářství",49.4067989049309,13.585452804252455,KT,CZ
"Myslív,,St.rybářství",49.40670970475111,13.58551720448067,KT,CZ
"Myslív,Loužná",49.396861104442976,13.567856905459276,KT,CZ
"Myslív,Loužná,rozc.2.0",49.40610720447682,13.58012560493352,KT,CZ
"Myslív,,Loužná,rozc.2.0",49.406052504561266,13.580075604907991,KT,CZ
"Myslív,Milčice",49.407675804887795,13.60562310490778,KT,CZ
"Myslív,Milčice",49.40759440422132,13.60541000470923,KT,CZ
Myslovice,49.40723190431898,13.387864704368134,KT,CZ
Myslovice,49.40713500485234,13.387682205131274,KT,CZ
"Mýto,,nám.",49.78828940473304,13.73294280482696,RO,CZ
"Mýto,,rozc.k žel.st.",49.78406330443934,13.74323280531138,RO,CZ
"Mýto,,rozc.k žel.st.",49.78400500479833,13.743291905628437,RO,CZ
"Mýto,,rozc.ke hřbitovu",49.798624204469355,13.749569205202592,RO,CZ
"Mýto,,rozc.ke hřbitovu",49.79858170499221,13.749321105119218,RO,CZ
"Mýto,,ZŠ",49.78773190451599,13.729210305097476,RO,CZ
"Mýto,,ZŠ",49.78749610466936,13.72773560450436,RO,CZ
Nadryby,49.820630004578,13.524350005560876,PS,CZ
Nalžovské Hory,49.33144750453093,13.546683604761103,KT,CZ
Nalžovské Hory,49.33154190446185,13.547187804328605,KT,CZ
Nehodiv,49.4108917042821,13.557795004538086,KT,CZ
Nehodiv,49.410703604243295,13.557738105718139,KT,CZ
Nekmíř,49.85658690499613,13.26153670483946,PS,CZ
"Nekmíř,Lhotka",49.87280690475523,13.246634705053607,PS,CZ
"Nekmíř,Lhotka",49.872749704787715,13.246680304152532,PS,CZ
Nekvasovy,49.43588080437978,13.623127804666572,PJ,CZ
Nekvasovy,49.435765604325326,13.623330305010674,PJ,CZ
"Nemanice,,I",49.43550750424351,12.719619704040099,DO,CZ
"Nemanice,,I",49.435503904688545,12.719658604255786,DO,CZ
"Nemanice,,II",49.438750604616736,12.721718604482204,DO,CZ
"Nemanice,,II",49.4388378048037,12.72185420357756,DO,CZ
"Nemanice,Novosedelské Hutě",49.44887110480908,12.725720603794231,DO,CZ
Němčice,49.42510170503983,13.075854403894592,DO,CZ
Němčice,49.425124404272125,13.075827804821518,DO,CZ
"Němčice,Úlíkov,rozcestí",49.421282804537825,13.063683905197804,DO,CZ
Němčovice,49.87765470509746,13.573595804641792,RO,CZ
Němčovice,49.877578605249965,13.573552805272088,RO,CZ
"Němčovice,,rozc.1.0",49.8743481051048,13.590616905119244,RO,CZ
"Němčovice,,rozc.1.0",49.87431390519657,13.590477505173316,RO,CZ
"Němčovice,Olešná",49.87780190490714,13.551884204419443,RO,CZ
"Němčovice,,Pařezová",49.877479204548976,13.566500004885278,RO,CZ
"Němčovice,,Pařezová",49.87700890509129,13.56650810491868,RO,CZ
"Nepomuk,,město",49.48589500418554,13.58239500465451,PJ,CZ
"Nepomuk,,město",49.48532400467634,13.581265004575132,PJ,CZ
"Nepomuk,,obora",49.496217804735764,13.601310605114893,PJ,CZ
"Nepomuk,,sídliště",49.490728604915404,13.591004205353324,PJ,CZ
"Nepomuk,,sídliště",49.490235604296004,13.589450005048912,PJ,CZ
"Nepomuk,,ZŠ",49.485549704850385,13.587426105013062,PJ,CZ
"Nepomuk,,u hřiště",49.484757804770396,13.586067804468454,PJ,CZ
"Nepomuk,,u hřiště",49.48423580445467,13.585898605201962,PJ,CZ
"Nepomuk,,žel.st.",49.4979090049948,13.607730005591273,PJ,CZ
"Nepomuk,,žel.st.",49.49770200502529,13.608320004419234,PJ,CZ
"Nepomuk,,žel.st.",49.49757000454416,13.608373004993807,PJ,CZ
"Nepomuk,,žel.st.",49.49737700466404,13.608402004976796,PJ,CZ
"Nepomuk,,žel.st.",49.49720400491563,13.608456005181765,PJ,CZ
"Nepomuk,,žel.st.",49.49667500434383,13.60836300562268,PJ,CZ
"Klášter,,Borek",49.48589970440306,13.565270804464726,PJ,CZ
"Klášter,,Borek",49.48584810447452,13.565332505104475,PJ,CZ
"Nepomuk,Dvorec",49.5025561043282,13.610911904936984,PJ,CZ
"Nepomuk,Dvorec",49.50258640510258,13.611071405422454,PJ,CZ
"Nepomuk,Dvorec,mlékárna",49.49321940478272,13.611621105289599,PJ,CZ
"Nepomuk,Dvorec,mlékárna",49.493167204223695,13.611678604935486,PJ,CZ
Nezbavětice,49.655435304975654,13.47807000442532,PM,CZ
Nezbavětice,49.65505610499324,13.477592504631208,PM,CZ
"Nezbavětice,,rozc.0.5",49.658341104507244,13.481025805647695,PM,CZ
"Nezbavětice,,rozc.0.5",49.65817970470365,13.481911104544375,PM,CZ
Nezdice,49.53166940483416,13.313254704106143,PJ,CZ
Nezdice na Šumavě,49.173327804346236,13.61226810467014,KT,CZ
Nezdice na Šumavě,49.17333560414705,13.61214080467267,KT,CZ
"Nezdice na Šumavě,,u Žejdlů",49.17541220404058,13.617257504694283,KT,CZ
"Nezdice na Šumavě,,u Žejdlů",49.175465303996084,13.617364704887843,KT,CZ
"Kašperské Hory,České Domky,hrad Kašperk",49.16514030419637,13.582550605250677,KT,CZ
"Kašperské Hory,České Domky,hrad Kašperk",49.16512390436721,13.582406104355705,KT,CZ
"Nezdice na Šumavě,Ostružno",49.17678890434118,13.592639705185588,KT,CZ
"Nezdice na Šumavě,Ostružno",49.17723830406089,13.591538604860618,KT,CZ
"Nezdice na Šumavě,Ostružno,rozc.2.0",49.17106640479229,13.60247560483501,KT,CZ
"Nezdice na Šumavě,Ostružno,rozc.2.0",49.17107440481204,13.60240310459607,KT,CZ
"Nezdice na Šumavě,Ostružno,rozc.2.0",49.17105420469315,13.60219280559289,KT,CZ
"Nezdice na Šumavě,Ostružno,u koupaliště",49.1776294046236,13.583746404296031,KT,CZ
"Nezdice na Šumavě,Ostružno,u koupaliště",49.17765500471474,13.583848604282435,KT,CZ
"Nezdice na Šumavě,Pohorsko",49.16222220419893,13.628586405395488,KT,CZ
Nezdřev,49.42671330461679,13.728653904617993,PJ,CZ
Nezdřev,49.42665440489722,13.72845140469994,PJ,CZ
Nezvěstice,49.63979220495133,13.521253904658957,PM,CZ
Nezvěstice,49.63989030498454,13.52130170525469,PM,CZ
"Nezvěstice,,mosty",49.638400004374965,13.524495004996337,PM,CZ
"Nezvěstice,,pož.zbroj.",49.64096360474929,13.520970604764772,PM,CZ
"Nezvěstice,,pož.zbroj.",49.64092280466636,13.520911405525261,PM,CZ
"Nezvěstice,,Varta Poříčská",49.635436404877154,13.527345004632805,PM,CZ
"Nezvěstice,,Varta Poříčská",49.63550860517942,13.527416904917605,PM,CZ
"Nezvěstice,,žel.st.",49.64199060441012,13.516900304401585,PM,CZ
Nicov,49.124071704460256,13.620246905722395,PT,CZ
Nicov,49.12395560435895,13.620273905164039,PT,CZ
Nová Ves u Kdyně,49.366407204963075,13.04106470434839,DO,CZ
Nová Ves u Kdyně,49.36647560479998,13.040968304569303,DO,CZ
Nové Mitrovice,49.57931220437118,13.683712205353794,PJ,CZ
Nové Mitrovice,49.579668904576074,13.683077805549699,PJ,CZ
"Nové Mitrovice,Mítov,rozc.0.8",49.58660030440037,13.663170605451759,PJ,CZ
"Nové Mitrovice,Mítov,rozc.0.8",49.58657000464131,13.663401105154321,PJ,CZ
"Nýřany,,sídliště",49.71258280518034,13.195806904075255,PS,CZ
"Nýřany,,sídliště",49.71276000485266,13.194610604648664,PS,CZ
"Nýřany,,Staročeské nám.",49.71366890512069,13.214709704268833,PS,CZ
"Nýřany,,Staročeské nám.",49.71376080456704,13.21478470525979,PS,CZ
"Nýřany,Doubrava",49.74550670493301,13.188072804017834,PS,CZ
"Nýřany,Kamenný Újezd",49.72204670512952,13.182406703872612,PS,CZ
"Nýřany,Kamenný Újezd,rozc.",49.71352330445657,13.186629704656799,PS,CZ
"Nýřany,Kamenný Újezd,rozc.",49.71365080461981,13.186464704445196,PS,CZ
"Nýřany,Pankrác",49.72763470470139,13.20775190492356,PS,CZ
"Nýřany,Pankrác",49.727535004937266,13.207706404725512,PS,CZ
"Nýřany,Pankrác,rozc.1.0",49.72691080463911,13.214390605252275,PS,CZ
"Nýřany,Pankrác,rozc.1.0",49.72682250493107,13.21446310480581,PS,CZ
Obora,49.888803105257175,13.410295004661515,PS,CZ
Obora,49.88843860479185,13.41064110455203,PS,CZ
"Obora,,rozc.",49.86561420517349,13.401003904712638,PS,CZ
"Obora,,žel.st.",49.87162310497033,13.403328604208639,PS,CZ
"Obora,,žel.st.",49.87160140451898,13.403368904732773,PS,CZ
Obora,49.814685004683774,12.537112504017578,TC,CZ
"Obora,,mlýn",49.809863904829086,12.553813103783675,TC,CZ
"Obora,,mlýn",49.80985530521258,12.553904404294801,TC,CZ
"Obora,,samoty",49.813193904637544,12.554338603692926,TC,CZ
"Obora,,samoty",49.8132050052079,12.554397803578842,TC,CZ
"Obora,,škola",49.814262204857094,12.54407420335423,TC,CZ
"Obora,,škola",49.81417750494727,12.544126403931264,TC,CZ
"Obora,Dolní Výšina",49.82106580529737,12.547925003422229,TC,CZ
"Obora,Dolní Výšina",49.8210442048563,12.547847203538998,TC,CZ
"Obora,Dolní Výšina,rozc.",49.82669000512698,12.539160003573308,TC,CZ
"Obora,Dolní Výšina,rozc.",49.82663890456342,12.53913970377004,TC,CZ
Obytce,49.39384830479268,13.374229704105844,KT,CZ
Obytce,49.39396860477185,13.374217205302509,KT,CZ
Olbramov,49.84312920454288,12.869521404217132,TC,CZ
Olbramov,49.84315500498025,12.86958030432388,TC,CZ
"Olbramov,,lesní školka",49.83318800491066,12.87410000473618,TC,CZ
"Olbramov,,lesní školka",49.83319500505796,12.873963003615259,TC,CZ
"Olšany,,náves",49.400897804209826,13.62628360571034,KT,CZ
"Olšany,,náves",49.40095470421009,13.626254405836692,KT,CZ
"Olšany,,rozc.0.3",49.400786404738504,13.622215305351775,KT,CZ
"Olšany,rozc.0.3",49.40076890451161,13.622291404406678,KT,CZ
"Olšany,,u Broučků",49.39592360462433,13.61795830440307,KT,CZ
"Olšany,,u Broučků",49.39587110435591,13.618144205084574,KT,CZ
Oplot,49.579693904540925,13.27499360539242,PJ,CZ
Oplot,49.579506104396984,13.275201704734442,PJ,CZ
"Ošelín,Dolní Plezom",49.76115250529785,12.840249404893285,TC,CZ
"Ošelín,Dolní Plezom",49.76113610449943,12.840343304493764,TC,CZ
"Ošelín,Horní Plezom,rozc.",49.76532000512838,12.843596404361271,TC,CZ
"Ošelín,Horní Plezom,rozc.",49.76513280507533,12.843474404021318,TC,CZ
Otěšice,49.54397280468084,13.220668303982913,PJ,CZ
Otěšice,49.54387810457103,13.220708605094742,PJ,CZ
"Otěšice,,rozc.0.8",49.54911110494241,13.226779704895359,PJ,CZ
Otov,49.48653970430762,12.842802504106036,DO,CZ
Otov,49.48658970441343,12.8423956044736,DO,CZ
"Pačejov,Pačejov-nádraží",49.39132500454612,13.621229404512926,KT,CZ
"Pačejov,Pačejov-nádraží",49.391119404966304,13.621152505224963,KT,CZ
"Pačejov,Pačejov-nádraží,u Čadů",49.387722204606625,13.625291904920942,KT,CZ
"Pačejov,Pačejov-nádraží,u Čadů",49.38758190433557,13.625316704585845,KT,CZ
"Pačejov,Pačejov-nádraží,u ÚNZ",49.38783190480815,13.622884704453005,KT,CZ
"Pačejov,Pačejov-nádraží,u ÚNZ",49.38777170447155,13.622818905487708,KT,CZ
"Pačejov,,u školy",49.37158030492016,13.632514405385951,KT,CZ
"Pačejov,,u školy",49.37159330492774,13.632385004481431,KT,CZ
"Pačejov,,ves",49.37390280495262,13.632946105478906,KT,CZ
"Pačejov,,ves",49.37417920441783,13.632924705455416,KT,CZ
"Pačejov,Strážovice",49.38218060499213,13.600501105248933,KT,CZ
"Pačejov,Strážovice",49.38225280442092,13.600426704588383,KT,CZ
"Pačejov,Strážovice,kompr.st.",49.3841581043499,13.584506704686346,KT,CZ
"Pačejov,Strážovice,kompr.st.",49.38417030420477,13.584301404625691,KT,CZ
"Pačejov,Velešice",49.367109204289065,13.628817505274421,KT,CZ
Pařezov,49.47052830433388,12.837995304893647,DO,CZ
Pařezov,49.470589205072194,12.838117204859925,DO,CZ
"Pařezov,,rozc.0.6",49.46605390461127,12.833042503785169,DO,CZ
"Pařezov,,rozc.0.6",49.46616190436971,12.833004704794924,DO,CZ
Pasečnice,49.39462110502215,12.894199204426396,DO,CZ
Pasečnice,49.39447810503931,12.894293104860246,DO,CZ
Pastuchovice,50.06917060514274,13.38533330443975,PS,CZ
Pastuchovice,50.069115604996405,13.385311904140563,PS,CZ
Pec,49.399823605059744,12.832585004764804,DO,CZ
"Pec,,Brusírna",49.406466404291905,12.837579404719303,DO,CZ
"Pec,,Brusírna",49.40648720441607,12.837536404356735,DO,CZ
Pelechy,49.38964640459095,12.914003104823907,DO,CZ
Pelechy,49.389619404994384,12.914099704966908,DO,CZ
Pernarec,49.83923280494496,13.104893604318343,PS,CZ
"Pernarec,,u pošty",49.84220720529278,13.101366105007191,PS,CZ
"Pernarec,,u pošty",49.8423006048273,13.101579404477992,PS,CZ
"Planá,,aut.st.",49.86808970488837,12.745398904846807,TC,CZ
"Planá,,aut.st.",49.86809420535868,12.745715304219905,TC,CZ
"Planá,,Červený mlýn",49.86210360500579,12.718050604045253,TC,CZ
"Planá,,Červený mlýn",49.86211220511967,12.717718104603444,TC,CZ
"Planá,,dílny St.statků",49.873031404728366,12.729591903602772,TC,CZ
"Planá,,dílny St.statků",49.873038305384235,12.729519404348267,TC,CZ
"Planá,,Karlín",49.857459204842606,12.72551500441146,TC,CZ
"Planá,,Luční",49.87384470457959,12.735478304167371,TC,CZ
"Planá,,Luční",49.873906104762185,12.735383103692225,TC,CZ
"Planá,,polesí",49.85341440506336,12.750252504588667,TC,CZ
"Planá,,polesí",49.853376405076304,12.750153304241614,TC,CZ
"Planá,,rozc.k nádr.",49.86551560533001,12.731544704154025,TC,CZ
"Planá,,rozc.k nádr.",49.86540220458681,12.730891704363053,TC,CZ
"Planá,,Sadová",49.866479704649116,12.739253603706487,TC,CZ
"Planá,,Sadová",49.86656110454512,12.739527203687542,TC,CZ
"Planá,,u elektrárny",49.85519190462593,12.731414204886587,TC,CZ
"Planá,,u elektrárny",49.85516940517539,12.731494704557392,TC,CZ
"Planá,,žel.st.",49.8608169049404,12.730795604260718,TC,CZ
"Planá,Caltov,rozc.",49.87125640521491,12.805801704103636,TC,CZ
"Planá,Caltov,rozc.",49.871819205099534,12.80817940386169,TC,CZ
"Planá,Křínov",49.853877805290615,12.815381704826411,TC,CZ
"Planá,Kříženec",49.877648604804754,12.778473104025498,TC,CZ
"Planá,Kříženec,rozc.",49.87160280512472,12.773081104657612,TC,CZ
"Planá,Kříženec,rozc.",49.87154220524144,12.773210004856196,TC,CZ
"Planá,Kříženec,rozc.",49.87153360490451,12.77288000445842,TC,CZ
"Planá,Otín",49.857895005098506,12.793546403664086,TC,CZ
"Planá,Ovčín",49.870550605100696,12.784874204728693,TC,CZ
"Planá,Ovčín",49.870596404640715,12.784828604679419,TC,CZ
"Planá,Pavlovice",49.80909970498846,12.785133304155291,TC,CZ
"Planá,Pavlovice,rozc.",49.83718360459215,12.787696104372177,TC,CZ
"Planá,Pavlovice,rozc.",49.83733940478563,12.78703500444975,TC,CZ
"Planá,Svahy",49.82550610460023,12.819902803927976,TC,CZ
"Planá,Svahy,rozc.",49.82981610489616,12.819304704517725,TC,CZ
"Planá,Svahy,rozc.",49.82969330530986,12.818440804103869,TC,CZ
"Planá,Svatá Anna",49.879751404718704,12.723997803898111,TC,CZ
"Planá,Svatá Anna,rozc.",49.87536030493007,12.72403500380479,TC,CZ
"Planá,Týnec",49.848737504736135,12.769756103664665,TC,CZ
"Planá,Vysoké Sedliště,rozc.",49.845708104833925,12.7663003036159,TC,CZ
"Plánice,Zbyslav",49.416758304453175,13.426831404313827,KT,CZ
"Plánice,Zbyslav",49.416740804863984,13.42673610451244,KT,CZ
"Plánice,Zdebořice",49.36427110482293,13.413965604420035,KT,CZ
"Plánice,Zdebořice,rozc.2.0",49.35169420421595,13.420620004796234,KT,CZ
"Plánice,Zdebořice,rozc.2.0",49.351463104982415,13.420339705366223,KT,CZ
Plasy,49.93259220464415,13.386003605578097,PS,CZ
Plasy,49.93291250527934,13.387418305090492,PS,CZ
"Plasy,,Panholec",49.9206742048266,13.388924204901098,PS,CZ
"Plasy,,Panholec",49.920756404919594,13.389367204966295,PS,CZ
"Plasy,,Pod Nádražím",49.93221280453707,13.379148604512851,PS,CZ
"Plasy,Babina",49.93760440510602,13.428579704425477,PS,CZ
"Plasy,Babina",49.937647505349254,13.428531705048517,PS,CZ
"Plasy,Horní Hradiště",49.956151904527864,13.373119404534258,PS,CZ
"Plasy,Horní Hradiště",49.956023904926866,13.373254404905346,PS,CZ
"Plasy,Lomany",49.92902360455504,13.333310304843309,PS,CZ
"Plasy,Lomany",49.929062504761845,13.333279404644427,PS,CZ
"Plasy,Lomany,háj.",49.930247504886424,13.344990004877065,PS,CZ
"Plasy,Lomany,háj.",49.93028940506829,13.345053104441789,PS,CZ
"Plasy,Lomnička",49.91617920542205,13.30859000533827,PS,CZ
"Plasy,Nebřeziny",49.922203604847056,13.413515005221857,PS,CZ
"Plasy,Nebřeziny,rozc.1.0",49.93232470543173,13.403711704771734,PS,CZ
"Plasy,Nebřeziny,rozc.1.0",49.93216940537898,13.403699204268165,PS,CZ
"Plasy,Sokolka",49.950943304925374,13.417103305193805,PS,CZ
"Plasy,Sokolka",49.95074330470105,13.416958305092795,PS,CZ
"Plasy,Žebnice",49.956172204696664,13.392508605093397,PS,CZ
"Plasy,Žebnice",49.95616970513221,13.392645305194737,PS,CZ
"Plasy,Žebnice,rozc.",49.95025640485848,13.40387280478038,PS,CZ
"Plasy,Žebnice,rozc.",49.95015580535817,13.403904404772721,PS,CZ
"Plasy,Žebnice,rozc.",49.95070720546318,13.402473305342077,PS,CZ
Plešnice,49.77480330466547,13.172843904812378,PS,CZ
Plešnice,49.77472190518932,13.17292720517989,PS,CZ
"Plešnice,,rozc.1.0",49.76541420515125,13.181920803947266,PS,CZ
"Plešnice,,rozc.1.0",49.765327504577435,13.179670304270417,PS,CZ
Plískov,49.84270440462452,13.740235805904904,RO,CZ
Plískov,49.842709404892965,13.740428905447194,RO,CZ
"Plzeň,,CAN",49.74648210473566,13.364019305016306,PM,CZ
"Plzeň,,CAN",49.74653020509532,13.36372090536623,PM,CZ
"Plzeň,,CAN",49.746541804467334,13.363499505224821,PM,CZ
"Plzeň,,Rozcestí Černice",49.69814720497111,13.426530604513504,PM,CZ
"Plzeň,,Rozcestí Černice",49.69832830433761,13.425996104435306,PM,CZ
"Plzeň,,Červený Hrádek",49.758090005150734,13.458620005389248,PM,CZ
"Plzeň,,Červený Hrádek",49.75696000453785,13.457350004895929,PM,CZ
"Plzeň,,Doudlevce ETZ",49.72707940498885,13.386202804678197,PM,CZ
"Plzeň,,Lom Dubová hora",49.68702170515637,13.3514589049225,PM,CZ
"Plzeň,,Lom Dubová hora",49.68721250494515,13.351283304666962,PM,CZ
"Plzeň,,Radčice",49.76364580441347,13.324114204505808,PM,CZ
"Plzeň,,Radčice",49.76353330462662,13.324217205281053,PM,CZ
"Plzeň,,Pod Zámečkem",49.756546404464274,13.344009204317146,PM,CZ
"Vejprnice,,Brůdek",49.73572560505207,13.299755804758536,PS,CZ
"Vejprnice,,Brůdek",49.73542470459177,13.298094204432601,PS,CZ
Pňovany,49.775419705008524,13.12274580468674,PS,CZ
"Pňovany,,rozc.2.0",49.76416080522927,13.124464404603552,PS,CZ
"Pňovany,,rozc.2.0",49.764105004951794,13.123716704844034,PS,CZ
"Pňovany,Chotěšovičky,rozc.",49.759656104624966,13.10374440508451,PS,CZ
"Pňovany,Chotěšovičky,rozc.",49.75930560464363,13.101570304030854,PS,CZ
"Poběžovice,,MŠ",49.51087830459197,12.79816530363125,DO,CZ
"Poběžovice,,zdrav.stř.",49.510195304580904,12.79826110492613,DO,CZ
"Poběžovice,,zdrav.stř.",49.51003170431319,12.797727203751009,DO,CZ
"Poběžovice,,škola",49.51015170507752,12.804314204312208,DO,CZ
"Poběžovice,,škola",49.51023750476226,12.804205603576692,DO,CZ
"Poběžovice,,žel.st.",49.51284600480374,12.811396004091954,DO,CZ
"Poběžovice,,žel.st.",49.51292400463035,12.811219004704402,DO,CZ
"Poběžovice,,žel.st.",49.51273500501961,12.811405004501971,DO,CZ
"Poběžovice,,žel.st.",49.512890004432364,12.811091004756275,DO,CZ
"Poběžovice,,žel.st.",49.51293900439331,12.810954004301752,DO,CZ
"Drahotín,Bílovice,rozc.2.0",49.53334890517624,12.789995004779225,DO,CZ
"Drahotín,Bílovice,rozc.2.0",49.533388905089396,12.790086404500626,DO,CZ
"Poběžovice,Ohnišťovice",49.50323110516335,12.844406904358625,DO,CZ
"Poběžovice,Ohnišťovice",49.503222504483595,12.844577204689237,DO,CZ
"Poběžovice,Ohnišťovice,rozc.1.6",49.49671390435359,12.82817970451993,DO,CZ
"Poběžovice,Sedlec",49.53518500440344,12.824771704192935,DO,CZ
"Poběžovice,Sedlec,rozc.2.0",49.520684404712796,12.803326903679968,DO,CZ
"Poběžovice,Sedlec,rozc.2.0",49.520670604766025,12.803352504684806,DO,CZ
"Poběžovice,Sedlec,výkrmna",49.52635690514604,12.807974204186436,DO,CZ
Potvorov,50.01651360495476,13.399378905319361,PS,CZ
Prádlo,49.50407750465066,13.539956404708859,PJ,CZ
Prádlo,49.504209704346565,13.540197804723705,PJ,CZ
"Prádlo,Chvostule",49.509757804699774,13.50792780559064,PJ,CZ
"Prádlo,Zájezdek",49.50420060471335,13.547655804491646,PJ,CZ
"Prádlo,Zájezdek",49.504141904560456,13.547627504532421,PJ,CZ
Prášily,49.1051750040301,13.379620604919726,KT,CZ
Prášily,49.10525470441529,13.37963440468527,KT,CZ
"Prášily,Nová Hůrka",49.14573690431675,13.327136904418671,KT,CZ
"Prášily,Nová Hůrka",49.14578610400147,13.326912504289297,KT,CZ
"Prášily,,Slunečná",49.103919704145966,13.39097440451441,KT,CZ
"Prášily,,Slunečná",49.10387890416645,13.391462804342035,KT,CZ
Prostiboř,49.6538570051011,12.898520003752823,TC,CZ
"Prostiboř,Telice",49.65004220486161,12.929324203836714,TC,CZ
"Prostiboř,Telice",49.65005890508623,12.929373904034854,TC,CZ
Předenice,49.624962204597885,13.396575305118343,PJ,CZ
Předenice,49.62486580440298,13.39631390535914,PJ,CZ
Předenice,49.62443940502764,13.396466905079556,PJ,CZ
Předenice,49.624713304805155,13.396374404964307,PJ,CZ
"Předenice,,Nový mlýn",49.633802804646166,13.39999250417073,PJ,CZ
"Předenice,,Nový mlýn",49.63378330463655,13.3999481053555,PJ,CZ
"Předmíř,Zámlyní",49.488358304566646,13.763188604673088,ST,CZ
Předslav,49.44509690422467,13.354646404925509,KT,CZ
Předslav,49.444905004736114,13.354367505395144,KT,CZ
"Předslav,,u školy",49.44842330485549,13.355929204395984,KT,CZ
"Předslav,Makov",49.44820720438114,13.389463304798493,KT,CZ
"Předslav,Makov",49.44810970496922,13.389130804429362,KT,CZ
"Předslav,Měcholupy",49.44290810427614,13.374320604783264,KT,CZ
"Předslav,Měcholupy",49.44292030428746,13.374374204576888,KT,CZ
"Předslav,Němčice",49.434918304773284,13.427240305027242,KT,CZ
"Předslav,Němčice",49.434861704424,13.427358305460677,KT,CZ
"Předslav,Petrovičky",49.436387804951124,13.393593604409174,KT,CZ
"Předslav,Petrovičky",49.436158904289776,13.393608105504446,KT,CZ
"Předslav,Třebíšov,rozc.0.5",49.435569204294886,13.409273905386843,KT,CZ
"Předslav,Třebíšov,rozc.0.5",49.4356022044463,13.409228304282077,KT,CZ
Přehýšov,49.70281390522336,13.127177804146172,PS,CZ
"Přehýšov,Bítov,rozc.0.3",49.69669940466088,13.091645304987843,PS,CZ
"Přehýšov,Bítov,rozc.0.3",49.69664920470401,13.091574204903122,PS,CZ
Přestavlky,49.59965440478123,13.245713304039647,PJ,CZ
Přestavlky,49.59961670493638,13.245590004728761,PJ,CZ
Přestavlky,49.59989970510292,13.24495470443128,PJ,CZ
"Příchovice,Zálesí,rozc.0.5",49.5325672047591,13.348606904575446,PJ,CZ
"Příchovice,Zálesí,rozc.0.5",49.53266970435916,13.348606904589362,PJ,CZ
"Příkosice,,u žel.zast.",49.67016470442797,13.66538610485044,RO,CZ
"Příkosice,,u žel.zast.",49.670140804700594,13.665248104687258,RO,CZ
"Příkosice,,horní",49.6625119050592,13.654575605300709,RO,CZ
"Příkosice,,obecní úřad",49.668181404563796,13.663153604543092,RO,CZ
"Příkosice,,obecní úřad",49.668194205200585,13.662983605310469,RO,CZ
Přimda,49.67510610528006,12.674660604362918,TC,CZ
"Přimda,Kundratice",49.67273170439048,12.721600003755693,TC,CZ
"Přimda,Kundratice",49.67270390506961,12.721751704017755,TC,CZ
"Přimda,Malé Dvorce",49.65766170440075,12.720308904093953,TC,CZ
"Přimda,Malé Dvorce",49.65762250456468,12.720394703755106,TC,CZ
"Přimda,Málkov",49.648581404896184,12.675987204083096,TC,CZ
"Přimda,Mlýnec",49.70089750500661,12.701687204374185,TC,CZ
"Přimda,Mlýnec",49.700932204973206,12.701635003764812,TC,CZ
"Přimda,Orlov",49.65336530464872,12.692433103883562,TC,CZ
"Přimda,Orlov",49.65337220468883,12.692489403812722,TC,CZ
"Přimda,Rájov",49.63990860468106,12.698636404311687,TC,CZ
"Přimda,Rájov",49.63996690456395,12.698800304006031,TC,CZ
"Přimda,Třískolupy",49.644353105116615,12.718765804187855,TC,CZ
"Přimda,Třískolupy",49.64430280518577,12.718721704091944,TC,CZ
"Přimda,Újezd p.Přimdou",49.6940472051682,12.683559403609205,TC,CZ
"Přimda,Újezd p.Přimdou",49.69384420521726,12.683567503948366,TC,CZ
"Přimda,Velké Dvorce",49.683467504487666,12.707366104064233,TC,CZ
"Přimda,Velké Dvorce",49.68339360524801,12.707579403684209,TC,CZ
"Přimda,Velké Dvorce",49.68412390508952,12.709389204178386,TC,CZ
"Přimda,Velké Dvorce",49.684184704626695,12.709334203922104,TC,CZ
Příšov,49.81213080463489,13.30387750452668,PS,CZ
Příšov,49.811873604618796,13.304050804238297,PS,CZ
Přívětice,49.83571060509025,13.612145604556842,RO,CZ
"Přívětice,,rozc.",49.83704670515376,13.605010605454853,RO,CZ
"Přívětice,,rozc.",49.83714970467199,13.60486750536066,RO,CZ
"Pšov,Chlum",50.01823750500352,13.204605004973622,KV,CZ
"Pšov,Chlum,rozc.",50.02287830544696,13.189444704939548,KV,CZ
"Pšov,Chlum,rozc.",50.022941105435905,13.189514404345818,KV,CZ
"Pšov,Kolešov",50.069205604958206,13.200515605349675,KV,CZ
"Pšov,Kolešov",50.069122805456104,13.200692504458132,KV,CZ
"Pšov,Močidlec",50.05578530525702,13.224647504410973,KV,CZ
"Pšov,Močidlec",50.05577690531851,13.224699705128902,KV,CZ
"Pšov,Novosedly",50.039083605426036,13.204071404164036,KV,CZ
"Pšov,Novosedly",50.039020305147595,13.20408750451152,KV,CZ
"Rakovník,,aut.st.",50.100614705051115,13.73344830506377,RA,CZ
"Rakovník,,rozc.Lubná",50.08233420498486,13.724336105350856,RA,CZ
"Rakovník,,rozc.Lubná",50.08230170486533,13.724208604998012,RA,CZ
"Rakovník,,Plzeňská",50.09524190533946,13.728484205718443,RA,CZ
"Rakovník,,Plzeňská",50.09466890532931,13.727576105679653,RA,CZ
Rejštejn,49.14031940435527,13.515054204839865,KT,CZ
Rejštejn,49.14035220478828,13.514798904847195,KT,CZ
"Kašperské Hory,,rozc.Radešov",49.15318030440053,13.51391560472768,KT,CZ
"Kašperské Hory,,rozc.Radešov",49.15315360452417,13.513772804392264,KT,CZ
"Kašperské Hory,,rozc.Radešov",49.15255330449395,13.514100604250267,KT,CZ
"Kašperské Hory,,rozc.Radešov",49.152531104418465,13.514020004570282,KT,CZ
"Rejštejn,Svojše",49.114450804023754,13.50632220522109,KT,CZ
"Rejštejn,Svojše,rozc.3.0",49.13131080466695,13.499971105257565,KT,CZ
"Rejštejn,Svojše,rozc.3.0",49.13125000416891,13.499889404836573,KT,CZ
"Rejštejn,Svojše,rozc.3.0",49.131425004571824,13.500360304369584,KT,CZ
"Rochlov,,rozc.",49.727023604925485,13.143683604260971,PS,CZ
"Rochlov,,rozc.",49.72696220505743,13.143751904522064,PS,CZ
"Rokycany,,aut.nádr.",49.741210005216395,13.591290005203202,RO,CZ
"Rokycany,,aut.nádr.",49.74189000457063,13.59169000474548,RO,CZ
"Rokycany,,aut.nádr.",49.741060004436164,13.590750004833934,RO,CZ
"Rokycany,,aut.nádr.",49.74121000451267,13.59062000513514,RO,CZ
"Rokycany,,aut.nádr.",49.74106000463558,13.590520005592186,RO,CZ
"Rokycany,,aut.nádr.",49.74104000467869,13.590290004706826,RO,CZ
"Rokycany,,aut.nádr.",49.741170004712544,13.590520004945821,RO,CZ
"Rokycany,,aut.nádr.",49.74145000442573,13.591230005142583,RO,CZ
"Rokycany,,aut.nádr.",49.74158000488622,13.591260004686506,RO,CZ
"Rokycany,,aut.nádr.",49.74129000466921,13.590900005034191,RO,CZ
"Rokycany,,aut.nádr.",49.74131000433519,13.59119000444583,RO,CZ
"Rokycany,,aut.nádr.",49.74120000484145,13.591170004384923,RO,CZ
"Rokycany,,aut.nádr.",49.741350005141236,13.590690004826936,RO,CZ
"Rokycany,,Barákova",49.73340780500676,13.599090004525493,RO,CZ
"Rokycany,,hřbitov",49.7501806050577,13.581396705567375,RO,CZ
"Rokycany,,žel.zast.Předměstí",49.73230610513449,13.603398304512405,RO,CZ
"Rokycany,,žel.zast.Předměstí",49.73156720472144,13.60336940452673,RO,CZ
"Rokycany,,Krokova",49.73752640522246,13.581213105493656,RO,CZ
"Rozvadov,Milíře,rozc.",49.67499390531942,12.618032504440494,TC,CZ
"Rozvadov,Nové Domky",49.69135400464339,12.540021004662279,TC,CZ
"Rožmitál p.Tř.,,aut.st.",49.60484112715372,13.865064693422118,PB,CZ
"Rožmitál p.Tř.,,aut.st.",49.604700004898824,13.865181905692525,PB,CZ
"Rožmitál p.Tř.,Starý Rožmitál",49.60762610504047,13.851803105549566,PB,CZ
"Rožmitál p.Tř.,Starý Rožmitál",49.60749970454605,13.852059405642331,PB,CZ
Rybnice,49.90949470516579,13.373931105291698,PS,CZ
Rybnice,49.9098064051514,13.374325304796498,PS,CZ
"Rybník,,bytovky",49.51276030439326,12.677393903926596,DO,CZ
"Rybník,,bytovky",49.51276110440299,12.677338904665508,DO,CZ
"Rybník,,křiž.",49.51634000475174,12.676968603821647,DO,CZ
"Rybník,,křiž.",49.51632360433736,12.676928304152208,DO,CZ
"Rybník,Závist",49.492187204757364,12.683823104576819,DO,CZ
Řenče,49.579533104638514,13.412220004293411,PJ,CZ
Řenče,49.579562505101556,13.412151705205169,PJ,CZ
"Řenče,,u školy",49.58000280503689,13.417370605398864,PJ,CZ
"Řenče,,u školy",49.579948904810976,13.417463105167712,PJ,CZ
"Řenče,Háje",49.60552470467826,13.407706904502065,PJ,CZ
"Řenče,Háje",49.60550250508279,13.407851904509595,PJ,CZ
"Řenče,Háje,rozc.",49.60325470504425,13.402729205441592,PJ,CZ
"Řenče,Háje,rozc.",49.60337810501666,13.402769404309765,PJ,CZ
"Řenče,Libákovice",49.5662358045986,13.43399250556142,PJ,CZ
"Řenče,Osek",49.59702420481146,13.41032640515537,PJ,CZ
"Řenče,Osek",49.596786104872145,13.4102844043338,PJ,CZ
"Řenče,Plevňov",49.5688464045537,13.400144204899144,PJ,CZ
"Řenče,Vodokrty",49.59014610453263,13.39028830467955,PJ,CZ
Sebečice,49.86993280533955,13.69180610490856,RO,CZ
"Sebečice,Biskoupky",49.87473500493573,13.681232204535346,RO,CZ
"Sebečice,Biskoupky",49.87497060453842,13.681407205036368,RO,CZ
"Seč,,obec",49.58801250487596,13.504671704205448,PJ,CZ
"Seč,,obec",49.58810220507377,13.505294204329978,PJ,CZ
"Seč,,rozcestí",49.58965080477757,13.495146104880646,PJ,CZ
"Seč,,rozcestí",49.589606904356586,13.495153605469019,PJ,CZ
"Seč,,rozcestí",49.589496905013924,13.49724610511298,PJ,CZ
"Seč,,rozcestí",49.58961780434768,13.497061104397213,PJ,CZ
Sedlec,50.00676580463294,13.42741060475771,PS,CZ
Sedlec,50.00697280458113,13.427532504642532,PS,CZ
"Sedlec,Olšany",50.00228530542915,13.433234405325587,PS,CZ
"Sedlec,Olšany",50.00230280542827,13.433269705094375,PS,CZ
Sedliště,49.52768080484284,13.632328904951853,PJ,CZ
"Sedliště,,pod školou",49.52534690441124,13.626105304947616,PJ,CZ
"Soběkury,,rozc.1.4",49.56089610430521,13.231694704545953,PJ,CZ
"Soběkury,,rozc.1.4",49.56098220490045,13.231796704782331,PJ,CZ
"Soběkury,,rozc.1.4",49.560800304600725,13.2324553050102,PJ,CZ
"Soběkury,Horušany",49.562320005089624,13.26039970451125,PJ,CZ
"Soběkury,Horušany",49.56246530467264,13.260963104231255,PJ,CZ
Soběšice,49.207866904076454,13.684160004749566,KT,CZ
Soběšice,49.20788330483498,13.684040605268999,KT,CZ
"Soběšice,Damíč,rozc.0.8",49.19986330418419,13.66883670510895,KT,CZ
"Soběšice,Damíč,rozc.0.8",49.19984970446975,13.668770805202211,KT,CZ
"Soběšice,Mačice",49.22574720486497,13.678341705089837,KT,CZ
"Soběšice,Mačice",49.22573780457523,13.678009205696942,KT,CZ
Spálené Poříčí,49.615063604404675,13.60542530444964,PJ,CZ
"Spálené Poříčí,Číčov",49.630290004567826,13.683735805766979,PJ,CZ
"Spálené Poříčí,Číčov",49.62988780473079,13.684068904862542,PJ,CZ
"Spálené Poříčí,Hořehledy",49.6075194050992,13.645186104518045,PJ,CZ
"Spálené Poříčí,Hořehledy",49.6075419048173,13.645000804567248,PJ,CZ
"Spálené Poříčí,Hořehledy,rozc.1.1",49.60380080490443,13.637167805229513,PJ,CZ
"Spálené Poříčí,Hořehledy,rozc.1.1",49.60361390510501,13.637312504528841,PJ,CZ
"Spálené Poříčí,Hvížďalka",49.609560005113906,13.62239940529175,PJ,CZ
"Spálené Poříčí,Hvížďalka",49.60972750423718,13.622169704508249,PJ,CZ
"Spálené Poříčí,Lipnice",49.634099204942906,13.602931405013472,PJ,CZ
"Spálené Poříčí,Lipnice",49.63404170481954,13.602690605380467,PJ,CZ
"Spálené Poříčí,Lipnice,žel.st.",49.64537440521813,13.609360005505463,PJ,CZ
"Spálené Poříčí,Lučiště",49.63596890464928,13.650486405623493,PJ,CZ
"Spálené Poříčí,Lučiště",49.6359603048454,13.650690005300232,PJ,CZ
"Spálené Poříčí,Lučiště,rozc.1.0",49.63727920451968,13.658861404868514,PJ,CZ
"Spálené Poříčí,Lučiště,rozc.1.0",49.637288304415954,13.658978905646233,PJ,CZ
"Spálené Poříčí,Struhaře",49.5896078044635,13.598211905190855,PJ,CZ
"Spálené Poříčí,Struhaře",49.58947690510065,13.598496405317944,PJ,CZ
"Spálené Poříčí,Těnovice",49.625626704382725,13.632213605126472,PJ,CZ
"Spálené Poříčí,Těnovice",49.625591904436554,13.632327804605215,PJ,CZ
"Spálené Poříčí,Vlkov",49.62087190463704,13.57600170464298,PJ,CZ
"Spálené Poříčí,Vlkov",49.62109830478143,13.575833304965995,PJ,CZ
"Spálené Poříčí,Záluží",49.628238104879806,13.641275604971185,PJ,CZ
"Spálené Poříčí,Záluží",49.62825280453692,13.641024705124952,PJ,CZ
Spáňov,49.414766004898205,12.988220004278402,DO,CZ
Spáňov,49.4146950045276,12.988094004216785,DO,CZ
"Spáňov,,rozc.0.5",49.41795830441879,12.993867204757672,DO,CZ
"Staňkov,,nám.",49.553811904936026,13.069714405114073,DO,CZ
"Staňkov,,nám.",49.55398940487263,13.069958104408263,DO,CZ
"Staňkov,,Pomník padlých",49.55061810441918,13.07497780500565,DO,CZ
"Staňkov,,žel.st.",49.54812060494439,13.072577504830694,DO,CZ
"Staňkov,Krchleby,I",49.54271000500285,13.105589704041698,DO,CZ
"Staňkov,Krchleby,I",49.54260830509983,13.105908904930233,DO,CZ
"Staňkov,Krchleby,II",49.54321970511001,13.110059404910787,DO,CZ
"Staňkov,Krchleby,II",49.54316500429588,13.109758904710587,DO,CZ
"Staňkov,,Ohučov",49.56920170493729,13.077848304707713,DO,CZ
"Staňkov,,Ohučov",49.56937560501078,13.078099204819473,DO,CZ
"Staňkov,Vránov",49.54425560458203,13.041803903924151,DO,CZ
"Staňkov,Vránov",49.54419030490237,13.041999704505686,DO,CZ
Staré Sedliště,49.74389750472346,12.694103904772339,TC,CZ
"Staré Sedliště,Labuť",49.71032140441642,12.668175603565283,TC,CZ
"Staré Sedliště,Labuť,rozc.",49.71776580530914,12.691898904067498,TC,CZ
"Staré Sedliště,Mchov",49.72387940537975,12.713775804531345,TC,CZ
"Staré Sedliště,Mchov",49.72384060527331,12.713962203667618,TC,CZ
"Staré Sedliště,Mchov,rozc.",49.737126405129075,12.702734703690414,TC,CZ
"Staré Sedliště,Mchov,rozc.",49.7372667048026,12.702616703992412,TC,CZ
"Staré Sedliště,Nové Sedliště",49.73110330504492,12.67674890427334,TC,CZ
"Staré Sedliště,Úšava",49.7454347053247,12.680018604326667,TC,CZ
"Staré Sedliště,Úšava",49.74548750514298,12.68045860382573,TC,CZ
Staré Sedlo,49.665855004380994,12.863099204054233,TC,CZ
"Staré Sedlo,Darmyšl",49.642213904800926,12.877955304275876,TC,CZ
"Staré Sedlo,Racov",49.63995190440605,12.843655304077569,TC,CZ
Starý Plzenec,49.697623905199194,13.474051704719054,PM,CZ
"Starý Plzenec,,Bezručova",49.69694750502696,13.463228904948139,PM,CZ
"Starý Plzenec,,Bezručova",49.69700810505408,13.46221390499234,PM,CZ
"Starý Plzenec,,u školy",49.696545004505175,13.473830604700947,PM,CZ
"Starý Plzenec,Hůrka",49.69795720465637,13.443104405353402,PM,CZ
"Starý Plzenec,Sedlec",49.69475310462381,13.494145604408732,PM,CZ
"Starý Plzenec,Sedlec",49.695030004634404,13.494030005393556,PM,CZ
"Starý Plzenec,Sedlec,kolonie",49.699250004942755,13.4939900043008,PM,CZ
"Starý Plzenec,Sedlec,kolonie",49.6992300049892,13.49391000495228,PM,CZ
"Starý Plzenec,Sedlec,rozc.",49.691604404359545,13.48739970496793,PM,CZ
"Starý Plzenec,Sedlec,rozc.",49.691671104747776,13.48747220531815,PM,CZ
"Stráž,Bernartice",49.62802140480269,12.800166703874378,TC,CZ
"Stráž,Bonětice",49.66651080494382,12.826228903900091,TC,CZ
"Stráž,Bonětice",49.66649360487969,12.826320003606787,TC,CZ
"Stráž,Bonětičky",49.66764330467527,12.841763904696217,TC,CZ
"Stráž,Bonětičky",49.66767110517612,12.841802804628863,TC,CZ
"Stráž,Borek",49.63565920461422,12.778838604517281,TC,CZ
"Stráž,Borek",49.63566940478744,12.77888940404024,TC,CZ
"Stráž,Borek",49.63565300452959,12.778177004523323,TC,CZ
"Stráž,Borek",49.63571200517646,12.778084003590871,TC,CZ
"Stráž,Dehetná",49.62438560459264,12.770965804002579,TC,CZ
"Stráž,Olešná",49.65136250446379,12.824036104709219,TC,CZ
"Stráž,Olešná",49.651261104982325,12.824037504665093,TC,CZ
"Stráž,Strachovice",49.63422170495495,12.819502804838152,TC,CZ
"Stráž,Strachovice",49.63426940444254,12.819404704849388,TC,CZ
"Stráž,Valcha,rozc.",49.64965890460073,12.776812204475382,TC,CZ
"Stráž,Valcha,rozc.",49.64966750499721,12.776874204444452,TC,CZ
Strážov,49.30368110460767,13.247845604783025,KT,CZ
Strážov,49.303679404321514,13.247982204563876,KT,CZ
"Strážov,,garáž ČSAD",49.30158420485842,13.242781104494233,KT,CZ
"Strážov,,garáž ČSAD",49.30157360462972,13.242868304778249,KT,CZ
"Strážov,,u Kovodružstva",49.30618580421163,13.253694205242306,KT,CZ
"Strážov,,u Kovodružstva",49.30620670415068,13.253440604799707,KT,CZ
"Strážov,Brtí",49.29419890439592,13.27604720440709,KT,CZ
"Strážov,Kněžice,rozc.1.0",49.31330890491988,13.279210003987698,KT,CZ
"Strážov,Krotějov,škola",49.2813592042754,13.235683104273146,KT,CZ
"Strážov,Krotějov,u Jiříků",49.28704920442538,13.240102204430249,KT,CZ
"Strážov,Krotějov,u Jiříků",49.28706750426201,13.24006860467933,KT,CZ
"Strážov,Lukavice",49.31057500425735,13.272871405475524,KT,CZ
"Strážov,Lukavice",49.31064720417731,13.273230004352648,KT,CZ
"Strážov,Opálka",49.30475390492236,13.231639704109334,KT,CZ
"Strážov,Opálka",49.304705304199565,13.231571404167127,KT,CZ
"Strážov,Rovná,rozc.1.0",49.31522330441608,13.224420805068114,KT,CZ
"Strážov,Viteň",49.287217504520896,13.259430604441535,KT,CZ
"Švihov,Stropčice",49.50610440503235,13.327461904417047,KT,CZ
"Švihov,Stropčice",49.50611060453416,13.3276189045109,KT,CZ
"Stříbro,,aut.st.",49.75360200505426,12.996933003870463,TC,CZ
"Stříbro,,aut.st.",49.753683004576,12.997427004571282,TC,CZ
"Stříbro,,Siemens",49.742920004559885,13.023751904925197,TC,CZ
"Stříbro,,Siemens",49.74316000497687,13.022734204695048,TC,CZ
"Stříbro,Těchlovice",49.77414470460033,12.974155604436904,TC,CZ
"Stříbro,Těchlovice",49.77404780477054,12.974160804487477,TC,CZ
Střížovice,49.60993030448029,13.456997204489845,PJ,CZ
Střížovice,49.60987750503527,13.457180304620392,PJ,CZ
Studánka,49.78234940524062,12.606928604248784,TC,CZ
"Studánka,,náves",49.78058890474115,12.60295360374804,TC,CZ
"Sušice,,čistička záv.SOLO",49.252286404760305,13.550344405496485,KT,CZ
"Sušice,,čistička záv.SOLO",49.252442204653235,13.550306905161417,KT,CZ
"Sušice,,Hrádecká",49.23800670432125,13.522031405218863,KT,CZ
"Sušice,,Kaštanová",49.22340530423567,13.510980804848831,KT,CZ
"Sušice,,Kaštanová",49.22273780398174,13.510327804590464,KT,CZ
"Sušice,,Lerchova",49.23170750455155,13.516725305274866,KT,CZ
"Sušice,,nábřeží",49.23047170457487,13.521177204394364,KT,CZ
"Sušice,,nábřeží",49.23062060445185,13.521244404663356,KT,CZ
"Sušice,,nábřeží",49.23075530441302,13.5212981044371,KT,CZ
"Sušice,,nábřeží",49.230894404056315,13.521350304975844,KT,CZ
"Sušice,,nábřeží",49.23102690464036,13.521397204634987,KT,CZ
"Sušice,,nábřeží",49.230498604472096,13.521330305450268,KT,CZ
"Sušice,,nábřeží",49.230651104721225,13.521390604433263,KT,CZ
"Sušice,,nábřeží",49.230796404452725,13.521450804791249,KT,CZ
"Sušice,,nábřeží",49.23092080480089,13.521496405124466,KT,CZ
"Sušice,,nábřeží",49.23106610407442,13.521555805156758,KT,CZ
"Sušice,,Nádražní u samoobsluhy",49.24471060476258,13.537619204541441,KT,CZ
"Sušice,,Nádražní u samoobsluhy",49.24501060470667,13.538038604994032,KT,CZ
"Sušice,,nem.rozc.0.3",49.22815080473446,13.526767205564958,KT,CZ
"Sušice,,nem.rozc.0.3",49.22830860447265,13.52658280499601,KT,CZ
"Sušice,,Pod Stráží",49.23556920494959,13.523003105302463,KT,CZ
"Sušice,,Pravdova",49.23632470419659,13.521788905710313,KT,CZ
"Sušice,,sídl.Vojtěška",49.221226104733695,13.50890280476612,KT,CZ
"Sušice,,sídl.Vojtěška",49.221374204283194,13.509267505564534,KT,CZ
"Sušice,,u hřiště",49.22855250490971,13.515424404993572,KT,CZ
"Sušice,,u hřiště",49.22889170405222,13.515575005133277,KT,CZ
"Sušice,,u nem.",49.22968470479728,13.526881404607776,KT,CZ
"Sušice,,u nem.",49.23039530442664,13.527076705007346,KT,CZ
"Sušice,,u prodejny stavebnin",49.24714720476738,13.542202804709714,KT,CZ
"Sušice,,Prefa",49.24353060423754,13.53476580535344,KT,CZ
"Sušice,,SOLO",49.239251404098354,13.525547804876412,KT,CZ
"Sušice,,SOLO",49.23983030446865,13.526623904429618,KT,CZ
"Sušice,,žel.st.",49.24611050406601,13.541586504405387,KT,CZ
"Sušice,,žel.st.",49.24611230482137,13.541662905484873,KT,CZ
"Svojšín,Řebří",49.76304610458259,12.880986704360154,TC,CZ
"Svojšín,Řebří",49.763028105226525,12.88090610396546,TC,CZ
Šťáhlavy,49.67502310484808,13.50383690494445,PM,CZ
Šťáhlavy,49.675912805002305,13.503954404962553,PM,CZ
"Šťáhlavy,,Husova",49.675221104982526,13.505469205511925,PM,CZ
"Šťáhlavy,,u hřbitova",49.67997310446647,13.498359404687745,PM,CZ
"Šťáhlavy,,u hřbitova",49.68009810455552,13.49838360521748,PM,CZ
"Šťáhlavy,,zámek Kozel",49.66757360442162,13.524310004423489,PM,CZ
"Šťáhlavy,,zámek Kozel",49.66760000454475,13.524359204928347,PM,CZ
"Šťáhlavy,Šťáhlavice",49.661156705073914,13.52446720555014,PM,CZ
"Šťáhlavy,Šťáhlavice",49.66112250476228,13.524112505028517,PM,CZ
"Štědrá,Domašín,rozc.",50.0285239050406,13.182955005304587,KV,CZ
"Štěnovice,,Čižická",49.670672504675395,13.400656904179057,PJ,CZ
"Štěnovice,,Čižická",49.67084720502647,13.40085390510789,PJ,CZ
"Štěnovice,,Drůbežárna",49.66141420459055,13.396534405436688,PJ,CZ
"Štěnovice,,Drůbežárna",49.66136330500845,13.396623104975744,PJ,CZ
"Štěnovice,,záv.",49.6741108048055,13.396861104944934,PJ,CZ
"Štěnovice,,záv.",49.67352470464324,13.396947505467807,PJ,CZ
Štěnovický Borek,49.649709704896104,13.426683305263184,PM,CZ
Štěnovický Borek,49.64980720489326,13.426726704351248,PM,CZ
"Štěnovický Borek,Nebílovský Borek",49.65216750502197,13.437708104236172,PM,CZ
Štichov,49.58493360498995,13.04930360467151,PJ,CZ
Štichov,49.58492030522525,13.049521404753323,PJ,CZ
"Štichovice,,rozc.",49.972931704757094,13.302941904183415,PS,CZ
"Štichovice,,rozc.",49.97300750460614,13.302904404268295,PS,CZ
"Štichovice,Křečov",49.97200810472844,13.322263105028105,PS,CZ
"Štítov,,rozc.1.0",49.664741904305274,13.669443104992325,RO,CZ
"Štítov,,rozc.1.0",49.66469310439782,13.669345005687621,RO,CZ
"Švihov,,nám.",49.480621404419374,13.284618104773788,KT,CZ
"Švihov,,nám.",49.480632805029785,13.286338904069513,KT,CZ
"Švihov,,u vchodu ZŠ",49.48122670436631,13.279028105003508,KT,CZ
"Švihov,,u vchodu ZŠ",49.48112360486098,13.27888670486128,KT,CZ
"Švihov,,u ZD",49.48676030491407,13.285593904884706,KT,CZ
"Švihov,,u ZD",49.48629080507355,13.286117504893765,KT,CZ
"Švihov,,u ZŠ",49.48241530425346,13.278894204918165,KT,CZ
"Švihov,,u ZŠ",49.48273580457119,13.278070604654154,KT,CZ
"Švihov,,žel.st.",49.473818104382644,13.290388105186889,KT,CZ
"Švihov,,žel.st.",49.47407420467828,13.290532805034545,KT,CZ
"Švihov,Kokšín",49.46312330441826,13.286939405263626,KT,CZ
"Tachov,Mýto",49.793941104908505,12.578577503842979,TC,CZ
"Tachov,Mýto",49.79388310520599,12.578513304603756,TC,CZ
"Lesná,,rozc.Mýto",49.78181780476678,12.568646104067156,TC,CZ
"Lesná,,rozc.Mýto",49.78168640495219,12.568593603633515,TC,CZ
"Tachov,Světce",49.80411780495508,12.60860720344844,TC,CZ
"Tachov,Světce",49.80404610538739,12.607909704224824,TC,CZ
"Tachov,Světce,lesní správa",49.80447170467795,12.612597203916064,TC,CZ
"Tachov,Světce,lesní správa",49.80443640483256,12.61269640411397,TC,CZ
"Tachov,Velký Rapotín",49.76765750504511,12.65262860426521,TC,CZ
"Tachov,Velký Rapotín",49.76762310526265,12.65270920349375,TC,CZ
"Tachov,Vítkov",49.815046904615656,12.6535511037906,TC,CZ
"Tachov,Vítkov",49.81510310539877,12.653414404601396,TC,CZ
Tatiná,49.84830610475287,13.298163604402752,PS,CZ
Těně,49.75130690504091,13.796111405384087,RO,CZ
Těně,49.751261404427595,13.795978905541412,RO,CZ
"Těně,,rozc.",49.760847805199006,13.781931405416092,BE,CZ
"Těně,,rozc.",49.759972805089475,13.782600805588247,RO,CZ
"Těně,,rozc.",49.76033560494313,13.782476704874291,BE,CZ
"Těně,,rozc.",49.76018720454206,13.782077804752332,BE,CZ
"Těně,,Smolárna",49.752028904878635,13.772036905101608,RO,CZ
"Těně,,Smolárna",49.752035004901316,13.771874705595588,RO,CZ
Teplička,50.149548304845176,12.854261103731524,KV,CZ
Teplička,50.14868860554078,12.85440860397576,KV,CZ
Terešov,49.89671190484013,13.70000060561129,RO,CZ
Terešov,49.89666830464129,13.699911405601116,RO,CZ
"Terešov,,Terešovská Huť",49.90998860513825,13.703814205291359,RO,CZ
"Terešov,,Terešovská Huť",49.90992250477038,13.703686405496232,RO,CZ
Těškov,49.80275780484674,13.699473305277433,RO,CZ
Těškov,49.802818905121555,13.699403904849662,RO,CZ
"Těškov,,lom",49.81424750497627,13.706814704468126,RO,CZ
"Těškov,,lom",49.8142561049467,13.706690004601537,RO,CZ
Tchořovice,49.437136904697624,13.809879404946152,ST,CZ
Tchořovice,49.437165604433396,13.810036405466244,ST,CZ
"Tchořovice,,Kupcovy",49.429974705051826,13.828601405507595,ST,CZ
"Tchořovice,,Kupcovy",49.430551904831276,13.832000225824267,ST,CZ
Tis u Blatna,50.0847644047786,13.346309204696304,PS,CZ
Tis u Blatna,50.08473970535548,13.346377504483154,PS,CZ
"Tis u Blatna,,háj.",50.087123604618085,13.331563604251683,PS,CZ
"Tis u Blatna,,háj.",50.08717060467156,13.331489704289394,PS,CZ
"Tis u Blatna,Kračín",50.0904403050629,13.315614205103811,PS,CZ
"Tis u Blatna,Kračín",50.090381904732574,13.315726705080442,PS,CZ
Tisová,49.76443530514077,12.715964203556982,TC,CZ
Tisová,49.76454440448282,12.715981704245262,TC,CZ
"Tisová,Hlinné",49.759022205232846,12.741872804810226,TC,CZ
"Trnová,,Vísecký rybník",49.85178330497523,13.334505304100775,PS,CZ
"Trnová,,Vísecký rybník",49.85188500481946,13.334410005085468,PS,CZ
"Trokavec,,rozc.1.0",49.65300670524617,13.69715280550887,RO,CZ
"Trokavec,,rozc.1.0",49.652950304546366,13.696943105325582,RO,CZ
Trpísty,49.822850605282,13.058530804500608,TC,CZ
Trpísty,49.82294220469634,13.058328305053523,TC,CZ
"Trpísty,,Horské domky",49.82844500532498,13.065955805015717,TC,CZ
"Trpísty,,Horské domky",49.8284814045557,13.065900803940059,TC,CZ
"Trpísty,,rozc.",49.821845305133664,13.056785303758703,TC,CZ
"Trpísty,,rozc.",49.821871105241236,13.056821403833798,TC,CZ
"Trpísty,,žel.st.",49.814892504555054,13.050435805199909,TC,CZ
"Trpísty,Sviňomazy,rozc.",49.82196110476467,13.039481104168475,TC,CZ
"Trpísty,Sviňomazy,rozc.",49.822081405201835,13.039619204078425,TC,CZ
Třebčice,49.48221360472125,13.612857504791094,PJ,CZ
Třebčice,49.482318604732505,13.612246104704687,PJ,CZ
Třemešné,49.62536250520816,12.69702610372112,TC,CZ
Třemešné,49.62540830496228,12.697371704260089,TC,CZ
"Třemešné,Dubec",49.630665304778766,12.722823903686248,TC,CZ
"Třemešné,Dubec",49.63068530491002,12.722921704425604,TC,CZ
"Třemešné,Nová Ves",49.62844890488754,12.645601403734565,TC,CZ
"Třemešné,Nová Ves",49.628707804917816,12.645527803754147,TC,CZ
"Třemešné,Pavlíkov",49.61734440498815,12.717004704373872,TC,CZ
"Třemošná,,sídliště",49.81399890522192,13.393765004363747,PS,CZ
"Třemošná,,sídliště",49.81412780468489,13.393971704439307,PS,CZ
"Třemošná,,u pošty",49.81682610492564,13.395676405041147,PS,CZ
"Třemošná,,Belgická",49.81784860460196,13.392293104353179,PS,CZ
"Třemošná,,Belgická",49.81785780489749,13.392098104532566,PS,CZ
"Třemošná,,ZŠ",49.82422860472289,13.388025004445982,PS,CZ
"Třemošná,,ZŠ",49.82435920455122,13.387622504642147,PS,CZ
"Třemošná,,ves",49.82426470535096,13.390023305105474,PS,CZ
"Třemošná,Orlík",49.80983440531298,13.391752205178419,PS,CZ
"Třemošná,Orlík",49.809928904748205,13.391948104199713,PS,CZ
"Třemošná,Záluží",49.813031905159896,13.36909830482771,PS,CZ
"Třemošná,Záluží",49.81342060488038,13.36896940474479,PS,CZ
"Třemošná,Záluží",49.81269000460086,13.369696904972354,PS,CZ
"Třemošná,Záluží,rozc.",49.8170517048685,13.357897204193616,PS,CZ
"Třemošná,Záluží,rozc.",49.81704140450978,13.357942804817897,PS,CZ
"Třemošná,Záluží,rozc.I",49.816983105227806,13.357256404565423,PS,CZ
"Tužice,,rozc.0.6",49.33202890418742,13.503439405224137,KT,CZ
"Tužice,,rozc.0.6",49.331800004572216,13.503741104684913,KT,CZ
"Újezd u Plánice,,pila",49.4147897046616,13.451348904640634,KT,CZ
"Újezd u Plánice,,rozc.3.0",49.404608304324576,13.437772504652484,KT,CZ
"Újezd u Plánice,,rozc.3.0",49.40460310482802,13.437949704555837,KT,CZ
Újezd u Svatého Kříže,49.862415305170494,13.570438304522423,RO,CZ
Újezd u Svatého Kříže,49.86070640527888,13.570809705080022,RO,CZ
Újezd u Svatého Kříže,49.861767504479374,13.571299204922473,RO,CZ
"Újezd u Svatého Kříže,,Dvorce rozcestí",49.86903890505278,13.567047804696564,RO,CZ
Úlice,49.762227804473405,13.146352804932153,PS,CZ
Úlice,49.76222690458779,13.147091704737495,PS,CZ
"Úlice,Hracholusky",49.7817186046937,13.161508604228292,PS,CZ
"Úlice,Jezná",49.7739575050461,13.144783904511215,PS,CZ
"Úlice,Jezná",49.77401970523859,13.144715305064642,PS,CZ
"Úlice,Kníje,rozc.",49.76439330519654,13.170480303972125,PS,CZ
"Úlice,Kníje,rozc.",49.76437420468165,13.169064204095069,PS,CZ
"Úlice,Nová Jezná",49.775188904927354,13.159972204038594,PS,CZ
Únehle,49.79345000499392,13.016185805109501,TC,CZ
Únehle,49.793539204788,13.016277204787098,TC,CZ
Únějovice,49.462286704407965,13.11795000529208,DO,CZ
Únějovice,49.46227640431722,13.118148604211575,DO,CZ
"Únějovice,,rozc.1.0",49.46415440426062,13.109419704524884,DO,CZ
"Únějovice,,rozc.1.0",49.46417190465131,13.109324404367594,DO,CZ
Úněšov,49.88183830477265,13.150265304343625,PS,CZ
Úněšov,49.882432805193474,13.149063304115643,PS,CZ
Úněšov,49.882316704514565,13.149821104118695,PS,CZ
"Úněšov,Budeč",49.90160580487021,13.092378104332553,PS,CZ
"Úněšov,Čbán",49.9079394046569,13.145833905025787,PS,CZ
"Úněšov,Číhaná",49.8938494047245,13.126765305231974,PS,CZ
"Úněšov,Číhaná",49.89389440489686,13.126806704000586,PS,CZ
"Úněšov,Číhaná,rozc.",49.89474390462594,13.130117804440685,PS,CZ
"Úněšov,Číhaná,rozc.",49.89442310488261,13.130505004802835,PS,CZ
"Úněšov,Hvožďany",49.871442805360694,13.121744404235578,PS,CZ
"Úněšov,Hvožďany,rozc.",49.863251904711554,13.119006104697448,PS,CZ
"Úněšov,Hvožďany,rozc.",49.86325440543091,13.119138904831885,PS,CZ
"Úněšov,Lípa,rozc.",49.86575390517518,13.16056060400988,PS,CZ
"Úněšov,Lípa,rozc.",49.86486920485327,13.16117750494601,PS,CZ
"Úněšov,Malesín,rozc.",49.89644470468297,13.14755580487342,PS,CZ
"Úněšov,Malesín,rozc.",49.89646970485681,13.147519705003143,PS,CZ
"Úněšov,Štipoklasy",49.916481404589824,13.09009530491662,PS,CZ
"Úněšov,Štipoklasy",49.914128105420644,13.092580004291726,PS,CZ
Únětice,49.584291704793685,13.470679204568105,PJ,CZ
Velký Bor,49.364380804567176,13.702735304671364,KT,CZ
Velký Bor,49.36372390459897,13.703121704543094,KT,CZ
Velký Bor,49.36369690476595,13.704473904927989,KT,CZ
"Velký Bor,,žel.zast.",49.34525810464442,13.70029440460929,KT,CZ
"Velký Bor,,žel.zast.",49.34502250454807,13.700148904447289,KT,CZ
"Velký Bor,Jetenovice",49.37727750499021,13.668624205354687,KT,CZ
"Velký Bor,Jetenovice",49.37723060497206,13.668546105090769,KT,CZ
Velký Malahov,49.624132205055254,12.954595304421812,DO,CZ
"Velký Malahov,Jivjany",49.631427205205,12.978969704631687,DO,CZ
"Velký Malahov,Ostromeč",49.61193890454013,12.960210604262805,DO,CZ
Ves Touškov,49.66232030475002,13.117987504261919,PJ,CZ
Ves Touškov,49.66247110490897,13.1178214038892,PJ,CZ
"Ves Touškov,Mířovice",49.65474000494424,13.083334404157336,PJ,CZ
"Ves Touškov,Mířovice",49.6546869049575,13.083446903890495,PJ,CZ
"Veselá,,ves",49.696332504567955,13.602036105283968,RO,CZ
"Veselá,,ves",49.69632580461244,13.601942804871134,RO,CZ
Věšín,49.615205604578605,13.82476250580797,PB,CZ
Věšín,49.615286404600134,13.824907205708532,PB,CZ
"Věšín,,na drahách",49.61630920480917,13.816615305536075,PB,CZ
"Věšín,,na drahách",49.61631360435514,13.817607805299035,PB,CZ
"Věšín,,ozdravovna Brdy",49.61895580495857,13.791252204678601,PB,CZ
"Věšín,,ozdravovna Brdy",49.61907750429067,13.790947804679435,PB,CZ
"Věšín,,záv.",49.61487190503277,13.831112505304104,PB,CZ
"Věšín,,záv.",49.61500500425838,13.83099190476665,PB,CZ
"Věšín,,Teslíny",49.62254830490883,13.756665305129024,PB,CZ
"Věšín,,Teslíny",49.62265170489084,13.755794705600271,PB,CZ
Vidice,49.613471904776645,12.835407204186284,DO,CZ
Vidice,49.613457204958884,12.835176703704704,DO,CZ
"Vidice,Chřebřany",49.58110140516829,12.856190803616503,DO,CZ
"Vidice,Libosváry",49.59865560500961,12.837741704866144,DO,CZ
Vísky,49.651237504420955,13.684345004577764,RO,CZ
Vlčí,49.511883604698305,13.359823304426707,PJ,CZ
Vlčtejn,49.612515604318034,13.491555304419215,PJ,CZ
Vlčtejn,49.61332670435256,13.491348104381538,PJ,CZ
Vlkanov,49.48748920453188,12.806739704938582,DO,CZ
Vlkanov,49.4875869044656,12.80679330491934,DO,CZ
Vochov,49.75750110493288,13.278499405087357,PS,CZ
"Vochov,,rozc.",49.76014690481346,13.277768604601356,PS,CZ
"Vochov,,rozc.",49.76027000519673,13.276267804137472,PS,CZ
"Volduchy,,ObÚ",49.774919405187916,13.624519405169343,RO,CZ
"Volduchy,,ObÚ",49.77465080480173,13.62466440554574,RO,CZ
"Všeruby,Hájek",49.35193780443213,13.002478304040013,DO,CZ
"Všeruby,Hyršov",49.33364310482496,13.02840940466202,DO,CZ
"Všeruby,Hyršov",49.33379530491588,13.028326104764625,DO,CZ
"Všeruby,Maxov",49.353528904825005,12.929998304739826,DO,CZ
"Všeruby,Maxov",49.35353360439274,12.930057204291126,DO,CZ
"Všeruby,Pomezí",49.32686060480508,13.013413604921173,DO,CZ
"Všeruby,Pomezí",49.3268422050698,13.013418904898113,DO,CZ
"Všeruby,Pomezí,rozc.1.0",49.32647310421744,13.006336104527527,DO,CZ
"Všeruby,Pomezí,rozc.1.0",49.32644670451061,13.006316404860724,DO,CZ
Všeruby,49.84178560516913,13.22949110432717,PS,CZ
Všeruby,49.84188000531351,13.229281904234394,PS,CZ
"Všeruby,Kokořov,rozcestí",49.837680804861925,13.260045804373013,PS,CZ
"Všeruby,Kokořov,rozcestí",49.83778000507286,13.26007110430993,PS,CZ
"Všeruby,,ZŠ",49.841196704662416,13.234880604067587,PS,CZ
"Všeruby,,ZŠ",49.84125690527232,13.234873304431858,PS,CZ
"Všeruby,Chrančovice",49.847006105208926,13.156654404377884,PS,CZ
"Všeruby,Chrančovice,rozc.",49.85305000455389,13.173091904280465,PS,CZ
"Všeruby,Chrančovice,rozc.",49.852615605090776,13.173571904286282,PS,CZ
"Všeruby,Radimovice,rozc.",49.84468610483511,13.196842804901745,PS,CZ
"Všeruby,Radimovice,rozc.",49.84489940445057,13.195103304076193,PS,CZ
Všesulov,50.03987220544397,13.613521904850272,RA,CZ
Všesulov,50.03991530495465,13.613259205697087,RA,CZ
Výrov,49.961833904773236,13.462395605392524,PS,CZ
"Výrov,Hadačka",49.965123605219304,13.456731904647219,PS,CZ
"Výrov,Hadačka",49.965153904975935,13.456730804379491,PS,CZ
Vysoká Libyně,50.021145605410474,13.453305804393084,PS,CZ
Vysoká Libyně,50.02124280499063,13.453273305401929,PS,CZ
Zadní Chodov,49.890689705347796,12.654449403364676,TC,CZ
Zadní Chodov,49.890622204890064,12.654029704125456,TC,CZ
"Zadní Chodov,,MŠ",49.88914310523425,12.661644403744198,TC,CZ
"Zadní Chodov,Kyjov",49.886619704845735,12.679689204105273,TC,CZ
"Zadní Chodov,Kyjov",49.88654970523318,12.679753604708994,TC,CZ
"Zahořany,,náves",49.43411060490412,13.001755304778246,DO,CZ
"Zahořany,,náves",49.43412110500205,13.001101704497403,DO,CZ
"Zahořany,,Na Kočárku",49.421966104998575,12.975148104070144,DO,CZ
"Zahořany,,Na Kočárku",49.42191810496689,12.975664204286803,DO,CZ
"Zahořany,,Prudice",49.423098304993374,13.041525803784847,DO,CZ
"Zahořany,,Prudice",49.423202205073665,13.042032804821895,DO,CZ
"Zahořany,Bořice,I",49.42920280484931,12.968709703928,DO,CZ
"Zahořany,Bořice,I",49.42945670508694,12.9678575046879,DO,CZ
"Zahořany,Bořice,II",49.42816030497527,12.97253060486222,DO,CZ
"Zbiroh,,u Slunce",49.855761705064566,13.769310605020388,RO,CZ
"Zbiroh,,u Slunce",49.85578530482362,13.769221105741055,RO,CZ
"Zbiroh,,u vodojemu",49.86255940488693,13.781948305144677,RO,CZ
"Zbiroh,,zámostí",49.861120304610616,13.776342804607339,RO,CZ
"Zbiroh,,zámostí",49.861172204663006,13.776460805041978,RO,CZ
"Zbiroh,,záv.",49.85164640506644,13.768027205265366,RO,CZ
"Zbiroh,,záv.",49.851603304771956,13.767878905262535,RO,CZ
"Kařez,,Borek",49.83297860480759,13.785458105739076,RO,CZ
"Kařez,,Borek",49.83294970485462,13.78570220489587,RO,CZ
"Zbiroh,,Františkov",49.86983830528934,13.758684204492234,RO,CZ
"Zbiroh,,Františkov",49.8698203047821,13.758564705488318,RO,CZ
"Zbiroh,Chotětín",49.851787504932304,13.745138604509927,RO,CZ
"Zbiroh,Chotětín",49.85175470454097,13.745211905756804,RO,CZ
"Zbiroh,Jablečno",49.8836444053031,13.758320804756826,RO,CZ
"Zbiroh,Přísednice",49.8802256050307,13.75171750499748,RO,CZ
"Zbiroh,Přísednice",49.88032420477131,13.751493904947521,RO,CZ
"Zbiroh,Třebnuška",49.89237640504091,13.718586905592108,RO,CZ
Zborovy,49.381091904727434,13.515424404926378,KT,CZ
Zborovy,49.38097530434425,13.515619205384237,KT,CZ
Zbůch,49.68478560504654,13.236573105123513,PS,CZ
Zbůch,49.684122504434896,13.234969204967982,PS,CZ
"Zbůch,,ZŠ",49.68279330499191,13.223381905091726,PS,CZ
"Zbůch,,ZŠ",49.6827203045663,13.223282804626706,PS,CZ
Zdemyslice,49.60684110442728,13.52245250534727,PJ,CZ
Zdemyslice,49.606559405097926,13.522236405534763,PJ,CZ
Zemětice,49.5783970048597,13.186745004868989,PJ,CZ
Zemětice,49.57849700518598,13.187181004948755,PJ,CZ
"Zemětice,Čelákovy",49.588531404322076,13.172768304395145,PJ,CZ
"Zemětice,Čelákovy",49.58837830519245,13.172658304380583,PJ,CZ
"Zemětice,Chalupy",49.588122204797784,13.192217504825935,PJ,CZ
Zhoř,49.65878030459296,12.969978904761186,TC,CZ
"Zruč-Senec,,u Drudíků",49.802600004571985,13.418560004983583,PS,CZ
"Zruč-Senec,,u Drudíků",49.802520004644926,13.418660004363671,PS,CZ
"Zruč-Senec,,U pomníku",49.79829000444121,13.415580004573117,PS,CZ
"Zruč-Senec,,U pomníku",49.798030005358406,13.415310005366278,PS,CZ
"Zruč-Senec,,V koutě",49.792370004570024,13.411140005146606,PS,CZ
"Zruč-Senec,,V koutě",49.79292000515897,13.411380005362812,PS,CZ
Zvíkovec,49.95439420506712,13.687612504444512,RO,CZ
"Zvíkovec,,Kalinova Ves",49.958646404852495,13.695810005237325,RO,CZ
"Zvíkovec,,Kalinova Ves",49.95847970523894,13.695967805079242,RO,CZ
"Zvíkovec,,V kaštanech",49.951428905007845,13.690059404879944,RO,CZ
Žákava,49.63050030460806,13.529195605651605,PJ,CZ
"Žihle,,st.statek",50.0424456050695,13.386527505466201,PS,CZ
"Žihle,Hluboká",50.02869280534756,13.325955805246913,PS,CZ
"Žihle,Odlezly",50.02073030504607,13.370367804764205,PS,CZ
"Žihle,Odlezly",50.02056640508597,13.370201404802359,PS,CZ
"Žihle,Poustky",50.0545367050774,13.31773060503679,PS,CZ
"Žihle,Poustky",50.05460720471141,13.317682204396414,PS,CZ
"Žihle,Přehořov",50.02863580492443,13.379234404325123,PS,CZ
"Žihle,Přehořov,rozc.",50.027734205233315,13.370675004356828,PS,CZ
"Žihle,Přehořov,rozc.",50.027819405162965,13.370713904909298,PS,CZ
Žihobce,49.2156200045705,13.6307989056101,KT,CZ
Žihobce,49.21568750463191,13.630847804508878,KT,CZ
"Žihobce,,rozc.1.6",49.220004704391165,13.614147805501599,KT,CZ
"Žihobce,,rozc.1.6",49.21986670448588,13.614242204428573,KT,CZ
"Žihobce,Bešetín,rozc.0.5",49.23344330409937,13.625595305533253,KT,CZ
"Žihobce,Bešetín,rozc.0.5",49.23338560485447,13.625522504873175,KT,CZ
"Žihobce,Bílenice",49.238557204650284,13.642298105543547,KT,CZ
"Žihobce,Bílenice",49.23850560490619,13.642127505384732,KT,CZ
"Žihobce,Bílenice,Podolí",49.23584690482642,13.636694705404082,KT,CZ
"Žihobce,Bílenice,Podolí",49.23575810438598,13.63664060460305,KT,CZ
"Žihobce,Kadešice",49.212716704470374,13.59884170473263,KT,CZ
"Žihobce,Podskalí",49.21492890457922,13.625686105127201,KT,CZ
"Žihobce,Rozsedly",49.2062228044235,13.612227504751825,KT,CZ
"Žihobce,Rozsedly",49.20629110428346,13.61239690564907,KT,CZ
"Žihobce,Rozsedly,V Chalupách",49.20367280413482,13.60751560451812,KT,CZ
"Žihobce,Rozsedly,V Chalupách",49.20363030483577,13.607503304974365,KT,CZ
"Žihobce,Šimanov,rozc.1.2",49.189405304711165,13.581981405455693,KT,CZ
"Žihobce,Šimanov,rozc.1.2",49.18936830468911,13.581923105097397,KT,CZ
"Žichovice,,u mostu",49.26781580434727,13.626065004925872,KT,CZ
"Žichovice,,u mostu",49.26776000414863,13.626295605044751,KT,CZ
"Žichovice,,u mostu",49.26823780436153,13.625802205666389,KT,CZ
"Žichovice,,u mostu",49.26803080491589,13.626055805507441,KT,CZ
"Žichovice,,u žel.st.",49.26663470493788,13.61965470539692,KT,CZ
"Žichovice,,u žel.st.",49.266596904664375,13.618187205164187,KT,CZ
"Žichovice,,u žel.st.",49.26619890454699,13.617984705369997,KT,CZ
"Žichovice,,u žel.st.",49.266286404830275,13.61814420550159,KT,CZ
Žilov,49.839366704724874,13.312594205036364,PS,CZ
Žilov,49.83939690473141,13.312202204847631,PS,CZ
"Žilov,Stýskaly",49.839718304838186,13.299261904094921,PS,CZ
Žinkovy,49.484545604512306,13.492949705028314,PJ,CZ
Žinkovy,49.48450560492324,13.492828904532601,PJ,CZ
"Bělá nad Radbuzou,,nádraží",49.589323305082836,12.719951104159508,DO,CZ
"Bělá nad Radbuzou,Karlova Huť",49.580527804781525,12.632575303598356,DO,CZ
"Bělá nad Radbuzou,Smolov,Hvozd",49.58730280519284,12.656845803493457,DO,CZ
"Bělá nad Radbuzou,Smolov,Hvozd",49.587283604412896,12.65686330395407,DO,CZ
"Bělá nad Radbuzou,Smolov,Chrz",49.5887839049409,12.662727803436074,DO,CZ
"Bělá nad Radbuzou,Smolov",49.58108030479584,12.665546103934568,DO,CZ
"Bělá nad Radbuzou,Smolov",49.58097330478576,12.665641403726415,DO,CZ
"Bělá nad Radbuzou,Smolov,statek",49.58268940523783,12.675741904517869,DO,CZ
"Bělá nad Radbuzou,Smolov,statek",49.5826764046232,12.675840003940294,DO,CZ
"Bělá nad Radbuzou,Bystřice",49.57001890512861,12.702170603479816,DO,CZ
Čerňovice,49.81210610490378,13.104255804489325,PS,CZ
Hostouň,49.55924310492548,12.775518903568827,DO,CZ
"Hrádek,,nad záv.",49.72177750444908,13.64783310505161,RO,CZ
"Hrádek,,nad záv.",49.721644704701575,13.647753905202881,RO,CZ
"Janovice nad Úhlavou,,u školy",49.34801940466044,13.215298304906023,KT,CZ
"Kašperské Hory,Červená",49.12065780452661,13.577563104415164,KT,CZ
"Kašperské Hory,Červená,Kaisrův dvůr",49.121148304199686,13.5533333046746,KT,CZ
"Kašperské Hory,Červená,Kaisrův dvůr",49.12116360423631,13.55327810461243,KT,CZ
"Kašperské Hory,Červená,Karlina pila",49.11653890450779,13.567534404731417,KT,CZ
"Konstantinovy Lázně,Daňkov,rozc.",49.8624436053823,13.001808104375778,TC,CZ
"Konstantinovy Lázně,Daňkov,rozc.",49.86246280504612,13.00173830457794,TC,CZ
"Konstantinovy Lázně,Daňkov,rozc.",49.86317780491551,13.002216904171606,TC,CZ
Kornatice,49.65912030467319,13.591673604591621,RO,CZ
"Mešno,,hřbitov",49.65636890452615,13.620443905007582,RO,CZ
"Mešno,,hřbitov",49.65633860469474,13.620473305077253,RO,CZ
"Kašperské Hory,,pila U Štroubů",49.12472250460661,13.546240604660808,KT,CZ
"Strašice,,Huť",49.72930780503009,13.752681905134688,RO,CZ
"Strašice,,Huť",49.729218604939554,13.752625804683243,RO,CZ
"Bělá nad Radbuzou,Újezd Svatého Kříže,lom",49.577526904751906,12.747836104118774,DO,CZ
"Bělá nad Radbuzou,Újezd Svatého Kříže,lom",49.57744390437207,12.747730303731046,DO,CZ
"Karlovy Vary,,nemocnice",50.231445605618106,12.87555440435983,KV,CZ
"Nezvěstice,,garáž ČSAD",49.643171405104134,13.511859404955588,PM,CZ
"Nezvěstice,,garáž ČSAD",49.64339170471314,13.511734204978001,PM,CZ
"Rozvadov,,rozc.",49.67702110500236,12.584314404049755,TC,CZ
"Rozvadov,,rozc.",49.67702890526426,12.58519310389803,TC,CZ
Štítov,49.66746830491332,13.67997670547466,RO,CZ
"Plzeň,,Radobyčická",49.740197204539534,13.37853670511059,PM,CZ
"Plzeň,,Radobyčická",49.740306405217375,13.377890304178896,PM,CZ
"Blížejov,,u žel.st.",49.49950310471188,12.99155970484342,DO,CZ
"Blížejov,,u žel.st.",49.49961080466452,12.99097220500749,DO,CZ
"Díly,,ObÚ",49.44632310444898,12.786935004496451,DO,CZ
"Díly,,ObÚ",49.4461050046597,12.786968304053701,DO,CZ
"Horšovský Týn,Věvrov",49.5760275046966,12.92790670474987,DO,CZ
"Kdyně,,Na Kobyle",49.3937711049771,13.024566903872381,DO,CZ
"Kdyně,,Na Kobyle",49.393851704318685,13.024523605115181,DO,CZ
"Nemanice,Lísková",49.420333904640614,12.719053904357033,DO,CZ
"Nemanice,Lísková",49.42049690502407,12.718976104710737,DO,CZ
"Strážov,Zahorčice",49.29642750434909,13.222598605115042,KT,CZ
"Strážov,Zahorčice,u mlýna",49.296887204484676,13.233152204020403,KT,CZ
"Strážov,Zahorčice,u mlýna",49.296864204100885,13.233353104674348,KT,CZ
"Lubenec,,Karlovarská",50.13194310527873,13.312535304000555,LN,CZ
"Lubenec,,Karlovarská",50.132040305314206,13.312363605158716,LN,CZ
"Kasejovice,,Újezdský rybník",49.4815569047085,13.75844670478168,PJ,CZ
"Kasejovice,,Újezdský rybník",49.48155330446266,13.758513905676557,PJ,CZ
"Bor,,u kina",49.711420004558555,12.772958303712759,TC,CZ
"Bor,,u kina",49.71152220492421,12.773041404553364,TC,CZ
"Černíkov,Vílov,rozc.",49.397388304864215,13.14976560443486,KT,CZ
"Černíkov,Vílov,rozc.",49.39738140461488,13.149723905217959,KT,CZ
"Hlavňovice,Čeletice,rozc.",49.223910804046554,13.362490804242293,KT,CZ
"Hlavňovice,Čeletice,rozc.",49.223780804733344,13.362019404291964,KT,CZ
"Hrádek,Tedražice,HEWA-TEX",49.251165604381896,13.531573105066588,KT,CZ
"Hrádek,Tedražice,HEWA-TEX",49.251193304553574,13.53131030499061,KT,CZ
"Nemčice,,hrad Nový Herštejn",49.40767560504573,13.06942530505464,DO,CZ
"Přehýšov,Radějovice",49.695634704827434,13.072212504256072,PS,CZ
"Přehýšov,Radějovice",49.69558780444645,13.072275604976134,PS,CZ
"Slatina,,lom",49.39531170497401,13.744455605098501,KT,CZ
"Slatina,,lom",49.39557190448545,13.744498605665688,KT,CZ
"Radnice,,ZŠ",49.857333604836114,13.600755805022194,RO,CZ
"Prášily,Slučí Tah,háj.",49.15269220468856,13.349648104703922,KT,CZ
"Plzeň,,Hasičská stanice",49.71999780436556,13.41668330455849,PM,CZ
"Plzeň,,Hasičská stanice",49.71809890503335,13.416956904608645,PM,CZ
"Plzeň,,U Továrničky",49.7561900045898,13.446590005570442,PM,CZ
"Plzeň,,U Továrničky",49.756170004833166,13.44691000533906,PM,CZ
"Plzeň,,Zábělá",49.77105360451213,13.453225805116476,PM,CZ
"Plzeň,,Zábělá",49.77077140506486,13.452665304618522,PM,CZ
Zruč-Senec,49.80933000446451,13.432320004603255,PS,CZ
Zruč-Senec,49.80927000476081,13.432710004639734,PS,CZ
"Starý Plzenec,,Malá Strana",49.70147110477066,13.469474705340359,PM,CZ
"Starý Plzenec,,Malá Strana",49.70100780483195,13.470255304527612,PM,CZ
"Plzeň,,Ejpovická",49.75685000482071,13.433000005326816,PM,CZ
"Plzeň,,Ejpovická",49.75740000519333,13.431820004698983,PM,CZ
"Plzeň,,Rozcestí Újezd",49.76509500485813,13.438660004555176,PM,CZ
"Plzeň,,Rozcestí Újezd",49.7649997050515,13.438685604589592,PM,CZ
"Babylon,,Hadrovec",49.41578860452709,12.87273140472175,DO,CZ
"Babylon,,Hadrovec",49.415893604796295,12.872970803741534,DO,CZ
"Mariánské Lázně,,Cityservis",49.97297110534997,12.703525804355543,CH,CZ
"Tlučná,,U zahradníka",49.72670280518543,13.247499705130366,PS,CZ
"Tlučná,,U zahradníka",49.7266431050924,13.246597203931989,PS,CZ
"Plzeň,,Úřad Lochotín",49.766687804504386,13.37183000482913,PM,CZ
"Karlovy Vary,,MATTONI Arena",50.2232178047732,12.84164530376209,KV,CZ
"Karlovy Vary,,MATTONI Arena",50.224060804985434,12.842596104663368,KV,CZ
"Bayer.Eisenstein,,Jugendherberge",49.12641390417282,13.188151905044098,,CZ
"Bayer.Eisenstein,,Jugendherberge",49.12626830445442,13.188395804160612,,CZ
"Lam,,Bahnhof I",49.191504004614316,13.051134777885494,,D
"Lam,,Abzw Bahnhof",49.193370004628385,13.053856177745805,,D
"Lam,,Postamt",49.19605060401503,13.053023977078556,,D
"Lam,,Postamt",49.19596300410504,13.05308135761172,,D
"Lam,,Marktplatz",49.198805204665426,13.048762645452191,,D
"Lam,,Marktplatz",49.198722004862695,13.048804602491716,,D
"Bayer.Eisenstein,,Häusl",49.12547970402739,13.195559404519392,,CZ
"Bayer.Eisenstein,,Häusl",49.12535420440399,13.19598860457406,,CZ
"Brennes,,Sporthotel",49.13414220488802,13.144058305112514,,D
"Brennes,,Sporthotel",49.13400530419304,13.143964405334973,,D
"Lohberg,,Gemeindeverwaltung",49.17355120448456,13.106250668178088,,D
"Lohberg,,Gemeindeverwaltung",49.17356890421299,13.106369819973269,,D
"Lohberg,,Schwarzenbach Steg",49.17665070411326,13.07950965543095,,D
"Lohberg,,Schwarzenbach Steg",49.17681030443529,13.078977731790395,,D
"Plzeň,,Stavební stroje",49.74942000454593,13.402720004571886,PM,CZ
"Plzeň,,U Kondrů",49.77255940498341,13.407059204555434,PM,CZ
"Plzeň,,U Kondrů",49.77271720513022,13.407733605365664,PM,CZ
"Plzeň,,U Prodejny",49.70844830437116,13.331813304238809,PM,CZ
"Plzeň,,U Prodejny",49.7084133046451,13.332071105455386,PM,CZ
"Plzeň,,Lašitov",49.706879204682366,13.330678304413826,PM,CZ
Nevolice,49.41895000456082,12.931878304390233,DO,CZ
"Žihobce,,ZŠ",49.21533440439939,13.632222504480215,KT,CZ
"Plzeň,,NC Úněšovská",49.775375004745605,13.347765304903515,PM,CZ
"Plzeň,,NC Úněšovská",49.77520530491897,13.3477944047516,PM,CZ
"Plzeň,,Folmavská rondel",49.731375805276926,13.3231817046641,PM,CZ
"Plzeň,,Folmavská rondel",49.73164080463575,13.322467564447768,PM,CZ
"Čachrov,Gerlova Huť",49.16267940466686,13.281313604807965,KT,CZ
"Smědčice,,Na vršku",49.800524705219104,13.512176704438405,RO,CZ
"Smědčice,,Na vršku",49.801021704848004,13.512984205100006,RO,CZ
"Dýšina,,gen.Pattona",49.77974000523482,13.496250005289323,PM,CZ
"Klatovy,Dehtín,žel.st.",49.448637204592295,13.288880604943897,KT,CZ
"Klatovy,Dehtín,žel.st.",49.44875220472654,13.288798605376689,KT,CZ
"Sušice,,Dlouhoveská",49.22843220454454,13.522713904370944,KT,CZ
"Sušice,Volšovy,točna",49.21249500417671,13.496680805252968,KT,CZ
"Plzeň,,Sady Pětatřicátníků",49.74762920526259,13.3735286049331,PM,CZ
"Plzeň,,Sady Pětatřicátníků",49.747668305060934,13.374073105011666,PM,CZ
"Přeštice,Zastávka",49.60062750432417,13.298908304569427,PJ,CZ
"Arber Bergbahn,,Talstation",49.12121520437847,13.142011304982212,,D
"Thurnhoflift,,Haltestelle",49.129994204336164,13.141459703967566,,D
"Thurnhoflift,,Haltestelle",49.13024170438147,13.141626104952723,,D
"Rokycany,,Polní",49.73421420451647,13.581663104605264,RO,CZ
Neurittsteig,49.24161110463199,13.053038152148542,,CZ
Neurittsteig,49.24160750418315,13.053137799308878,,CZ
"Absetz,,Gh.Tanneneck",49.22764080439791,13.022002318971195,,D
"Absetz,,Gh.Tanneneck",49.22767920472231,13.022061185823867,,D
Buchetbühl,49.211407204183324,13.030106297672978,,D
Buchetbühl,49.211478904242114,13.03025702713238,,D
Engelshütt,49.206771904935934,13.03146958469029,,D
Engelshütt,49.20656340420868,13.031738591487475,,D
Irlsaign,49.205805504025896,13.013781814053628,,D
Haibühl,49.205332504888496,13.009920004017356,,D
Haibühl,49.20397040479104,13.005090951221696,,D
Abzw.Ottenzell,49.20363460450228,13.002991972688726,,D
"Plzeň,,U Nové Hospody",49.73157440460469,13.32752970447309,PM,CZ
"Plzeň,,U Nové Hospody",49.73126220466352,13.329198104534363,PM,CZ
"Vejvanov,Pajzov",49.86264220531332,13.653520804950386,RO,CZ
"Plzeň,,Bolevec",49.78373530450335,13.384313304983907,PM,CZ
"Plzeň,,Bolevec",49.78365360518656,13.3845722047924,PM,CZ
"Plzeň,,U Panasoniku",49.73101610472361,13.33630610516368,PM,CZ
"Plzeň,,U Panasoniku",49.730711104675656,13.33810860519959,PM,CZ
"Plzeň,,Gigant",49.721826404928876,13.379359405131517,PM,CZ
"Plzeň,,Gigant",49.72162170476308,13.379376705220183,PM,CZ
"Plzeň,,Hokejová hala",49.774983604568796,13.354515004669613,PM,CZ
"Plzeň,,Hokejová hala",49.77449360451589,13.353498604856116,PM,CZ
"Plzeň,,Chodské náměstí",49.73784440466031,13.371269704537962,PM,CZ
"Plzeň,,Chodské náměstí",49.737509205083335,13.371293304686544,PM,CZ
"Plzeň,,Školy Vejprnická",49.74222420471009,13.3333958054851,PM,CZ
"Plzeň,,Školy Vejprnická",49.742030805147046,13.33315970501719,PM,CZ
"Plzeň,,Poliklinika Doubravka",49.75370330460656,13.416553305520017,PM,CZ
"Plzeň,,Kalikova",49.749059204709894,13.365879405421717,PM,CZ
"Plzeň,,Kalikova",49.74898110511901,13.365970605185328,PM,CZ
"Plzeň,,Košutka",49.78167310483235,13.371391104279027,PM,CZ
"Plzeň,,Košutka",49.781456404604604,13.371694204529243,PM,CZ
"Plzeň,,Zámecké náměstí",49.75860440454663,13.307598904212675,PM,CZ
"Plzeň,,Zámecké náměstí",49.75880720504031,13.307574704262246,PM,CZ
"Plzeň,,Lábkova",49.744821104632706,13.324461705220948,PM,CZ
"Plzeň,,Malesická",49.74454140498288,13.345730804300684,PM,CZ
"Plzeň,,Malesická",49.74447920471799,13.346532804451735,PM,CZ
"Plzeň,,Okounová",49.77899000497205,13.381524404642787,PM,CZ
"Plzeň,,Okounová",49.780176405290696,13.382648305077335,PM,CZ
"Plzeň,,Okounová",49.77937420484546,13.382926705170096,PM,CZ
"Plzeň,,Okounová",49.78045420466527,13.383326104275081,PM,CZ
"Plzeň,,Severka",49.774727204856234,13.366615605059584,PM,CZ
"Plzeň,,Severka",49.776073304846136,13.368011405433826,PM,CZ
"Plzeň,,Severka",49.77558080458406,13.36642780512928,PM,CZ
"Plzeň,,Severka",49.77527920445583,13.368459404674754,PM,CZ
"Plzeň,,Sokolovská",49.77029940487472,13.363505804903076,PM,CZ
"Plzeň,,Světovar",49.72736720490203,13.413464705033743,PM,CZ
"Plzeň,,U Gery",49.767408105156825,13.373791705237638,PM,CZ
"Plzeň,,U Gery",49.76759670524245,13.374487504687309,PM,CZ
"Horšovský Týn,,Masarykova",49.53074390497979,12.936819404540865,DO,CZ
"Horšovský Týn,,Masarykova",49.530673304846026,12.93674030391815,DO,CZ
"Horažďovice,,nem.",49.323560804394326,13.706653605433472,KT,CZ
"Horažďovice,,Blatenská",49.32318280452727,13.7079478044706,KT,CZ
"Plzeň,,Regensburská rondel",49.73364170500929,13.321443305363164,PM,CZ
"Plzeň,,Regensburská rondel",49.73250610505379,13.320288604334877,PM,CZ
"Klatovy,,Plzeňská u nemocnice",49.403947504713955,13.293972504238633,KT,CZ
"Kladruby,Brod,mlýn",49.69825860514597,12.924448104492482,TC,CZ
"Kladruby,Brod,mlýn",49.69822810505203,12.924480304489212,TC,CZ
"Mýto,Kařízek,osada",49.80100920526469,13.766645305598535,RO,CZ
"Tachov,,Rychta",49.79565080542952,12.625731404652388,TC,CZ
"Rittsteig,,Dorfplatz",49.24946360458845,13.044630095495927,,CZ
"Rittsteig,,Dorfplatz",49.249503304709236,13.044723746887634,,CZ
"Kralovice,,Žatecká",49.98584530488832,13.488892204971199,PS,CZ
"Kralovice,,Žatecká",49.98740690523648,13.488671105474669,PS,CZ
"Mirošov,,nám.",49.68785530448861,13.656404704550344,RO,CZ
"Mirošov,,nám.",49.68798420480724,13.657165605075313,RO,CZ
"Bayer.Eisenstein,,P-Grenzübergang",49.12194364478881,13.20234906503126,,CZ
"Bayer.Eisenstein,,P-Grenzübergang",49.12220702453148,13.202870244090201,,CZ
"Letkov,,V Podlesí",49.73443000465664,13.472110005421166,PM,CZ
"Letkov,,U Studánky",49.73100000494768,13.470980005119907,PM,CZ
"Letkov,,U Studánky",49.73111000465632,13.471740004960282,PM,CZ
"Kostelec,,Sever",49.67874920517411,13.029550803746078,TC,CZ
"Kostelec,,Sever",49.67884110510032,13.029663304980117,TC,CZ
"Trpísty,Sviňomazy,náves",49.828951904764516,13.041982504294669,TC,CZ
"Staňkov,,Soukenická ulice",49.5538314049226,13.068808104748886,DO,CZ
"Blovice,Komorno,rozc.",49.5688856050604,13.525806404790055,PJ,CZ
"Blovice,Komorno,rozc.",49.569065604484706,13.525831904714016,PJ,CZ
"Benešovice,Lom u Stříbra",49.742532204984336,12.888026104741689,TC,CZ
"Plzeň,,Železniční",49.74278000498524,13.388950004467299,PM,CZ
"Plzeň,,Železniční",49.742780004694104,13.389200004428412,PM,CZ
"Stříbro,,Průmyslová",49.75261220506464,12.979906404078791,TC,CZ
"Plzeň,,Lhota Sinor",49.681774704729015,13.314476704314256,PM,CZ
"Plzeň,,Lhota Sinor",49.68174690526278,13.314510304863836,PM,CZ
"Letkov,,u zrcadla",49.73018000504684,13.46679000515374,PM,CZ
"Letkov,,u zrcadla",49.73008000483022,13.466970005278723,PM,CZ
"Švihov,Kamýk",49.46855360443621,13.322556104856686,KT,CZ
"Švihov,Kamýk,Pod Skálou",49.47329720494237,13.320636404152381,KT,CZ
"Bezdružice,Kamýk",49.91928750519409,12.913936404034752,TC,CZ
"Pšov,Novosedly,rozc.",50.040630805003886,13.174773605243848,KV,CZ
"Pšov,Novosedly,rozc.",50.04069810510794,13.174756405275827,KV,CZ
"Blovice,Vlčice,DPS",49.56988360423749,13.542379704404127,PJ,CZ
"Blatná,,Vorlíčkova",49.421694704491145,13.882063105272369,ST,CZ
"Plzeň,,Terminál Hlavní nádraží",49.74464470518437,13.389387505057401,PM,CZ
"Plzeň,,Terminál Hlavní nádraží",49.7445654050942,13.389081505034778,PM,CZ
"Plzeň,,Terminál Hlavní nádraží",49.74450580475336,13.388818305343268,PM,CZ
"Plzeň,,Terminál Hlavní nádraží",49.74439300516319,13.388503204711753,PM,CZ
"Plzeň,,Terminál Hlavní nádraží",49.74426270512378,13.388164504957098,PM,CZ
"Plzeň,,Terminál Hlavní nádraží",49.74420030452635,13.38788570474737,PM,CZ
"Plzeň,,Terminál Hlavní nádraží",49.744365505130645,13.387986405046217,PM,CZ
"Plzeň,,Terminál Hlavní nádraží",49.74446610438986,13.388308304509923,PM,CZ
"Plzeň,,Terminál Hlavní nádraží",49.74453970525842,13.388559204803109,PM,CZ
"Plzeň,,Terminál Hlavní nádraží",49.74481250485506,13.389382905002345,PM,CZ
"Všeruby,,Celnice",49.335410804279476,12.97502690482936,DO,CZ
"Šťáhlavy,,žel.zast.",49.66926190482588,13.502329704512084,PM,CZ
"Šťáhlavy,,žel.zast.",49.669493904882955,13.502247205500863,PM,CZ
"Plzeň,,Borský park",49.725800004981565,13.365010004829516,PM,CZ
"Plzeň,,Borský park",49.725780004607714,13.365100004769362,PM,CZ
"Plzeň,,Univerzita",49.72588920458727,13.347346104438074,PM,CZ
Thürnstein,49.19096790405403,13.059609560061382,,D
Thürnstein,49.190752204125154,13.05971784109484,,D
"Lohberg,,Neuschrenkenthal",49.179471004116536,13.07267110347395,,D
"Lohberg,,Neuschrenkenthal",49.17921530454196,13.073184671142572,,D
"Lohberghütte,,Tierpark",49.17010820424751,13.091942555077301,,D
"Lohberghütte,,Tierpark",49.16990880454462,13.09237470148869,,D
"Lohberg,,Gasthaus Wastl",49.17043300485323,13.098973428618077,,D
"Nýřany,,nádraží",49.71439400481472,13.208596004376243,PS,CZ
"Nýřany,,nádraží",49.71446700513093,13.208862004364372,PS,CZ
"Švihov,Třebýcinka",49.484380004482226,13.316519205367147,KT,CZ
"Újezd u Svatého Kříže,,ObÚ",49.858886405237335,13.572218904669825,RO,CZ
"Bor,Nová Hospoda,B4",49.75033610474488,12.769840604746333,TC,CZ
"Bor,Nová Hospoda,B6",49.746921905235766,12.764924203686428,TC,CZ
"Bor,Nová Hospoda,B12",49.747291105140654,12.758431904369552,TC,CZ
"Červené Poříčí,,žel.zast.",49.495123304545885,13.305318904476605,KT,CZ
"Červené Poříčí,,žel.zast.",49.495719204640274,13.30470390458041,KT,CZ
"Chválenice,Želčany,rozc.",49.629521705152406,13.48098810503004,PM,CZ
"Chválenice,Želčany,rozc.",49.62948080431601,13.481106104363468,PM,CZ
"Líšťany,Třebobuz,kaplička",49.81875060502678,13.157821403909251,PS,CZ
Mais,49.07899900393027,13.068283734169063,,D
Mais,49.07913880437927,13.06817371443192,,D
Unterrehberg,49.101783904007824,13.023337199896863,,D
Unterrehberg,49.10177670414509,13.023442048878627,,D
Frathau,49.09697190441014,13.031171307083026,,D
Frathau,49.09685900429842,13.031184672803608,,D
"Oberried,,Kindergarten",49.09770680406534,13.038498995977818,,D
"Oberried,,Kindergarten",49.09770310396543,13.038561205436512,,D
"Unterried,,Gh.Köppl",49.09327230404473,13.042834219404563,,D
Haberbühl,49.089787904702625,13.043852698577698,,D
"Drachselsried,,Dorfplatz",49.10712680488246,13.010645556571884,,D
"Drachselsried,,Dorfplatz",49.107197804782366,13.010609882909256,,D
"Plánice,Bližanovy,točna",49.421414204922236,13.506266704340396,KT,CZ
"Kašperské Hory,,škola",49.14489920469857,13.559348104404416,KT,CZ
"Přeštice,,u přejezdu",49.56733000459592,13.323393304539707,PJ,CZ
"Chotíkov,,spalovna",49.80528030495361,13.295312204057923,PS,CZ
"Chotíkov,,spalovna",49.804726405289394,13.296442804899494,PS,CZ
"Dobřany,,Kotynka",49.64554860477858,13.291738304939354,PJ,CZ
"Dobřany,,Kotynka",49.64559030512147,13.291617804818719,PJ,CZ
"Všeruby,Chrančovice,rozc.Chrástov",49.84162810519616,13.152670804163169,PS,CZ
"Všeruby,Chrančovice,rozc.Chrástov",49.84155190510285,13.152756704131818,PS,CZ
"Sušice,,Nádražní Úřad práce",49.2414772048231,13.530534704437535,KT,CZ
"Sušice,,Nádražní Úřad práce",49.24175560489699,13.530888904678438,KT,CZ
"Domažlice,,U Zimního stadionu",49.443570804753996,12.911483904598688,DO,CZ
"Domažlice,,U Zimního stadionu",49.44346810437416,12.911636705049416,DO,CZ
"Radkovice,,U transformátoru",49.547079404271884,13.36785000481505,PJ,CZ
"Manětín,,Na Výhledech",49.970249404912444,13.263118904212378,PS,CZ
"Manětín,,Na Výhledech",49.97033530507637,13.263164405236527,PS,CZ
"Manětín,Vladměřice,rozcestí",49.975734405037564,13.260341705048852,PS,CZ
"Manětín,Vladměřice,rozcestí",49.97577500501503,13.260198305276859,PS,CZ
"Měčín,,Malinecká",49.48192440490658,13.400643304757645,KT,CZ
"Měčín,,Malinecká",49.48183030436629,13.400938605396647,KT,CZ
"Pec,,rozhledna Čerchov",49.3838789045862,12.784591404392707,DO,CZ
"Sulislav,,U parčíku",49.74782970463037,13.072790604561623,TC,CZ
"Sulislav,,U parčíku",49.74793530458188,13.072813605132128,TC,CZ
"Štěnovice,,Modřínová",49.66419330435165,13.396190804456939,PJ,CZ
"Obora,Dolní Výšina,v.n.Lučina",49.817333105265945,12.556473104348294,TC,CZ
"Srní,,hasičská zbrojnice",49.08657890431836,13.479178305294086,KT,CZ
"Srní,,hasičská zbrojnice",49.08645500470691,13.479048104557643,KT,CZ
"Nekmíř,,zámek",49.856980604833204,13.25907610449412,PS,CZ
"Nekmíř,,zámek",49.856791104905085,13.259403304291846,PS,CZ
"Třemošná,,Pod Luhovou",49.81283360522704,13.406793904232602,PS,CZ
"Třemošná,,Pod Luhovou",49.81272640520668,13.406775305258876,PS,CZ
"Mezholezy u Kdyně,,Habeš",49.410822505010714,13.096006404772915,DO,CZ
"Mezholezy u Kdyně,,Habeš",49.41069330475098,13.095690003949954,DO,CZ
"Bor,Vysočany,CPI Park Mlýnec",49.70119220469703,12.734578304592183,TC,CZ
"Netunice,,náves",49.61616750433198,13.430596104959873,PJ,CZ
"Netunice,,náves",49.6162875046751,13.430384204821923,PJ,CZ
"Tachov,,BHS hlavní brána",49.808854404771964,12.633245303480155,TC,CZ
"Horšovský Týn,Horní Metelsko,kaplička",49.56589060435975,12.893162803831531,DO,CZ
"Bayer.Eisenstein,,Neuhütte",49.12624969441363,13.188448595211963,,CZ
"Bayer.Eisenstein,,Neuhütte",49.12643574429512,13.188134774796428,,CZ
"Bodenmais,,Bretterschachten Langlaufzentrum",49.073888034288835,13.155836744533923,,D
"Bodenmais,,Bretterschachten Langlaufzentrum",49.07396239439143,13.15570292492344,,D
"Bayer.Eisenstein,,Arbersee",49.09880634435446,13.159367584332255,,D
"Bayer.Eisenstein,,Arbersee",49.09931677413325,13.159053944507946,,D
"Bodenmais,,Schönebene",49.06367542484145,13.137044844881947,,D
"Bodenmais,,Schönebene",49.063978574455255,13.13715884474767,,D
"Bodenmais,,Silberberg Sesselbahn Talstation",49.06177774402291,13.118004084033428,,D
"Bodenmais,,Hotel Waldeck",49.067318974302836,13.111452615231578,,D
"Bodenmais,,Cafe Winklstüberl",49.06736149412614,13.109614124430518,,D
"Bodenmais,,Hochstraße Abzweig Rodelbahn",49.069944114308974,13.131138524035833,,D
"Bodenmais,,Hochstraße Abzweig Rodelbahn",49.07001615448439,13.131064764737296,,D
"Blatnice,,CTPark",49.71301750511595,13.175223904059251,PS,CZ
"Kostelec,Lšelín",49.66776610499788,13.007778904933351,TC,CZ
"Osek,Nový Dvůr,rozcestí",49.78977140508089,13.587886104738956,RO,CZ
"Osek,Nový Dvůr,rozcestí",49.7896814049242,13.587800305040954,RO,CZ
"Kotovice,,u rybníka",49.67233060494312,13.154639403908083,PJ,CZ
"Kotovice,,u rybníka",49.672313904499916,13.154528305014804,PJ,CZ
"Bělčice,,nám.",49.50355220488581,13.874560005688421,ST,CZ
"Bělčice,,nám.",49.50326390448622,13.874655604672807,ST,CZ
"Bělčice,,žel.st.",49.50377970487506,13.88508280474824,ST,CZ
"Bělčice,,žel.st.",49.50354670429541,13.884441105972844,ST,CZ
"Bělčice,,u knihovny",49.50266500417803,13.879253305138917,ST,CZ
"Bělčice,,u knihovny",49.502618604784054,13.879879704870564,ST,CZ
"Bělčice,,ZD",49.498796404938886,13.875039404652354,ST,CZ
"Bělčice,,ZD",49.498792804375206,13.874890604678436,ST,CZ
"Bělčice,Hostišovice",49.489775604947184,13.929226905203405,ST,CZ
"Bělčice,Hostišovice",49.489615304775356,13.929065805347932,ST,CZ
"Bělčice,Hostišovice,u rybníka",49.486990004496754,13.92611560499454,ST,CZ
"Bělčice,Hostišovice,u rybníka",49.486924704597925,13.926103604803554,ST,CZ
"Bělčice,Podruhlí",49.49504560482668,13.918319705183833,ST,CZ
"Bělčice,Podruhlí",49.49493470430147,13.918455005355,ST,CZ
"Bělčice,Tisov",49.514793904462266,13.82086080588516,ST,CZ
"Bělčice,Tisov",49.51520500459529,13.821216405110505,ST,CZ
"Bělčice,Újezdec",49.500548605134064,13.831757805789913,ST,CZ
"Bělčice,Újezdec",49.50062190428061,13.83239890563791,ST,CZ
"Bělčice,Újezdec,mlýn",49.500653604324675,13.846361405352797,ST,CZ
"Bělčice,Újezdec,mlýn",49.500712804393515,13.846238105706064,ST,CZ
"Bělčice,Záhrobí",49.50873810501353,13.848930604963744,ST,CZ
"Bělčice,Záhrobí,cihelna",49.50413670426981,13.858189704886946,ST,CZ
"Bělčice,Záhrobí,cihelna",49.50417500429599,13.8582553053779,ST,CZ
"Bělčice,Záhrobí,rozc.1.0",49.50225640498558,13.861257505554793,ST,CZ
"Bělčice,Záhrobí,rozc.1.0",49.50218420500422,13.861418605120566,ST,CZ
"Bělčice,Závišín",49.4852642047881,13.868071104629712,ST,CZ
"Bělčice,Závišín",49.485217205055854,13.868079205267716,ST,CZ
"Bezdědovice,Dobšice,samoty rozc.1.0",49.457213304625654,13.901641104689709,ST,CZ
"Bezdědovice,Dobšice,samoty rozc.1.0",49.45713390494194,13.901735005884877,ST,CZ
"Bezdědovice,Paštiky",49.4435042046265,13.898175005012778,ST,CZ
"Bezdědovice,Paštiky",49.44344390453622,13.898303904886081,ST,CZ
"Blatná,,Vrbenská",49.424091104855165,13.862807504666316,ST,CZ
"Blatná,,Vrbenská",49.42413560428267,13.862666705479969,ST,CZ
"Mačkov,,jízdárna",49.410648304639565,13.884240005892039,ST,CZ
"Mačkov,,jízdárna",49.41069440438168,13.88412610600816,ST,CZ
"Blatná,,krematorium",49.42192670434157,13.892757205434497,ST,CZ
"Blatná,,krematorium",49.42184190465817,13.892796105288499,ST,CZ
"Blatná,,Lapač",49.41379000444268,13.902959204656872,ST,CZ
"Blatná,,Lapač",49.41359500470791,13.903232804691667,ST,CZ
"Blatná,,mlékárna",49.41749170422894,13.885581905557883,ST,CZ
"Blatná,,mlékárna",49.41745170456949,13.885315004657997,ST,CZ
Bošice,49.08977140402715,13.840179204882327,PT,CZ
Bošice,49.08872750477263,13.839971705509603,PT,CZ
Bošice,49.088710804420806,13.839841405717099,PT,CZ
"Bošice,,rozc.1.0",49.094914204038936,13.844663905285763,PT,CZ
"Bošice,,Brdo rozc.1.0",49.08407890467465,13.848359205784535,PT,CZ
"Bošice,,Brdo rozc.1.0",49.08408720387203,13.848045305027858,PT,CZ
"Bošice,Budilov",49.09066860430006,13.852847805146281,PT,CZ
"Bošice,Budilov",49.09042810460006,13.85292440503564,PT,CZ
"Bošice,Budilov,Mlaka",49.08626670442759,13.854051105746718,PT,CZ
"Bošice,Budilov,Mlaka",49.08632970472468,13.853958605518123,PT,CZ
"Bošice,Hradčany",49.09832030394027,13.841423905568444,PT,CZ
"Bošice,Hradčany",49.098213104726895,13.841356905829967,PT,CZ
"Bošice,Záhoří",49.083865603897245,13.830963105364457,PT,CZ
"Bošice,Záhoří",49.08384170472245,13.831281405026179,PT,CZ
Bratronice,49.36639860456113,13.841583605148209,ST,CZ
Bratronice,49.366056404582295,13.841447205087297,ST,CZ
Březí,49.507871904488155,13.797152204774656,ST,CZ
Březí,49.50787640458003,13.797451405640395,ST,CZ
Buzice,49.422931104609205,13.929395304895364,ST,CZ
Čečelovice,49.37412830441506,13.794940304840338,ST,CZ
Čečelovice,49.37369440414359,13.793786704806829,ST,CZ
Čestice,49.167931904534385,13.803696904790009,ST,CZ
Čestice,49.16753560419773,13.803817805014216,ST,CZ
Čestice,49.16771440420822,13.803462205288582,ST,CZ
"Čestice,,Na Špici",49.17604860406743,13.819188605434393,ST,CZ
"Čestice,,Na Špici",49.176050304747925,13.818542205510973,ST,CZ
"Čestice,,škola",49.16926470416157,13.805390604840833,ST,CZ
"Čestice,,škola",49.16944920482109,13.805758105231675,ST,CZ
"Čestice,Doubravice u Volyně",49.17741140467283,13.828372205659726,ST,CZ
"Čestice,Doubravice u Volyně",49.177543104699325,13.82825310501853,ST,CZ
"Nihošovice,,rozc.Doubravice u Volyně 0.3",49.17652890423924,13.838910804786039,ST,CZ
"Nihošovice,,rozc.Doubravice u Volyně 0.3",49.17663170409518,13.839243605197284,ST,CZ
"Čestice,Krušlov",49.143445804569076,13.810020305579835,ST,CZ
"Čestice,Krušlov",49.14350310456137,13.809856405595635,ST,CZ
"Čestice,Nahořany",49.141256404357186,13.832813105335772,ST,CZ
"Čestice,Nahořany",49.140958904542664,13.83029440589334,ST,CZ
"Čestice,Nuzín",49.15751030469864,13.822101105527988,ST,CZ
"Čestice,Střídka",49.17896310423347,13.809608605351828,ST,CZ
"Čestice,Střídka",49.17909810449095,13.809485304879649,ST,CZ
"Čkyně,,aut.nádr.",49.114986704701515,13.825420605833388,PT,CZ
"Čkyně,,aut.nádr.",49.11483720452545,13.825405804604959,PT,CZ
"Čkyně,,aut.nádr.",49.11472500430628,13.825631105851429,PT,CZ
"Čkyně,,aut.nádr.",49.11485750419198,13.825641905189732,PT,CZ
"Dřešín,Dřešínek",49.16788610424855,13.772821104846294,ST,CZ
"Dřešín,Dřešínek",49.16818530466505,13.771942805534835,ST,CZ
"Dřešín,Chvalšovice",49.14339170442708,13.759410605829304,ST,CZ
"Dřešín,Chvalšovice",49.14316530442647,13.758163305791154,ST,CZ
Hajany,49.445577204365954,13.836893905426377,ST,CZ
Hajany,49.44649360446861,13.835906105604979,ST,CZ
Hlupín,49.33475610411232,13.806990805082423,ST,CZ
Hlupín,49.334691704271705,13.807732505919468,ST,CZ
"Hlupín,,Na samotě",49.32837780474378,13.773168104742966,ST,CZ
"Hlupín,,Na samotě",49.32831640452036,13.773220305528694,ST,CZ
Horní Poříčí,49.2862383048942,13.784982805470351,ST,CZ
Horní Poříčí,49.28628830457777,13.784668905754318,ST,CZ
"Horní Poříčí,Dolní Poříčí",49.286288304165346,13.792597205613768,ST,CZ
"Horní Poříčí,Dolní Poříčí",49.28636780464024,13.792423904874445,ST,CZ
Chlum,49.446417804731745,13.850994405854474,ST,CZ
"Chlum,,rozc.1.0",49.43981170477526,13.855121104670362,ST,CZ
"Chlum,,rozc.1.0",49.439891104794896,13.855148104553349,ST,CZ
Chobot,49.46281360488464,13.933953905630931,ST,CZ
Chobot,49.462741104790695,13.934018105315833,ST,CZ
"Chobot,Újezd u Skaličan,rozc.0.8",49.45301530463331,13.914671905934352,ST,CZ
Kadov,49.40329280445114,13.776669704565547,ST,CZ
Kadov,49.40349780500644,13.77646060527827,ST,CZ
"Blatná,,Lhotka rozc.1.0",49.41546360497138,13.852660305664465,ST,CZ
"Kadov,Mračov,rozc.1.0",49.40778500480459,13.83295250561696,ST,CZ
"Kadov,Mračov,rozc.1.0",49.40784080472172,13.832912504806204,ST,CZ
"Kadov,Vrbno",49.40385690426546,13.808002205069824,ST,CZ
"Kadov,Vrbno",49.40399750451523,13.807697805185864,ST,CZ
Katovice,49.27374560435937,13.829958904600126,ST,CZ
Katovice,49.27401360435084,13.829846905405072,ST,CZ
"Katovice,,Nádražní ulice I",49.27270080441602,13.830696405736418,ST,CZ
"Katovice,,škola",49.27286390424529,13.83433170491245,ST,CZ
"Katovice,,škola",49.27312030478891,13.833526905731365,ST,CZ
"Katovice,,U Trčků",49.26834220453435,13.824866405494578,ST,CZ
"Katovice,,U Trčků",49.26845690438483,13.825099705354848,ST,CZ
"Katovice,,ZD",49.27726580417675,13.831315604723624,ST,CZ
"Katovice,,ZD",49.27777140420847,13.832034205763076,ST,CZ
"Katovice,Liboč",49.266985004831604,13.83401390545859,ST,CZ
"Katovice,Liboč",49.26688420446416,13.83409580580825,ST,CZ
Kladruby,49.26808330482529,13.76447970473369,ST,CZ
Kocelovice,49.46417560443852,13.825762505020384,ST,CZ
Kocelovice,49.4643333045988,13.826140605299727,ST,CZ
Kraselov,49.227767804057585,13.803920605092033,ST,CZ
Kraselov,49.22776580461951,13.803766405545467,ST,CZ
"Mačkov,,žel.přejezd",49.41366830450497,13.87283810497459,ST,CZ
Malenice,49.1261103042767,13.882254405812448,ST,CZ
Malenice,49.125911104182215,13.881334405114885,ST,CZ
"Malenice,Zlešice",49.13603330474161,13.864514204836967,ST,CZ
"Malenice,Zlešice",49.13609440427861,13.864700604911398,ST,CZ
"Malenice,Zlešice,U Kožených",49.13061780454251,13.86245890506405,ST,CZ
"Malenice,Zlešice,U Kožených",49.13056940458263,13.862234704959484,ST,CZ
Mečichov,49.34774030471022,13.811151104864804,ST,CZ
Mečichov,49.347638104353294,13.81119810487154,ST,CZ
"Mečichov,,na samotě",49.33979110415399,13.781586405831192,ST,CZ
"Mečichov,,na samotě",49.33979810468497,13.781736405317949,ST,CZ
Milejovice,49.18795470453025,13.929144705298214,ST,CZ
Milejovice,49.187903904110904,13.929480005631822,ST,CZ
Miloňovice,49.22051920469472,13.957171705704923,ST,CZ
Miloňovice,49.22045560439393,13.957298905535746,ST,CZ
"Miloňovice,,rozc.1.0",49.21899890489865,13.946925005800944,ST,CZ
"Miloňovice,,rozc.1.0",49.2191636046929,13.945892205471742,ST,CZ
"Miloňovice,Nová Ves",49.21983080476965,13.936915604729124,ST,CZ
"Miloňovice,Nová Ves",49.21979670400914,13.936465005609545,ST,CZ
"Miloňovice,Sudkovice",49.213260304793906,13.953779404919771,ST,CZ
"Miloňovice,Sudkovice",49.213237504754694,13.953645305843887,ST,CZ
Mnichov,49.30189110472944,13.829851905118058,ST,CZ
"Mnichov,,sídl.RD",49.29949970430996,13.83179670536764,ST,CZ
"Mnichov,,sídl.RD",49.29945330478223,13.831741705276194,ST,CZ
Mutěnice,49.24106060441112,13.894908905669986,ST,CZ
Mutěnice,49.241423104666076,13.895462805440074,ST,CZ
"Strakonice,,rozc.Mutěnice 0.1",49.24324000421244,13.903214705586677,ST,CZ
"Strakonice,,rozc.Mutěnice 0.1",49.24324420417562,13.903106105446351,ST,CZ
Myštice,49.452136904716255,13.96886640518478,ST,CZ
Myštice,49.45220750465615,13.969052804867609,ST,CZ
"Myštice,Kožlí",49.457251704487035,13.97980190573137,ST,CZ
"Myštice,Nevželice",49.46317080421857,13.964530604874088,ST,CZ
"Myštice,Nevželice",49.46323080441699,13.964589404835603,ST,CZ
"Myštice,Svobodka",49.47041360486501,13.988520805055133,ST,CZ
"Myštice,Svobodka",49.46967170432734,13.987748304867255,ST,CZ
"Myštice,Vahlovice",49.44668970482738,13.942925605409632,ST,CZ
"Myštice,Vahlovice",49.44646390491152,13.943700805731146,ST,CZ
Nebřehovice,49.23834920411814,13.961380005385838,ST,CZ
Nebřehovice,49.2382772041318,13.96132500511925,ST,CZ
"Strakonice,,rozc.Nebřehovice 0.3",49.24024000439065,13.966895805934682,ST,CZ
Novosedly,49.26290110411131,13.797941705462298,ST,CZ
"Novosedly,,ZD",49.26287750420562,13.792925005152398,ST,CZ
"Novosedly,,ZD",49.263006104534995,13.792851104685347,ST,CZ
"Novosedly,Sloučín",49.25705530429925,13.81516330560075,ST,CZ
"Novosedly,Sloučín",49.25670810486879,13.814864204886353,ST,CZ
Pracejovice,49.25862690479966,13.850284405425112,ST,CZ
Pracejovice,49.25873500406364,13.850441404689063,ST,CZ
"Pracejovice,Makarov",49.245821104824,13.810074405093387,ST,CZ
"Pracejovice,Makarov",49.245800604571265,13.809802505327125,ST,CZ
Přední Zborovice,49.2186933047659,13.894982205054117,ST,CZ
Přední Zborovice,49.218408604544024,13.8945181054784,ST,CZ
Předslavice,49.132714404597515,13.935694405917603,ST,CZ
Předslavice,49.13282310476805,13.935172505511721,ST,CZ
"Předslavice,Kakovice",49.14552610467362,13.96221190517905,ST,CZ
"Předslavice,Všechlapy",49.13243890412566,13.958585005837142,ST,CZ
"Předslavice,Všechlapy",49.132594704344335,13.958485605900146,ST,CZ
Přechovice,49.17942030423458,13.895001904922651,ST,CZ
Přechovice,49.17953860406819,13.894550805123504,ST,CZ
Radošovice,49.235356904908684,13.899121405748017,ST,CZ
Radošovice,49.23501190482143,13.898648305020128,ST,CZ
"Radošovice,,rozc.0.5",49.23165890401153,13.914928605715746,ST,CZ
"Radošovice,,rozc.0.5",49.23143920398816,13.914608104871895,ST,CZ
"Radošovice,,silo",49.23557780455793,13.909514405602469,ST,CZ
"Radošovice,,silo",49.23560470480467,13.909411105279988,ST,CZ
"Radošovice,Kapsova Lhota",49.23155060483394,13.918989204982672,ST,CZ
"Radošovice,Kapsova Lhota",49.231459204839275,13.918817804938437,ST,CZ
"Radošovice,Milíkovice",49.20830220451725,13.931664405808027,ST,CZ
"Radošovice,Milíkovice",49.208257503982836,13.931766405113162,ST,CZ
"Radošovice,Svaryšov",49.21384720478663,13.92633670482445,ST,CZ
"Radošovice,Svaryšov",49.2135950047233,13.92662500591997,ST,CZ
Rovná,49.28648920450583,13.953793904678255,ST,CZ
Rovná,49.28638420413459,13.954122505305518,ST,CZ
"Rovná,,rozc.0.4",49.28287110404806,13.95327080480989,ST,CZ
"Rovná,,rozc.0.4",49.28306360434492,13.95438920497783,ST,CZ
Řepice,49.27916030430664,13.935395004821938,ST,CZ
Řepice,49.279125304377885,13.93521920575747,ST,CZ
"Slaník,,rozc.Řepice 0.6",49.27542250427932,13.939497505563613,ST,CZ
"Slaník,,rozc.Řepice 0.6",49.27564750453055,13.940746104979722,ST,CZ
"Slaník,,rozc.Řepice 0.6",49.275212504092934,13.941057204810427,ST,CZ
"Slaník,,rozc.Řepice 0.6",49.27584640415758,13.939830305515414,ST,CZ
"Řepice,,žel.zast.",49.27793690493841,13.912640805597764,ST,CZ
"Řepice,,žel.zast.",49.27834250467045,13.91363580473186,ST,CZ
Slaník,49.26923250422025,13.9531833052289,ST,CZ
"Strakonice,,aut.nádr.",49.25632170403402,13.916308105322585,ST,CZ
"Strakonice,,Ellerova-MŠ",49.26003970445184,13.911641104911613,ST,CZ
"Strakonice,,Ellerova-MŠ",49.26010080452927,13.912892805705239,ST,CZ
"Strakonice,,hrad",49.25784220458965,13.902290004651894,ST,CZ
"Strakonice,,hrad",49.25800140486224,13.902328905450213,ST,CZ
"Strakonice,,Hůl pískovna",49.251288904719054,13.87436640551515,ST,CZ
"Strakonice,,Hůl pískovna",49.25128640438069,13.8742281053539,ST,CZ
"Strakonice,,Husova I",49.264218304187935,13.903000305393853,ST,CZ
"Strakonice,,Husova I",49.26407470402422,13.901384405503597,ST,CZ
"Strakonice,,Husova",49.26370860424646,13.900049404879613,ST,CZ
"Strakonice,,chat.obl.",49.255055604696544,13.886861105098681,ST,CZ
"Strakonice,,chat.obl.",49.2551597043711,13.887362805820663,ST,CZ
"Strakonice,,Jiřího z Poděbrad",49.2667728042021,13.901248304863449,ST,CZ
"Strakonice,,Jiřího z Poděbrad",49.266693904546095,13.901474705531419,ST,CZ
"Strakonice,,Lidická",49.26468310450904,13.907954705376955,ST,CZ
"Strakonice,,Lidická",49.2642797042302,13.907549705104646,ST,CZ
"Strakonice,,Máchova ul.",49.26609310478018,13.89355000582254,ST,CZ
"Strakonice,,Máchova ul.",49.266036104784135,13.89423530564142,ST,CZ
"Strakonice,,Mírová ul.",49.26411780432999,13.894208305327851,ST,CZ
"Strakonice,,Mírová ul.",49.26435220428048,13.894046105401193,ST,CZ
"Strakonice,,Na Podskalí",49.26272890486565,13.874843905056919,ST,CZ
"Strakonice,,Na Podskalí",49.26286610447604,13.874925805841107,ST,CZ
"Strakonice,,Nad rájem",49.273676904184946,13.890338904886958,ST,CZ
"Strakonice,,Nad rájem",49.27372110403239,13.890487805110563,ST,CZ
"Strakonice,,Podsrp",49.24993530415904,13.936277505764345,ST,CZ
"Strakonice,,Podsrp",49.24973140483119,13.936592805213028,ST,CZ
"Strakonice,,Podsrp - hájenka",49.248673304864596,13.944422205643093,ST,CZ
"Strakonice,,Podsrp - hájenka",49.248459204488206,13.944424705894304,ST,CZ
"Strakonice,,Podsrp-prodejna",49.251045304795454,13.92076500483246,ST,CZ
"Strakonice,,Podsrp-prodejna",49.25100940460059,13.92090580546035,ST,CZ
"Strakonice,,Podsrpenská - Na Hajskou",49.25191890469729,13.921675805739573,ST,CZ
"Strakonice,,Podsrpenská - Na Hajskou",49.25180940444974,13.921722805380048,ST,CZ
"Strakonice,,Prácheňská",49.25298690481797,13.90533940543384,ST,CZ
"Strakonice,,PS",49.268709404601665,13.916711404862621,ST,CZ
"Strakonice,,PS",49.26873560485252,13.917411705470194,ST,CZ
"Strakonice,,Radomyšlská I",49.26609360469333,13.90556860532165,ST,CZ
"Strakonice,,Radomyšlská I",49.26565610463902,13.90578720578036,ST,CZ
Strašice,49.202728604425296,13.730134405489542,ST,CZ
Strašice,49.20276810468366,13.729852804518348,ST,CZ
"Nová Ves,,rozc.Strašice 2.0",49.1910150045732,13.713838305086414,ST,CZ
"Nová Ves,,rozc.Strašice 2.0",49.19140610464187,13.715415605755512,ST,CZ
"Strašice,Škůdra",49.21857970473774,13.740214405073175,ST,CZ
"Strašice,Škůdra",49.21855250468331,13.740038604727252,ST,CZ
"Strašice,Škůdra,rozc.1.3",49.21724060447521,13.729547804866785,ST,CZ
"Strašice,Škůdra,rozc.1.3",49.21735190471688,13.729420304856077,ST,CZ
Strunkovice n.Vol.,49.206834404594105,13.887436404821461,ST,CZ
Strunkovice n.Vol.,49.20965670431477,13.888011705561235,ST,CZ
Střelské Hoštice,49.29634110494423,13.758118905345059,ST,CZ
Střelské Hoštice,49.29650220440608,13.758149705113984,ST,CZ
"Střelské Hoštice,,ZD",49.299121404863975,13.762834405098612,ST,CZ
"Střelské Hoštice,,ZD",49.299054704570665,13.76288420481287,ST,CZ
"Střelské Hoštice,,žel.st.",49.30543940399055,13.776984204655216,ST,CZ
"Střelské Hoštice,,žel.st.",49.30545530410275,13.777319405305668,ST,CZ
"Střelské Hoštice,Kozlov",49.29767190478347,13.748561904561772,ST,CZ
"Střelské Hoštice,Lhota Střelskoh.",49.31113000458064,13.787903605248784,ST,CZ
"Střelské Hoštice,Sedlo",49.31761060461293,13.80436060497424,ST,CZ
Svatá Maří,49.064247203894745,13.831053105490051,PT,CZ
Svatá Maří,49.06411190467328,13.831115804544694,PT,CZ
"Svatá Maří,Smrčná,rozc.1.0",49.08391390446772,13.820849204992141,PT,CZ
"Svatá Maří,Smrčná,rozc.1.0",49.08391310398006,13.821012805779947,PT,CZ
"Svatá Maří,Štítkov,rozc.1.0",49.07222220396987,13.828292805126274,PT,CZ
"Svatá Maří,Štítkov,rozc.1.0",49.07239440411969,13.828267204703282,PT,CZ
"Svatá Maří,Trhonín",49.05773860419842,13.824937804964662,PT,CZ
"Svatá Maří,Trhonín",49.057825604442684,13.82527190556517,PT,CZ
"Svatá Maří,Trhonín,rozc.1.0",49.04923780391115,13.82007280493397,PT,CZ
"Svatá Maří,Trhonín,rozc.1.0",49.048817504685815,13.81947060521819,PT,CZ
"Svatá Maří,Trhonín,rozc.1.0",49.04922560461999,13.81954970469555,PT,CZ
"Svatá Maří,Trhonín,samoty",49.05363860387029,13.825569205291028,PT,CZ
"Svatá Maří,Trhonín,samoty",49.05378610416046,13.825841705033332,PT,CZ
"Svatá Maří,Vícemily",49.047171704649124,13.841674705842273,PT,CZ
"Svatá Maří,Vícemily",49.046884404686644,13.84232670568235,PT,CZ
Štěchovice,49.258311904390716,13.760588605870293,ST,CZ
Štěchovice,49.25822280476199,13.761310004577288,ST,CZ
Úlehle,49.201012504010976,13.839409705254742,ST,CZ
Úlehle,49.20120280415974,13.839346704829874,ST,CZ
"Vacov,Mladíkov",49.124830004176964,13.719124405227916,PT,CZ
"Vacov,Nespice",49.116322804118,13.746627805219898,PT,CZ
"Vacov,Nespice",49.116095303987755,13.74662220501498,PT,CZ
"Vacov,,Peckov",49.133359704001236,13.718921705271866,PT,CZ
"Vacov,,Peckov",49.133415804462636,13.718847805375175,PT,CZ
"Vacov,Přečín",49.14159190391083,13.739830804755913,PT,CZ
"Vacov,Přečín",49.1414700044936,13.739860305451439,PT,CZ
"Vacov,Rohanov",49.13337920459846,13.703372804537931,PT,CZ
"Vacov,Rohanov",49.133462504328286,13.70335810546261,PT,CZ
"Vacov,Rohanov",49.13333440422629,13.702802805385758,PT,CZ
"Vacov,Rohanov",49.13315360470169,13.70302670477357,PT,CZ
"Vacov,,Tejmlov",49.13173310480561,13.649006704929851,PT,CZ
"Vacov,,Tejmlov",49.13181310447475,13.64901860569534,PT,CZ
"Vacov,,Zahrádky",49.12347110450006,13.683235805492403,PT,CZ
"Vacov,,Zahrádky",49.12351940445816,13.683064205732357,PT,CZ
"Vacov,Žár",49.11565690434103,13.763478105843298,PT,CZ
"Vacov,Žár",49.115523604088956,13.763400305369832,PT,CZ
"Vacov,Žár,rozc.0.5",49.1153742044015,13.75633560554569,PT,CZ
"Vacov,Žár,rozc.0.5",49.11523890427151,13.756236104583154,PT,CZ
Vacovice,49.13982500435416,13.781842204544159,ST,CZ
"Vacovice,,Kamení",49.14283190474271,13.79113060508884,ST,CZ
"Vacovice,,Kamení",49.14278280463229,13.791184405087366,ST,CZ
"Dřešín,Chvalšovice,rozc.Vacovice 1.8",49.14608110448868,13.766255004963094,ST,CZ
"Dřešín,Chvalšovice,rozc.Vacovice 1.8",49.14611440446676,13.766453605138222,ST,CZ
"Vimperk,,aut.nádr.",49.0558244046156,13.786366904589896,PT,CZ
"Vimperk,,aut.nádr.",49.05585690407939,13.786605805560791,PT,CZ
"Vimperk,,aut.nádr.",49.05588860414187,13.786820304816546,PT,CZ
"Vimperk,,aut.nádr.",49.055921104630904,13.787033605800886,PT,CZ
"Vimperk,,aut.nádr.",49.05595060433187,13.78725080578006,PT,CZ
"Vimperk,,aut.nádr.",49.05598140404631,13.78755670554622,PT,CZ
"Vimperk,,aut.nádr.",49.05611060469056,13.787128105261411,PT,CZ
"Vimperk,,aut.nádr.",49.05603830429045,13.786680604538482,PT,CZ
"Vimperk,,ČSAD",49.05498580464712,13.795749405112836,PT,CZ
"Vimperk,,ČSAD",49.0549736042546,13.795132805168102,PT,CZ
"Vimperk,,U Gymnázia",49.05324810435357,13.773302805571337,PT,CZ
"Vimperk,,U Gymnázia",49.05350560450763,13.77385140558014,PT,CZ
"Vimperk,,nemocnice",49.055742504585815,13.767295304834532,PT,CZ
"Vimperk,,park",49.05307390406909,13.777952504614042,PT,CZ
"Vimperk,,park",49.052921904229905,13.777775304904885,PT,CZ
"Vimperk,,sídliště",49.05954080475173,13.776089205389292,PT,CZ
"Vimperk,,sídliště",49.059375604618644,13.77795860557733,PT,CZ
"Vimperk,,Špidrova",49.05278220424071,13.806686105511753,PT,CZ
"Vimperk,Výškovice,rozc.1.0",49.08435810466302,13.786763104894023,PT,CZ
Volenice,49.253242204402845,13.748833104942605,ST,CZ
Volenice,49.253286904765105,13.748324705508049,ST,CZ
"Volenice,Ohrazenice",49.23481610466478,13.746608604597535,ST,CZ
"Volenice,Tažovice",49.23234830465616,13.760997205421782,ST,CZ
"Volenice,Tažovice",49.232339704330776,13.760838905890054,ST,CZ
"Volenice,Vojnice",49.22563780459438,13.708297804783648,ST,CZ
"Strašice,,rozc.Vojnice 1.5",49.227279204468275,13.736834405807336,ST,CZ
"Strašice,,rozc.Vojnice 1.5",49.22716110400071,13.736798104690989,ST,CZ
"Volyně,,Hradčany",49.16684530441621,13.877170005117614,ST,CZ
"Volyně,,Hradčany",49.166800804274665,13.877030004885178,ST,CZ
"Volyně,,MŠ",49.1682872041613,13.886056105638323,ST,CZ
"Volyně,,MŠ",49.16826670441557,13.886251905285421,ST,CZ
"Volyně,,nám.",49.16621940423041,13.88537250541468,ST,CZ
"Volyně,,nám.",49.16573440405151,13.886144705043892,ST,CZ
"Volyně,Černětice",49.14382190455253,13.911714405523945,ST,CZ
"Volyně,Černětice",49.14371920419427,13.911859205561024,ST,CZ
"Volyně,Starov",49.154335804337045,13.848993305675984,ST,CZ
"Volyně,Starov",49.153792804549454,13.847883104694752,ST,CZ
"Volyně,Zechovice",49.1590156042237,13.865803105966373,ST,CZ
"Volyně,Zechovice",49.1589228046563,13.86584330554998,ST,CZ
"Volyně,Zechovice,ACHP",49.16025060447905,13.873831904634358,ST,CZ
"Volyně,Zechovice,ACHP",49.160565604532124,13.873979705283162,ST,CZ
Vrbice,49.141244204583316,13.71606610450617,PT,CZ
Vrbice,49.14137140406337,13.716154405475026,PT,CZ
"Drážov,,rozc.Vrbice 1.0",49.151720604115056,13.703986904776574,ST,CZ
"Drážov,,rozc.Vrbice 1.0",49.15172500462298,13.704067505198388,ST,CZ
Záboří,49.377743604722035,13.82858080464486,ST,CZ
Záboří,49.37779640469513,13.828849405426418,ST,CZ
Zahorčice,49.20875750440829,13.81740190480229,ST,CZ
Zahorčice,49.20866110425746,13.817333305327185,ST,CZ
"Zdíkov,,aut.st.",49.085660604589506,13.696783605594744,PT,CZ
"Zdíkov,,aut.st.",49.085753904501196,13.696688305381151,PT,CZ
"Vimperk,,U Hospůdky",49.06735920416434,13.72428750563813,PT,CZ
"Vimperk,,U Hospůdky",49.06757610459323,13.72376170561789,PT,CZ
"Zdíkov,,Albrechtec rozc.1.0",49.08218000396658,13.679141105071347,PT,CZ
"Zdíkov,,Albrechtec rozc.1.0",49.08218280416594,13.679047205109176,PT,CZ
"Zdíkov,Branišov,rozc.1.0",49.10509360460017,13.700557204577175,PT,CZ
"Zdíkov,Branišov,rozc.1.0",49.105047504374355,13.700667205572481,PT,CZ
"Zdíkov,Masákova Lhota",49.08550030396098,13.679935304884276,PT,CZ
"Zdíkov,Masákova Lhota",49.08560030432804,13.679691105719256,PT,CZ
"Zdíkov,Nový Dvůr",49.07694280395538,13.661117505222766,PT,CZ
"Lnáře,,U Přístavu",49.46074500412458,13.786250304747348,ST,CZ
"Přechovice,,rozc.0.1",49.18010420412589,13.893141405006928,ST,CZ
"Přechovice,,rozc.0.1",49.17912720429627,13.893213605549342,ST,CZ
"Strakonice,,Ellerova-Hvězda",49.26229860452329,13.908039705318716,ST,CZ
"Strakonice,,Ellerova-Hvězda",49.26245360397901,13.908138904898324,ST,CZ
"Volenice,Tažovice,náves",49.23071080472319,13.766127205470125,ST,CZ
"Myštice,Kožlí,Drtina",49.45779030490344,13.973273605073656,ST,CZ
"Myštice,Kožlí,Drtina",49.45769110471968,13.973371405696636,ST,CZ
"Zdíkov,,škola",49.08154330411439,13.699701105118224,PT,CZ
"Zdíkov,,Novodvorská",49.08479970419663,13.694380605396066,PT,CZ
"Dřešín,Hořejšice,rozc.0.2",49.16744810409119,13.76751470585331,ST,CZ
"Dřešín,Hořejšice,rozc.0.2",49.16751640404542,13.767505304694179,ST,CZ
"Strakonice,,Ul.Tisová",49.275983304347,13.888640805574827,ST,CZ
"Strakonice,,Jezárky",49.26705720476183,13.883619705773912,ST,CZ
"Strakonice,,Jezárky",49.26715530448966,13.8838222051809,ST,CZ
"Doubravice,,MŠ",49.35170220419349,13.858211105972686,ST,CZ
"Doubravice,,MŠ",49.351585004277275,13.857911905794337,ST,CZ
"Pracejovice,,U Křížku",49.255923304074535,13.849224405005428,ST,CZ
"Doubravice,Nahošín,II",49.3531000049161,13.8422128048309,ST,CZ
"Doubravice,Nahošín,II",49.35303780497805,13.84211470568826,ST,CZ
"Hlupín,,rozc.",49.33438440420642,13.813028305118465,ST,CZ
"Hlupín,,rozc.",49.33430860482961,13.812998904925092,ST,CZ
"Strakonice,,Profesora Skupy",49.269398104388955,13.886725605608506,ST,CZ
"Strakonice,,Pivovar",49.260053604290896,13.900046705609578,ST,CZ
"Strakonice,,Povážská škola",49.24953560417615,13.91688140571435,ST,CZ
"Strakonice,,Povážská škola",49.24962440471825,13.91719530576623,ST,CZ
Bezdědovice,49.44420360442952,13.880348105001199,ST,CZ
Bezdědovice,49.44412250507157,13.880396405851991,ST,CZ
"Bezdědovice,Dobšice",49.45452140490209,13.889438905734549,ST,CZ
"Drážov,Kváskovice,Chalupy",49.17389390444968,13.730616405291153,ST,CZ
"Strakonice,,Nemocnice",49.26692560464956,13.90586670533625,ST,CZ
"Strakonice,,Nemocnice",49.26713080459374,13.905774205466036,ST,CZ
"Strakonice,,K Dražejovu",49.26927860462842,13.873913105632454,ST,CZ
"Strakonice,,K Dražejovu",49.2687922048285,13.87739470575729,ST,CZ
"Předslavice,Marčovice",49.138772204442176,13.946877505459073,ST,CZ
"Vimperk,,nad pekárnou",49.06195690416139,13.774272805096492,PT,CZ
"Vimperk,,nad školou",49.06060280405704,13.777995304732741,PT,CZ
"Strakonice,,Šumavská II",49.24882970433577,13.916045604705964,ST,CZ
"Blatná,,Sádlov",49.423065604399056,13.86556750568763,ST,CZ
