Malé Žernoseky,50.534036420502126,14.052484890127598,LT
"Malé Žernoseky,,cihelna",50.531116652800605,14.049303097711093,LT
Lhotka n.L.,50.524965189091176,14.04669424337725,LT
"Lovosice,,žel.zast.",50.521072515394934,14.04543971780503,LT
"Lovosice,,ÚNZ",50.516025236984675,14.04919248800652,LT
"Lovosice,,DELI",50.51220110087075,14.053733517839913,LT
"Lovosice,,aut.nádr.",50.51060560076322,14.060087983716878,LT
"Lovosice,,kostel",50.51360623704829,14.054118370856717,LT
"Lovosice,,záv.1",50.509729734853735,14.076147146622661,LT
"Lovosice,,záv.2",50.5099320649645,14.083171955991702,LT
"Lovosice,,Prosmyky",50.51679264861284,14.096381937501334,LT
Mlékojedy,50.526609134514004,14.118210532213025,LT
"Mlékojedy,,Obnova",50.52726310949835,14.124878868679005,LT
"Litoměřice,Želetice,Mlékojedská",50.526789133217854,14.13411536302121,LT
"Litoměřice,,INTERSPAR",50.525633885196676,14.13767497357075,LT
"Litoměřice,,aut.nádr.",50.53322244135785,14.140703594638877,LT
"Litoměřice,,žel.st.nákl.nádr",50.532594218330736,14.154916806414937,LT
"Litoměřice,,Na vinici",50.532704575071996,14.17288053588872,LT
"Křešice,Třeboutice",50.526416342324346,14.198739732728924,LT
Křešice,50.52245360552839,14.215429606818365,LT
"Křešice,,záv.",50.51590549246547,14.223073635333597,LT
"Křešice,Nučnice",50.511146287057194,14.225746286250898,LT
"Polepy,Okna",50.50454244381678,14.239525778472618,LT
"Polepy,,rozc.",50.504608267986356,14.251428132883563,LT
"Polepy,,rozc.",50.50359348212218,14.252062729508678,LT
"Chodouny,Lounky",50.480239148472315,14.239585907191156,LT
Chodouny,50.47219672782292,14.250271213647778,LT
"Černěves,,rozc.",50.455242394064136,14.255562022300031,LT
Černěves,50.45468322246733,14.243183491392966,LT
"Vědomice,,lesní školka",50.45065373772744,14.257452112180447,LT
"Vědomice,Zavadilka",50.441239783261054,14.261568774774602,LT
"Roudnice n.L.,,Interna",50.422905085086825,14.25464755650893,LT
"Roudnice n.L.,,nem.",50.42317706338477,14.251276902482067,LT
"Roudnice n.L.,,ÚNZ",50.42369166992991,14.248011196744438,LT
"Roudnice n.L.,,aut.nádr.",50.42409027490529,14.260555625429188,LT
"Vědomice,,rozc.0.7",50.4351546227851,14.26464957671017,LT
Kyškovice,50.44896888267386,14.285742830787395,LT
"Kyškovice,Hamráček,rozc.",50.456517532430226,14.286306302573893,LT
"Brzánky,,rozc.",50.4666178461689,14.292427303500801,LT
"Vrbice,Vetlá",50.47215103916851,14.28937400421906,LT
Vrbice,50.482981859104825,14.286701764348212,LT
"Vrutice,Svařenice",50.49899840180144,14.298107514403688,LT
"Vrbice,Mastířovice,rozc.",50.48943455085058,14.308686294077855,LT
"Hoštka,,žel.st.",50.4901537580226,14.326890533743274,LT
Hoštka,50.486698687259405,14.335489139501812,LT
"Hoštka,,Na vyhlídce",50.478369519233134,14.347270300069585,LT
"Štětí,,zdymadla",50.47432639777437,14.358915992019105,LT
"Štětí,,Sepap",50.4604898597376,14.367662334763915,LT
"Štětí,,aut.nádr.",50.45616675344093,14.370947239492063,LT
"Štětí,Hněvice,obec",50.44698754003113,14.36871689582135,LT
"Štětí,Hněvice,čerp.st.",50.43484235993733,14.372799641833417,LT
Horní Počaply,50.42484960312663,14.388774154424974,ME
"Horní Počaply,,žel.st.",50.42253554912557,14.385940731285134,ME
"Bechlín,,hřbitov",50.41761961045919,14.349959251309965,LT
"Bechlín,,ObÚ",50.41651923778371,14.340694576253934,LT
Krabčice,50.405429386359785,14.301568481647298,LT
"Krabčice,Vesce,rozc.1.0",50.41093564915123,14.288522404705947,LT
"Roudnice n.L.,,Čihadla",50.41945639141129,14.266211814944734,LT
"Roudnice n.L.,,ČSAD",50.42738363345001,14.244703818748972,LT
"Roudnice n.L.,,žel.st.",50.42638939217051,14.262458475871892,LT
"Roudnice n.L.,,Bezděkov škola",50.42623873128257,14.278077470059406,LT
"Roudnice n.L.,,Butonie",50.42747260739497,14.283668320721597,LT
"Roudnice n.L.,,Masný průmysl",50.4301488543658,14.291796545995426,LT
"Dobříň,,rozc.",50.434501341387254,14.305430837909137,LT
"Bechlín,Předonín,košíkárna",50.43787156764525,14.318769727742422,LT
"Bechlín,Předonín",50.43761451612273,14.33268718674144,LT
"Štětí,Hněvice,Benzina rozc.",50.44072152954348,14.345809144919693,LT
Račice,50.46070185593042,14.352082118505898,LT
"Štětí,Hněvice,předmostí",50.45542550271814,14.36172544198851,LT
"Štětí,,hotelový dům",50.45612014353435,14.382779741214266,LT
"Štětí,,sídliště",50.44987999785542,14.379696049249063,LT
Libkovice p. Řípem,50.39183222683012,14.340272141625805,LT
Kostomlaty p. Řípem,50.38309242699619,14.333518355525177,LT
"Černouček,,rozc.1.5",50.36320397658424,14.333514969707288,LT
Horní Beřkovice,50.35931114501959,14.345864502910596,LT
Černouček,50.36112969527743,14.30729044605198,LT
Ctiněves,50.37455995180667,14.307360555282145,LT
"Bechlín,,U Čtvrtečků",50.42027512105421,14.339414552188826,LT
Dobříň,50.43748594313569,14.293588508141179,LT
"Roudnice n.L.,,Glazura",50.432425073300244,14.290055086609133,LT
"Roudnice n.L.,,28.října",50.42398486235806,14.268048318341448,LT
"Krabčice,Rovné‚rozc.1.0",50.40218236082675,14.303666834478502,LT
"Ctiněves,,žel.st.",50.3777868217711,14.30595583341369,LT
Mnetěš,50.366220939648485,14.282921332954128,LT
Ledčice,50.34116023554486,14.294320800723547,ME
Straškov-Vodochody,50.36405455124233,14.25146388462652,LT
"Straškov-Vodochody,,škola",50.36181886849543,14.24681191838628,LT
"Straškov-Vodochody,,žel.st.",50.36266634214105,14.244754845961841,LT
Bříza,50.36033856638214,14.216635862935556,LT
Račiněves,50.374889081055464,14.21932641088184,LT
Vražkov,50.372379897867674,14.268323928033825,LT
"Krabčice,Rovné,váha",50.400381734880284,14.298401040476627,LT
"Roudnice n.L.,,záv.",50.41969736170389,14.251405037175756,LT
"Roudnice n.L.,,letiště",50.4083060689009,14.238572739100794,LT
"Račiněves,,Motorest rozc.",50.38958506462002,14.224342767807089,LT
Martiněves,50.37147470738829,14.152317507622723,LT
"Martiněves,Charvatce",50.361921251201004,14.147518966930324,LT
"Martiněves,Radešín",50.341155085139505,14.145740135371046,LT
"Mšené-lázně,,ústav",50.36432890153367,14.131765870296325,LT
"Mšené-lázně,,u kapličky",50.36398266877829,14.123177144368272,LT
"Mšené-lázně,Vrbice",50.35876177351806,14.127597355708552,LT
"Mšené-lázně,Loucká",50.344476078370135,14.105474974760492,LT
"Mšené-lázně,Ředhošť",50.35290331986879,14.078614721196493,LT
"Mšené-lázně,Ječovice",50.35370947360951,14.052587513958319,LT
"Mšené-lázně,Podbradec",50.363882213134644,14.059254562182716,LT
"Libochovice,Poplze",50.39773129558246,14.043239547480646,LT
"Libochovice,,nám.Svobody",50.406157819287074,14.039401960900054,LT
"Libochovice,,aut.nádr.",50.40675644175723,14.04780787231947,LT
"Libochovice,,žel.zast.město",50.40767996280701,14.038338308552214,LT
"Libochovice,,cukrovar",50.4076583887399,14.053423018688077,LT
Radovesice,50.41123949068765,14.068879299250392,LT
Chotěšov,50.43930783409257,14.085586012195478,LT
"Chotěšov,,Brozanská",50.44355045784003,14.088327137289458,LT
Vrbičany,50.46393157126793,14.084283191738498,LT
Siřejovice,50.4796135593242,14.070743556228045,LT
"Lovosice,,ČETRANS",50.5086298603234,14.053039284832145,LT
"Lovosice,,Purkyňova",50.50721744587123,14.061966076438233,LT
"Terezín,,křiž.",50.51350955687447,14.140472541007433,LT
"Terezín,,aut.nádr.",50.51050409197801,14.149138508938886,LT
"Bohušovice n. Ohří,,závod",50.502085009949056,14.146196047367837,LT
"Bohušovice n. Ohří,,sídliště",50.496119346904194,14.14659487236875,LT
"Bohušovice n. Ohří,,žel.st.",50.491718152149154,14.149170959304437,LT
"Brňany,,záv.",50.487909772520645,14.1461481569801,LT
Brňany,50.48153544409669,14.141891374443347,LT
"Brozany n.Ohří,,rozc. u Kubíků",50.4583786350146,14.137133774267136,LT
Brozany n.Ohří,50.45420252153702,14.144916225623472,LT
"Libochovice,,u Králíčků",50.41008444918195,14.046771416841084,LT
Slatina,50.43002133864051,14.037585779412177,LT
Černiv,50.44455818640532,14.060783210716355,LT
"Chotěšov,,žel.st.",50.442777206674215,14.071683794560602,LT
Chotěšov,50.440265292800134,14.081018298431692,LT
Rochov,50.46111255493691,14.118765912952659,LT
"Doksany,,zámek",50.45509280870402,14.16112707006623,LT
"Doksany,,rozc.Rohatce 3.0",50.460326265994034,14.163774557755035,LT
Dolánky n.Ohří,50.47374575700957,14.165553013025225,LT
"Bohušovice n. Ohří,Hrdly,obec",50.48424301282919,14.170430179411715,LT
"Terezín,,škola",50.50685560233651,14.142164742285315,LT
"Litoměřice,Želetice,trhárna",50.5191389195134,14.137241846538336,LT
"Litoměřice,Pokratice,kaplička",50.54840099670321,14.126472188534196,LT
"Litoměřice,Pokratice,u lávky",50.545193496649176,14.12442738980041,LT
"Litoměřice,,u závor",50.54182071306189,14.125785152153473,LT
"Litoměřice,,žel.st.hor.",50.54070024226222,14.131288442387168,LT
"Litoměřice,,Palachova",50.537568647863424,14.131615003469108,LT
"Doksany,,škola",50.45183501009375,14.167528329829022,LT
"Budyně n.Ohří,Písty",50.42343087569483,14.159506884959713,LT
"Budyně n. Ohří,,žel.st",50.40601827146056,14.132668282927794,LT
"Budyně n. Ohří,,nám.",50.404588115880344,14.129737039863974,LT
"Budyně n. Ohří,,Slánská",50.39825457634746,14.123317655707165,LT
"Budyně n.Ohří,Vrbka,rozc.1.5",50.38910777210808,14.12277237790561,LT
Poštovice,50.31284328332119,14.137916547052528,KD
"Mšené-lázně,Vrbice,Podolí",50.35838446525697,14.115308574614097,LT
"Peruc,Černochov",50.35309882642604,14.02596481554666,LN
Peruc,50.3421705375532,13.961544052158487,LN
"Peruc,Hřivčice",50.333160344002806,13.917372691922681,LN
Vrbno n.Lesy,50.32225053819195,13.906926553743016,LN
"Toužetín,Donín",50.31746890347559,13.894116028888826,LN
Toužetín,50.314168465049256,13.88661683170645,LN
"Toužetín,Sulec",50.309770108841555,13.884832793278214,LN
"Smolnice,,rozc",50.321561886319465,13.861741837806209,LN
Cítoliby,50.33406112449382,13.811466105246012,LN
"Louny,,U spravedlnosti",50.34805915765323,13.80609310021426,LN
"Louny,,aut.nádr.",50.35526108017082,13.804659395422846,LN
"Louny,,Praga",50.35964843635624,13.816365267749363,LN
"Louny,,žel.st.",50.36089923510168,13.823471295962173,LN
Černčice,50.361197493419304,13.844139164702481,LN
"Černčice,,škola",50.36040357239866,13.848689336647375,LN
"Obora,,závod",50.3587462418365,13.857642908583122,LN
Veltěže,50.351820559824226,13.876653209816746,LN
Slavětín,50.350002700390206,13.906547814406224,LN
"Slavětín,Kystra,rozc.",50.36875851672297,13.912127238801762,LN
"Slavětín,Kystra",50.37361788203244,13.902920455697235,LN
"Peruc,Radonice n.Ohří",50.37733456231231,13.920541102362904,LN
"Peruc,Pátek",50.37887150898989,13.936846385930531,LN
"Peruc,Stradonice",50.37336982020456,13.958326774282273,LN
"Peruc,,koupaliště",50.34948273222494,13.95795752451408,LN
"Peruc,Telce",50.309712523270974,13.973561645457073,LN
"Peruc,,žel.st.",50.336196928707466,13.959369922724353,LN
Evaň,50.383549548468814,14.02624960834344,LT
"Evaň,Horka",50.38336136621874,13.99309880890615,LT
Klapý,50.43444807544105,14.004076992138355,LT
"Chodovlice,,rozc. Sedlec",50.44766323857536,13.998544583233807,LT
Chodovlice,50.46351124672537,13.994169030163755,LT
"Třebenice,,hřbitov",50.476449339324724,13.994536563173646,LT
Jenčice,50.48155904622001,14.004795756120894,LT
"Čížkovice,,rozc.1.0",50.48927310770486,14.02148898789144,LT
"Čížkovice,,cementárna",50.48846068233961,14.041332391669334,LT
Sulejovice,50.5008388788486,14.031905563547575,LT
"Lovosice,,Průmyslová",50.510073938787,14.042136392357408,LT
"Litoměřice,,u pošty",50.53634508779414,14.132287627641274,LT
"Terezín,,Bioveta",50.51258159373655,14.157870268606212,LT
"Terezín,České Kopisty",50.523136581916795,14.166557763119826,LT
"Terezín,Počaply",50.518535076618036,14.196580301341047,LT
Travčice,50.50452085417401,14.187036023420424,LT
"Terezín,Počaply,rozc.",50.5132267103517,14.171328486701718,LT
"Terezín,Počaply,cesta",50.5102975272876,14.191807796407657,LT
"Travčice,Nučničky",50.506896107813255,14.21877057616709,LT
"Libotenice,,hřbitov",50.48009324005929,14.227975972089189,LT
Libotenice,50.47659421935691,14.230148021319067,LT
"Libotenice,,drůbežárna",50.469700664122435,14.230795464815646,LT
Hrobce,50.46267848115804,14.229778770279976,LT
"Hrobce,,žel.st.",50.46241107629356,14.226947009941291,LT
"Hrobce,Rohatce",50.46076439421827,14.204853783010424,LT
Židovice,50.44397316760671,14.232706292777195,LT
"Roudnice n.L.,,Riegrova",50.42328254951524,14.261068056930355,LT
Vědomice,50.433420036978376,14.253857474698998,LT
"Vědomice,plavecký bazén",50.43177333248279,14.260392147325772,LT
"Štětí,Počeplice",50.43157416019934,14.395430640568968,LT
Straškov-Vodochody,50.363947261087766,14.251085837874923,LT
"Roudnice n.L,,sídliště",50.42436810654097,14.243935529293887,LT
"Roudnice n.L.,Podlusky,host.",50.42385342318108,14.231198251787784,LT
"Roudnice n.L.,Podlusky,ObÚ",50.42111839323817,14.226476320302352,LT
"Dušníky,,čerp.st.",50.416267921427675,14.203090359779962,LT
Přestavlky,50.40567254767809,14.194570958557932,LT
"Budyně n.Ohří,Nížebohy",50.4125654646768,14.178629497220722,LT
"Budyně n.Ohří,Břežany n.Ohří",50.41116785102378,14.115049517747277,LT
Žabovřesky n.Ohří,50.412357230826004,14.091255982414726,LT
"Budyně n.Ohří,Kostelec n.Ohří",50.393475235442246,14.09386363626102,LT
"Budyně n.Ohří,Roudníček",50.38985654465508,14.113850229199452,LT
"Budyně n.Ohří,Vrbka",50.39167157758872,14.141949416019283,LT
"Budyně n.Ohří,,škola",50.40249472957927,14.128679676231279,LT
Dušníky,50.42277871409134,14.192708017976086,LT
Nové Dvory,50.447173056000786,14.180317215300631,LT
"Nové Dvory,Chvalín",50.43528760801819,14.196536793774431,LT
"Roudnice n.L.,Podlusky",50.42190863973775,14.225254298365265,LT
Černiv,50.44529699185871,14.058246015322586,LT
Úpohlavy,50.46237452158358,14.035545051953264,LT
"Čížkovice,Želechovice,obora",50.46898429895264,14.041594411336387,LT
"Čížkovice,Želechovice",50.47543795355874,14.041589387800533,LT
Čížkovice,50.48306847500393,14.030349742756163,LT
"Čížkovice,,rozc.1.0",50.490668126332444,14.023307460534104,LT
"Cítoliby,,škola",50.32992104541058,13.812356161252247,LN
"Louny,Brloh",50.31894794529418,13.825505537652212,LN
"Louny,Brloh,rozc.Smolnice",50.310261678623654,13.82480244672466,LN
"Brodec,,rozc.2.0",50.301706686306375,13.820820641028496,LN
"Vinařice,Divice",50.27653947032901,13.819490523536256,LN
"Vinařice,,Sokolovna",50.2676975331945,13.823067023426908,LN
Vinařice,50.26545793551933,13.822689686828564,LN
"Ročov,,Vápenice",50.24580751346704,13.763511157998966,LN
"Ročov,,Třebocká",50.25012883214004,13.76818391906958,LN
Ročov,50.25233951946706,13.772772577020616,LN
"Ročov,Úlovice",50.264695368316,13.792546350645917,LN
"Ročov,Břinkov",50.27711121322725,13.789045455202793,LN
Brodec,50.29355825769726,13.797037234831286,LN
Líšťany,50.312750020772214,13.799557804569252,LN
"Líšťany,,Hrabačov",50.31008388558959,13.80032895117913,LN
"Líšťany,,Brána",50.3103251986729,13.797072524280134,LN
"Zbrašín,Senkov,rozc.",50.29661921153044,13.781519688837347,LN
Zbrašín,50.29819570920459,13.764973378316933,LN
"Zbrašín,Hořany",50.29415623080287,13.749260049820048,LN
Hřivice,50.288287863475894,13.73050973942251,LN
"Pnětluky,Konětopy",50.267754171398,13.730039561670504,LN
"Domoušice,Solopysky",50.259283526935775,13.746487971883827,LN
"Pnětluky,,letovisko",50.25582490154562,13.70883469702352,LN
"Pnětluky,,V domcích",50.2523029924339,13.706401800324386,LN
Pnětluky,50.250154629774286,13.704416549347973,LN
"Pnětluky,,háj.",50.24058979928239,13.700809983877077,LN
"Domoušice,,žel.st.",50.23360291061095,13.722510539388669,LN
Domoušice,50.23413601334879,13.729180079217782,LN
"Domoušice,,Filipov",50.22982198136181,13.733198050379979,LN
"Tuchořice,Nečemice",50.241395068588005,13.640068236575383,LN
"Tuchořice,Nečemice,samota",50.248127328620356,13.623366847617108,LN
"Liběšice,Lhota",50.25990848395325,13.605863435976522,LN
"Tuchořice,Nečemice,osada",50.2483092278016,13.648123238827296,LN
"Tuchořice,Třeskonice,výhledy",50.25191355180606,13.650435118819217,LN
"Tuchořice,Třeskonice,háj.",50.2612807024626,13.649849939262069,LN
"Tuchořice,Třeskonice",50.26862417354698,13.651752176208449,LN
"Liběšice,Líčkov",50.27639006035307,13.626620927623858,LN
"Liběšice,Líčkov,Školní",50.2777046259958,13.62318814618733,LN
"Liběšice,Klůček",50.28355405623872,13.602223716059669,LN
Liběšice,50.29492606284883,13.62192029732953,LN
"Liběšice,Dobříčany,rozc.",50.30957848095411,13.608277619669868,LN
"Liběšice,Dobříčany",50.304092380433936,13.606165501775896,LN
"Žatec,Trnovany",50.31610303115326,13.600072238366263,LN
"Žatec,,u hřbitova",50.325303494339714,13.555544703233354,LN
"Žatec,,aut.nádr.",50.32751471177528,13.546985491117532,LN
"Žatec,,u plynárny",50.331043420312,13.550029152028383,LN
"Žatec,,žel.st.",50.33575350404207,13.554309809986643,LN
"Žatec,,Lounská",50.34336172395164,13.561457620310698,LN
Staňkovice,50.34957580446476,13.570699065974765,LN
"Staňkovice,,Triangle-jih",50.370983788325184,13.57945964214544,LN
"Staňkovice,,Triangle-sever",50.37777318401577,13.578830716398592,LN
"Bitozeves,Nehasice",50.3849850948915,13.597984039580904,LN
"Bitozeves,Tatinná",50.381193851556176,13.607020209921183,LN
Bitozeves,50.37302181551768,13.640311802582927,LN
"Bitozeves,,škola",50.375028345861445,13.64615159667719,LN
"Postoloprty,Seménkovice",50.369525739443006,13.666678858264946,LN
"Postoloprty,Seménkovice,rozc.",50.365121228602725,13.662700961366697,LN
"Postoloprty,,žel.st.",50.36016853454883,13.692150970975039,LN
"Postoloprty,,nákup.stř.",50.36087818189387,13.697001269388158,LN
Postoloprty,50.35931703414628,13.699840821191017,LN
"Postoloprty,Březno",50.35305577158649,13.714383664625124,LN
"Postoloprty,Březno,rozc.",50.35153182700475,13.727237807825919,LN
"Louny,,EPL",50.354347983443226,13.761870664232234,LN
"Postoloprty,Březno,rozc.skanzen",50.352736696590526,13.748104271877406,LN
"Louny,,EPL hl.vrát.",50.354446453292205,13.764638481512645,LN
"Louny,,ČSAD",50.35597280117575,13.77659385130335,LN
"Louny,,Luna",50.35700818688068,13.789259406852755,LN
"Jimlín,Zeměchy",50.32782065007168,13.74916443087846,LN
Jimlín,50.31829089766531,13.746684214624382,LN
"Opočno,,host.",50.311609891854225,13.73500638676484,LN
"Opočno,,žel.přejezd",50.31202823037828,13.733259242163882,LN
"Hřivice,Touchovice",50.30294723053372,13.73126118442998,LN
"Hřivice,,Nová ulice",50.291086898761904,13.732118369672484,LN
"Hřivice,Markvarec",50.277400588440536,13.695222614980304,LN
"Hřivice,,žel.st.",50.286568531550586,13.726436754616842,LN
"Lipno,Lipenec,škola",50.31291173282744,13.707424790200045,LN
"Lipno,Lipenec",50.31536045930529,13.704456493082535,LN
"Lipno,,rozc.(bez obsluhy)",50.31474440591516,13.688651388389287,LN
Lipno,50.29849126213728,13.678897072065315,LN
Tuchořice,50.28494725760978,13.662981084155145,LN
"Tuchořice,,škola",50.28690780070951,13.657360789855305,LN
"Tuchořice,,samota",50.29198949720418,13.644973608432982,LN
"Liběšice,Dubčany",50.29663447400431,13.63317094812859,LN
"Tuchořice,,háj.",50.28075746088966,13.673629555473493,LN
"Lipno,Drahomyšl",50.309331435987005,13.64424851048598,LN
"Zálužice,,rozc.",50.31734852154981,13.609115616483976,LN
"Zálužice,Steknik",50.32571134183841,13.622808724594764,LN
"Postoloprty,Hradiště",50.3324758008838,13.637874056702595,LN
"Postoloprty,Strkovice",50.325736587580856,13.649837836087569,LN
"Postoloprty,Mradice,mlýn",50.33016314048338,13.667862478546311,LN
"Postoloprty,Mradice",50.33064655843138,13.678022067406596,LN
"Postoloprty,Skupice",50.33614517905563,13.69825613610683,LN
"Postoloprty,Malnice",50.334578871934745,13.71574570445978,LN
"Postoloprty,,sídliště",50.356650014752205,13.691781356525205,LN
"Postoloprty,Levonice",50.33817231643289,13.674658786483665,LN
"Lišany,,záv.",50.34830831858211,13.657303535470527,LN
Lišany,50.34501926003404,13.642939114816894,LN
"Postoloprty,Dolejší Hůrky",50.342729702516884,13.62790343301887,LN
"Staňkovice,Selibice",50.34283273630534,13.614586641804467,LN
"Staňkovice,Tvršice,rozc.Rybňany",50.340068771619336,13.598421563002544,LN
"Staňkovice,Tvršice",50.34118690588219,13.58977427669259,LN
"Žatec,,Osvoboditelu",50.337936823669665,13.548154687285093,LN
"Žatec,,Osvoboditelů",50.338127535344135,13.546890867224674,LN
"Žatec,,Havlíčkovo nám.",50.330475270783054,13.538835165421943,LN
"Žatec,,sokolovna",50.323539129520434,13.541993712733907,LN
"Chomutov,,žel.st.",50.456308849935226,13.399425560431332,CV
"Chomutov,,aut.nádr.",50.460075762945316,13.408802805703468,CV
"Chomutov,,Palackého",50.45922885187397,13.417393986418123,CV
"Chomutov,,u pekárny",50.45648343381293,13.421783100007934,CV
"Chomutov,,Dukelská I",50.45773709829172,13.425456385657228,CV
"Chomutov,,Důl J.Žižky",50.45222602444391,13.436843214858504,CV
"Údlice,,nám.",50.43965964670316,13.460547641940742,CV
"Přečaply,,starý cukrovar",50.435905444452615,13.46781223766178,CV
Přečaply,50.43112502867735,13.472894240878574,CV
"Nezabylice,,Na seníku",50.42327607126453,13.472648378271598,CV
"Nezabylice,,Na seníku",50.42241683904771,13.473002876281289,CV
Lažany,50.39966159580636,13.511264164934069,CV
"Hrušovany,,Na jezerech",50.393538115049196,13.503697985833485,CV
Hrušovany,50.38878584444938,13.498097182702361,CV
"Žiželice,Hořetice,točna",50.37986381578203,13.506834597109105,LN
"Žiželice,Hořetice,žel.přejezd",50.37698863909776,13.509454323020188,LN
"Žiželice,Stroupeč",50.356541337127624,13.497800750381778,LN
"Žatec,Záhoří",50.346805047514614,13.516320367856157,LN
"Žatec,Záhoří,rozc.",50.34242568917548,13.523966619734981,LN
"Žatec,,U výtopny",50.339197464817794,13.52766729956357,LN
"Žatec,,žel.st.západ",50.3378422365875,13.53489317228122,LN
"Žatec,,Chmelařství",50.33662975686472,13.541362325273143,LN
"Žatec,,Bonex",50.3351578452269,13.542633559127502,LN
"Žatec,,Čeradická",50.31776329735067,13.525971228006874,LN
"Čeradice,Větrušice,návrší",50.30291491597565,13.463939123917163,LN
"Čeradice,Větrušice",50.30374764477065,13.459959232759399,LN
"Nové Sedlo,Sedčice",50.31151213158092,13.442411066957415,LN
"Nové Sedlo,Žabokliky",50.32031411814616,13.452767172137717,LN
"Nové Sedlo,Žabokliky,žel.st.",50.329898866605525,13.465663731948158,LN
"Nové Sedlo,,rozc.",50.331879767649085,13.470423234218979,LN
Nové Sedlo,50.338865633846424,13.474152638842112,LN
"Nové Sedlo,,ÚNV",50.345083863460474,13.471657594789024,LN
"Nové Sedlo,Břežany",50.35027429031224,13.461352935179786,LN
"Nové Sedlo,Číňov",50.36064137620948,13.455831173544949,LN
"Nové Sedlo,Chudeřín,rozc.Břežany",50.33285874625686,13.459542032884713,LN
"Chbany,,rozc. Chudeřín",50.333321215321995,13.446821193399176,LN
Chbany,50.332724287790555,13.429496164189418,CV
"Soběsuky,,rozc.",50.344925001095106,13.428332092908425,CV
"Vikletice,,přehrada",50.3465158112059,13.415959931707489,CV
Vikletice,50.348458977524615,13.40282694470808,CV
Vadkovice,50.34001320647177,13.385295338796166,CV
Malé Krhovice,50.33561755681918,13.377481377219063,CV
"Chbany,Poláky.točna",50.33605381986893,13.354497329483625,CV
"Chbany,Poláky",50.336063720457595,13.352825164142576,CV
"Hořenice,,rozc.",50.33714394878058,13.344350918911715,CV
"Hradec,,rozvodna SČE",50.341446046127885,13.323603503083737,CV
"Malé Krhovice,,rozc.0,5",50.333800954580305,13.37704201077511,CV
"Přeskaky,,rozc.",50.33245524584898,13.418510680884053,CV
"Vadkovice,,rozc.",50.33337730761455,13.38799451174514,CV
Libědice,50.316517219920364,13.383760876973428,CV
"Libědice,Čejkovice",50.30711911113568,13.41776048038727,CV
Pětipsy,50.321385588923874,13.348622092804021,CV
Račetice,50.30526057583295,13.366386774836046,CV
Račetice,50.30546758733727,13.365563282466299,CV
"Vilémov,,Topolanský dvůr",50.30418061655865,13.344506621181216,CV
"Vilémov,,rozc.",50.303875466152036,13.322217483117145,CV
Vilémov,50.301668860000234,13.313499834999808,CV
Podlesice,50.280302139237456,13.331133348773482,CV
Vitčice,50.284131747632635,13.342459155198522,CV
Nové Třebčice,50.28163256068715,13.354024340849755,CV
"Nové Třebčice,,rozc.",50.270768436077425,13.361378586773089,CV
Veliká Ves,50.26952996260398,13.375172023519893,CV
"Veliká Ves,,rozc.1.0",50.26988274159706,13.389000503910738,CV
"Podbořany,Mory",50.28035592328954,13.4131065017035,LN
Široké Třebčice,50.28058773337949,13.382966710711502,CV
Široké Třebčice,50.28120746312136,13.383444283245908,CV
"Krásný Dvůr,Chotěbudice",50.267987081442115,13.341295477090027,LN
Vintířov,50.30466392553532,13.27353603391753,CV
Miřetice u Vintířova,50.314436077985924,13.283296952023175,CV
Blov,50.325395674770014,13.294985664236252,CV
Vinaře,50.33177930545015,13.31382699370265,CV
"Vinaře,,rozc.",50.343209934792846,13.315933145041301,CV
Rokle,50.353718285109814,13.297730307155376,CV
Hradec,50.35879368044973,13.315815145778098,CV
"Želina,,rozc.",50.36107083213581,13.286152888938238,CV
Kadańská Jeseň,50.36584844499969,13.266974863337351,CV
Úhošťany,50.35476586016269,13.25909279250215,CV
Brodce,50.350694919392716,13.23090823505663,CV
"Kadaňská Jeseň,,rozc.",50.3665577927089,13.277129708131488,CV
"Kadaň,,u mostu",50.375575742137386,13.274780475833083,CV
"Kadaň,,aut.nádr.",50.38044983401728,13.276124895918537,CV
"Louny,,Žižkova",50.35767571714916,13.792880300189143,LN
Dobroměřice,50.37002042164857,13.794075761348791,LN
"Dobroměřice,,jednota",50.37161124933218,13.787260138390057,LN
"Odolice,,rozc.0.5",50.441681166102725,13.78167557529976,MO
Kozly,50.45707334191995,13.784586687463237,LN
"Hrobčice,Mirošovice",50.50420574279033,13.785380552093718,TP
Hrobčice,50.51928705919042,13.783345161615765,TP
"Bílina,,poliklinika",50.54073195738108,13.782830688261207,TP
"Bílina,,Lidl",50.546476947258405,13.771093518672581,TP
"Bílina,,aut.nádr.",50.55364295901645,13.772699116432419,TP
Kladruby,50.612028463099094,13.8314563392332,TP
"Hostomice,,Tuchlov rozc.",50.602013861228194,13.808273498581503,TP
"Hostomice,,nadjezd",50.58934910772491,13.79884829080438,TP
"Hostomice,,sklárna",50.58717031670872,13.80085298886542,TP
"Hostomice,,nám.",50.588127708127764,13.807430544115693,TP
Chotějovice,50.57840384100192,13.792393254339828,TP
"Chudeřice,,žel.zast.",50.572236076828695,13.786643413542183,TP
"Chudeřice,,záv.",50.571291325884154,13.784584161940526,TP
"Chudeřice,,nám.",50.5632439685956,13.781859661607417,TP
"Bílina,,sídliště",50.55837880531466,13.778688214880672,TP
"Bílina,,nám.",50.54881036001141,13.774793147036979,TP
"Bílina,,pož.zbroj.",50.55048797637724,13.775352523144976,TP
"Žatec,,Studentská",50.32238278224123,13.540534963087968,LN
"Žatec,,Červený hrádek",50.31726573599013,13.536456550437494,LN
"Žatec,Radíčeves",50.29153356328179,13.515559501845113,LN
"Podbořany,Sýrovice",50.26112413014718,13.46631431495486,LN
"Podbořany,Pšov",50.25380920572832,13.457997183427173,LN
"Podbořany,,kafilérie",50.2396170348625,13.421459707752227,LN
"Podbořany,,Žatecká",50.229842044835415,13.409715949856144,LN
"Podbořany,,nám.",50.22823560901726,13.408682649746492,LN
"Podbořany,,aut.nádr.",50.22359924351863,13.40750353395184,LN
"Podbořany,,OSP",50.22195022480886,13.399061779545088,LN
"Podbořany,,ČSAD",50.216626991866406,13.395283686723669,LN
Vroutek,50.180899663720304,13.380919195417581,LN
"Vroutek,,Karlovarská",50.177042271316246,13.376676424293938,LN
"Vroutek,,závod",50.17313272821685,13.376821158643672,LN
"Vroutek,Vidhostice",50.15609270381304,13.372184319007639,LN
"Vroutek,Lužec",50.15805152387186,13.349762703988121,LN
"Lubenec,Drahonice",50.14763448779361,13.336664379395994,LN
"Lubenec,Libyně",50.14515847654237,13.314960204745637,LN
"Lubenec,,Podbořanská",50.132609775532316,13.314673647483914,LN
"Lubenec,,Pražská",50.13229725211182,13.31590804698968,LN
"Lubenec,,závod",50.13022686593087,13.32431280948129,LN
"Lubenec,,Jelení",50.12599554748461,13.335062437381483,LN
"Lubenec,Ležky",50.1243470196636,13.3553979830635,LN
"Blatno,Malměřice",50.11614622667979,13.385889700358485,LN
Blatno,50.096951878753224,13.389723802668714,LN
"Blatno,,žel.st.",50.099767088206775,13.389619357334356,LN
"Kryry,Stebno,rozc. (bez obsluhy)",50.13050255966553,13.409945723164368,LN
"Kryry,Stebno",50.1165940350919,13.417539049777952,LN
Petrohrad,50.12729794496513,13.447117639503583,LN
"Petrohrad,,nádr.",50.13891413219929,13.437386003729632,LN
"Petrohrad,Bílenec",50.13664019099305,13.46388456465233,LN
"Petrohrad,Černčice",50.139621936792835,13.436736923970182,LN
"Petrohrad,Černčice,škola",50.142250360940196,13.435949392214123,LN
"Kryry,,cihelna",50.16221595732301,13.432619873641174,LN
Kryry,50.17278992630191,13.423096640417809,LN
"Kryry,,nám.",50.1743850828938,13.426757314192955,LN
"Kryry,,sklárna",50.17170570293715,13.41770496508696,LN
"Vroutek,,rozc.Mukoděly",50.16473924006011,13.399489708797795,LN
"Vroutek,,Mukoděly (bez obsluhy)",50.14813634125383,13.395407366813576,LN
"Vroutek,,Kryrská",50.17775866635262,13.384554011480565,LN
"VroutekVesce,rozc.",50.159112613601444,13.329797616126532,LN
"Vroutek,Mlýnce",50.16038792920236,13.318088787194572,LN
"Vroutek,Skýtaly",50.16833667465159,13.301255352744922,LN
"Vroutek,Vrbička",50.17697396962672,13.293794269067378,LN
"Vroutek,Skýtaly,rozc.1.0 Dětań",50.19467315402739,13.322886780454352,LN
"Nepomyšl,Dětaň",50.19450211842628,13.308523331847876,LN
"Nepomyšl,Dvérce,záv.",50.19937709770209,13.338149319885995,LN
"Vroutek,,líheň",50.19081516352375,13.36242680250987,LN
"Nepomyšl.Dvérce,",50.20503012981991,13.326122479613629,LN
"Nepomyšl,,Dvérecká",50.21376254199226,13.31628021790938,LN
"Podbořanský Rohozec,,Bukovina",50.21913618874412,13.22209195638168,LN
Podbořanský Rohozec,50.21600842029862,13.262749519489859,LN
"Nepomyšl,,kostel",50.216704085288164,13.31138650526544,LN
Nepomyšl,50.21841550005193,13.313398287375044,LN
"Podbořany,Buškovice",50.22389188329935,13.37289946703795,LN
"Podbořany,Hlubany,záv.",50.22256365852983,13.389324903818792,LN
"Podbořany,Hlubany,Logit",50.22437897986677,13.39266867842413,LN
"Podbořany,Hlubany",50.22912011521481,13.39626644507818,LN
"Podbořany,,Hlubanská",50.22852163142217,13.405593064479856,LN
"Podbořany,,Candy",50.21391654044472,13.39381979242436,LN
"Podbořany,,nádražní",50.22552297439349,13.406533408651708,LN
Krásný Dvůr,50.25388826367314,13.367595507886582,LN
"Krásný Dvůr,Vysoké Třebušice",50.25629132575844,13.396134514339673,LN
"Krásný Dvůr,Vys. Třebušice,rozc.",50.25654534006958,13.39843307304405,LN
"Podbořany,Kaštice",50.26427533937945,13.427426873263625,LN
"Podbořany,Neprobylice",50.271762195534656,13.443786479294804,LN
"Podbořany,Oploty",50.28063357908611,13.44043491278787,LN
"Podbořany,Kněžice",50.288674762396845,13.429394056171295,LN
"Čeradice,,rozc. Kličín",50.30276074527095,13.484180300949724,LN
Čeradice,50.3080957949567,13.492441453406158,LN
Libočany,50.333460749262365,13.51428659294657,LN
"Žatec,,Kadaňská",50.32724149958439,13.518297610120426,LN
"Žatec,,VÚCh",50.324165379477265,13.526657843268769,LN
"Žatec,,Lučanská",50.32433894653806,13.53347638024421,LN
"Žatec,Radíčeves,rozc.Milošice",50.28559069826297,13.51581155742191,LN
"Žatec,Milčeves",50.27282333771898,13.508441544413246,LN
Libořice,50.25459500703945,13.51464921641777,LN
"Blšany,Liběšovice",50.24617118581489,13.501096088825337,LN
"Blšany,Liběšovice,rozc.(bez obs)",50.24022858527836,13.48922605326522,LN
"Blšany,Liběšovice,Čárka",50.238913980796575,13.495194373405198,LN
"Blšany,Siřem",50.23373401032525,13.5055717820983,LN
"Blšany,Soběchleby",50.21615145814996,13.512536764674874,LN
"Blšany,Stachov",50.21914411137169,13.49337734607939,LN
"Blšany,,nám.",50.21751286590842,13.471560014913385,LN
"Očihov,Očihovec",50.19047179853178,13.47073369655016,LN
"Kryry,Strojetice",50.174263394261075,13.47947296482465,LN
"Kryry,Strojetice,křiž.",50.17327933449729,13.481609136561957,LN
"Kryry,Běsno",50.17976075186318,13.510431093310581,LN
Očihov,50.198205700832446,13.461316106343672,LN
"Podbořany,,nem.",50.22737067293858,13.41546416546325,LN
"Podbořany,,Letovská",50.22766594403281,13.415629954756529,LN
"Podbořany,Letov",50.23289569987501,13.44550115153881,LN
"Blšany,,rozc.(bez obsluhy)",50.23587630964876,13.474521780923686,LN
"Blšany,Soběchleby",50.21514700315384,13.516249327040425,LN
"Blšany,Soběchleby,háj.",50.21171776474374,13.52296740153544,LN
"Blšany,Malá Černoc",50.20703206353645,13.548715237453306,LN
"Blšany,Malá Černoc,pošta",50.203170149723924,13.548997979513977,LN
"Měcholupy,Velká Černoc",50.202421479363245,13.585788823854369,LN
"Deštnice,,Nová Hospoda rozc.",50.21706681944124,13.588235320575924,LN
Deštnice,50.23153774082357,13.60955596776898,LN
"Deštnice,,rozc.1.0",50.23474155592205,13.58853850822223,LN
"Deštnice,,rozc.Sádek",50.243634639853454,13.576884603030603,LN
"Deštnice,Sádek",50.24241501001357,13.597279128302226,LN
"Měcholupy,,žel.přejezd",50.25379048206018,13.563871889138536,LN
"Měcholupy,Želeč",50.2382815792833,13.558130999844417,LN
"Měcholupy,Želeč,rozc.",50.25792199458284,13.554401146608253,LN
Měcholupy,50.2663712260185,13.537755598328292,LN
Měcholupy,50.26656162858633,13.536832118678547,LN
"Libořice,Železná",50.25952465603756,13.524222686834944,LN
"Měcholupy,,škola",50.2702355088284,13.538898200693227,LN
"Měcholupy,Milošice",50.28362948811118,13.528145937563957,LN
Holedeč,50.27812566133848,13.561261449074625,LN
"Holedeč,Holedeček",50.28306475275438,13.560384932145423,LN
"Holedeč,Stránky",50.2893592507182,13.577865012043869,LN
"Holedeč,Stránky,rozc.",50.29263641348786,13.568620033122482,LN
"Holedeč,Veletice",50.29699719304055,13.575957245263393,LN
"Žatec,,teplárna Perč",50.30386872075639,13.550452085617787,LN
"Žatec,,Volyň. Čechů OSP",50.318290962329606,13.545083663000602,LN
"Žatec,,Sv. Čecha",50.321050774693845,13.543576764443316,LN
"Velvěty,,záv.",50.610546731484035,13.888102111708271,TP
"Úpořiny,,rozc.",50.610079398754216,13.883335781104137,TP
Lbín,50.6046146352433,13.860061695269328,TP
Lysec,50.60296065891228,13.864019304113738,TP
"Hradiště,,jednota",50.59444405145823,13.870914326271116,TP
"Hradiště,,rozc.",50.59044367279394,13.869320235877286,TP
Ohníč,50.58593600114757,13.844035571149936,TP
"Ohníč,,mlýn",50.58945629130638,13.826644055822388,TP
Chotějovice,50.57901195677004,13.791777002948244,TP
"Ledvice,,váha",50.58279498008267,13.779076348358284,TP
"Ledvice,,kino",50.58498597241016,13.773156915209139,TP
Kučlín,50.531970687030025,13.796594670121813,TP
Razice,50.52257512119559,13.809073475039765,TP
Štěpánov,50.52856293866542,13.871924499861937,TP
Lukov,50.5282898545755,13.885507543029899,TP
"Štěpánov,,rozc.",50.526485807342446,13.839165094841638,TP
Mukov,50.504019789405596,13.837562977109156,TP
"Červený Újezd,,UT",50.496157002362146,13.840830612452928,TP
Červený Újezd,50.48986470137686,13.844178607864748,TP
Měrunice,50.47900217855769,13.817961262176864,TP
Žichov,50.47945397039837,13.79058356073057,TP
"Měrunice,,rozc.",50.478385543904714,13.796792020435923,TP
Tvrdín,50.50321266913354,13.803199495971006,TP
Mrzlice,50.51236978056188,13.81196953175027,TP
Razice,50.521807546585045,13.809094196102947,TP
"Hrobčice,,školka",50.51762878616643,13.786763645364182,TP
"Chouč,,rozc.",50.510581542873986,13.770539310194877,TP
"Bílina,,PP II škola",50.542489753637234,13.776834855955528,TP
"Bílina,,VMG zast.",50.55931293232024,13.768254092248595,TP
"Bílina,,VMG I",50.56291542880308,13.768821437801172,TP
"Ledvice,,úpravna uhlí",50.579468072803465,13.782380536598904,TP
"Světec,,Zámecká zahrada",50.578033328852946,13.808092677782152,TP
"Světec,,záv.",50.57397461665694,13.805543026441716,TP
"Světec,,u Holubů",50.57233896750187,13.815661423546384,TP
Štrbice,50.56389566449584,13.84172518004952,TP
"Kostomlaty p.Milešovkou,,škola",50.560200546795365,13.86453958725153,TP
"Kostomlaty p.Milešovskou,,nám.",50.5589638095189,13.868826537279837,TP
"Kostomlaty p.Milešovkou,,ObÚ",50.56039954792437,13.86705186993305,TP
"Kostomlaty p.Milešovskou,,garáže",50.56604483808176,13.865263131124376,TP
Lhenice,50.57494006400607,13.86550316827935,TP
Mošnov,50.58063528446852,13.876860225247018,TP
Bžany,50.58999279087764,13.877693306404145,TP
Úpoř,50.58062642835232,13.839000493246587,TP
"Ohníč,,karola",50.58912370466985,13.845346262389965,TP
"Křemýž,,nám.",50.59757385493856,13.82126141837914,TP
Pňovičky,50.60038314374504,13.816782565941809,TP
"Hostomice,,kolonie",50.589049152381016,13.794017200564772,TP
"Zabrušany,Želénky,Fučík",50.59241091714853,13.78782860444033,TP
"Zabrušany,Želénky,křiž.",50.59898511395214,13.781766396725423,TP
"Zabrušany,,ObÚ",50.60512110416004,13.7880699760658,TP
"Zabrušany,Všechlapy",50.60743512060416,13.790400423763787,TP
"Všechlapy,,kamenolom",50.61353017631441,13.786029468988563,TP
Hudcov,50.62776087006889,13.782398872837303,TP
"Teplice,Hudcov,výšina",50.63460709613993,13.778989914883411,TP
Lahošť,50.621450044014175,13.75782950044419,TP
"Duchcov,,žel.st.",50.61727347905638,13.753554751996905,TP
"Duchcov,,Teplická",50.60741257682882,13.748185963416512,TP
"Duchcov,,kino",50.60353661053715,13.747464100680807,TP
"Duchcov,,Želénská",50.60240123885365,13.761155391331119,TP
"Zabrušany,,vodárna",50.60187919481767,13.774506383875458,TP
Zabrušany,50.60499181468409,13.787416487653173,TP
"Duchcov,,Osecká",50.607774909102446,13.745669306523306,TP
"Duchcov,,nem.",50.61056453961688,13.74202809541588,TP
"Háj u Duchcova,,Dolní Háj žel.",50.61969704312741,13.724866025026248,TP
"Háj u Duchcova,,Dolní háj rozc.",50.62320616755033,13.71747699098903,TP
"Osek,,kolonie",50.62312615621852,13.704308849103741,TP
"Osek,,nám.",50.62240879021967,13.692336848584514,TP
"Osek,,Národní dům",50.62620713493439,13.691860716887495,TP
"Osek,,Tyršova",50.63064146541674,13.699150640284197,TP
"Háj u Duchcova,,Horní Háj",50.637474523439685,13.708299159956006,TP
"Háj u Duchcova,,statek",50.640982722794675,13.715650374058958,TP
"Hrob,Křižanov",50.65202905224081,13.715437869454206,TP
"Hrob,,Beseda",50.654455574938936,13.72142118410936,TP
"Hrob,Mlýny",50.66126601242046,13.730644626285738,TP
Hrob,50.65702698187869,13.725800091327056,TP
"Osek,,u pomníku",50.62332369081947,13.683110651438174,TP
"Dlouhá Louka,,háj.",50.639086480529656,13.64918323310538,TP
Dlouhá Louka,50.65042905732054,13.64706141255282,TP
"Loučná,,rozc.",50.61930221200616,13.669058608555849,MO
"Lom,,nám.",50.594085798412046,13.657506714982638,MO
"Lom,,škola",50.60045217715897,13.653049601974017,MO
"Lom,,Horní Lom rozc.",50.61184020362501,13.647893719081756,MO
"Litvínov,,Koldům",50.611832617545886,13.637329757056275,MO
"Litvínov,,Citadela",50.608628204093634,13.627720897352457,MO
"Litvínov,,Máj",50.603408942795944,13.61049183118114,MO
"Litvínov,,nám.Míru",50.59875663397803,13.60989219057343,MO
"Litvínov,,nádraží",50.59370853550982,13.609420464623314,MO
"Záluží,,Petrochemie",50.570713979018485,13.603779740577783,MO
"Záluží,,CHEMOPETROL",50.55965086410987,13.601476468121648,MO
"Záluží,,důl Hlubina",50.57719645893821,13.602093351386577,MO
"Litvínov,,Jiráskova",50.59923709740833,13.616860451967709,MO
"Litvínov,,u hřbitova",50.60059421704111,13.635275285934968,MO
"Lom,,Červený kříž",50.596851725942734,13.654609960305311,MO
"Osek,,klášter",50.62122664821762,13.692779600626533,TP
"Košťany,Střelná",50.665384506253744,13.746245703989443,TP
"Košťany,,nám",50.655632755752364,13.756061651393798,TP
"Košťany,Střelná,kaplička",50.66650669458134,13.749109083475284,TP
"Košťany,Střelná,sídliště",50.66932237111812,13.74547579908048,TP
"Košťany,,zámeček",50.66874528866973,13.756027264170292,TP
"Dubí,Mstišov,Dvojhradí",50.66926471317788,13.768466681142625,TP
"Dubí,,Dvojhradí (bez obsluhy)",50.6675263708166,13.770587995982453,TP
"Dubí,Mstišov,nám",50.6649726138101,13.78107428303703,TP
"Dubí,Pozorka,náměstí",50.661038909645676,13.792479223927515,TP
"Teplice,Lesní brána,nádr.",50.65081730965383,13.81161722359455,TP
"Teplice,,Mánesovo nám.",50.64652339943713,13.823805361093196,TP
"Teplice,,aut.nádr.",50.64604299397179,13.831158683180401,TP
"Teplice,,okresní soud",50.63619496597362,13.818680552345036,TP
"Teplice,Řetenice,sídliště",50.637962096390375,13.803003038583215,TP
"Teplice,Řetenice,Perla",50.63761652658435,13.80722459193459,TP
"Teplice,,Zámecká zahrada",50.63633426476598,13.821502246851662,TP
"Jeníkov,,nám.",50.628887640999736,13.749351442022627,TP
"Oldřichov,,ObÚ",50.634460576312456,13.753363197819649,TP
Oldřichov,50.639243281941894,13.756420762122927,TP
"Oldřichov,,rozc.žel.st.",50.64162004442894,13.760766571810098,TP
"Košťany,,Kamenný Pahorek",50.644135919228866,13.766935120820799,TP
"Košťany,,Kamenný pahorek",50.64523235255877,13.76700344116287,TP
"Košťany,,vjezd",50.65106903841166,13.76173516558952,TP
"Dubí,,pož.zbroj.",50.67666842336239,13.793234117589824,TP
"Dubí,Běhánky",50.677631702964604,13.814364487682724,TP
Přítkov,50.68048266748496,13.830301936570638,TP
"Krupka,,škola",50.68245041794764,13.858136069640373,TP
"Krupka,Vrchoslav,Hor.nám.",50.68171898551246,13.853136676607468,TP
"Krupka,Maršov,škola",50.685175911310004,13.884624255835517,TP
"Krupka,Unčín,U parku",50.68562442088361,13.89256136820087,TP
"Krupka,Unčín,U Lípy",50.686691468895546,13.896985944231602,TP
"Chlumec,,rozc.Strádov",50.69022508781631,13.910680189309632,UL
Přestanov,50.68604707291517,13.920779834278404,UL
"Chabařovice,,Teplická",50.678884548400674,13.933557204706613,UL
"Chabařovice,,radnice",50.67232028396058,13.944186697532922,UL
"Chabařovice,,Petri",50.66932714098825,13.954346471905506,UL
"Chabařovice,,Chabařovická",50.66401778186849,13.967841825875645,UL
"Ústí n.L.,,Na luhách",50.656606215396515,14.009000960045844,UL
"Ústí n.L.,,západní nádr.",50.65906193604566,14.030160889857962,UL
"Ústí n.L.,,Staré Předlice",50.65892748930812,13.987126496217343,UL
Přestanov,50.684954823035596,13.919551998417763,UL
"Krupka,Soběchleby,host.",50.675055933987636,13.897462692757559,TP
"Krupka,Bohosudov,Komenského",50.684438936029125,13.880197477590558,TP
"Krupka,Bohosudov,MěÚ",50.682141403994336,13.872413923483847,TP
"Krupka,Bohosudov,žel.přejezd",50.67138538639748,13.87506167066678,TP
"Krupka,,prům.zóna II",50.667836057514634,13.881691721572993,TP
"Krupka,,rozc.",50.665307802464966,13.879360597403789,TP
Srbice,50.66020215871655,13.867629671349842,TP
"Teplice,Trnovany,Policie ČR",50.65017827054056,13.837252375469465,TP
"Teplice,Trnovany,Modlanská",50.65260204100782,13.847630359469147,TP
"Teplice,Trnovany,Somet",50.65135117204095,13.85575706813547,TP
"Srbice,Staré Srbice",50.64770213181076,13.8782926270366,TP
Modlany,50.651982187447615,13.896114178195852,TP
"Chabařovice,Roudníky",50.65145280301739,13.919183107078466,UL
"Chabařovice,Roudníky,M. Antonie",50.65529839014872,13.915009316804731,UL
"Chabařovice,Roudníky,dílny",50.66478021629024,13.918022618120764,UL
"Chabařovice,,záv.",50.66375153077821,13.929642983248154,UL
"Krupka,Bohosudov,Dlouhá",50.67892088438517,13.87732256998382,TP
"Krupka,Bohosudov,nám.",50.68161042407213,13.871373063478124,TP
"Krupka,,sídliště",50.679638587736996,13.866543993087118,TP
"Lukavec,,prodejna",50.501015411279326,14.087368744877091,LT
"Keblice,,cihelna",50.48935956240182,14.098190347761944,LT
Keblice,50.48344897179383,14.106540760613084,LT
"Terezín,Nové Kopisty",50.50330622989177,14.121133689324704,LT
"Třebenice,,váha",50.4771038135729,13.99493814185579,LT
"Třebenice,,nám.",50.4771154579987,13.987158646146625,LT
Dlažkovice,50.4661059989802,13.965898305824858,LT
Podsedice,50.472154444081006,13.949977522364478,LT
"Podsedice,,rozc.1.0",50.4751934243993,13.950001898785187,LT
"Podsedice,Pnětluky",50.482475231348246,13.942294440105183,LT
"Podsedice,,rozc.1.0",50.475786804775744,13.949554647544408,LT
"Podsedice,Chrášťany,rozc.1.0",50.472225161849536,13.930092342819703,LT
"Třebívlice,Dřemčice,rozc.0.5",50.46870309415257,13.917077172839026,LT
"Třebívlice,Dřemčice",50.47429622212856,13.911226390695267,LT
"Třebívlice,,rozc.0.5",50.46437250728758,13.898405535619027,LT
"Třebívlice,,nám.",50.45789635556581,13.898897200629724,LT
"Třebívlice,,žel.st.",50.45750979977552,13.90823120893747,LT
"Děčany,Solany",50.45254418219501,13.918737308238791,LT
Lkáň,50.442437514745315,13.971893584155096,LT
"Koštice,Vojnice",50.42393471334441,13.941711922684583,LN
"Koštice,Vojničky",50.4283346153042,13.930065666022163,LN
"Děčany,Lukohořany",50.43610538626218,13.934263020750576,LT
"Děčany,,rozc.0.5",50.44305337733222,13.912528461564747,LT
Děčany,50.43814728821996,13.907813132575061,LT
"Děčany,Lukohořany,rozc.",50.437767506093984,13.921190000724051,LT
Želkovice,50.464819924656645,13.875434023642866,LN
"Libčeves,Řisuty",50.472970304672664,13.859339417622998,LN
"Želkovice,,rozc. Řisuty",50.46497372237898,13.87204531667104,LN
Želkovice,50.464017422129565,13.877967584388394,LN
"Třebívlice,Šepetely,rozc.0.5",50.46440727050294,13.891219457996558,LT
"Třebívlice,Šepetely,cesta",50.46890698185715,13.895941633809173,LT
"Třebívlice,Leská",50.47905973357708,13.885076954966197,LT
"Třebívlice,Staré",50.480870485618915,13.894993271374867,LT
"Třebívlice,Staré,háj.",50.49029435283918,13.89125405150855,LT
"Třebívlice,Skalice",50.49633348846161,13.886256991110796,LT
"Třebenice,Kocourov",50.52445524180129,13.942922369634388,LT
"Třebenice,Medvědice",50.517340865842044,13.925717634152013,LT
"Třebenice,Lipá",50.512206763494554,13.925140902312927,LT
"Třebenice,Mrsklesy",50.50773178652324,13.928491670555612,LT
Vlastislav,50.49710364796355,13.95573454426415,LT
"Vlastislav,,rozc.",50.49398917891057,13.957979318323254,LT
"Třebenice,Teplá,samota",50.492222871918,13.960862144551532,LT
"Třebenice,Teplá",50.48876189909355,13.966899570001871,LT
"Třebenice,Kololeč,rozc.",50.47898945445682,13.98049935424882,LT
"Třebenice,,nám.",50.47761558516432,13.986823093974746,LT
"Třebenice,,cihelna",50.467174021384665,14.019517733005252,LT
"Úpohlavy,,host.",50.46227004808494,14.034279763108254,LT
"Velemín,Dobkovičky",50.556081703963464,14.00304559449181,LT
Chotiměř,50.548278044226976,14.000628424617343,LT
"Chotiměř,,školka",50.54905623110527,13.995205355132004,LT
"Velemín,Hrušovka,rozc.",50.552032799572736,13.985345942730687,LT
"Velemín,Bílý Újezd",50.54694457022644,13.976625969428259,LT
Velemín,50.537025510361076,13.977638576216984,LT
"Velemín,Milešov",50.539416675262146,13.938203058709838,LT
"Velemín,Milešov,Mlýnce rozc.0.5",50.538492241689575,13.9497106313294,LT
"Velemín,Březno",50.52522506413038,13.974781073146552,LT
"Třebenice,Sutom,rozc.1.0",50.51117643257543,13.97230884012017,LT
"Třebenice,Sutom",50.50434627056471,13.973895189159416,LT
"Velemín,Boreč",50.510320083915545,13.99030221994165,LT
"Velemín,Režný Újezd",50.517826289247715,13.995863984885883,LT
"Velemín,Bílinka,rozc.0.5",50.519172490915814,14.002236940764972,LT
"Velemín,Opárno",50.53569524387264,14.006289817307554,LT
"Vchynice,,škola",50.512535850090416,14.02266550210587,LT
"Sulejovice,,obec",50.499928041036526,14.037303462317558,LT
"Sulejovice,,Fruta",50.50231990754784,14.040733627513179,LT
"Lovosice,,Uhelné sklady",50.51067797689427,14.05132808663238,LT
Kojetice,50.645422634286504,14.087442381415878,UL
Kojetice,50.64468821809173,14.088287478392356,UL
"Malečov,,odb.",50.64248802940929,14.096661699846543,UL
"Březí,,rozc.0.3",50.64410315835373,14.112170331954573,UL
Malečov,50.631491310457065,14.120181992225026,UL
"Pohoří,,rozc.0.5",50.626516989080706,14.130860546201644,UL
Tašov,50.61448410454231,14.133841042404997,UL
Čeřeniště,50.600645024188104,14.121497571804198,UL
"Tašov,,ovčárna",50.60787529380101,14.147116248021408,UL
Rýdeč,50.60666029154615,14.162180397972651,UL
"Rýdeč,,odb.Lhota pod Pannou",50.61341741753921,14.16665704266181,UL
"Proboštov,,odb.Lhota pod Pannou",50.62482620114525,14.156255045451855,UL
"Proboštov,,host.",50.62549674049132,14.150739932821446,UL
Tašov,50.61470859719612,14.134784488225236,UL
Staňkovice,50.589417588022826,14.166599039225169,LT
"Žitenice,Pohořany",50.55943023280703,14.170346152146406,LT
"Žitenice,,Pohořanská",50.5567189578145,14.1628593051417,LT
Žitenice,50.555424424589994,14.157270826671482,LT
"Žitenice,,Skalická",50.558377206358614,14.154420704903327,LT
"Žitenice,Skalice,Močidla",50.5608844926255,14.148066892261744,LT
"Žitenice,Skalice,ústav",50.56747816026732,14.140633098829491,LT
"Žitenice,Skalice",50.56533728768478,14.138903682458427,LT
"Ploskovice,Maškovice",50.55825313206796,14.18758374513164,LT
Ploskovice,50.56069351655719,14.199274298379532,LT
Býčkovice,50.55987612177247,14.21384591004301,LT
"Ploskovice,Těchobuzice",50.568668002869124,14.203077785854772,LT
Chudoslavice,50.583419425773194,14.187614545168058,LT
"Třebušín,,Všeradiště rozc.0.5",50.59982049287547,14.183544215770954,LT
"Staňkovice,,rozc.",50.595795569982776,14.181171729187453,LT
"Staňkovice,,mlýn",50.589660973185964,14.174106610828476,LT
"Třebušín,,pečovatelský dům",50.598562745957764,14.200430651959959,LT
Třebušín,50.60001127218453,14.204887803878977,LT
"Třebušín,Řepčice",50.60850564342577,14.190404419697467,LT
"Třebušín,Dolní Týnec",50.599307660610116,14.235617937552238,LT
"Třebušín,Kotelice",50.5888620824353,14.230590238322643,LT
"Liběšice,Soběnice,Horní Nezly",50.5739640119678,14.227212917647714,LT
"Liběšice,Dolní Nezly",50.56930008673165,14.227198497460567,LT
"Třebušín,Horní Týnec",50.60384116746598,14.237072723323312,LT
Lovečkovice,50.62096341352951,14.263708058586339,LT
"Lovečkovice,Levínské Petro,rozc.",50.633047748626254,14.279204188189668,LT
"Lovečkovice,Mukařov,rozc.0.4",50.647648986600174,14.291024142573603,LT
Verneřice,50.661387645924904,14.302014002371298,DC
"Levín,Horní Vysoké",50.61312049123248,14.278394997588496,LT
"Úštěk,Hradec",50.607692575124645,14.28791153718836,LT
"Úštěk,Dolní Vysoké",50.60482618415362,14.296953257057703,LT
"Úštěk,Habřina",50.597144489212106,14.309007161502786,LT
"Úštěk,,motel",50.58301666506253,14.327453542566092,LT
"Úštěk,,žel.st.",50.58446997428379,14.335124913389192,LT
"Úštěk,,žel.st.",50.585238740068725,14.335291549052062,LT
"Úštěk,,nám.",50.58482832420816,14.344469248964092,LT
"Úštěk,,sídliště",50.58825113895538,14.347506175170079,LT
"Úštěk,Konojedy",50.628160230787685,14.351469323566754,LT
"Úštěk,Brusov",50.6269639056142,14.324290145319912,LT
"Úštěk,Držovice",50.612924412649534,14.326655492738663,LT
"Úštěk,Starý Týn",50.6060897666965,14.329256790557249,LT
"Úštěk,Starý Týn,rozc.",50.59767705493153,14.341843312344848,LT
"Liběšice,Zimoř",50.57917033806397,14.316232190754803,LT
"Úštěk,,předměstí",50.580946086688556,14.32704490538354,LT
Liběšice,50.5686645015262,14.289408996805905,LT
"Liběšice,Horní Řepčice",50.55791856231746,14.25203811733135,LT
"Chotiněves,,rozc.1.0",50.559857465718366,14.263423237687658,LT
"Liběšice,,škola",50.57003043968162,14.290353230346758,LT
"Liběšice,,žel.st.",50.572151671718885,14.28588757276505,LT
"Liběšice,Trnobrany",50.57850335890665,14.289900108226684,LT
"Liběšice,Srdov",50.59735197960656,14.286480476066178,LT
"Úštěk,Hradec",50.60803110283729,14.28641496973937,LT
"Lovečkovice,,Lukavice",50.623746551490775,14.254826270235998,LT
"Lovečkovice,Klínky",50.628985342149775,14.247869238756358,LT
"Lovečkovice,Touchořiny",50.62651546679322,14.237486821788973,LT
"Liběšice,Trnobrany",50.57838043012025,14.289023477591334,LT
"Liběšice,Horní Chobolice",50.577221435108505,14.268444269930736,LT
"Liběšice,Mladé",50.57383747210577,14.2587408987015,LT
Libochovany,50.56776507964194,14.042878677556688,LT
"Libochovany,Řepnice",50.56723999307366,14.057322967705028,LT
"Kamýk,,rozc.",50.556530725657055,14.069893858224775,LT
Kamýk,50.558347382344735,14.077630874558677,LT
"Malíč,,rozc.",50.549251883777096,14.071672351972918,LT
"Malíč,,rozc.",50.54913091077499,14.072050199647006,LT
Malíč,50.54336752180684,14.08215653394793,LT
Michalovice,50.53746145552992,14.081016166782817,LT
"Velké Žernoseky,,bytovky",50.54255119519011,14.066046351625245,LT
Velké Žernoseky,50.53791030798474,14.064351625937087,LT
"Velké Žernoseky,,STS",50.53259917148344,14.068979209577485,LT
"Žalhostice,,škola",50.527145695767324,14.079966757293173,LT
"Žalhostice,Nové Píšťany",50.52181459943472,14.082255698725564,LT
Píšťany,50.52065582437373,14.073502368595644,LT
Píšťany,50.51935553661172,14.070766426468737,LT
"Žalhostice,,záv.",50.52232466436339,14.087291135020012,LT
Žalhostice,50.52297217890472,14.089820849464017,LT
"Žalhostice,,žel.zast.",50.52429065527304,14.09597562640493,LT
"Litoměřice,,Pod Radobýlem",50.53005950447373,14.108207706697103,LT
"Litoměřice,,jatky",50.53229755672958,14.114430147104873,LT
"Litoměřice,,chladírny",50.53264478326082,14.11869859574465,LT
"Litoměřice,,Vojtěšské nám.",50.53720870078694,14.126193872525795,LT
"Litoměřice,,u závor",50.54180599875746,14.125835113795443,LT
"Litoměřice,,žel.st.hor.",50.54067565789237,14.131350907887018,LT
"Litoměřice,,u pošty",50.536389830996605,14.131892063299393,LT
"Litoměřice,,rozc. Mentaurov",50.562220977620186,14.121859511730364,LT
"Litoměřice,,rozc. Mentaurov",50.56268986337459,14.120086120327306,LT
Hlinná,50.572020232398096,14.107321509337241,LT
"Hlinná,Tlučeň",50.57790045009009,14.089189440282748,LT
"Hlinná,,rozc.Tlučeň 2.0",50.5635812807199,14.10894325645176,LT
"Litoměřice,,Uhelné sklady",50.53995319596178,14.120757404263074,LT
"Litoměřice,,předměstí",50.54374447637684,14.114056588632124,LT
"Litoměřice,,Knobložka rozc.",50.555144967177625,14.0901700700608,LT
Miřejovice,50.55413714093248,14.105638045551828,LT
"Miřejovice,,váha",50.551776708490436,14.111020063729836,LT
"Litoměřice,,u stadionu",50.534831023623994,14.144897633646401,LT
"Litoměřice,,Na mýtě",50.53816476003581,14.155716974628971,LT
Trnovany,50.542795294617065,14.179558623784006,LT
"Ploskovice,,rozc.1.5",50.54912964696692,14.198629002104001,LT
"Ploskovice,,rozc.1.5",50.55020257925544,14.20475268240978,LT
"Býčkovice,,rozc.",50.55194401651421,14.214589884563285,LT
"Býčkovice,Velký Újezd",50.54494821552515,14.215814097594563,LT
"Křešice,Zahořany",50.529994378826224,14.21726828780658,LT
"Křešice,Zahořany",50.53044308300309,14.21768110041692,LT
"Křešice,Sedlec",50.54184330118487,14.23450468975306,LT
"Polepy,Encovany",50.528851776733944,14.249076456939619,LT
"Polepy,Hrušovany",50.51911531716788,14.27790989162107,LT
"Polepy,,žel.st.",50.50903714648096,14.271735004090882,LT
Vrutice,50.50204269839214,14.29023409349805,LT
Polepy,50.50587801521454,14.262700259968057,LT
"Hoštka,Malešov,rozc.",50.511264335537255,14.312389392584802,LT
Drahobuz,50.525630716033376,14.320317020397413,LT
"Úštěk,Vědlice",50.527533467795145,14.345582874641067,LT
"Drahobuz,Strážiště,rozc.",50.536865165917646,14.340612041480089,LT
"Úštěk,Rochov",50.54853983940055,14.341688189543389,LT
"Úštěk,Tetčiněves",50.560514447434,14.345448973346754,LT
"Úštěk,Lhota,rozc.0.7",50.571487414821995,14.35366170723098,LT
"Úštěk,,údolí",50.583867199609074,14.345333940728686,LT
"Úštěk,Lukov",50.60340499752297,14.368905289897857,LT
"Úštěk,Lukov,škola",50.600910518291435,14.368618542456142,LT
"Blíževedly,,žel.st.",50.612424767702635,14.395128645193482,CL
Blíževedly,50.608772834023526,14.397462939608523,CL
"Úštěk,Ostré",50.58439023669953,14.373537124444713,LT
"Blíževedly,Skalka",50.585827924483226,14.408475743272987,CL
"Úštěk,,Krásná Studánka",50.57323066695916,14.409131840886525,LT
"Úštěk,Rašovice",50.570488049397476,14.401697500147217,LT
"Úštěk,Kalovice",50.558610184015436,14.403811456890633,LT
"Úštěk,Robeč,hor.",50.543104894169836,14.4211460482579,LT
"Úštěk,Robeč,dol.",50.540588829701335,14.42225931994877,LT
"Snědovice,Sukorady,rozc.",50.53028076569137,14.425831202164893,LT
"Snědovice,Sukorady",50.530585723908665,14.430565508541694,LT
"Snědovice,Velký Hubenov",50.52813238785617,14.399356108511594,LT
"Úštěk,Julčín",50.52839211432218,14.370345328942625,LT
"Úštěk,Vědlice,rozc.",50.52732910977249,14.383748971036468,LT
"Snědovice,Střížovice",50.51732699158427,14.383788946014143,LT
Snědovice,50.503969352958684,14.387833157906146,LT
"Snědovice,Křešov",50.491560669850045,14.396276369467204,LT
"Štětí,Radouň",50.47994028292717,14.39679127225365,LT
"Štětí,Čakovice",50.48795253870509,14.374388690261638,LT
Velešice,50.48926517908817,14.36016971192975,LT
"Hoštka,,Velešická",50.48794370071275,14.339737558121909,LT
"Hoštka,,nám.",50.48924751770882,14.335796372198322,LT
"Štětí,Chcebuz",50.48308535614865,14.427292735666319,LT
"Štětí,Brocno",50.477553115050895,14.44503065712125,LT
"Štětí,Veselí",50.4915539495571,14.440850302436061,LT
"Štětí,Újezd",50.5001410150302,14.43841149979395,LT
"Štětí,Hněvice,žel.st.",50.453902273985946,14.361500958893284,LT
"Hoštka,Malešov",50.510004582077784,14.322267335000902,LT
"Snědovice,,Lomy",50.50950329088036,14.415013497191566,LT
"Snědovice,Strachaly",50.513299713988005,14.424817917332915,LT
"Polepy,Libínky",50.53039517853122,14.285483214731661,LT
"Chotiněves,Jištěrpy",50.53801321299138,14.288018215321133,LT
Chotiněves,50.55145143526018,14.284981350628351,LT
"Polepy,Encovany,Dolní Encovany",50.524177126312026,14.245376919375923,LT
"Polepy,,škola",50.50765519877284,14.26539463231955,LT
Křešice,50.52407747685906,14.216114863637978,LT
Křešice,50.52295520418802,14.215222491347124,LT
"Litoměřice,,nem.",50.54030571724041,14.140740130530554,LT
"Litoměřice,,6.ZŠ",50.53747501366302,14.14360918238142,LT
"Ústí n.L.,,loděnice",50.6585023734965,14.068279075749906,UL
Olšinky,50.65969248735752,14.08170388867622,UL
Svádov,50.661664694559356,14.095576221890239,UL
"Svádov,,žel.st.",50.663429075497355,14.101972404177625,UL
"Valtířov,,žel.st.",50.671889918708175,14.122549781467495,UL
"Valtířov,,osada",50.66896327237413,14.126139225071322,UL
Velké Březno,50.66414729392379,14.140645790363722,UL
"Velké Březno,,žel.st.",50.66446191775296,14.145823142344533,UL
Malé Březno,50.67330656161139,14.171198867955082,UL
"Leština,,host.",50.660421533136876,14.196398904513737,UL
Leština,50.658538266888215,14.200327629652051,UL
Zubrnice,50.64951889313399,14.220635171877356,UL
Týniště,50.63824119948879,14.220519149479783,UL
"Lovečkovice,Knínice,rozc.",50.6399432194028,14.230235806962323,LT
"Lovečkovice,Knínice",50.64368084800815,14.238282678923092,LT
"Ploskovice,Vinné",50.584072413139246,14.207755895664329,LT
"Ploskovice,Starý Mlýnec,rozc.",50.57746888628831,14.209111524501976,LT
"Chudoslavice,Myštice,rozc.0.5",50.57022603340773,14.18761144146746,LT
"Liběšice,Dolní Řepčice",50.558744363172515,14.234334110671508,LT
"Liběšice,Soběnice",50.568510165729926,14.240191128906828,LT
"Liběšice,Soběnice",50.56966124386244,14.241692385295558,LT
"Liběšice,Soběnice,rozc.0.4",50.56507855815773,14.240875783980233,LT
"Liběšice,Soběnice,rozc.1.0",50.559460859595426,14.237613684315848,LT
"Dušníky,,cesta",50.427402533624374,14.20547927768721,LT
"Lovosice,,Jabloňová álej",50.513578737062986,14.040851745328577,LT
"Lovosice,,Jabloňová álej",50.514002961225074,14.039874787895117,LT
"Vchynice,,rozc.",50.51581725952384,14.025139200669878,LT
"Velemín,Bílinka",50.521283220004946,14.005002013578784,LT
Velemín,50.53803561948036,13.977825351128022,LT
"Velemín,,škola",50.542115986758404,13.977596996560916,LT
"Bořislav,,Paškapole",50.568464897219926,13.957155562919505,TP
"Bílka,,rozc.Milešovka",50.57183425200557,13.941959101355659,TP
Bořislav,50.580222264787295,13.928500553046884,TP
Žalany,50.58850341105114,13.91094113454887,TP
"Žalany,,škola",50.59293224575178,13.906550011243294,TP
Rtyně n.Bílinou,50.60049749035903,13.91097493960086,TP
"Velvěty,,host.",50.605901191872846,13.891362471783198,TP
"Velvěty,,záv.",50.610917827723306,13.887846842921727,TP
"Rtyně n.Bílinou,Velvěty,Kozlíky",50.61257820208916,13.886549702348525,TP
"Rtyně n.Bíl.,Velvěty,Kozlíky hos",50.61592392746797,13.883955690842622,TP
"Bžany,,rozc.",50.59567594757334,13.886108899804913,TP
"Hradiště,,rozc.",50.609637151598115,13.88410593294351,TP
"Bystřany,Nové Dvory",50.62118822300904,13.874077033908902,TP
Bystřany,50.627987421727624,13.862680771424179,TP
"Ústí n.L.,Sřekov,osada",50.63435295791652,14.053481171193933,UL
"Ústí n.L.,Sebuzín",50.59478162254364,14.064090290877388,UL
"Ústí n.L.,Sebuzín,žel.st.",50.5943379471545,14.056611858385178,UL
"Ústí n.L.,Církvice",50.589559957339,14.036716423132733,UL
"Libochovany,,lom",50.57664378966647,14.044582278773905,LT
Vchynice,50.51033072033135,14.018212930778883,LT
"Podsedice,Obřice,lom",50.476661775028,13.958465464408068,LT
"Nové Dvory,,EXIT D8 Doksany",50.434698183559235,14.174642879424834,LT
"Nové Dvory,,EXIT D8 Doksany",50.43709563674201,14.177340911114763,LT
"Nové Dvory,,EXIT D8 Doksany",50.43622341088058,14.175727128091253,LT
"Mšené Lázně,Vrbice,odb.Loucká",50.34367075053089,14.12041717836604,LT
"Vrbice,,rozc.",50.32946045396936,14.116715920844744,KD
"Mnetěš,,rozc.",50.354010547478936,14.268158865532843,LT
"Kostomlaty p.Řípem,,rozc.",50.38741315856599,14.337102651032056,LT
"Přestavlky,,rozc.",50.405416550316254,14.211437386013671,LT
Malé Žernoseky,50.5339637783737,14.056932560672513,LT
"Prackovice n.L,Litochovice n.L.",50.557557109640186,14.034891709068525,LT
Prackovice n.L.,50.56971512819551,14.036223280804503,LT
Dolní Zálezly,50.59639361873658,14.042826938882959,UL
Dolní Zálezly,50.62666293001182,14.053607365827203,UL
"Most,,nádraží",50.510576588363286,13.657421001857486,MO
"Most,,J.Skupy",50.50669622107358,13.635320816141478,MO
"Most,,Nemocnice",50.508744755245615,13.627010767983572,MO
"Most,,Pod Resslem",50.51201702275515,13.623517919204788,MO
"Most,Souš,Matylda",50.52570405545232,13.624656000707597,MO
"Most,Souš,Vrbenský I",50.5285781553732,13.607119494403621,MO
"Most,Souš,Vrbenský II",50.52587219151693,13.59166474014077,MO
"Třebušice,,MUS-DTS Vrbenský",50.52388264163648,13.584211882879817,MO
Komořany,50.52670498619861,13.57202034078737,MO
"Komořany,,tábor 7",50.52830850420562,13.568909767797388,MO
"Komořany,,KSK",50.53153320616822,13.562260894142943,MO
"Komořany,,Obránců míru",50.53478641705211,13.550746327599883,MO
"Komořany,,DUK",50.522203498733646,13.575283645610659,MO
"Komořany,,Nejedlý I",50.539880181903044,13.58587712331656,MO
"Komořany,,Nejedlý II",50.54440553123472,13.588015436052636,MO
"Dolní Jiřetín,,rozc.",50.55507906989754,13.590321968000271,MO
"Záluží,,rozc. Dolní Jiřetín",50.55508291687475,13.592622097515017,MO
"Ervěnice,,záv.ČSA",50.523267682578506,13.5426984591486,MO
"Vysoká Pec,,rozc.1.0",50.51313228750216,13.469082325916068,CV
Vysoká Pec,50.52056034930169,13.469802395980393,CV
Drmaly,50.522562505729624,13.458197548900978,CV
Červený Hrádek,50.51176893976322,13.449966325478584,CV
"Jirkov,,osada",50.50658699458923,13.446387347364693,CV
"Jirkov,,osada u Dubu",50.50944311576778,13.461201132093807,CV
"Jirkov,,aut.nádr.",50.49842725503258,13.450095672005261,CV
"Jirkov,,Červenohrádecká",50.502524326198234,13.446070619060617,CV
"Jirkov,,Dvořákova",50.49925382778399,13.443489331062864,CV
Nové Ervěnice,50.494050372886335,13.445505136062415,CV
"Chomutov,,Písečná",50.490089328818364,13.443782870182964,CV
"Chomutov,,Písečná I-13",50.48693273074595,13.443902948408367,CV
"Chomutov,,Zoopark",50.47761539262453,13.419835544203673,CV
"Chomutov,,Lesopark u lávky",50.47446980308224,13.414484559849578,CV
"Chomutov,,Moravská",50.46853587943929,13.410022833522975,CV
"Chomutov,,Pražská",50.44687507586816,13.430286893863238,CV
"Chomutov,,Zahrádky",50.44400105462903,13.432552103563568,CV
"Droužkovice,,ObÚ",50.430545199212446,13.429990136002166,CV
"Březno,,u plynárny (bez obsluhy)",50.411152428423705,13.429719407811248,CV
"Březno,,zdrav.stř.",50.40006035835193,13.423838669061595,CV
"Březno,,důl",50.39653270287239,13.415901018985027,CV
"Březno,Střezov,rozc.0.2",50.39116042281621,13.434630915619726,CV
"Březno,Vičice,rozc.2.0",50.37976570066366,13.430269252825196,CV
"Březno,Vičice",50.37105482199883,13.434783586746441,CV
"Březno,Stranná",50.370412062312475,13.450322030553789,CV
bez obsluhy,50.37992207408657,13.424551870078679,CV
Nechranice,50.36900682013318,13.420105301519593,CV
"Nechranice,,na mostě",50.37059277349424,13.419209409630046,CV
"Vikletice,,rozc.1.0",50.346366434708436,13.416142031728038,CV
"Nechranice,,loděnice",50.37536655206138,13.390136564950604,CV
"Tušimice,,Škoda",50.38082332378705,13.351598892476884,CV
"Tušimice,,II stavba",50.37936591001766,13.341170248440882,CV
"Kadaň,,Jungmanova",50.37812617869808,13.26646412184532,CV
"Mikulovice,,statek",50.38217784803158,13.243630901329292,CV
"Mikulovice,,odb.lom",50.38836516667058,13.233954211882807,CV
"Rašovice,,čerp.",50.38502380770575,13.217256593648237,CV
"Klášterec n.Ohří,,porcelánka",50.38325193199263,13.199492700894343,CV
"Klášterec n.Ohří,Petlerská,I",50.39112172216449,13.184017108822616,CV
"Klášterec n.Ohří,Petlerská,II",50.39541209231798,13.182000510099412,CV
"Útočiště,,rozc.",50.39945286729998,13.178121093007622,CV
Hradiště,50.425384978890506,13.213858721360463,CV
"Louchov,,rozc.2.0",50.42234594684912,13.212968521126136,CV
Louchov,50.42608886818438,13.191263512986277,CV
Domašín,50.42156187881211,13.172895388698564,CV
Petlery,50.41341039724272,13.160637360106769,CV
"Měděnec,,žel.st.",50.42847457421316,13.130573338167869,CV
Měděnec,50.422633904611345,13.11591971612078,CV
"Měděnec,,rozc.k dolu",50.421466307706226,13.112026084285292,CV
Horní Halže,50.41583728076161,13.083503670072297,CV
"Kovářská,,ObÚ",50.43840060803471,13.05372335520787,CV
"Kovářská,,rozc. Elektropřístroj",50.43497203252429,13.049680609096225,CV
"Loučná,České Hamry",50.44016444759696,13.016209470989857,CV
"Loučná,Háj,záv.",50.427694847443185,13.00225768186476,CV
"Loučná,,rozc.1.0",50.414594561619516,12.9899275154081,CV
"Loučná,háj.park.",50.404223863426346,12.98386976405549,CV
"Boží Dar,Klínovec,rozc.",50.40230509396265,12.951248513532411,KV
"Boží Dar,,celnice",50.40987901376779,12.9343082098725,KV
"Loučná,,Lesní zámeček",50.40212171229211,12.97401715165586,CV
"Loučná,,MěÚ",50.41948712381798,12.98385746608318,CV
"Loučná,České Hamry,Výsada",50.445962243757855,13.020811474475757,CV
"Vejprty,Nové Zvolání,KOVO",50.46252649942132,13.02066758654082,CV
"Vejprty,Nové Zvolání",50.47111247476632,13.020920901920038,CV
"Vejprty,,předměstí",50.48258372504966,13.025193648553605,CV
"Vejprty,Nové Zvolání,černý kříž",50.464991212532965,13.036099959122083,CV
"Vejprty,,viadukt",50.48311552177031,13.031829230061843,CV
"Vejprty,,aut.st.",50.49197804942398,13.031858484378171,CV
"Vejprty,,žel.st.",50.49967663914883,13.034141665535426,CV
"Vejprty,,Přísečnická",50.49316840715937,13.0370984488582,CV
"Vejprty,,háj.",50.49097337456408,13.043405817545993,CV
Černý potok,50.4897787111096,13.078380313211278,CV
Kryštofovy Hamry,50.500148166108694,13.136485829471567,CV
"Kryštofovy Hamry,,přehrada",50.488290518083794,13.127930237728185,CV
"Kryštofovy Hamry,,rozc.3.0",50.48587965042176,13.107604225370707,CV
"Domašín,,Nová Víska",50.43739391693592,13.186163643319198,CV
"Vernéřov,Podmilesy,rozc.",50.44104145036363,13.176309176094671,CV
"Výsluní,Volyně,rozc.",50.45185749999641,13.17831689701716,CV
"Výsluní,Třebíška,rozc.",50.463880814202824,13.232278073008095,CV
Výsluní,50.46631690009333,13.238012460462778,CV
"Výsluní,Kýšovice",50.472708595795226,13.2550812149493,CV
"Křimov,Celná",50.48185191859534,13.27364177277887,CV
"Málkov,Vysoká,rozc.",50.47304752763821,13.276285358053658,CV
"Místo,Vysoká Jedle",50.45520255570174,13.26350233955703,CV
"Místo,,výchovný ústav",50.44792125865111,13.262911526693578,CV
Místo,50.447020065850516,13.267126422799121,CV
"Místo,Blahuňov",50.446665849155586,13.292685134956471,CV
Prunéřov,50.427283828722324,13.262686337574086,CV
"Prunéřov,,žel.st.",50.41129174131662,13.257533683256383,CV
"Málkov,,skrýv.záv.DNT(bez obsl)",50.4457303427309,13.339731563874956,CV
"Chomutov,,Černovická",50.45782471365876,13.390758467947645,CV
"Chomutov,,Kadaňská kaplička",50.45962145448085,13.397139887120954,CV
"Chomutov,,Kadaňská škola",50.46200960987287,13.400538565159886,CV
"Chomutov,,u hřbitova",50.45439405184434,13.415283877756075,CV
"Chomutov,,poliklinika",50.45475862167781,13.407789751382532,CV
"Krásný Dvůr,Chrášťany",50.257683459127264,13.358748422735827,LN
"Krásný Dvůr,Brody",50.246116221718985,13.338576745317058,LN
"Krásný Dvůr,Brody,rozc.",50.24952411894113,13.341742169761222,LN
"Krásný Dvůr,Němčany",50.25407210898193,13.312786671602618,LN
"Mašťov,,nám.",50.2626664110585,13.28068754767322,CV
"Mašťov,,statek",50.272929359300385,13.290995825999447,CV
"Radonice,,nám.",50.29791099133292,13.28712151554316,CV
"Radonice,,žel.st.",50.298581049779536,13.278593577503429,CV
"Radonice,,žel.st.",50.2985851687755,13.278604917956107,CV
"Habartice,,háj.",50.286827626830934,13.242445487157685,CV
Kadaňský Rohozec,50.28408205628941,13.22881901063862,CV
Obrovice,50.28320962891168,13.206927329303694,CV
Radechov,50.286084023215025,13.269922231116027,CV
"Tušimice,,důl Merkur",50.38916453905971,13.331127028829153,CV
"Tušimice,,I.ELNA",50.385898528122624,13.330403582132046,CV
"Tušimice,,II.ELNA",50.3812324114222,13.334867343082337,CV
"Tušimice,,Sempra",50.37538936786755,13.323352539210914,CV
"Kadaň,,KOH-I-NOOR",50.37888490483066,13.28370345743192,CV
"Kadaň,,koupaliště",50.38451648569883,13.271742002522442,CV
"Kadaň,,Chomutovská sídl.B",50.388773371614135,13.272278348949522,CV
"Kadaň,,nemocnice poliklinika",50.39095300920536,13.27095912288579,CV
"Kadaň,,Královský vrch",50.39378542632836,13.254528315085828,CV
"Klášterec n.Ohří,,IP Verne I",50.40122805483059,13.22752247966694,CV
"Klášterec n.Ohří,,IP Verne II",50.399193952419964,13.218126411307123,CV
"Klášterec n.Ohří,,IP Verne III",50.40405490087903,13.232221398844686,CV
Vernéřov,50.39988086799152,13.227074811542368,CV
"Klášterec n.Ohří,,žel.st.",50.38521686101553,13.197118357025552,CV
"Klášterec n.Ohří,Miřet,aut.nádr.",50.3872763676151,13.192644779852722,CV
"Klášterec n.Ohří,,škola",50.38649530808912,13.180492545525173,CV
"Klášterec n.Ohří,,zámek",50.385520837335534,13.173513935775462,CV
"Klášterecká Jeseň,,rozc.",50.384540461292424,13.14695485058445,CV
Klášterecká Jeseň,50.388534743977715,13.132965721988,CV
"Černýš,,roc.1.0",50.373794468068226,13.125618907399776,CV
"Perštejn,,kino",50.37966260272892,13.11336778225798,CV
Údolíčko,50.40039134123175,13.115536519783548,CV
Ondřejov,50.39447350532506,13.081927130418778,CV
Vykmanov,50.39946072393472,13.071102961591318,CV
"Perštejn,,pošta",50.381590884490045,13.109769481161193,CV
Lužný,50.368988582114625,13.114611642265466,CV
Okounov,50.36599260916648,13.106532592535581,CV
"Okounov,,ObÚ",50.36141254012389,13.106757889298555,CV
Oslovice,50.361550235139894,13.13722322046806,CV
Kotvina,50.36332938021531,13.158604531046688,CV
"Klášterec n.Ohří,,nám.",50.38483129925309,13.17009150728898,CV
"Klášterec n.Ohří,,Zahradní",50.38352539909284,13.169914043474162,CV
"Lestkov,,rozc.",50.375661597626,13.188141623762961,CV
Lestkov,50.36451589944543,13.190470956933506,CV
Rašovice,50.37359008255632,13.203741001907417,CV
Suchý Důl,50.37392407820441,13.220654995494494,CV
Zásada u Rašovic,50.37189183433571,13.228821836962332,CV
Pokutice,50.37194521143258,13.249146904281009,CV
"Prunéřov,,ČSAD",50.39894438464715,13.276887418071771,CV
"Prunéřov,,STS",50.40166987027941,13.277527278921921,CV
"Prunéřov,,důl Nástup",50.40396529267452,13.276302466130762,CV
"Prunéřov,,SSaŽ",50.40447182820211,13.25673302155079,CV
"Prunéřov,,EPRU I",50.41091124608088,13.249440788019578,CV
"Prunéřov,,KKZ",50.413628299616796,13.248729324281564,CV
"Prunéřov,,EPRU II",50.4194265710033,13.255099244709436,CV
Prunéřov,50.42575584229486,13.261526116642871,CV
"Prunéřov,,Ušák",50.432422477221074,13.277239298311134,CV
"Blahuňov,,rozc.1.0",50.4421091644632,13.303243760563806,CV
Zelená,50.44736726965707,13.322810638408725,CV
Málkov,50.44640890774892,13.3334572300485,CV
Černovice,50.449281330457694,13.358710334492583,CV
Nové Spořice,50.45782199235868,13.38201693426757,CV
"Chomutov,,u žel.st.",50.45853037044804,13.401016494650884,CV
"Duchcov,,nám. Legií",50.59939812986213,13.75376632352634,TP
"Čeradice,Kličín",50.29441954733162,13.458918752232888,LN
"Podbořany,Kaštice,žel. přejezd",50.260473441044084,13.418498308759956,LN
"Měrunice,,rozc.",50.47746986173915,13.796581671788099,TP
"Kozly,,rozc.",50.46454993673687,13.791692295596718,LN
"Bělušice,,rozc.1.0",50.45265520309655,13.766693905217032,MO
Bělušice,50.44952527486944,13.762314840137543,MO
"Bělušice,,ObÚ",50.44925438334992,13.764656626608428,MO
"Odolice,,osada",50.44359735635065,13.776107899970867,MO
"Odolice,,osada",50.4423181950405,13.773823818465303,MO
Bedřichův Světec,50.451635763552716,13.752914922250625,MO
Bečov,50.44916651957325,13.717792376931103,MO
Zaječice,50.46453885555444,13.71687809390553,MO
"Skršín,,odb.",50.466654115345804,13.753472286187701,MO
Skršín,50.465086282844965,13.754572815536665,MO
"Skršín,Chrámce",50.468694349235264,13.773147320254015,MO
"Skršín,Chrámce",50.468283761412344,13.773933055107129,MO
"Skršín,Dobrčice",50.47912151107861,13.764784242219328,MO
Skršín,50.46326685711431,13.751644077704466,MO
"Korozluky,,obecní úřad",50.47863222940081,13.72267931371604,MO
Korozluky,50.477184010643136,13.72447907644722,MO
"Sedlec,,obec",50.483303805621695,13.713384849546555,MO
"Sedlec,,pivovar",50.485774617216876,13.716640584052081,MO
"Sedlec,,rozc.0.5",50.48661655692906,13.717873049365496,MO
Lužice,50.49275998859185,13.752426225495062,MO
"Svinčice,,rozc.1.0",50.496007366552476,13.736426255970375,MO
"Svinčice,,otočka",50.50068189375883,13.741868945669639,MO
Patokryje,50.50131138846351,13.705772148393734,MO
"Obrnice,,štěrkovna",50.50900149039035,13.700196268132812,MO
České Zlatníky,50.512793007837764,13.699929279595397,MO
"Obrnice,,koupaliště",50.50506771061226,13.69129531111375,MO
"Obrnice,,škola",50.504397136226906,13.69657812419003,MO
"Obrnice,,sídliště",50.50300032717607,13.700113543329504,MO
"Patokryje,,lávka",50.499950658095315,13.701068071587853,MO
"Obrnice,,odb.Vtelno 1.0",50.49775712753794,13.691236140361829,MO
Obrnice,50.504737646747635,13.69269356842757,MO
Sedlec,50.48727878793082,13.715935980835182,MO
"Most,,Rudolická MUS a.s.",50.509003978650725,13.658266147563385,MO
"Most,,sever",50.50754035156844,13.654430406526394,MO
"Most,,Obchodní dům PRIOR",50.504653166127206,13.63970509861156,MO
"Most,,1.nám.",50.5017038072724,13.638985794530624,MO
"Most,,ČS. mládeže",50.49465396352071,13.635257127502767,MO
"Most,,Dopravní podnik",50.49236053438107,13.635279781809833,MO
"Velebudice,,rozc.0.5",50.485891406087,13.634818745232192,MO
"Čepirohy,,ZK",50.47952903058697,13.618468423864346,MO
"Čepirohy,,Hrabák",50.476062890333864,13.616230233697632,MO
Bylany,50.46706782466696,13.604742954729371,MO
"Bylany,,DOMES",50.467459074590074,13.603800627046182,MO
Havrań,50.45024412457508,13.59924015648703,MO
"Havrań,,škola",50.444008605543374,13.595291100334864,MO
Moravěves,50.424560850619464,13.612925141497533,MO
Blažim,50.40768852914802,13.628416296371135,LN
"Havrań,,škola",50.44452803455771,13.594997856263413,MO
Nemilkov,50.45414961133104,13.620966805690413,MO
"Lišnice,,rozc.",50.45227227847348,13.633366330764224,MO
Polerady,50.4440781748887,13.653611926280389,MO
Volevčice,50.434703975320176,13.690867140867601,MO
"Volevčice,,za kostelem",50.433945054404326,13.691412439250236,MO
"Výškov,Počerady,Elna",50.42661245671921,13.682957194802901,MO
"Výškov,Počerady,odb. Elna",50.4244415730051,13.686609748879542,MO
"Výškov,Počerady",50.41854750374254,13.687696000683216,LN
"Výškov,,záv.",50.393178747031094,13.69094408908812,LN
Výškov,50.394201895407804,13.67296439362909,LN
"Bitozeves,Vidovle",50.38951428983127,13.647728835676274,LN
"Postoloprty,Rvenice",50.37255053211521,13.680317219442177,LN
"Postoloprty,Vrbka",50.38134437275265,13.694200950081132,LN
"Břvany,,žel.přejezd",50.39820203555766,13.718582341893146,LN
"Břvany,,host.",50.40173782602572,13.723845704227482,LN
"Lenešice,,Na samotě",50.392592572872566,13.725772093153772,LN
"Lenešice,,ovčín",50.38863692085231,13.744984770894007,LN
"Lenešice,,osada Mlýnek",50.3828856616755,13.756344264929721,LN
"Lenešice,,nákup.stř.",50.37737228089138,13.764873618856571,LN
"Lenešice,,žel.st.",50.37685618422183,13.771849213852098,LN
"Lenešice,,nám.",50.376287582358614,13.761728488591576,LN
"Dobroměřice,,U Kádnera",50.37555802238106,13.777956177308463,LN
"Dobroměřice,,STS",50.37220421463161,13.784369143778296,LN
"Dobroměřice,,ZZN",50.3735979285601,13.78170968623267,LN
"Dobroměřice,,Jednota",50.37146132465135,13.78745308777199,LN
"Ústí n.L.,,Hraničář",50.662741795397814,14.033705486699171,UL
"Ústí n.L.,,poliklinika",50.66760396838939,14.028816654904501,UL
"Ústí n.L.,,Beethovenova",50.673176440790364,14.01998495304354,UL
"Ústí n.L.,Bukov,městský stadion",50.67638357793147,14.014261231983147,UL
"Ústí n.L.,,Všebořická",50.68304928061126,13.99850089245981,UL
"Ústí n.L.,,Lipová",50.68579872551312,13.993275298058219,UL
"Ústí n.L.,,Palivový kombinát",50.68805275731265,13.967458173229014,UL
"Ústí n.L.,Úžín",50.68613476842154,13.961132072279904,UL
"Chlumec,Žandov,rozc.",50.70367205417466,13.949747470226113,UL
"Telnice,Varvažov,pomníky",50.712664646358995,13.956714724576697,UL
"Telnice,Varvažov,čtyřdomí",50.717692459267845,13.960664954910202,UL
"Telnice,Varvažov",50.72327336740993,13.964100589985557,UL
"Telnice,,žel.st.",50.7279961857954,13.963968549721066,UL
"Telnice,,Lesní zámeček",50.73218140338887,13.958701147316424,UL
"Telnice,,háj.",50.73511463325427,13.948569260430588,UL
"Telnice,,rozc.Krásný Les",50.73763550162304,13.942265983746825,UL
"Telnice,,Zadní Telnice",50.73593493401616,13.926921322596026,UL
"Petrovice,Krásný Les,rozc.Nakléř",50.75969627317615,13.94168317025397,UL
"Petrovice,Krásný Les",50.768018344390114,13.935310391055653,UL
"Petrovice,Krásný Les,konečná",50.7719535825439,13.921960987003823,UL
"Bahratal,,grenzübergang",50.815489956700326,13.981640037335612,
"Petrovice,,konečná",50.80943018355387,13.98147423334627,UL
"Petrovice,,u dubu",50.804334058836574,13.979639704753932,UL
"Petrovice,,záv.",50.79976690375835,13.975517395977656,UL
"Petrovice,,u Marvanů",50.795933627753314,13.97720853757725,UL
"Petrovice,,škola",50.790330651129224,13.975788352431946,UL
"Petrovice,,rozc. Krásný Les",50.78716590571704,13.978895941551812,UL
"Tisá,,rozc. Antonínov 0.5",50.78259133839714,14.009225509748731,UL
"Tisá,,statek",50.78618538091141,14.015670795095824,UL
"Tisá,,kult.dům",50.786805426803085,14.025678726667817,UL
"Tisá,,rozc.Sněžník 5.0",50.78464358560054,14.031622448350888,UL
"Tisá,,dětský domov",50.78176550321552,14.03194233043297,UL
"Libouchec,,Nový Libouchec",50.775463022726136,14.037298125803469,UL
"Libouchec,,ObÚ",50.75803595124734,14.041511437628541,UL
"Libouchec,Čermná",50.740456805543474,14.083036257283068,UL
"Libouchec,Čermná,trafostanice",50.74815459823055,14.079440952433522,UL
"Libouchec,,rozc.Čermná",50.75834274302188,14.070116220238722,UL
"Libouchec,,statek",50.75395036160278,14.035042687903008,UL
"Velké Chvojno,Malé Chvojno,rozc.",50.74371989698646,14.021417941574605,UL
"Libouchec,Knínice,rozc.1.0",50.729267238310975,14.008330737950658,UL
"Libouchec,Knínice,rozc.1.0",50.72947846150105,14.010082137142497,UL
"Libouchec,Žďárek",50.72177935535262,14.008262187880293,UL
"Ústí n.L.,Strážky",50.70658109126654,14.015638395258744,UL
"Ústí n.L.,Božtěšice,obec",50.689610332831116,14.018348920425531,UL
"Ústí n.L.,Božtěšická",50.68455614010573,14.017453194625055,UL
"Ústí n.L.,,pod Holoměří",50.6816279608961,14.01196842535415,UL
"Ústí n.L.,,Ve stromkách",50.68103007514841,14.00347562538924,UL
"Ústí n.L.,,Hilarova",50.66677907898913,14.036355820261265,UL
"Ústí n.L.,,Bělehradská",50.670808917058686,14.034483805004092,UL
"Ústí n.L.,,Elba",50.678411265256614,14.036177420695749,UL
"Chuderov,,ObÚ",50.68726436827493,14.044467138545588,UL
Chuderov,50.688781578337625,14.046656370440148,UL
"Ústí n.L.,,Na kopečku",50.684708650010286,14.039828494873337,UL
"Ústí n.L.,Kočkov",50.681252621561654,14.03738206306559,UL
"Chuderov,,Vlachovka",50.69251440418415,14.045282461176381,UL
"Chuderov,Chuderovec",50.69981477950969,14.041388448616884,UL
"Chuderov,Žežice",50.68669191289289,14.070754399150793,UL
"Chuderov,Sovolusky,rozc.0.5",50.69422573482742,14.06891980970902,UL
"Chuderov,Radešín",50.70228094709443,14.069278477058322,UL
"Chuderov,Libov",50.705771459790405,14.072384503156794,UL
"Chuderov,Lipová,rozc.Blansko 1.5",50.711436394364775,14.084407747896934,UL
"Chuderov,Lipová",50.71679104129895,14.08792976957356,UL
"Velké Chvojno,Mnichov",50.72255534163096,14.077129329928956,UL
"Velké Chvojno,Luční Chvojno",50.7231462050256,14.054598358732411,UL
"Velké Chvojno,Arnultovice",50.71450980381234,14.046264410431327,UL
"Velké Chvojno,Žďár",50.72874278726344,14.022678212350424,UL
"Velké Chvojno,Žďár,rozc.0.5",50.72785234464078,14.033000370553795,UL
"Velké Chvojno,,škola",50.729860459833844,14.035420609838436,UL
Velké Chvojno,50.732481992464834,14.03692294579332,UL
"Velké Chvojno,Malé Chvojno",50.74065276803401,14.027945134332171,UL
"Velké Chvojno,Malé Chvojno,rozc.",50.744391626508055,14.02262326365841,UL
"Ústí n.L.,Severní Terasa",50.6801027306248,14.025974857943513,UL
"Ústí n.L.,,Masarykova nemocnice",50.68050004819506,14.023187658613098,UL
"Ústí n.L.,,Bukov sanatorium",50.68223058085979,14.020389778079494,UL
"Ústí n.L.,Bukov rondel",50.68053924094401,14.00692510125185,UL
"Ústí n.L.,Všebořice,obchodní cen",50.690084746692804,13.981264736946482,UL
"Chlumec,,žel.přejezd",50.69056621790215,13.946097523867612,UL
Chlumec,50.697473935907794,13.940651722002192,UL
"Krupka,Soběchleby",50.673745146894454,13.896134317626318,TP
"Krupka,Soběchleby,točna",50.673095356529345,13.892498531647666,TP
"Chlumec,Strádov",50.69370621330081,13.921651306205447,UL
"Chlumec,,Zalužanská",50.696812094921256,13.933335268434666,UL
"Krupka,,stadion",50.67714752939333,13.869001093672233,TP
"Teplice,Sobědruhy",50.66411112617175,13.85673648700385,TP
"Teplice,Sobědruhy,Rudné doly",50.66677640130447,13.849307064779653,TP
"Teplice,Sobědruhy,nám.",50.66115001942415,13.853580640834158,TP
"Teplice,,Maršovská",50.65959952127578,13.84611086675418,TP
"Teplice,,J.Koziny",50.65824667511734,13.847667562300296,TP
"Teplice,Trnovany,Bohosudovská",50.657404372242745,13.847239349307639,TP
"Teplice,Trnovany,Pluto",50.65383601913109,13.844992090165166,TP
"Teplice,,Panorama",50.641880929038514,13.85324664439989,TP
"Modlany,Drahkov",50.64053302280085,13.869680972291123,TP
"Modlany,Kvítkov,Za Kvítkovem",50.638524701404265,13.880775968034365,TP
"Modlany,Kvítkov",50.63673753968599,13.887194975929303,TP
"Modlany,Suché",50.63338063434634,13.911310027187898,TP
"Modlany,Věšťany",50.645429761528284,13.900619869952688,TP
"Modlany,,Kateřina",50.66163042689558,13.897508979326389,TP
"Modlany,,náměstí",50.65071302057291,13.896353721547202,TP
"Teplice,,Hypernova",50.659977329798444,13.865567817700748,TP
"Teplice,,Gagarinova",50.653972590595885,13.853629771070167,TP
"Teplice,,Šanov II Trnovanská",50.64832827676774,13.853842397609018,TP
"Teplice,,Šanov II",50.64826184445508,13.850633933925158,TP
"Teplice,,Areál Labe",50.64746996833392,13.847284392992536,TP
"Teplice,,Raisova",50.644607011051185,13.847313561544945,TP
"Teplice,,Plavecká hala",50.64468177972017,13.841503371707425,TP
"Teplice,,Jankovcova",50.64698158777154,13.836497680243657,TP
"Teplice,,Masarykova",50.64557037590263,13.832053793632141,TP
"Teplice,,Novosedlická",50.64762246503924,13.821156964407038,TP
"Novosedlice,,Míru",50.65536294681752,13.822856125646787,TP
"Novosedlice,,Pošta",50.657743955683586,13.822950181251395,TP
"Novosedlice,,škola",50.66069578615469,13.823654575007376,TP
"Novosedlice,,Lípa",50.65692930047125,13.826155323891072,TP
"Teplice,,Dopravní podnik",50.65616738992927,13.832707394951381,TP
"Teplice,,Zemská",50.65801783662108,13.836291788003459,TP
"Teplice,,Havířská",50.65689070090641,13.837406232105671,TP
"Teplice,,Luna",50.65801057764785,13.841980433133468,TP
"Teplice,,Městské sály",50.65443522769077,13.838973253390808,TP
"Teplice,Trnovany,Červený kostel",50.651746525732875,13.840505781500653,TP
"Teplice,,Valy",50.63498929215387,13.827398055837277,TP
"Teplice,,Bystřanská u přejezdu",50.6320410296569,13.823250016546949,TP
"Teplice,Řetenice,V Břízkách",50.63719927830446,13.796864552024186,TP
"Teplice,Hudcov,Panorama",50.637240684501826,13.791500277439253,TP
"Teplice,Řetenice,Tolstého",50.6420450401793,13.793082132479691,TP
"Teplice,Řetenice,Sklářská",50.63994950075133,13.800823029576838,TP
"Teplice,,Buzulucká",50.63488126969476,13.807258637606006,TP
"Teplice,,Celní",50.64694577396737,13.832510839609471,TP
"Bystřany,,hřbitov",50.632291902453176,13.8525033337676,TP
"Bystřany,,Máchovy sady",50.62838395092146,13.864687569845342,TP
"Bystřany,Nové Dvory",50.622178006857254,13.872812891436014,TP
"Rtyně n.Bílinou,Velvěty",50.60585133091232,13.891477183260044,TP
"Rtyně n.Bílinou,Sezemice",50.61226511247221,13.902100701098846,TP
"Rtyně n.Bílinou,,kostel",50.603682182303686,13.909678988587274,TP
"Rtyně n.Bílinou,Malhostice",50.61172448071648,13.925370834820042,TP
Řehlovice,50.60734189131282,13.952653555920506,UL
"Řehlovice,Brozánky,rozc.",50.60641600842075,13.939010820494042,UL
"Žalany,,škola",50.59307571132134,13.90633523362727,TP
"Žalany,Lelov",50.58139995162013,13.913733795925387,TP
"Bořislav,,obchod",50.581150973764906,13.93196022141215,TP
"Bořislav,,školka",50.58347129281622,13.936733758532627,TP
Žim,50.58488977671107,13.965479613542847,TP
"Bystřany,Úpořiny",50.61191321807401,13.881683298885495,TP
"Bystřany,Úpořiny,has.zbroj.",50.61430505459504,13.879953538900583,TP
"Bystřany,Úpořiny,host.",50.61588951790967,13.874793718924044,TP
"Bystřany,,škola",50.62068437139216,13.866465363452258,TP
"Bystřany,,domov důchodců",50.624965208339205,13.861167213808077,TP
Bystřany,50.6271352946076,13.86217282381158,TP
"Bystřany,,žel.přejezd",50.627736037116044,13.85808778487817,TP
"Teplice,Prosetice",50.63144123128432,13.847768004243697,TP
"Teplice,Prosetice,žel.zast.",50.63166834661322,13.84037648017528,TP
"Teplice,Prosetice,sídl.",50.63390040748962,13.843321812834686,TP
"Teplice,Prosetice,škola",50.63590224443089,13.84207639262165,TP
"Teplice,Prosetice,plynárny",50.63508313666642,13.84519918437821,TP
"Teplice,,Šanov I lázně",50.64412805754439,13.842244140542892,TP
"Teplice,,Nové lázně",50.641744063129295,13.84146767098132,TP
"Teplice,,Kamenné lázně",50.64095171127113,13.838849754067914,TP
"Teplice,,Pražská",50.63921553434855,13.836188331784058,TP
"Teplice,,Císařské lázně",50.6399332057939,13.830098296860836,TP
"Teplice,,Divadlo",50.64024135908634,13.829206840151409,TP
"Teplice,,Benešovo náměstí",50.64233524526407,13.826499318396278,TP
"Teplice,,Hotel de Saxe",50.64434404056123,13.830557164100771,TP
"Teplice,,Hlavní nádraží",50.645988776841286,13.82885481952926,TP
"Teplice,,Křižíkova",50.641498119225105,13.816564362115873,TP
"Teplice,,Jateční",50.64107365069386,13.81198688255295,TP
"Teplice,,Libušina",50.638465041324466,13.809255103759952,TP
"Teplice,Řetenice,sídliště",50.637765682005956,13.80154873680488,TP
"Teplice,,Mariánský dvůr",50.63634697449922,13.815537467382565,TP
"Teplice,,Bílinská",50.63327959928274,13.81974586397851,TP
"Teplice,,Opavská",50.63026359219937,13.824462164297742,TP
"Teplice,,Třešňovka",50.62668667978018,13.82741901766902,TP
"Teplice,,Slovenská",50.62794345697331,13.82430089303749,TP
"Teplice,,Bílá cesta",50.628850615475194,13.819191042170516,TP
"Teplice,,Topolová",50.62431335138307,13.821410504004685,TP
"Teplice,,Javorová",50.62175711709857,13.825946824914642,TP
"Teplice,Nová Ves",50.61957518766856,13.827965992759692,TP
"Kladruby,,náves",50.61458027840581,13.826553227988807,TP
"Teplice,,Novoveská",50.62502779444988,13.81865647701413,TP
"Zabrušany,Straky",50.61182308641142,13.806241314288481,TP
"Zabrušany,Štěrbina",50.61214908164045,13.798934915476423,TP
"Zabrušany,Želénky",50.59864600809167,13.780933095079376,TP
"Zabrušany,,rozc.",50.60181623709972,13.77536039660527,TP
"Duchcov,,koupaliště",50.61432555390031,13.734685044202122,TP
"Háj u Duchcova,,Dolní Háj",50.62444944551892,13.718406311218839,TP
"Háj u Duchcova,,ObÚ",50.63198609753626,13.711040761662186,TP
"Osek,,Hrdlovská",50.62758230402949,13.690548155098385,TP
"Osek,,sídliště",50.6300697853264,13.69649948947329,TP
"Osek,,zbrojnice",50.62289515762295,13.697183751833641,TP
"Osek,,autokempink",50.62272930157941,13.686800065371877,TP
"Hrob,Mlýny,záv.",50.66520062949344,13.729435140932752,TP
"Hrob,Mlýny,myslivna",50.671711141832915,13.726869691443712,TP
"Mikulov,,mlýn",50.685495290945376,13.721902757656084,TP
Mikulov,50.6883823368824,13.722133780530026,TP
"Mikulov,,chata Vitiška",50.697742699016,13.708163289293621,TP
"Moldava,Nové Město,rozc.",50.692907459918196,13.703404354202924,TP
"Moldava,Nové Město",50.691310987373704,13.6957134298514,TP
"Moldava,,myslivna",50.69724469795533,13.691977274086605,TP
"Moldava,,rozc.Fláje",50.70421995390497,13.689510908907815,TP
"Moldava,,rozc.st.hranice",50.71690110939678,13.68605706333217,TP
"Moldava,,Dolní Moldava",50.72058881885832,13.657452830203466,TP
"Dubí,Cínovec",50.7330901768207,13.768437717370123,TP
"Dubí,Cínovec,pošta",50.73015788272175,13.76968115456194,TP
"Dubí,Cínovec,park.TIR",50.72796793618109,13.768811607857922,TP
"Dubí,Cínovec,České pomezí",50.725256298174315,13.765310585916282,TP
"Dubí,,Sedmihurky",50.71545851273167,13.776010947279829,TP
"Dubí,,Liščí doupě",50.70752112506921,13.769386749300892,TP
"Dubí,,žel.st.",50.700389950368134,13.762701792752326,TP
"Dubí,,žel.st.",50.699132232371774,13.763012590331243,TP
"Dubí,,hotel Sport",50.6943925584579,13.769360564058486,TP
"Dubí,,lázně",50.68530936734916,13.783552893323364,TP
"Dubí,,kostel",50.682422493505264,13.787749969978258,TP
"Dubí,,škola",50.67940793232588,13.789713912840599,TP
"Dubí,,Městský úřad",50.675944923981255,13.791031988398705,TP
"Proboštov,,teplárna",50.66422415941968,13.826910482696398,TP
"Proboštov,,škola",50.66566753471469,13.831427654148577,TP
"Proboštov,,náměstí",50.66745417947563,13.834548629981821,TP
"Proboštov,,Přítkovská",50.66907536351858,13.837714440433162,TP
Proboštov,50.67149787521186,13.837636423620916,TP
"Proboštov,Přítkov",50.67865532456987,13.830468524329497,TP
"Dubí,Běhánky,Dubská",50.67995857467629,13.806792108327665,TP
"Dubí,,Krušnohorská",50.67667065000981,13.79327688694293,TP
"Dubí,,porcelánka",50.67433946790119,13.79629999867488,TP
"Dubí,,zdravotní středisko",50.67094732334848,13.800472668117202,TP
"Dubí,Bystřice,Tovární",50.669386625660074,13.80255228758249,TP
"Dubí,Bystřice,škola",50.66846861924113,13.806486814427391,TP
"Dubí,Bystřice,papírny",50.66588871458679,13.811086906729379,TP
"Dubí,Bystřice,Dlouhá",50.67053606458896,13.805251349637652,TP
"Dubí,Bystřice,B.Němcové",50.66913347717748,13.807935139328757,TP
"Dubí,Bystřice,B.Němcové",50.66995798477566,13.808866474328125,TP
"Dubí,Bystřice,Dlouhá",50.67135935584685,13.805324181347451,TP
"Dubí,Běhánky,Pod návrším",50.677472195815234,13.807929334285474,TP
"Dubí,Bystřice,gymnázium",50.66621075559047,13.80289284199058,TP
"Dubí,Pozorka,pošta",50.66331247171488,13.799507136806728,TP
"Dubí,Pozorka,pošta",50.66297995159454,13.798069601017753,TP
"Dubí,Pozorka,náměstí",50.66106439636373,13.794099434451871,TP
"Dubí,Pozorka,sklárna",50.65903560303814,13.800389291922327,TP
"Dubí,,Lesní brána křiž.",50.65880042342212,13.80655625521615,TP
"Dubí,,Lesní brána záv.",50.65930559671341,13.810155041647292,TP
"Novosedlice,,hřbitov",50.65758228690474,13.818257670662387,TP
Novosedlice,50.65883580789872,13.821251009129183,TP
"Novosedlice,,Bystřická",50.66049005362397,13.817971575486437,TP
"Novosedlice,,SEKO",50.664464800398854,13.815282320432349,TP
"Dubí,Pozorka,sklárna",50.659763058613024,13.801679186075138,TP
"Dubí,Pozorka,pošta",50.66311871835841,13.79875794109872,TP
"Dubí,,čerpací stanice",50.671530174932656,13.792737227087917,TP
"Dubí,,Ruská",50.67480442052997,13.79129084899875,TP
"Dubí,,Rudolfova huť",50.66689994885342,13.794191767925442,TP
"Dubí,Pozorka,náměstí",50.66094228991659,13.793211856513576,TP
"Dubí,Mstišov,Školní",50.66651302811151,13.777663329094592,TP
"Dubí,Mstišov",50.66713091444519,13.773147105520518,TP
"Košťany,,škola",50.65515178901435,13.753464744047777,TP
"Újezdeček,,Dukla rozc.",50.6468682475785,13.777232376986412,TP
"Újezdeček,,náměstí",50.645312431557684,13.788929969837556,TP
"Teplice,,U vlastního krbu",50.648972380032895,13.836002178185483,TP
"Teplice,Trnovany,Policie ČR",50.65064164568298,13.838745694572156,TP
"Teplice,Trnovany",50.652328438791656,13.844645255916792,TP
"Teplice,Trnovany,čerpací stanice",50.65394949553422,13.849914690119665,TP
"Teplice,,Olympia",50.66169244862766,13.865685008391265,TP
Srbice,50.66080800523641,13.869455083140755,TP
"Krupka,,prům.zóna I",50.6643689586809,13.871616959421244,TP
"Krupka,,rozc.",50.6645240801841,13.879700314497029,TP
"Krupka,,prům.zóna III",50.6605895893833,13.88008029377624,TP
"Krupka,,U plovárny",50.68123858963123,13.865629293772871,TP
"Krupka,,muzeum",50.68693483441787,13.855443984461992,TP
"Krupka,,Husitská",50.691200879301284,13.857796817071206,TP
"Krupka,,kanceláře",50.69311490360776,13.855289929195512,TP
"Krupka,,zahr.kolonie",50.69257045134434,13.852123175355715,TP
"Krupka,,Martinka",50.69730860375208,13.846805269325975,TP
"Krupka,Horní Krupka,host.",50.70242949139451,13.85473097545329,TP
"Krupka,Horní Krupka",50.703960311928896,13.856735506929722,TP
"Krupka,Fojtovice,Komáří vížka",50.70667553362174,13.85191638582052,TP
"Krupka,Fojtovice",50.71537622470148,13.854798191091671,TP
"Krupka,Vrchoslav,točna",50.682551473823224,13.840391910490576,TP
"Holešice,,Důl Šverma",50.474837814437876,13.586703981750736,MO
"Třebušice,,žel.st.",50.522710583072325,13.581471264384847,MO
"Třebušice,,žel.st.",50.522211519128,13.580451438031256,MO
"Třebušice,,hradlo D11",50.51401609246883,13.570566763350211,MO
Bylany,50.467456574835566,13.601778107177713,MO
"Bylany,Vršany,montážní místo",50.46705039053619,13.580744806711149,MO
Vysoké Březno,50.46415291814775,13.573519558504909,MO
Malé Březno,50.46377710045471,13.559792122674796,MO
Hošnice,50.457200929515935,13.539357814577075,CV
"Strupčice,,škola",50.469239567117256,13.533672898811965,CV
Strupčice,50.4717874569748,13.53036365841268,CV
Okořín,50.47343808636757,13.50368720252341,CV
"Okořín,,důl Běta",50.479722123698444,13.501589529763297,CV
Vrskmaň,50.488765055188004,13.496779747832624,CV
Zaječice,50.48678513095823,13.478801481405931,CV
"Jirkov,,hřbitov",50.496002377846246,13.456332272700795,CV
"Jirkov,,Hornická",50.50341260291929,13.441600611653916,CV
"Jirkov,,Vinařická I",50.50279188726388,13.438600473290007,CV
"Jirkov,,Horník",50.50048143864815,13.438566753510012,CV
"Jirkov,,Hrdinů",50.490570790933,13.441964787194648,CV
"Jirkov,,žel.st.",50.48612994238158,13.447330411405488,CV
Otvice,50.47983316385694,13.45108302487164,CV
"Chomutov,,Gymnázium",50.466181725677984,13.422585265061944,CV
"Chomutov,,Čelakovská",50.46489089335879,13.419143496307953,CV
"Chomutov,,Mostecká",50.46268536173564,13.419033470031822,CV
"Otvice,,rozc.(bez obsluhy)",50.476692509747636,13.451712319163613,CV
"Pesvice,,rozc. 1.0 (bez obsluhy)",50.46551027023977,13.466444260130826,CV
Pesvice,50.46336731338199,13.48385424253699,CV
Všestudy,50.45904278391263,13.506648528150308,CV
Hošnice,50.456803784845114,13.539009916207608,CV
Sušany,50.44466252033157,13.553943972363687,CV
"Nemilkov,,rozc.",50.464095364677924,13.609574241317858,MO
"Havraň,,NEMAK",50.42261108614009,13.582074215323663,MO
"Havraň,,JOSEPH I",50.42498106115939,13.589071108975217,MO
"Havraň,,JOSEPH II",50.42493357039422,13.593508761648158,MO
Velemyšleves,50.40240352359808,13.563507378648731,LN
"Velemyšleves,Truzenice",50.394985398968686,13.572815545604477,LN
"Velemyšleves,Minice",50.39045574563243,13.57397784697936,LN
"Velemyšleves,Minice,samota",50.3865807804605,13.569419225463315,LN
"Velemyšleves,,rozc.",50.38609678646259,13.555760881857804,LN
Žiželice,50.36650915824496,13.540816891301748,LN
"Žatec,Velichov",50.35063469033097,13.546251014902762,LN
"Žatec,,Koito",50.34777955072011,13.546928738641958,LN
"Žatec,,Prefa",50.34277019054495,13.545560177763244,LN
"Velemyšleves,Zálezly",50.406917678814814,13.55134033291927,LN
"Škrle,,rozc.1.0",50.4111528717519,13.532796596120244,CV
"Voděrady,,rozc.0.6",50.420170301706854,13.51059238491372,CV
Bílence,50.42083524696535,13.50432705795349,CV
"Nezabylice,Hořenec",50.42245546480588,13.48320453793967,CV
Nezabylice,50.42272442497603,13.47758850192607,CV
"Nezabylice,,Na seníku",50.42340751053037,13.473152081243484,CV
"Všehrdy,,cihelna (bez obsluhy)",50.42431305738686,13.46195808767871,CV
Všehrdy,50.419066460246306,13.460614255910654,CV
"Všehrdy,,rozc.1.5",50.42664419103501,13.461662297402126,CV
"Údlice,,rozc. Pražská",50.43074790239568,13.449456571556516,CV
"Údlice,,učiliště",50.44073104278743,13.457422348906805,CV
"Údlice,,Chomutovská",50.442589584435666,13.45574477819928,CV
"Údlice,,čistička",50.44574513416373,13.451071936551807,CV
"Údlice,,Zahradnictví",50.448430427637916,13.445989450132778,CV
"Chomutov,,průmyslová zóna",50.451660480203515,13.434909312803088,CV
"Chomutov,,průmyslová zóna",50.45031766973357,13.431856243270213,CV
"Chomutov,,Blatenská",50.46556718077557,13.41024407623306,CV
"Chomutov,,Kostnická škola",50.47051678254106,13.403050702879218,CV
"Chomutov,,Kostnická",50.466845787357165,13.399118980895398,CV
"Chomutov,,Bezručova",50.46543512038066,13.402877918349603,CV
"Chomutov,,Heyrovského škola",50.47007284565867,13.400030633180112,CV
"Chomutov,,kino Oko",50.467652251892325,13.394527135518969,CV
"Křimov,Krásná Lípa",50.4836107678142,13.35990895929301,CV
"Křimov,Domina,žel.st.",50.48339102471464,13.35110660614382,CV
"Křimov,Domina",50.482592873848354,13.341718049594169,CV
"Křimov,Strážky",50.48159969622421,13.329801846597908,CV
"Křimov,Suchdol,rozc.",50.48410679942324,13.316159917852877,CV
Křimov,50.48610206797457,13.301775654189498,CV
"Křimov,,nádr.rozc.",50.48916997237843,13.280190786905926,CV
"Křimov,,nádr.",50.49096840170775,13.27713956376286,CV
"Hora Sv.Šebestiána,Nová Ves",50.50022911871133,13.262879558927336,CV
Hora Sv.Šebestiána,50.510725925892515,13.251418286691395,CV
"Hora Sv.Šebestiána,,záv.",50.51956553334698,13.241176023992404,CV
Načetín,50.57434738323855,13.291423747317191,CV
Kalek,50.578037705902325,13.315317562853041,CV
"Načetín,,odb.",50.5658874644351,13.323757686978816,CV
"Blatno,,Nový dům rozc.",50.54539287813899,13.333666746303646,CV
Zákoutí,50.54271251004486,13.346808767877318,CV
Mezihoří,50.535978851605336,13.360992382502015,CV
Radenov,50.52638583674774,13.361420406676103,CV
"Květnov,,rozc.1.0",50.522605327019726,13.362323480444843,CV
Blatno,50.50966702009996,13.360022865423321,CV
"Blatno,,suška",50.504587574813485,13.365655385127814,CV
"Hradečná,,rozc.1.0",50.49664169940841,13.37395759037343,CV
"Chomutov,,rozc.host.Partyzán",50.48086479709343,13.396051363908187,CV
"Chomutov,,okály",50.47684278273124,13.397560323433266,CV
"Chomutov,,Zátiší",50.47520743488936,13.401990088416426,CV
"Starý Březenec,,škola",50.49633057563828,13.422868941947806,CV
Starý Březenec,50.495473572954666,13.416814226220897,CV
Nový Březenec,50.49475154400402,13.438042776366368,CV
"Jirkov,,Jiráskova",50.50709340003673,13.443116618312974,CV
"Jirkov,,Jindřiská",50.517817846207215,13.42003302363887,CV
"Boleboř,,rozc.Orasín 1.0",50.53652269363121,13.41560141671617,CV
Orasín,50.53527376295579,13.400881908409954,CV
Boleboř,50.53998694810112,13.414019604351571,CV
"Horní Jiřetín,,pekařství",50.5662315051373,13.557988788925591,MO
"Horní Jiřetín,,pošta",50.570667409891506,13.55236800419736,MO
"Horní Jiřetín,,u nádr.",50.57128978752335,13.545129318791647,MO
"Černice,,mlékárna",50.56668792350471,13.527336801717144,MO
Černice,50.56606442950409,13.520876360987247,MO
"Horní Jiřetín,,P.Holého",50.57265810774152,13.539971286514628,MO
"Horní Jiřetín,,pož.zbroj.",50.57811007867704,13.541059297518714,MO
"Horní Jiřetín,,rozc.",50.584143389594495,13.537180798906336,MO
Janov,50.587297777443304,13.563984305842498,MO
"Janov,,konečná",50.5886911252397,13.56402824020782,MO
"Janov,,pekárny",50.59066408986717,13.568463053413941,MO
Hamr,50.592508274665775,13.57465832854095,MO
"Hamr,,sídliště",50.593286072616834,13.57883057177746,MO
"Hamr,,škola",50.59478695507814,13.58540182065372,MO
"Litvínov,,Delvita",50.595999319923955,13.589724924578599,MO
"Litvínov,,Chudeřín",50.59735998087938,13.593911038925235,MO
"Litvínov,,ZUŠ",50.598644404297254,13.596372764989539,MO
"Litvínov,,Krušnohor",50.60056843900415,13.602286663730702,MO
"Litvínov,,Máj věž.domy",50.60296278528623,13.608195883865054,MO
"Litvínov,,Lidl",50.59283679975912,13.604970543236048,MO
"Bílina,,Újezd",50.545911614005995,13.769901390743874,TP
Liběšice,50.52176167884549,13.745132670029617,MO
"Liběšice,,kaplička",50.51989340230668,13.7459071570622,MO
"Želenice,,štěrkovna",50.52489288870792,13.7340911076056,MO
Želenice,50.52790769584971,13.726234066480764,MO
Braňany,50.54277214898839,13.700963439712565,MO
"Braňany,,závod",50.54203007444948,13.712694520517909,MO
"Střimice,,letiště",50.52566865120294,13.676354030472234,MO
bez obsluhy,50.516340904543796,13.650848704152898,MO
"Most,,Zimní stadion",50.513797003959255,13.647874479137926,MO
Důl Julius IV,50.548444586365285,13.610998960879447,MO
"Záluží,,zdravotní středisko",50.55586067204034,13.602325671777717,MO
"Louka u Litvínova,,u nádraží",50.59352685678079,13.628027685811201,MO
"Louka u Litvínova,,u rybníčka",50.59117270615064,13.631325773872508,MO
"Louka u Litvínova,,u Maříků",50.58896784946921,13.635200755746686,MO
"Louka u Litvínova,,Rudý dům",50.58669738064431,13.638377264142653,MO
"Louka u Litvínova,,Včela",50.584315741714626,13.639282990504602,MO
"Mariánské Radčice,,důl Kohinoor",50.57844521471701,13.651989229536882,MO
"Mariánské Radčice,,pož.zbroj.",50.5746807801061,13.66127443759643,MO
"Mariánské Radčice,,otočka",50.57390268624115,13.663471220212061,MO
"Mariánské Radčice,,mlékárna",50.576685340371974,13.658375597652729,MO
"Lom,,rozc.Mariánské Radčice",50.59004091658973,13.663232855550596,MO
"Lom,,Geologický průzkum",50.6050014293321,13.651053711070197,MO
"Lom,,Horní Lom rozc.",50.611834556715024,13.64791080213587,MO
Loučná,50.61344424462424,13.650889993525489,MO
"Loučná,,konečná",50.615352880860065,13.657532929481185,MO
Loučná,50.61373967631775,13.6523840797823,MO
"Litvínov,,sportovní škola",50.60642788711159,13.618388605670825,MO
"Meziboří,,radnice",50.619996578201985,13.604955420300916,MO
"Meziboří,,sanatorium",50.62134689153095,13.598326956457443,MO
"Meziboří,,stadion",50.62353072666428,13.59460377542368,MO
"Meziboří,,kulturní dům",50.62224004060808,13.59901377906061,MO
"Meziboří,,penziony",50.62208487777266,13.603694223904297,MO
"Meziboří,,MěÚ",50.62017860631174,13.607176338189287,MO
"Meziboří,,Partyzán",50.60596244937447,13.61054138072932,MO
Písečná,50.60712366060218,13.582930580873965,MO
Horní Ves,50.61212304412039,13.57411015782745,MO
"Rašov,,rozc.",50.61951509848756,13.579228931404172,MO
Sedlo,50.62283677013031,13.569964739103026,MO
"Klíny,,host.",50.63011539520487,13.560495309796137,MO
"Klíny,,ObÚ",50.63554416156231,13.556933482989926,MO
"Klíny,,rozc.Mníšek",50.63832474884603,13.551453875514085,MO
"Klíny,,Obora",50.64380243591616,13.541703803080928,MO
"Klíny,,Šumenské údolí",50.66248438561023,13.545195805562638,MO
"Fláje,,zámeček rozc.",50.67300200288709,13.568000616875992,MO
Fláje,50.68879579140993,13.585100916229383,MO
"Český Jiřetín,,u pily",50.70339867128709,13.555460901648088,MO
"Český Jiřetín,,pož.zbroj.",50.70772607302231,13.547466990829893,MO
Český Jiřetín,50.70717313439821,13.542505083852951,MO
"Klíny,,rozc.Mníšek",50.63836558239922,13.550445471465244,MO
Mníšek,50.62921261936803,13.499291082211057,MO
"Nová Ves v Horách,,hranice",50.601011700638615,13.464109615380067,MO
"Nová Ves v Horách,,u rybníčku",50.59942939381953,13.470419344361122,MO
"Nová Ves v Horách,,u hřbitova",50.59837188729584,13.476242686356608,MO
"Nová Ves v Horách,,škola",50.594201390917064,13.483683603011908,MO
"Nová Ves v Horých,,rozc.",50.59134776158069,13.488145145333434,MO
"Mikulášovice,,rozc.",50.590086792861314,13.48477878463081,MO
"Nová Ves v Horách,,Červená Jáma",50.589543822620605,13.477831557237227,MO
"Hora Sv.Kateřiny,,křížek",50.596550585333446,13.455495840702302,MO
"Hora Sv.Kateřiny,,předávací stan",50.60127427189161,13.4515787686252,MO
"Hora Sv.Kateřiny,,pož.zbroj.",50.60529080149154,13.441410820480542,MO
"Hora Sv.Kateřiny,,nám.",50.60633418834696,13.43693041965341,MO
"Hora Sv.Kateřiny,,CSSS",50.5966891355644,13.448355564378605,MO
"Malý Háj,,rozc.0.4",50.596951814164115,13.441825245659455,MO
"Malý Háj,,háj.",50.59334246477097,13.429202385651887,MO
"Malý Háj,,trafostanice",50.586242569979525,13.419638846512905,MO
"Malý Háj,Lesná,rozc.",50.57942447854943,13.420452296736428,CV
"Hora Sv.Kateřiny,,OSS",50.60284769860109,13.434329325462427,MO
"Hora Sv.Kateřiny,,u školy",50.606298439103796,13.431492834361034,MO
"Hora Sv.Kateřiny,,dol.",50.61020178513263,13.428190275666841,MO
"Brandov,,pila",50.617121486294366,13.412200449955357,MO
"Brandov,,jednota",50.627381506171865,13.39391049128964,MO
"Brandov,,Beseda",50.632106994497704,13.390994320058912,MO
"Brandov,,prodejna",50.63427940494185,13.388377523231547,MO
"Brandov,,odb.",50.63885785206804,13.38368258854257,MO
"Brandov,,host.U Jelena",50.640971488004645,13.381162089312179,MO
Nová Ves v Horách,50.591033402471034,13.490302544265978,MO
"Nová Ves v Horách,,u domku",50.58763277534505,13.498059939745328,MO
"Nová Ves v Horách,,Lniště rozc.",50.58708551313703,13.50212165871084,MO
Mikulovice,50.59044313324292,13.501689795946243,MO
"Horní Jiřetín,,Triola",50.5864909855899,13.533849128655946,MO
"Horní Jiřetín,,rozc.0.2",50.5841467964913,13.535797210901105,MO
"Janov,,sportovní hala",50.590110636531335,13.565264361168643,MO
"Janov,,blok D3",50.591118735624995,13.56023033532004,MO
"Janov,,škola",50.59296885424039,13.564177092470288,MO
"Libčeves,Hořenec,rozc.",50.46205017448278,13.807496009566075,LN
"Libčeves,Hořenec",50.458507707758834,13.80835408799876,LN
"Libčeves,Jablonec",50.45297654084288,13.807015916520625,LN
"Libčeves,Charvatce,rozc.",50.43704210551681,13.799423384110499,LN
"Libčeves,Charvatce",50.427340319419095,13.810600571852506,LN
"Libčeves,Charvatce",50.42511740910682,13.809210392631176,LN
"Libčeves,Mnichov",50.42066868633528,13.80827384678606,LN
Raná,50.41247336398736,13.780335736114726,LN
"Raná,Hrádek",50.41105541427748,13.758389939148634,LN
"Raná,,rozc.",50.411068692205816,13.78605673376408,LN
Dobroměřice,50.370461658005475,13.795186659338455,LN
"Louny,Nečichy",50.386090137955534,13.810617258769149,LN
Chraberce,50.40832010382336,13.828695218095358,LN
"Chožov,Mnichovský Týnec",50.41858515957687,13.83774214807608,LN
"Chožov,,u čs.kostela",50.40150959111495,13.860386998549082,LN
"Chožov,,u váhy",50.39730194454171,13.86061193673569,LN
"Chožov,,samota",50.39233956647988,13.855886351061761,LN
"Chožov,Mnichovský Týnec,rozc.",50.40845361352984,13.857490872264004,LN
"Chožov,Třtěno",50.42151388580846,13.873308396654386,LN
"Chožov,Třtěno,rozc.Hnojnice",50.427562369071545,13.895465181351238,LN
"Libčeves,Hnojnice",50.43845577372771,13.874461712812538,LN
"Libčeves,Židovice",50.44476779909373,13.864940958175417,LN
"Libčeves,Lahovice,rozc.",50.45825103179785,13.851797905107823,LN
Libčeves,50.452768879027325,13.836640887007734,LN
"Třebívlice,,nám.",50.458285712885,13.899595159727358,LT
"Koštice,,samota",50.40930753399156,13.939382366640691,LN
Koštice,50.40424324592072,13.941461451146509,LN
"Počedělice,Volenice",50.39112183479249,13.93144618475537,LN
"Počedělice,Orasice",50.385587602359394,13.903220669951356,LN
Počedělice,50.371814131596636,13.887449601852433,LN
Obora,50.37317083521071,13.862906604723394,LN
Obora,50.37270283440703,13.861566029596576,LN
"Obora,,Tranzitní plynovod",50.36651968681215,13.854474928004715,LN
"Černčice,,Prefa",50.36367463799601,13.850251985989829,LN
"Vršovice,,u jezu",50.37297135835526,13.850856415909648,LN
Vršovice,50.367954515423065,13.84228141398666,LN
"Černčice,,nad pivovarem",50.36018848369055,13.83140930559476,LN
"Louny,,Riegrova",50.356386628509384,13.820190795195177,LN
"Louny,,Zahradní město",50.354361064163605,13.81648745397023,LN
"Louny,,28.října",50.35472947353942,13.811607589315999,LN
"Chlumčany,,žel.st.",50.339351608220184,13.84269989929861,LN
"Chlumčany,,obec",50.33371328382644,13.843598869530345,LN
"Chlumčany,Vlčí",50.333476314296995,13.851936334303447,LN
Blšany u Loun,50.34779235873341,13.849101752095262,LN
Smolnice,50.309088891739236,13.849635861738014,LN
Nová Ves,50.28623542583804,13.843161950707017,LN
Hříškov,50.29154388380631,13.861955772891777,LN
"Hříškov,,škola",50.29294366282625,13.866060269994671,LN
Bedřichovice,50.303571522622995,13.881241061283324,LN
"Toužetín,Sulec",50.308823575371036,13.885816865794869,LN
Panenský Týnec,50.294904551799405,13.91668861077075,LN
"Panenský Týnec,,škola",50.29252467753154,13.91766767182064,LN
Žerotín,50.286169311305365,13.913675214359355,LN
Úherce,50.29803232937435,13.94892500840496,LN
"Úherce,,ZD",50.298172195355505,13.950649729702329,LN
"Úherce,,rozc.",50.29020423333956,13.929669588529439,LN
"Louny,,prům.zóna",50.34191902388978,13.819990699744551,LN
"Louny,,u cihelny",50.34624894524651,13.818874829353463,LN
"Louny,,Pudlovská",50.35158764774277,13.810599794385938,LN
"Chřibská,,nám.",50.863014184768204,14.482428950990784,DC
"Rybniště,Nová Chřibská",50.87262481966544,14.500541669542661,DC
"Rybniště,,odb.Doubice",50.87668016651298,14.507023626455473,DC
"Rabniště,,žel.st.",50.88267429273905,14.510452719038465,DC
"Rybniště,,pošta",50.87917347165268,14.512955948864784,DC
Doubice,50.883807871440446,14.463807154847778,DC
"Doubice,,ObÚ",50.888718555195105,14.461042405030804,DC
"Doubice,,u háj.",50.894378552146414,14.455349325004933,DC
"Krásná Lípa,Kyjov,ovčín",50.908799982141325,14.462372942030566,DC
"Krásná Lípa,Kyjov,host.",50.91438262493641,14.46295650597476,DC
"Krásná Lípa,Kyjov,rozc.",50.91757481599571,14.467812284204252,DC
"Krásná Lípa,Kyjov",50.91588353554304,14.477874202478255,DC
"Krásná Lípa,Krásný Buk",50.920089675550486,14.491205550196614,DC
"Krásná Lípa,,nám.",50.91320812490517,14.506990989231506,DC
"Krásná Lípa,,NOVIA",50.91729664468629,14.49585553529302,DC
"Krásná Lípa,Sněžná",50.925454665928704,14.48420062555279,DC
"Krásná Lípa,Zahrady,rozc.",50.93330407932394,14.482213395370989,DC
"Krásná Lípa,Vlčí Hora,VÚ",50.932068098719526,14.474498052366494,DC
"Krásná Lípa,Vlčí Hora",50.93210915594507,14.464437239883967,DC
"Krásná Lípa,Zahrady",50.933246810508294,14.482241279878663,DC
"Krásná Lípa,Zahrady,SOU",50.937320641727844,14.483629244577578,DC
"Staré Křečany,,Jednota",50.94397381942274,14.486950502250162,DC
"Staré Křečany,,Elite",50.94974758260903,14.48750860048572,DC
"Staré Křečany,,ObÚ",50.950711453526054,14.497236694918534,DC
"Staré Křečany,,U Slov.lípy",50.95151024080832,14.485636962671823,DC
"Staré Křečany,,Panský",50.9506840938581,14.46645498905757,DC
"Staré Křečany,Brtníky,rozc.",50.951950304758164,14.449893365361659,DC
"Staré Křečany,Brníky,nám.",50.947956014376466,14.442028172599668,DC
"Staré Křečany,Brtníky,Na růžku",50.94760809225346,14.435378717969755,DC
"Mikulášovice,,hor.",50.961913712285224,14.385196251287207,DC
"Mikulášovice,,hor.-Sv.Hubert",50.96258170378148,14.372943282313999,DC
"Mikulášovice,,střední-škola",50.96528093203089,14.364412266734941,DC
"Mikulášovice,,U Střelnice (plán)",50.96650874666805,14.358787934395275,DC
"Mikulášovice,,U rybníčku (plán)",50.96975496792592,14.369775159739234,DC
"Mikulášovice,,Mikov",50.969210469870276,14.34889807277195,DC
"Mikulášovice,,dol.-SAS",50.97720752981434,14.348622823370304,DC
"Mikulášovice,,žel.st.dolní nádr",50.98341810548963,14.341015736210519,DC
Vilémov,50.9902823690783,14.337447896065408,DC
"Vilémov,,klub",50.993441675772665,14.3289557022299,DC
"Dolní Poustevna,Karlín",50.99600636841983,14.314452744879988,DC
"Dolní Poustevna,Karlín,rozc.",50.994940009376215,14.300992571155204,DC
"Dolní Poustevna,,střed",50.98227288501407,14.288229629022682,DC
"Dolní Poustevna,,Izopol (bez ob)",50.98196313453745,14.2972764022957,DC
"Dolní Poustevna,,žel.st.",50.98357644424529,14.28406182548505,DC
"Dolní Poustevna,Horní Poustevna",50.99817209683966,14.292464781993251,DC
"Dolní Poustevna,Markéta,odb.",51.00239193550231,14.296444232933778,DC
"Lobendava,,rybník",51.008796895338904,14.298439099111956,DC
Lobendava,51.01976306487126,14.316400528228739,DC
"Lobendava,Severní",51.03016888710164,14.318087498109884,DC
"Lobendava,Severní,Zátiší",51.03605834680049,14.313526213202731,DC
Lipová,51.01129748624318,14.35847145354954,DC
"Lipová,,U pomníku",51.00700945033211,14.37684361979658,DC
"Velký Šenov,,nám.",50.991844604503044,14.37913159459933,DC
"Velký Šenov,,Stap.",50.99324902895172,14.363202388695395,DC
"Velký Šenov,,Stap 07",50.98723551207656,14.387763679439306,DC
"Velký Šenov,Janovka,rozc.",50.97908796516247,14.400740438049022,DC
"Velký Šenov,Janovka",50.981114265764575,14.408298160068025,DC
"Velký Šenov,Staré Hraběcí",50.97342942548538,14.401163205315253,DC
"Velký Šenov,,Benzina",51.000108348753415,14.390776470593885,DC
"Velký Šenov,,žel.st.",51.004487249532474,14.394888453485748,DC
"Šluknov,Císařský,lom",51.00344832901546,14.40952250483482,DC
"Šluknov,Císařský",51.003042044799265,14.431074742753427,DC
"Šluknov,,garáže",51.00246067956532,14.441114946502074,DC
"Šluknov,Císařský,odb.lom",50.99926320824117,14.422021924370206,DC
"Šluknov,,zámek-terminál",51.00429785834574,14.454569246647061,DC
"Šluknov,Rožany,Bytex",51.025501083885516,14.452776131116202,DC
"Šluknov,Rožany",51.017392639127664,14.456346862004287,DC
"Šluknov,,Budišínská",51.00894982281299,14.453447564381285,DC
"Šluknov,,Rumburská (bez obsluhy)",51.00353972098857,14.461487205289277,DC
"Šluknov,,Benar",51.005293347533375,14.465663747211519,DC
"Šluknov,Království,přádelna",51.004608616734664,14.47350180318248,DC
"Šluknov,Království,Jednota",51.00192094587559,14.482010146122393,DC
"Šluknov,Království,kostel",50.99852860852313,14.489806060090071,DC
"Šluknov,Království,křížek",50.996338099936665,14.502998288755833,DC
"Šluknov,Království,samota",50.99481840129661,14.516549511943916,DC
"Jiříkov,,kopec",50.9944211351471,14.54715909135035,DC
"Jiříkov,,nám.",50.99377010954415,14.568467448676744,DC
"Jiříkov,,koup.",50.98679508113905,14.568410464605341,DC
"Jiříkov,,předměstí",50.981536214719156,14.567256981216662,DC
"Rumburk,,zámeček",50.968607503835415,14.563462158778526,DC
"Jiříkov,,Vyhlídka",50.971678530926305,14.596152197783068,DC
"Jiříkov,Filipov,kostel",50.98054519490009,14.597128448138923,DC
"Jiříkov,Filipov,kino",50.984996412039244,14.59540579463698,DC
"Jiříkov,,Zahradní",50.98995715605884,14.58143315318949,DC
"Jiříkov,,škola",50.992659652979334,14.574167865806418,DC
"Jiříkov,,Elitex",51.000312033015796,14.573769980515957,DC
Ebersbach Bahnhof,51.00452258625,14.577756944552899,
"Rumburk,,Desta",50.96141403802909,14.559405221097046,DC
"Rumburk,,žel.st.",50.95645337737042,14.552684927693948,DC
"Rumburk,,Šluknovská",50.957610945820136,14.543973421442578,DC
"Rumburk,Dolní Křečany",50.96075136378358,14.537995496792094,DC
"Rumburk,Dolní Křečany,host.",50.96036914290146,14.528695606952239,DC
"Staré Křečany,,u statku",50.957867901548695,14.517702939672624,DC
Staré Křečany,50.95552911223693,14.509503313046919,DC
"Krásná Lípa,,ozdravovna",50.907162841530486,14.511665530933774,DC
"Krásná Lípa,,pož.zbroj.",50.90159961338379,14.511868294157841,DC
"Rybniště,Nová Ves",50.89227050242538,14.511824026981675,DC
"Rybniště,,u hřbitova",50.88474020522648,14.520361209265129,DC
Markvartice,50.785841416054595,14.366682332767605,DC
"Č. Kamenice,Kamenická Nová Víska",50.79106221376993,14.381524265475875,DC
"Č. Kamenice,D. Kamenice,Děčínská",50.79762875508479,14.405817464632785,DC
"Česká Kamenice,,žel.st. (bez)",50.79621855146168,14.414248967030499,DC
"Česká Kamenice,,Pražská",50.79968842300392,14.420504485066326,DC
"Česká Kamenice,Horní Kamenice",50.801417523962975,14.434532516012023,DC
"Česká Kamenice,,papírna",50.79664367941406,14.44632923515389,DC
"Česká Kamenice,,Nový Svět",50.7902445164052,14.454184360217297,DC
"Česká Kamenice,,Fibichova",50.80532896855446,14.443081103983264,DC
"Česká Kamenice,Líska",50.81793755542308,14.45093222600111,DC
"Česká Kamenice,Líska,hor.",50.82435272517328,14.47484873124869,DC
"Česká Kamenice,Líska,Křížový buk",50.83171858990241,14.490478362114409,DC
"Chřibská,,ozdravovna",50.8510533836272,14.476711077402697,DC
"Chřibská,Dolní Chřibská",50.866267304847696,14.470142685089467,DC
"Chřibská,Dolní Chřibská,rozc.",50.86403100232348,14.453233517427257,DC
"Chřibská,Dolní Chřibská,rozc.",50.86402824304966,14.453236537969655,DC
"Chřibská,Dolní Chřibská,rozc.",50.86402681547227,14.453238123139254,DC
"Krásná Lípa,,u samoobsluhy",50.91405982939696,14.516040012635257,DC
"Krásná Lípa,,ČKD",50.91576109188923,14.523608039083488,DC
"Krásná Lípa,,statek",50.91126956161358,14.53147987583824,DC
"Krásná Lípa,,žel.st.",50.915684046745,14.513634846783773,DC
"Krásná Lípa,,Tyršova",50.919365929909915,14.51812432210194,DC
"Rumburk,,rest.Zátiší",50.931419720356445,14.53268017544851,DC
"Rumburk,,odstavné park.",50.93217894583477,14.557646839369168,DC
"Rumburk,,odstavné park.",50.93208250119662,14.56001630851402,DC
"Rumburk,Horní Jindřichov,Pražská",50.940654267300815,14.558127706581242,DC
"Rumburk,,Krásnolipská",50.944631745412835,14.546033298686016,DC
"Rumburk,,nem.Podhájí",50.94586370348942,14.542997041076209,DC
"Rumburk,,rozc.k nem.",50.95111937586082,14.547148311173265,DC
Valdek (bez obsluhy),50.977588513922676,14.51101841616114,DC
bez obsluhy,50.964742954584345,14.52866521843601,DC
"Rumburk,,Hálkova",50.95456800456665,14.551314818090466,DC
"Rumburk,,Bytex 01",50.95126813974217,14.555070044332608,DC
"Rumburk,,kult.dům",50.94927411717652,14.56429938966159,DC
"Rumburk,Horní Jindřichov,Rybena",50.94706415813927,14.571426277718432,DC
"Rumburk,Horní Jindřichov,Bytex06",50.943347462184654,14.578533067991474,DC
"Seifhennersdorf,,Oberb.Grenzüb.R",50.93943571916042,14.586118526368514,
"Seifhennersdorf,,Mittelschule",50.93708436379517,14.596473116910387,
"Seifhennersdorf,,Am Rathaus",50.93468166960488,14.61172674090527,
"Seifhennersdorf,,Zollstr.",50.93056264400269,14.61546088021325,
"Varnsdorf,,mlékárna",50.917808730411494,14.607020244287256,DC
"Varnsdorf,,5.května",50.91457616330553,14.6111794740672,DC
"Varnsdorf,,Velveta 03",50.91260338692766,14.612330861983056,DC
"Varnsdorf,ČS.mládeže",50.907652307258594,14.57995620756693,DC
"Varnsdorf,Studánka",50.909741738407114,14.569575531958694,DC
"Varnsdorf,Studánka,STS",50.90567427222816,14.558495869595037,DC
"Varnsdorf,Studánka,pošta",50.91020455589696,14.566937447348842,DC
"Varnsdorf,,aut.nádr.",50.91225337498724,14.618747677207727,DC
"Varnsdorf,,poliklinika",50.911222906538775,14.625617992471094,DC
"Varnsdorf,,Elite",50.910788782904575,14.633796760681914,DC
"Varnsdorf,,hotel Sport",50.90649993239,14.637879499251891,DC
"Varnsdorf,,žel.st.",50.90371647198068,14.638290123001202,DC
"Varnsdorf,,Severní dráha",50.90463479204837,14.63153128301551,DC
"Varnsdorf,,sportovní hala",50.907391091960775,14.623758419343556,DC
"Varnsdorf,,Horská",50.90434135947186,14.619736859423062,DC
"Varnsdorf,,Karla IV",50.898987372598555,14.619167412921202,DC
"Varnsdorf,,nem.",50.89477304002497,14.612402399751973,DC
"Varnsdorf,,jatky",50.89167871472736,14.62275375430014,DC
"Varnsdorf,,TOS",50.89057201119314,14.624758896112793,DC
"Varnsdorf,,u Vorlíčků",50.89834736241525,14.62862691452847,DC
"Dolní Podluží,,žel.st. (plán)",50.886925843566985,14.619697777215775,DC
"Dolní Podluží,,Velveta 06",50.881617327646836,14.617367878725835,DC
"Dolní Podluží,,drůbežárna",50.87966693087634,14.607375477790185,DC
"Dolní Podluží,,škola",50.879848429357914,14.595547644137582,DC
"Dolní Podluží,,kino",50.88152113049715,14.580577853576589,DC
"Dolní Podluží,,křiž.",50.87583044640745,14.583285541791325,DC
"Jiřetín pod Jedlovou,,nám.",50.87522908934747,14.574278490528467,DC
"Horní Podluží,,Slavie",50.87850941537394,14.557141504297803,DC
Horní Podluží,50.88156587351659,14.545654729106676,DC
"Horní Podluží,,u Chmelíka",50.8826136301962,14.562635824013674,DC
"Chřibská,,škola",50.86116165774601,14.480954511220569,DC
"Chřibská,Horní Chřibská",50.857742912822125,14.489340546009384,DC
"Chřibská,Horní Chřibská,sklárna",50.85816540408901,14.501403200492843,DC
"Chřibská,Krásné Pole",50.84864980731109,14.50485673051903,DC
"Kytlice,,žel.st.",50.81579717575489,14.531521675021475,DC
Kytlice,50.812299240867,14.535715512760882,DC
"Kytlice,,trasa",50.814195620508656,14.515097028727398,DC
"Mlýny,,žel.st.",50.811926446721074,14.498632013924489,DC
"Ústí n.L.,,Malá Hradební",50.6581733549275,14.04014082701843,UL
"Ústí n.L.,,hl.nádr.",50.65959801283354,14.04378400880003,UL
"Ústí n.L.,,pivovar",50.665840127846785,14.077254763401143,UL
"Ústí n.L.,Neštěmice,Květ",50.673009989378464,14.10522260630974,UL
"Ústí n.L.,Mojžíř,sídl.",50.680704063315325,14.115305711906602,UL
"Ústí n.L.,Mojžíř,Veselí",50.67760548372989,14.128096956573174,UL
"Povrly,Neštědice",50.669469073350996,14.144144950538983,UL
"Povrly,,učiliště",50.66997061746686,14.15230692414754,UL
"Povrly,,ObÚ",50.672625216311886,14.160429045190984,UL
"Povrly,Roztoky",50.68614687544024,14.180745191454902,UL
"Povrly,,koupaliště",50.68135142571731,14.156616883163359,UL
"Povrly,,sídliště",50.67725255319238,14.158536272770164,UL
"Povrly,,ObÚ",50.67377668491427,14.161569969595362,UL
"Povrly,,háj.",50.6882114496463,14.154533131352288,UL
"Lužec,,U mlýna",50.69524805729587,14.139127378975397,UL
"Povrly,Český Bukov",50.70103640691701,14.150035998721224,UL
"Povrly,Lysá,rozc.",50.70860568653426,14.127361008212908,UL
"Povrly,Šachov,rozc.",50.70552767687449,14.146098534029528,UL
"Povrly,Slavošov",50.71705659606005,14.10362709625118,UL
"Povrly,Mírkov,samota",50.701593676406276,14.112780461581181,UL
"Povrly,Mírkov",50.69451077758792,14.114642428537627,UL
"Povrly,Lužec",50.694098098963806,14.127003928141956,UL
"Chuderov,Lipová",50.71679042734726,14.087969216536935,UL
"Velké Březno,,škola",50.66304492822779,14.141497240381913,UL
"Velké Březno,Vítov",50.655386054276235,14.139098895075103,UL
Byňov,50.6421889370819,14.150690613888845,UL
"Byňov,,odb.Proboštov",50.63657512971131,14.156099874057126,UL
"Lhota p.Pannou,,samota",50.63283035241154,14.160310706574677,UL
"Lhota p.Pannou,,rozc.",50.63014414609668,14.16656444651566,UL
Lhota p.Pannou,50.628765121927614,14.171498193021202,UL
Homole u Panny,50.62946599390887,14.1864894115913,UL
Haslice,50.62395973330401,14.199308178630794,UL
"Homole u Panny,,rozc.Doubravice",50.62921894164795,14.206036203699856,UL
Bláhov,50.63186635230292,14.202733645513938,UL
Nová Ves u Pláně,50.63601066578264,14.185922500000016,UL
Suletice,50.64182228172791,14.169447914059381,UL
Nová Ves u Pláně,50.63546286713614,14.184226061907387,UL
"Libochovany,,točna",50.566136208313985,14.043041442623252,LT
"Křešice,,ústav",50.523400424003725,14.233120115081174,LT
"Křešice,,školka",50.52123604134867,14.219633542259572,LT
"Štětí,,centrum",50.45411171565138,14.376474434613163,LT
"Štětí,,centrum",50.4543765504569,14.377900209808292,LT
"Bohušovice n.Ohří,,škola",50.4938558577434,14.150476687558797,LT
"Dolánky n.Ohří,,obec",50.47326456746116,14.162934408801656,LT
"Jílové,Sněžník,rest.Hraničář",50.79155993087093,14.08738202182372,DC
"Jilové,Sněžník,lesní správa",50.79744117294825,14.083078091458475,DC
"Jílové,Sněžník,celnice",50.80760081836151,14.084242433593484,DC
"Děčín,,Marešova školka",50.80518512316962,14.103476381576638,DC
"Děčín,Kristin Hrádek,rozc.",50.80873773577845,14.126865988168499,DC
"Jílové,Sněžník",50.78540386372594,14.087434625329285,DC
"Libouchec,,kino",50.761158764403525,14.049573299563523,UL
"Libouchec,,u Hájků",50.760323991927265,14.061278559256959,UL
"Libouchec,,rozc.",50.75895574804921,14.068084737175186,UL
"Jílové,Kamenec",50.75960171850845,14.075898711331332,DC
"Jílové,Modrá",50.76048125315252,14.08199130392113,DC
"Jílové,Modrá,Lidový dům",50.76167856126242,14.09402130617981,DC
"Jílové,,nám.",50.761854614998555,14.107096893600724,DC
"Jílové,,papírny",50.76397995763776,14.112538961220618,DC
"Jílové,Martiněves,rozc.",50.770475193658264,14.121469824085569,DC
"Jílové,Martiněves",50.77442569748878,14.127039316274454,DC
"Děčín,Bynov",50.78007692432419,14.141004133459868,DC
"Děčín,Bynov,škola",50.780865518833245,14.147052875389182,DC
"Děčín,,U zámečku",50.78188218121303,14.156479632034273,DC
"Děčín,,Netex",50.78310803873564,14.163229469073103,DC
"Děčín,,Kovočas",50.78127234725779,14.172855200650647,DC
"Děčín,,Růžek",50.779842809759444,14.180097576090786,DC
"Děčín,,Žlíbek",50.77886814403997,14.184753567486442,DC
"Děčín,,U divadla",50.776778106382515,14.18922132438642,DC
"Děčín,,Žerotínova",50.770830586641736,14.213672617255055,DC
"Děčín,Staré město",50.7672029733999,14.214518896454338,DC
"Děčín,,Křešice ČSLP učiliště",50.76063561713355,14.210695775350661,DC
"Děčín,,Křešice Fruta",50.75655146259035,14.203807137438636,DC
"Děčín,,Křešice Loděnice",50.754315591994406,14.20045055985986,DC
"Děčín,,Křešice škola",50.75189444048755,14.198739084309135,DC
"Děčín,Boletice n.L,Koruna",50.7431485402744,14.192007084668377,DC
"Děčín,Boletice n.L.,Lidový dům",50.738960897792666,14.190759687259998,DC
"Děčín,Nebočady",50.73185417821537,14.190107836097086,DC
"Děčín,Jakuby",50.71418820370874,14.197184209656687,DC
"Těchlovice,,rozc.",50.703233216998534,14.199153645417121,DC
Těchlovice,50.696851189707864,14.202206463149443,DC
"Těchlovice,,Zadní Lhota",50.690503436333195,14.198118070541232,DC
"Těchlovice,,Přerov",50.68751272451465,14.19375722196413,DC
"Malšovice,Borek",50.71925571861711,14.17202187635418,DC
"Malšovice,Hliněná",50.7254622682354,14.153625336289215,DC
"Malšovice,Hliněná,rozc.",50.732298524457505,14.146943461424643,DC
"Malšovice,Javory",50.72994619125298,14.134358744204828,DC
"Malšovice,Hliněná,rozc.",50.731684831158624,14.145367918869571,DC
"Malšovice,Nová Bohyně,rozc.",50.73390892433736,14.146396898240782,DC
"Malšovice,Stará Bohyně,rozc.",50.736054767032556,14.15450464306705,DC
"Malšovice,,rest.",50.73537849817358,14.169480287427623,DC
"Malšovice,,dol.ves",50.74113095755946,14.173031937047114,DC
"Malšovice,,Četrans",50.74236217985325,14.176839862438355,DC
"Děčín,Vilsnice,záv.",50.74454041040017,14.179265816600799,DC
"Děčín,Vilsnice",50.74544366245221,14.181026089723638,DC
"Děčín,,Monos",50.75187012347322,14.185158058066296,DC
"Děčín,,Kotva",50.756345924533306,14.190881280360552,DC
"Děčín,,Diana",50.760085139895175,14.197265746276639,DC
"Děčín,,Kovošrot",50.762483891728735,14.200409126003938,DC
"Děčín,,Alusuisse",50.764395154571,14.203255692461564,DC
"Děčín,,Ferox",50.76678702909934,14.205769569084007,DC
"Děčín,,Desta",50.77017860034173,14.20851821208068,DC
"Děčín,,aut.nádr.",50.7709699246547,14.19784166983091,DC
"Děčín,,u divadla",50.77603300625118,14.191001923348722,DC
"Děčín,,Teplická",50.77598849605154,14.193623931116699,DC
"Děčín,,Prokopa Holého",50.775068804083816,14.196213957538955,DC
"Děčín,,hlavní nádr.",50.7744228664503,14.201037385525895,DC
"Děčín,,Labské nábř.",50.778292514142834,14.204141688248543,DC
"Děčín,,Tyršův most",50.780130045717996,14.206081995916485,DC
"Děčín,Přípeř,U přejezdu",50.784043123962185,14.208636008066991,DC
"Děčín,Přípeř",50.786961179389166,14.202641268537624,DC
"Děčín,Jalůvčí,rozc.",50.78964057068784,14.190747870190819,DC
"Děčín,,Zotavovna",50.806981060190594,14.179484611105666,DC
"Děčín,Maxičky",50.811436113356756,14.182750171004344,DC
"Děčín,,U mostu",50.78190529820694,14.20669681480299,DC
"Děčín,,Tyršova",50.78043778804872,14.210602606302695,DC
"Děčín,,Masarykovo nám.",50.78134539137511,14.214140131437587,DC
"Děčín,,28.října",50.78455422083695,14.218038215019495,DC
"Děčín,Loubí,překladiště",50.7926655085634,14.236011665357102,DC
"Děčín,Loubí,I",50.79694356648846,14.238042728615666,DC
"Děčín,Loubí,II",50.802543057169075,14.238868395577997,DC
"Děčín,Loubí,III",50.80700359603664,14.236719851209475,DC
"Děčín,Loubí,IV",50.81065125601394,14.231631937059769,DC
"Děčín,,Podskalí",50.81434944992489,14.22795024132916,DC
"Děčín,Dolní Žleb,hranice",50.859179034053746,14.225235152315596,DC
"Hřensko,,Na výsluní",50.86717165870995,14.2315590816554,DC
"Hřensko,,nábř.",50.87340817979715,14.235821638954606,DC
"Hřensko,,střed",50.87402297849741,14.24267137844473,DC
"Hřensko,,k soutěskám",50.874352913696754,14.252609953641993,DC
"Hřensko,,úpravna vody",50.877048989087946,14.26122190188773,DC
"Hřensko,,Pravčická brána",50.880825653168706,14.270226322413771,DC
"Mezní Louka,,hotel",50.87345018658042,14.316545764391085,DC
Mezná,50.868473641878396,14.298185238723708,DC
"Mezní Louka,,hotel",50.87361679835486,14.317484037344702,DC
"Vysoká Lípa,,rest.",50.86192402918512,14.354841986178416,DC
"Vysoká Lípa,,hotel Lípa",50.85601526187953,14.350057678274164,DC
"Jetřichovice,,Starý mlýn",50.853225017518284,14.37859097739672,DC
"Jetřichovice,,ObÚ",50.85243559054771,14.393352331124722,DC
"Jetřichovice,,host.",50.8524139953116,14.396680210422456,DC
Rynartice,50.85285397043676,14.42426743256403,DC
"Jetřichovice,,koup.",50.84743241611462,14.394545314989998,DC
Všemily,50.83770681689408,14.377704591184454,DC
"Srbská Kamenice,,Ferd.sout.",50.83146595514427,14.356707711872863,DC
"Srbská Kamenice,,pošta",50.821821297356,14.354752606851061,DC
"Srbská Kamenice,,křiž.",50.813988303695,14.350816288040598,DC
"Nová Oleška,,rozc.",50.81167096951229,14.320927072447208,DC
Kámen,50.809755672137925,14.270088558511416,DC
Bynovec,50.82063758037618,14.264042485464653,DC
"Arnoltice,,rozc.",50.82411882423897,14.263618671953425,DC
"Arnoltice,,koup.",50.83170444868712,14.283558831881885,DC
"Růžová,,II",50.847272470199066,14.29019926209515,DC
"Růžová,,I",50.84305817246714,14.292856127212843,DC
"Janov,,Na hájenkách",50.85403349371002,14.288977827617835,DC
"Janov,,bytovky",50.85940109997786,14.26938129814709,DC
Janov,50.85939649779132,14.26590324408085,DC
"Janov,,u Myškovských",50.856930072904156,14.2684649358744,DC
Labská Stráň,50.8488983427654,14.231977389422344,DC
"Arnoltice,,u Pajonků",50.848613119314614,14.23749420257986,DC
Arnoltice,50.836737978032026,14.263719789774713,DC
"Kámen,,rozc.",50.80681221629313,14.27317517898301,DC
"Ludvíkovice,,hor.ves",50.80227358012779,14.26709263418044,DC
"Ludvíkovice,,pož.zbroj.",50.79874043890305,14.26400963649665,DC
"Ludvíkovice,,pošta",50.794200862921095,14.255985292485352,DC
"Ludvíkovice,,rozc.",50.791606300406315,14.25245583221898,DC
Ludvíkovice,50.79096626671155,14.256098388484862,DC
"Ludvíkovice,,ČSAD",50.78735474391252,14.246974685991663,DC
"Děčín,,Kamenická",50.783397565353425,14.236904045302483,DC
"Děčín,,škola",50.779503440167524,14.230441969473484,DC
"Děčín,,Narex",50.77868247482562,14.22460009928751,DC
"Děčín,,Myslbekova",50.78020215308772,14.215537926998838,DC
"Děčín,,poliklinika",50.77733255693656,14.214563647530467,DC
"Děčín,,Nám.5.května",50.77223447298553,14.213561922175678,DC
"Děčín,,Nářadí",50.77812128188056,14.2212977580551,DC
"Děčín,Březiny,Libverda",50.76943981806176,14.237386759160943,DC
"Děčín,Březiny,škola",50.76489163818821,14.248536294135997,DC
"Dobrná,,kovárna",50.76566751345524,14.285619198587252,DC
"Dobrná,,škola",50.7704690976004,14.29349723812096,DC
"Dobrná,,hor.ves",50.77578713204533,14.295573535446245,DC
"Dobrná,,rozc. Brložec",50.77818548107437,14.296768362979439,DC
"Dobrná,Brložec",50.77691279040307,14.310281616882179,DC
"Huntířov,,kostel",50.78349947367176,14.301386431221772,DC
Huntířov,50.78885986549066,14.30362751941953,DC
"Huntířov,,dol.ves",50.793740604593275,14.308282942074998,DC
"Stará Oleška,,škola",50.800705857716984,14.332925429379886,DC
"Stará Oleška,,koupaliště",50.801180794862866,14.335518941816723,DC
"Nová Oleška,,škola",50.80661354806023,14.32293761318139,DC
"Janská,,bytovky",50.80749545461516,14.360393691204418,DC
"Janská,,prodejna",50.804113941338144,14.369038087204519,DC
"Janská,,Drůbežárna",50.80358785369572,14.373662634692474,DC
"Janská,,U Bednářů",50.804494148993086,14.381765003172454,DC
"Janská,,odb.VÚ",50.80103625080065,14.401567650807358,DC
"Česká Kamenice,,Benar",50.8001088854434,14.407902317159843,DC
Huntířov,50.78955381704523,14.302825839093238,DC
"Ústí n.L.,,západní nádr.",50.65920252923884,14.030487034462784,UL
"Ústí n.L.,,sklárna",50.656560226577476,14.013990551248307,UL
"Ústí n.L.,,Nové Předlice",50.6555789731093,14.001968529803584,UL
"Trmice,,Globus",50.651180977044824,14.003306841210913,UL
"Trmice,,Bělský můstek",50.64676955715158,14.005476729678843,UL
"Trmice,,Nová škola",50.64493107426295,14.004683084421174,UL
"Trmice,,Za Humny",50.64268545256849,14.002613511795317,UL
"Trmice,,stará škola",50.643166350630054,13.997917104065795,UL
"Trmice,,Václavské nám.",50.64291785124383,13.994222684329095,UL
Koštov,50.63666506921403,13.993774272271661,UL
"Koštov,,obec",50.63164969020381,13.992905425241549,UL
"Koštov,,konečná",50.62798027579764,13.99387919297547,UL
"Koštov,,osada",50.62607662983955,13.99489283983593,UL
"Stadice,,osada",50.62179755609761,13.9889617699968,UL
Stadice,50.616544591901715,13.969308865293305,UL
"Řehlovice,,Lány",50.61271206922697,13.959548015615882,UL
Hliňany,50.616059794796534,13.951252746275353,UL
Habří,50.621198136700784,13.944766379873867,UL
"Řehlovice,,Lány",50.612102374764895,13.959134737669066,UL
Řehlovice,50.607608582268696,13.952368841905265,UL
"Řehlovice,Brozánky",50.60797104821068,13.937623830992369,UL
"Habrovany,,drůbežárna",50.603444102056436,13.968899277635899,UL
Habrovany,50.59731055523767,13.980753628231357,UL
Radejčín,50.59051934836655,13.99607018926126,UL
Dubice,50.594402425665244,14.014330171896615,UL
"Dubice,Dubičky",50.59007921443839,14.021699477583402,UL
"Stebno,Chvalov",50.60250683005412,14.057668370010974,UL
"Stebno,Podlešín",50.62322774873518,14.036426248456035,UL
"Stebno,Suchá",50.612125468835416,14.000017212996262,UL
Stebno,50.61463994538877,14.018026539682031,UL
"Stebno,Milbohov",50.62369167205916,14.018451525165789,UL
"Stebno,Milbohov,háj.",50.63073983609208,14.018402942236161,UL
Ústí n.L.Hostovice,50.642869841413486,14.017188737658262,UL
"Trmice,,Panorama",50.639788056354675,14.011698652601021,UL
"Trmice,,Újezd",50.63846788329335,14.006011405482509,UL
"Trmice,,Nad zámkem",50.64129341325335,13.991590959095854,UL
"Trmice,,Důl 5.Květen",50.64606774910585,13.983435757225873,UL
"Trmice,,Elektrárna",50.645927105478236,13.986520868259282,UL
"Trmice,,Metal",50.64707837379524,13.98996989723422,UL
"Trmice,,Zámecká",50.645640437426344,13.990405533031899,UL
"Trmice,,Gogolova",50.64404738255505,13.994677915405084,UL
"Trmice,,můstek",50.64235317375598,14.00381113587291,UL
"Trmice,,Žižkova",50.64467260956065,14.007652717206488,UL
"Ústí n.L.,,Trmická",50.649922966105294,14.013102816341542,UL
"Ústí n.L.,,Teplárna",50.6519258492765,14.021392071725959,UL
"Ústí n.L.,,Japex",50.65396570881123,14.027466882493481,UL
"Ústí n.L.,,Drogerie",50.656059125922,14.031970740278098,UL
"Ústí n.L.,,ZPA",50.65723098558058,14.052494795173889,UL
"Verneřice,Rychnov",50.68699995207137,14.263569757949202,DC
"Verneřice,Přípram,rozc.",50.670388375912985,14.25455122202342,DC
"Verneřice,Příbram,dol.",50.669778976363524,14.266882531648836,DC
"Verneřice,Čáslav,rozc.",50.667568545144334,14.276148574375895,DC
"Verneřice,,OMD",50.66489358734202,14.285333539750898,DC
"Verneřice,,sušička",50.66344770762302,14.29272209126853,DC
"Verneřice,,rozc.",50.68171238426191,14.310779254691395,DC
"Valkeřice,,u Sedláčků",50.692487758948516,14.315293527975074,DC
"Valkeřice,,u kostela",50.69741219894508,14.318740699627472,DC
"Valkeřice,,pošta",50.70331470291813,14.322755217211595,DC
"Valkeřice,,hřiště",50.707791711730714,14.329751337071885,DC
"Valkeřice,,u Macháčků",50.708765801988,14.338869546001693,DC
"Valkeřice,,u Benešů",50.713096591582534,14.344131529267402,DC
"Františkov n.Pl,,Valkeřic. rozc.",50.71920117069809,14.348711668037678,DC
"Františkov n.Pl,,SÚS",50.7199007409872,14.337195252536036,DC
"Františkov n.Pl.,záv.",50.72478469707695,14.32983389337784,DC
"Františkov n.Pl.,,Ostrý",50.72427025634357,14.324876643050244,DC
"Benešov n.Pl.,,Bedřichov záv.",50.7295327500386,14.316747028988496,DC
"Benešov n.Pl.,,rozc.Heřmanov",50.73326551783356,14.310372820950185,DC
"Benešov n.Pl.,,rozc.Heřmanov",50.73397522656704,14.309869783769562,DC
"Heřmanov,,u Záhorků",50.73146553406355,14.295158256047529,DC
"Heřmanov,,u školy",50.728348430213735,14.290311581396395,DC
"Heřmanov,,rozc.Blankartice",50.72696868264134,14.29079781039003,DC
"Heřmanov,,rozc.Blankartice,dol.",50.70101157311394,14.299852418984424,DC
"Heřmanov,,Blankartice",50.69554295347711,14.2977178120699,DC
"Heřmanov,,u Ciasků",50.72333994205437,14.28634128448503,DC
"Heřmanov,,obuv",50.722084898991085,14.28031841353994,DC
"Heřmanov,Fojtovice,dol.",50.71926762894892,14.274816038666415,DC
"Heřmanov,Fojtovice,host.",50.715168126614095,14.271766133779805,DC
"Heřmanov,Fojtovice,konečná",50.7094767646801,14.26425814401223,DC
"Benešov n.Pl.,,nám.",50.74131276702968,14.311259762130685,DC
"Benešov n.Pl.,,záv.I",50.741076134374296,14.301278097309316,DC
"Benešov n.Pl.,,u čerp.st.",50.74155397173136,14.294545379003292,DC
"Malá Veleň,Jedlka,záv.",50.740708475539314,14.281411834821746,DC
"Malá Veleň,Jedlka,rozc.",50.74346844963604,14.27785530373323,DC
"Malá Veleň,Soutěsky",50.75123466243522,14.260922083827335,DC
"Děčín,Březiny,hor.",50.76079524584299,14.258435831615886,DC
"Česká Kamenice,,Narex",50.80152203779822,14.413608647515296,DC
Pekelský Důl,50.81245120874541,14.411471746655092,DC
Kunratice,50.81837574785297,14.415685668032873,DC
"Kunratice,Horní",50.819816364888865,14.421919199141888,DC
Lipnice,50.835407540388786,14.426468378622927,DC
Studený,50.8452826676486,14.43649437214754,DC
"Huníkov,,kult.dům",50.78661421097851,14.42377424956803,DC
Huníkov,50.78149949820917,14.424259257417905,DC
"Kerhartice,,VKK",50.76775395607743,14.407454113894918,DC
Kerhartice,50.76547629101457,14.402905708028023,DC
"Markvartice,,ObÚ",50.77732238341149,14.357454876869749,DC
"Markvartice,,žel.st.",50.77161825703375,14.35056161619046,DC
"Horní Habartice,,ObÚ",50.76231662243525,14.340774627290722,DC
"Dolní Habartice,,rozc.",50.753809203324856,14.34036014776955,DC
"Dolní Habartice,,ObÚ",50.748346103268,14.335290967713835,DC
"Velká Bukovina,Malá Bukovina,ObÚ",50.745440472477824,14.37296133080255,DC
"V. Bukovina,M. Bukovina,u křížku",50.74389252872904,14.379283956805853,DC
"Velká Bukovina,Karlovka,samota",50.743180303430876,14.386812610149637,DC
"Velká Bukovina,Karlovka",50.74143130876078,14.395263709623018,DC
"Velká Bukovina,,rozc.",50.730591755151266,14.396684049996958,DC
"Velká Bukovina,,cihelna",50.72565744162021,14.399682045592638,DC
"Žandov,,nám.",50.71351202045263,14.396524798913436,CL
"Starý Šachov,,žel.st.",50.72099158011471,14.375547219709931,DC
"Starý Šachov,,rozc.",50.71633325033138,14.369051569627178,DC
"Starý Šachov,,otočka",50.711734344525055,14.359440209208337,DC
"Merboltice,,I",50.69910120518932,14.362203811234917,DC
"Merboltice,,dol.část",50.69872653413828,14.35509268364234,DC
"Merboltice,,Hraničář",50.69478642555947,14.34634076145148,DC
"Merboltice,,host.",50.69150938331199,14.3456834305609,DC
"Merboltice,,konečná",50.68487476671242,14.339784542974817,DC
"Ústí nad Labem,,Staré Předlice",50.658288949787476,13.989680431848114,UL
"Chabařovice,Hrbovice",50.66150499225364,13.973324113118984,UL
"Chabařovice,,kostel",50.674060121863626,13.93859883332343,UL
"Chabařovice,,koupaliště",50.67810222493977,13.939336206015266,UL
"Chabařovice,,koupaliště",50.6782208734895,13.939021503228203,UL
"Chabařovice,,strojírny",50.689614374187265,13.942890118649892,UL
"Chabařovice,,Besta",50.68442109596765,13.9234182315535,UL
"Teplice,,Fráni Šrámka",50.645703821561156,13.848958422314615,TP
"Teplice,,Šanov II škola",50.64289183150402,13.850981777600936,TP
"Dubí,,Lesní brána křiž.",50.656538531873274,13.805934345479972,TP
"Dubí,,Školní náměstí",50.67892219369637,13.791154500859225,TP
"Bílina,,ČSA",50.55918521732086,13.782674239967642,TP
"Bílina,,sídl.ZCH výtopna",50.556638258088434,13.787280544597694,TP
"Bílina,,sídl.ZCH sběrna",50.55472822340222,13.785459115361487,TP
"Bílina,,sídl.ZCH Litoměřická",50.551511850051476,13.787373302659827,TP
"Bílina,,sídl.ZCH Jednota",50.55273782855095,13.78594974548496,TP
"Bílina,,Teplická",50.55297181682765,13.775215877830988,TP
"Hrobčice,Mirošovice,zámek",50.505308024906135,13.781545865756282,TP
"Měrunice,,rozc.",50.47775515643861,13.798292753710351,TP
"Bedřichův Světec,,rozc.1.0",50.459263644830884,13.754866047983397,MO
"Boží Dar,,u kostela",50.40922902999792,12.924724352443778,KV
"Kovářská,,Dlouhá",50.4486553067269,13.058188168642648,CV
"Podbořany,,žel.st.",50.22340774726651,13.40495760945894,LN
"Lubenec,,Karlovarská",50.132141272317114,13.313162108150504,LN
"Libkovice,,rozc.",50.133202881362095,13.269018720097671,LN
Valeč,50.17435651593924,13.254812288099577,KV
"Chýše,Žďárek",50.10975713036082,13.289059868999841,KV
"Lubenec,Vítkovice,rozc.",50.10352405188293,13.300602611144086,LN
"Tis u Blatna,Kračín",50.09055697186966,13.31552236679608,PS
"Tis u Blatna,,háj.",50.08726039903898,13.331654854169988,LN
Tis u Blatna,50.085101989483405,13.347074622529082,PS
"Petrohrad,,rozc.",50.13896315860787,13.436479406700006,LN
"Kolešov,,rozc.",50.1514540888609,13.512566962146877,RA
Kolešov,50.156401853762894,13.510843320046732,RA
"Kryry,,Železniční",50.168995979867596,13.42489289143417,LN
"Žatec,,Kovářská",50.324162373703906,13.541616652474058,LN
"Žatec,,Mostecká",50.337231801862096,13.544698058324862,LN
"Postoloprty,,nám.",50.36064267523034,13.701473961032132,LN
"Kounov,,rozc.",50.21456584791955,13.665872322123333,RA
"Kounov,,škola",50.213605584098914,13.67212467721169,RA
Kounov,50.21151737107385,13.677848108985021,RA
"Mutějovice,,rozc.k žel.st.",50.216639596865356,13.712459143050458,RA
"Mutějovice,Lhota p.Džbánem,u hř.",50.218357992101765,13.72149621615508,RA
"Mutějovice,Lhota p.Džbánem",50.21817436139714,13.73172981394466,RA
Třeboc,50.215128900222886,13.750993302383037,RA
"Třeboc,,obchod",50.212745167440175,13.754456657100752,RA
Koučová,50.20701392554576,13.783055977582496,RA
"Kroučová,,ObÚ",50.2094416180051,13.787021981436501,RA
Pochvalov,50.2270585822801,13.793619910950419,RA
Smilovice,50.2481339425898,13.804804439368663,RA
Kozojedy,50.25536882407845,13.815931085614956,RA
"Chlumčany,,motorest",50.331965579735154,13.840715854453496,LN
"Louny,,Osvoboditelů",50.35549114176127,13.803413822456912,LN
